S01B00006275696C642F72656C656173652F7A69676265652E73333714
S21400400008100020617D0000F5C40000154E030076
S214004010154E0300FDC4000005C50000154E030044
S214004020154E0300154E0300154E0300154E0300F3
S21400403009C5000008940400154E0300154E030041
S214004040154E0300154E0300154E03007978000048
S214004050154E0300154E0300154E0300154E0300C3
S214004060154E0300154E030009CA0000154E030046
S214004070154E0300154E0300154E0300154E0300A3
S214004080154E0300154E0300154E0300154E030093
S214004090154E0300154E0300154E0300154E030083
S2140040A0154E0300298100000D810000154E030007
S2140040B0154E0300154E0300154E03005919020055
S2140040C007AA030003AA0300BD1002001DAA0300EE
S2140040D00BAA0300191902000FAA03004DFD0100E8
S2140040E099190200154E0300154E0300154E0300E5
S2140040F0154E0300154E0300154E0300154E030023
S214004100154E0300154E0300154E0300154E030012
S214004110154E0300154E0300154E0300154E030002
S214004120154E0300154E0300154E0300154E0300F2
S208004130154E030020
S214004134F0B5114A114C124E00F00105E3695F0711
S21400414413D40DB9334213D103EA00078F4207D1C3
S2140041540B4A1A40002A14BF6FF001000020F0BD7D
S214004164013AEBD16FF00200F9E74FF0FF30F6E7C3
S2140041746FF00100F3E700BF80969800000003503C
S214004184020001000B4B70B5D96911F480310DD1D2
S21400419401244FF48072084E084DF46020462C64C7
S2140041A41A61FFF7C5FF3464EC6070BD6FF0010060
S2140041B4FBE700BF0000035000100350002003502C
S2140041C438B541F6713301220C4C0021E569E363EE
S2140041D40B4B05F48035DA600223606121202361ED
S2140041E4FFF7A6FF10B92120FFF7A2FF0122054B17
S2140041F4DA600DB10023E36338BD00BF000003504E
S214004204001003500020035070B5134C6061E3693E
S2140042145B071ED40E4656F8043B8D18A361AE42C7
S2140042240BD10423002121202361FFF781FF58B915
S214004234BDE870402120FFF77BBF08210846FFF742
S21400424477FF10B10423236170BD56F8043BA361C5
S214004254E5E74FF0FF30F7E7000003502DE9F84399
S214004264154641F67132164B8946DF69DA63012238
S214004274064603F58053DFF8508007F48037DA608B
S21400428455B9284601220F4BDA601FB10022A3F568
S2140042940053DA63BDE8F88306F5005404EA08041C
S2140042A4A41BAC4228BF2C46494622463046FFF79C
S2140042B4ABFF0028E6D12644A1442D1BE0E700BF4F
S2100042C4000003500020035000E0FFFF45
S2140042D02DE9F04F4FF0FD0BC9B09A460DF11B09C2
S2140042E09DF8503108AFCDF80C90CDF808B0019786
S2140042F0059303890446009383790E4690464188C9
S2140043008288407812F046F8054650B10090A3889F
S214004310002062883A4912F081FB284649B0BDE881
S214004320F08F99F8000033F08CFE38B12846A38849
S2140043306288344912F072FB8D25EEE75A463946FC
S21400434099F8000033F025FE8346002851D0529B92
S2140043501BB1BDF84C3198424BD8002399F8009019
S2140043600793A9F14102012A5FFA8BF123D8384658
S2140043700139254ADFF898C05FFA81FE734513DBE2
S214004380059B04210792C3B907AF18221F489FED6B
S2140043901A7B02FB060420460A460830394684ED9E
S2140043A0027B17F091F811E010F8011F013351401D
S2140043B00CFB01F2E2E7059B33B123464A4638463A
S2140043C000960FF00FFFA8E70829DED9B8F1000F16
S2140043D001D088F80090BAF1000F01D0AAF800B01A
S2140043E0529B002B99D05A46184608A917F06CF82D
S2140043F093E7012591E700BF0000000000000000E1
S2140044009D3D0400D23D0400C59D1C818010002007
S21400441093010001000000002DE9F04F93B0CDE9B4
S2140044200A32DDE91C530E9353EC102BCDE908013C
S214004430104619468DED060B1E9E16F0CFFA80B17B
S214004440DDE906014FF0FF32C54B16F0EFFA40B932
S214004450DDE906014FF0FF326FF4801316F0C8FA5C
S21400446070B1DDE908019DED060B0E9B1E96CDE9A9
S2140044701C53DDE90A3213B0BDE8F04F00F088B9EE
S2140044800022DDE90601002316F0B2FA002800F04B
S2140044903381DDE906A303F1004BCBF30A5016F493
S2140044A08063A0F2FF3008BF06250F9315F0C4FF07
S2140044B09BA3D3E9002316F029F89BA3D3E9002396
S2140044C015F06EFECBF31304894644F07F51804608
S2140044D00022A44B504641F4401115F05FFE94A311
S2140044E0D3E9002316F012F802460B46404649462A
S2140044F015F056FE16F0A4FA044615F09DFF8EA39E
S214004500D3E900238046894616F000F80022964B31
S21400451015F046FE16F094FA89A3D3E90023074661
S2140045204946404615F0F2FF80463846894615F063
S21400453083FF85A3D3E9002315F0E8FF02460B4668
S2140045404046494615F02AFE02460B46CDE90C23A6
S21400455015F0DCFFDDE90C23804689461046194637
S21400456015F01EFE0022CDE91001804B404649465C
S21400457016F0F6F800227E4B15F012FE02460B46A9
S2140045804046494616F0ECF800227A4B15F008FE35
S21400459002460B464046494616F0E2F8DDE90C2393
S2140045A08046894600204FF0804115F0F7FD024610
S2140045B00B464046494615F0F3FD02460B46DDE93C
S2140045C0100116F0CDF807F2FF3700226A4B15F0FF
S2140045D0E7FD00223B0515F099FF52465B468046F4
S2140045E0894616F023FA002840F08980CDE90C8928
S2140045F004F16303C62B8CBF0527042731051BD5A2
S21400460053A3D3E900235046594616F005FA00286E
S2140046107FD051A3D3E900235046594616F0E8F957
S214004620002876D00027A542C6BF2C1B04F1FF3514
S21400463000253C4646F480660E9B9F422CBF4FF0FA
S2140046400008A3EB070816F0020903D0002F18BFD6
S2140046504FF000083CB1DDE90C235046594616F0F1
S2140046607FF882468B46DDE906010022002316F01D
S214004670BFF910B10BF100439B46DDE9080126F4B3
S2140046800063CDE90183DDE90A324BEC10AB0095FF
S21400469000F07EF802465FB3DDE9091316F0200F3E
S2140046A000F10105089E0CBF65204520B047DDE9F6
S2140046B008010523002205930A23002CCDE90232C7
S2140046C007F1FF374FEAD473B8BF64422A46019316
S2140046D004970A9B009435F00EFB0246B9F1000FD2
S2140046E006D00B9BC41A0B9B1A190E9BA34245D8E7
S2140046F0104613B0BDE8F08FDDE906ABCDE600222C
S214004700404649461A4B16F02BF8013CCDE90C0101
S2140047106EE7002D90D00F9B002B8DD0013D8BE7D0
S214004720FB799F501344D33FB3C8608B288AC63F9B
S21400473061436F63A787D23F71A379094F930A40FD
S2140047401655B5BBB16B0240EF39FAFE422EE63F76
S2140047502D431CEBE2361A3F0000000080842E41F9
S214004760FFFFEF7F0000F83F0000E03F00002C4016
S21400477000002440000018400000F03F2020DDE943
S2140047800913089DA8470134ADE700BF00000000EC
S2140047902DE9F04F5BEC10AB97B0CDE90501DDE9F4
S2140047A02058CDE90723504652465B465946229F7D
S2140047B016F014F970B90323CDE902870193AA4BCA
S2140047C00093DDE90501DDE9072335F0C6F917B0EA
S2140047D0BDE8F08F4FF0FF326FF480135046594615
S2140047E016F006F928B10423CDE9028701939F4B02
S2140047F0E6E74FF0FF32504659469D4B16F016F945
S21400480068B19C4A07F00403002B08BF03229A4BAA
S2140048101CBF13460422CDE902870192D0E750461A
S2140048208DA3D3E90023594616F000F938B98CA3B6
S214004830D3E900235046594616F0DAF868B1DDE9A8
S2140048400723DDE905014BEC10ABCDE92187209568
S21400485017B0BDE8F04FFFF7DFBD0022002350463B
S214004860594616F0C5F8002800F091805B4652467F
S2140048700020002115F092FC012382468B46099306
S21400488017F4806400F08580092D40F285800024AE
S21400489030210EABA5F109020134202C03F8011BD0
S2140048A0A5EB040901D09442F6D15946504616F0BD
S2140048B0C7F8724B054603EBC90393ED007B8DEDFD
S2140048C00A7B15F0B9FD02460B465046594615F0D0
S2140048D065FCDDE90A2315F019FE02460B46CDE914
S2140048E00C2316F0D5F8064615F096FD02460B4644
S2140048F0DDE90C0115F052FC02460B46CDE90C230F
S21400490000225F4B16F092F8002848D00136304659
S21400491015F082FD02460B46DDE90A0116F072F834
S21400492008B100260135B9F1000F45D1284615F02B
S21400493083FD02460B465046594615F02FFC0022D2
S2140049404F4B16F055F810B9E90700D501350A2186
S2140049500EAB1A19202C0AD095FBF1F001FB10556E
S214004960303502F8015B013405460028F2D107F025
S2140049700302012A55D1B8F1000F52D0099A12B994
S21400498017F00C0F01D008F1FF38302240E00990F4
S21400499076E74FF0060988E7A946002485E7002257
S2140049A0DDE90C01364B16F023F80028BBD10EB11A
S2140049B0F007B8D50136B6E70A210EAB1A19202C37
S2140049C00DD0B6FBF1F001FB1063092E03F13003A6
S2140049D009F1FF3904F1010402F8013B11D8302136
S2140049E0A1440EAA202CB2D04C4504F101030AD1F2
S2140049F004F158020DEB02042E2204F8202C1C466B
S214004A00A5E70646DBE7A1541C46EBE71A5501343A
S214004A10444506D2202CF9D1CDE9028701940EAB8D
S214004A20CEE6202CF8D0099B3BB12D2204F158038A
S214004A306B4403F8202C0134EEE77A0704D504F122
S214004A4058032B226B44F4E73B07E5D504F15803E3
S214004A5020226B44EDE700BF0000000065CDCD418D
S214004A600000000065CDCDC18C5B0400905B0400A7
S214004A70FFFFEF7F835B0400885B040040A3040015
S214004A800000E03F0000000070B58EB02C22002130
S214004A9003A816F089FB64234FF002320893CDE991
S214004AA005230B2301218DF834305B4B8DF8101055
S214004AB01D880D4040F0A980084639F0DBFB0A222D
S214004AC0564B574C1A704FF42873ADF812304FF00F
S214004AD0FF332360534B54491B8820460B82534BAD
S214004AE0534A1B68CD828B61524B0D621B884B82EA
S214004AF0514B1B68CB611CF0C5FF20B14FF41B71F6
S214004B004E483AF0F8FC0521206835F0DDFA20B171
S214004B1040F27D2149483AF0EEFC206815F0FAFA9A
S214004B20474B2068196835F092FB0C253AF00AF8D6
S214004B30684309903AF006F868430DEB05010790C4
S214004B40206817F0F3F920B140F295213B483AF07F
S214004B50D2FC25681FF040FB00220146284635F0AF
S214004B60EEFB20B140F2972134483AF0C4FC40F204
S214004B700353344D344E2B80052396F90000AB705A
S214004B807F2801D11DF074F83378EB7039F0DAFF26
S214004B9000EB80008000A88039F0D4FF0023C0001E
S214004BA04FF0FF31E880AB604FF0FF3018A3D3E939
S214004BB0002339F0B1FC2549206835F079FB2068E0
S214004BC002A935F095FF20B14FF434711B483AF036
S214004BD092FC042220680DEB020135F00DFB042840
S214004BE004D040F2D72115483AF085FC01A90120EF
S214004BF034F018FF07F0C2FC01201DF0CBFC30F0AB
S214004C0001FF1DF0F1FC1CF0CBFF0EB070BD00BF25
S214004C100A0020FF42030000126000207167002097
S214004C204458002072BC04002C6E002078BC04009F
S214004C309DE2030070BC040074BC0400BB92040038
S214004C407C6B0020385800204A71002011E30300D6
S214004C500348044B834202D0034B03B11847704706
S214004C607C7100207C71002000000000064B074984
S214004C70C91A891048BF0131491003D0044B0BB143
S214004C8001481847704700BF7C7100207C710020E7
S214004C900000000010B5064C237843B9FFF7D8FF94
S214004CA0044B13B10448AFF300800123237010BDFA
S214004CB0681600200000000018E0040008B5044B49
S214004CC01BB104490448AFF30080BDE80840CDE7B7
S214004CD0000000006C16002018E00400A3F5803ADF
S214004CE0704700BF154B002B08BF114B9D46FFF7C2
S214004CF0F5FF00218B460F461148124A121A16F08D
S214004D0053FA0C4B002B00D098470B4B002B00D0CF
S214004D1098470020002104000D000B4816F08AFD7D
S214004D2016F01AFA200029002FF0B8FD16F070FDD4
S214004D30000008000000000000000000081000202E
S214004D4008100020D46700209DB8010007B5012197
S214004D5020200DF1070201F095F850B10121202026
S214004D600DF107028DF8071001F09CF803B05DF80E
S214004D7004FB9DF807100129F8D00122084815F019
S214004D8001F901210DF1070220208DF8071001F02E
S214004D9089F82FF0F8FC4FF4FA6000F0BDFEE5E766
S214004DA028F9030038B501F005FA012805D001F00E
S214004DB001FA022801D001F023FA064D2B783BB900
S214004DC001F0F8F90128044602D12FF05EFD2C70A0
S214004DD038BD00BFFE60002010B5044600882FF0E6
S214004DE0A6FCA37884F84400834202BF0123E37044
S214004DF02371074B04F11C00C4E9073401F098F84E
S214004E00224620880349BDE8104000F0D5BF00BF09
S214004E10974403006144030070B5C37804460D460A
S214004E201646002B34D1D1B1214815F0ABF801233A
S214004E30E370E36CA6600BB1E06D9847E368F61A82
S214004E4063699E4221D2217E1A480131C9B2217679
S214004E5015F098F8A36D13B1217EE06D9847E570C4
S214004E602FF0A4FC15B3237903BBA268238A801A0B
S214004E7083421BD801231048237115F083F8236D55
S214004E80A3B1E06DBDE87040184701232376E6E73E
S214004E900029E4D1094815F075F8636DE660E57001
S214004EA02571002BDBD0E06D9847D8E770BD00BFBA
S214004EB050F9030061F903008FF903007CF9030041
S214004EC010B50446054BC0E903300C3001F030F84D
S214004ED02046BDE810402FF036BB00BFE344030079
S214004EE010B501790446B1FA81F1008849092FF01E
S214004EF081FB21796088B1FA81F149092FF07AFBAC
S214004F00034B1A68A24204BF00221A6010BD00BFFD
S214004F108416002070B543790446A3B100880E4E6F
S214004F2004F10805336813B10C4B1B786BB121797B
S214004F302FF060FB64210A4B3460A3602846BDE86E
S214004F4070402FF02ABC4088E9E7064815F01AF8AA
S214004F50054B3221A360F1E784160020FF60002095
S214004F60E14E0000A5F90300154F000010B50446F9
S214004F70E0B10F4815F006F801236371A37953B921
S214004F80217920882FF036FB236B7BB1606B0121E3
S214004F90BDE8104018472046FFF7A2FF04F10800BE
S214004FA02FF000FC2046FFF7B5FFEDE710BD00BF71
S214004FB0DBF9030010B50446F8B1104814F0E2FF20
S214004FC000236371A3796BB921792088B1FA81F146
S214004FD049092FF00FFB236B7BB1606B0021BDE806
S214004FE0104018472046FFF77BFF04F108002FF01B
S214004FF0D9FB2046FFF78EFFEDE710BDE6F903006C
S21400500010B5044668B1074814F0BCFF6379204623
S2140050101BB1BDE81040FFF7CDBFBDE81040FFF75D
S214005020A5BF10BDF2F9030010B50E4C0E48214680
S21400503014F0A8FF82210D4814F0A4FF822102205C
S214005040A21E00F02FFF014630B134F8022C0848AB
S214005050BDE8104014F096BF0648BDE8104014F0B6
S21400506091BF00BF9659002001FA03001CFA030006
S21400507027FA03006BFA030038B5114C822122464A
S214005080022000F0FFFEA51C014688B122880D48CC
S21400509014F078FF2A460C4B03F1380153F8040B42
S2140050A08B4242F8040BF9D11B7813703823238007
S2140050B035F8021C054A0648BDE8384014F062BFC1
S2140050C09459002076FA0300F6FA03009659002059
S2140050D0D4FA0300034B1B781BB18B4201D82FF088
S2140050E052BB7047EA70002010B5044601460E48D1
S2140050F014F048FF012C11D10C4B0D481A884FF6BE
S214005100FF739A421EBF0022094B5A742FF058FABA
S21400511001F05AFEBDE8104001F02CBD0448BDE881
S21400512010402FF04FBA00BF2FFB03009C700020EA
S214005130086B002070B500241A4D1B4E3378A3422E
S2140051401BDC0024194D1A4E3378A3421BDC0024C6
S214005150184D194E3378A3421BDC01F02BF80128BA
S21400516016481CD12FF02CFA01F02EFE01F002FD9D
S214005170BDE87040124801F03DB82846FFF72CFE07
S21400518001346035DAE72846FFF79AFE01343435F5
S214005190DAE728462FF033FA01343835DAE72FF00D
S2140051A011FAE5E7202500200661002040290020AE
S2140051B007610020F022002005610020086B002017
S2140051C0E95000002DE9F04F87B0FFF755FFB34BCD
S2140051D005A805932FF037FA054615F0E1FEB04C0A
S2140051E0C2B21F2A627004D9AE4814F0CBFE00F09B
S2140051F087FC2946A01C16F067F905A82FF023FAAD
S214005200054615F0CDFEC2B21F2A84F8212001D92A
S214005210A548EAE7294604F1220016F055F905A844
S2140052202FF011FA3225044600262778002F40F08A
S214005230B2809E4DFFF77EFF2B789D4C019323781E
S214005240DFF890A2DFF8A8829A4E00939AF8003012
S21400525098F800203178984814F094FE307898F842
S214005260002029789AF80050831824782B44934D10
S2140052702344BC462C460B44DBB2B84200F34383BF
S214005280002427468E48A14200F34883012B38BFEE
S21400529001238C4F02933A4600233C464FF482711A
S2140052A04FF6FF7902980133834213705180A2F8BB
S2140052B0049002F10C02F5DB834B82497848A36028
S2140052C001F08AF8E079A36800EB400003EB800069
S2140052D000F022FEE3790133E3717C4B1B884B45DB
S2140052E003D078497A4801F07BF94FF00009764CF4
S2140052F033784B4500F31B8300274FF00C09DFF88B
S214005300F4B1704D98F800203178BA4200F3228349
S21400531002EB01090C2100274FF0940B01FB095109
S2140053206C4B18786C4AB84200F331830C214FF06E
S21400533000094FF0700B98F8003037781F44074488
S21400534001FB07515A4B1878644A484500F33483EA
S21400535098F80030367800271E449AF800304FF050
S21400536068081E440C23064403FB06554F4B1B7867
S214005370BB4200F337830299524800F05BFE059B60
S21400538046491A468B4240F04183554807B0BDE86F
S214005390F04F14F0F7BD532F0FD163784C2B40F02D
S2140053A05181A378502B40F04D8101224D4B1A704D
S2140053B005A82FF048F9044637E7442F13D1637841
S2140053C0303B092BF4D8601C2FF04AF9464B474A6D
S2140053D01978002385B2994202F16002E8DD22F8CE
S2140053E0465C0133F7E7422F0CD16378542B40F02C
S2140053F08380A01C00F02EFD344B188018462FF03A
S2140054000CF8D5E7582F33D8412FD1D9433F152F65
S214005410CED801A353F827F079580000B153000006
S214005420B1530000B1530000B1530000B153000067
S21400543099550000B1530000B15300004D550000CF
S21400544083540000B1530000B1530000B153000074
S214005450B1530000F356000045560000B15300005B
S214005460B1530000B1530000B1530000795700005B
S214005470692F9DD1601C2FF0F3F880B22FF07FF9D2
S21400548096E70C4B0120197800230C4A994202F14A
S214005490A8028DDD02F8A60C0133F7E79659002026
S2140054A01C6A00204EFB030065FB0300036100201E
S2140054B0006100200461002075FB030044200020EA
S2140054C0A41E0020D8160020981700209C700020EC
S2140054D08816002001610020E81B0020981A002092
S2140054E0D8FB0300FF600020066100202025002076
S2140054F002610020A41D0020601C00F0ABFC0746E3
S214005500E01C2FF025F901210446024638462FF00C
S214005510DBF86021C748DFF838C30278A4F1030E31
S21400552051430CEB01032CF801704FF4FA61198219
S2140055304FF44871DEF100045961BF4944EB0E0494
S21400554001325D8319659C70027031E7601C00F0C3
S21400555081FC00224FF034088146B84F11462FF0E8
S214005560B3F83878B64E08FB00F326F80390F21826
S214005570E3781046693B18BF01239370FFF7A0FC41
S2140055803B78B04A03FB086600211660012651608E
S214005590167433443B700BE7601C00F05BFC002283
S2140055A0114681462FF090F83422A44FDFF89082FF
S2140055B0387802FB00F328F8039008EB0301E37841
S2140055C00846693B18BF01238B70FFF779FC9E4A9B
S2140055D000231046916B29BB00EB831034233A78E6
S2140055E002FB03838363994A00231046D2F8A41073
S2140055F0F1B9A82202FB030034233A7802FB0383A6
S214005600C0F8A4305EB98F4A3346114652F8040BF0
S214005610A0B93422387800FB028241F823203B7878
S2140056200133B7E70133042B02F14002D2D1DAE7A7
S2140056300133042B02F1A802D8D1E3E70133042B8F
S214005640E4D1ECE7601C00F005FC8046E01C2FF07F
S2140056507FF801210446024640462FF035F86022C6
S21400566074487B4F0178A4F1030C4A43BB1827F813
S21400567002804FF44872DCF1000444EB0C049C708A
S214005680A8241A825A61DFF8E4C1724A5D839A65DB
S2140056909CF80030DFF8B4E15C430EEB04020EF831
S2140056A004304FF40074548003241471947101EB99
S2140056B0410401310170682107EB44173224664823
S2140056C00133DBB253718CF80030037882F8A040C7
S2140056D05943624C97606354621802215180052139
S2140056E0517143F2FF210133DBB21371D180037095
S2140056F05EE6601C00F0AEFB00224FF0380A94F81D
S21400570003908346B9F1690918BF4FF00109DFF825
S214005710608111462EF0D8FF98F80030504F0AFBF3
S21400572003F3FA1827F803B082F80490E37883B1FD
S214005730692B0ED0E01C00F08DFB002211460446BB
S2140057402EF0C2FF012298F800300AFB03735C803B
S2140057509A7144483C4A03789901535498F80010CB
S21400576002EB8314C1EBC10207EBC2074A1C676356
S21400577088F800200133BAE7601C00F06BFB804617
S214005780E01C00F067FB0746601D2EF0E1FF0446B4
S2140057900246012140462EF097FF22463846012158
S2140057A02EF092FF4FF0600C4FF4487EDFF88490A6
S2140057B0274A99F800300CFB03F0111822F80080F5
S2140057C0E01EDFF8908044424441A1F810E0C1F8A2
S2140057D014E08C704D83C1F85880591CC9B20CFB7C
S2140057E001FC02EB0C008470942422F80C701E4F0F
S2140057F0A0F810E0C0F814E04583C0F85880981C64
S21400580089F800003878DFF86CC0444303EB4303A4
S21400581002EB43130CEB040E01EB4101CEF804300F
S21400582002EB4112CEF808200CF804000130387064
S214005830BEE500BF06610020314603000761002078
S21400584040290020086B0020A41D002044200020D2
S21400585020250020D550000003610020A41E002053
S214005860F022002002610020016100200461002077
S21400587005610020E81B0020601C00F0EBFA804663
S214005880E01C00F0E7FA002264790746693C1146FE
S214005890404618BF01242EF017FF00223846114656
S2140058A02EF012FF3820DFF88CC15D4A9CF80030DD
S2140058B000FB03FE22F80E804FF0000802EB0E01FC
S2140058C00C7181F80680591CC9B2484302EB000EE1
S2140058D08EF8044070241752524F981C8CF8000023
S2140058E03878DFF854C14443C3EBC3038EF8068010
S2140058F002EBC3030CEB040EC1EBC101CEF804307F
S21400590002EBC1028EE794F805E00137964584BFA6
S21400591084F804C084F805C0A834AEE490F804C047
S2140059200134944584BFC77007716830ABE4B9F1A1
S214005930000F06D017F8053C03EB430304EB830483
S214005940BC603946284601F087FC09F10109A835F4
S2140059500C37CDE479180AD04A1E09FB0252D279D8
S21400596002EB420204EB820409FB015294605846A3
S21400597009FB015101F0BAF931782B48394409FB8B
S214005980015101F0DDF801370BF1400BBAE417EBDB
S214005990090F18BF11F8050C03911EBF00EB40005D
S2140059A004EB80048C600BFB072000F0E1FF0399FA
S2140059B01E4B01370C31B4E419EB070F18BF11F872
S2140059C0050C03911EBF00EB400004EB80048C60C6
S2140059D00BFB092000F0A0FE0399124B09F1010908
S2140059E00C31B0E4F74218BF15F8053C29461CBF39
S2140059F003EB430304EB83040D4B18BFAC6008FBBA
S214005A00073001F06FFD01370C35AFE413F8011DC8
S214005A1000297FF4B5AC3B2102F8011CB0E400BFBE
S214005A20F022002000610020E42200200161002016
S214005A30A41E002005610020981A002007B5012149
S214005A4021200DF1070200F01DFA18B99DF8072075
S214005A50024B1A7003B05DF804FB00BFEA7000202A
S214005A6007B5064B8DF80700187001210DF10702E7
S214005A70212000F017FA03B05DF804FBEA7000205E
S214005A8007B5022101200DF1060200F0FBF938B936
S214005A90044814F077FABDF8060003B05DF804FB7E
S214005AA00020FAE7F5FB030007B50221ADF8060073
S214005AB00DF10602012000F0F5F9014610B1034889
S214005AC014F060FA03B05DF804FB00BF16FC030098
S214005AD010B5FFF7D5FF04460146074814F052FA02
S214005AE00121064814F04EFA24B9BDE81040012002
S214005AF0FFF7DABF10BD00BF46FC030058FC0300EA
S214005B0008B5044814F03EFA00F0DCF92EF03BFE2F
S214005B102EF036FE6EFC030038B50446084D094BE1
S214005B2028462B6000F004FA002C18BF21462846B1
S214005B30BDE8384008BF4FF496712EF02EBE00BF69
S214005B40442A00207F4603002DE9F043384D91B0EB
S214005B5008AC0746894690460FCD0FC495E80F005F
S214005B60002684E80F0001250323324C3248CDE995
S214005B700366CDE905668DF80E300796029539F076
S214005B8063FC2E4839F060FC32462D4920468DF8DD
S214005B90176004F08FFD334632462A498DF8190007
S214005BA0009020468DF82390CDF82C808DF821604B
S214005BB004F09AFD0A9020468DF8097004F0FCFC6B
S214005BC0204608AA05A904F0B5FD02AA204603A9A6
S214005BD02FF074FE4FF400721B4B5A62194BE560AF
S214005BE0626A920510D46BB94FF40072164B1148D6
S214005BF05A6204F0E1FC114839F029FC002011B08B
S214005C00BDE8F083013BEBE7002BEDD0094908A87F
S214005C102FF087FE4FF400720B4B06485A6204F0D2
S214005C20CBFC064839F013FCBDF82000E7E700BFC0
S214005C30C09304000040005A68960400649604006E
S214005C4080841E0040420F000060005A0122034B71
S214005C501870034B1980034B1A70704709610020B7
S214005C60A470002008610020F8B5454B1B780BB9DE
S214005C700020F8BD434B1B78012B03D1BDE8F8404C
S214005C802EF000BD404B1C884FF6FF739C42EFD0B1
S214005C903E4839F0D9FB0023260AE4B21A462146CC
S214005CA0304604F049FC012E354604F0010335D099
S214005CB015D9B51E012DDBD8002B0BBF4FF4807510
S214005CC04FF080754FF470614FF070610BBF012785
S214005CD04FF480370F204FF470202D4B11E0002B2F
S214005CE00BBF4FF480754FF080754FF470614FF026
S214005CF070610BBF01274FF480370F204FF47020E0
S214005D00244B1A6802401CD0BA421AD01A680A40BD
S214005D1032D11A6822EA01022A4316E0002B0BBF92
S214005D204FF480754FF080754FF470614FF07061DE
S214005D300BBF01274FF480370F204FF47020164B0F
S214005D40DFE71A6822EA00023A431A602EF09AFC4D
S214005D50054600288CD0083644EA06102A46032159
S214005D60C0B2FFF7F1FE40F6FF73684300F2FF7023
S214005D70B0FBF3F080B27CE795427FF479AFC8E7DA
S214005D800861002009610020A470002068960400C5
S214005D9028C3035020C3035024C3035010B5044C3B
S214005DA0237823B9034839F04FFB0123237010BD35
S214005DB00B610020689604002DE9F0431F4C85B067
S214005DC0074688469146FFF7E9FF23781BB902F09D
S214005DD063F8012323707BBAADF80C303022002321
S214005DE0174E02FB03F4315DA51901BB01233355A1
S214005DF04FF0FF3304F1100012493044AB606F805F
S214005E00C5F80480C5F80C9009F0D8FA04F108012A
S214005E10042231440C4B009503A802F013F9A9683C
S214005E2002460A4814F0AEF805B0BDE8F083013328
S214005E30102BD6D1064814F0A5F8F5E70A61002025
S214005E406C2A0020A9460300BB4603007BFC030027
S214005E50A9FC030080B10278A2F14103032B0BD802
S214005E6040783038C0B2082806D8054B134413F8DB
S214005E70413C40EA032070474FF6FF70704700BF72
S214005E80E093040008B50B4642B10146044800689A
S214005E9003F01CFABDE808402EF06BBC022008BDDB
S214005EA0746B002008B50B4642B1014604480068F2
S214005EB003F094FBBDE808402EF05BBC022008BD52
S214005EC0746B0020F0B50026124F8DB0FF230093B0
S214005ED00A223346386802A92FF0ADFAC0B102ABE9
S214005EE01D4603EB800404E055F8043BB34228BF8C
S214005EF05E1CAC423868E9D9296803F0F5FC002836
S214005F00F2D02D28F0D00DB0BDE8F0402EF031BC18
S214005F100DB0F0BD746B002028B1034B0360034B3B
S214005F204360002383607047190000031C6B002049
S214005F30FF2307B50021044A0093083009F0C2F990
S214005F4003B05DF804FB00BF954703000B46044909
S214005F50024608680349097808B12EF02EBC70473F
S214005F60782D00200D610020F7B50C4618B12921C8
S214005F70194839F0C0FA246823685E795F8830468D
S214005F803946FFF7E3FFF0B18568E5B1A089227DC9
S214005F903946904291BF0020801AA36880B294BF11
S214005FA003469B18E27C00903046A8470138032839
S214005FB003D8DFE800F0080F0B0D0024204632F06F
S214005FC0AAFD204600E0812003B0F0BD8024F5E75E
S214005FD09324F3E78724F1E7D1FC0300F8B51546D0
S214005FE00D4A044610680D4A0B46117850B12246F9
S214005FF02EF0E3FB034628B100210C27C678B142F9
S21400600001DB0020F8BD07FB01F45A681019125B8B
S214006010AA42F7D00131F2E7782D00200D6100206A
S21400602008B5034B1B6803B19847002008BD00BFA6
S214006030742D00202DE9F74F04460D460026454BEB
S214006040454F1860454B197033010021F85C013646
S2140060500FF08EFF0C2EF7D10C2D28BF0C254FF01D
S214006060000901953C4EDFF800A13D4DDFF8FC80AD
S214006070019B4B4502DC03B0BDE8F08F23784FF060
S214006080000B337063887380A388B380A379C6F847
S2140060900880B371E379C8F8005088F804304FF0F0
S2140060A00003A768A8F80630E3795B450ADC0121FF
S2140060B016F8100B0FF05CFF08F1080809F101094B
S2140060C00C34D5E74FF0000338886B812880FB78C6
S2140060D04FF0000C2B81BA78C5F804A0002A009275
S2140060E00CBF802240222A7379680AF10C026345AD
S2140060F013DC03EB43030AEB830ABB6843B1009A45
S2140061004FF6FF71B2FA82F2164B520932F093FC48
S21400611014350BF1010B0C37C6E7B1F800E00CF1B3
S214006120010C22F80CEC91F802E00C3202F816ECA6
S21400613091F804E00C3102F815EC11F809ECBEF108
S214006140010F14BF4FF0100E4FF0110E02F814ECB2
S214006150CDE700BF782D0020984400200D61002078
S2140061607C330020695F00007C2D0020FC35002079
S214006170014B1860704700BF702D002070B5128864
S21400618005460E46FFF72AFF044670B102790499C9
S214006190806815F05BF8064B1B680BB9002070BDD5
S2140061A03146284622889847F8E78620F7E700BF5A
S2140061B0702D002008B50EF077FF022806D00128C3
S2140061C006D0044B18784000C0B208BD0120FCE79A
S2140061D00220FAE70C610020054B10B51C682CB1B4
S2140061E0FFF7E8FF2346BDE81040184710BD00BF84
S2140061F06C2D0020014B1860704700BF6C2D0020EE
S214006200034B1A781AB901221A700AF053BF704766
S2140062100C6100200022024B1A70FFF7DDBF00BFA2
S2140062200C61002037B50446002836D00EF03CFF3F
S214006230022834D1608932F0EBFFE079237A003807
S21400624018BF0120012B637A08BF40F008000BB18D
S21400625040F0100063890BB140F00400257CA18853
S214006260A2790DB1E36893B90F4B10F05DFA21786F
S214006270084610F0D5FA32F0D7FA044610F08EFA37
S2140062807CB100280CBF0020032003B030BDCDE950
S2140062900035064B10F048FAE9E70220F5E7012042
S2140062A0F3E72046F1E700BFB64A0400B919040038
S2140062B02DE9F04186B005460E4690461F469DF8ED
S2140062C034400EF0F1FE022824D1082C16D8ADF882
S2140062D00C808DF80E702CB122460C990DF10F0033
S2140062E015F0F2F803AB033400930A223146082077
S2140062F0094B019410F018FA18B1032006B0BDE857
S214006300F0812946284610F08BFA32F08DFA0028E4
S214006310F4D0F2E70120F1E7B919040008B50DF052
S21400632027F8014630B1044813F02CFEBDE80840BB
S2140063300DF0C2BB08BD00BF43FD0300034B044A7B
S2140063405B7C012103201370FFF7ACBD086B0020B7
S2140063500E61002010B50446FFF7F0FFB4F57F4F3E
S2140063600BD100240F4B1A8813449C70FEF75CFE7A
S2140063702046BDE81040FFF7CFBB4FF601739C42A6
S21400638004D1BDE8104008482EF002B94FF602735B
S2140063909C4205D1BDE81040044B1878FFF760BB5F
S2140063A010BD00BF94590020086B0020EA70002042
S2140063B010B5074C012122460320FFF763FD28B9DC
S2140063C02378044A003B18BF0123537410BD00BF56
S2140063D00E610020086B0020F8B5564B564C1A8804
S2140063E04FF6FF739A4218BF03234FF0080218BFF8
S2140063F02370524B30251A7032225A70DA70DA71D6
S21400640035229D705D7137251A724FF400129D710A
S2140064104B4D3626C5644B4D426405654A4D0122F8
S21400642085654A4D1E71C565494D86184566494DB8
S214006430C6678566484D494E0567494D80F8482031
S2140064404567202580F8785080F8845000F12105B3
S214006450C0F88850434D80F85420C0F88C5080F81F
S214006460602080F86C20C0F8806080F89020C0F82B
S2140064709440C0F8B8303C4B3C4CC0F8BC300223CB
S214006480C0F898403A4C80F8C030C0F8A4400F24BA
S214006490384B80F8A840C0F8C430374B374CC0F8AB
S2140064A0C8308223C0F8AC40354C80F8CC30C0F8F9
S2140064B0B0400924334B344DC0F8D030334B80F80D
S2140064C0B440C0F8D4302C7C314B80F89C20C0F807
S2140064D0A00080F8D820C0F8DC3044B12D4B80F8FE
S2140064E0E420C0F8E03005F11103C0F8E8304FF0C2
S2140064F0000CCA798E6802EB42039F00443006EB1C
S214006500830326F807C0586001200D349870DC70AD
S2140065101318CB71FFF792FAFFF74AFFFFF74AFE10
S214006520012806D12B7C23B1BDE8F84016482EF092
S2140065302FB8F8BD9C700020EB7000200F61002083
S214006540F993040001002000F893040002002000E4
S214006550F793040003002000F693040005004200B1
S2140065600400420007003000FDFF21001200100169
S21400657000404200F493040000FF4401E49304004A
S2140065800600420094590020086B002002FF2001FC
S214006590EA70002001FF100113B504460E482DF0E6
S2140065A047FF6422C0F30F43637083B2B3FBF2F37A
S2140065B0A07823702022002301212EF039F9A0783C
S2140065C00023212201212EF033F90449201D02B0B8
S2140065D0BDE810402EF0E1B89C700020E093040067
S2140065E00B7870B583704CF61E0303804FF02013B3
S2140065F0C362012380F8303080F83C30C31803644F
S214006600124B044643640223114A80F84830114B6B
S2140066108263C3644063CA798D6802EB420305EB6C
S214006620830004F12C0646600B4E45F823600023D9
S2140066308360531CCB71094B201DC4E90134FFF75E
S21400664077FC2046BDE87040FFF7A6BFFDFF21009F
S21400665021002000FA930400010001039965000060
S214006660437B044A0121137000781130C0B2FFF753
S21400667019BC00BF1961002038B504460078054DE6
S21400668011302A460121C0B2FFF7FCFB08B92B786F
S214006690637338BD19610020034B53F8200008B11E
S2140066A02EF083B9704700BF5C360020012908B57C
S2140066B006D0022907D049B92EF06EF9002008BD91
S2140066C02EF06DF9FAE72EF06DF9F7E7024813F0B1
S2140066D059FC0120F3E700BF70FD030010B4054C21
S2140066E0114654F820001A46BDF804305DF8044BF5
S2140066F0FFF7DCBF5C360020002310B5044683811C
S2140067000364A0F844304830FFF712FC014BC4E99C
S214006710123410BD9149030038B504460B781A4A66
S21400672043700D4642F82300FFF7E6FF2046FFF7CA
S214006730A3FF4FF4401323610123144A2375A2617B
S214006740134A84F82030E261124A84F82C306262E0
S214006750114A84F83830A26204F10C0222630F4A10
S21400676004F10D036263E363EA79A86802EB42036F
S21400677000EB830110344C60094C40F82340094B71
S2140067808B60531CEB7138BD5C360020186100200E
S21400679008002000EC70002000FF300001FF100110
S2140067A002010104DD66000010B47024427B0D482F
S2140067B0013A012904FB020006D0022908D059B983
S2140067C05DF8044B2EF0E8B85DF8044B2EF0E7B801
S2140067D05DF8044B2EF0E6B803485DF8044B13F062
S2140067E0D1BB00BF981A00208CFD0300B0F85C30C7
S2140067F02DE9F0418B4204460E4639D0437B077C98
S21400680093B31C4A12789A422ED370251A4A013B3B
S21400681005FB032390F80F801B7B42462EF0D3F82F
S214006820B845054601D1FF2820D13A4631462046D4
S21400683094F890302EF0C7F82F46054601235522CF
S21400684012216078A4F85C602DF0F2FFFF2F03D0D1
S21400685039462046FFF7A8FFFF2D09D029462046D7
S214006860BDE8F0412EF0EFB8FF25DEE70746E5E786
S214006870BDE8F08100610020981A00204168826817
S214006880C978D27849B112B10321FFF7AFBF837B35
S214006890002B0CBF01210221F7E72AB1837B002BD6
S2140068A00CBF02210121F0E7014813F06BBB00BFCB
S2140068B09DFD0300037BD3B14368DA7812B182688A
S2140068C0D278A2B91B7933B1837B002B0CBF04218D
S2140068D00521FFF78BBF83681B792BB1837B002BC9
S2140068E00CBF05210421F4E7014813F04BBB7047A9
S2140068F0CFFD0300084A437B05211370837B53704A
S214006900C37B9370037CD370037B137100780E30C7
S214006910C0B2FFF7C7BA00BF1A61002038B50446F8
S21400692000780C4D0E302A460521C0B2FFF7AAFAB1
S21400693020B1BDE83840084813F024BB2B786373B9
S2140069406B78A373AB78E373EB7823742B7923739C
S21400695038BD00BF1A6100200BFE0300034B53F83E
S214006960200008B12EF0B9B8704700BF843600206A
S214006970F8B504460B78424A43700D4642F82300A9
S214006980404E2EF0CAF8FFF7C9FF6268A3683E487B
S2140069903E49D6641165D4655065C3E91410DE64BB
S2140069A0DC654FF0987302266361012304F10C0145
S2140069B0E16137491032216204F10D01A1623549C7
S2140069C02376E16204F10E016163334984F82430D2
S2140069D0A16304F10F012164304984F8303061640A
S2140069E004F11001E1642E4984F83C3084F8483004
S2140069F0216584F85460A265E879A96800EB400236
S214006A0001EB820704F1140CC7F804C04FF4817C34
S214006A10244F41F82270C218D2B202EB420241F86B
S214006A2022C001EB820700227A601F4A84F8703089
S214006A3022661E4A84F88830A2661D4A1D4BE2660E
S214006A401D4AC4F88C3062671C4A8319A26704F199
S214006A505C02C4F88020DBB2194A03EB4303C4F897
S214006A60842084F8646084F87C6001EB83026034E0
S214006A705460144A033041F82320E871F8BD00BF83
S214006A80843600207D6800009D4A0300B56800003B
S214006A900100200102001001030030010400300153
S214006AA00500210101FC01064A002100FC930400B8
S214006AB051001000FE930400FF93040055002100CF
S214006AC06F0018001200010470B50D460646144605
S214006AD013460A460146164813F054FA25B92046CE
S214006AE0BDE87040FFF736BC072D05D1214630467D
S214006AF0BDE8704000F0C2BC4FF601439D4205D190
S214006B0021463046BDE87040FFF728BF062D05D168
S214006B1021463046BDE8704000F0A2B8B5F5817F4A
S214006B2005D121463046BDE87040FFF7B5BD70BDC3
S214006B303AFE03000148FFF71BBB00BFC96A00000E
S214006B404FF4C01330B5036001230371074B8C6804
S214006B508360CA7902EB420304EB8305686004484D
S214006B6044F82300531CCB7130BD00BF00940400D2
S214006B700400010138B50024044D55F8040B08B193
S214006B802DF0DBFF01340A2CF7D138BDAC360020DF
S214006B90042908B50AD172B16BB113781BB92DF070
S214006BA0F8FF002008BD2DF0EAFFFAE7034813F0CF
S214006BB0E9F90120F6E70320F4E700BF6DFE0300C5
S214006BC010B4054C114654F820001A46BDF804309F
S214006BD05DF8044BFFF7DCBFAC3600200229024606
S214006BE008B50ED004D839B910462DF0D2FF06E00D
S214006BF04029F9D0412907D110462DF0C0FF0020CA
S214006C0008BD2DF0D0FFFAE7024813F0BBF90120CB
S214006C10F6E700BF8DFE030010B4054C114654F88D
S214006C2020001A46BDF804305DF8044BFFF7D6BFC7
S214006C30AC360020426B094B52791A7082785A7033
S214006C40C2789A70826B12B190F83C20DA700078A5
S214006C5004210930014AC0B2FFF724B91F610020A1
S214006C60024B53F820002DF0BBBF00BFAC3600200F
S214006C7038B504460078084D09302A460421C0B2CB
S214006C80FFF700F930B96B78A370AB78E370EB7858
S214006C9084F83C3038BD00BF1F61002038B504467C
S214006CA00078114D09302A460421C0B2FFF7EAF8F1
S214006CB0C8B9A3782A78022B0CD004D863B920462A
S214006CC02DF067FF01E0FF2B0AD02046BDE83840D4
S214006CD02DF033BF002AF2D120462DF050FFF4E706
S214006CE0002AF9D1EBE738BD1F610020F8B504464D
S214006CF00B78284A0D4642F823004370FFF7B8FF8A
S214006D00636B254A5C631A632046FFF7C7FF20467D
S214006D102DF013FF4FF4801363600123626BA66BA4
S214006D200532E2601D4A23722261A21C2375A2610D
S214006D3066B11B4A84F82030E261E21C6262194A9E
S214006D4084F82C3004F13C03A26223630627EA7918
S214006D50A96802EB4203002E21F8237001EB8300A2
S214006D600CBF02230423C370012383700E4B04342C
S214006D708360531C4460DBB20C4C03EB430341F8C6
S214006D80234001EB830000234360094B02328360FB
S214006D90EA71F8BDAC360020BB4B0300034030015F
S214006DA001FF300102FF1001196C0000080001000D
S214006DB0C16B000028B1034B1B78834234BF002010
S214006DC0012070470261002070B500250A4C0B4E6A
S214006DD03378AB4200DC70BDD4F8A42042B12379EE
S214006DE01BB16079FFF7E6FF10B910462DF0ABFB3C
S214006DF00135A834ECE700BF4420002004610020E1
S214006E0008B5417902460846FFF7D4FFA8B1D37803
S214006E100A480139042B00EB81100ED8012B08D844
S214006E201BB9BDE808402DF0AABEBDE808402DF00D
S214006E30B0BEBDE808402DF0B6BE08BDA41D0020BB
S214006E4008B5417902460846FFF7B4FFA8B1D378E3
S214006E500A480139042B00EB81100ED8012B08D804
S214006E601BB9BDE808402DF094BEBDE808402DF0E3
S214006E7086BEBDE808402DF096BE08BDA41D0020C5
S214006E8070B586B006460C461546FFF793F90128FE
S214006E902DD1042C2BD8DFE804F012303203030087
S214006EA02846FFF787FF50B3164B032C03EB8513DA
S214006EB053F80C3C58791CD1003818BF01204FF409
S214006EC08273ADF806300623ADF8083001234FF480
S214006ED080728DF80B3000238DF80A0001A8CDE9EA
S214006EE003238DF804608DF81430FFF79BF906B085
S214006EF070BDB0FA80F04009E1E70020DFE702202D
S214006F00DDE700BFA41D00202DE9F0418AB005464C
S214006F100C46FFF74FF9012806462BD16B784FF445
S214006F20827800254FF480778DF80030134B684642
S214006F30CDE90137ADF8028003958DF81050FFF7C4
S214006F4071F9BCB163796278052B14BF032307235C
S214006F508DF81420082205A8CDE90775ADF816802F
S214006F60ADF818208DF81A308DF81B608DF8245077
S214006F70FFF758F90AB0BDE8F08100BF0800070126
S214006F8010B583780446A3B903790BB1FFF758FF11
S214006F9020462DF07BFE04236078A4F86C30552242
S214006FA0012312212DF044FC2046BDE810402DF0B0
S214006FB02ABEB0F86C30022B17D00379032B01D110
S214006FC0FFF71EFFA379032B04D16279E17860787E
S214006FD0FFF756FF00236078A4F86C305522BDE812
S214006FE01040012312212DF023BC0A4A03781278A0
S214006FF09A420DD90279022A0AD08279022A07D04B
S2140070006822054903FB02112046FFF77DFFE1E7F2
S2140070100021F9E703610020A41E002070B58AB0A5
S21400702004460D46FFF7C6F8012843D16378224E82
S2140070308DF800304FF48273ADF802304FF4807351
S21400704094F8A02094F8A11072701C4A6846CDE906
S21400705001230223317003968DF81030FFF7E2F813
S2140070600DB3AB79E879FF2B08BF94F8A1306978A7
S21400707033704FF48273ADF816300823ADF818302D
S21400708001238DF81B304FF48073CDE907360223B9
S2140070906A79707005A88DF814108DF81A208DF88E
S2140070A02430FFF7BFF894F8A130013B18BF012346
S2140070B084F8A1300AB070BD2361002008000501E5
S2140070C070B583780446002B48D0254902780978A5
S2140070D00379914217D9022B17D08379022B1FD040
S2140070E06823204D02FB0355EB78022B19D12A7931
S2140070F01046FFF75FFEA0B11B48013A00EB821076
S2140071002DF051FD0DE0022B0AD162791046FFF7F3
S21400711051FE28B11448013A00EB82102DF043FDD1
S2140071200025A379022B04D16279E1786078FFF715
S214007130A7FE25B12A79A9786878FFF7A1FE294627
S2140071402046FFF76BFF02236078A4F86C305522C8
S214007150BDE87040012312212DF06ABB70BD00BF50
S21400716003610020A41E0020A41D00204388094AB5
S214007170082113808388538083681B8A938090F845
S214007180A03093718379D37100780430C0B2FEF7D3
S21400719089BE00BF165A002038B50D460446017851
S2140071A0114812F0EFFE4FF602739D420ED10F4BC0
S2140071B01B782BB963712046BDE83840FFF7D6BF71
S2140071C062790AB19342F6D20123F3E7B5F57F4F11
S2140071D0F1D120462DF065FDA378022B0CBF0122CD
S2140071E00022A3689A70E6E7A9FE03000261002069
S2140071F038B504460078144D04302A460821C0B23B
S214007200FEF740FE20B1BDE83840104812F0BABE86
S2140072102B8863806B88E978A380AA88A3681A8283
S214007220AB7984F8A030EB79A371094B1B780BB9C6
S214007230637138BD09B19942FBD9064812F0A2FE27
S21400724023780133F4E700BF165A0020C3FE03007C
S21400725002610020ECFE0300F8B504460B78474AAE
S2140072600D4642F823004370FFF7C2FFA268444B66
S214007270D465D364434B02265365434BA11C136568
S2140072804FF44013E36001236161E1623F4910322D
S21400729021632265211D3E4AA1633E483E49626540
S2140072A004F1A002A061E163E265E01C611D3B4AB7
S2140072B0206261643A483B492266A21D2374237704
S2140072C084F8283084F8343084F84030A16484F898
S2140072D04C6084F8583084F864306062A266E879BE
S2140072E0AA6800EB400102EB810704F10C0CC7F81A
S2140072F004C04FF0060C2C4F42F82170C118C9B2DA
S21400730001EB410142F821C002EB810700217960C0
S214007310264F84F880302767254F84F89830A76773
S214007320244F254BE767254F84F8746084F88C60FB
S214007330C4F89C3004F16C06831CC4F88470C4F84E
S21400734090601F4F1F4EDBB203EB4303C4F89460FC
S214007350C4F8887002EB83067034746008261A4CF2
S21400736042F82340C31CDBB203EB430302EB830467
S214007370043042F823606160E871F8BD14370020DD
S2140073803B4C0300816F0000C170000001FF30011C
S21400739004FF20011000300102FF200105FF30012C
S2140073A000FF300103FF2101070001084A00210009
S2140073B00294040051001000049404000594040094
S2140073C0550021006F001800120001048378094A56
S2140073D006211370C3785370037993704379D37082
S2140073E083791371C379537100781430C0B2FEF7F5
S2140073F059BD00BF2561002038B50D46044601780A
S2140074001C4812F0BFFD4FF602739D420ED11A4B78
S2140074101B782BB923712046BDE83840FFF7D6BF4E
S21400742022790AB19342F6D20123F3E74FF60173AD
S2140074309D4206D1E37813F0FD0FECD00023E370F5
S214007440E9E74FF609739D4207D1637903F0FB0322
S214007450012BE0D005236371DDE74FF608739D42EC
S214007460D9D1A379023BDBB2FC2B9CBFFF23A371CF
S214007470D1E700BF21FF030002610020064A034651
S21400748052F8200008B1FFF787BE044A52F82300DE
S21400749008B1FFF7B1BF704714370020D43600207C
S2140074A038B5044600780D4D14302A460621C0B281
S2140074B0FEF7E8FC20B1BDE83840094812F062BD8E
S2140074C02B78A3706B78E370AB782371EB786371DD
S2140074D02B79A3716B79E37138BD00BF256100205D
S2140074E042FF030070B5314A0B78044642F8230089
S2140074F043700D46FFF7D4FF4FF440130221A82235
S214007500A36001232078237312FB001228492376F8
S2140075100A442261274A84F824306261A21CE26190
S214007520254A84F830302262244A84F83C30A2622D
S214007530234A84F84830E262E21C6263214A84F8F7
S2140075405430A263221D22641F4A84F860306264AD
S214007550621DE2641D4AE31D2265A21DA2651C4A47
S2140075606366E265E979AA6801EB410302EB8300F2
S214007570083444601748082642F8230006204B1CAF
S214007580DBB203EB430342F82300002002EB830444
S2140075908B1CDBB203EB43036060033102EB830416
S2140075A042F823606060E97170BD00BFD4360020E9
S2140075B0442000201000300105FF30000194040034
S2140075C001FF300102FF200109FF300108FF3001F2
S2140075D004FF20010700010800239B6AB3F5804FD3
S2140075E003D21968064A914203D0002303708360D1
S2140075F07047012202709A689B694260F7E700BFF5
S21400760007B0CD5E024B034A1A602EF06FBF00BF74
S2140076100000002002020FF073B53F4B04461A78B4
S2140076201AB102221A7002B070BDCDE900220028FD
S214007630F9D001261E7037F069FE384D384B1860B9
S21400764017F082FA2B785BB902F0F2F940B93548A8
S2140076500823354A3549006801F038FE00B92E7017
S214007660334B5A68E260334A9A601A6E22605A6E4A
S2140076706260D3F87021A2601B6E5C042CD52E4A83
S214007680D368D807FCD42D4B1A68531C29D04FF466
S214007690801393402A4A13660423294C4FF08042F5
S2140076A023664FF480632366102323664FF400534B
S2140076B06846236601A9226663662DF00BFB009BD5
S2140076C02366019B63662B78002BACD0164B1A689A
S2140076D022665B686366A6E71A4AD368D907FCD4B5
S2140076E0D1E7194B1B78002BD6D1184B5A68144B90
S2140076F012B94FF480121A66154A526812B94FF43E
S21400770000121A66134B5B68002BC5D14FF480023B
S2140077100B4B1A66C0E700BF2C6100202D610020CD
S21400772064370020746B0020683700200071080062
S2140077300080004455CEAC0000000440406B0020A2
S21400774000900044000004502B610020008005508B
S21400775000C005500000065038B5224D04462B7870
S214007760012B02D001232B7038BD0028FCD02DF051
S214007770D6FA013009D02DF0D2FA40F20113984221
S21400778003D0194AD368DB07FCD42268174B1A6665
S21400779062685A66A268C3F87021E268D40744BFDC
S2140077A000229A60124B1A68013213D1114A1278DD
S2140077B082B911494968C80748BF1A600F4A52681B
S2140077C0D10744BF01221A600D4A5268D20744BF4F
S2140077D002221A6017F0C0F90A4B186837F091FDBC
S2140077E00023C0E72C610020000004400080004415
S2140077F0406B00202B6100200080055000C0055023
S214007800000006506437002070B50024A36AB3F564
S214007810804F23D21A68134B9A421FD1124E3378E8
S21400782013F0FD0518D14FF480341048FFF7F4FE2E
S214007830032004F04FFC0E4B0320DC6004F02EFC0B
S2140078400C4B1C61AB6ADB69984704460748FFF798
S21400785083FF0CB901233370204670BD4FF481744A
S214007860FAE700BF07B0CD5E2B610020543700203A
S21400787000A000440090004413B5204B1B7803B9C9
S214007880FEE700231E4CCDE900336A4608231D4957
S214007890206801F01BFDF8B91B4AD2F84031D2F837
S2140078A040211F2B4FF0010311D9203A9340019A33
S2140078B01A43019208236A461249206801F08EFE98
S2140078C0124B134A1A602EF011FE02B010BD934000
S2140078D0009A1A430092EDE72D28F1D10A4AD2F811
S2140078E04031D2F840211F2B4FF0010385BF203ACC
S2140078F093409340019398BF0093DBE72C610020F0
S214007900746B002000710800008000440000002016
S2140079100B020FF038B50025AB6A0446B3F5804F6E
S21400792010D21B6BB3F5804F0CD20748FFF774FEDE
S214007930AB6A20461B6B5B689847BDE83840024838
S214007940FFF70ABF38BD00BF7037002013B500240C
S214007950A36A0190B3F5804F13D21B6BB3F5804F2B
S2140079600FD20948FFF758FEA36A01211B6B01A836
S2140079709B69984704460448FFF7EEFE204602B08F
S21400798010BD4FF48174F9E77037002070B50026FB
S214007990B36A0446B3F5804F0D4612D21B6BB3F59F
S2140079A0804F0ED20848FFF737FEB36A20461B6B9F
S2140079B029469B69984704460348FFF7CDFE2046B4
S2140079C070BD4FF48174FAE77037002070B500265A
S2140079D0B36A0446B3F5804F0D4612D21B6BB3F55F
S2140079E0804F0ED20848FFF717FEB36A20461B6B7F
S2140079F02946DB69984704460348FFF7ADFE204654
S214007A0070BD4FF48174FAE770370020F8B5002790
S214007A10BB6A0446B3F5804F0D46164611D21B6B63
S214007A207BB10948FFF7F8FDBB6A20461B6B324660
S214007A3029465B6A984704460348FFF78DFE2046B2
S214007A40F8BD4FF40174FAE77037002070B50026D1
S214007A50B36A0446B3F5804F0D4612D21B6BB3F5DE
S214007A60804F0ED20848FFF7D7FDB36A20461B6B3F
S214007A7029469B6A984704460348FFF76DFE204652
S214007A8070BD4FF40174FAE770370020F0B5002798
S214007A90BB6A0446B3F5804F0D461646ADF5337DFA
S214007AA020D21B6BB3F5804F1CD21048FFF7B4FDF5
S214007AB0BB6A20461B6B40F2C1225B6A01A998474D
S214007AC0044630B10948FFF747FE20460DF5337DE2
S214007AD0F0BD836A32461B6B2946DB6A01A89847CD
S214007AE00446EFE74FF40174EFE700BF703700205D
S214007AF010B50024A36AB3F5804F10D21B6BB3F504
S214007B00804F0CD20748FFF787FDA36A1B6B1B6BE1
S214007B10984704460348FFF71FFE204610BD012481
S214007B20FBE700BF70370020F0B58FB0044601A811
S214007B300E461546FFF7EEFE9DF80C30012B12D1CF
S214007B40B5F5402F27D8B4F5402F24D86319B3F5E0
S214007B50402F20D821462A46304613F0B5FC002494
S214007B6020460FB0F0BD0027BB6AB3F5804F15D294
S214007B701B6BB3F5804F11D20A48FFF74DFDBB6A69
S214007B802A461B6B314620465B6B984704460548E1
S214007B90FFF7E2FDE4E740F20244E1E740F20114B9
S214007BA0DEE700BF70370020F0B58FB0044601A8AE
S214007BB00E461546FFF7AEFE9DF80C30012B1FD182
S214007BC0B5F5402F06D8B4F5402F03D86319B3F5A2
S214007BD0402F13D940F2024420460FB0F0BDE258C1
S214007BE0013225D104339D42F9D82A463146204633
S214007BF02DF0C5F80028EDD00024EDE70023F2E7CD
S214007C000027BB6AB3F5804F15D21B6BB3F5804FC8
S214007C1011D20A48FFF700FDBB6A2A461B6B3146A5
S214007C2020469B6B984704460448FFF795FDD3E72C
S214007C3040F20344D0E740F20114CDE7703700204D
S214007C4070B58EB0044601A80D46FFF763FE9DF89A
S214007C500C30012B22D144EA0503C3F30C03002B9E
S214007C6033D1B5F5402F04D940F2024420460EB079
S214007C7070BDB4F5402FF7D82544B5F5402FF3D89E
S214007C80204604F500542DF073F8AC4202D00028CC
S214007C90F6D1E9E70028E7D00024E7E70026B36A34
S214007CA0B3F5804F14D21B6BB3F5804F10D20A4841
S214007CB0FFF7B2FCB36A29461B6B2046DB6B98477E
S214007CC004460548FFF748FDD0E740F20444CDE7F8
S214007CD040F20114CAE700BF70370020BFF34F8F91
S214007CE00549064BCA6802F4E0621343CB60BFF353
S214007CF04F8F00BFFDE700BF00ED00E00400FA056F
S214007D0070B5D0B1C9B10E4E431E013913F8014FFC
S214007D102046325D02F00302012A11F8012F08BF47
S214007D2004F12000B55C05F00305012D08BF2032E4
S214007D30801A01D1002CE9D170BD0120FCE700BFFC
S214007D4061BB04000348044A0449121A92102DF03D
S214007D5062B800BF34410000D042000070680020C6
S214007D6008B5154B83F30A8800F030F8FFF7EAFFF2
S214007D70124B13498B4212D30020124B12498B42EE
S214007D8018D3FCF7AFFF186850F82240586840F840
S214007D902240013298688242F5D30C33EAE700228B
S214007DA0F8E71C6844F8220001325C68A242F8D367
S214007DB00833E4E70022F8E70800002020E004008B
S214007DC02CE004002CE004002CE00400124B134AC4
S214007DD070B59A60D3F88820114D42F47002C3F84B
S214007DE088206FF0010205F50054226641F2FF720A
S214007DF062660222C3F8D020BFF34F8FBFF36F8FA7
S214007E004FF44036032004F065F90320E66004F0E2
S214007E1045F92E6170BD00BF00ED00E00040000097
S214007E2000800044014B1860704700BF486B00207C
S214007E30054B1860054B1B6F03F00703032B01D19E
S214007E4035F016BB704700BF506B00200080005016
S214007E502DE9F04104464FF001080C250D4E0CB9F3
S214007E60BDE8F08194FAA4F0B0FA80F00F2808FA82
S214007E7000F2C8BF103824EA0204CABF05FB00623D
S214007E8005FB0062B4325768002FE8D09168C0B294
S214007E90B847E4E78037002008B50C4837F0D4FA36
S214007EA0192004F009F928B1192004F013F9192053
S214007EB004F0F4F81A2004F0FFF828B11A2004F0B1
S214007EC009F91A2004F0EAF8002008BD68960400B4
S214007ED02DE9F0410E461746054618B30F2923D85C
S214007EE00378DBB1013BDBB2022B19D8104AD35C16
S214007EF06A78D340DB0717D50E4BD3F81043ACB9DE
S214007F0037F004FA80463A462846314602F042FEEA
S214007F10404637F0F6F92046BDE8F0817F23E7E7D4
S214007F200023E5E72224F6E72124F4E70224F2E71B
S214007F305894040000C0035010B5044610B30378EC
S214007F40E3B1013BDBB2022B1AD8104AD35C62784D
S214007F50D340DB0718D537F0D9F9012261782378AA
S214007F608A4030214B4341F2100103F1A04303F550
S214007F7070335A5037F0C5F9002010BD7F23E6E76E
S214007F800023E4E72220F8E72120F6E758940400CF
S214007F9010B5044610B30378E3B1013BDBB2022B05
S214007FA01AD8104AD35C6278D340DB0718D537F06E
S214007FB0ADF90122617823788A4030214B4342F2A2
S214007FC0100103F1A04303F570335A5037F099F9C6
S214007FD0002010BD7F23E6E70023E4E72220F8E731
S214007FE02120F6E75894040038B50D46044618B329
S214007FF011B30378E3B1013BDBB2022B1AD8104A67
S214008000D35C6278D340DB0718D537F07FF930228F
S2140080102378534303F1A04303F570335B6962781A
S214008020D34003F001032B7037F06BF9002038BD06
S2140080307F23E6E70023E4E72220F8E72120F6E79F
S214008040589404002DE9F0410D461646984604461D
S21400805000284FD000294DD00178002940D04B1E73
S214008060DBB2022B3ED8254AD25C6378DA40D207D0
S21400807001D4FF2940D1022E01D9042E3CD137F07D
S21400808045F923780746FF2B05D032462046296857
S21400809002F0C6FD28602B68013309D12378FF2B38
S2140080A006D1174B6078D3F824142DF08FFC286087
S2140080B029684B1C18D00C23124A03FB0122069B8E
S2140080C0C2F8048093602378FF2B04D001230E4A65
S2140080D08B40C2F82434384637F013F9002007E006
S2140080E07F22C2E70022C0E7384637F00AF92D2083
S2140080F0BDE8F0812220FBE72120F9E75894040030
S21400810000C003508037002000D0035008B502F0AE
S21400811037FD044B00F05530C3F82004BDE8084096
S214008120FFF796BE00E0035008B502F029FD044BA9
S21400813000F0AA30C3F82004BDE80840FFF788BE68
S21400814000E003502DE9F04F144605460E469B46C8
S214008150C36B87B001225B6902A960689847EB6B26
S21400816001225B6903A93046984702A82DF052FA0F
S214008170074648B10023A37563754FF0FF33A3602D
S214008180002007B0BDE8F08F03A82DF050FA0123B9
S214008190A375237E04EBC303DE611F846368B342CA
S2140081A00ED1206003A82DF064FA4FF0FF3320753F
S2140081B0A360237D043B022B26D80023A375DFE7AC
S2140081C023681A1A53425341A37503A82DF051FA97
S2140081D0237D834218BFA77503A82DF02CFA074607
S2140081E002A82DF028FA874218BF002303A818BF5C
S2140081F0A3752DF028FA074602A82DF024FA874228
S2140082001CBF0023A375D4E703A82DF014FA80B191
S214008210EB6B022230465B6904A9984704A82DF050
S21400822019FA0346207D032839D8DFE800F03838ED
S214008230040903A8F3E7CC22237E04EBC3031A84C5
S21400824001F06EFC109B187003A8277E2DF0E7F94E
S21400825004EBC70787F82200237E03A804EBC303BA
S214008260B3F8209093F822702DF0E5F9804603A825
S2140082702DF0E9F98246B8F1000F15D0EB6B02221B
S21400828030465B6904A9984704A82DF0A8F96075E4
S214008290637D6BB90023A3754FF0000838E0227E9B
S2140082A004EBC2021384CBE703A82DF083F9EEE7B4
S2140082B094F81680B8F1000FEED0B9F1000F09D18E
S2140082C0DFB10123E375637E002B4FD1012F42D12E
S2140082D0677614E06B6C06EB0A015A4286EA0100E8
S2140082E010421CBF0022A2755A1E0A409B1A9945CE
S2140082F0D0D8A37D002BE3D1CEE7E37D43B94FF082
S21400830000084B465246314628462CF0CEFEA0606A
S214008310A27D12B123694B4423611A49237E097852
S21400832099422AD901332376BBF1000F27D032B306
S214008330E37D23B3B8F1000F21D1032F1FD0A1682E
S2140083404B1C1CD0109B2246009328460123FFF7A7
S214008350F9FEA07513E095F8343063B9EB6A013383
S214008360CFD1032FCDD10123A376C8E7012FCFD0DD
S214008370032FC4D1F7E79846C3E70023A375A07D73
S214008380FFE600BF7C9404002DE9F04F0E469846A9
S21400839000238BB004464FF0FF31104617468DF889
S2140083A0133001F0A7FBB6F5801F20D2314605AA90
S2140083B004F108002DF080F8451C014603D1237C0B
S2140083C0BBB92D2010E0384601F094FB0122394657
S2140083D020460DF113032CF0BAFE0028EFD09DF8CE
S2140083E0133088F8003000200BB0BDE8F08FB01CCA
S2140083F0E5D1E56A691C36D12046616A2CF09BFD02
S2140084000546B31C18BF0123DFF8CC900193636ABE
S214008410626C0293236805A902FB053AE36B05220A
S2140084205B695046984705A82DF08FF92DF0B2F9F4
S21400843050462DF0BAF94FF0000B824601464B1C11
S21400844005D0636C81EA0A025B42134211D02946CA
S21400845020462CF070FD029BAB422CD0BBF1000FE7
S2140084602CD10546D3E72368ED1A636CB5FBF3F50C
S214008470C7E7484601F03EFB0DF113034946204688
S214008480019A2CF064FE034690B1B21C03D0D9F8D2
S2140084900020B2420CD19DF8132003930D4B88F8B0
S2140084A0002049461A68384613F00EF8039B9B4690
S2140084B0D9F80810C3E7BBF1000F82D0B6F5801FCD
S2140084C091D2314698F800307A6804F1080001F03D
S2140084D03FFA88E7789404005C3F00202DE9F341DA
S2140084E00446174698460E46184D816AE36A8B4244
S2140084F001D04B1C02D102B0BDE8F081284601F045
S214008500F9FA0122294620460DF107032CF01FFE3A
S21400851038B14346294620469DF80720B84700282C
S214008520E9D0A9684A1C04D1696820462CF090FD61
S2140085300146012EDAD16B6881EA0302636C5B4266
S2140085401A4218BF4FF0FF31D0E700BF303F00207F
S2140085502DE9F04F4FF0FF334FF6FF72002504462B
S21400856000F10806C0E909238BB0C3620562056303
S214008570304688462CF071FF20462CF0ACFC60BBE1
S214008580204641462CF027FD20462CF0A4FC60BB7C
S2140085905E200BB0BDE8F08F2368E26B606C576915
S2140085A000FB0530052205A9B84705A82DF0CDF833
S2140085B0012807460CD1294620462CF0DDFC012F69
S2140085C0024600D10132294620462CF0A3FC03E0E7
S2140085D02DF0E5F80028EED10135E3699D42DBD3A6
S2140085E020462CF078FC0028CAD000254FF0FF3932
S2140085F04FF6FF73CA46A846C4E90853E369984590
S2140086000AD3A5EB0905012D2CD84FF6FF72636A35
S21400861093423CD16720BCE72368E26B606C5769E5
S21400862000FB0830052205A9B84705A82DF08DF8EF
S214008630834605A82DF060F8074658462DF0AAF8A0
S21400864068B1574538BFC4F82480B94528BFB94635
S214008650BD4238BF3D46BA46236A0133236208F15D
S2140086600108CBE74FF6FF7300256362E3699D427E
S214008670CBD2676C2068E36B052207FB05005B69BD
S21400868005A9984705A82DF037F80135EEE7E26B07
S214008690676C2068694607FB030055690522A847F2
S2140086A068462DF029F8626A2368606C4B4D00FB23
S2140086B002302DF07AF84FF0FF33A062E3622A46CC
S2140086C06FF00101204605ABFFF75EFE002846D19D
S2140086D0AD6829462046E5622CF0D9FB206320B918
S2140086E02046E16A2CF0B4FCE062294620462CF0D5
S2140086F0AFFC0546A36A9D4233D120462CF09AFB78
S21400870000278046B946E36999453CD3B84559D910
S2140087102046616A2CF00FFC0026054604F1400A4C
S214008720B74212D8626C2368694602FB0539E36BD0
S21400873005225B694846984768462CF0DDFF53469D
S21400874002464946E06B2DF032F8294620462CF0CA
S214008750F2FB0136B0450546E2D1642019E7A56A6A
S214008760B7E7294620462CF092FB236B29460344A4
S2140087700746236320462CF06BFC0546002FB9D134
S214008780C4E90B07B6E7636C2568052203FB0955A9
S214008790E36B05A95B692846984705A82CF0D5FF2A
S2140087A02CF0F8FF58B128462CF0FFFF0146204673
S2140087B02CF06DFB636C143B984208BF013709F13F
S2140087C00109A0E730462CF048FE00232046194653
S2140087D0034AFFF783FE0020DBE600BF883F002049
S2140087E03D5103002DE9F041036B9046826B07680C
S2140087F09A4288BF8363426C436A90B002FB037759
S214008800C36B0E46052201A95B69044638469847A5
S21400881001A82CF09AFF01280146307057D0656CED
S214008820E26B2368606AD2F814C005FB00300522AC
S21400883006A9E04706A82CF088FF01284FF000059F
S21400884023D0D4E90A3201219342CDE90B458DF8B5
S21400885034800E958DF83C102AD1194620462CF00F
S214008860F7FB236B626C14339B1AE06223630C9B4A
S21400887053B99DF83C303BB1626A616C2368E06B8B
S21400888001FB02312CF019FF0C9DE36B05225B699E
S21400889001A93846984701A82CF057FF30702846A3
S2140088A0236BA26B9A4288BFA36310B0BDE8F08129
S2140088B0237C33B91C490BAA04F1080001F096F892
S2140088C0D5E72046194A0BABFFF708FECFE7237C17
S2140088D023BB2246164904F1080001F087F8616AB6
S2140088E020462CF049FB616A421C20462CF012FB05
S2140088F0054620B9236B626C1344143B2363204661
S214008900A16A2CF0A5FB2368A062C01A636CB0FBBA
S214008910F3F0606220462CF0DEFBB6E7002320462C
S214008920044AFFF7DBFDDAE78990000005900000B7
S214008930D75103007351030073B50D46D11E4A424A
S2140089401C461B7E4A419A4226D1296823689942D2
S21400895022D3636899421FD8114E0DF107033246A1
S214008960FFF712FDC0B972686B689A4214D19DF881
S2140089700730DA1E53425341227E93420CD163697C
S21400898001336361D4E90323934205D22968A268C0
S21400899042F8231001332361012002B070BD00BFEE
S2140089A0883F00202DE9F04F9B4689B09DF848305F
S2140089B09046514A0193136907465B450D46C0F041
S2140089C09580D94653680093B9F1000F7BD0FB6BB6
S2140089D001225B6905A90098984705A82CF027FE98
S2140089E0454B1B68984240F0848005A82CF02BFE6F
S2140089F00428064615D105A82CF02CFE009B04463C
S214008A001E44019B002B3ED1804512D91C46A8EB84
S214008A100008384600992CF01BFBA9EB04090090CF
S214008A20D2E7FB6B02225B69009806A9984706A866
S214008A30E2E7A0EB08045C4528BF5C46032C4644EE
S214008A40ABEB040B1DD9FB6B294630465B69A208CD
S214008A50984724F0030304F0030A1E441D44DDF87F
S214008A600480BAF1000FD4D0FB6B012206A9304671
S214008A705B6998475246284606A912F025FD5544DC
S214008A80C7E7A246EBE7824600F0030302932B18E3
S214008A9003930644039BA6EB0A00A3EB0A05029B7E
S214008AA09A4514D1BAF1000FB3D0FB6B012206A988
S214008AB05B6998475246284606A912F0C1FE002870
S214008AC0DDD04FF03609484609B0BDE8F08FFB6BA5
S214008AD0012206A95B6998470422284606A912F0D7
S214008AE0AFFE0028EDD1AAF1040AD3E74FF06309E0
S214008AF0E9E74FF06F09E6E7B43F00202DE9F041C3
S214008B000F4616469846044688B060B390F8345030
S214008B10FDB101212CF0D4F900210E9BCDE9051101
S214008B20CDE902379DF83C30CDF804808DF81C3036
S214008B30237C04968BB90D4901AA04F1080000F0C5
S214008B4055FFDDE90553E06B002E08BF1D462CF0EF
S214008B5050FB284608B0BDE8F0812046044A01AB29
S214008B60FFF7BCFCEDE70546F3E700BFA1510300A5
S214008B70398900007FB590F84260044601920DF1F5
S214008B800B030A46304611492CF03BFB012E0546E6
S214008B90E36B17D132465B6903A998479DF80B1023
S214008BA0039B019A59B19BB243EA0243012228462D
S214008BB00393E36B03A99B69984704B070BD62F307
S214008BC00F03F3E701229B6901A9F5E7B43F0020F4
S214008BD02DE9F04F99B00E460D920A69416C0B9341
S214008BE01439D31DB3FBF1F3013302EBC302036B5D
S214008BF004469342C0F001820023DFF804940893F1
S214008C00E36A48461946059300F074FFD6E9033731
S214008C1007930B9B022B4DD1CC2F40F0D7810D9B99
S214008C203BB1314620462CF042FB656C1490012087
S214008C3044E00120079B656C1B68149300F001005C
S214008C4000280CBF04230823782F0E9349D8059AD2
S214008C506B1E1340ED1A3B1D9D423CD2002F3DD0AB
S214008C60082D3ED80023042506934FF0040A3368E7
S214008C7006990B98C9F80030C9F810702CF0FDFC66
S214008C804FEA9A030F93059B89F814000393002379
S214008C9009930C9304930A93616C039B4A1E1A4033
S214008CA08B1A27B35544AB4223D8236B5B1A134465
S214008CB023632FE1782F656CB9D8F07D0D9B002BD0
S214008CC0BCD0E36B01225B69706816A9984716A8AA
S214008CD02CF0B1FCB4E700250695C6E704250697F8
S214008CE0C3E7012300254FF0080A0693BFE7534564
S214008CF0DBD3A3EB0A029742039BB84628BF9046F5
S214008D009742534428D90122D9F8101089F8172021
S214008D108F4226D10399C9F80410049299F81720B7
S214008D200AB399F818100398CA1C09EBC2025060DF
S214008D3004980131A2F80880907289F81810B8F1EA
S214008D40000F07D00B9A022A40F08180099A72B170
S214008D50012209929B46ABE0049A002A18BF032220
S214008D60DBE70222D9E7039AC9F80420E7E70C9A62
S214008D704244032AEED9E26B1846956914A90122EB
S214008D800993A847099B05460028E1D03D2D40F0F1
S214008D901E8104F1080303932368059A606CA2EB16
S214008DA0030ABAFBF0FA00FB0A302CF0FEFCE16A7C
S214008DB0804620462CF04CF9A26A824200F00F81D1
S214008DC0626CD9F80830511E0B40216B2768891A4F
S214008DD00B442363089BE062DF1BB7FBF2F7BA4540
S214008DE040F0FA80059BB3EB080A12D0E36B4FEA1B
S214008DF09A0241469B6998478346E36A059A53441C
S214008E00E362236B03989B1A434423632CF025FBF1
S214008E10DA462368616CE06B01FB07312CF03AFC04
S214008E2020462CF058F820462CF055F92063BAF16D
S214008E30000F00F0D4803269616CD31D1439B3FB87
S214008E40F1F3013302EBC3029042A5D2BFE00D9AC4
S214008E50002A77D1B8F1030F4FEA98026ED9E16B7A
S214008E6018468D6907991093A847109B0546C0B908
S214008E7018F0030515D0079A28F0030B02EB0B0138
S214008E809B444FF0FF3215A815922A46109312F015
S214008E901BFBE26B5846956915A90122A8470546B3
S214008EA0109B9B46079A42440792002D40F08B8009
S214008EB0049B16A80193069B009399F8142043463A
S214008EC0316800F0CDFDE36B0F9A9B69039816A9F5
S214008ED09847039A051E089B18BF134608934346F7
S214008EE05246204603992CF0E0F8236B08F1030263
S214008EF0A3EB0A0322F003029B1AC9F808002363B7
S214008F00002D7FF443AF0C9BA7EB080743440C935C
S214008F10CDF80CB0204603992CF09AF80025039063
S214008F20002F7FF4B9AE364A3168936804F1080022
S214008F30E36252680B9B00F00BFD49E09B464546FA
S214008F4007999EE79B4606F120021092F27D706814
S214008F50A2B1002296F818C00A99D5B2AC4511D92C
S214008F60109D02F1010E35F832508D4228D90E9828
S214008F7006EBC2020144D069084403E00E9A0A993F
S214008F800A441044E26B15A9556901221193A847BB
S214008F90159A0A9B1392E26B043395695846012290
S214008FA013A90A93A847119B054603EB0802A2EBF8
S214008FB00B02042A7FF679AF28B90BF1040BC5E73C
S214008FC07246491BC9E7CDF820B088E770252F46C2
S214008FD0384619B0BDE8F08F4FF0000A19E732693D
S214008FE0616CD31D1439B3FBF1F3013302EBC302FA
S214008FF0236B9342BFF404AEE9E71C27E8E700BF03
S2140090005C3F0020032A2DE9F34106460D4617462D
S2140090101C4606D1237A012B23D0012002B0BDE8DE
S214009020F081DFF86080096842460DF10703FFF71C
S214009030ABF960600028EDD19DF80720237A032A5B
S214009040E8D0D8F804106A689142E3D1012B296968
S214009050D4F80CC007D172690CEB0103934202D915
S2140090602074207CDAE708316144E1603B46012247
S21400907029463046FFF7ACFD60600028CAD00020C5
S214009080CCE700BF883F00202DE9F341089C032A67
S2140090901746266806D1237A012B24D0012002B079
S2140090A0BDE8F081DFF89080304642460DF10703B8
S2140090B0FFF76AF960600028EDD12568D8F804004B
S2140090C0A96AD5F844C04840CCF100031840227A7B
S2140090D0E1D1012A09D1E268D8F810301344726948
S2140090E0934202D92074207CD9E72868EB6A1B1AC1
S2140090F0081AB3FBFCF3B0FBFCF083420BD1706C98
S214009100F36A421E1340326B121A13442846336326
S2140091102BF09EFFE862D8F81020E368083213446C
S214009120E36001223B4604492068FFF751FD60607A
S2140091300028B0D00020B2E7883F00202DE9F0419B
S2140091400025604B0E46D3F8008004461D6018B913
S21400915021252846BDE8F08190F8347007B30A68E8
S21400916003689A4240F0A3804A6843689A4240F0F7
S2140091709E808A6883689A4240F09980CA68C3686D
S2140091809A4240F094800A6943699A4240F08F8080
S2140091908A69C36B9A4240F08A804B698361D8E73C
S2140091A068223946856B11F0FFFFD6E90212336854
S2140091B004F1080023607368A56363603369636124
S2140091C07369A3612CF05BF9B36904F14000E363B3
S2140091D09B68984720B9676C17B16368B3FBF7F7CD
S2140091E094F84330E761002BB2D00023656C236609
S2140091F0002D64D0002F62D02368B3FBF5F205FB88
S2140092001233002B55D16668B6FBF5F305FB1363E6
S214009210002B4ED120462BF02AFEA36904330344CC
S2140092209E4248D340F634726369CC3B934244D89E
S214009230B5F5805F43D3032120462BF041FED4E9E9
S2140092400001E36B1B6898470546E36B0220DB686A
S2140092509847CDB941462046FFF77AF96428054677
S21400926004D141462046FFF773F90546666C5DB9A2
S214009270236A2046143E5E432BF0F9FDA3690433AF
S21400928003449E4238BF5A25002D0CBF01230023FD
S21400929084F8343007D1D4E900010B4A136801334F
S2140092A013602CF086F9E06B2BF0A3FF51E75D25E9
S2140092B04FE759254DE75A254BE75F2549E75B25DC
S2140092C047E700BFEC380020E83800202DE9FF41D2
S2140092D00C4616461F46054680B390F834307BB3DE
S2140092E0B1F5801F2ED2DFF8608001212BF0E8FD5B
S2140092F02146424628460DF10F03FFF745F804467F
S21400930070B99DF80F30012B11D1D8F81030BB4240
S21400931012D10246009031462846FFF743FB04462A
S214009320E86B2BF066FF204604B0BDE8F081022B08
S21400933014BF2D246024F3E76324F1E72124F2E729
S2140093401124F0E72924EEE7B43F00202DE9F0438E
S21400935085B00C4617461E460546DDF8308098B3A5
S21400936090F8343093B3B1F5801F31D2DFF86490B3
S21400937001212BF0A5FD21464A4628460DF10F0394
S214009380FFF702F8044688B99DF80F30012B14D178
S214009390D9F8102006EB08039A4213D300904346F0
S2140093A0324639462846FFF7FDFA0446E86B2BF0AE
S2140093B020FF204605B0BDE8F083022B14BF2D2405
S2140093C06024F3E76324F1E72124F2E71124F0E7B1
S2140093D02924EEE7B43F002073B50C461646054632
S2140093E030B390F834302BB3B1F5801F24D201216E
S2140093F02BF066FD21462846104A0DF10703FEF7BE
S214009400C3FF044680B99DF80730032B0CD0022B0F
S2140094100CD1284609492BF04AFF3060E86B2BF048
S214009420E8FE204602B070BD2D24F7E76124F5E77C
S2140094302124F6E71124F4E72924F2E7B43F0020BC
S2140094402DE9F3411E4600230C46174605463360B9
S21400945050B390F834304BB3B1F5801F28D2DFF804
S214009460548001212BF02CFD2146424628460DF162
S2140094700703FEF789FF0446A0B99DF80730032BC3
S21400948010D0022B03BF01233B600423D8F8103012
S21400949018BF38603360E86B2BF0ABFE204602B096
S2140094A0BDE8F0812D24F6E72124F7E71124F5E73F
S2140094B02924F3E7B43F002073B50446056B2BF070
S2140094C0D6FC636E03449D422CBF002301238542D5
S2140094D094BF00252D1A207C84F85030656584F8EA
S2140094E05800A8B100230C4E1A461946204600968E
S2140094F02BF0A1FF002305461A4619462046009683
S2140095002BF0A2FFE3682844984294BF0020C01ABC
S214009510E06502B070BD00BFFFFF0F002DE9F34706
S2140095201E4643690446B342884617469DF828906F
S2140095304ED300258DF8075020462BF098FCD4F823
S21400954030A082450AD2236AB5EB430F06D200222A
S21400955020460DF10701FFF745F9B8B39DF807302F
S214009560012B05D1002220460DF10701FFF73AF93D
S214009570B9F1030F06D0314620462BF068FC256B68
S214009580854227D3144D4FF0FF31284600F0B2FA3B
S2140095904B46294600222046C5E90376C5F80080DA
S2140095A0FFF716FB236E054663B12046FFF784FFE0
S2140095B094F8503013B994F858301BB1236E04F168
S2140095C050009847284602B0BDE8F0870135B3E75B
S2140095D06225F7E71C25F5E7883F00202DE9FF41C7
S2140095E00F4690461E46054698B390F8343093B31F
S2140095F0B1F5801F31D21A4C02212BF061FC2246B5
S214009600394628460DF10F03FEF7BEFE024678B136
S214009610012342460093394633462846FFF77EFF2D
S2140096200446E86B2BF0E5FD204604B0BDE8F0816B
S2140096309DF80F30012BEBD12169B142E8D10093A0
S214009640414633462846FFF7ADF904460028DFD1E9
S214009650E7E72124E8E71124E6E72924E4E700BF4A
S214009660B43F00202DE9F04790F8423086B0012B39
S21400967005460391A1EB020740F0AA80FF2F03D80E
S2140096801E464FF0640807E00226012B14BF4FF079
S21400969032084FF06408013600244FF6FF79DFF8F1
S2140096A044A195F84230012B14BF322364239C4218
S2140096B002D35FFA88F40DE005AB224651462846F1
S2140096C02BF0D3FD95F84230012B059B34D14B454A
S2140096D02DD1E4B295F84230012B14BF3222642219
S2140096E0121BB24217D3012E39D10022012B059747
S2140096F08DF8132027D1082205A90DF113002CF0B0
S21400970070F89DF81330059A42EA0322214628464F
S214009710FFF730FA40B10223324900932846CC23A3
S214009720096803AAFFF7FAFE06B0BDE8F087DBB2C9
S21400973003B902340134B4E7591CCAD09BB2002BDB
S214009740F8D10134F6E7102205A90DF113002CF02C
S21400975048F89DF81330059A42EA0342D6E7039A82
S214009760012B059223D10823202205A90DF1130011
S2140097708DF813302CF035F89DF813201202214690
S2140097802846FFF7F7F995F84230611C012BC9B25D
S2140097901AD10028BFD12846BDF81420FFF7EAF9F1
S2140097A00028B8D10234BDF81620E1B2AFE7102386
S2140097B0202205A90DF113008DF813302CF011F8B6
S2140097C09DF813201204DAE70028A4D1059A9EE734
S2140097D0B7F5803F4FF00106BFF457AF4FF03208A1
S2140097E05AE700BFB43F002070B586B00E46054667
S2140097F00392A0B390F834309BB3B1F5801F32D2F9
S21400980002212BF05DFB31462846184A0DF117035E
S214009810FEF7BAFD044618B99DF81730032B0ED193
S2140098200223314600932846CC2303AAFFF776FE90
S2140098300446E86B2BF0DDFC204606B070BD022B1C
S2140098400BD10A4928462BF032FD03990246814285
S214009850EFD02846FFF706FFEAE76124E9E7212470
S214009860EAE71124E8E72924E6E700BFB43F002032
S214009870F7B50C461646054668B390F8343063B321
S214009880B1F5801F2BD202212BF01AFB2146284669
S214009890144A0DF10703FEF777FDC0B99DF80730AF
S2140098A0032B14D0022B14D10E4928462BF0FFFCB4
S2140098B0471C024639462846FFF7D4FE044606B142
S2140098C03760E86B2BF095FC204603B0F0BD2D24E6
S2140098D0F7E76124F5E72124F6E71124F4E72924C5
S2140098E0F2E700BFB43F002030B50C46054685B011
S2140098F028B390F8343023B3B1F5801F23D2022169
S2140099002BF0DEFA0DF10F03214628460F4AFEF72C
S2140099103BFD034688B99DF80F20032A0DD003228D
S2140099202146009202462846FFF7F8FD0446E86BFB
S2140099302BF05FFC204605B030BD2D24F7E7212430
S214009940F8E71124F6E72924F4E700BFB43F002027
S2140099502DE9F043466886B3056898464FF0000C3C
S214009960A946AE4655F83C400CF1010CC4F313076B
S214009970013401D0B94217D0B4450EF1080EF1D12A
S2140099802F46002403E0B44207F1080712D055F82A
S214009990343001340133F6D1C1F3130141EA0851E2
S2140099A0C7E90012BDE8F08341EA0851CEE900128B
S2140099B0BDE8F083B8F1030F03D101230372BDE8BD
S2140099C0F083002303E0B34209F10809F5D055F807
S2140099D033400133C4F30754032CF4D1C1F313030B
S2140099E043EA0853C9E90032BDE8F0832DE9F041A7
S2140099F00646406882B0B8B10F46904600243368E9
S214009A0053F8345003EBC403C5F30752C5F31301F0
S214009A10013506D05B683046CDF80080B84718B1EF
S214009A20706801348442EAD302B0BDE8F08100BF1A
S214009A30024B1968024B1868FFF780BB546B002076
S214009A40746B002008B535F054FC014B186008BD57
S214009A50E03F0020014B186835F046BCE03F002090
S214009A6073B504462248012A00EAC1119DF8185031
S214009A7023F07C4007D9961E012E28D9073303F021
S214009A807F03194308E09DF81C300A43DB0603F009
S214009A90C053134343F060410023C4E900108DF81F
S214009AA00730B5B1202221460DF107002BF099FEB4
S214009AB01A220DF10700211D2BF093FE0820636883
S214009AC09DF8072043EA8263636002B070BD1143CD
S214009AD0E2E71B220DF1070021462BF082FE2368E9
S214009AE09DF80720042043EAC2632360EDE700BF29
S214009AF080FFFF0738B5094B0D461A68002104465B
S214009B0011F052FB00234FF0FF322383C4E90025F7
S214009B102361A260E382A37638BD00BF7894040078
S214009B200138C0B205289ABF014B185C0120704767
S214009B307D9404002DE9F0410746154600240E46A4
S214009B40596888B0490A012922464FEA510104F1B2
S214009B500104F8D8DC78997824031B88C90201F43C
S214009B60006104F480540C43C3F30A0352032344F5
S214009B7092B24FF000089C18274B6FEA04440393F8
S214009B8025F07843ED4302A90DF107001B2202934E
S214009B908DF807802BF025FE9DF80720029B02A972
S214009BA043EAC2630DF107001B2225F078450493B3
S214009BB002958DF807802BF014FE9DF80720029B77
S214009BC06FEA144443EAC26305934FF0FF330794E9
S214009BD0069307A9BB69012206F110009847BB69E6
S214009BE005A90446012206F108009847BB694045CE
S214009BF018BF044604A90122301D9847012240459B
S214009C0018BF0446BB69304603A99847404508BFBD
S214009C10204608B0BDE8F08101009AB238B5104B76
S214009C200546D3F800310C4603F00303022B0BD095
S214009C30032B0DD0012B0FD133F034FC032305B1D9
S214009C40286004B1236038BD33F076FC0723F6E7BE
S214009C5035F062FB0623F2E701230020EFE700BFA2
S214009C600080005038B5134B0546D3F820010C464B
S214009C7000F0070004281AD8DFE800F003090D11E9
S214009C801500012305B1286004B1236038BD33F008
S214009C90CFFB0423F6E733F005FC0323F2E733F0AB
S214009CA007FC0523EEE733F0F9FB0223EAE700237F
S214009CB01846E7E70080005038B5104B0546D3F845
S214009CC040310C4603F00303022B0BD0032B0DD0C0
S214009CD0012B0FD135F022FB082305B1286004B113
S214009CE0236038BD33F028FC0723F6E735F019FB70
S214009CF00923F2E701230020EFE700BF00800050B1
S214009D0038B5104B0546D3F860310C4603F0030314
S214009D10022B0BD0032B0DD0012B0FD135F0FEFA02
S214009D20082305B1286004B1236038BD33F004FC75
S214009D300723F6E735F0F5FA0923F2E701230020BA
S214009D40EFE700BF0080005041F6713210B5104CAE
S214009D50104BA04294BF00240124D969DA639A68A4
S214009D6001F4803122F4401242EA04529A600A4A10
S214009D7090420A4AD2F818028CBF40F0020020F047
S214009D800200C2F8180209B10022DA6310BD00BF53
S214009D90005A62020000035080F0FA0200C007502A
S214009DA02E4B98424AD022D82D4B984240D014D8F9
S214009DB02C4B984239D00AD82B4B984232D02B4B9A
S214009DC098422FD02A4B98422CD000207047294B1F
S214009DD09842FAD1284B186F7047284B98422AD0E1
S214009DE0274B9842F1D1244BD3F880007047254B7F
S214009DF098422BD009D8244B984223D0234B984224
S214009E00E3D11D4BD3F88C007047214B984221D0EC
S214009E1003F5740303F510539842D6D1164BD3F8C6
S214009E2098007047144B986D7047134B586E7047E8
S214009E30114B586F7047104B986F70470E4BD3F806
S214009E40840070470C4BD3F8880070470A4BD3F851
S214009E5090007047084BD3F8940070470048E8011C
S214009E600024F400C0CF6A0080841E0000093D0074
S214009E7040420F00405DC6000080E00FC0EA2101AE
S214009E8080BA8C01007E560380D54302006CDC024B
S214009E900090D00337B50C460021114B0191D3F842
S214009EA08031054603F00303022B0ED0032B11D09E
S214009EB0012B03D101A8FFF7D5FE0D210DB1019BA3
S214009EC02B6004B1216003B030BD33F0F1FA0521F8
S214009ED00190F3E733F0E2FA02210190EEE700BFCB
S214009EE00080005038B5104B0546D3F840320C467B
S214009EF003F00303022B0BD0032B0DD0012B0FD145
S214009F0035F00CFA082305B1286004B1236038BD8B
S214009F1033F012FB0723F6E735F003FA0923F2E7DE
S214009F2000231846EFE700BF0080005038B5144BFA
S214009F300546D3F800020C4600F0070004281BD89C
S214009F40DFE800F003090D111500012305B12860B4
S214009F5004B1236038BD35F0E1F90823F6E733F0A5
S214009F60EBFA0723F2E735F0DCF90923EEE733F0E6
S214009F707FFA0C23800AE9E700231846E6E700BFCD
S214009F800080005038B5144B0546D3F808020C463E
S214009F9000F0070004281BD8DFE800F003090D11C5
S214009FA01500012305B1286004B1236038BD35F0E3
S214009FB0B5F90823F6E733F0BFFA0723F2E735F0E2
S214009FC0B0F90923EEE733F053FA0C23800AE9E7E9
S214009FD000231846E6E700BF00800050032814D090
S214009FE005D8012805D0022809D0002005E00F2852
S214009FF0FBD1084B186FC0F3013001307047054B9A
S21400A000D3F89000C0F30460F7E7024B186FC0F374
S21400A0108020F2E7008000501FB50023019325281A
S21400A02017D8DFE800F0131A1D272C363B51565B75
S21400A03060656A78161A401616561A272C27361A9E
S21400A0405127783B3B3B3B2727275B6033F0F6F9ED
S21400A0500190019805B05DF804FB33F009FAF7E7C4
S21400A06033F0ECF902460220FFF7B8FFB2FBF0F23D
S21400A0700192EEE733F0FCF902460320F4E733F0F2
S21400A080F7F902460320FFF7A9FFB2FBF0F25208E9
S21400A090EEE7002101A8FFF7FDFEDAE7002101A8A0
S21400A0A0FFF7E0FDD5E702934FF0E0231B695B075F
S21400A0B005D533F0DDF90290029B0193C9E703A9A9
S21400A0C002A8FFF7F9FDF7E7002101A8FFF7F4FD66
S21400A0D0BFE7002101A8FFF713FEBAE7002101A899
S21400A0E0FFF724FFB5E7002101A8FFF74BFFB0E715
S21400A0F0002101A8FFF792FDABE7094BD3F88030AB
S21400A10003F00303022BA8D0032B01D000209FE707
S21400A11033F0CEF99CE7002101A8FFF7E3FE98E7AD
S21400A1200080005008B50120FFF776FFBDE8084024
S21400A1300349884294BF01210221032000F002B89F
S21400A14080F0FA02032810B50C4627D004D8012860
S21400A15004D0022817D010BD0F28FCD12BF05FFBCF
S21400A1602BF065FB124A013C136F23F4405343EA7D
S21400A1700433136733F07CF90021FFF7E5FDBDE8F3
S21400A1801040FFF7CFBF0A4A4C1ED2F8903023F09B
S21400A190F85343EA0463C2F89030DCE7044A4C1EE6
S21400A1A0136F23F4806343EA84231367D3E700BF67
S21400A1B0008000501FB500230193252821D8DFE832
S21400A1C000F013202020202A2F454A4F54595E7154
S21400A1D020203420204A202020202A204520712FAD
S21400A1E02F2F2F2020204F54314B1B6F03F00703D7
S21400A1F0013B032B05D8DFE803F00C02080A042312
S21400A2000193019805B05DF804FB0323F8E70623E5
S21400A210F6E70223F4E7002001A9FFF73BFEF0E78C
S21400A220002001A9FFF71EFDEBE702934FF0E023A5
S21400A2301B695B0705D533F01BF90B230393039BC0
S21400A240DEE703A902A8FFF737FDF8E7002001A91B
S21400A250FFF732FDD5E7002001A9FFF751FDD0E753
S21400A260002001A9FFF762FECBE7002001A9FFF757
S21400A27089FEC6E7002001A9FFF7D0FCC1E70C4B1A
S21400A280D3F8803003F00303022B03D0032B05D052
S21400A2900023B5E733F0ECF80B23B1E733F008F909
S21400A2A00523ADE7002001A9FFF71CFEA9E700BFC4
S21400A2B00080005008B50320FFF790FE034B18708F
S21400A2C02BF0ADFABDE808402BF0B1BA2E610020A5
S21400A2D010B5044633F0CCF80021FFF735FD1CB16D
S21400A2E0BDE81040FFF71EBF034B0320BDE810403B
S21400A2F01978FFF727BF00BF2E61002038B5054646
S21400A300FFF74EFD204B04465A68012A04D11F4928
S21400A3104A609A699207FCD10020FFF74BFF042899
S21400A32003D12BF07CFA2BF082FA194A24F0407302
S21400A33095421FD0174A95421FD0174AD16811F090
S21400A340060FFBD19068936091684B4013F4F81F9A
S21400A35016D12846FDF766FD0020FFF72BFF0428E0
S21400A36010D133F085F80021FFF7EEFCBDE8384049
S21400A370FFF7D8BE43F00073DFE743F08073DCE7F7
S21400A3809060E9E738BD00BF00C0015000E0015012
S21400A39040420F0080841E000000015070B5044645
S21400A3A00020FFF707FF03287CD045F60E030221A6
S21400A3B0414AC2F88030414B9962012103F580532F
S21400A3C09962936DD903FCD4D4E900131B0543EAC4
S21400A3D00163E17B94F823500B43217B43EA01435E
S21400A3E0617B43EA0133A17B43EA811313619169E0
S21400A3F0D4E904031B0643EA806301F000410B43E3
S21400A400A17EE07E0B43217E43EA0143617E43EA60
S21400A41001239361E169136A002923F00D0343EADF
S21400A420010314BF0121002143EA800343EAC1036C
S21400A430136294F8203094F82200916A4FEA43138E
S21400A44031D194F8216021F0330143EA06130B431F
S21400A45043F0010393621A49174A936D31EA0303E6
S21400A460FBD10221154B9962936D5B00FCD41369F6
S21400A470A16823F4700343EA015313614FF00042CE
S21400A4800E4B9A6118B9022203F580539A6215B9E9
S21400A49001220C4B9A6294F824301BB1064B0A4AF0
S21400A4A0C3F8802070BD21F0330129430B4343EAF3
S21400A4B040039362EFE700BF00C0005000D000509A
S21400A4C00300014000E00050F1A7FFFF014B93F9A5
S21400A4D0000070472F610020014B1880704700BFB6
S21400A4E0A67000200C4A10B51369044643F0040316
S21400A4F0136133F02DFB2BF09EF9084B084AC3F886
S21400A500202430BF2BF098F902F066F91CB9BDE89C
S21400A510104032F0ADBF10BD00ED00E000E003508B
S21400A5200000FFFF034A0179D36E23F030030B438C
S21400A530D366704700400050F8B504460D461F46E7
S21400A54016464AB101238B403021184A01FB0022EF
S21400A550F7B141F21001535004EB4403072D4FF0BE
S21400A5600F014FEA031316D8A80006FA00F281403E
S21400A5700F4818442BF063F94EB9012330210B4ADB
S21400A580AB4001FB042277B141F210015350F8BDF5
S21400A59042F21001DFE7A5F10800800006FA00F29B
S21400A5A081400448E5E742F21001EFE700C003509F
S21400A5B004C003500CC00350012200F5805310B5B0
S21400A5C05A60244B244AC36043691340FCD183611C
S21400A5D0C0F89830436913F4401FFBD14369DA058D
S21400A5E02CD4836F53BB43699B0529D4D0F888309D
S21400A5F033BB0121C26FD0F88C2000F500525160A9
S21400A600302183600361C36203620167C0F8801073
S21400A6101249884208D142F26004114984640165F7
S21400A62043658465016643660C49884202D1002072
S21400A630102B08D10B4B5362936210BD436FCDE7CE
S21400A640D0F88430CFE703F1280441F82400013322
S21400A650EEE700BF12000200520001000040005A60
S21400A66000C002808F330F80084608B569B91820ED
S21400A670FFF7D2FCB0B10C4B984206D90B4B9B6847
S21400A680C3F302730133B0FBF3F0094B00F57420FB
S21400A69000F23F20B0FBF3F001387F2828BF7F2070
S21400A6A0C0B208BD0120F0E7005A62020040005A1E
S21400A6B040420F000B4B10B5994228BF19460C4676
S21400A6C01AB91820FFF7A8FC0246631E1344B3FB12
S21400A6D0F4F0A34228BF00F1FF30032828BF032070
S21400A6E0C0B210BD005A620210B51048104C002BC4
S21400A6F008BF04468C4228BF0C461AB91820FFF73C
S21400A7008BFC02469DF8083040F2FF300133B2FB66
S21400A710F3F2631E1A44B2FBF4F3A24228BF03F11D
S21400A720FF33984228BF184610BD00BF8096980099
S21400A730404B4C002DE9F04F2DED068BB64D0C46E8
S21400A74016462946002285B00746FFF7B3FF94F861
S21400A75005800122804538BF804607F500535A60C1
S21400A76020795FFA88F850B91820FFF755FCA84200
S21400A770014628BFB0FBF8F13846FFF775FF4FF0EB
S21400A7800009E37822781B01524202F0020203F02D
S21400A7903003134362780004524202F0040213436B
S21400A7A0A27800F4FE00524202F0080213434FEA79
S21400A7B0087202F0E04213431843E3882289B86027
S21400A7C03B616389DFF85CA243EA02433B6257457C
S21400A7D002D1B9F1020F08D1012307F580577B603B
S21400A7E005B0BDEC068BBDE8F08F002235788B48AF
S21400A7F08B49B468954218BF01462B468948CDF868
S21400A8000080FFF771FF07EB09118B6CA2B223F0F3
S21400A810405323F4EE2323F01F0305F003041C43E8
S21400A820737882424FEA830303F01C0344EA03046E
S21400A830B37838BF02461B03F07803F4E0432343A3
S21400A840040404F4E024234334794FEA091C240763
S21400A85004F0405423438B648C6C09F1050BC4F35D
S21400A8600234013C7049042C26D8DFE804F0252584
S21400A87003101A00D1F88041240C2DB3C2F309024C
S21400A8800AEB0B135A6009F1010910369FE7D1F85D
S21400A8908441002DF2D1D1F88C11A4B209144900DC
S21400A8A015E0D1F88441002DE8D1D1F88C11240CA4
S21400A8B0091401EB41010AE0D1F88041A4B2002D51
S21400A8C0DCD1DFED5A7A06E0D1F88C11091407EED8
S21400A8D0901AF8EEE77A01210CF1B44C0CF5804C96
S21400A8E02304DCF8483024F4C045C3F3820C0CF192
S21400A8F0010C01FA0CF107EE101A4FEA854548BF25
S21400A90045F0004513F01C0FB8EEC79AF6EE008A25
S21400A910454B55D1D3F88C110BB208EE103AB8EE71
S21400A920C88A38EE278A9FED42AAF7EE049A0028D6
S21400A9305DD103922AF0FDFF07EE900AF8EE677AE3
S21400A94087EE8A7AC9EE877A27EE888A039A9FED81
S21400A950397AC7EE097A9FED387A67EE877AB1EED4
S21400A960007AB5F1004F48EE077A0BD09FED337AA8
S21400A97006EE104A77EE876ABAEEE86AF0EE477A95
S21400A98056EE267AF5EEC07AF1EE10FACBBFF1EE6F
S21400A990677A78EEE78A77EEE87AFDEEE87AC8BF5F
S21400A9A0FDEEE77A17EE901AB1F5003F2ADB6FEA64
S21400A9B055456FEA45451B484FEA0B1145505DE784
S21400A9C0D3F8901169EE286A09B207EE101AB8EEAD
S21400A9D0C77AD3F8881177EE677A0BB208EE103A8A
S21400A9E087EEA67AB8EEC88A38EE078A9BE7D6EDD9
S21400A9F0037AF8EE677A87EE8A7AC9EE877A27EEC8
S21400AA00888AA4E711F5003FAABFC1F3110145F4F7
S21400AA1000350D43CFE700BF005A6202404B4C00A2
S21400AA20809698000040005A0080E00F000000006A
S21400AA3000007A44000080430000204400000049E3
S21400AA4041F67132034BDA63012203F50053DA60F4
S21400AA50704700BF0000035041F671320121044BDD
S21400AA60DA6303F50052D1600022DA63704700BF54
S21400AA7000000350044B1868421C02BF034AD2F879
S21400AA8094001860704700BF786B002000400050AC
S21400AA90CB784A7810B55B010C7843EA82030A79D2
S21400AAA0234343EA02130C22424302F1B0421363EB
S21400AAB0012C02BF8A78024B43F8202010BD00BF4D
S21400AAC0D080035008B54FF0B0435A6802B960B161
S21400AAD05B680BB12AF055FF4FF0B04130B1012052
S21400AAE0074B58602AF04DFFC86008BD2AF049FFA2
S21400AAF00223CB602AF045FF0122024B5A60F4E79E
S21400AB0000100058002000584FF0B0414B6810B5B8
S21400AB100BB12AF036FF01220B4BC4785A608378BB
S21400AB20934043EA840344782343047943EA0413B6
S21400AB30447943EAC4038B60044B5A600378C3F13C
S21400AB400203CB6010BD00BF002000580010005864
S21400AB50054B5B69C3F38512827003F03F021B0B43
S21400AB6042700370704700BF00C007500120034BBF
S21400AB709B680A3303F01F03984070470080E00F7D
S21400AB80034BD3F82424D3F820041040704700BFAA
S21400AB9000C003502DE9F8431E4B0546D3F810338A
S21400ABA04B1E0E2B0E46174690F8009044781DD983
S21400ABB009B34FF000082846D7B134F0B5FB09EBCF
S21400ABC04903072C4FF00F014FEA031315D8A400D2
S21400ABD0114808FA04F2A14018442AF0DAFEBEB979
S21400ABE028468FB1BDE8F84334F09EBB8846E2E7BE
S21400ABF02AF0DEFEE3E78846E1E7083CA4000748C3
S21400AC0008FA04F2A140E7E7BDE8F8432AF0D0BE10
S21400AC10BDE8F88300C0035004C003500CC00350C6
S21400AC202DE9F041204B1646D3F810234A1C054662
S21400AC300C46407804D1D3F824142AF0C7FE044604
S21400AC40002C2EDB072C14DC03274FEA84082A7816
S21400AC5007FA08F73946154802FA08F22AF099FE6C
S21400AC606A78394602F00302114802FA08F22AF01E
S21400AC7090FE012316F0050F0E4A18BF0E4903FA80
S21400AC8004F30CBFC2F81034C1F8103416F0060FE7
S21400AC9018BF094AC2F814340123064AA340C2F872
S21400ACA020342046BDE8F08100C0035000C40350A5
S21400ACB008C4035000E0035000D0035070B50446AB
S21400ACC02FF0D6FA064630B90FCC044D0FC594E8DF
S21400ACD00F0085E80F00304670BD00BFE43F00203F
S21400ACE047F6FF739A42F0B570D0022970D8394BF8
S21400ACF05B5C022B6CD8384DDE0005EBC304A778EE
S21400AD0015F83330012F394638BF0121012B16D1F3
S21400AD10E078401A0021884205D8012F2CBFC019C0
S21400AD200130C0B2F0BD431A6568A0EB530335F995
S21400AD3013509542D4BF194603F1FF30EBE7606825
S21400AD400028EFD0B0F90040944204DBB0F902408E
S21400AD509442B8BF144683883544FF2B19BFC823D6
S21400AD602827B0F90630B0F90870A3EB04030CBF2F
S21400AD700122002293FBF7F36E7813441BB29E4227
S21400AD8001DD002B01DA731E1BB24FF47A7C00EB58
S21400AD90C305EA88AD685F1C14FB02521D4622EA12
S21400ADA0E2723BB25C329E42B2FBFCF204DD00EB88
S21400ADB0C307BF889742EAD200EBC5039888904243
S21400ADC028BF1046884238BF0846AAE7FF20A9E7F2
S21400ADD00020A7E783940400E43F00200229F0B592
S21400ADE060D8314B595C02295CD8304B13F83100DF
S21400ADF0012816D103EBC1039C78D878012C214694
S21400AE0038BF0121904294BFC1EB0001C1EB0201A3
S21400AE10001BCAB28242C8BF00225B6833F9120028
S21400AE20F0BD002A3CD003EBC1035968002939D095
S21400AE309878904202D3B1F90200F1E7DC78B1F9D4
S21400AE4000009442ECD95C788B88013CA3F1FF06A5
S21400AE50734201F10405E4B2734101F10C07DEB25E
S21400AE60B44216D805EBC3034FF47A756A43B3F9B8
S21400AE7002405B68D21A04EBD47302EB630292FBC7
S21400AE80F4F29042CCDBB1F902009042C8DC10B27A
S21400AE90C6E737F833C05E1C9445E3D33346DEE797
S21400AEA00348BDE70348BBE783940400E43F002063
S21400AEB00CFEFFFF0080FFFF08B50448FFF7FEFE0C
S21400AEC0BDE8084001202FF0D9B900BF88940400DF
S21400AED07FB51422002101A810F066F9044B01A9E1
S21400AEE04FF0FF3002932FF00FFA07B05DF804FB27
S21400AEF0006A18002DE9F0418CB08846DDE912762C
S21400AF001D460446002847D0002945D0002F43D0D0
S21400AF10002E41D013F00F033ED120482049A360F5
S21400AF20002A08BF01462362C4E90013404609A967
S21400AF302AF0DEFD68BB2046099934F050FA29460F
S21400AF40204634F04CFA694640462AF060FE00BBC4
S21400AF50694620462AF08BFE404603A92AF062FE88
S21400AF60B8B9204603A92AF082FE06970127204694
S21400AF7045F0005506A9079708952AF078FE204662
S21400AF8009A909960A970B9534F04FFA204634F033
S21400AF9009FA0CB0BDE8F0812120FAE700010004B0
S21400AFA0000101042DE9F04F97B0894690461F46F0
S21400AFB00546DDF880A0002800F0BB80002900F0E0
S21400AFC0B8803AB1229B002B00F0B380239B002B65
S21400AFD000F0AF80BAF1000F00F0AB80219B002B91
S21400AFE000F0A78067B13C680026229B434402938A
S21400AFF0464507D307B13C60002017B0BDE8F08F88
S21400B0003C46F1E75CB1229B219A9B5D125D0134C0
S21400B0105340239A04F00F0493550136E8E7A8EB53
S21400B020060BBBF10F0F58D9434B4846C5E9003411
S21400B030AC602C6213A92AF05BFD0028DDD12846FF
S21400B04013992BF00F0B34F0CAF95946284634F002
S21400B050C6F9484604A92AF0DAFD0028CDD12846CC
S21400B06004A92AF004FE484607A92AF0DBFD0028BA
S21400B070C3D1284607A92AF0FAFD012322992F4AB0
S21400B080CDF828A00B930C928A190D9228464BF007
S21400B09000520AA90E9303920F922AF0E8FD284662
S21400B0A00DA92AF0E4FD239B039A99190123109118
S21400B0B011931292214A284610A9CDF84CA0149359
S21400B0C0159234F0B2F9284613A934F0AEF92846A2
S21400B0D034F068F95E4400288FD1229B03EB060B00
S21400B0E0239B1E44029B9B4501D1464680E7ACB994
S21400B0F0219B2246CDE900A3494610232846FFF7A8
S21400B100F9FE00287FF479AF0AF1100212F8013D2B
S21400B1100133DBB213700BB95245F7D1219A1BF8F5
S21400B120013B125D0134534006F8013B04F00F0466
S21400B130D8E7212061E700BF0303000410000020C9
S21400B1407FB50E461D460446F0B102B9E3B90123A9
S21400B1500192029345F00053039300230B4AA36029
S21400B160C4E900232362204601A92AF080FD314667
S21400B170204634F034F92046294634F030F920468B
S21400B18034F010F904B070BD2120FBE7000009433D
S21400B190084B984202D0084B984207D10B88B3F56B
S21400B1A0105F14BF6FF08500002070476FF08500B9
S21400B1B0704700BF004440040013C0041038102835
S21400B1C008D8064BC34013F0010F0CBF6FF0860083
S21400B1D0002070476FF08600704700BF0101010035
S21400B1E02DE9F04FA7B008AFCDE90501DDE93295AE
S21400B1F0DDE9346A00210792384610229846DDF8C9
S21400B200D8B00FF0D1FF102200210CA80FF0CCFF11
S21400B210069B2BB96FF08604204627B0BDE8F08F5A
S21400B220079B002BF6D0B9F1000F01D1002DF1D10C
S21400B230309B13B9319B002BECD116B9BAF1000F35
S21400B240E8D1BBF1000FE5D040460599FFF7A0FF17
S21400B25004460028E0D1014628221CA80FF0A4FFCF
S21400B2602022214614A80FF09FFF1CA834F0ADF84A
S21400B270002840F0AF80DDE90612059814AB2AF0EE
S21400B28042FD04460028C7D11498FFF797FF0446EE
S21400B2900028C1D115B9CBF80000BDE7B14518D2DA
S21400B2A009EB05039E4214D25545B3D82A464946B3
S21400B2B030460FF0CBFF554B984526D006D3544B5F
S21400B2C0984524D003F54073984520D06FF0850448
S21400B2D0A2E74F4B98451BD003F54073984517D00F
S21400B2E04A4B9845F2D1554594D815F00F0291D1A6
S21400B2F02B46CDE9009614A91CA8FFF7FBFD814656
S21400B30000285CD1CBF8005086E7B146EDE7B146A1
S21400B3101022002110A80FF047FF55453FF67AAFE0
S21400B3203C4B9845319B39D10D2B7FF473AF0123ED
S21400B3308DF84030309B0DF1410203F10C0153F8BB
S21400B340040B8B4242F8040BF9D11B7813700123CF
S21400B3508DF84F3015F00F0842D025F00F034B4400
S21400B3600DF1300C03F1100E624618685968083368
S21400B37003C273459446F7D10F2D33D825F00F033B
S21400B380334403930CABCDE9017310AB00934246F4
S21400B390002314A91CA8FFF705FEB0E7102B7FF4C6
S21400B3A039AF309B10AA03F1100E944618685968FE
S21400B3B00833ACE8030073456246F6D1CAE7524646
S21400B3C0002130460FF0F0FE0023B9F1010FCBF854
S21400B3D0003002D06FF092041EE76FF08B041BE77C
S21400B3E00F2D8FD910ABCDE902960093019700235D
S21400B3F025F00F0214A91CA8FFF7D4FD81460028EB
S21400B400DDD1B8F1000F3FF47DAFB7E7004440044C
S21400B4100010C0040013C0042DE9F04F8A46A1B006
S21400B4200021DDE92A56DDE92C790590934606A829
S21400B430102298460FF0B8FE102200210AA80FF03E
S21400B440B3FEBAF1000F05D16FF08604204621B096
S21400B450BDE8F08FBBF1000FF6D00DB9002EF3D18A
S21400B46017B9B9F1000FEFD12E9B002BECD0404658
S21400B4700599FFF78DFE04460028E7D101462822ED
S21400B48016A80FF091FE202221460EA80FF08CFE83
S21400B49016A833F09AFF002854D15A46514605980C
S21400B4A00EAB2AF030FC04460028CFD10E98FFF7EA
S21400B4B085FE04460028C9D116B92E9B1860C5E73C
S21400B4C0BD4216D2AB199F4213D24E45BCD8324667
S21400B4D0294638460FF0BAFE3A4B98455BD003F53E
S21400B4E04073984531D0384B984511D06FF085049D
S21400B4F0ACE7344B98454FD003F54073984525D0BC
S21400B500314B9845F2D14E4503D96FF089049DE73B
S21400B5103D46330798D133460122CDE900570EA9A0
S21400B52016A8FFF7E7FC2E9B05461E6000288DD068
S21400B5304A46002138460FF037FE00232E9A012D8A
S21400B54013603BD06FF0920480E73D460D3E4E45BB
S21400B550DBD801238DF828302B460DF1290205F1A2
S21400B5600C0153F8040B8B4242F8040BF9D11B78FC
S21400B5700D3513704FF48073ADF8363006AB01937B
S21400B5800AAB009332460023CDE902570EA916A84F
S21400B590FFF708FDC7E73D46103E4E45B5D82B469B
S21400B5A00DF1280C05F1100E62461868596808332C
S21400B5B003C273459446F7D11035DFE76FF08B046E
S21400B5C044E700BF0010C0040044400410B54FF428
S21400B5D02F72002104460FF0E7FD8023C4F88C305C
S21400B5E0054B04F19C00C4F88430012384F88830AD
S21400B5F0BDE8104029F0D3BB70FF030010B5D0F8AB
S21400B600A0400A468CB92AF094FD044610B90024DE
S21400B610204610BD2D2896BF064B074953F820102C
S21400B620064A07482AF0CBFEF2E7D0F8A4101046E8
S21400B630A047ECE77495040073FF030079FC030051
S21400B640A3000400F8B590F88060044616B1002602
S21400B6503046F8BD2AF0A0FB0028F8D1012384F874
S21400B660803094F8883033B1D4F884101F4884F8BA
S21400B67088602AF0A4FE4FF0FF37D4F8B402421CCC
S21400B6801FD0C4F8B47210F0FF052CD020462AF064
S21400B69080FB2946204600F0A7FB0028EDD0204678
S21400B6A02AF085FB94F888303BB1D4F884100F4814
S21400B6B02AF085FE002384F88830002384F8803042
S21400B6C0C6E72AF061FE431CDDD1D4F88C30D4F8EE
S21400B6D09420013B9A4204DB054A064906482AF0B4
S21400B6E06EFE0126E9E70126C7E700BF3E1204000A
S21400B6F079FC030081FF0300A3000400F8B50B7873
S21400B7000446302B0D46164604D14B7803F0DF0373
S21400B710582B11D0284F6A1E12F8011F002934D169
S21400B72028460A220FF030FC202C03460D4631D165
S21400B730B1FA81F040091AE04A1C1F4912F8013F8D
S21400B7408BB928460FF02CFC1C4B02382340032BE9
S21400B75012D10134A41084420AD1A87837288CBFAD
S21400B7600020012003E0CB5C13F04400E6D1F8BDD6
S21400B770CCBF01200020FAE7002CB8BF0334B0EBA2
S21400B780A40FD4BF01200020F1E77B5C13F0040077
S21400B790C2D1ECE726B1084302D0013B61F10005B7
S21400B7A00122A240013A1A40002D08BF9A420CBF5F
S21400B7B001200020DBE700BF61BB0400030000801F
S21400B7C0F0B5037801467B2B17D1064602240022EB
S21400B7D00B4F16F8015F7D2D05D10B5D6BB9D2437B
S21400B7E002F0010008E07B5D13F0440002D0013255
S21400B7F00134EEE7202DFBD0F0BD0020FCE700BFB3
S21400B80061BB040070B506460D460FF0C9FB044642
S21400B81030462AF0D4FD044EAC4200D370BD30460C
S21400B8202AF0CDFD0134F7E7160904002DE9F84F9C
S21400B830044602215148FFF7E5FF1E212068FFF766
S21400B840E1FF636858682AF0BAFD4D482AF0B7FD54
S21400B85067683B7BFD2B12D8D7F808804FF0FF3681
S21400B86040460FF09DFB0546DFF81091DFF870A10B
S21400B870DFF84CB10C3717F8013BFF2B01D1BDE8C0
S21400B880F88F212B18D8212B36D8DFE803F0377233
S21400B89074111B1D1F2135353535353535352325B6
S21400B8A027292B2D2F3135353535353535353D3373
S21400B8B0344C002D2BD12EE0334C344AFE2B08BFDF
S21400B8C01446F6E7324CF4E7324CF2E7324CF0E737
S21400B8D0324CEEE7324CECE7324CEAE7324CE8E723
S21400B8E0324CE6E7324CE4E7324CE2E7324CE0E733
S21400B8F0324CDEE7324CDCE7234CDAE7314CD8E753
S21400B9002AF051FD01362AE0002DB4D02E4C202B13
S21400B91006F10106AFD002214846FFF773FF1E214D
S21400B9204846FFF76FFF50462AF049FD5946204625
S21400B9300FF090FE2549002818BF214624482AF01B
S21400B9403EFD3B78202B02D12B202AF02CFD2148EF
S21400B9502AF035FD4DB118F806301F2B05D018F823
S21400B96006001F2801D0AE42CADB05482AF027FD94
S21400B97081E7194C9DE7194C9BE700BFB64A0400C7
S21400B98079FC03002B0004003D000400221A04008A
S21400B990880004008F000400800004007C0004007F
S21400B9A073000400690004005F00040074000400D3
S21400B9B06A00040060000400550004004E00040005
S21400B9C0450004002A000400300004003B00040088
S21400B9D03E120400B4030400870004008E00040036
S21400B9E00A1B04002DE9F04F9BB005468B46002449
S21400B9F0009203930FF0D4FA249F039B04901C60DC
S21400BA0028463C600AAA09A92AF0FBFC064658B953
S21400BA100A980FF0C5FA3446B046039B1860D5F86E
S21400BA209C300293029B1BB920461BB0BDE8F08FEA
S21400BA30029BD3F80890B9F1000F6CD02E4416F88C
S21400BA40013B202B11D000260C23734309EB030A7D
S21400BA5059F803300193002B58D0099B434555DB1A
S21400BA609AF808202AB1721C39E03B6801333B6023
S21400BA70E5E73968D5F894200793039B521A1A60B5
S21400BA801AAB03EB880151F8403C01991846059320
S21400BA900FF0A0FD06900028E5D101980FF080FA7F
S21400BAA0DDE906230146DAF80400D7F800A090F88E
S21400BAB00CC0BCF1FE0F16D103F1FF3EC64512D0F6
S21400BAC0D0F80090059801920FF06AFA0AF1010A80
S21400BAD0019A50442B5C23B1386008F101081646E1
S21400BAE0B2E70130F6E7D5F894200591A2EB0A02FA
S21400BAF08A4220DC58460FF053FA059901447B2908
S21400BB000DD958461F4A009929F070F92B46049A19
S21400BB102A4493422CD1029B1B68029382E7DDE9FC
S21400BB200012584629F062F95846174A009901341F
S21400BB3029F05CF997E7BCF1FE0F94D1013B434531
S21400BB4091D1D0F800A0DFF840905AF80C2B22B91B
S21400BB50049B3B60039B1A60D8E75846009929F07F
S21400BB6045F94A465846009929F040F90134ECE771
S21400BB7013F8011B0029CCD14FF0200103F8011C5B
S21400BB80C7E700BF95000400160904002DE9F0473A
S21400BB90002486B01C60DDE90EA8064689468AF8B1
S21400BBA000401168154888F8004017461D468DF875
S21400BBB01740FCF7A5F818B901242B6801332B6051
S21400BBC00020D6F89C6036B914B1012388F80030FE
S21400BBD006B0BDE8F087B06868B14B460021CDE9F5
S21400BBE002A8CDE900750DF117022AF041FA9DF87A
S21400BBF01730002BE8D13668E5E700BF9A0004004E
S21400BC002DE9F0470446ADF5447D8022002104A8C6
S21400BC1002AF0FF0C9FA80222046009703AB04A9B2
S21400BC20FFF7E0FE01283DD104A80FF0B9F903990B
S21400BC303B68461A0B4426EAE6762344054604A8E3
S21400BC403246014418460FF03FFC00228255D4F8D5
S21400BC509060039B3968D4F890201944B14212DCF6
S21400BC60D4F89410E81A0244C4F89020014404AAB8
S21400BC70C4F89410D41825182B1B002B0DDC0DF5DA
S21400BC80447DBDE8F087A05C2AF08DFBD4F89030A8
S21400BC9001360133C4F89030DBE714F8010B2AF0C4
S21400BCA082FBE9E7EBDD24AD8022002128460DF576
S21400BCB0887A0FF079FA0DF110094FF4007200211E
S21400BCC050460FF071FA4FF001084A46002312F86A
S21400BCD0016BA6B904A84AF828300FF061F9294686
S21400BCE0334698451CDB19F8016B0DF5887C5CF82B
S21400BCF0042B82420CD101F8016B0133F1E7202EB0
S21400BD0003F1010304BF4AF8283008F10108DEE712
S21400BD100DF1100E7244D25CB242E8D00022EA5412
S21400BD20D4F89060039BB3422FDC23462C4A04A928
S21400BD302C482AF044FB28460FF032F90646039BAF
S21400BD403F68F61A1F4426EAE672E01917441D44B7
S21400BD50E11904F1900399423CD904F19803984202
S21400BD6038D26A1E81190B1A002B27DD12F8013F04
S21400BD7000F8013BD4F890300133C4F89030D4F882
S21400BD8094300133C4F89430EDE7D4F8903001369F
S21400BD90E05C2AF008FBD4F890300133C4F8903009
S21400BDA0C0E7D4F89020013B0132C4F89020D4F8C4
S21400BDB094200132C4F89420002BF2DC00232E4499
S21400BDC0E355731B002B7FF75AAF15F8010B2AF0CB
S21400BDD0EAFAF6E729460FF077FB3346ECE700BFB2
S21400BDE070FF03009F0004002DE9F843D0E92456B5
S21400BDF004460F46002294F89830012B07D10A2FEC
S21400BE0007D1002384F898300020BDE8F88300F2BC
S21400BE109F801B2F01D10223F4E70D2F0DD10123A4
S21400BE2084F898300D202AF0BEFA0A202AF0BBFAD1
S21400BE3000230120C4E92433E7E74FF00008082F69
S21400BE4084F8988034D1454530DDB5420FD1384668
S21400BE502AF0A9FA20202AF0A6FA013D38462AF050
S21400BE60A2FA013E04F80580C4E92456CCE7FBDAC2
S21400BE7005F1FF3938462AF096FA04EB0903A6EBDB
S21400BE800902611918460FF0E1F904F80680014628
S21400BE90013E48482AF093FA35464D4501DC4D46AA
S21400BEA0E2E708202AF07FFA013DF6E7ACD0DBE7B0
S21400BEB07F2F1CD1002EA7DDB542A5DA6319691CB9
S21400BEC021441846721B0FF0C1F904F8068001469B
S21400BED039482AF074FA0820013E2AF064FAB5427E
S21400BEE0F9D1D4F89430013BC4F894308CE70A2F8B
S21400BEF098D0092F03D12046FFF782FE84E7D4F8B6
S21400BF008C30013BB3427FF77FAFB54204EB0508A8
S21400BF1005F101090CDB384688F80070D4F8943037
S21400BF20C4F890900133C4F894302AF03CFA6BE7DA
S21400BF304146721B04EB09000FF088F940462AF0D0
S21400BF403EFA0820013E2AF02EFAB542F9DDE2E775
S21400BF50022B06D15B2F01D1032353E784F89820E8
S21400BF6049E7032B7FF450AF413F84F89820032F16
S21400BF703FF64AAFDFE807F002070A16012120461F
S21400BF802AF0C2F940E74FF0FF31F8E7B542BFF6B6
S21400BF903BAF605D2AF007FAD4F890300133C4F85E
S21400BFA0903031E7002D7FF72FAF013D0820C4F811
S21400BFB09050BAE7A8000400A204040008B502489E
S21400BFC0FEF79CF9002008BD00B4C40430B58BB061
S21400BFD06C46174D0FCD0FC40FCD0FC495E8030068
S21400BFE084E80300134BD3F84C2112031CD5A3F5A9
S21400BFF0FE431C884FF6FF739C4208BF8C248DF8C6
S21400C0001940FEF763FA204480F308008DF8180004
S21400C0100948FBF70DFF6846FEF7C0F93220FEF729
S21400C0205BFA00200BB030BDD3F85041E4B2E6E72F
S21400C0302C9604000080E00F00F049020028ACBFF8
S21400C04000F16040064B4FEA0111C9B2ABBF00F5E4
S21400C050614000F00F0080F800131954704700BFCD
S21400C06014ED00E008B533F051F90B4B1A7872B9AD
S21400C07001221A7033F045F96FF0040210460132BF
S21400C080052152B2FFF7DAFF3D2AF7D108BDBDE819
S21400C090084033F036B900BF30610020002807DBC7
S21400C0A001234109034A00F01F00834042F8213073
S21400C0B0704700BF00E100E0054B421153F8223004
S21400C0C000F01F0023FA00F0C04300F001007047A4
S21400C0D000E100E0002808DB01224309034900F0E4
S21400C0E01F008240603341F82320704700E100E0E3
S21400C0F010B5044633F0FDF8024B1C6033F0F4F83C
S21400C100002010BD0C40002010B533F0F2F8034BB1
S21400C1101C6833F0E9F8204610BD00BF0C40002034
S21400C12038B50C461546014610B9FFF7EDFF014637
S21400C1302B46224603480DF047FF0028D4BF372081
S21400C140002038BD5965030008B500F0E3FB18B1C0
S21400C1506A21024833F0CFF9002008BDAD00040084
S21400C16008B500F049F80C4A536A43F4702353624A
S21400C170EFF308834FF0CD31084A043B934208D2D0
S21400C18000F070FAFFF7E0FFBDE808400448FEF74D
S21400C19095BD43F80419F1E700ED00E00800002023
S21400C1A08894040007B5042200200DEB02012EF04F
S21400C1B023F8042803D0D721044833F09CF90198CB
S21400C1C000F0DCF903B05DF804FB00BFAD0004002E
S21400C1D0082310B50C0A41400648C9B241F30002D4
S21400C1E0013B024013F0FF0382EA5101F6D184EAD4
S21400C1F0010010BD2083B8ED38B5FEF73BFC0446C1
S21400C20029F0B9FBE3072AD401221046114600FAAA
S21400C21001F3234002F1010223D01D4B33F8113005
S21400C2201C48062B028844881B4920D14FF20F0376
S21400C2309C4219D1B2F5406F28BF4FF4C0624CF251
S21400C2403C330A80438040F201730A889A4201BF59
S21400C250124B134AD2E90001C3E9000115E00021A0
S21400C260DBE7102AD2D1DBE74FF4C062E7E740F203
S21400C2700725AB420AD14FF20F05AC4206D19A42CF
S21400C28004D14CF23C320B80428038BD0B80DAE79A
S21400C290F09704006C6800201E5A00201040002012
S21400C2A064680020014B1888704700BF1E5A0020A3
S21400C2B0014B1888000A70471E5A0020044B054898
S21400C2C01B881A0AB3F5406F38BF00EB8200704730
S21400C2D01E5A0020C0970400044B1888044B020A1C
S21400C2E053F82230C0B203EB800070471E5A00207D
S21400C2F09097040010B5044632F0FFFF4FF20F028D
S21400C300044B1C805A80BFF35F8FBDE810402AF0B4
S21400C310EDB800BF6C6800206D4A2DE9F0416D4B0A
S21400C32055686D4C5D65516A99656C49D1F8000297
S21400C330D865D1F80412586B1966916A10F0040F8C
S21400C3405966D16A4FF000009966116BD966516B39
S21400C3501967D26BD8645A67D3E90E1218BF114614
S21400C3605F4A91421A655DD301F12000A04259D878
S21400C3708869C5F308051864CE69062D5E6455D134
S21400C380584DA84252D3584DA8424FD205884DF674
S21400C390426085424AD11868C3F890005868C3F8CE
S21400C3A0940040F20170A242154604D22E68043270
S21400C3B0B6F1CD3FF7D00022C3E91E22C3E9202202
S21400C3C0C3E92222641BDFF81CC1434DDFF818E1E5
S21400C3D09C648D422DD8D3E91EC7D3E92065D3E9E6
S21400C3E022414FF0000E013AD2B2FF2A3CD1BEF1F4
S21400C3F0000F05D0C3E91EC7C3E92065C3E9224183
S21400C400B3F85430C3F308030C2B3BD8022B54D993
S21400C410DA1E092A51D8DFE802F03157404350505F
S21400C4205050504D0021C3E910112D494FF42060A3
S21400C430B9E755F8044D6445CBD37445C9D2E60731
S21400C440C7D50026294F57F8048FA045C1D001361E
S21400C450062EF8D132B1013AD2B202F11E0643F8E6
S21400C4602640B6E70522F8E7E0464FF0010EBC4648
S21400C47037462E4625460C464146B4E740F6012090
S21400C480BDE8F0813B2B18D1194B9B6913F0020FC6
S21400C49040F2025318BF1846F2E740F60320EFE7D3
S21400C4A040F6042240F20173B0F5206F0CBF104630
S21400C4B01846E5E740F60520E2E740F60722013B8E
S21400C4C04B2B98BF1046DBE740F60220D8E700BFAC
S21400C4D000ED00E0D46700200810002000E100E036
S21400C4E008000020D042000000F903004868002041
S21400C4F00080015A00F00CB800F00AB800F008B846
S21400C50000F006B800F004B800F002B800F000B87A
S21400C51072B61EF0080F09D01EF0040F0DD0DFF81B
S21400C52050E0AEE8FF1F6FF002000CE0DFF840E0DE
S21400C530AEE8FF1F6FF00E0005E0DFF834E0AEE86F
S21400C540FF1F6FF006006946EFF309828EE80700CA
S21400C55086460848084C854501D3A54501D384F393
S21400C5600888FFF7D9FE84F30888FFF7C3FE0000AB
S21400C570D467002048000020081000204BF6EF6229
S21400C58083B2002B08BF1346044A000C13804FF6F4
S21400C590CE2308BF1846024B18807047AA700020AA
S21400C5A0A87000200B4BB3F900201888002AB8BFEB
S21400C5B080F0620042001A80074AB2F90010138821
S21400C5C00029BCBF83F4805383F00B03590011800D
S21400C5D058407047AA700020A870002007B568462B
S21400C5E000F01AF8DDE900010022034B03B05DF805
S21400C5F004EB2AF077BA00BF1840002007B5009376
S21400C60013460A46014603482AF020F803B05DF8B0
S21400C61004FB00BF184000200249034A0160521A7A
S21400C620426070478071002000000120004870477B
S21400C6301840002038B54160044632F05AFE0546E0
S21400C6402146044828F0AEFB2846BDE8384032F0C4
S21400C6504BBE00BF40400020014828F0A0BB00BFF2
S21400C660404000200222014B1A67704700400050ED
S21400C67070B532F03EFE174E0546174832F0E4FE1F
S21400C6803378CBB900F046F9044620B1284632F09C
S21400C6902BFE204670BDFFF7DFFF32F09FFF0F4BEB
S21400C6A01C6031F0D1FB0E4B0E4A1860536F43F0FE
S21400C6B0010353672AF032FA00F028F82AF045FA08
S21400C6C0094B0024186001232846337032F00CFE14
S21400C6D0DFE700BF3C61002068960400444000206D
S21400C6E06C4000200040005048400020054B1B686E
S21400C6F05843054B00F5742000F23F20B0FBF3F0E2
S21400C700704700BF6C40002040420F00294B2A4A69
S21400C710D3F8003170B503F00303136031F02AF943
S21400C7204FF4C870FFF7E2FF0022244B244918603C
S21400C730244C0B680132D2B20A2A44F8040BF9D111
S21400C740034400EBC00003440B601F4B1F4D1B78D7
S21400C75013B3184BD3F8003103F00303022B22D097
S21400C760032B23D0012B17D130F09CFE024698B144
S21400C770174B184EDC6800231946C4F30B0401342B
S21400C78004EB84040138E4FB06010EF0A1F9FFF780
S21400C790ADFF2B6803442B601F20FFF7A7FF2B6815
S21400C7A003442B6070BD30F0C7FEDFE732F0B4FD07
S21400C7B0DCE700BF00800050AC4000207040002046
S21400C7C0744000207840002040610020A4400020F3
S21400C7D000C0015040420F000122154B10B55A67A9
S21400C7E0144B154C1B7813B3022032F0E8FEF0B160
S21400C7F031F0B0FBD8B1A36DD90302D5E36D9A072B
S21400C80015D40D4B9B6DDB0711D401220B4B1A7010
S21400C81032F0C9FEBDE81040094B0A4A1860136F93
S21400C82023F0070343F00303136730F021BE10BD67
S21400C83000D000504161002000C000503E61002042
S21400C840A0400020008000500122014B1A70704763
S21400C8504161002007B5FFF7C1FE01A8FEF778F991
S21400C8609DF80530012B25D1234B9A6DD20311D4A8
S21400C8705A6B6FF3162242F4BC1242F4A0625A635B
S21400C8801A6B22F4704242F440421A631A6B42F466
S21400C890E0621A639DF8043063B94FF000531B68DA
S21400C8A0164B1B68164B1B68164B1B68164B1B68F3
S21400C8B0164B1B68164AD2F8803043F00303C2F8C2
S21400C8C080302AF04AF9FFF7CDFBFFF777FBFFF73A
S21400C8D07DFB0DF0C3FBFFF7CBFE00F01BF82AF044
S21400C8E03DF9FFF73DFC2AF048F92DF0BFFA03B0FA
S21400C8F05DF804EB2AF033B900C000500040002079
S21400C9000080002000C00020000001200040012020
S21400C9100080005070B532F0F9FC144E05463478AD
S21400C920FCB9134B1C60134B1C60134B1C6000F0CF
S21400C93031F8012031F0FCFB31F0EEFB0F4B0246E4
S21400C940186020B9284632F0DCFC232070BD234650
S21400C95040F2E7310A480EF0BBF80A4B1860012394
S21400C9603370284632F0CDFC0020EFE7446100200B
S21400C970BC400020B8400020C4400020C04000203A
S21400C98018FCFFFFB4400020014B1868704700BF3A
S21400C990B44000201FB50024184B18689A880290EF
S21400C9A0D3F806009B7A00901548ADF80C208DF859
S21400C9B0043032F049FD02A88DF808408DF80C408E
S21400C9C0FEF7A2F8694601208DF80040FEF760F8F1
S21400C9D01F220C4B9A615A614FF0B042936A13F0D3
S21400C9E00803FBD113620120FEF76CF80A20FFF75C
S21400C9F071FB0A20FFF752FB04B010BD1998040023
S21400CA00609604000020005810B532F07FFC4FF00E
S21400CA10B04304465B691A07074A03F0010003F0B7
S21400CA200D0348BF40F00200536131F0A9FA2046DA
S21400CA30BDE8104032F065BC0020005821282DE9E2
S21400CA40F341054604D82C46204602B0BDE8F081E6
S21400CA5000240B4E0B4FDFF830800023CDF800800B
S21400CA601A461946386828F0E6FC8442EBD2222C97
S21400CA70E9D056F8043BAB42E6D00134EDE700BF00
S21400CA80389B0400746B0020FFFF0F002DE9F04F69
S21400CA90644E654D89B02AF0BCF831682868FCF70A
S21400CAA04DFB0446002827D033680024D3E9000154
S21400CAB09A6912689047336804A89B699B689847F0
S21400CAC0336802209B69DB6898473268059853688C
S21400CAD0E7B2B3FBF0F3BB42916904F101044ED810
S21400CAE0CB680020984733689B695B689847316835
S21400CAF02868FCF723FB04460027DFF844A1DFF88C
S21400CB004481DFF84491F4B9484B2868DB5D002B7C
S21400CB1000F08380D8F8006002AB314603AAFCF729
S21400CB208FFC2D2807D070B9039B012B0BD0314604
S21400CB302868FCF7D9FEDAF8003031461A6828680B
S21400CB40FCF752FE04460137222F0AF1040A08F1C8
S21400CB50040809F10109D6D1B4FA84F3344A5B0912
S21400CB6013702B681B7C33B12AF01FF818B1DB2139
S21400CB70304832F0C0FC204609B0BDE8F08F12689D
S21400CB800B6907FB002098479FE7D8F8003003AAF8
S21400CB90194402AB0191FCF753FC2D28034601997A
S21400CBA02BD0286813B30BF1010B5FFA8BF18E4282
S21400CBB02868EAD8204BDB5D002BC4D0F3B27E2B6E
S21400CBC02868C0D8D8F8003003AA06EB030B5946ED
S21400CBD002ABFCF735FC2D28B5D059462868FCF783
S21400CBE083FE013604460028E8D0ACE7039B7BB9F9
S21400CBF099F80020029B9A42D5D099F80030DAF8CE
S21400CC0000202868FCF7EAFC0028CCD00446D1E7D0
S21400CC100191FCF769FE0199EFE7084BA346DE5D3C
S21400CC20C3E700BF546B0020746B0020149B040005
S21400CC304661002034010400F29A0400AE9A040013
S21400CC4024980400389B0400D09A0400F8B51F46C8
S21400CC50214B04461B780D46164623B100F47E236E
S21400CC60B3F50E2F2BD02046FFF7E8FE212804460A
S21400CC7014D81A4B53F82010194B1B78ABB1194B2C
S21400CC80212C18681DD8184B1B5DD3B13268FCF7F1
S21400CC90ABFD044650B129F087FF07E0FF2807D90F
S21400CCA03A46314680B229F093FC00242046F8BD6F
S21400CCB04FF4A9710D4832F01EFC0021DCE7014656
S21400CCC0DAE77F2D08BF00253B46324651FA85F14C
S21400CCD0FCF784FCDDE700BF45610020389B0400BC
S21400CCE046610020746B0020149B0400340104008D
S21400CCF030B5134600F07E62B2F17E6F8BB00DD178
S21400CD000A46C0F30B016846FEF71AFA20B140F255
S21400CD109311094832F0EFFB0BB030BD5A0829F0EA
S21400CD2046FF0028F8D04FF49C7103480BB0BDE8CE
S21400CD30304032F0E0BB00BFC50104002DE9F743E8
S21400CD40C70705460E46144604D540F2E311494887
S21400CD5032F0D1FBE10704D54FF4F271454832F0CA
S21400CD60CAFB454B93F80080B8F1000F20D043F281
S21400CD7060239D4208D12246314640480EF0A4FB6F
S21400CD80002003B0BDE8F083C5F30B0705F440555B
S21400CD90B5F5805F14BF4FF40F204FF40E202346E6
S21400CDA032467F21384303B0BDE8F043FFF74EBF5D
S21400CDB005F47043B3F5805F3FD1C5F30B05304AE9
S21400CDC005F17E65631E2B44934230D82F46DFF86C
S21400CDD0A49007EB0408474542D1AA070ED04FF6A9
S21400CDE0FF7336F8022BA81E43EA024304220DEB1B
S21400CDF002010193FFF77CFF0235023CA3070ED029
S21400CE00023C24F00103F35A04226FEA03436FEA5C
S21400CE1013430DEB020128190193FFF769FF002C5D
S21400CE20AED0224631462846FFF762FFA8E740F21A
S21400CE30FD11104832F05FFBC8E705F46043B3F518
S21400CE40005F04D1C5F30B0505F53E25BEE740F2AD
S21400CE500521084832F04FFB6FF00F074546B6E74E
S21400CE6017F8013BFF2BB6D04FF40471484632F05A
S21400CE7042FBB0E7C501040045610020AC7000200D
S21400CE80FF03E00F10B500F077F829F0DCFE04464B
S21400CE9018B100F079F8204610BD00F07BF8044683
S21400CEA00028F6D10122014B1A70F2E747610020F4
S21400CEB0054B1B7833B1054BC0F3130100221868ED
S21400CEC0FCF7D6BC1120704747610020746B002029
S21400CED0144B2DE9F0411B7805460E461746FBB16C
S21400CEE029F098FE012805D9841EE4B2012C09D940
S21400CEF0212412E03B4631462846BDE8F041002298
S21400CF0000F052B800F038F83B460022314628467A
S21400CF1000F076F8044600F037F82046BDE8F081C9
S21400CF201124FAE747610020124B70B51B780446BF
S21400CF300D461646E3B129F06DFE012805D9831E7D
S21400CF40DBB2012B08D9212410E0324629462046C0
S21400CF50BDE8704000F040B800F00EF820463246BB
S21400CF60294629F072FE044600F00EF8204670BDF1
S21400CF701124FBE74761002008B532F0BAF9014BEF
S21400CF80186008BDC8400020014B186832F0ACB9E4
S21400CF90C8400020024B1968024B1868FCF7CEB850
S21400CFA0546B0020746B002037B505460C46C0F362
S21400CFB013010848ED02006805D5224603B0BDE817
S21400CFC03040FCF709BA009313462246FCF7BEF938
S21400CFD003B030BD746B002030B405461346074AD4
S21400CFE00C46C0F313011068EA0203D5226830BC71
S21400CFF0FCF7FABB224630BCFCF7F0BA746B002094
S21400D000F7B505460F4614461E461BB92125284689
S21400D01003B0F0BD0029F9D029F0FCFD4BF23462D4
S21400D020ABB2934220D14FF0FF3322466946CDE99A
S21400D030003325483346FFF7E3FF08220546234919
S21400D04068460EF0FDFB38B933462246694641F283
S21400D050F010FFF7D5FF0546002DD8D132466946B9
S21400D06038460EF031FAD2E741F2F01293420FD171
S21400D070174B311908299A6CDB6CC7D8CDE9002309
S21400D08032460DEB040138460EF01EFA0025BEE7C8
S21400D09002280BD1C5F30C4332199342B6D3C5F31D
S21400D0A00B0104F17E6432462144ECE7032809D1E3
S21400D0B0C5F30C4332199342A8D3C5F30B0104F50C
S21400D0C03E24F0E70125A2E7021008C0C49B040036
S21400D0D00080E00F10B52CF069F82DF01FF9BDE8C0
S21400D0E01040034601210220014A02F00BBC00BF9B
S21400D0F05C02040013B5D0E9023253F822301C78E3
S21400D10020462CF065F82346009001210220024AB2
S21400D11002F0F8FB02B010BD70020400014B187854
S21400D1202BF02BBC48610020FF232DE9F04F8FB079
S21400D1301122002108A88DF813300EF035F808A843
S21400D1402AF0D9FD01210220B04A08AB02F0DAFB32
S21400D15041F24903AE4A0121022002F0D3FB06A8A1
S21400D1602AF0F8FE08A90DF113002AF0FEFE0220B0
S21400D1700021A84A02F0C6FB00202BF02FFC10B1BD
S21400D18006A809F0CDFB9DF92A3001210220A24A0B
S21400D19000939DF82B3002F0B5FB2CF003F8831EAD
S21400D1A0DBB2FC2B054631D8012102209B4A02F057
S21400D1B0A9FB01249A4E9B4FDFF8D08223463246C5
S21400D1C00021022002F09EFB05A9E0B22BF0ECFF46
S21400D1D0034650B1A0F11602012A40F2AA80424648
S21400D1E00121022002F08EFB0CE09DF914303A4635
S21400D1F001939DF816300121009302209DF815300A
S21400D20002F080FB0134E3B29D42D7D8BDF8284037
S21400D21007F072FF23460021834A0090022002F0A6
S21400D22071FB02200021814A02F06CFB00202BF0EB
S21400D230D5FB10B108A809F073FB01217C4A022037
S21400D24002F060FB2BF00CFF04462BF007FF234692
S21400D2500121784A0090022002F054FB08F024FCDA
S21400D26000210220744A02F04DFB9DF81330FF2B7C
S21400D27065D000210220714A02F044FB01216C4A6D
S21400D280022002F03FFB2AF075FE012103466C4A9D
S21400D290022002F037FB07F007FF00210346694A29
S21400D2A0022002F02FFB2AF06BFE04462AF06AFEEC
S21400D2B023460121644A0090022002F023FB32F04C
S21400D2C027F908F099FC01210346604A022002F083
S21400D2D019FB0025DFF8B88108F08EFCECB2A042FE
S21400D2E033D832F015F90123594A1946022002F0C4
S21400D2F009FB00202BF041FB564B574C00930121B5
S21400D30000230220554A02F0FDFA236863B101218A
S21400D31002201B78524A02F0F5FA23680121022007
S21400D3205B78504A02F0EEFA2BF02CFB0FB0BDE80B
S21400D330F08F012102204C4A02F0E4FA62E7002155
S21400D34002204A4A02F0DEFA98E7494B204603EBF1
S21400D3500416D6F8089008F009FD8246204608F024
S21400D36051FC444F00280CBFC346BB46204608F07D
S21400D370FDFC0AF0B7FA002808BF474653460021CE
S21400D3800220CDE900B73C4A02F0BCFAB37901218D
S21400D3900293B388022001937388384A0093337B44
S21400D3A002F0B0FA0026DFF8ECB099F80430F4B2D8
S21400D3B0A34203D832F0ACF801358DE714235C4362
S21400D3C0D9F8007002203A5B07EB040A9AF90C3091
S21400D3D000922B4A002132EA230228BF5A461346FF
S21400D3E0284A02F08FFA00202BF0F8FA38B150469F
S21400D3F03C5B2AF02EFE014620460AF0C1FA0121C7
S21400D4000220214A02F07EFA0136CEE7B10204007D
S21400D410C0020400DC02040008030400E302040067
S21400D420F902040000030400350304005503040059
S21400D4309F0304005E03040080030400A12104008F
S21400D4408B030400A1030400B7030400CD0304000B
S21400D450460404005E0404006445002052040400F0
S21400D4606C040400800404001D0304003D00040056
S21400D4709844002088020400D8030400F80304003F
S21400D480A50204002E040400B64A04002803040083
S21400D49090020400990204002DE9F7430025134E7C
S21400D4A0DFF8588008F0A8FBECB2A04202D803B020
S21400D4B0BDE8F0832701204616F8079008F0A2FB87
S21400D4C00B4A4B46002808BF424600210220009225
S21400D4D0084A02F017FAF05D2AF058FD01210220F2
S21400D4E0054A02F00FFA0135DCE700BF9844002039
S21400D4F04F5104009B040400B64A0400595104002E
S21400D50008B583685A681178C26853F82230A1F1CA
S21400D510650251425141187808F02AFD30B9BDE83D
S21400D520084001210220024A02F0ECB908BD00BF03
S21400D530A604040000210220014A02F0E3B900BF5D
S21400D540C004040000210220014A02F0DBB900BF3B
S21400D550EE04040010B5044686B018220021684682
S21400D5600DF022FE68462BF087F9D4E9022052F827
S21400D570203002EB80021B788DF80B30516891F951
S21400D58000108DF80A1091680988ADF808106168D7
S21400D590091A032907DDD26803F01F03127843EA4D
S21400D5A042138DF80B30684607F054FE0021034600
S21400D5B0024A022002F0A6F906B010BD0A050400D1
S21400D5C007B500202BF0B2FD00210090034B02208F
S21400D5D0034A02F097F903B05DF804FB1705040050
S21400D5E01D05040013B5D0E9023253F8221003EBF0
S21400D5F082035B68087819680023094CA2229942C6
S21400D60008BF2146C01A18BF01202BF083FD012158
S21400D6100090044B0420044A02F074F902B010BDD6
S21400D62000F8FF07E44604002F06040013B5D0E90F
S21400D630023203EB820153F82230D1E90114187844
S21400D640FF22003818BF0120237809682BF062FDFE
S21400D65001210090034B0420034A02F053F902B064
S21400D66010BD00BF280504002F06040008B50021E1
S21400D67001230C4A2BF0C0FB0A482BF01EF90020B1
S21400D680094909F0E5F900202BF0A8F910B1054882
S21400D69009F046F9BDE8084001210420034A02F0DB
S21400D6A031B900BF796600203D050400B64A040083
S21400D6B010B52AF069FC034630B1BDE810400121E0
S21400D6C00420054A02F01EB90121BDE810400420DE
S21400D6D0024A02F017B900BF4B0504005C050400BF
S21400D6E010B52BF0EEF8BDE81040034601210220ED
S21400D6F0014A02F007B900BF6705040010B52BF019
S21400D700B1F8BDE81040034601210220014A02F0AC
S21400D710F9B800BF7D05040037B5D0E90232012410
S21400D72053F822304FF6FF701D78FE2204FA05F1FA
S21400D73000232BF063FD2B46009021460420024A6E
S21400D74002F0E0F803B030BD91050400D0E90232E3
S21400D75053F822301B7823B101210220024A02F03E
S21400D760D1B8024A13707047B00504004861002023
S21400D77007B568462AF0EEFB07F0BEFC012103461B
S21400D780084A022002F0BEF8684609F0C9F807F019
S21400D79027FF01210346044A022002F0B3F803B033
S21400D7A05DF804FBC6050400E005040037B5D0E9C3
S21400D7B00245406854F82530401B0328D8BF002097
S21400D7C004EB8504C8BFE06819786368C8BF0078B2
S21400D7D01A78A36893F90030009001202BF088FC9B
S21400D7E038B901210220084A03B0BDE8304002F0F3
S21400D7F089B8064B0190009301210220044B054A8C
S21400D80002F080F803B030BDF1050400F90504000D
S21400D810933204000D06040007B501202BF070FCBF
S21400D82048B9009001210220084B094A02F06AF824
S21400D83003B05DF804FB054B019000930121022024
S21400D840044B054A02F05EF8F2E700BFF905040053
S21400D85024060400425F04000D06040008B5D0E963
S21400D860023253F8223018782BF0FEFB30B9044A07
S21400D8700121BDE80840042002F044B8014AF7E759
S21400D880390604005506040008B5D0E9023253F8FC
S21400D890223018882BF0E6FB30B9044A0121BDE897
S21400D8A00840042002F02EB8014AF7E77406040088
S21400D8B0A406040073B50378044613F0050F0ED0D3
S21400D8C04588062D17D1836801215B68174A1B78A7
S21400D8D00193838804200093154B02F013F82378F5
S21400D8E0012B20D001210420114B124A02B0BDE8C2
S21400D8F0704002F007B835B98388012104200E4A2B
S21400D90002F000F8EBE7012DE9D186680B4900200C
S21400D91009F09EF8304609F003F829460420084A24
S21400D92001F0F0FFDBE702B070BD00BFDA060400CE
S21400D930D10604002C070400F706040014070400B0
S21400D940B64A04002DE9F04F00268FB0364D09ACDC
S21400D9500FCD0FC42B6801210220344A236001F04A
S21400D960D1FF3446DFF8DC902AF008FBF5B2A84277
S21400D9700BD82AF003FB23460090012102202C4AF4
S21400D98001F0C0FF0FB0BDE8F08F284605A92BF0C8
S21400D9904DFB0346002841D19DF81430032B39D99E
S21400D9A004238DF814302B4600210220214A01F072
S21400D9B0A9FF9DF814300EAA02EB830300214A4605
S21400D9C053F8143C022001F09DFF28469DF821A044
S21400D9D09DF815B09DF81870BDF816802BF028FB42
S21400D9E05346CDE9028000210220CDE900B7124A55
S21400D9F001F088FF01340020E4B22AF0EFFF18B1EE
S21400DA000DF1190008F08CFF002102200B4A01F0EE
S21400DA1079FF01E0002BC6D10136A5E700210220E0
S21400DA20074A01F06FFFF7E7CC9B04003E070400AF
S21400DA30B7070400FB0204006B07040079FC030030
S21400DA40920704003E120400C3688268013BDBB202
S21400DA5052F8233002201B78652B14BF00220121C8
S21400DA60044B1BBF01211A70034A044A08BF1970F1
S21400DA7001F048BF15710020CE070400DC07040043
S21400DA80D0E9023253F822301A88014B1A807047C8
S21400DA90AE70002007B5D0E9023103EB810253F8DF
S21400DAA0213052681988054B054812880093008873
S21400DAB0012309F029FC03B05DF804FBB5D800008B
S21400DAC0AE700020C3688268013BDBB252F8233098
S21400DAD05B78A3F1660253425341014A13707047C4
S21400DAE01871002030B5D0E9023253F8223089B0E0
S21400DAF01D78012302AA194604462BF07DF901235E
S21400DB000093102302210DEB030220462BF055F95B
S21400DB10284604AA02A92BF08BFB044600202AF014
S21400DB205DFF18B12146044807F076FB0020034944
S21400DB3008F074FF09B030BDEB070400B64A0400D5
S21400DB40002330B58FB00221009309AA12230546A0
S21400DB502BF033F905AA014609A807F0E1F80446B8
S21400DB6098B1232805D1134A0121042001F0CAFEEA
S21400DB7009E0212801D1104AF6E7034601210420D6
S21400DB800E4A01F0BFFE0FB030BD012328461946ED
S21400DB9003AA2BF031F905A903A82BF04BFB054689
S21400DBA020462AF01BFF18B12946054807F034FB2B
S21400DBB0044AD9E7F80704001B08040056080400C6
S21400DBC077080400B64A0400F0B5D0E9023253F8EC
S21400DBD0221003EB82039B6805461F7887B0384601
S21400DBE00E782AF0DBFE044608BBD5E902210123A5
S21400DBF08DF80830194452F8210002EB81020088A3
S21400DC008DF809709268ADF80A00127804218DF834
S21400DC100C2028460DF10D022BF0EEF8304602A936
S21400DC208DF815402BF006FA04462AF0ABFE334674
S21400DC3001210420024A009401F064FE07B0F0BD02
S21400DC408C0804002DE9F04101218EB00220274AFD
S21400DC5001F058FE002005AB01AA09A92BF0E2FA54
S21400DC6000250446224E234FDFF898801CB1284634
S21400DC700EB0BDE8F08102202B463246214601F068
S21400DC8041FE20462AF0AAFE10B10AA808F048FE77
S21400DC903A46002102209DF8303001F033FE42461D
S21400DCA000210220079B01F02DFE00210220BDF876
S21400DCB02030114A01F026FEBDF8143000210F4A2C
S21400DCC0022001F01FFE013501A82AF082FEEDB207
S21400DCD0012102200A4A01F015FE284605AB01AADA
S21400DCE009A92BF09FFA0446C0E700BFBE0804004F
S21400DCF0040904000C090400C021040021090400E2
S21400DD00B64A0400180904002DE9F047064698B004
S21400DD10C0B92AF031F9074600250EA82BF08CFA78
S21400DD2001210220384A01F0EDFD2C46DFF8E080A4
S21400DD30DFF8E090DFF8E0A0BC4205D3284618B034
S21400DD40BDE8F0870127E7E713A82BF075FA002E49
S21400DD504CD0022306A913A88DF84C30FE242BF0D5
S21400DD605DFA00283FD102A913A82BF05DFA9DF8B2
S21400DD70593043F001038DF85930002E3DD123462B
S21400DD8031460220214A01F0BDFD9DF859300AA90E
S21400DD9043F0010313A88DF859302BF045FA002004
S21400DDA02AF01CFE10B114A808F0BAFD0C9B4246DF
S21400DDB00021022001F0A6FDBDF82820002112F463
S21400DDC0007F0CBF4C23412312F0100F0CBF6E22B5
S21400DDD07922022000924A4601F094FD06A82AF015
S21400DDE0F8FD0135EDB20134E4B2A5E720460AABF2
S21400DDF006AA13A92BF014FAB3E752460021022014
S21400DE0001F080FDC1E700BF2B09040004090400EF
S21400DE1018090400670904006009040030B50124ED
S21400DE2099B00EA82BF008FA13A88DF838402BF0FE
S21400DE3099F9C0B9BDF84C1011EA040513D1214672
S21400DE400220444A01F05EFD29460220424A01F0C3
S21400DE5059FD214602203F4A01F054FD214602208A
S21400DE603C4A01F04FFD06A90EA82BF0D7F920B1C9
S21400DE701022FF2106A80DF097F904A82BF0D6F97A
S21400DE80059B01210220354A0093354B01F03AFDEF
S21400DE909DF8123001210220324A0093304B01F0E7
S21400DEA031FD00212E4B304A022001F02BFD06A842
S21400DEB02AF08FFD13A82BF0BFF902230AA913A896
S21400DEC08DF84C302BF0B0F900283FD10B9B009317
S21400DED001210220254B264A01F014FD0121234B87
S21400DEE0244A022001F00EFD0120FFF70DFF01215C
S21400DEF01E4B214A022001F005FD0020FFF704FF1B
S21400DF0004462AF039F823460090012102201B4AD5
S21400DF1001F0F8FC01211A4B174A022001F0F2FC2E
S21400DF20FFF790FE1749022803461748174A28BFEE
S21400DF300A46084928BF01460092CDE90131022071
S21400DF400121134A01F0DEFC19B030BD4FF0FF335B
S21400DF50BDE700BFB64A04007A090400B809040009
S21400DF60B0090400C80904001D310400443F040041
S21400DF70DB090400EB090400F2090400FB090400B5
S21400DF800F0A04007609040087260400D926040038
S21400DF901D0A040010B5D0E9023253F822301C786E
S21400DFA0201E18BF01202BF0C9F8054A054B00209B
S21400DFB0002C18BF1A46BDE81040034908F02EBDD5
S21400DFC04A0A0400450A0400530A0400D0E9023253
S21400DFD010B553F822301C8820462BF0B1F82246A4
S21400DFE0BDE810400020014908F018BD940A04005E
S21400DFF037B5044607F058F8014638B100200D4AF8
S21400E0000D4903B0BDE8304008F008BDE368A268DB
S21400E010013BDBB252F8233008481D780123084A3A
S21400E02000936C2D08BF0246102320462AF0C5FE3A
S21400E03003B030BDE20A0400EA0A0400FE700020C5
S21400E040EE70002013B583689A681278672A22D18A
S21400E05001A82BF087F80446A8B9BDF80420174994
S21400E06008F0DCFCBDF80430DA070AD413F0020F1F
S21400E070134B144A18BF1A461349002008F0CEFC6A
S21400E08019E0124AF8E702461149002008F0C6FCDB
S21400E09022461049F1E7C26801A953F8220003EBB3
S21400E0A082035B6800681B68ADF804302BF060F8EC
S21400E0B004460028ECD102B010BD00BF1D0B0400C2
S21400E0C0100B04007A3204003E0B0400000B040020
S21400E0D0500B04007C0B0400034A04491388C85400
S21400E0E001331380704700BF2E5A00204E61002077
S21400E0F073B5154D01242B78144E13F0040F0CBF86
S21400E10002230423124A2146147032880220019208
S21400E110EB5C104A0093104B5B8801F0F3FB002188
S21400E12002200E4A01F0EEFB0D4B29460093328882
S21400E1302346022001F02CFC21460220094A02B0A8
S21400E140BDE8704001F0DEBB4E6100202E5A002074
S21400E1504D6100208B0B0400205A0020B00B0400F9
S21400E160D20B0400B64A040070B516464FF48A5225
S21400E170114B124DDA805980114B1B881A1E18BF9E
S21400E180012240EA82000F4A1278003A18BF0122A4
S21400E19040EA0210287063B103246B701B0AAB7050
S21400E1A009F00EFC631C2855EE54074B02341C8005
S21400E1B070BD0124F4E700BF205A00204E61002005
S21400E1C02C5A00204C6100202E5A002038B5D1E988
S21400E1D002320C46054653F82230024619880C4B8C
S21400E1E01878FFF7C1FFE368A268013352F82330BE
S21400E1F0188828F06CFD4DB1E368A268023352F827
S21400E20023301878BDE83840FFF766BF38BD00BF3A
S21400E21049610020F0B50546EB68AA68023352F85B
S21400E220233008461C78294685B0FFF7CFFF2046E6
S21400E23029F0FBFE204E214F78B3204629F001FF3F
S21400E2400321441C03AA284627F0A8FD3288E4B21E
S21400E250C2F1FF0303991B1B9BB28B4222443CBFB7
S21400E260C2F1FF0303930123032100933A449DF870
S21400E2700C3028462AF0A1FD039A022C338804BFEE
S21400E2800F48110AFA5408BFC15413441C44348082
S21400E29005B0BDE8F040FFF72BBF204607F00CFCAA
S21400E2A00123328804460093032103463A44284655
S21400E2B02AF083FD3388E9E72E5A00204E610020BD
S21400E2C04F610020052307B5012100930220044B6F
S21400E2D0044A01F017FB03B05DF804EBFFF79EBDA0
S21400E2E0B90B0400C00B040013B504462AF036FF31
S21400E2F038B1CDE9004001210220034B034A01F06A
S21400E30001FB02B010BD00BFE20A0400D70B0400F8
S21400E310194B37B51B783BB901210220174A03B0C9
S21400E320BDE8304001F0EEBAD0E90232144C53F8A2
S21400E330223001211D78638802200093114A2B4663
S21400E34001F0E0FA104B25711B78104D63B10121E6
S21400E35002200F4A01F0D6FA20460E4A298803B05A
S21400E360BDE8304029F002BC20460A4A298803B09E
S21400E370BDE8304029F0BCBC4D610020EE0B040027
S21400E380205A0020FC0B04004A6100202E5A002070
S21400E390130C04004E6100202DE9F041D0E9023252
S21400E3A053F8221003EB82035A680C7817889A6891
S21400E3B0DB68B2F80080C6B01D780021304B022022
S21400E3C0304A0094CDE9017801F09CFA002D0CBF8C
S21400E3D06E237923012102202B4A01F093FAFF23B2
S21400E3E0002D0DF1170606AD019320460CBF8023C5
S21400E3F0402342463946029600952AF05CF90446C8
S21400E400002835D1307829F016FE0746B0B12846E8
S21400E4102AF0A3FA1D4BFD28A8BFFD200093234633
S21400E42082B20DF11901022001F0B2FA0121022098
S21400E430174A01F067FA46B0BDE8F081307829F057
S21400E44000FE60B128462AF08DFAFD28A8BFFD2000
S21400E4500E4B82B200930DF11A013B46E3E730788B
S21400E46007F02AFB0B4B0246009329460123DAE706
S21400E470009001210220084B084A01F043FADAE72F
S21400E480E03F04002D0C0400520C04006454040009
S21400E490B64A0400D20B0400DA1404005C0C040034
S21400E4A0D0E9023253F8221003EB82032DE9F04F35
S21400E4B05A680F78B2F800809A68C7B0B2F8009031
S21400E4C0DA681B6992F800A01E7800212F4B304AAC
S21400E4D00446CDE901890220009701F013FABAF14B
S21400E4E0000F0CBF6E23792301210220294A0096D3
S21400E4F006AD01F007FAFF22002128460CF054FE74
S21400E500304629F098FD834608B300230521009382
S21400E5102046FD230DF119022AF04FFC2870BAF1AF
S21400E520000F0CBF802340234A4641463846CDE9BB
S21400E53000562AF08BF80146144806F06DFE0121BD
S21400E5400220154A01F0DEF947B0BDE8F08F3046EC
S21400E55029F077FD60B1FD2305212046CDF800B0F7
S21400E5600DF11A022AF029FC85F801B02870D6E7CA
S21400E5700590304607F0A0FA059A0346009205215A
S21400E5802A4620462AF019FCC9E700BFD33F0400FC
S21400E5902D0C04006D0C0400B64A04002DE9FF475C
S21400E5A01C465B68E5685B1B00255FFA83F80395ED
S21400E5B02E46FFF7D9FDEBB298450BD90C9B9B5D19
S21400E5C0282B39D8202B00F2CB800136F6B2002B50
S21400E5D040F0C980FFF78CFD04B0BDE8F087132A31
S21400E5E02FD801A151F822F0AFE60000C1E60000E6
S21400E5F0D3E6000007E70000D5E50000D5E50000FB
S21400E600D5E50000D5E5000043E6000043E600003F
S21400E61043E6000043E6000043E6000043E6000051
S21400E62043E6000043E6000043E6000043E6000041
S21400E63053E600002DE70000A3F13102D1B2132902
S21400E640CDD90136F6B2A3F14102032AC2D8422B35
S21400E6506CD06C4F00213A88DFF8B0A1C2F1FE03FF
S21400E6609BB2FF2B28BFFF2301320091DBB220466E
S21400E670524469B22AF07DFB3B880AF80300013356
S21400E6801844388011E04FF00409E368A2682B4470
S21400E69052F823301F68F8B209F1FF39FFF71CFD66
S21400E6A019F0FF094FEA1727F5D1013583E7E3682C
S21400E6B0A2682B4452F823301878FFF70DFDF4E7D4
S21400E6C0E368A2682B4452F82330188828F0FFFA33
S21400E6D0EBE7E368A2682B4452F823301F68B7F1D3
S21400E6E0807F09D2F8B2FFF7F7FCC7F30720FFF7E1
S21400E6F0F3FCC7F30740E0E72B4601210820424A17
S21400E70001F000F966E74FF00409E368A2682B44BD
S21400E71052F823301F68F8B209F1FF39FFF7DCFC26
S21400E72019F0FF094FEA1727F5D1BEE7294603AAD5
S21400E730204627F033FB0021324F344A3B88DDF871
S21400E7400C9002EB030CCAB2914501F1010102D80C
S21400E7504B443B80A9E710F802A00CF802A0F2E7B1
S21400E760242B3FF670AF013B232B3FF633AF01A2BD
S21400E77052F823F0AFE60000C1E60000D3E6000042
S21400E78087E60000D5E50000D5E50000D5E50000E9
S21400E790D5E50000D5E50000D5E50000D5E500008C
S21400E7A0D5E50000D5E50000D5E50000D5E500007C
S21400E7B0D5E50000AFE60000C1E60000D3E60000A5
S21400E7C007E70000D5E50000D5E50000D5E5000028
S21400E7D0D5E50000D5E50000D5E50000D5E500004C
S21400E7E0D5E50000D5E50000D5E50000D5E500003C
S21400E7F0D5E50000AFE60000C1E60000D3E6000065
S21400E80087E600002E5A0020860C04004E61002089
S21400E810094B1B7823B101210820084A01F072B881
S21400E820D0E9023253F82230054A1B8801211380B2
S21400E8300820044A01F066B84D610020AC0C0400C4
S21400E8402C5A0020EE0C0400D0E9023253F8223095
S21400E850054A1B780121003B18BF012308201370CE
S21400E860024A01F04FB800BF4B610020140D0400AF
S21400E870D0E9023253F82230034A1B780121137084
S21400E8800820024A01F03EB84C610020430D040007
S21400E89010B5D0E90232044653F822301322198804
S21400E8A00B4B1878FFF760FCE368A268013352F858
S21400E8B023301878FFF710FCE368A268023352F89A
S21400E8C023301878FFF708FCBDE81040FFF710BCAF
S21400E8D04961002010B5D0E90232044653F82230D0
S21400E8E0112219880B4B1878FFF73EFCE368A268E4
S21400E8F0013352F823301878FFF7EEFBE368A2687E
S21400E900023352F823301878FFF7E6FBBDE81040D4
S21400E910FFF7EEBB49610020D0E9023253F82230FF
S21400E920034A1B78003B18BF0123DB0013707047B7
S21400E9304961002010B5D0E9023253F8223004466F
S21400E94019880E4B06221878FFF70EFC0120FFF7F9
S21400E950C3FBE368A268034452F82330188828F003
S21400E960B6F9E368A268023352F82330188828F014
S21400E970AEF9BDE81040FFF7BBBB00BF4961002001
S21400E9802DE9F043D0E902324FF0FD09013253F889
S21400E990221003EB82035A68C7B017889A68B1F84A
S21400E9A00080147853F8043C002C0DF1170506AED1
S21400E9B018783A4614BF4023802341460295CDF886
S21400E9C00490009629F077FE034638B1184A0121D4
S21400E9D0082000F097FF47B0BDE8F083201E18BF60
S21400E9E001200A224146C000FFF7BEFB384628F049
S21400E9F06EF92878FFF770FB4A463146287829F0EA
S21400EA00C8FA044628B10B4F3D88C5F1FF0398426B
S21400EA1002DD2346084ADAE702460848314628441B
S21400EA2025440CF051FD3D80FFF762FBD3E700BFA5
S21400EA30790D04002E5A0020950D04004E6100202A
S21400EA4010B5D0E90232044653F82230082219885D
S21400EA500B4B1878FFF788FBE368A268023352F87E
S21400EA6023301878FFF738FBE368A268013352F8C2
S21400EA702330188828F02BF9BDE81040FFF738BB84
S21400EA804961002073B5D0E902320546023253F8D8
S21400EA90221003EB820353F8042C53F8083C0C783E
S21400EAA01988234B168818780622FFF75DFB00208E
S21400EAB0FFF712FB304628F00AF92046FFF70CFB5A
S21400EAC0EB68AA68033352F82330188828F0FFF85A
S21400EAD0EB68AA68043352F82330188828F0F7F851
S21400EAE0204609F06DF9E8B9204606F0E5FF052155
S21400EAF00446019001AA284627F050F9019B0146DA
S21400EB009C4206D0224631460A480BF03BFA02B039
S21400EB1070BD094D09482E882246304434440CF016
S21400EB2095FB2C8002B0BDE87040FFF7E1BA00BF4D
S21400EB3049610020C10D04002E5A00204E610020BD
S21400EB4073B5D0E902324FF48A5153F82230104D93
S21400EB501A88104BD9805A8000232A460093012138
S21400EB60FF232AF02AF92B78044613F0040F0A4BE9
S21400EB7008BF01261B7818BF032613B108F020FF34
S21400EB80A855064B1C8002B0BDE87040FFF7B0BA2F
S21400EB904E610020205A00204B6100202E5A002093
S21400EBA0D0E9023253F82230034A1B78003B18BFE4
S21400EBB001231370704700BF4A61002010B50C4651
S21400EBC008B907F089FE024B18715C7110BD00BFD2
S21400EBD0205A002002462DE9F341D0E9025352683C
S21400EBE055F82310D21A0C8805EB8301013BDBB2E3
S21400EBF055F82380294D022A4868C8BF8A682B78B2
S21400EC00D8BFFF210078C8BF11783BB90121022088
S21400EC10234A02B0BDE8F04100F074BEFFF7CEFF15
S21400EC2006F06AFA1F4F204E3B88014622460093A4
S21400EC301E48334629F02BFE0246C8B998F8041041
S21400EC403B885F2917D1CDE900364FF6FF71204685
S21400EC50164B28F07FFF28B1034601210220144AF4
S21400EC6000F050FE0023134A2B701380124A1370D4
S21400EC7002B0BDE8F0814FF6FB718C4208D9CDE9B1
S21400EC8000362146094B4FF6FF7028F0C1FFE2E739
S21400EC902146064A009628F0EDFFDCE74D6100208D
S21400ECA00C0E04002E5A00204E610020205A002030
S21400ECB0130E04002C5A00204C610020002210B5D0
S21400ECC00A2104461046FFF74FFA002027F0FFFF00
S21400ECD00122044B1A70FFF70BFA2046BDE81040DD
S21400ECE0FFF778BF7666002038B51C461546012328
S21400ECF022462AF081F860B9214628462AF058FABA
S21400ED00044620B101210420034A00F0FBFD204602
S21400ED1038BD0024FBE700BF3A0E04002DE9F0439F
S21400ED200C4615461F46D0E9022352F8231002EB84
S21400ED30830293680E8893F80080D3688BB0B3F88C
S21400ED4000903246012106ABFFF7CEFFF0B90DF179
S21400ED50200CF4B101232A884021CDE902C2CDE976
S21400ED600471CDE900932221434606AA30462AF0D4
S21400ED707AF80B4B0B4A00930B4B0190002C08BF04
S21400ED80134601210420094A00F0BCFD0BB0BDE883
S21400ED90F083624628686968032303C22246DBE7DD
S21400EDA0990E04007E0E0400780E0400860E040001
S21400EDB007B501236A4600212AF01EF86846034973
S21400EDC008F04EFB03B05DF804FB00BFB5D80000AA
S21400EDD0D0E9023253F822300149188808F012BBF5
S21400EDE0B5D8000010B5D0E9023203EB82014968BD
S21400EDF053F8223009784FF48A5218882AF023F8FC
S21400EE00BDE81040034601210420014A00F07ABD07
S21400EE10A30E0400D0E9023253F8223002214FF448
S21400EE208A5210B518882AF000F8BDE8104003464C
S21400EE3001210420014A00F065BD00BFBC0E04009D
S21400EE401FB5D0E9023203EB820153F8223049683D
S21400EE5018884FF48A5309880293094B094A01938C
S21400EE60094B1B7800931278084B2AF054F80121BE
S21400EE7003460420064A05B05DF804EB00F042BDE8
S21400EE80305A00204E6200204D6200203A5A002080
S21400EE90D30E04002DE9F043D0E9023253F82210D5
S21400EEA003EB82035A680E8817789A68DB688BB083
S21400EEB092F80090B3F800803246042106AB044670
S21400EEC0FFF712FF28BB08AD01232A46052120467E
S21400EED029F092FF38B9042001210F4A00F012FDF4
S21400EEE0284629F037F84FF48A53CDE904930023D7
S21400EEF0CDE9025303232121CDE9008306AA3B4630
S21400EF00304629F0B0FF01210346044A042000F0F1
S21400EF10F9FC0BB0BDE8F083EB0E04001A0F0400FA
S21400EF2038B5D0E9024303F18043023B02220F4981
S21400EF3054F823009D000CF083FC60B90C4B0D497F
S21400EF401A78042A0BD82C44A068008821F81200EE
S21400EF5001321A7038BD084B08491A78F1E70121CA
S21400EF60BDE838400420064A00F0CCBC0E38040049
S21400EF704E6200203A5A00204D620020305A00208F
S21400EF802C0F040008B5C368806803F18043023B79
S21400EF900222064950F823000CF052FC10B9044B2C
S21400EFA0187008BD0022034B1A70FAE70E380400EA
S21400EFB04E6200204D62002037B5D0E9023153F88A
S21400EFC021208C0015784268521A012AC5BF1B19E9
S21400EFD05B686C091C78DCBF44F0180405F01F055C
S21400EFE02946204629F05BFE034640B12346012110
S21400EFF004200E4A009500F085FC03B030BD0121C8
S21400F000A94074B92346FE224FF6FF702AF0F6F8A0
S21400F010012103460420064A03B0BDE8304000F054
S21400F02071BCFE2241EAC461EEE700BF420F040055
S21400F030620F040070B5D0E9021551F8253001EBD7
S21400F0408501044618884B681A788B68052A1B8841
S21400F05002D85E1E072E0BD9012104200C4A00F0B0
S21400F06051FCBDE87040012104200A4A00F04ABC69
S21400F0706468641B032CCABFC968074909682AF07C
S21400F080BDF8BDE8704002460449002007F0E0BC29
S21400F090800F0400A00F040000F8FF07BD0F040057
S21400F0A008B5D0E9023253F8220003EB8203596810
S21400F0B0FF22038809684FF6FF702AF09FF8BDE824
S21400F0C0084002460149002007F0C2BCD00F0400E9
S21400F0D008B5D0E9023253F82230052140221888BC
S21400F0E029F0A3FEBDE8084002460249002007F0CA
S21400F0F0AFBC00BFF10F040008B5D0E9023203EB45
S21400F1008201486853F8221002784023098831208B
S21400F11029F0DEFEBDE8084002460249002007F05E
S21400F12097BC00BF1210040008B5D0E9023203EB0A
S21400F1308201486853F82210027840230988332059
S21400F14029F0C6FEBDE8084002460249002007F046
S21400F1507FBC00BF2C1004001FB5D0E9023253F864
S21400F160221003EB82039B6808881A780023D21AC1
S21400F17018BF0122CDE9023302A94023D20129F0AB
S21400F180B6FE01210090044B0420044A00F0BAFBAE
S21400F19005B05DF804FB00BF990E04004A10040099
S21400F1A007B5D0E9023253F82230032140221888EE
S21400F1B029F03BFE01210090034B0420034A00F097
S21400F1C0A1FB03B05DF804FB990E0400591004007F
S21400F1D037B5C3688268053352F8233004211D789A
S21400F1E06A460123044629F007FE38B904200121A7
S21400F1F0064A00F087FB684628F0ACFE2B466A46B7
S21400F20000212046FFF78AFD03B030BD73100400CE
S21400F21007B5D0E9023203EB8201486853F82210A2
S21400F220027840230988322029F052FE01210090FE
S21400F230034B0420034A00F065FB03B05DF804FBB3
S21400F240990E0400A410040070B585690446EA0708
S21400F25005F0020605D476B1C5F3072029F09EFB1B
S21400F26009E01EB1B2210F4830F045F9A069C0F39D
S21400F270810029F082FBE3691BB9BA21094830F006
S21400F2803AF9204614F0D0F9E3693EB1607E98471B
S21400F290AB0706D0BDE8704029F074BB20469847FF
S21400F2A0F6E770BDB910040008B514F0D1FD28B11A
S21400F2B0BDE808404721024830F01DB908BD00BF30
S21400F2C0B91004002DE9F041FF2B04460F46904686
S21400F2D01D469DF8186005D0FF2E03D0D521114895
S21400F2E030F009F90023FF2D18BFAD000E4A1CBFF1
S21400F2F045F00105EDB222600C4AC4E9063818BF95
S21400F300A561FF2EC4E901232361E76007D0A36946
S21400F31043F0020323F47F4343EA0623A361BDE8D8
S21400F320F08100BFB9100400CC40002049F2000074
S21400F330002310B5054C03610460054CC261C0E9AA
S21400F34001430123C160836110BD00BFCC40002093
S21400F35049F2000070B58669044606F00303032BE5
S21400F3600D4603D1FC21144830F0C5F8FF2D16D009
S21400F370B20704D440F201110F4830F0BCF828461A
S21400F38028F0A8FFFF28054604D14FF482710A48EA
S21400F39030F0B1F82DB204EB4514204670BDF307EB
S21400F3A0FBD5A36913F00C0FF7D040F20B110248FF
S21400F3B030F0A1F8F1E700BFB91004000023054AB9
S21400F3C0C0E9063103610260C360034A034B426032
S21400F3D083607047CC40002049F20000F5350200FB
S21400F3E001482BF00BBE00BFCC40002001482BF09C
S21400F3F011BE00BFCC40002013B50E482BF0D8FD40
S21400F40027F0E1FC2AF086FD2AF0A2FD2AF0A9FDED
S21400F410FCF748FF0446FCF75FFF234600900121F7
S21400F4200420054A00F06EFA02B0BDE81040FCF772
S21400F4303FBF00BFCC4000204C110400022808B596
S21400F44003D130F051F8014B186008BDFC40002095
S21400F45008B50CF00FFF0122044B1A7030F0CDF8FF
S21400F460BDE8084002490348FDF7E4B850620020B2
S21400F470806B002000410020014B1870704700BFD1
S21400F4804F620020024B187808B105F019BE70478D
S21400F4900E71002008B5074B1B780BB1002008BD85
S21400F4A0FFF7F0FF0028F9D106F0E4F9023818BF9C
S21400F4B00120F4E74F62002070B5FFF7EBFF174D11
S21400F4C020B1FFF78DFF0428044613D82B781BB90C
S21400F4D030F093F801232B7027F083FC0446D8B154
S21400F4E02B781BB9F7210E4830F005F8BDE87040C0
S21400F4F0FFF776BF27F077FC0028E7D02B785BB1C4
S21400F5002FF0F7FE0646002101202EF0B7F8304611
S21400F5102FF0EAFE00232B70204670BD50620020BC
S21400F5206D1104001FB5FFF7C7FF0446FDF72CFA60
S21400F530A04228BF204688B103A92EF08BFC0346C4
S21400F54038B9CDE90000064A039906482FF0E8FFCF
S21400F55018B18E2104482FF0CEFF012004B010BD54
S21400F560E16D0300DC4000206D1104000D4B70B50A
S21400F5701B780D4D0D4C0121002B0CBF2B4623464E
S21400F58002200B4A00F0BEF90A4B01211B7802202C
S21400F590002B0CBF2B462346BDE87040064A00F001
S21400F5A0B1B900BF0E7100202D3804004C3804009D
S21400F5B0031204004F6200202212040010B5D0E9A6
S21400F5C0023253F8223002201B780121002B15BF8F
S21400F5D001240024044A054A00F094F92046BDE8B8
S21400F5E01040FFF749BF00BF411204005E1204003E
S21400F5F0D0E9023253F82230034A1B78003B18BF8A
S21400F60001231370704700BF0E71002038B5012526
S21400F610084B1D702FF06DFE0446294628462EF036
S21400F6202DF820462FF060FEBDE83840024903481A
S21400F630FDF700B851620020886B002028410020AA
S21400F64070B514F08BFC10F0070F1D4D11D02B7801
S21400F6505BB901262E702FF04CFE0446314630462C
S21400F6602EF00CF820462FF03FFEBDE8704014F058
S21400F67039B929F09FFD0228E9D1124C2378032BD3
S21400F680E5D914F06BFC10B92378032B14D814F0CA
S21400F69029F904460028DAD02B785BB100262E70B4
S21400F6A02FF027FE0546314601202DF0E7FF2846BD
S21400F6B02FF01AFE204670BD4FF0FF34ECE700BF77
S21400F6C051620020F56600201FB5FFF7B9FF04461B
S21400F6D0FDF75AF9A04228BF204688B103A92EF0AC
S21400F6E0B9FB034638B9CDE90000064A0399064837
S21400F6F02FF016FF18B18C2104482FF0FCFE0120D5
S21400F70004B010BDAB730300084100207D12040056
S21400F71010B5094C0949002007F080F923681B68DA
S21400F720587928F00DFE23681B68587927F046FEA6
S21400F73004F092FE002010BD284600200B130400A3
S21400F74008B529F027FD024628B1BDE8084000208C
S21400F750014907F063B908BD2E13040008B529F067
S21400F7602FFD024628B1BDE808400020044907F0F6
S21400F77055B95422BDE80840FF2102480BF014BDDD
S21400F78046130400445A002038B504460D4629F0B6
S21400F7901BFD024628B1BDE838400020034907F0AB
S21400F7A03DB9034B23F8145038BD00BF6413040062
S21400F7B0445A00202DE9F34100240C4E0C4DDFF88E
S21400F7C038800C4F56F8043B0BB9D8F8003035F8A3
S21400F7D0022B3946009200202246013407F01EF91B
S21400F7E02A2CEFD102B0BDE8F08100BF946B002058
S21400F7F0985A002080130400906B002008B52A2138
S21400F800034829F0D9FCBDE80840FFF7D3BF00BF86
S21400F810985A002007B5D0E9023253F822301A78F9
S21400F820292A0DD8084B53F822300BB9074B1B6812
S21400F8300749002031F812100091064907F0EEF84B
S21400F84003B05DF804FB00BF946B0020906B0020B3
S21400F850985A00208013040008B52A21034829F08E
S21400F860ADFCBDE80840FFF7A5BF00BF985A0020D2
S21400F87038B5D0E9023253F8221003EB82035B68F6
S21400F8800C781D880020044907F0C8F82946204651
S21400F890BDE83840FFF778BF8B1304002DE9F3412D
S21400F8A000240C4E0C4DDFF838800C4F56F8043B05
S21400F8B00BB9D8F8003035F8022B394600920020F4
S21400F8C02246013407F0AAF82A2CEFD102B0BDE890
S21400F8D0F08100BF946B0020445A0020801304007F
S21400F8E0906B002010B5024627F07EFD20B9044C30
S21400F8F0236811B11343236010BD23EA0203FAE71D
S21400F900406C00200CB413B502460C4627F06CFD84
S21400F91060B9094B1B681A4208D005A904980191E2
S21400F9200AF044FB14B105482AF080FA02B0BDE89C
S21400F930104002B0704700BF406C00208A160400DA
S21400F940034610B5D3E9023253F8223008461C7835
S21400F950211E18BF0121FFF7C5FF014648B9084A16
S21400F960084B0220002C08BF1346074AFFF7CAFFC1
S21400F97010BD00210220054AFFF7C4FFF8E700BFCC
S21400F98090020400880204008C160400A2160400EC
S21400F9902DE9F04105461F460C46DFF82C808E18F0
S21400F9A0B44201D1BDE8F0810021284614F8013B9D
S21400F9B0069AFFF7A7FF002FF2D0424600212846FE
S21400F9C0FFF7A0FFECE700BF160904000246024955
S21400F9D0002007F023B800BFB316040010B5234C70
S21400F9E02348FF2127F0E1F9207802281ED00328BB
S21400F9F02ED0012804D02120BDE81040FFF7E6BF36
S21400FA001C4B19780029F7D002231B4A2370137861
S21400FA10052B0EBF00230133DBB29942137003D1CE
S21400FA20052313700020E7E7052BFBD0124B1B784D
S21400FA30052B02D103232370DDE7104A104932F864
S21400FA40230007F0DFFC032323700028D4D110BD69
S21400FA50094B0C4A1878094B03EB8001897833F878
S21400FA60200007F09FFC0123EEE700BF5262002053
S21400FA70304100205B62002010710020EC5A00200C
S21400FA8065FC000011FC00002DE9F04F0D46144601
S21400FA9095B00490112200210FA89946DFF86C81DA
S21400FAA00BF082FB04EB45030393D9F800301C2BC4
S21400FAB002D0039B9C4202D115B0BDE8F08F012313
S21400FAC0DFF844A18DF81C3023884C4AADF81E3070
S21400FAD09AF800304A4D08EB83039B7828788DF817
S21400FAE0203013688DF81D00CDF821305368CDF80E
S21400FAF0253028F049FF049B8DF8290021882878B6
S21400FB00002B4AD128F00DFC002844D09AF800308B
S21400FB100FAA38F8230007A927F082FC00283AD05D
S21400FB2028F02CFA4FF0000B074606461C255FFA15
S21400FB308BF2974234D8B7422BD99DF81C30032B52
S21400FB401AD10FAB0193BDF8213000220421009397
S21400FB5001202C4B06F0E8FD9AF8003008EB8303F2
S21400FB609978274B187806F05BFE9AF8003000204C
S21400FB7038F8231028F05BFE5DB107A9304629F05F
S21400FB8059FA214B05461B78304638F8231029F0E1
S21400FB9053FAC9F80050023487E728F0B9FBB3E7F8
S21400FBA010460BA9059229F041FA30B99DF82C10A1
S21400FBB031B9059AB74208BF16460BF1010BB6E7F6
S21400FBC0BDF82E00BDF81E209042F6D19DF83000FC
S21400FBD09DF820209042F0D19DF81C208A42ECD15E
S21400FBE0032A14BF082202220DF121010DF1310073
S21400FBF00BF026FE002808BF0025DEE75362002033
S21400FC000F7100203019040010710020EC5A0020FB
S21400FC1013B503460020114A9C6812780190052A05
S21400FC2003D01B78032B00D12CB9012002B0BDE80D
S21400FC301040FFF7CBBE6268217801ABFFF724FFC8
S21400FC40217A0120E26801ABFFF71EFFFF2104487E
S21400FC5002B0BDE8104027F0A0B800BF1071002029
S21400FC6030410020094B1B78052B02D00378032B6C
S21400FC7002D00120FFF7AABE8168054A0B68054836
S21400FC8013604B68FF21536027F087B8107100207F
S21400FC90536200203041002038B50024114B124D2D
S21400FCA01870124BFF211C702C7006F0B9FD012253
S21400FCB0032110460E4B06F037FD4FF6FF71224625
S21400FCC0084628F0B7FD044648B940F6B832FF218A
S21400FCD0084827F059F801232B70204638BDFFF757
S21400FCE075FEFAE70F710020526200205B6200206A
S21400FCF0B64A040030410020144BF0B51A68144987
S21400FD0013680978587988420BD11249D788084673
S21400FD100022114D1E792B78D4B2A34203D8052CAD
S21400FD200AD10020F0BD0C88BC4202D18C78B442C7
S21400FD30F7D001320431EFE7A342F2D120F8227067
S21400FD40013300EB820086702B70EAE7284600201D
S21400FD500F710020EC5A00205B620020FF2307B5DD
S21400FD600021044A04480093FFF7ACFA03B05DF89C
S21400FD7004FB00BFDDF90000304100201FB5B423AE
S21400FD8003210446ADF80E3028F0C2FA98B12123BC
S21400FD9020460093002203210DF10E0328F067FC95
S21400FDA004460020054B064A0649009406F036FE37
S21400FDB0204604B010BD8624F3E700BFDD1604001D
S21400FDC0EA160400FF160400D0E9023253F8223087
S21400FDD0034A1B78012113700220024AFFF792BDE6
S21400FDE02B7100200E1704000122014B1A70704779
S21400FDF02B7100200A4B90F805111B7890F808210B
S21400FE0019448A42BCBFB2FBF3F103FB11234FF047
S21400FE10FF32B8BFDBB202FA03F380F80A3170474C
S21400FE202B7100202DE9FF410446057F867EDFF812
S21400FE3070806E43237F98F8002013449D4212DBA7
S21400FE40607F60B9238B029363690193237C0093E0
S21400FE506288A31D217805F0EFFDFF2323700020A4
S21400FE6004B0BDE8F081E37EAB42E9D9A77E228BE1
S21400FE70F1199142A4BF921BD7B205EB0323E3818D
S21400FE803A4633462946204627F0E4FA0028E7D1CA
S21400FE90637F3744013301356377BEB2EDB2C9E7FD
S21400FEA02B71002037B5054629F0FAF80D4B0446AD
S21400FEB01B6869461B78032B82BF0B4B1B881B18DD
S21400FEC0284688BF9CB229F073F938B9684629F0ED
S21400FED0E9F818B9044B1B8823449CB2204603B0AB
S21400FEE030BD00BF64450020B6700020084B1B786C
S21400FEF0FF2B0BD1074B1B78FF2B07D1064B1B782C
S21400FF00022B03D04FF4807028F0D4BC704700BF9B
S21400FF10446C0020804200205041002010B504466A
S21400FF20FF2126F042FF054B9C4202BF0023A4F5AA
S21400FF3088742370BDE81040FFF7D8BF60420020E9
S21400FF402DE9F0479A462A4B81461B788846164686
S21400FF50BDF82050002B49D0FF2D3ED93825284625
S21400FF60BDE8F087234B0C223146A01D636184F860
S21400FF700090A4F802800BF069F9A289414642F489
S21400FF80004242F040022046A28127F075FA2A4637
S21400FF90514660690BF05AF941464846A21D258332
S21400FFA028F0BFFDA0760028D8D00544013DB5FB5B
S21400FFB0F0F0FF28D2DC0023E0762046A383FFF78C
S21400FFC031FF054680B923794FF48070B37228F06C
S21400FFD034FC227C099B1A80C1E7074C2778FF2F48
S21400FFE0C0D040F60345BAE72770F2E70225B6E729
S21400FFF02B7100205D62002080420020B0F90630A0
S21401000010B5002B25DA144C2278237CFF2A02D067
S214010010827A9A4207D0114C2378FF2B17D0827A26
S214010020237C9A4213D169B9637F013BDBB26377C4
S2140100305BB90B4A237F1278204613442377FFF7D8
S214010040F1FE0146204627F026FAFFF74FFF012072
S21401005010BD0020FCE700BF80420020446C002059
S2140100602B7100202DE9F04F9A46B1F9063091B078
S214010070002B0D461746DDF86880049080F2298132
S214010080B8F80030FF2B04D94FF4B871A6482FF00A
S21401009032FAA64B00241A7893F80401B3F8021139
S2140100A0002A40F0A5802E7AA14A1278B24240F288
S2140100B0AF800222A3F802711A70AA7AFF2483F88D
S2140100C004210022A3F8084183F80521A3F806219C
S2140100D0B8F80020954883F80C21FFF78BFE3846C8
S2140100E0FFF7E0FE214600EB4002924826F04CFE68
S2140100F04FF4807028F0A1FB8C4C94F80A91B9F16A
S214010100FF0F20D18A4A94F8053112781344B3427E
S21401011019DC94F80C1184F80531B4F80631204640
S21401012001FB0233A4F80631FFF764FE0122824B7D
S21401013038461A70FFF7B6FE494600EB400204F552
S214010140887026F021FE94F80531B34260D8DFF8B6
S214010150E0B19BF800C00CEB0302964258DA7649F0
S21401016094F808210878013A002853D0964205DA17
S214010170B8F8002084F80C2100220A70B6FBFCF9BE
S21401018001220CFB196994F80A015FFA89F902FA4F
S21401019009F2D1B2024076B92889000A844584F86A
S2140101A0080108D92046CDE906210593FFF722FE6E
S2140101B0DDE90621059B94F80A01014384F80A113A
S2140101C082B994F80921B4F806C1013284F80921EC
S2140101D0B8F80020DAF800100CEB0200FF2826DD44
S2140101E00323237094F80831013B9E4230D138E056
S2140101F0AE7A864202D18F4200D11C462E7A002C5E
S2140102007FF47BAF002A3FF44FAF012A3FF44CAF97
S21401021001205FE09642B1DA94F80C1198F80020BC
S2140102209142ABD004F58870FFF778FEF0E794F8BA
S2140102300CE1F31A0EFB03C3A01C10FA83F005921F
S2140102400BF004F894F80831059A013B9E4244D01D
S214010250012394F80A2103FA09F3013B1343FF2B08
S21401026004D122462946384627F007F994F8083182
S21401027094F809219A42CBD19BF80030B2FBF3F1F6
S21401028003FB112212F0FF0218BF13462278022A3E
S21401029026D1264A023410785178012804BF01314C
S2140102A05170012224F8022CEA88B4F8041122F0D5
S2140102B04002EA8094F809210A44591E94F80A314A
S2140102C013FB01F31344A8F80030CAF80040FFF707
S2140102D00DFE002011B0BDE8F08F84F80B21C0E7B9
S2140102E06979002994D0032A92D1B4F8062194F8AA
S2140102F00B1108AE11445A1E94F80C31284613FB14
S21401030002F30B4400219BB2A21CA8F80030CAF8E5
S2140103100020CDE900710296049907F05FFD89215E
S214010320304628F0FBFB7DE73517040050410020DE
S2140103302B710020604200205C62002013B5044649
S21401034018B101280BD002B010BDFF23014600935F
S214010350064A0748FEF7B6FF064B1C70F3E7FFF7A1
S21401036043FDFF22044B1A70EDE700BF1DFF00009E
S21401037060420020504100208042002013B501A9B0
S21401038009F0D2FE044648B9BDF806309DF80420AF
S214010390034906F043FB204602B010BD8120FBE76F
S2140103A0CC17040013B5694609F0CAFE044688B99D
S2140103B0BDF802309DF80020074906F049FB2046AB
S2140103C0019906F09DFA2046044906F027FB2046CF
S2140103D002B010BD8120FBE7F017040016180400D8
S2140103E037B5694609F0D0FE044618BB9DF80130C2
S2140103F09DF80020104906F02BFB104D9DF80120BA
S214010400E3B29A4206D800200D4906F007FB002009
S21401041003B030BD0198630003F4FF73022200218C
S214010420184428F094FA29460246002006F010FBEC
S2140104300134E3E78120EBE71818040047180400AD
S214010440B64A040013B501A909F074FE044648B97A
S214010450BDF806309DF80420034906F0DFFA204671
S21401046002B010BD8120FBE75118040030B500240E
S2140104700B4D85B06946E0B228F0D8FD50B99DF81D
S2140104800030032B06D12946BDF805309DF8012022
S21401049006F0C4FA0134202CECD105B030BD00BF03
S2140104A07818040008B50020034906F0B7FABDE83D
S2140104B00840FF2000F0DEBA8A1804002DE9F04F4C
S2140104C085B006460D46174627F025F8044640B186
S2140104D030463A46294627F008F8002005B0BDE820
S2140104E0F08F4FF003094FEA15285FFA84FA694640
S2140104F0504628F09BFDB8B99DF800B0BBF1000F3F
S21401050012D1694650468DF800908DF805508DF849
S21401051006808DF8016028F08DFD02460028D7D0B0
S2140105205846064906F07AFA0134202CDDD100201F
S214010530034906F073FA8920D0E700BF9F1804002C
S214010540C61804001FB5002304468DF80F3026F0A8
S214010550CDFF28B19DF80F3063F07F038DF80F3083
S214010560182301930DF10F03002200930421402369
S214010570204628F06BF8024618B10020024906F022
S2140105804DFA04B010BD00BFE11804001FB502A962
S21401059009F0E8FD044688BBBDF80820184906F0B6
S2140105A057FA2046039906F0ABF92046154906F09E
S2140105B035FA4FF6F672BDF80810134C4B1E9BB277
S2140105C0934219D82368039A1B685879FFF776FF78
S2140105D023681B79012B0BD8BDF808300022CDE922
S2140105E000030421094B092006F09EF828F090FA32
S2140105F06FF0FF0004B010BD8720E9E78120F9E71E
S21401060000190400161804002846002017190400D3
S21401061070B504468AB005AD1122002128460AF0BD
S214010620C3FD204604A909F091FD044600283AD1ED
S2140106301E4EBDF810201E4906F0F0F932681379F7
S214010640012B28D84FF6F670BDF810104B1E9BB242
S214010650834224D81368587926F05DFF08B33368BF
S2140106602A461B68BDF81010587926F03DFFBDF8E4
S214010670103001220421CDE9004309200D4B0295DB
S21401068006F052F828F044FA034620B100200A4A40
S2140106900A4906F0C3F96FF0FF000AB070BD87245F
S2140106A0E5E78B24E3E78120F7E700BF2846002033
S2140106B01A1904002F190400331904003E19040006
S2140106C02DE9F0479AB004A909F058FD0446002820
S2140106D040F0B5809DF810205B4906F0B9F9254633
S2140106E05A4E9DF81020EBB29A4254D80020584931
S2140106F006F094F99DF81050002D40F099802C4694
S2140107002E46544F06A9F0B228F090FCC8B99DF8C1
S2140107101830032B15D13B689DF819201B685B79AF
S2140107209A420ED19DF81D2005F168036B4403F82B
S214010730402C9DF81E200235013403F83F2CEDB203
S214010740E4B20136202EDDD19DF810300BB1002C1D
S21401075077D00AABCDE90143FF230222042100939F
S21401076009203D4B039505F0DFFF28F0D1F903463C
S21401077060B19DF81020002A5FD0384A3849002C15
S21401078008BF0A460020374906F048F96FF0FF0017
S2140107901AB0BDE8F08705986B0003F4FF730222D8
S2140107A00021184428F0D3F831460246002006F00E
S2140107B04FF9013595E70598730003F4FF7302229C
S2140107C00021184428F0C3F8002780465FFA80FA13
S2140107D006A9F8B228F02AFC00BB9DF81830032BB6
S2140107E01CD1D9F800309DF819201B685B799A4214
S2140107F014D19DF81D30534510D19DF81E30C8F315
S21401080007229A420AD105F168036B440235013486
S21401081003F840AC03F83F2CEDB2E4B20137202FC9
S214010820D6D101369DF81020F3B29A42C3D88BE791
S2140108300025DFF820902E46F4E7084AA2E781203B
S214010840A6E78B20A4E700BF981904004718040008
S214010850B64A040028460020B719040069190400A6
S21401086087190400BB1904002DE9F04389B002A9D9
S21401087009F072FC0446002867D1BDF80820344907
S21401088006F0CCF84FF6F672BDF80850DFF8D490B3
S2140108906B1E9BB2934254D8D9F8003029461B6888
S2140108A05F79384626F037FE00284CD026465FFA98
S2140108B086F8404603A928F0B9FB28B929463846E8
S2140108C003AA26F015FE20B90136202EEFD14FF0EF
S2140108D0FF08404628F0A8FB014658BB112203A892
S2140108E00AF062FC2946384603AA26F0FEFDD9F82E
S2140108F000301A79012A18D81B68BDF808105879F3
S21401090027F0E6FFBDF8083003220421CDE90043B5
S2140109100920104B05F008FF28F0FAF8034620B12D
S21401092000200D4A0D4906F079F86FF0FF0009B076
S214010930BDE8F08302460A49002006F06FF801245C
S214010940D5E78724D3E78B24D1E78120EFE700BFE3
S214010950DD190400171904001B1A04003E190400CF
S214010960F4190400284600202DE9F043DFF89480AE
S2140109700020D8F8003021491B688BB05E7900252D
S21401098006F04CF801275FFA85F9484601A928F0D8
S2140109904DFB044690B99DF80430032B0ED19DF80B
S2140109A00530B3420AD1484628F03EFB0146A0B1C5
S2140109B002461349204606F031F827460135202D18
S2140109C0E1D1D8F8003000211B68587927F080FF64
S2140109D087F001000BB0BDE8F083112205A80AF0EC
S2140109E0E3FBBDF809403046214605AA26F07DFD09
S2140109F02146304627F06CFFE0E700BF281A0400C6
S214010A00F41904002846002037B5694609F0B0FB02
S214010A10044638BBBDF80020134906F019F8134DFB
S214010A202046019905F06CFF2046114905F0F6FFB6
S214010A302B681B68587928F05AF870B14FF6F67291
S214010A40BDF800104B1E9BB2934209D82B68019A41
S214010A501B685879FFF732FD0446204603B030BDC7
S214010A608724FAE78120F9E73C1A0400284600208B
S214010A70161804007FB505460024E6B269463046DE
S214010A8028F0D4FAA8B99DF80030032B11D19DF8AF
S214010A900130AB4204D0FF2D0BD19DF80D3043B988
S214010AA0304628F0C1FA024618B10020034905F085
S214010AB0B5FF0134202CE0D104B070BDF419040058
S214010AC0034B1B681878012808BF0220704700BF37
S214010AD064450020D0E9023253F822301A78024BDE
S214010AE01A7000F0E7BA00BF5C63002070B5D0E969
S214010AF002456B1EDBB254F8230003221B490AF0A1
S214010B009FFE54F8253004EB8504197863681A783B
S214010B10A2F10B030F2B05D915490020BDE8704043
S214010B2005F07CBF01290FD1124C9140236840B9D2
S214010B300B43114A23600020BDE870400F4905F0C1
S214010B406DBF23EA0103F4E702290CD101230C4906
S214010B5003FA02F20B6818B913430A4A0B60EAE774
S214010B6023EA0203F9E70A460749D6E7601A0400B2
S214010B70641A0400686C00207A1A0400821A0400C1
S214010B80646C0020951A04009F1A040007B5D0E98A
S214010B90023103EB810253F821300B491B7852686E
S214010BA0012B0A4B08BF0B4612684FF000001A6073
S214010BB00092074A074B084918BF1346074A05F033
S214010BC02DFF03B05DF804FB686C0020646C002008
S214010BD0BA1A0400B21A0400C41A0400F09B0400F6
S214010BE038B5254A254B264C0020264905F016FF28
S214010BF00020254905F012FF22682449002005F04F
S214010C0027FF2068224C234D05F0E2FE21460020F6
S214010C1005F004FF2A682049002005F019FF28681E
S214010C2005F0D6FE2146002005F0F8FE1B4B1C49B8
S214010C301A781C4B002053F8223005F0EFFE00F026
S214010C400DF919490246002005F0E8FE174B002071
S214010C501A78174905F0E2FE164B17491A78002054
S214010C6005F0DCFE04F020FABDE8384002461349E0
S214010C70002005F0D3BE00BFF09B0400DE1A04007E
S214010C80686C0020E51A0400ED1A0400FB1A040043
S214010C909F030400646C00200C1B04008A63002080
S214010CA01D1B04006C6C0020301B04006F630020C9
S214010CB0441B04006E630020561B0400681B0400DE
S214010CC007B500F071F8054B0090054A002005496C
S214010CD005F0A4FE03B05DF804FB00BF7E1B040014
S214010CE0F09B0400FF160400F8B504460B4F0C4EAB
S214010CF00C4D00200C4A0D4905F090FE20463B782D
S214010D0029783278F5F786FA00233B7033702B701A
S214010D10FF21BDE8F840064826F047B88A63002060
S214010D206E6300206F630020F09B0400831B0400A9
S214010D30A042002037B51248FF2126F036F8114BA5
S214010D40187810F0100505D0002003B0BDE830403B
S214010D5003F01CBF0121B42004F020FB04460A4B1B
S214010D600A4A0B490090284605F058FE2046FFF730
S214010D70BBFF4FF4806003B0BDE8304027F09ABD5A
S214010D80A04200208A6300209A1B0400F09B040006
S214010D90FF1604000021024A0248FEF7C9BA00BF46
S214010DA0350D0100A042002008B5054B1B7823B184
S214010DB01720FFF799FF002008BD0220FCE700BFBF
S214010DC08A63002010B550B1054B00F1100250F8AF
S214010DD0044B904243F8044BF9D1024B197010BDF5
S214010DE0706300208063002037B5174D04462B78CA
S214010DF0DB0626D50090154B0020154A154905F04F
S214010E000DFE1E2C0BD0652C09D0032C19D000200A
S214010E1028F08CF940F61C40FFF766FF0DE028F03D
S214010E20ADF94FF4FA63B0FBF3F202FB1300C218FC
S214010E30FF21094892B225F0A7FF2B7823F0100373
S214010E402B7003B030BD00BF8A630020B31B0400C3
S214010E50F09B0400FF160400A0420020014B187905
S214010E60704700BF005B002070B54C4E8EB03378E3
S214010E7003F0FB02A3F10905022AEDB258D0042BB8
S214010E8041F6041257D0A3F108014B424B415B00D7
S214010E9013434348ADF80C3026F06DFB48B9414B7F
S214010EA03F4A03F1100153F8040B8B4242F8040B3E
S214010EB0F9D13D4B1B78002B3FD03C4B0DF10E0278
S214010EC003F1100153F8040B8B4242F8040BF9D1DD
S214010ED003A828F04BF92328044610D1012D49D840
S214010EE00020334A334905F099FDBDF80C3003A8BC
S214010EF023F40053ADF80C3028F038F90446002CE2
S214010F0041D14FF40C7028F02FF9044600283AD14D
S214010F1003F0FAFE012D36D8274A01AB1068516856
S214010F2003C3264901A828F085F978B319242AE0D5
S214010F3043F60412A7E70223AAE73378042B0DD061
S214010F40082B0BD01E4B0DF10E0203F1100153F8C6
S214010F50040B8B4242F8040BF9D1B9E7104A0DF1A4
S214010F600E0302F1100152F8040B8A4243F8040BF7
S214010F70F9D1ADE7337803F0FB03022B03D1002050
S214010F80104905F04BFD20460EB070BD044901A87E
S214010F9028F050F904460028C8D1F4E78A630020F7
S214010FA05E630020801C04008063002070630020C4
S214010FB0F09B0400D71B0400911C0400E09B040076
S214010FC09A1C0400321C040070B5002686B0044644
S214010FD0252028F0B1F81622002116480AF0E4F878
S214010FE0154B1E60154B1878FFF76AFD022814BFD3
S214010FF00123042303208DF8083028F0EBF804239E
S2140110008DF810300E4B02A80593039403F030FDC3
S21401101005460C4B0C4A19680C4B3046A14208BFDA
S214011020134600940A4A0B4905F0F8FC284606B018
S21401103070BD00BF005B0020C04200208A63002014
S21401104029130100686C0020B21A0400BA1A0400C1
S214011050F09B0400AB1C040008B5134A1378042B5C
S21401106009BF124B01331B78C3F10603DBB21370C1
S21401107003F0FD02092A04D11720FFF735FE1720D9
S21401108008BD0A4A1278002A14BF052206229A428F
S21401109007D1074B18680028EED0FFF795FF4D20C3
S2140110A0EEE70020ECE700BF8A63002080630020A3
S2140110B0646C002073B51E4C1E4E236832681343C1
S2140110C034D01D4B1B6853B31C4D2B783BBB03F030
S2140110D0EBFFF8B94FF4806027F0AFFB184B24689C
S2140110E01B7894B1C3F102032B7003F047FD204631
S2140110F0FFF76AFF04460020124B134A1349009477
S21401110005F08CFC204602B070BDC3F106033468BE
S2140111102B70EAE70121B42004F040F9EAE7002049
S214011120094A0B4905F07AFC0224E4E70224E9E7C0
S214011130686C0020646C0020644500208A630020EF
S21401114080630020F31C0400F09B0400FF160400DB
S214011150D91C04002DE9F347384D394E00202A7971
S2140111602B88384905F05AFC3268287922FA00F0B3
S21401117010F0010002D1344905F050FC334F3C78A1
S2140111803CB10822324933480AF05AFB041E18BF04
S2140111900124DFF8DC80DFF8A490DFF8B4A014E0C7
S2140111A098F8000049460130C0B288F8000027F0E0
S2140111B0B5FF002835D13C783CB108225146254878
S2140111C00AF03EFB041E18BF01242A793368D34077
S2140111D0DB07E5D5002CE3D100922B881E4A1F4978
S2140111E0204605F01BFC1E4B1878FFF769FC01230F
S2140111F00322124927F098FF1A4A0546137801334D
S214011200137010B902B0BDE8F08720462B46124A8B
S214011210154905F003FC284602B0BDE8F047FFF784
S21401122063BD0020114905F0F9FBFFF715FF002803
S214011230E8D102B0BDE8F04700F01CB8005B002022
S214011240C0420020F91C04002A1D04008963002006
S214011250816300200E5B0020F09B0400F91D040052
S2140112608A6300206E6300209A1D0400C31D0400DB
S2140112705D6300202DE9F041214C224D23780020AA
S21401128055F82330204A214905F0C8FBFFF7ECFD4D
S21401129003461D4E1E4FDFF874802BB92378042BAE
S2140112A015D8B3B91B4B15E032463946002005F078
S2140112B0B5FBFFF7D1FE00BB2378324655F8233045
S2140112C0414605F0ABFBFFF7CFFD0346E5E7092BEB
S2140112D0E8D1114B00201B68104A11491360114BCD
S2140112E0187027F01BFF20B1BDE8F0410120FFF781
S2140112F0FBBCBDE8F041FFF72DBFBDE8F08100BFA4
S2140113008A6300206C6C0020F09B0400191E040008
S214011310261E0400646C0020686C0020C042002079
S214011320005B00205D63002070B51C4C23789BB3E6
S214011330838913F4407F2FD0056835B12A46BDE86E
S21401134070400020164905F069BB27F0E5FE154EF2
S21401135003463070144A2846144905F05FFB33787B
S2140113601BB1BDE87040FFF785BF2378082B0CD86A
S214011370042B0CD80E4B1B78C3F1060323700D4BC0
S214011380BDE870401868FFF71FBE0A2BF2D1BDE812
S21401139070401820FFF7A8BC70BD00BF8A6300200C
S2140113A0511E04006F630020F09B04007E1E0400A3
S2140113B080630020646C002030B5464D0346044629
S2140113C0454A0020454987B005F028FB2B782BBB02
S2140113D001A827F031FF022301A88DF8043027F079
S2140113E019FFB0B93E4901A827F016FF88B1152CA0
S2140113F00FD127F0C3FE47F23153B0FBF3F202FBE5
S214011400130000F51C50103080B203F0BFFB07B08C
S21401141030BD162CFBD103F0F3FBF8E7152C2AD1CF
S21401142000202D4A2F4905F0F9FA2B78042B11D00C
S214011430082B0FD02C4B1B78DA070BD401A827F00A
S2140114408FFE18B9BDF804309B0703D42B7843F000
S21401145010032B7027F092FE4FF4FA63B0FBF3F201
S214011460FF2102FB1300C218204892B207B0BDE864
S214011470304025F089BC27F0B3FE04460028C6D1CB
S2140114802B78013B092B1ED8134A194905F0C6FAD9
S214011490184A194913780133D8B2107027F03EFE66
S2140114A060B12046154905F0B9FAFFF7D5FD0028C9
S2140114B0ADD107B0BDE83040FFF7DCBE07B0BDE8F0
S2140114C03040FFF747BE40F61C4007B0BDE830404D
S2140114D0FFF70ABC8A630020F09B0400A21E0400EA
S2140114E0E09B0400B91E04005C630020A0420020BB
S2140114F0CC1E04005D630020005B0020C31D0400B9
S2140115002DE9F0410B4686B004460E4617463A4989
S2140115100246002005F082FA4FF000080123CDE9CB
S21401152001380DF11603009342464023062120465A
S21401153027F0C1F8054640B102463049404605F05D
S2140115406DFA284606B0BDE8F0819DF816202AB946
S21401155036B900202A4905F061FAF2E7012EF8D0E3
S21401156082F00103002027498DF8173005F056FA5E
S2140115709DF817300DF1170633B310230022CDE97D
S214011580006306214023204627F060F8064630B166
S214011590324600201C4905F041FA3546D1E74FB9DD
S2140115A00821204626F0B4FE20B120469DF81710EB
S2140115B027F08FF90521204626F0AAFE0028C0D084
S2140115C0204627F083F9BCE74FB90821204626F0CC
S2140115D09FFE20B120469DF8171027F07AF91023B8
S2140115E00022CDE9006306214023204627F02EF88D
S2140115F006460028DED0CBE7FB20040017210400B6
S214011600302104005021040070210400002208B596
S214011610034B11461B681B685879FFF771FF08BD1D
S2140116202846002008B5044B00221B6801211B68D0
S2140116305879FFF765FF08BD2846002008B5044B1A
S21401164000221B6802211B685879FFF759FF08BD65
S2140116502846002010B50123002488B001A88DF883
S2140116600430CDE90244F5F7B7FF20469DF8042083
S214011670124905F0D3F92046039A114905F0CEF92F
S2140116802046029A0F4905F0C9F910220E4B0DEBC0
S2140116900201188840F0604040F48010FBF718FC07
S2140116A020460A4905F0D4F904A827F092F9204605
S2140116B0074905F0B3F908B010BD00BF8921040041
S2140116C0A8210400C7210400C09B0400E6210400F1
S2140116D0B64A040008B525F07FFF0020024905F050
S2140116E09DF9012008BD00BF032204000023054A1E
S2140116F08360C360044BC0E9002311B14FF6FF734A
S2140117000B807047491041B20C30021110B50446E7
S21401171060B10020064905F081F9052C06D002F0DB
S214011720CBF904490246002005F078F9012010BDE6
S214011730172204002822040037B500216A4601ABAF
S214011740054626F00AF8044668B100220F491046FD
S21401175005F064F902F0B0F90D490246002005F0E3
S2140117605DF903B030BD0B4905F058F9012024F0AE
S2140117700DFF01F099FF431C02D008F025F8F0E7B1
S21401178021462846FFF7A6FFEBE700BF51220400DB
S214011790282204009922040038B5054601F084FF8A
S2140117A0044627F05EF84DB100200E4905F036F9E3
S2140117B0631C14BF2046002007F0C8FF25F01AFF5F
S2140117C00228044605D0012805D10020064905F067
S2140117D025F9204638BD0020044905F01FF90024EC
S2140117E0F7E700BFB6220400D0220400E922040075
S2140117F008B50020034A044905F010F9BDE8084081
S21401180000F050BD933204000223040008B5002006
S214011810034A044905F002F9BDE8084001F0CAB9D7
S21401182021230400022304001FB5D0E9023253F835
S214011830223068461C78214601F0D0FB684601F04C
S21401184073FC28B92246044905F0E8F804B010BD37
S2140118506846FFF771FFF9E72723040000200149D6
S21401186005F0DCB8432304007FB50DF1060102A89C
S214011870FFF73CFF0020264905F0D0F80020BDF810
S2140118800820244905F0CAF80020BDF80A2022499C
S21401189005F0C4F8039A0020204905F0BFF800209F
S2140118A01F4905F0D5F84FF6FF73BDF806209A429A
S2140118B029D000201B4905F0B1F800201A4A1B491F
S2140118C005F0ACF800201A4A1A4905F0A7F80022DC
S2140118D01949104605F0A2F80020154A174905F0E7
S2140118E09DF80A220020164905F098F80A220020E1
S2140118F0144905F093F80A220020134905F08EF8E2
S21401190007B05DF804FB0020104905F087F8D4E71E
S214011910522304006A230400832304009C2304004A
S214011920B5230400C0210400E0930400CB23040087
S214011930C0270900EA23040009240400282404001F
S214011940472404006624040084240400C8230400F9
S21401195008B50020034905F061F8BDE808400120FC
S21401196001F0FAB9A224040008B50020034905F0E5
S21401197055F8BDE80840002001F0EEB9BB2404008C
S21401198030B5104B104D1B5C85B08DF80F302B78A1
S2140119900446834206D00D4B0D4953F82020002003
S2140119A005F03CF830232C700A4801930DF10F0323
S2140119B00093062280231921007826F047FE05B001
S2140119C030BD00BF079C040092630020149C0400F5
S2140119D0D3240400127100201FB523230390019322
S2140119E0064803AB0093012280231921007826F0D4
S2140119F02DFE039805B05DF804FB00BF12710020B0
S214011A0073B5164D04462B78154ECBB125F013FE53
S214011A10012815D0346040F6B244124B1B78072BD0
S214011A2017D02D78C5B925F006FE031E18BF012371
S214011A300D48009522461921007826F08BF903E01F
S214011A4000233360002CE8D1201E18BF012002B00D
S214011A5070BD02250123EBE70025FBE78F6300201D
S214011A60C4420020926300201271002008B5044889
S214011A70FFF7C6FFBDE808400220FFF781BF00BFA1
S214011A80C027090010B5064C208826F023FF608881
S214011A9026F020FF6068BDE8104026F02ABF00BF90
S214011AA0C84200207FB523238DF813300DF11303B0
S214011AB0029304230648019305AB00930122802379
S214011AC01921007826F0F7FD059807B05DF804FBAC
S214011AD0127100202DE9F047DFF84C91044699F881
S214011AE0000090460F4626F0F5FB0B2899F80020DB
S214011AF005D9BDE8F04700203F4904F08FBF002616
S214011B003E4B3F4D1E803F4BDFF820A103EB0013F9
S214011B105B8801202B802A7104F0A8FE05F050FF97
S214011B2004F0A4FE204604F0A1FE0123042C8AF84A
S214011B3000300BD8022C45D89C4216D02346BDE86F
S214011B40F0470020304A314904F068BF062CF5D131
S214011B5030462F4904F062FF384604F087FEFFF74F
S214011B6091FF97B18AF800600FE04FF6FF76294F94
S214011B703888801B18BF012004F078FEFFF782FF2B
S214011B803888B04201D026F0A5FE19236B8099F85B
S214011B90003000202B71204B1B786B71EB8843F0D3
S214011BA04003EB801D4B198826F041FE034620B109
S214011BB0224600201A4904F031FF4046BDE8F047AE
S214011BC0FFF71EBF304604F051FEFFF75BFFFFF73D
S214011BD069FF26F08EFE134B1B78002B0CBF3F20AF
S214011BE0202004F043FE042CCFD14FF4806026F071
S214011BF071FE3220C7E700BFE6240400245B002004
S214011C00285B002098440020DA14040032250400E2
S214011C1015250400185B002011710020B07000200B
S214011C204B2504008E630020127100208F63002074
S214011C3038B5044605200D46FFF7A2FE184B1A8854
S214011C404FF6FD739A4207D10020164904F0E6FECE
S214011C50BDE83840FFF70ABF65B1134A1378013370
S214011C60DBB2092B137014D90A2200200F4904F0A5
S214011C70D5FEEDE7012C0ED10B4B1D700C490D481E
S214011C80FFF734FDBDE83840002101200A4AFFF77E
S214011C9021BF012CF2D0BDE838400748FFF7B0BE9F
S214011CA0B07000208525040091630020B025040053
S214011CB0185B0020C8420020E093040008B50649DE
S214011CC0002004F0ABFE0548FFF736FDBDE80840EE
S214011CD000210846FFF7ACBFF4250400C8420020E7
S214011CE0814237B50346154608D2002000910F4AB7
S214011CF00F4904F093FE002003B030BD0C1A2246B3
S214011D0000200C4904F08AFE40F6BB532246002010
S214011D10094904F083FE4FF47A735C43074B0120B4
S214011D209C4294BF2C602B60E6E700BFDA140400E7
S214011D3005260400422604005D26040080EE3600D7
S214011D4010B504460820FFF71BFE0D4B3CB91C706E
S214011D500021BDE8104006200A4AFFF7BBBE1B78EB
S214011D60092BF5D90A220020074904F057FE002066
S214011D70064904F053FEBDE81040FFF79FBF00BFC1
S214011D8091630020C027090089260400CA260400A2
S214011D9073B51F4D2C7834B100201E4902B0BDE842
S214011DA0704004F03BBE0220FFF7EAFDFF221A4E08
S214011DB01A4B30781A7026F08DFA0B2807D9204670
S214011DC03278174902B0BDE8704004F027BE154BC3
S214011DD01549009301EB0011012319224FF6FD70FE
S214011DE0498805F091FA70B12046104904F016FEB4
S214011DF000220F4B0F481C700F4B1A7002B0BDE843
S214011E007040FFF7FDBD01240C492C70EEE700BFC2
S214011E1090630020DB26040012710020117100205F
S214011E20E624040021210100984400201C27040018
S214011E308F630020C0270900916300204227040019
S214011E4038B5144D04462B78052B21D91249FFF7D6
S214011E505DFC24B918B9114904F0E0FD0424104BC7
S214011E60195D21B9BDE838400846FFF769BF032C64
S214011E7006D02B78052B03D006200A4AFFF72AFE48
S214011E800021094B08461970BDE83840FFF7D0BE5F
S214011E9038BD00BF92630020C842002064270400BA
S214011EA0FD9B0400C02709008F63002030B504465F
S214011EB089B00720FFF764FD052C0AD100222A4BC2
S214011EC003A91A7002A804AA01F0FEFD30B102208F
S214011ED045E09CB90122244B1A700224224D287831
S214011EE078B1421E504221495041FFF755FC02236A
S214011EF004462B70022C0ED10A200FE0022CE6D1EC
S214011F00EBE7631F5A424FF0050018495A4125F086
S214011F1099FB0446EEE7032C04D10020FFF770FD81
S214011F2009B030BD062C06D10020114904F076FD1B
S214011F3001232B70E0E70F4A0F4B2878002C18BFBF
S214011F4013460E490E4A0094002808BF0A46002090
S214011F500C4904F063FD201E18BF0120400009B0A3
S214011F60BDE83040FFF76CBF8D630020C8420020FB
S214011F709F27040098270400912704008027040067
S214011F808A270400DA27040013B51F4C0620FFF742
S214011F90F7FC2278092A09D900201C4904F03EFDE5
S214011FA0042002B0BDE81040FFF74ABF184B1B786B
S214011FB02BB3002024F00EFB25F03DFB68B9FFF79C
S214011FC071FD144B196825F02DFB024604200021F3
S214011FD002B0BDE81040FFF77DBD01A825F029FB42
S214011FE0FF2809D14FF4FA6023780133237002B039
S214011FF0BDE81040FFF704BD0198FFF7EDFC4FF474
S214012000FA620320E3E700BF91630020F52704008E
S2140120108E630020D8420020F023F0B589B0CDE9C8
S214012020000334488023002219210078324E334FB2
S21401203026F00CFB0020324904F0F0FC324639460B
S21401204003A801F041FD032804462E4D1CD10626A7
S214012050039A2D49002004F0E1FC0398FFF7BCFC2D
S2140120600020396800F0ACFE2E7001F09FF90022C6
S2140120700446264B30461A70FFF782FC84BB09B033
S214012080BDE8F040FFF780BF28BB7268204904F026
S214012090C5FC214604A8FFF729FB059B72689342FD
S2140120A00BD020461B4904F0B9FC072305202B70F2
S2140120B009B0BDE8F040FFF7F9BE1A4620461649BA
S2140120C004F0ACFC0523002101202B7009B0BDE80B
S2140120D0F040FFF7ADBD0020104904F09FFCF1E78A
S2140120E0042C05D0042009B0BDE8F040FFF7A8BED7
S2140120F009B0F0BD12710020C8420020D84200206D
S2140121002D280400926300205E28040091630020BD
S21401211099280400D2280400262904006229040014
S214012120F7B50446876800202378364D012B2870C2
S21401213004D0354B3549187004F070FC26785EBB28
S214012140334B1B78FF2B04D103B0BDE8F040FFF7FB
S2140121508DBC304B1B78032B11D82F4C0320FFF777
S2140121600FFC6946208827F023F8002843D02B4926
S214012170208805F047F920B12E70FFF777FC03B0F1
S214012180F0BD0124204B26491C7004F047FC0320B7
S214012190FFF7F6FB2C70F2E7012E25D13B78002BDA
S2140121A0EDD01B4D2B78FF2BE9D1A68802F0A4FFBA
S2140121B0864206D100201B4903B0BDE8F04004F07A
S2140121C02DBC194BA2881B783BB132B117490020B0
S2140121D003B0BDE8F04004F021BC7B6814491B78CD
S2140121E02B700D4B1A80F2E7032E08D108226846A1
S2140121F0A16809F02BF86846FFF70EFFBFE700233A
S2140122002B70A1E78F630020906300207D290400D6
S2140122101171002092630020B0700020212101007E
S214012220422704009D2904008C630020C329040072
S214012230EE2904007FB5094B1A78FF2A0AD11870D7
S21401224001F088FB0022064B0DF1060102A81A8058
S214012250FFF74CFA07B05DF804FB00BF12710020CF
S214012260165B0020152838B517D10C4B1D78A5B97B
S21401227026F084FFC4B2012C38BF01240120FFF7E9
S2140122807FFB28462246064904F0C8FB4FF47A70C5
S2140122906043BDE83840FFF7B3BB38BD926300200A
S2140122A00B2A0400034B1B78022B01D8FFF770BDE5
S2140122B0704700BF9263002070B5284C25F0B6F930
S2140122C02578274EBDB10020264904F0A7FB264AF3
S2140122D0137801331370002323703378062B0AD149
S2140122E0BDE87040214B1868B0F5FA6F38BF4FF45F
S2140122F0FA60FFF785BB3378013B082B2CD8DFE863
S21401230003F005090D2B13191D222700BDE87040A7
S214012310FFF7C8BFBDE87040FFF73ABD0023237042
S214012320BDE87040FFF7A2BB2946BDE8704001201A
S214012330FFF77EBCBDE87040FFF726BE0220BDE871
S2140123407040FFF7B3BD0120BDE87040FFF7F8BC51
S214012350BDE87040FFF7B2BC70BD00BF8F630020C0
S214012360926300203A2A040091630020C4420020B0
S21401237010B90520FFF764BD034B1B78062B01D16E
S214012380FFF79ABF704700BF926300202DE9F04720
S2140123908E68054633189A780C46092A8EB008D9F5
S2140123A00020A34904F03AFB852420460EB0BDE880
S2140123B0F08750B98B899F49895C8B4205D2009181
S2140123C09D4904F02BFB8024EFE79C4BE7881B8894
S2140123D09F4236D09A490978012932D932B13A4614
S2140123E00020984904F01AFB7E24DEE7964B1A700B
S2140123F0934B26791B78052B03D0012B3AD8FFF790
S21401240051FF5EB93146204626F088FB0346002878
S21401241051D030468D4A8E4904F000FBD4F808802E
S214012420A48998F8037098F80450002E4CD13046D1
S214012430884A894904F0F2FA00210120FFF7F8FBE7
S2140124404FE00021804B1970072A00F28A8301A30E
S21401245053F822F0F12301009F2501009F2501007A
S214012460B1270100B1270100B1270100472A010069
S214012470472A0100022B17D102F03EFE8742B3D055
S2140124800020764A764904F0C9FAFFF781FC46BB7C
S2140124903146204626F042FB034610B36B4A6C4990
S2140124A0002004F0BBFA1CE06E4A00206E4904F0DE
S2140124B0B5FA012479E7A3681B78DA06AED432466A
S2140124C06A4904F0ABFAA9E700210AA8FFF70EF95A
S2140124D0032F08D95F4B664A66490097002004F02F
S2140124E09DFA002461E76B1E632B04D9594B604AA1
S2140124F061490095F2E7614BE4B2DB5D9C4209D08D
S214012500CDE901430020534B594A5D49009704F039
S21401251085FAE6E757B3A4B222460521404626F0DF
S21401252016FABDF82830834203D04A4B554A56491D
S214012530B6E7012F1AD022460721404626F007FAB1
S214012540BDF82A30834203D0424B4E4A4F49A7E793
S214012550032F0BD122460921404626F0F5F90B9BA5
S214012560984203D13B4B474A494999E7642D3FF4CA
S21401257063AF26F003FE6423C0B2B0FBF3F203FBA5
S21401258012030133DBB29D42BFF456AFCDE90053CF
S2140125900020304B3B4A3F4904F040FAA1E7284B64
S2140125A01B78052B01D03C4A7FE7EB1CDBB2277B6F
S2140125B0F45C44B123460020374A384904F02EFA29
S2140125C000210C460BE00F2F0DD81023204634496E
S2140125D00093314A3B4604F021FA80240121002071
S2140125E0FFF726FBE1E60435EDB220462A4A2D49DF
S2140125F004F014FA7A1B7119D2B206A825F029F84C
S21401260005443A46E9B2304626F09EF9264D069A2A
S2140126102B68264F9A42386001D100284AD12449B6
S21401262000201D4A04F0FAF985240121D7E700BFEE
S214012630572A0400409C04006F2A0400B070002052
S214012640926300209E2A04008F630020142B04004E
S2140126501C2B0400A42B0400B92B0400E22A04005E
S214012660EF2A0400442B0400512B04006E2B0400B7
S214012670CE2B0400D62B0400F02B0400039C040090
S2140126800E2C040063300400482C0400722C040055
S2140126909A2C0400C12C0400F52C04000F2D040014
S2140126A03E2D0400552D0400C8420020D8420020CB
S2140126B07E2D040000F08EFF3E68B0420AD200F084
S2140126C089FF9D4903463246204604F0A7F989242E
S2140126D0012184E7079A6B689A4205D12046974AFA
S2140126E0974904F09BF96BE79649097859B19A42E4
S2140126F009D22046944904F091F996210620934A7E
S214012700FFF7E8F95CE7924A924905A801F0DCF97F
S214012710079E48B96A68964206D88F4904F07EF942
S2140127200520FFF7C3FB40E6324600208B4904F044
S21401273075F939680027002000F042FB00206E6022
S214012740FFF74AF9864B06201F80FFF719F9854BDC
S2140127501F7001F0B1F90646F8B94FF6FF73824AC9
S2140127600AA81188994214BF13463B466A882988ED
S21401277001F012F90AA800F0D7FC58B10AA801F036
S214012780DDF938B13046794904F048F90420FFF7FD
S21401279057FB0AE6FFF7F8FB07E6042805D1744B5A
S2140127A01921187825F0EDFAFFE538467149EBE76F
S2140127B0714B1B78062B01D0704A76E6DFF8A0A194
S2140127C0EB1C94F80C90BAF80080DBB22EB93046B8
S2140127D06B4904F023F98724E7E5F75C2C1D972F56
S2140127E0E4B22FD025D8812F71D0952F67D017BB93
S2140127F0B9F1100F7FF6E7AD31194A460AA824F061
S21401280028FF0444E4B221464A46304626F09CF8A6
S214012810231DDBB2053416F803A0E4B2A9EB0403CA
S2140128205345054666DA009338465346534A55499A
S214012830C7E5982F43D03B460020504A524904F042
S214012840EDF8C8E7B9F10A0F7FF6BDAD1FFA89F7B3
S21401285021463A46304626F077F805F10801044647
S2140128603A46C9B2304626F06FF80AAA0146204613
S214012870FFF736FA08B9454B0A93B9F10C0F12D98E
S21401288005F10C013A46C9B23046DDF8288026F03B
S2140128905EF8044602463E49002004F0BFF8AAF856
S2140128A0004044440A940A9C3A492246002004F017
S2140128B0B5F82046FFF7A4F824F0C3FE11E6364922
S2140128C0002004F0ABF80320FFF7BAFA09E6334C10
S2140128D023786BB124F0A8FE50B10020304904F0F3
S2140128E09DF80023237024F0ACFEFFF74DFBF8E5BE
S2140128F02C49E5E7DFF8A49099F8003043B9FFF7D3
S214012900D1F88542034607D01C4A27490095E5E5DC
S21401291024F091FE0128F2D110220D480AA908F0F0
S2140129208FFF10B9BAF13F0F42D9144A1F49002050
S21401293004F074F84FE700BF9D2D0400F52C040049
S214012940D52D04008B6300200A2E0400C027090041
S214012950C8420020D8420020992804004B2E0400CB
S214012960165B002091630020185B00206D2E04008A
S214012970127100208C2E040092630020B22E0400F7
S214012980C72E0400F42F0400D62F0400E0930400A1
S214012990022F04002D2F04004C2F04008E6300200C
S2140129A0682F0400A72F0400303004006C300400A8
S2140129B06D4B187099F800304BB124F035FE30B1EC
S2140129C0284624F034FE042807463FF48AAD5146D3
S2140129D02846321924F06EFF28B10020634904F01E
S2140129E01DF8042070E799F80030554463B124F0CF
S2140129F01BFE48B1FF2FF4D0012F3FF472AD032F19
S214012A0016D124F01CFE05462846FEF7E5FF0446CF
S214012A1002460521564824F043FE564B1B689C424D
S214012A200AD3204624F041FF0520FFF73FFA58E578
S214012A3024F003FE8046E7E74046FEF7E1FF002864
S214012A407FF44FAD51E74C4B1B7803F0FD03082B89
S214012A5001D04A4A29E5A48935B1F27822B100208D
S214012A60474903F0DBFF2EE7E4B22246F11C0AA831
S214012A7024F0EFFD434BBDF8282019880546914206
S214012A800DD04FF6FF718A4209D03C4A00203E4BDA
S214012A903E4903F0DDFFBDF828203D4947E7BDF874
S214012AA02A20598891420CD04FF6FF718A4208D0ED
S214012AB0324A0020374B354903F0CAFFBDF82A20B9
S214012AC0EBE70B9A5B689A420AD0013208D02B4A90
S214012AD02E490020304B03F0BBFF0B9A2F4926E707
S214012AE0A4B2E91C2246C9B2304625F02DFFE91DE5
S214012AF0C9B207462246304625F026FF431C01464A
S214012B0006D10820FEF73CFF2548FEF779FFE8E4EA
S214012B10384606AAFFF7E4F8A8B9214B0693214BDD
S214012B2000221978204B187824F06FFD069C204669
S214012B30FEF766FF224600201C4903F06FFF0920BE
S214012B40FEF71EFFCDE440F6B733069A9A42E6D862
S214012B5040F6B8320020164903F060FF40F6B8335D
S214012B60DCE7812421E400BF916300209F3004004C
S214012B70C2300400D842002092630020CB3004000B
S214012B80E0300400C8420020622C04000731040033
S214012B90C02104008C2C0400223104001F390400DB
S214012BA080EE360011710020127100205A310400A7
S214012BB02F31040008B50420FFF742F90020FEF784
S214012BC0DFFE0023054A19211370054A1370054BD1
S214012BD01878BDE8084025F0D4B800BF8F63002000
S214012BE0906300201271002010B5164B164C1A780F
S214012BF0164B002053F82220154903F00FFF2178C9
S214012C00144B154A0020002918BF1A46134903F031
S214012C1005FF23782BB1124B00201A68114903F0E7
S214012C20FDFEFEF73FFF0446FEF73CFF0E4B19681C
S214012C3024F029FD2246BDE8104003460B4900203A
S214012C4003F0ECBE926300208F630020149C040006
S214012C50763104004C3804002D380400833104001A
S214012C60C44200209D310400D8420020B631040041
S214012C7038B5014604460020FFF788FB054698B1A3
S214012C80E37C00200A4A0B4903F0C8FE2379042B93
S214012C900AD02946204625F041FF034620B10020F0
S214012CA0054A064903F0BAFE6FF0FF0038BD00BFC3
S214012CB0DA140400DE310400142B04001C2B04007B
S214012CC010B51346094A127882420DD163B1084AFB
S214012CD0002014680A46074903F0A0FE2146BDE815
S214012CE010400120FFF752BB10BD00BF127100203B
S214012CF0284600200032040010B50D4B1C782CB17C
S214012D00BDE8104000200B4903F088BE6420FEF7A2
S214012D1063FE4FF6F0716FF00F02074B0320C3E915
S214012D20001222462146BDE81040FEF7D3BE00BF82
S214012D309263002039320400C8420020014B18700B
S214012D40704700BF8E63002000210620014AFEF76F
S214012D50C1BE00BFC0270900014B1870704700BFF5
S214012D608B630020114B2DE9F04107460D4618688C
S214012D700F49101A096824F086FCDFF840800D4ED2
S214012D8098F800400346FF2C307004D0A8420AD3BE
S214012D902C44A04207DB3A460020074903F03EFEDA
S214012DA0337888F800303078BDE8F081E0420020C2
S214012DB0DC42002093630020673304001371002077
S214012DC050EA010208D0FF22054B091A1A70054B7A
S214012DD01860054B1960704711461046FFF7C2BFD1
S214012DE013710020E0420020DC4200202DE9F04F64
S214012DF0AFB006AD284600F0FDFD0026624FDFF8B5
S214012E00D091284600F090F9044648B900F0BEFD7E
S214012E105E490246204603F001FE2FB0BDE8F08F62
S214012E2039460020F2B203F0F9FD284616A900F053
S214012E30FFFD044620B15649002003F0EFFD8FE068
S214012E40BDF85820534903F0E9FD49462046BDF830
S214012E505A2003F0E3FD2046BDF85C204E4903F0FE
S214012E60DDFD2046BDF85E204C4903F0D7FD204627
S214012E70BDF860204A4903F0D1FD2046199A494918
S214012E8003F0CCFD2046BDF86820474903F0C6FD97
S214012E90204646490DF16A0203F0C0FD444920462A
S214012EA0239A03F0BBFDBDF85C30D90705D5204653
S214012EB09DF890203F4903F0B1FDBDF85C309A07BC
S214012EC014D500203C4903F0C3FDBDF85830B3F5D6
S214012ED0807F4FD1002025F081FD18B10DF19100C2
S214012EE003F01EFD0020354903F098FDBDF85C3067
S214012EF05B070BD50020BDF8B220314903F08EFDEB
S214012F000020BDF8B4202F4903F088FD062228468C
S214012F100DF116030AA924F0E5FB044690BBBDF8A3
S214012F201620294903F07AFDDFF8A8A0DFF8A8B03B
S214012F300DF12808BDF81610A2B2914210D9B8F8C2
S214012F4000205146002003F069FD0134D8F8042022
S214012F505946002003F062FD062C08F10808E9D165
S214012F606C46204600F05AFD94E80F00013685E8CD
S214012F700F0046E70123202200200DF1910103F006
S214012F80B1FCAFE7114957E7793304004635040031
S214012F9082330400A6330400DA330400F33304005A
S214012FA00C340400253404003E3404005734040075
S214012FB06C34040088340400A1340400B64A0400CA
S214012FC0B4340400CD340400E6340400193504009A
S214012FD0BF330400F7340400073504002DE9F0413F
S214012FE088B004AD044628468846002700F002FD56
S214012FF06E46474507D195E80F0084E80F00204646
S21401300008B0BDE8F081304600F008FD96E80F00F4
S21401301085E80F00284600F087F801370028E8D138
S214013020014B0FCBE9E700BFB89E04001FB5D0E9FE
S214013030023253F8223068461978FFF7CFFF684608
S21401304000F07CFD48B1042809D1074A0020074951
S21401305003F0E4FC05B05DF804FB054AF6E7002042
S214013060044903F0DBFCF5E7E23E040061350400A9
S214013070983804006D2E040010B5D0E9023203EB37
S2140130808201496853F8223098B00C6804A8197870
S214013090FFF7A4FF03AB40220093214608AB04A828
S2140130A000F0E2FC024628B100200E4903F0B6FC0F
S2140130B018B010BD039808A900F007040122C0F358
S2140130C0C70003F055FC039908A8091B01440648EC
S2140130D001232246008803F005FC044803F03EFC69
S2140130E0E6E700BF71350400345B0020B64A0400F1
S2140130F0F0B504460D460B4BEF880FCB84E80F0066
S214013100AB882E899B0741BFD5F83900D5F83D100D
S21401311004F1080303C3EA682046278066806260DC
S214013120F0BD00BF4C9C0400102208B5034908F00E
S21401313087FB003818BF012008BD00BFB89E0400F9
S21401314008B526F0A2FCC288FF219208012A38BFE2
S2140131500122024823F018FE012008BDF04200209B
S21401316038B5134690B10120274A1070274A00202F
S2140131701160274A13600A46264903F04FFC02F005
S2140131809DFB254B1870022002F09EFB26F098FC52
S214013190E8B91D4D1D4C2B782BB926F076FC22681C
S2140131A0C368134423601A4B24681B689C4229D2C7
S2140131B026F06BFCC168204606F0AAF800240246F9
S2140131C02C7050B926F07CFCFFF7BAFF03E0FFF73E
S2140131D0B7FF0028DDD0012038BD20460F4903F097
S2140131E01DFC0D4B187802F06FFB00200C4903F014
S2140131F015FC00F091F908B900F0AEF92046FFF78A
S214013200B7F8E8E70124ECE795630020E8420020E0
S214013210E44200209835040094630020C43504007D
S214013220E435040038B500F04BFA044600F042FAE3
S214013230241A26F02AFC054618B9B1211B482CF0A1
S2140132405AF9AB8803F00303032B03D0B2211748C6
S2140132502CF051F900F02EFA054624F0B6FA0123B7
S2140132608340013B2B4203D0B42110482CF043F994
S21401327024F0ABFA01238340013B234203D0B5215E
S2140132800A482CF038F905F019FE054624F09DFA97
S2140132904FF48063B3FBF5F3C440A34205D2BDE807
S2140132A03840BA2101482CF026B938BDFA35040059
S2140132B0FF2108B5044823F078FDBDE80840002248
S2140132C011461046FFF74CBFF0420020F7B5044602
S2140132D00E4600F089F8054626F0D7FBC3682B4456
S2140132E09C4220D324F071FA2C44C440013C114F77
S2140132F03B68DEB1A34219D101340023ADF8043096
S21401330000F0E4F9054605F0D9FD103504FB00543C
S21401331005F0D4FD01A90246204605F021FE24F061
S21401332064FA386004E04FF0FF34E0E7A342E4DBE0
S21401333003B0F0BD986C00204FF0FF320A4B10B579
S2140133401A600022094B1A7000F0B4F9044600F026
S214013350B7F9214602460120FFF702FF00280CBFFD
S2140133600120042010BD00BF986C00209663002049
S21401337038B500F0D1F808B9002038BD094D0A4C1F
S2140133802B7823B924F031FA012320602B702468AE
S21401339024F01BFA01348440EED000F025F82044D6
S2140133A0EBE700BF96630020986C002070B50D4CCB
S2140133B02368002B01DA012070BD00F07BF9054679
S2140133C026F063FB2468C66824F0FFF9013404FA8A
S2140133D000F1294401208A19FFF7C2FE0028EAD02D
S2140133E00420E9E7986C0020024B18680C3024F0A2
S2140133F02CBA00BF9C6C0020FF2307B50021044AAD
S21401340004480093FBF75EFF03B05DF804FB00BFC2
S214013410B1320100F04200200E4B70B51C68054623
S214013420036804F582641C440E46FFF7DDFF2B6833
S214013430834208D232681A44824208D9C31A01204C
S21401344033602C6070BD044A126813441C1A0020B5
S214013450F7E700BF9C6C0020EC4200202DE9F04FFE
S214013460B3F5803F87B00F469846019003D30020FE
S21401347007B0BDE8F08F03A904A8CDE90332FFF732
S214013480CBFF0024824600F10109DFF888B05FFA1D
S21401349089F9019BDDE90356AAB27BB13046109942
S2140134A026F0FAFA0028E2D1B9F1020F2BD1DBF8A7
S2140134B000300493019B03BB2F4421E0394630467C
S2140134C005F04EFD0028D2D1BAF1000FECD0002C49
S2140134D0EDD105F0F3FC2E44B6FBF0F303FB1060D0
S2140134E00028E4D005F0EAFC05A90246304605941A
S2140134F005F036FD0028DAD0B9E7109B2B4410936F
S214013500A8EB05050395631C4B454FF00104C0D39A
S2140135102046ADE7EC4200207FB56B460C4A1068AA
S214013520516803C390680C2218600A4B0DEB020128
S214013530186826F0B1FA0C2268460DEB020108F075
S2140135407FF9B0FA80F0400907B05DF804FB00BFD0
S2140135505C9C04009C6C00201FB5084A01AB1068F7
S214013560516803C3906801A91860054B0C221868BE
S21401357005F0F6FC05B05DF804FB00BF5C9C04009A
S2140135809C6C0020F7B5044615460E4681B9072AFD
S21401359003D80024204603B0F0BD0D4B807919688E
S2140135A0E379063000EB03200C3180B224F057F9A2
S2140135B0002721462B46324638460097FFF74EFF36
S2140135C004460028E5D039467019FFF77FFEE1E78B
S2140135D09C6C0020024B1868A0F50060704700BF85
S2140135E0A86C002010B58AB0684606F09DF810F069
S2140135F0FF0027D1009BFBB1174C01A9206006F004
S2140136000BF810F0FF001DD12268009B9A4204D3EC
S2140136104FF4DD7111482BF06EFF019B104A1149E2
S2140136201360029A13440B600F49A3F500630A6006
S2140136300E4A1360009B63B940F2CF1107482BF086
S2140136405AFF06E0044A034612680020084903F0C0
S214013650E5F90AB010BD00BFA06C0020AD3604002D
S214013660EC420020A46C0020A86C00209C6C00207A
S2140136705537040008B5FFF7B5FF26F006FA50B136
S21401368026F003FA064B02691B689A4203D2B3215D
S21401369004482BF030FFFFF7C5FD012008BD00BF31
S2140136A0A86C0020AD360400014B1868704700BFB7
S2140136B0A06C0020014B1868704700BFEC42002048
S2140136C0014B1868704700BFA46C0020014B1868B6
S2140136D0704700BF9C6C002010B5FFF749FE0446FA
S2140136E02849002003F09AF90020274903F096F9AB
S2140136F00020264903F092F90020254903F08EF9AF
S214013700244B00201A68244903F088F922462349ED
S214013710002003F083F9FFF767FE214902460020E7
S21401372003F07CF91F4B00201A681F4903F076F955
S2140137301E4B1F4C1A6800201E4903F06FF92268C1
S21401374000201D4903F06AF94FF4806200201B49EE
S21401375003F064F9226800201949103203F05EF97B
S2140137602268002017490C3203F058F9226800201D
S214013770154902F5826203F051F9BDE8104005F0E3
S214013780D1BA00BFD4370400113804003038040021
S21401379050380400A06C00207B3804009A380400DE
S2140137A0BD380400EC420020E0380400A46C002080
S2140137B09C6C0020033904002639040049390400B2
S2140137C06C3904008F390400B23904002DE9F04148
S2140137D094B004460D460020482102AA24F050F871
S2140137E018B9534903F01AF919E06022002120465E
S2140137F007F0DAFC04224F4902A808F021F890B13C
S2140138006DB19DF80B30002001939DF80A309DF8AC
S2140138100820009348499DF8093003F0FFF801207D
S21401382014B0BDE8F081BDF80C20B2F5807F22808F
S21401383003D0424903F0F2F8F1E7BDF81420BDF8D1
S2140138400E102281DDF816206180E2600499BDF831
S2140138501A206160228284F8320007AD04F1120258
S2140138600FAE2B4603CBB342106051601D4602F1EA
S2140138700802F6D10F9B324A63631360314B102264
S2140138801846002107F090FCE288A388028022896E
S2140138904280E26842600BB90020C1E70026354647
S2140138A0A388D90709D536B105F150026A4412F842
S2140138B0482C84F838200135EDB29A0714D52088B3
S2140138C023F0F4FE07466EB102AB03EB0508024691
S2140138D0414604F1390007F0F7FD3A4641461A48D9
S2140138E007F0F2FD2F44FDB2A3885B070DD556B154
S2140138F005F150036B4433F8482C33F8463CA4F8E2
S2140139005A20A4F85C300435EDB2002EC4D1482DFF
S21401391002D930460D4965E72946382002AA23F028
S214013920AFFF08B90A495DE738250126B8E700BFA9
S214013930D5390400689C0400073A04003D3A0400A7
S21401394010430020144300201C430020583A040072
S214013950A83A040030B50B4C99B025786DB9FFF73D
S21401396089FE68B129466846FFF730FFB0FA80F055
S214013970054B4009187001232370002019B030BD93
S2140139800120FBE79763002098630020014B18781D
S214013990704700BF9863002070B51E46134B04465F
S2140139A018881D46884298B002D15B88934206D09B
S2140139B00F4B0FCB84E80F00204618B070BD96B1B0
S2140139C000216846FFF702FF0028F1D1BDF8043058
S2140139D05B0708D53388BDF85A209A42E8D8BDF867
S2140139E05C209A42E4D395E80F00E3E714430020F5
S2140139F0B89E0400064B10B51B7804462BB9054B40
S214013A000FCB84E80F00204610BD034BF8E700BF3C
S214013A1098630020B89E04001443002010B50446A5
S214013A20024B0FCB84E80F00204610BDB89E040061
S214013A300B4B10B51B78044608467BB10021FFF7F7
S214013A40C5FE48B910222146064807F0F9FE00389F
S214013A5018BF0120C0B210BD0120FBE70120FAE724
S214013A6098630020144300202DE9F0410E4690464D
S214013A700E4910221F4607F0E3FE044670B90C4BB0
S214013A803A461D683046AD1B454528BF4546294682
S214013A9023F0F6FE28B9074902F0C0FF0120BDE871
S214013AA0F081069B20461D60F9E700BF1443002005
S214013AB010430020A83A04000022024B1A70FFF7B8
S214013AC03BBC00BF986300202DE9F0419CB00F4637
S214013AD016468046FFF74CFC05460246154900206F
S214013AE002F09CFF382D20D9012104A8FFF76EFEB5
S214013AF00446D0B9119B04A93B606F463846FFF7D0
S214013B00F7FA97E80F0086E80F00119BAB4297BFC4
S214013B1001210324084AC8F8003094BF1170C8F880
S214013B20005020461CB0BDE8F0810022024B012463
S214013B301A70F6E7DA3A04009863002070B5084D6B
S214013B4000262B7853B1FFF7F7FB0446102200211D
S214013B5004482E7007F028FB204670BD3446F5E772
S214013B60986300201443002008B50020064902F09F
S214013B7055FF064B00201A78054902F04FFFBDE8B5
S214013B800840FFF7A9BD00BFF93A0400986300207A
S214013B90233B040003460120024AC3E90320002216
S214013BA01A7070470100FEFF2DE9F0410024264EF1
S214013BB0264FDFF8A88088B000F0D4F9A5B2854278
S214013BC002D308B0BDE8F081284603A923F08EFE93
S214013BD0A2B23146002002F03BFF9DF80D2012B341
S214013BE09DF81210BDF81030402914BF6E217921BE
S214013BF00020CDE900313946BDF80E3002F028FF2D
S214013C00BDF814201AB10020114902F021FF9DF8D9
S214013C100C00BDF8182070B9079B0E490093BDF83B
S214013C201A3002F015FF00200B4902F0F7FE0134AE
S214013C302BF06EFCC0E7BDF81C3041460093002017
S214013C409DF81A30EDE700BF3C3B0400423B040000
S214013C50653B04006F3B0400B64A0400963B040033
S214013C6010B500F0ABFABDE810400346024A00204A
S214013C70024902F0D3BE00BF114704002F0604001C
S214013C80D0E9023253F8223010B5188800F086FACF
S214013C90BDE810400346024A0020024902F0BEBEBB
S214013CA0BE3B04002F06040010B5D0E90232002402
S214013CB086B08DF8044053F8221003EB820309788E
S214013CC001A88DF805105A681288ADF806209A6882
S214013CD01288ADF80820DA681278ADF80C40A242D6
S214013CE014BF402280228DF80A201A691288ADF886
S214013CF010205A699B691288ADF812201B6805933B
S214013D0000F0D0FB034A03460349204602F086FE34
S214013D1006B010BD601A04002F06040038B5002452
S214013D20064D2BF0E1FB45F824000634C02CF8D1F3
S214013D300020BDE83840024902F070BE8010002025
S214013D40C53B040030B5002087B0204902F066FE6E
S214013D5000201F4902F062FE00201E4902F05EFEAE
S214013D602BF0C2FB00240546A0B201A9013423F0C2
S214013D70BDFD202CF8D12BF0B7FB1749421B0020C4
S214013D8002F04CFE1549002002F048FE2BF0ACFB79
S214013D900446012000F09EF82BF0A6FB0E49021BFC
S214013DA0002002F03BFE0E49002002F037FE2BF009
S214013DB09BFB044623F08BFD2BF096FB021B002099
S214013DC0054907B0BDE8304002F028BEF13B0400CB
S214013DD0203C0400503C04006D3C04007C3C040084
S214013DE0963C040010B50C4603F07CFD08B9032C84
S214013DF012D101F059F904280ED001F055F9052821
S214013E000AD0064802F0BAFC1C2801D124F00CFDA9
S214013E10BDE8104002F0C2BC10BD00BFD978030057
S214013E202DE9F04F00274FF0FF36DFF8A4B0264CFF
S214013E3087B0BBF80030B8B2834209D8731C3BD0B8
S214013E403246FF21214807B0BDE8F04F22F09CBF63
S214013E5001A923F04BFD9DF8050001F05BFFF8B1C9
S214013E609DF80480B8F1000F1AD1BDF810A0BDF876
S214013E7012902BF039FB18210246BBB24B43E018D7
S214013E80E158007C4FF47A73A2EB010C50B103FBAE
S214013E900AF363450ED30B44981A864228BF06469A
S214013EA00137C6E74D466B43FAD06345F5D319444F
S214013EB0881AF2E74046F0E7FF21044807B0BDE85C
S214013EC0F04F22F072BF00BF801000202443002074
S214013ED01A5B00202DE9F041014688B058B102284E
S214013EE010D023F01DFD78B3D221194808B0BDE8E3
S214013EF0F0412BF000BBFF23164A17480093FBF74F
S214013F00E1F9EEE700244FF001082746134EA5B26B
S214013F10284603A98DF80D7023F0E8FC9DF80D00E6
S214013F2068B101F0F7FE20B19DF80C300BB986F8A8
S214013F3010800134202C06F11806E8D12546084BDE
S214013F401D80FFF76DFFCCE708B0BDE8F08100BF2C
S214013F50B63C040089420100244300208010002062
S214013F601A5B0020014B1888704700BF1A5B0020BF
S214013F702DE9F04F634A077D89B004466249002067
S214013F8002F066FD002024F029FD20B12368218A75
S214013F90588803F0F5FC00205C4902F03FFD637D84
S214013FA0DFF87491002B236808BF08205988574B07
S214013FB018BF00200093228A4FF0090314BF4FF068
S214013FC080084FF0400802F089FBA289BB1C93428F
S214013FD00CDB24F09DFD034620B100204C4A4D49E0
S214013FE002F01CFD012009B0BDE8F08FA068791C25
S214013FF089B2C55D24F0ABFC0337012D0646BFB27E
S21401400013D82368324659885879238A0093434641
S21401401024F0E5F8824600283ED1862002F026FCF0
S214014020284602F023FC304668E08520F6E703A91F
S21401403023F05CFC9DF80C30AB4223D123689DF83D
S2140140400D105A7991421DD1BDF80E105A88914231
S21401405018D1BDF81020B24214D19DF81220424565
S21401406010D1BDF81410228A91420BD1002D38D000
S214014070BDF81810E288914204D19DF81A201B79E8
S2140140809A422ED00BF1010BB9F800305FFA8BF093
S2140140908342CCD88B20C1E74FF0000BF4E79AF8A7
S2140140A0020002F0E3FBBDF8180024F013FCBDF893
S2140140B01A0024F00FFC9AF8020003F081FE002893
S2140140C083D19AF8020001F0F7FC0546079E002D01
S2140140D03FF47BAFF0B2013D02F0C8FB360AEDB209
S2140140E0F5E7002002F0C2FB284602F0BFFB30468F
S2140140F024F0F0FB012DD2D1BDF81C0024F0EAFB20
S21401410063E700BF453D04001D310400B64A0400C4
S214014110523D04006F3D04001A5B00202DE9F04378
S21401412091B06946804623F0E1FB0023194F8DF8D4
S21401413001303888431E98B28045388009D16946D7
S214014140404623F0DBFB684623F0BFFB11B0BDE819
S214014150F0834FF0180905A923F0C8FB0E4C3E88E2
S2140141600AAD09FB06460FCE0FC596E8030009FB0C
S214014170084485E803000AAE404605A923F0BEFBC5
S2140141800FCE0FC495E8030084E80300694638881B
S214014190D7E700BF1A5B00208010002008B5064B49
S2140141A01B88834205D9FFF7B9FFFFF739FE0020C8
S2140141B008BD2720FCE700BF1A5B002038B5074D75
S2140141C02C882CB9FF21064822F0EFFD204638BD89
S2140141D0601E80B2FFF7A2FFF2E700BF1A5B002065
S2140141E0244300202DE9F3479A4618239DF828908A
S2140141F0244FCDE9001203FB09731446D3E90223C9
S21401420024F065FD064620460D4603F0D9FD04F070
S214014210FD03382B80460FD1009432462B460021F1
S214014220DAF8100023F08DFBB8F1010F1BD13543EE
S2140142301ED102B0BDE8F087392CDAF810300BD168
S21401424007EE906A07EE103AF4EEC77AF1EE10FA2E
S214014250ACBF01200020E7E79E4275F100032CBFAA
S21401426001200020E0E7B8F1000FE2D10028E0D0FD
S214014270182303FB097701233B7402B0BDE8F0471E
S214014280FFF7CEBD801000202DE9F04F00252E4609
S214014290A846AA462C46DFF8BC91D1B0694BA8B215
S2140142A01B88834209D81CB161882079FFF79AFDE3
S2140142B0FFF7B6FD51B0BDE8F08F0BA923F016FB52
S2140142C02BF012F91823AFB27B4309EB030B59F815
S2140142D0033005909DF82D00049301F01BFD002886
S2140142E000F0AE809DF82C10002940F0A980DDE991
S2140142F00432D01A4FF47A72BDF8383053438342F1
S21401430000F29E809BF8103043B9BDF83A30002B7E
S21401431000F096805343834200F29280FD230022F0
S214014320CDE9013210AB00930DF119020DF11A031C
S214014330E9B20BA8EFF7CCFF002877D1BDF81A3009
S214014340DA1C0493D2B214B33F4B9DF82D101B8890
S21401435013442279914214D1BDF82E1062889142FD
S2140143600FD19DF83220B8EBD21F0AD1BDF8342008
S214014370524506D1B3424DDD0020344902F04EFBD2
S21401438001E0B342F8DC61882079FFF72BFD02F0EB
S21401439041FA04469DF932002D4BC043C00F0093ED
S2140143A0BDF834200A23BDF82E10C0009DF83280D7
S2140143B002F094F99DF82D304FF0000B23714FF465
S2140143C08A53FF26BDF834A04FEAD818E38007A920
S2140143D05FFA8BF024F02AFEC0B2B0B99DF81D102A
S2140143E09DF82D20914210D1BDF81E10BDF82E204B
S2140143F091420AD122469DF829109DF81C0024F00E
S21401440090FBB04228BF3046C6B20BF1010BBBF1A0
S214014410200FDCD1BDF8300024F05CFA9DF81900BD
S21401442002F024FA049910A802F034FA18230022A4
S2140144305F4309EB07031A742BF056F849F8070097
S21401444001352BE71A5B0020245B00202E3E04007A
S214014450B64A04008010002070B500240126104DD5
S2140144608AB02B88A0B2834204D80AB0BDE8704057
S214014470FFF7D6BC05A923F039FA9DF8150001F01F
S21401448049FC50B19DF814303BB91A46CDE90136C6
S2140144900093E1B205A8EFF71BFF0134E1E700BF87
S2140144A01A5B00202DE9F0430389DFF858818BB0B1
S2140144B0B8F8009000930446837982884188407852
S2140144C023F08DFE002800F09580E78927B1A389A7
S2140144D0BB4200F291800027B8F80030BDB2AB4273
S2140144E014D84D4601264FF6FF73E2899A4226D12B
S2140144F046B9B8F80030AB4202D92846FFF70EFE9F
S214014500FFF78EFC00200BB0BDE8F083284605A916
S21401451023F0ECF99DF814307BB92268059B5340D3
S214014520FF2B0AD86368069E5E4036F07F4604D1AC
S214014530BDF81C2023899A42D5D00137CCE7E26822
S2140145409A422BD0002E53D1D4E90323CDE9082378
S21401455005A823F0BAF90028D5D1B8F80030AB4247
S21401456004BF6B1CA8F800302AF0BEFF18236B436B
S214014570234AE9B2D050D418002305A81A46CDE93B
S21401458001330093EFF7A4FE18B100220023C4E91B
S2140145900223284605A923F0B1F9B1E7234605AA67
S2140145A004F1100C174618685968083303C76345A9
S2140145B03A46F7D11868386005A823F089F900282B
S2140145C0C0D01F2D1AD800238DF8143063788DF8CB
S2140145D015306388ADF81630A388ADF81830A37986
S2140145E08DF81A302389ADF81C300028B0D1ABE71E
S2140145F00020E6E7862086E7872084E7892082E791
S214014600801000201A5B00202DE9F04FB04A90F888
S21401461014908DB00446AF49002002F019FA00202C
S21401462024F0DCF920B12368218A588803F0A8F920
S2140146300020A94902F0F2F9637DDFF8B8A2002B49
S21401464014BF802340230293236808BF082059889B
S214014650A14B18BF00200093228A072302F03EF8E0
S21401466000230393A28909F10305954211DB039BFD
S21401467013B9184602F0FAF824F04AFA034620B1B4
S2140146800020964A964902F0C9F901200DB0BDE80E
S214014690F08FA06809F1010189B210F8096024F0D1
S2140146A056F93246804603468E490020ADB202F0E6
S2140146B0B5F98EB1012E00F08A808527384602F0C2
S2140146C0D5F8304602F0D2F8404624F003F9852F9B
S2140146D0D2D00123039376E0A06809F10401A289F0
S2140146E089B2475D24F033F909F10601A2890490E5
S2140146F089B2A06824F02BF93A4605900090049BF5
S2140147003046794902F08AF909F1080938461FFA54
S21401471089F503F055FB002857D1384601F0CCF94E
S214014720294603468146A289A06824F001F96F490B
S2140147308346304602F08CF9A1684A46294433463E
S214014740304602F0CFF83046634902F067F9A944D3
S2140147501FFA89F52368424659885879238A0093B7
S214014760029B23F03CFD18B18378BB4240F0AC803D
S214014770483FFFB2092F05D840F21133FB40DB0753
S21401478000F1A48000238DF81C30236807A85A790D
S2140147908DF81D205B88ADF82080ADF81E30029B99
S2140147A0CDF82CB08DF82230238AADF82430049B46
S2140147B0ADF82830059BADF82A30FFF773FE0746A3
S2140147C000287FF47BAFA9464CE7B346C2E72946EB
S2140147D0A289A06824F0BBF84FF0000B02460746FA
S2140147E04349002002F01AF909F10509BAF8003028
S2140147F01FFA89F5BAF800201FFA8BF94A4503D843
S2140148001F2B31D9892759E7484607A9049323F076
S2140148106DF89DF81C20049B012A22D122689DF880
S2140148201D00517988421CD1BDF81E00518888426E
S21401483017D1BDF82010414513D19DF822100298DA
S21401484081420ED1BDF82400218A884209D1BDF8E3
S2140148502800E188884204D19DF82A1012799142F5
S2140148601BD00BF1010BC5E7012299468DF81C20E0
S214014870226851798DF81D105188ADF82080ADF869
S2140148801E1002998DF82210218AADF82410E188B5
S214014890ADF8281012798DF82A2007A8ADF82C70EB
S2140148A023F013F8074600287FF408AFBAF8003063
S2140148B04846994508BF09F1010307A908BFAAF8A8
S2140148C0003023F01BF87EE78D27F7E68C27F5E608
S2140148D0593E04001D310400B64A0400BA3E0400E5
S2140148E06F3D0400613E04007E3E04009F3E0400CE
S2140148F0AA3E04001A5B00202DE9F04F07468846C1
S2140149009146002589B09A46BDF848B09DF84C609E
S214014910149C224B1A88A8B2824235D903A922F0E8
S214014920E5FF9DF80C201D4BB2BB9DF80D10B9425A
S21401493032D1BDF80E1041452ED1BDF810104945B3
S2140149402AD19DF81210514526D1BDF814105945AB
S21401495022D13046029201F0AFF8A6F14103012BB5
S21401496001460AD8204623F0F8FF0D4B0D4A204495
S21401497084420CD10421029302ACEDB232462046A9
S214014980009503ABFFF72EFC09B0BDE8F08F14F8D5
S214014990011F4B405343EBE70135BBE71A5B002091
S2140149A0C59D1C81930100011FB50F4C2478C4B12D
S2140149B042EA03229DF818308DF8051042EA432298
S2140149C00A4BADF80C201A78094B8DF8061007999A
S2140149D003EB021300908DF80400DB686846029131
S2140149E0984704B010BD00BF996300209B63002068
S2140149F04443002073B51A4DFF211A4822F0D5F919
S214014A002B7853B3184C194E2378180106EB031371
S214014A101A7A5968305C24F095FB4D281DD0E0B118
S214014A20012300212278CDE900311201B25CC0B227
S214014A30FFF7BAFF0A2223780A480133DBB2B3FB39
S214014A40F2F102FB1133FF2123702B78013B2B700F
S214014A5002B0BDE8704022F0A0B902B070BD00BF40
S214014A6099630020E44300209B6300204443002018
S214014A70F8B5104F3E780A2E1AD00FC8DFF840C09E
S214014A800D4D9CF80040013605EB041585E80F0036
S214014A900A230134E4B2B4FBF3F203FB12440748E1
S214014AA0FF218CF800403E7022F077F90020F8BD17
S214014AB00120FCE79963002044430020E4430020E2
S214014AC09A6300200021024A0248FAF731BC00BF6F
S214014AD0F5490100E4430020002337B50C46124D8A
S214014AE012492A78CDE9003312018A5C0123014676
S214014AF0E0B2FFF759FFA4B90D490A788AB10A2036
S214014B002B78013A0133DBB2B3FBF0F40A70FF21D4
S214014B1000FB143307482B7003B0BDE8304022F089
S214014B203CB903B030BD00BF9B6300204443002066
S214014B3099630020E443002008B500F0BDF850B1A9
S214014B40054B064A0649052808BF1A46BDE808402F
S214014B50002001F063BF08BDCE3E0400B64A040043
S214014B60EF3E040008B5032024F006FB10B901222D
S214014B70014B1A7008BD00BF9C6300200022024B47
S214014B8018781A70704700BF9C6300200246FF2108
S214014B90014822F0F9B800BF04440020114B37B594
S214014BA01D78C5B9FF21104822F0FFF8FFF7DAFF9C
S214014BB0044600900D4B28460D4A0E4901F02EFF83
S214014BC04CB10D4B1B78DB0605D5284624F0AEFA12
S214014BD0204622F0EBFC094B186803B0BDE83040D4
S214014BE0FFF7D4BF9C630020044400200C3F040060
S214014BF03A3F0400FF1604008A630020AC6C0020D4
S214014C00FF21014822F0D1B80444002070B51A4EA5
S214014C10054633780C466BB30020184A184901F054
S214014C2017FF032C01D0652C20D11649002001F076
S214014C300FFF22460020144901F0F0FE0020134920
S214014C4001F006FF012329460822002001F04AFE52
S214014C5000200F4901F0E2FE032C88BF0023204606
S214014C6088BF3370BDE87040FCF7BEB8012CE0D0B9
S214014C700849DBE770BD00BF9C6300203A3F040093
S214014C80E91A04004D3F0400A02104006B3F040014
S214014C90B64A0400633F0400014B1860704700BF2A
S214014CA0AC6C00200021024A0248FAF741BB00BF63
S214014CB09D4B010004440020054B10B51C782CB90F
S214014CC00448FF2122F069F8204610BD0520FCE7C4
S214014CD09C63002004440020F8B50024074B084ECE
S214014CE01D68084FE3B29D4204F1010400D8F8BDE7
S214014CF0394656F8230021F00FFAF3E710BA0400FC
S214014D0014BA0400786D002010B5044C23780BB15A
S214014D1024F022FA0123237010BD00BF1471002075
S214014D202DE9F743254B0D4616460446019350B12F
S214014D304AB1042301AA12F8011BA94235D0013B4E
S214014D4013F0FF03F7D1212003B0BDE8F08317F875
S214014D50010F90FAA0F0000E21F01AFC014608EBB4
S214014D6007039945F3DCCAB2C1F30F2392FAA2F204
S214014D7093FAA3F3120E1B0E03EB0223DB43621915
S214014D8012F8020C99B2DBB298420CD112F8013C2F
S214014D90B3EB112F07D132462146284603B0BDE8B2
S214014DA0F04324F039B92320CEE74FF6FF71671E92
S214014DB0A5F10209C4F10108D1E700BF080A0E12E5
S214014DC0F0B515468FB00E4607462AF039FC254B3E
S214014DD002A81C7824F0C4F915F0FD0F3BD028B9C1
S214014DE0BDF808309B0701D5032D36D01DF0A4FE73
S214014DF058B309A824F020FA0323306871688DF8A7
S214014E0024300AAB03C39DF83130012D43F0020371
S214014E108DF8313019D105A909A824F005FA002822
S214014E2018BF022423F0AEFD032D18D80E4B0F4AEF
S214014E300020CDE9004753F8243052F825200C49CC
S214014E4001F0ECFD20460FB0F0BD032DEAD1042C95
S214014E5008BF0024E6E70324E4E72C46E2E7032440
S214014E60F0E700BF9D6300205C9E04004C9E04009A
S214014E7072460400014B1870704700BF9E63002005
S214014E80024B1A6818608260704700BFB06C002041
S214014E90024B186800B14068704700BFB06C002034
S214014EA070B5044600250A4B1B687BB100211E889D
S214014EB007E05A6802EB0110013145B9021B554261
S214014EC055418AB29642F4D89B68EEE7184670BD03
S214014ED0B06C00202DE9F04F1E46002393B0022E41
S214014EE0074688461446DDF870909DF874A0ADF824
S214014EF01A3040F2C08099F800305A0729D5042E9E
S214014F0040F2B98099F804B000255F4B33F835209C
S214014F10002A00F0B68001350A2DF7D1209B002B20
S214014F2040F0AD80FF250023207908AA0DF1190174
S214014F308DF8193023F09EFC70B1BDF82C309DF829
S214014F401900238023F019FD0790C0B113B0BDE806
S214014F50F08F99F802B0D7E7207923F0BBF90B2838
S214014F60059000F28A80207923F018FD079000282A
S214014F70ECD1464A059B02EB03135B8823804FF670
S214014F80FF73002F08BF434662880021CDE9002346
S214014F9058465246238802F0FDFD18B1E38843F0D7
S214014FA02003E380209B07A90DA8CDE90D34CDF899
S214014FB03C90ADF84080ADF842608DF844708DF8B5
S214014FC045A023F068FC08B10798BFE7484602F001
S214014FD025FDA01D02F010FD22464146384623F06D
S214014FE0A0FDB04227D3E3882246C3F30E03E38035
S214014FF09DF87C3041460393BDF8783038460293DD
S2140150000DF11A03CDE90093F3B222F0D6FE209BF0
S214015010079003B3F8B9BDF81A2042B1092D06D896
S2140150201B4B03EBC5018A80209A43F835201120DB
S21401503023F003FC1CE0BAF1000F0AD10DF11A03AC
S214015040CDE9006322464B4641463846FAF778FFDB
S214015050DDE73820DBE7052807D1E388DB0607D53F
S214015060002301200793FFF705FF079B002BDED0E7
S21401507023F088FCA8E7012068E7212066E71C20CA
S21401508064E7EDB24FE700BF2C44002098440020AF
S214015090284400204FF6FF72024B1A805A809A80ED
S2140150A0704700BF1C5B002010B5044C2379FF2B12
S2140150B002D124F07FF82071207910BD1C5B0020FE
S2140150C010B50C4C2379FF2B08D1002023F055FC9A
S2140150D020B924F06FF8207123F054FC20790228BF
S2140150E005D00438012894BF0020012010BD0020FF
S2140150F0FCE700BF1C5B00204FF6FF7310B5044CA5
S21401510022889A4202D124F04BF82080208810BDD4
S2140151101C5B002010B5FFF7BDFF40F61D4398420B
S214015120044607D8B0F5416F05D2182826D81528A9
S21401513048D829D010BDA0F541630D2BFAD801A29D
S21401514052F823F0895101008951010035510100BF
S214015150355101003551010035510100355101002D
S21401516035510100D9510100EB5101008551010073
S21401517085510100855101008551010040F6064325
S2140151809842D7D11C4920E0FFF7B6FF1B490246DB
S214015190002001F043FC152C05D123F0EBFFBDE800
S2140151A0104023F081BB164B164A1749B4F5416FE0
S2140151B008BF1A46002001F031FC23F074FB23F0EF
S2140151C073FBECE71628DDD11049002001F026FC20
S2140151D0BDE8104023F08DBC22F0D6FEBDE810409D
S2140151E002460B49002001F019BC0020BDE8104022
S2140151F0084901F013BC00BF96470400434704006A
S214015200B64A04003E4704005F4704007F47040097
S214015210AB470400D347040007B5094A0346108884
S21401522031B9084A084903B05DF804EB01F010BC37
S2140152300091064A064901F00BFC03B05DF804FB39
S214015240345B002036140400F3470400DA1404002B
S214015250FF1604000D4B37B51B68044693B11D7845
S2140152600389012D08BF02250093C37A084A00204E
S214015270084901F0D3FB2146284603B0BDE830407B
S21401528023F050BF022003B030BD00BF64450020AC
S2140152906848040017480400002010B523F06DFB91
S2140152A00D4B1B6863B15A78052A03D862B10524F1
S2140152B002220AE0FF2AFAD00020084901F0AEFBDC
S2140152C0BDE8104023F05EBB1446104623F086FF6F
S2140152D0204623F081FFF3E7644500206D48040073
S2140152E013B5134C002023F048FBFFF7D3FE2368C9
S2140152F09BB101A822F03BFE78B923681A789DF885
S21401530004309A4209D0D91E032906D9D11E012993
S21401531003D9012A07D1022B05D1032301A8ADF831
S214015320043023F005FF02B0BDE8104023F02ABB8D
S2140153306445002000231946034A01330A2B918055
S21401534042F8081BF9D17047284400207FB50E4665
S214015350054623F0EFFE2A46044603460D49002083
S21401536001F05CFB96B10C4B36211A889B78ADF8A0
S2140153700C208DF80E300323002200934FF6FC70AC
S21401538003AB8DF80D5023F016FE0446204604B0FC
S21401539070BD00BF8E480400C89E0400FF2810B5EB
S2140153A00C4604D10020044901F038FBFE202146BA
S2140153B0BDE81040FFF7CABFA7480400F8B51E466F
S2140153C00B8807460C461546002B64D14A88B1F96E
S2140153D0021000200029B8BF6B78304901F01EFB8F
S2140153E06288132A1DD002F5FF437F339BB2052B3B
S2140153F023D8A2F50042013A052A1ED8DFE802F0BA
S214015400193F1D033C09264A2649002001F006FBE8
S21401541013E0254A2349002001F01AFB2A79234983
S214015420F3E7022E94BF4FF6FF72B5F8012020492C
S214015430EBE700201F4901F0F1FA33462A462146E0
S214015440384624F0E0FD70B933462A4621463846F0
S21401545024F0DBFD48F2210362889A4203D13846E4
S214015460697823F010FA6388B3F5004F02D9082053
S21401547023F020FA0120F8BD2A790F49C5E70F4A23
S2140154800849002001F0E4FA032E94BF4FF6FF729C
S2140154906A880B49B9E70020EDE700BFE24804003F
S2140154A00A4904001149040022490400284904005D
S2140154B0364904004E490400684904008A4904003C
S2140154C08F4904002DE9F04116888AB0DFF88C80F8
S2140154D0ADF80E300DF10E03C8F800201546009306
S2140154E0324610AB07460C46FAF7BCFD90BB109B44
S2140154F08DF824000693BDF80E3004A8ADF81C30D4
S214015500AB898DF81070ADF820306B890594ADF835
S2140155101E60ADF8223023F0BCF9D8B921463046DA
S214015520BDF80E30109A01F0C9FF98B921463046F1
S214015530BDF80E30109AFFF741FF58B9CDE900606B
S21401554039462046BDF80E30109A02F049FB08B9DC
S214015550C8F800000AB0BDE8F08100BF244400206E
S214015560F0B585B004AB03E9030000231C469DF8A3
S2140155700D609DF80E70154AD9B202EBC100456860
S214015580EDB99DF80C30284600939DF80A209DF849
S2140155900B300F4901F05CFA26B1324628460D4918
S2140155A001F056FA0C4A0020002C18BF2246BDF81E
S2140155B008300A4905B0BDE8F04001F02FBA12F8EC
S2140155C031100133B94208BF2C46D5E7709E04005E
S2140155D0A1490400B2490400A5130400B649040019
S2140155E04FF6FF7310B5084C88B062889A4207D10F
S2140155F002A90DF1070022F0B8FCBDF81030638057
S214015600608808B010BD00BF1C5B00202DE9F04F7C
S21401561085B0894692461C460746BDF83850BDF807
S2140156203C80109E002833D00346464A0020464957
S21401563001F00EFA2388002B76D040F2091293422D
S21401564074D0424A4249B3F5827F08BF0A46CDF874
S21401565004806188002000913E4901F0F9F9238811
S21401566093B1B8F1020F0FD933783B4913F0010F0C
S2140156703A4A18BF0A4659074FF000004CBF337923
S214015680B378374901F0E4F90020364901F0C6F94C
S2140156900023354931F83320AA4249D1334A52F81A
S2140156A033B0002331F83300DA00A84246D1002097
S2140156B02E490A44908041F8330047B9238833B90C
S2140156C0B4F90230002B02DB082023F0B6F80120E3
S2140156D023F0F0F89EB13578EB0710D515F00400ED
S2140156E004D042460121304623F031F9CDE901705C
S2140156F04346224651464846009622F048FEBBF1F4
S214015700000F06D04346224651464846CDE900677B
S214015710D8474346224651464846CDE9006722F01F
S214015720FCFA05B0BDE8F08F114A90E7114A8EE702
S21401573001330A2BAED14FF0000BB2E701330A2B2F
S214015740B0D1BAE7E20A0400DD490400A61304005A
S214015750CB490400EB490400CE490400D6490400B5
S2140157601C4A0400B64A04002C44002028440020A9
S214015770C4490400C84904000D4BF0B54FF00C0CA9
S2140157801F88054600230B4EDCB2BC4201D3002025
S214015790F0BD0CFB04F43019345DAC4205D14488ED
S2140157A08C4202D104799442F2D00133ECE700BF77
S2140157B0B2700020C06C002073B501262B4D2C4C16
S2140157C02A462046FF2300210096F9F77BFD2A464C
S2140157D02046FF2300210096F9F774FD2A4620464D
S2140157E0FF2300210096F9F76DFD2A462046FF2388
S2140157F000210096F9F766FD2A462046FF23002180
S2140158000096F9F75FFD2A462046FF230021009601
S214015810F9F758FD2A462046FF2300210096F9F79E
S21401582051FD2A462046FF2300210096F9F74AFD3E
S2140158302A462046FF2300210096F9F743FD2A4613
S2140158402046FF2300210096F9F73CFD2A46204614
S214015850FF2300210096F9F735FDFF232A46002194
S21401586020460096F9F72EFD02B070BD497603007A
S214015870784400202DE9F84300244FF00C090C4B26
S2140158800C4F1E78DFF830803A88E5B2954202D395
S2140158903046BDE8F88309FB0585FF21A86821F09D
S2140158A08BFA18B9AB799E4238BF1E460134EBE736
S2140158B09F630020B2700020C06C0020014B187856
S2140158C0704700BF9F630020014B1870704700BFF0
S2140158D09F630020F8B506460C4622F0C9FF054630
S2140158E0C8B9304622F0F6FC0B2815D80B4B03EB53
S2140158F000131F7B87B95A88012122809A88304677
S21401590062809B79237100F037FA39466071304620
S21401591000F032FAA07101252846F8BD984400200F
S21401592070B504460E46154622F0D4FC0B2802D963
S2140159304FF6FF7070BD094B03EB00131A7B002A6C
S214015940F6D146B901222946204600F03DFA002844
S214015950EED00088EEE7012EEAD1F4E79844002065
S214015960FF2313B50DF1070104468DF8073022F029
S2140159707DFF18B19DF8070002B010BD074B03EB81
S21401598004131B7B0BB1FF20F6E7204600F03AF923
S2140159900028F8D0204600F0E9F9EDE79844002009
S2140159A013B5F6F785FC0446F6F788FC224603464F
S2140159B01249002001F032F800F084FFFFF7BAFC2C
S2140159C000F0A6F80221084602F074FDFFF764FC19
S2140159D041F2490023F01CFC4FF0FF130093FF2314
S2140159E068468DF8043023F0F1FB4FF4004023F0B5
S2140159F0CFFB002023F0ECFB02B010BD6B4A040085
S214015A0038B5054622F052FF90B9284623F00CFB24
S214015A10044628B140F60443984214BF88248D24D6
S214015A2023462A460020034900F0F8FF204638BDE9
S214015A308D24FBE7834A04002DE9FF4705460E4601
S214015A4017469846BDF83090DDF834A0BDF83840CA
S214015A50CDF80090CDE9014AE4B2FFF7D7FD434601
S214015A603A4631462846CDE90094CDF808A024F000
S214015A7093FAFF21034B044A044804B0BDE8F047FB
S214015A8000F01ABE285B0020245B0020776500200A
S214015A90044B01461888102240F0404040F4801024
S214015AA0F7F716BAC29B0400024B18685968FFF74D
S214015AB057BD00BFF6DE04000123064AD15C8142D1
S214015AC002D1054AD05C704702335F2BF6D1002025
S214015AD0704700BFCA9E0400CB9E040070B500222A
S214015AE00446094B1D78094BD0B2854201D8FF20E8
S214015AF070BD1E78A64204D10029F9D05E7BF60758
S214015B00F6D401321033EFE7A0630020984400205A
S214015B102DE9F04198B06B46304A1068516803C3CE
S214015B2090680CAA18602E4B14469C4603F1180682
S214015B30154618685968083303C5B3422A46F7D193
S214015B4012AA1746274B03F1180615461868596816
S214015B50083303C5B3422A46F7D1234A03AB10687C
S214015B6051684FF0010E03C3906871681860DCF845
S214015B703000002206AB03C30C21EC46B068CDE929
S214015B8009221860194BDFF86C801970184B0DEB61
S214015B9001060B9206AD09A91CF8010B013218701B
S214015BA034F8020B0C2A588037F8020B83F80DE004
S214015BB0988016F8010B03F1100303F80A0C15F888
S214015BC0010B08EBC00043F8080C11F8010B03F8B1
S214015BD0040CE1D118B0BDE8F08100BF9D4A040075
S214015BE03AA2040052A20400AA4A0400A0630020BC
S214015BF098440020349F0400014B1878704700BF7A
S214015C00A0630020034B03EB0013587B00F0010058
S214015C10704700BF98440020F0B504460846D9B145
S214015C2000220E4B11461F780D4B1D46D6B2B742C9
S214015C3001D8002010E01E78A64206D09E68F6889D
S214015C40314489B201321033F0E75E7BF607F9D5AD
S214015C5005EB02150180A868F0BD00BFA063002017
S214015C60984400202DE9F347894690461D4607468D
S214015C7018B9002002B0BDE8F0870029F9D0002A43
S214015C80F7D0002BF5D0002400780DF10601ADF811
S214015C900640FFF7C1FF0028EBD039460DF106029A
S214015CA0BDF8066022F00BFA07460028E1D00DF198
S214015CB00602BDF806A022F029FA0028D9D0C9F8B4
S214015CC00070C8F80000037913F0200219D1DB0632
S214015CD014D4BDF806300C4A564413FA86F612FA66
S214015CE086F20BE01A790C33920642BF13F8092CA0
S214015CF0891889B29842F5D8044A0A4401202A60D4
S214015D00B8E72146024BF5E7C3640020A1630020F3
S214015D1074A1040008B50021FFF7E0FEFF2817BFB5
S214015D20044B084603EB0013587B18BF00F0010034
S214015D3008BD00BF984400202DE9F0410D461646E7
S214015D401F4622F0C7FA0B280AD8074C3B4604EB3D
S214015D50001032462946BDE8F041806822F087BA35
S214015D600020BDE8F08100BF98440020014B0001EF
S214015D70185C70479844002070B50C4622F0AAFAC9
S214015D800B281BD80F4B03EB00139A68C2B10023F4
S214015D90142618461579D9B28D4200D870BD1168FF
S214015DA006FB0311097B34B911F0800F1CBF0130CB
S214015DB0C0B20133EFE711F0400FF7E70020EDE73F
S214015DC01046EBE798440020F8B50D46164622F03B
S214015DD081FA0B280BD80F4B4FF0140C03EB001372
S214015DE09A6800231C461779D9B28F4201D8002041
S214015DF0F8BD10680CFB0300017B46B911F0800F5B
S214015E0003D0AC42F4D00134E4B20133ECE711F034
S214015E10400FF5E7984400202DE9F04F0646002490
S214015E203A4B87B01B783A4F0093009B9C4207D2AF
S214015E30FF2E08D0304622F04DFA0B28044606D92C
S214015E4007B0BDE8F08F07EB04131B7B2BBB2301C8
S214015E504FF00008019307EB041A14E014221B68A4
S214015E6002FB05352B89B3F5967F01D929F050FB46
S214015E704FF000094FF00C0B29891FFA89F2914265
S214015E800ED808F10108019B5FFA88F5FB189B689C
S214015E901A79AA42E2D8FF2ED2D10134E4B2C4E77D
S214015EA01FFA89F00BFB00F06B6819180A7912F0DB
S214015EB0100F23D19AF800E012F0400F8DF80CE095
S214015EC0B5F800E0185AADF80EE00CBF4FF0400EE2
S214015ED04FF0800EADF8120028468DF810E022F043
S214015EE0BAF85307ADF81400C8780AD502288968AD
S214015EF000D90968002203A822F089F909F10109ED
S214015F00BAE702288CBF89680831F3E7A06300204E
S214015F1098440020052370B5094A06881488B442BF
S214015F2008D19578047B2C403F2C03D90D4201D033
S214015F30506870BD013B02F10802EFD11846F8E740
S214015F40E4A1040070B50024074D084E2B78E0B29A
S214015F50834200D870BD06EB0010437BDB0701D5FA
S214015F6022F097FA0134F1E7A0630020984400205C
S214015F70F8B50C4600210546FFF7B0FDFF2829D0ED
S214015F80154A060102EB00135B7B03F001016CB1BD
S214015F9043F001031644A142737305D0C4B100B2A5
S214015FA002EB001022F075FA0120F8BD2346F1E756
S214015FB07B4311682846CA18127BC95AD20921F0B8
S214015FC0D4FE0134B268E3B211799942F0D8EBE716
S214015FD01427F7E70846E8E798440020F0B594460A
S214015FE0497D20B339B3012918BF042100254FF696
S214015FF0FF702F462A46144E3488644511D196F810
S21401600003E01EEA010F0CD0B4789C4209D30AB112
S214016010BC4206D81EF0100F03D08AB1BC420CD386
S21401602070B90135072D06F10406E5D1F0BD00294A
S21401603008BF0821D8E70221D8E727460020F0E765
S21401604027460122FAE700BFC8A104002DE9F04F58
S2140160500A9FBDF824E09DF82C809DF830904C7D79
S21401606078B394B3012C18BF04240025194800F115
S2140160701C0C068896421ED190F803B01BEA040F4A
S21401608019D08678464516D31BF0100F91F80FA04D
S21401609004D0BAF1000F0ED0B1F810A0BAF1000F7B
S2140160A009D1A94513D0AE4511D95E553E880135B3
S2140160B001363E80ADB204306045DAD10120BDE83C
S2140160C0F08F002C08BF0824CDE70224CDE700207E
S2140160D0F5E700BFC8A104002DE9F04F0024B1F593
S2140160E07C4F0E4638BF4FF0010BA246A1464FF635
S2140160F0FF781F4628BF274B85B028BFB3F800B0EE
S214016100009001925C4503D3404605B0BDE8F08F90
S214016110B6F57C4F0CD3204B3A4603EB840331464D
S2140161205B880098FFF708FE054680B300232AE047
S2140161303A463146009822F0FDF8F5E70C229CB26B
S21401614054436A680199105B02EB040C884219D328
S214016150B9F1000F01D0504514D861462846CDE963
S214016160023221F078FF029B60B1039A125BB9F10B
S214016170000F03D0524501D3804503D9924680468D
S2140161804FF0010901332A899CB2A242D6D80134C4
S214016190A4B2B7E72A9F04002C9F04002DE9F04F14
S2140161A091461A4600238BB08DF82020BDF850206A
S2140161B08DF81C00ADF81E10ADF8242005460F46DC
S2140161C01A4604A907A8159C9DF858609DF85CA07E
S2140161D09DF860B09DF864800493ADF8229021F09C
S2140161E0C2FF049850B92B46CDE90079644A654947
S2140161F000F014FC86200BB0BDE8F08FBAF1000F5A
S21401620014D18378B34206D050465D4A5E4900F009
S21401621005FC8D20EFE7037913F0010306D118463C
S214016220574A5A4900F0FAFB8820E4E703795B07EE
S2140162302CD583685A689B6805920693807822F06D
S21401624028FD049B0546DF782146022F03463A4681
S21401625010D805A822F0D9FC81462B463A4621469D
S21401626006A822F0D2FCB9F1010F01D001300DD100
S2140162708720C0E7059822F0C8FC0128F8D02B46F5
S2140162803A462146069822F0C0FCEFE7BBF1000F24
S2140162906FD1049F4FF6FF722146B87821F079FE40
S2140162A000286BD0BDF82430C5B20093CDE9025466
S2140162B09DF82030BDF82220BDF81E109DF81C0068
S2140162C0019622F0E2FA002895D1BDF82430CDE9F6
S2140162D002540093BDF822209DF82030BDF81E1010
S2140162E09DF81C00019622F0AEF8002883D12146C5
S2140162F09DF8682007A821F08AFF00287FF47BAF6D
S214016300B8F1000F07D03B462046BDF81E209DF889
S2140163101C1022F01FF8BDF82430BDF82220BDF86D
S2140163201E109DF81C000093CDE901649DF82030F5
S214016330FEF7E2FABDF82430BDF82220BDF81E10A3
S2140163409DF81C000093CDE902549DF8203001967B
S21401635022F09AFABDF82430BDF822200093BDF849
S2140163601E109DF820309DF81C0022F044F80020F5
S21401637041E70020064900F051FBF8E701203AE723
S214016380B74A0400C34A0400EF4A0400034B040062
S214016390174B04007FB500258DF80830BDF8203076
S2140163A08DF80400ADF80610ADF80A20ADF80C30F3
S2140163B06946BDF82830099A01A80B9E009521F080
S2140163C0D2FE044630B916B1009B9B783370204646
S2140163D004B070BD8928FAD12846024900F01EFB98
S2140163E0F5E700BF344B04002DE9F04F4FF0000AEB
S2140163F0C7B0FFF701FC5FFA8AF6B04202D847B091
S214016400BDE8F08F5B4B36019A5D00205A4900F0DB
S21401641005FB0020594900F001FB00230593554B6D
S2140164209DF8144033449B681A79A24202D80AF1B7
S214016430010ADEE714224FF000091B6802FB043450
S21401644022891FFA89F39A4202D8059B0133E5E7B0
S2140164500C231FFA89F803FB08F8D4F804B029F0D6
S21401646057F80BEB08052B79454913F0400F3BF81D
S214016470083022884FF000000093424B18BF0B46AD
S214016480414900F0E5FA2946204621F0E4FD074699
S21401649000283CD13D4900F0DBFA2979DFF814C128
S2140164A011F0010F3A4818BF604611F0020FAA78A2
S2140164B0EB7832D1DFF800C111F0100F354918BF63
S2140164C06146CDE900010020334900F0C1FA2B797D
S2140164D03BF8082013F0400F4FF0000B4FF0FD0380
S2140164E00DF118082188CDE9023BCDE90078214855
S2140164F00CBF40238023805DFFF74CFF86280ED11A
S2140165002649002000F08AFA09F1010998E70246B7
S2140165102349002000F09CFABFE72249D1E7A8787A
S21401652021F089FDD8B1404622F017FA421C92B2FA
S21401653001234146002000F0D5F93946208801F0B4
S21401654001FA4FF6FF73984207D0174B174903EB32
S214016550C0035A68002000F061FA1549D1E7A8780F
S21401656021F06FFD20B1404622F0FCF9821CDEE7E7
S214016570EA78DDE798440020864B0400944B04003B
S2140165805E4B0400634B0400D44B04004B3C0400F8
S2140165906B4B04006E4B0400E84B0400044C0400F3
S2140165A0A5500400764B0400B4A204002B1B040083
S2140165B0B64A0400684B04007E4B04002DE9F04FF8
S2140165C0C7B0BDF844A10646BAF1040F0D461446FD
S2140165D01F46BDF840B163D9CDE9013B00920B4699
S2140165E002463049002000F019FAFD230DF1170983
S2140165F00DF118083046029322463B462946CDE95E
S21401660000B8CDF80C90FFF7C5FE0646B8B9FD22D6
S214016610414699F8000021F0BCFC0746C0B1AAF13A
S2140166200403834238BF8926204622F053F98EB1EF
S214016630304600F01BF9304647B0BDE8F08F0090B9
S21401664023462A460020184900F0E8F90027EBE720
S2140166508926E9E7DFF85CA0BA1CBAF80030C3F176
S214016660FF039A4219DA304600F000F999F8000063
S21401667000F0FCF8BAF800900C483A464146484407
S214016680B94404F021FFAAF8009023462A46304672
S2140166900749009700F0C2F9CDE7892000F0E6F837
S2140166A08926C8E7104C04004B4C0400776500208F
S2140166B0724C0400245B002010B5044C2060044892
S2140166C0018004490A60044A136010BD6045002039
S2140166D0225B00205C4500205845002030B587B07D
S2140166E00AAC0D4654F8041B0093CDE90114134679
S2140166F009490246094809880068059421F0EAFF1D
S2140167004FF48A52064B1B681880064B1B685D8047
S214016710DA8007B030BD00BF225B00206045002054
S2140167205C4500205845002008B410B587B009AB79
S2140167300C4653F8041B0092CDE9011302460B499F
S2140167400B48059309880023006821F0C3FF4FF426
S2140167508A52084B1B681880074B1B685C80DA80DE
S21401676007B0BDE8104001B0704700BF225B0020B3
S214016770604500205C45002058450020044A034639
S21401678011680448044A09881268006821F07BBA37
S2140167905C4500205845002060450020044B054A12
S2140167A01B6812681988044B186821F0DFB900BF0E
S2140167B05C450020604500205845002007B5074B82
S2140167C01B681B880192064A12680092054A1268E5
S2140167D021F02DFA03B05DF804FB00BF5C450020F4
S2140167E060450020584500201FB51446064A126829
S2140167F01288CDE901430091044B05491B680968DD
S21401680021F0F1F904B010BD5C4500206045002080
S21401681058450020014B1868704700BF58450020B6
S214016820024B1B6818715971704700BF584500200C
S21401683010B50024084B1C70FEF75EFC074BFF22C8
S21401684018802146064804F0AFFC064B1C80064B18
S2140168501C605C609C6010BD81660020265B002089
S21401686077650020245B0020285B002007490B8801
S214016870FE2B9FBF064AD054581C80B29DBF08808D
S21401688000F1FF3080180020704700BF245B002015
S21401689077650020F8B5094F0D463B885C18FE2C3D
S2140168A00ADC074E0A46A4B20146F01804F0CEFCF4
S2140168B03C80641BA019F8BD0020FCE7245B002087
S2140168C077650020024B034A00201A60704700BF1C
S2140168D064450020309F0400014B1878704700BFC4
S2140168E09844002030B4044D044C002B0CBF2B46BA
S2140168F0234630BC22F05AB8D20B0400454D0400A2
S21401690070B5054608460C4622F027F8611C02467B
S214016910024B2846BDE8704022F048B86454040093
S21401692000B5037889B0069343783E2205938378B1
S21401693008490493C3780393037902934379019337
S21401694083790093C3790448008800F081F809B080
S2140169505DF804FBA04C0400345B0020024B0246A9
S2140169600249188800F05AB8345B00203E12040031
S2140169702DE9F04705460E4617460024DFF8448009
S214016980DFF844A0DFF84490AC4201D1BDE8F087BF
S214016990B8F8000006EBC4015346082222F006F8B8
S2140169A00134B8F800003FB9044AA54208BF4A4678
S2140169B0034900F04DF8E7E74A46F9E7B64A04000E
S2140169C03D120400345B0020454D040078FC0300B2
S2140169D02DE9F0410E4E0446308821F0FFFFA8B1A4
S2140169E000250C4FDFF83080E3070AD518B9414679
S2140169F0308800F02DF830882A46394600F028F80D
S214016A00002001351B2D4FEA5404EDD1BDE8F0817D
S214016A10345B002097380400E84904000EB417B52B
S214016A2005A9044651F8040B019103F0BFFA0121B0
S214016A300220054AF8F766FF044B1C8003B0BDE848
S214016A40104003B0704700BFB64A0400345B002014
S214016A500EB417B505A9044651F8040B019103F0CD
S214016A60A5FA034B1C8003B0BDE8104003B0704785
S214016A70345B002013B503680446587900F032FFF2
S214016A8090B923685A88032A0ED0E17C5B79CDE958
S214016A9000211649164AFFF7C1FF0121204622F0C0
S214016AA03DF8012002B010BD637D012B0AD0637D45
S214016AB033B92368228A5988587921F017FC48B9D6
S214016AC0C3200AE02368228A5988587921F017FCE6
S214016AD00028ECD0204621F083FF064B1B78002BC4
S214016AE0DFD110F5807FDCD0C1B2D7E7CD4C0400F2
S214016AF0C54C040078660020002970B50F491D4674
S214016B000F4B14460CBF6E227922002808BF0B4695
S214016B1000200C49FFF79CFF0B4E2544AC4205D1E3
S214016B20BDE8704000200949FFF778BF31460020D4
S214016B3014F8012BFFF78CFFF0E700BF064D0400A9
S214016B40FC4C04000F4D0400434D0400D42F0400F8
S214016B502DE9F04FC27C8BB00592427D0368002A76
S214016B6014BF80224022077D0446856886895879AD
S214016B70B846B3F80290069200F0B4FEA0B9059BA1
S214016B80052B05D86FF02D03059A1341DB070BD5AE
S214016B90B9F1030F08D0AB490020FFF73FFF0121F1
S214016BA0204621F0BBFF76E0E37B1BB1228A002A58
S214016BB000F0B781607D0022B0FA80F05B4203F0FE
S214016BC00403DFF88CB2400943EAC000ABF80020AA
S214016BD0FFF74CFEE37B1BB3208A21F07BFE824647
S214016BE0A07CFFF743FE059A162A00F29A81DFE899
S214016BF012F019009E016C005600D2016C00920141
S214016C00D9019A01E001E701EE013901020298017A
S214016C109801980114025802140270023901020206
S214016C209A46DDE700204B46874A8849FFF7F6FE7D
S214016C300120FFF71BFE08F10207B74229D841469B
S214016C403246284621F083FE80462368424658791C
S214016C50BBF800304946C3F1FF039BB20193238A78
S214016C600093069B23F0D2F910B11FFA87F8E2E7EA
S214016C70236842465879BBF800304946C3F1FF0302
S214016C809BB20193238A0093069BFFF797FC892802
S214016C90EBD121F03DFF01200BB0BDE8F08F4FF0A6
S214016CA0000B0420FFF7E2FDF31E0893089B9845AE
S214016CB052D3BBF1000FECD1E37B94F81480002B88
S214016CC00CBF02220422624B1A804FF0000B0420F4
S214016CD0FFF7CCFD5F4608F1030A564540F29D805A
S214016CE032464146284621F032FE05EB08039B78E2
S214016CF0F21EAA44A2EB080207905146184692B229
S214016D00099321F046F90890002879D02268099B5A
S214016D105079CDE901A3238A49460093DDE906327D
S214016D2021F066FC82464A460020079B4949FFF748
S214016D308FFEBAF1000F55D10BF1010350464649BB
S214016D405FFA83FBFFF76AFE089B08F1030813FA54
S214016D5088F81FFA88F8BEE732464146284621F0F1
S214016D60F6FD05EB08039F78089B08F10301A3EBEA
S214016D7008022944824692B23846099121F009F95F
S214016D80079068B323680999587902970191238A75
S214016D90524600934946069B21F07AFC0746B8B155
S214016DA00BF1010338465FFA83FBFFF75FFD5046A0
S214016DB021F090FD53464A4600202649FFF72EFE55
S214016DC03A4600202549FFF729FE802F3FF471AF90
S214016DD0079B08F1030813FA88F81FFA88F865E795
S214016DE08027DDE75046FFF741FD079821F072FD49
S214016DF00137524600201949FFB2FFF70FFEA3E7FD
S214016E008720FFF733FD079821F064FD01378722BD
S214016E1012490898FFB2FFF701FE059B052B3FF4C8
S214016E203AAF002F7FF435AFBBF1000F05D10C4907
S214016E305846FFF7F3FD8021B2E63846FFF716FD08
S214016E4027E700BF90020400504D04009D4D04004A
S214016E50245B00205A4D04009D4C0400764D04002E
S214016E60804D04000599A84AA84B0020152918BF93
S214016E701346CDF80090A64AA649FFF7CFFD059B1D
S214016E800C2B14BF16200D20FFF7F0FC32462846C7
S214016E90394621F05CFD059B3D440C2B0646AD783A
S214016EA035D1192D28BF1925E37BB3B14FF6FF73F2
S214016EB0278A9F4211D1206832464946069B40796F
S214016EC0FFF70AF9B84208D0BAF1000F05D02082C0
S214016ED08AF80000000A8AF801000020BBF800705A
S214016EE0FFF7C4FC236832465879059B4946A3F14F
S214016EF0150CDCF1000343EB0C03CDE90153238AA7
S214016F000093069B21F0E8FA834BD855C1E6132D72
S214016F1028BF1325C8E72046FDF776FB00287FF437
S214016F20BAAE81213CE62046FDF722F8F6E7B9F134
S214016F300A0F05EB0708A6EB070A21D1DFF8DCB13B
S214016F409BF80030E3B1E37BD3B9BAF1080F17D150
S214016F5032463946284621F0FAFC88B998F80230BC
S214016F6073B998F80320E22A0AD13246391D284619
S214016F70059321F0E9FC21F0B6FD059B8BF8003066
S214016F80414648461FFA8AF223F042F800287FF469
S214016F9082AE002104E6F21B484692B2E91921F0BE
S214016FA093FCF3E7F21B484692B2E91921F04FFC35
S214016FB0ECE7F21B484692B2E91921F072FCE5E7CC
S214016FC0F21B484692B2E91923F024F8DEE723685B
S214016FD0EE5D5879238A0137ED5D0193069B3246B3
S214016FE0494600932B4621F0B6F92A4631464846D3
S214016FF021F02FFC4FE605987A1CE95DB31AA0F143
S2140170001606704270410039009018BF01214846AB
S2140170109BB22A4421F01FFCB8E7059BEE5D112BBD
S2140170203D446F7838D11220FFF720FC0025E37B22
S214017030B3B14FF6FF73B4F81080984510D13346BC
S2140170404A4621462846FEF7C9FF404508D0BAF110
S214017050000F05D020828AF80000000A8AF8010095
S214017060BBF80080DFF8B0A0C8F1FE0292B208F1CA
S2140170700103009253444A4621462846CDE9026759
S214017080CDF804B0FEF7E2FFBBF800300AF80800BE
S2140170900133ABF80030FCE51420FFF7E7FB0125D0
S2140170A0C5E77B1C9E422CD3EF5D1D44003F18BFF5
S2140170B00127F31A9EB233462A4639460020FFF7C7
S2140170C01BFD00962B463A464846218A21F0C7FB0F
S2140170D05CE77B1C9E4214D3EF5DF61A003F18BF97
S2140170E001271D44B6B233462A4639460120FFF72A
S2140170F003FD00962B463A464846218A21F0ADFB11
S21401710044E70020C8E500BFB64A04004B4D040022
S214017110914D04009B4D04007765002076660020A3
S21401712038B54FF6FB750446A9424FF001019DF8AC
S214017130100098BF43F40043217023816260A0725F
S21401714002230020084A0949FFF768FCE07A084B49
S21401715040F6CA0203EB4010FF211FF015FEBDE802
S2140171603840042021F069BBAB4D0400B64D040045
S214017170A845002030B5054685B028B91D4905B09B
S214017180BDE83040FFF74ABC0024007B21F0F5FB48
S2140171902046194A19492C70FFF740FC184BE87A2B
S2140171A0FF2103EB40101FF000FE2046154B0201A5
S2140171B09A5C22B901300428F9D121F07BFB696879
S2140171C099B1B5F908302A899B1303F002038DF8AB
S2140171D00430C2F30E03ADF806304FF6FF73ADF878
S2140171E00830002301A80393884705B0BDE8304066
S2140171F021F0C8BBE14D0400AB4D0400134E040062
S214017200A8450020684500200948037873B9194647
S214017210084AD3720133042B117311705160118126
S214017220917202F11002F4D101230370704700BF7E
S214017230776600206845002008B5FFF7E5FF0023C4
S21401724005491A018A5C01EB03101AB10133042BBC
S214017250F7D1002008BD00BF6845002070B50D4677
S2140172600646FFF7D1FF0023094800EB0514A17A73
S214017270B14205D1217819B12B4400EB031070BD42
S2140172800133042B04F11004F1D10020F7E700BF0D
S2140172906845002010B50446FFF7B6FF0E4B9C422A
S2140172A012D003F12002944210D003F1400294421E
S2140172B00ED060339C420DD10323084800EB031027
S2140172C0BDE81040FFF756BF0023F6E70123F4E7B9
S2140172D00223F2E70020F3E7A845002068450020D6
S2140172E070B50024064D074E28463246002101346B
S2140172F0F8F71EF8042C05F12005F5D170BD00BF86
S214017300A8450020957201002DE9F34105460C467B
S21401731017469846FFF790FF064640B91C4A1D4996
S214017320FFF77CFB0224204602B0BDE8F0814FF651
S214017330FB739D420AD94FF6FD739D4204D000208F
S214017340134A1549FFF76AFB4FF6FD75434621467A
S2140173503A46284621F0AFFB044600F02FFE804651
S21401736034B1234600200A4A0C49FFF757FBDAE7F7
S2140173703B462046064A0A49FFF750FB06232946A4
S2140173803046089ACDF80080FFF7CAFECBE700BF6B
S214017390AB4D0400204E04004A4E04007F4E04000C
S2140173A0A84E0400F7B506460C461746FFF744FFFD
S2140173B0054638B9104A1149FFF730FB022420462A
S2140173C003B0F0BD21464FF48A52304621F03BFD12
S2140173D0044600F0F3FD34B123460020064A08496E
S2140173E0FFF71CFBEBE7009004233A46314628469C
S2140173F0FFF796FEE3E700BFAB4D0400204E040006
S214017400D04E0400F7B506460F46FFF715FF0546B2
S21401741038B9104A1049FFF701FB0224204603B091
S214017420F0BD002240231146304621F0EBFE044613
S21401743021F0E6FE34B123460020064A0749FFF74D
S214017440EDFAEBE7009001233A4631462846FFF76E
S21401745067FEE3E7AB4D0400204E0400034F040033
S21401746073B504460E46FFF7E7FE054638B9104ADF
S2140174701049FFF7D3FA0224204602B070BD00225D
S2140174802046114621F0C0FE044621F0B9FE34B173
S21401749023460020064A0849FFF7C0FAECE70090A9
S2140174A0234632464FF6FC712846FFF739FEE3E7DE
S2140174B0AB4D0400204E0400314F04002DE9F0418D
S2140174C08846107800219EB014461D46FFF7C6FE7A
S2140174D00646002800F0FD800778002F7BD0B8F81C
S2140174E00010002940F0F5800389B8F8022043F423
S2140174F00040824240F0ED80617800296BD1A2F510
S2140175000042062A00F2E580DFE812F0A100A100A1
S214017510E300E3000700B8006900E3880D3DADF81D
S2140175202430238915F00105ADF8263063798DF8EE
S2140175302830E37A03F1060214F812208DF814308D
S2140175408DF81C2042D10BA98E46069104F10C0041
S2140175505FFA85FC9C4500F1020009D210F8018C07
S21401756010F802CC01350CEB082C2EF802CBEFE715
S21401757001EB43011A440891D2B2590001F10D0002
S2140175809A42C0B20BD025186D78205C78316944D8
S21401759000EB0520013321F84C0CDBB2EDE7B6F920
S2140175A008203389002AACBF01220322C3F30E034D
S2140175B08DF808206288ADF80A3005ABADF80C20CE
S2140175C0049302A9304621F061FA04E0424A434995
S2140175D00020FFF723FA38461EB0BDE8F081042DDF
S2140175E002D83D4A3E49F3E72379053DADB29D42B7
S2140175F0B4F8028002D0384A3A49E9E73A4A3B4BA6
S2140176000020002D08BF13463949334ACDF80080C3
S214017610FFF704FA05348DF81450B6F908300694CD
S21401762085B1002BACBF012303238DF82C303389A1
S214017630ADF83080C3F30E03ADF82E3005AB0D93D5
S2140176400BA9BFE7002BACBF06230523EDE70B2DE7
S214017650C7D9D4F80200D4F8061013F4004F05AACF
S21401766003C20CBF042203228DF82C206289C3F3C7
S2140176700E03ADF83020ADF82E30DFE7042DB0D97B
S2140176806388ADF8303023790533DBB29D4206D0EE
S2140176900020114A17490095FFF7C0F99BE70E4AEB
S2140176A000201549FFF7BAF9B6F908203389002AF0
S2140176B0ACBF01220322C3F30E03ADF82E3005AB97
S2140176C00D93631D069323798DF82C208DF81430C5
S2140176D0B6E700277FE700BFAB4D04005E4F04000E
S2140176E0864F04009A4F04004E0A0400B64A04006E
S2140176F0C14F0400DE4F04001F500400304BF0B5AC
S214017700B0FBF3F24FF4616503FB1200B0FBF5F337
S214017710DCB205FB13033C25B3FBF5F3DBB2A0EBB0
S21401772004104B71C3EB0313A0EB83004FF4FA6311
S2140177300B8040F201134B8001230C711F4600247D
S2140177406425204E8871944200D1F0BD91F802C0A4
S21401775013B1BCF1020F2BD006EB0C0010F801ECB4
S214017760C87870450BBF012001300CF1010CC0B286
S21401777008BF81F802C0C87088780D2816D10B881A
S2140177808F7001339BB298070B8014D1B3FBF5F0D1
S21401779005FB103080B280B94FF4C870B3FBF0FC23
S2140177A000FB1C339BB2B3FA83F35B090134CAE7CF
S2140177B04FF01D0ED4E70023F8E70123F6E700BFDC
S2140177C08051010076A2040010B5044688B006A9CF
S2140177D0FFF794FF9DF81E300A4803939DF81D306D
S2140177E0049402939DF81C309DF81A200193BDF86D
S2140177F018300549009300889DF81B30FFF70EF9F5
S21401780008B010BD345B002038500400026808B58B
S2140178101188154B19805188598051791971117940
S21401782059714FF48A51D980D28812F0200F0CBFBB
S2140178300A464FF48B528169DA800C4A137831B9C3
S214017840C0880B4923F002030880137008BD43F07B
S21401785002031370074B15221846013103F0F6FC9C
S214017860002200F8012CF1E7285B00208166002049
S214017870265B0020375B002010B5184C236858792A
S21401788020F028FD0B2822D8154B03EB0010027BB5
S214017890237F9A421BD12368428819888A4205D0E1
S2140178A04FF6FF70814212D1120410D42279023AA7
S2140178B0012A06D9A37B63B9BDE810400748FFF744
S2140178C047B9198958791FF03BFE0028F2D10020EC
S2140178D010BD0248BDE81040FFF7CCB82C4600208A
S2140178E09844002008B520F0F5FC0B2896BF024B03
S2140178F00020185C08BD00BF8666002008B5002081
S21401790021F03BF8FF2020F018FD21F03BF820F095
S214017910E0FEFEF771F901210246064803F044FC39
S214017920054BFF21054A0648FEF7C6FEBDE808409E
S214017930FEF708BB86660020285B0020245B00203B
S21401794077650020F0B5002204464FF6FF750B4F11
S21401795090B237F830600346AE4201D12846F0BDFA
S214017960A64209D1B4F57C4FF9D307EBC3035B8874
S2140179708B42F4D00029F2D00132E9E7B4A2040028
S21401798010B50446FFF7DEFF094A034610884FF696
S214017990FF72934214BF074A2246BDE8104017BF44
S2140179A002EBC30304495A680449FFF751B800BF04
S2140179B0345B0020B4A204005B5004002B1B0400BF
S2140179C0034B18780130C0B2187000F07F00704782
S2140179D016710020044A137818B143F0010313709E
S2140179E0704703F0FE03FAE781660020014B18702A
S2140179F0704700BF8466002038B1074B1B78012B07
S214017A0004D1038843F0400303807047022BFCD166
S214017A10038823F04003F7E78466002068B1074A2D
S214017A201378012B07D1064B1B781370037843F0AC
S214017A301003037001E0022BF8D070478366002024
S214017A40826600207FB50121264B274E19703378B8
S214017A500246D90744D42549096881B10868C18816
S214017A608D0641BF224CE18841F02001E180C188AA
S214017A704C0641BF1E48C18841F04001C1801D4DE2
S214017A801D492878097840074CBFE97069701B4981
S214017A9013F00204098809D0164A194820F0EFFEAF
S214017AA0337823F00203337004B070BD154B188889
S214017AB04FF6FB73984208D80B46CDE900520146B3
S214017AC00B4A204620F0B3F8EEE74FF6FF73CDE9F8
S214017AD0014200930A46074B054920F084F8E3E784
S214017AE00020E1E778660020816600202846002015
S214017AF0285B00207765002017710020245B00209A
S214017B00365B0020265B002070B503790446012B06
S214017B100D46164631D883681B78DB0600D561B35F
S214017B20A37B13B9E37C0B2B27D00022144B1A80BE
S214017B30637DB3FA83F35B09D800E37BABB9FEF749
S214017B4095FEA07CFEF792FE0B20FEF78FFEE07CF2
S214017B50FEF78CFE2846FEF789FE2046FFF756FE06
S214017B603046BDE87040FFF76DBF40F00400FEF7F9
S214017B707DFE208A20F0AEFEE3E7002070BD00BF48
S214017B80245B0020024B0A4601461868FFF7BCBF7B
S214017B9028460020F0B4054618460F4B0C461B78C5
S214017BA0BDF81010012B0D4E01D0377827B10023F8
S214017BB033700020F0BC70470CB9002AF9D143B1EC
S214017BC04FF65743994204D02B462246F0BC20F08C
S214017BD03CBE0120EEE700BF18710020856600203C
S214017BE02DE9F04F684C4FF0000A2546844696462C
S214017BF098460F46654B664E83F800A00FCE0FC51C
S214017C0096E80F0085B085E80F00DDF83C90BDF8DA
S214017C10383072460093394643466046CDE90194B2
S214017C2000F0DCF8DFF89081064670B90025FEF713
S214017C30FFFD16220021574803F0B6FA0023284616
S214017C40C8F8003005B0BDE8F08F534BA27CC8F8E9
S214017C5000401A70514B1B78002B36D020F045FFA0
S214017C604F4902465046FEF7F3FE226850465379C6
S214017C7052884C490092A289FEF7EAFE504620F04F
S214017C80ADFE20B12368218A5888FFF779FEE37B91
S214017C9023B10020228A4449FEF7DAFEA3680020B9
S214017CA01A78E37C41490093A37CFEF7D1FE207D40
S214017CB0A289A168121A01440123002092B2FEF79C
S214017CC011FE00203A49FEF7A9FE2F48FFF79EFD58
S214017CD02D4822F096F9054630BBB9F1000F25D1A3
S214017CE02168E0880B8801904988BA1E032A009112
S214017CF08CBF002201220121E07CFFF74BFF38B93F
S214017D0023685B79FF2B3AD0FFF7B6FD05468EE771
S214017D102368DB889A06F3D40121264C1A48217081
S214017D2020F0FCFE84F80090354680E7B9F8143060
S214017D309B07E5D47AE75846FEF718F88246584678
S214017D40FDF760FF88B123685046228A598820F0E3
S214017D50C4FA50B13846FFF759FD236889F804A0E4
S214017D6083F805A0FFF788FD00B9284605460136C9
S214017D70FDF742FF5FFA86FB5845DCD857E7002639
S214017D80014FDFF83890F3E72C4600207866002094
S214017D9094A20400365B00201771002015710020A4
S214017DA0745004007D5004009E500400AA50040044
S214017DB09F0304008566002028460020285B0020DB
S214017DC00023054AD15C814202D31A445078704799
S214017DD00233DBB2F6E700BF82A2040073B5154694
S214017DE02E781A4616F0040F0CBF032605269E426F
S214017DF0089C08D9224A234900960020FEF70EFE69
S214017E00002002B070BDBDF8183021712060E380FB
S214017E10A560A2812B7803F00103A3732B7803F0EE
S214017E200403002B14BF01210021E1732978C1F35B
S214017E30C00161754FF00101217518D0284620F068
S214017E4086FD237D208202332375227D531CDBB2FF
S214017E502375A95C0232D2B2A1742275EB5CE3747D
S214017E60A3899A4205D900920749054AC5E72382A4
S214017E70EBE7079B0120A36100232377C1E700BF3F
S214017E80E20A0400ED500400095104002DE9F7430D
S214017E900024204FDFF89C80DFF89C90E0B221F0B0
S214017EA0E5F8FF2805460FD12346012102201A4A8C
S214017EB0F7F728FD194B013418781EF067FB152CCF
S214017EC0ECD103B0BDE8F08346B238EA260328BFFA
S214017ED04B4601210093022057F82430104AF7F749
S214017EE011FD002EE6DA0923E340DB070AD50D4A29
S214017EF00D4B15F0010F18BF1A4601210220F7F7A6
S214017F0001FDD7E70A2CD5D1084A094B15F0010F18
S214017F10F1E700BFCCA204006251040019710020F1
S214017F208A5104003B5104002551040057510400B6
S214017F304D5104004E0A0400B64A040008B5542206
S214017F400021024803F030F9002008BD245C00201F
S214017F5008B55422FF21024803F026F9002008BD87
S214017F60D05B0020024B23F810100020704700BFA2
S214017F70D05B0020002310B4074ADCB2A14203D82C
S214017F805DF8044BFFF7DABF2A2BF9D032F8024B23
S214017F9020F813400133F0E7245C0020002310B5DD
S214017FA0054A994201DD2A2B00D110BD32F8024B59
S214017FB020F813400133F4E7245C0020024B1878C4
S214017FC000F07F00704700BF92660020034B1878D0
S214017FD00130C0B2187000F07F0070479266002032
S214017FE030B51C4600238BB0ADF82220021D92B29C
S214017FF0012A0E9DADF82030ADF81E10ADF81C30EC
S21401800003D94FF6FF7290420FD10022CDE90352F9
S214018010CDE90124094B01461B784FF6FF7000930A
S21401802007AB21F041F80BB030BD0146CDE9015355
S2140180301846009407AA21F053F8F4E71A710020B5
S21401804038B505464FF480500C4603F0B3FA4FF4AA
S21401805080532860236030B940F2A511BDE838404E
S214018060014827F048BA38BD7952040000487047E5
S214018070025F0020014B1878704700BF3671002060
S214018080014B1888704700BFBA700020014B187862
S214018090704700BF2F710020014B1878704700BF52
S2140180A026710020014B1878704700BF2971002007
S2140180B0014B1878704700BF97660020014B187077
S2140180C0704700BF97660020014B1878704700BFC5
S2140180D096660020014B1870704700BF9666002018
S2140180E0014B1878704700BF2A710020014B188891
S2140180F0704700BFB87000202DE9F74F414B424A48
S2140181000193424BDFF844911B78DFF84481DFF896
S21401811044E1DFF844C13E4F3E4E3F4D3F494048A3
S21401812002EB431A019B524503F1200309F1200992
S21401813008F120080EF1200E0CF1200C07F12007A3
S21401814006F1200605F1200501930FD10022114604
S214018150344B324D1C78344E344B314FD0B28442BE
S21401816003F1200346D803B0BDE8F08F304B314C05
S2140181705360002349E907432F4CDFF8E0B048E994
S21401818007432E4CC2E902304EE907432C4C1160DE
S2140181904CE907432B4C136147E907432A4C49E94D
S2140181A0050348E905034EE905034CE9050347E9DC
S2140181B0050349F8201C48F8201C4EF8201C4CF8F2
S2140181C0201C47F8201C46F8201C46E90743019C62
S2140181D045E907B3DFF888B046E9050345E9050335
S2140181E044E907B344E9050345F8201C44F8201C7C
S2140181F0203297E743E9085643E9061743F8101C6F
S2140182000132ABE774490020944A00203D710020FA
S214018210D4490020B4490020944900201059002078
S214018220B64A04003471002065C80200144A0020D2
S214018230BD7102005FB703001D86020045110300F1
S214018240B9C7030005A9020017900300744A00206D
S214018250544A0020344A0020F4490020753E0300A9
S214018260C16E0200002208B5074B1A605A6020F062
S214018270B9FE064B187020F0B5FE054B1870054B7D
S2140182801A78054B1A7008BDB2580020F266002015
S214018290F166002027710020F0660020002100B55D
S2140182A093B008466A460AF0FBF90146C8B90E4B78
S2140182B00E4A09930E4B0D920A930E4A0E4B0E92DE
S2140182C00B930E4A0E4BCDE90F230C930D4B6A46CA
S2140182D011930AF09BFC003818BF012013B05DF81B
S2140182E004FB0120FAE700BF73B20300B97F020066
S2140182F077B40300E948020059900300B9960200DA
S214018300D7B40300097A0200084B1878112806D85A
S214018310012809D9064BC34003F001007047A0F1BC
S214018320430358425841704700207047F4660020C6
S2140183303400020008B5064B1B78013B022B05D81A
S2140183400020FFF7E1FF0138C0B208BDFF20FCE7BF
S214018350F5660020044B00F1100250F8041B904211
S21401836043F8041BF9D17047F6660020044B03F16D
S214018370100253F8041B934240F8041BF9D17047CE
S214018380F666002030B5002491B0114B0546214613
S21401839014220BA8CDE9094302F006FF102209AB0F
S2140183A0CDE900440693CDE90452CDE90252094BCA
S2140183B009490AA81DF0E9FC04460AA821F0C8FBF1
S2140183C01CB1A021054827F096F811B030BD00BFBA
S2140183D00024800000444004F66600200453040094
S2140183E070B5002490B0154B05460E461422214662
S2140183F00BA8CDE9094302F0D7FE102209ABCDE95F
S214018400004406933146CDE90452CDE902520C4BA5
S2140184100AA81DF0BAFC04460AA821F099FB1CB173
S214018420BA21084827F067F8099B102B03D0BB2117
S214018430044827F060F810B070BD00BF002480002B
S214018440004440040453040030B50D4600218FB0AB
S214018450124B0446142209A8CDE9071302F0A4FE24
S214018460102207ABCDE90242CDE90042049329462A
S2140184700B4B08A81DF08BFC044608A821F068FBEE
S2140184801CB1D121074827F036F8079B102B03D0E3
S214018490D221044827F02FF80FB030BD0024800009
S2140184A00044400404530400014B93F95A007047FA
S2140184B0485800200022034B1870034B1970034BD9
S2140184C01A707047076700200867002006670020BB
S2140184D02DE9F04FDFF89080064698F800300D46FB
S2140184E085B0002B3AD04FF6FB73984236D84FF042
S2140184F0000B1C4FDFF874A03C7898F800305FFA48
S2140185008BF94B459AF8000011D9484402AA0DF19F
S2140185100601C0B216F028FA082229460DEB020021
S21401852003F08EF90BF1010B0028E6D14C463B789F
S214018530A34208D198F80020631CDBB29A423B7034
S21401854004BF00233B70324629469AF800301C448B
S214018550E0B205B0BDE8F04F16F0F4BA05B0BDE8DC
S214018560F08F00BF0667002008670020076700201D
S2140185702DE9F74F06460D4614461F464FF0010BF0
S214018580DFF8789003F10C0A15B903B0BDE8F08F57
S214018590102DA84628BF4FF010083A46164B5FFA32
S2140185A088F152F8040B524543F8040BF9D10191B6
S2140185B09AF8002011481A70002389F80F4089F8AC
S2140185C000B089F80E30FFF7DDFE324601340B4865
S2140185D00199E4B212F801CB10F8013B83EA0C03CF
S2140185E002F8013C931BDBB28B42F3D3A5EB0808E0
S2140185F016461FFA88F5C7E70A67002009670020B4
S2140186002DE9F04F9046914685B00090981A029356
S21401861083B20193009B0F46354903F10C0453F8CE
S214018620045BA34241F8045BF9D11B78314E0B7011
S21401863049233370019BF0731B0A3046B373FFF76F
S214018640A1FE0221BB460D46737888EA03037370C8
S2140186504FF0000A1DE0C5F11004A9EB0A039BB216
S214018660A4B29C4228BF1C4600231FFA83FCE818CC
S2140186706445C0B21FD82544EDB2A344102D54441E
S2140186801FFA84FA05D1002530460391FFF77AFEDA
S2140186900399D145DFD807EB080B25B1154803919F
S2140186A0FFF770FE039901294FF000050DD0012157
S2140186B0DDF80490CCE71BF803C016F800E00133A0
S2140186C08CEA0E0C06F800C0CFE7029B09491F444E
S2140186D0094B38461C78224602F0F6FE2A46214609
S2140186E03846009B05B0BDE8F04FFFF741BF00BF1D
S2140186F00A670020096700203E71002030B54078E7
S2140187000C4601284FF0110387B001F1100516D170
S214018710144A01A90BF002F8234601AC2246186858
S2140187205968083303C2AB421446F7D111230D4AE8
S214018730002001A90AF0F2FF002007B030BD012099
S214018740094A01A90AF0EAFF234601AC2246186845
S2140187505968083303C2AB421446F7D11123024AC3
S214018760E6E700BF75E4010079EB010030B50C4681
S214018770407887B001284FF011030DBF0B4A0C4A11
S214018780012001A918BF01A90AF0C8FF234601AAC2
S21401879005AD144603CCAC4218605960224603F17D
S2140187A00803F6D1002007B030BD00BF75E4010014
S2140187B079EB010010B50C4688B01A230C4A01A9C2
S2140187C001200AF0ABFF21460DF10E0304F1100261
S2140187D051F8040B914243F8040BF9D11A230020F7
S2140187E0034A01A90AF09AFF002008B010BD00BF95
S2140187F024E10100F0B58BB004460D4622F0AEFC34
S214018800A8B101A813F082FE88B1667B271D16F079
S214018810020F05D00822384601A903F011F8D0B995
S21401882001AB46F0020603CB6060796066731A23DB
S2140188300A4A03A901200AF071FF29460DF1160321
S2140188400DF1260253F8040B934241F8040BF9D1BB
S21401885000200BB0F0BD2D20FBE700BF24E1010096
S214018860F0B50546071D00220C463846082193B090
S21401887022F006FC6A7B0646D0070BD5687808A965
S21401888021F097F8DDF83D306B60DDF841307B6014
S21401889080B10BE0910709D5D2000121384602F0DC
S2140188A0800221F093F8FF28687002D12D2013B0C2
S2140188B0F0BDD6B1687801A921F010F89DF81C30FA
S2140188C05B0604D54FF4C6710A4826F014FE23460B
S2140188D003AD07AC2A4603CAA24218605960154682
S2140188E003F10803F6D10020E1E708A921F061F8B9
S2140188F0CEE700BF825304002DE9F04106468AB058
S2140189001F480F4615460024FFF730FD002C01A92D
S21401891014BF4FF05C0C4FF0360C10238846184AF3
S21401892012F8010B013B8CEA000013F0FF0301F87B
S214018930010BF5D105A823F009FA4246102105A836
S21401894023F008FAC4B93946324605A823F06AFA74
S2140189502A460DF1140C0DF1240E634603CB734524
S214018960106051609C4602F10802F6D114B10AB0BB
S214018970BDE8F0810124C9E72A461021E5E700BFDA
S214018980396700202DE9F04791460D46C0B09DF8A5
S2140189902041DDF828811E46DFF87CA09DF82431B1
S2140189A007462246494640468AF8003002F08CFDCA
S2140189B09DB12346324641463846FFF721FEB44272
S2140189C007D9A11B3B46012289B208EB0600FFF737
S2140189D0CFFD002040B0BDE8F087A11B3B46012239
S2140189E089B208EB0600FFF7C3FD224641466846FA
S2140189F002F06AFD3246694638462346FFF700FE16
S214018A009AF800200DEB040109EB040002F018FFB0
S214018A100028DED02C20DDE73E71002038B5034665
S214018A20104601F1100451F8045BA14242F8045BC0
S214018A30F9D104491BB1FFF7D3FC002038BDFFF77D
S214018A4003FDFAE73967002030B5054689B0694667
S214018A5020F0B9FD6B8804ACABB1224629466846C6
S214018A6020F051FD0E4A08AD234603CBAB42106001
S214018A7051601C4602F10802F6D10948FFF76AFC6C
S214018A80002009B030BD6B46054D1A4603CAA24206
S214018A9028606960134605F10805F6D1EDE700BFC9
S214018AA03967002050B10B4B0B4A03F1100153F804
S214018AB0040B8B4242F8040BF9D17047064B054A6A
S214018AC003F1100153F8040B8B4242F8040BF9D161
S214018AD0704700BF396700201967002008B51022CB
S214018AE0024802F0B3FB002008BD00BF2967002042
S214018AF008B508461022024902F0A8FB002008BD6E
S214018B002967002010B5044686B001A9114A112331
S214018B1001200AF003FE9DF8143001A8E37023F04B
S214018B200BFD80F001000C4A01A9607011230120A1
S214018B300AF0F4FD9DF8143001A8A37023F0FCFCA4
S214018B4080F00100207012F06DF86060002006B021
S214018B5010BD00BF75E4010079EB010010B50446B5
S214018B6086B01123134A012001A90AF0D7FDA37884
S214018B709DF814209A4207D08DF814300020112356
S214018B800C4A01A90AF0CAFD11230B4A012001A9CA
S214018B900AF0C4FDE3789DF814209A4207D08DF8B8
S214018BA0143000201123044A01A90AF0B7FD06B0CB
S214018BB010BD00BF79EB010075E401002DE9F0411D
S214018BC086B0064603A80C4614F0EEFC05460028BF
S214018BD04AD1BDF80C30980646D5102229462046C3
S214018BE002F0E2FA01A813F091FCC0B1777B06F11E
S214018BF0040817F0020F06D00822404601A902F029
S214018C001FFE00282ED101AB47F0020703CB706090
S214018C10C8F804107773238843F008032380238859
S214018C2043F00203238013F041F8606022F096FAC5
S214018C3030B10E4B1B68A360238843F004032380E6
S214018C400B4B1A68D1035EBF238843F010032380C1
S214018C50130203D5238843F400632380284606B015
S214018C60BDE8F0812D25F9E72425F7E7C44A002061
S214018C70C84A002010B5D0E9023253F8223090B02D
S214018C801C6840226946204620F006FF034630B1A4
S214018C90224600200549FDF7C1FE10B010BD012295
S214018CA069460820FDF764FEF7E700BF1854040084
S214018CB070B500F0B1F800280CBF6E2279220020B2
S214018CC01349FDF7ABFE00F0A7F8F0B120F0F8FE6F
S214018CD000280CBF6E22792200200E49FDF79EFE69
S214018CE0082200200C49FDF799FE00250B4C0C4E7E
S214018CF0234654F8042C314600200335FDF78EFE3A
S214018D00182D04F10C04F3D170BD3F22E4E700BF37
S214018D10505404006754040077540400EC4B0020C0
S214018D209654040070B520F0B0FE04462149002098
S214018D30FDF774FE2CB92046BDE870401E49FDF7CC
S214018D406DBE00F0BBF805461C4B62690020002A88
S214018D5008BF1A461A492668FDF760FEA288002059
S214018D601849FDF75BFE1849E2880020FDF756FE1C
S214018D70A388228913F010001ABF00201349144952
S214018D80FDF74CFEE26800201249FDF747FE226916
S214018D9000201149FDF742FE104A114B0020B6F59E
S214018DA0817F38BF13460F492A46BDE87040FDF75C
S214018DB035BE00BFCB540400D8540400C8230400B9
S214018DC0F95404001755040038550400555504009D
S214018DD07255040090550400AE550400C3540400B7
S214018DE0B9540400CC55040038B5014600230C25BF
S214018DF0084A05FB03F4A0181459013404D10C22C7
S214018E0002F024FA002038BD0133082BF1D10120ED
S214018E10F9E700BFE84B0020034B1878012894BF00
S214018E2000200120704700BF4B67002038B504467C
S214018E30044D2878A04203D0214620F006FE2C706F
S214018E4038BD00BF4B67002000B58FB0342200212B
S214018E5001A802F0A9F901A8EEF75CFD0598D0B1CA
S214018E6082680E4BB2F5803F34BF92B2C2F38F22B6
S214018E7041881A81028828BF41F010011A604268B1
S214018E809980DA80C268DA6002691A6142695A61B9
S214018E90027E18461A760FB05DF804FB6C4B002074
S214018EA0054B1B7820B1012B04D80220FFF7BEBF6B
S214018EB0012BFBD8704700BF4B67002010B5084C4C
S214018EC0237853B920F0E1FD0123237028B103680C
S214018ED0B3F5817F24BF037E2370207810BD00BFC9
S214018EE04A67002070B5184B1B78012B2BD820F051
S214018EF0AFFD164D024616490020FDF78FFD0120F5
S214018F00FFF7CEFF2E78FF2E1DD1FFF79DFFC8B1CC
S214018F10848860223146C4F340040E482C7002F067
S214018F2043F9602231460C4802F03EF95CB1FFF786
S214018F30C5FF042807D9BDE8704040F22B11074849
S214018F4026F0D9BA287070BD4B6700203F7100200B
S214018F50EF550400E84B0020884B00200156040022
S214018F602DE9F04FDFF884928DB003AB07468846B3
S214018F70144699E8070083E80700FFF7B3FFFFF7F9
S214018F809DFF944B06461D784B46012D40F070819F
S214018F90012840F27281B7FBF0F200FB1272002A40
S214018FA000F06B818C4900228B46D1F800C0BCF1E1
S214018FB0FF3F04D0087A6044874200F019810132ED
S214018FC0082A01F10C01F0D193E8070006AE0DF175
S214018FD0240A86E807008AE80700FFF76FFFB7FB59
S214018FE0F0FB00FB1B7BA0EB0B094A4641460646FD
S214018FF00AA809978DF82C9002F066FA00224FF025
S2140190000C0E764902E00132082A0ED00EFB02F061
S21401901000EB010C08580130F5D19AE807008CE8FE
S21401902007006F490A7801320A70A14504DD4FF442
S214019030E2716C4826F05FFAA41B5C444F44A1B26F
S21401904017FA84F4B4FBF6F206FB1242C8448E1AF1
S21401905091B1A41A08EB060107A88DF82020069402
S21401906002F032FA06A8FFF7BFFEFF2804D140F24D
S214019070D9115C4826F03FFAB6B2B6B10320FFF725
S214019080D5FE802E0AD832464146574802F01CFAD1
S21401909032463846544920F0E3FC05460220FFF7E5
S2140190A0C5FE28460DB0BDE8F08F0025F9E74FF460
S2140190B00E714C4826F01FFA464B1B78012B00F028
S2140190C0E380002C36D00320FFF7B0FE802C2FD88B
S2140190D022464146444802F0F7F9224638464249BC
S2140190E020F0BEFC05460220FFF7A0FEDFF8F09058
S2140190F099F8003093B1039CFFF7E0FE374B002749
S21401910098461A68511C04D0197A411A521A944288
S21401911024D00137082F03F10C03F2D1002DC0D162
S214019120039B0133C1D003A8FFF75EFE0546B8E7EF
S2140191300125D8E72546D9E740F26D21294826F0D2
S214019140DAF9012524E0012D30D0802E2FD83246C1
S2140191502549039820F084FC054628E0002DA0D17F
S2140191600C247C4308EB04039DF814A093F808B084
S2140191700AEB0B03802BDFDC1B4B524604A9184677
S21401918002F0A2F9211D5A464144504402F09CF9CE
S2140191900C2303FB07839DF814201B7A13449E427D
S2140191A0D1D040F273210F4826F0A5F901250220FF
S2140191B0FFF73CFE99F8003013B1013B89F8003007
S2140191C04FF0FF3308EB040248F80430C2E90133DC
S2140191D067E700BF3F710020E84B0020884B002066
S2140191E04967002001560400EC4A002030A3040021
S2140191F04FF00C0A0AFB02B3187AA6EB00095FFAD5
S21401920089F9A14501D35FFA84F90AFB02FA0AF14A
S214019210040528444A464146584402F055F90BEBEA
S2140192200A031A7AA4EB09044A44D2B2B242A4B29F
S2140192301A7219D103200193FFF7F8FD32460BEBA2
S21401924005015BF80A0020F00BFC05460220FFF73B
S214019250EDFD4FF0FF32019B4BF80A20C3E90122D6
S214019260002D7FF41EAFC844002C3FF41EAF4F44C0
S214019270104B1B78012B7FF424AFB7FBF6F306FBEC
S2140192801373002B7FF413AFE319B3FBF6F506FB5C
S2140192901535002D3FF415AF641B5B1B08EB04016D
S2140192A02A4604A80393A4B202F00EF98DF81450CE
S2140192B007E700BF3F71002070B5134B1B78012BE9
S2140192C00CD1FFF70FFE0026104D55F8043C013374
S2140192D006D10336182E05F10C05F6D1002411E04F
S2140192E00320FFF7A3FD55F8044CFFF7E7FD2946D9
S2140192F00246204620F0B4FB04460220FFF796FD06
S214019300002CE6D0204670BD3F710020EC4B0020BB
S21401931070B505460C46FFF7E5FD0520FFF786FD0F
S2140193202146284620F0AAFB06460220FFF77EFDCE
S21401933000220A4B2C441968481C08D0A94206D3BF
S214019340A1423EBF4FF0FF31C3E9001199600332DD
S214019350182A03F10C03EED1304670BDE84B00200D
S214019360D0E9023253F8223010B51C68204600F0CE
S21401937095FA28B12146BDE81040024800F002BE29
S21401938010BD00BF7F56040008B5D0E9023253F87D
S2140193902230186800F06CF920B1BDE80840024898
S2140193A000F0F0BD08BD00BFA15604002DE9F04154
S2140193B0D0E9023253F8221003EB82035B680F6890
S2140193C01D789AB0642D04D96421114800F0DAFDA5
S2140193D064252A46384601A900F002F9044698B9E0
S2140193E00C4800F0CFFDDFF8348001AE013DA54208
S2140193F002DC1AB0BDE8F0813919404616F8012B97
S21401940000F0C0FD0134F2E7034800F0BBFDF0E7D1
S214019410C4560400E45604000E570400FB5604002C
S2140194202DE9F04700252D4FDFF8E080DFF8E090CA
S2140194308CB0284603A900F0EFF810B10CB0BDE8D7
S214019440F087049B2946039A0093384600F09AFD5C
S214019450404600F097FD059910290CD810290CD824
S214019460DFE801F00F14320B340B0B0B360B0B0B32
S2140194700B0B0B0B3A0020292CD0194800F082FD6B
S21401948007E0184800F07EFD0135D2E7164800F0E7
S21401949079FD0699484600F075FD0799134800F0D6
S2140194A071FD134800F06EFD1024DFF868A00DF181
S2140194B01F06504616F8011F013C00F063FD14F02C
S2140194C0FF04F6D10B48DDE70B48E0E70B48DEE783
S2140194D00B48DCE70B48DAE70B48D8E729570400C6
S2140194E0CE5704007E5704008E570400F45704003C
S2140194F00C58040079FC0300965704009E5704009C
S214019500A7570400B2570400C95704006D5704005A
S214019510DD5704001D58040010B50B4C8EB023789F
S2140195205BB9EEF771F9014650B9012301A8237022
S214019530EEF7F0F9054B049A1A6020780EB010BDCC
S214019540034800F01FFDF8E74C6700202C4F002071
S2140195502358040000B58FB0FFF7DEFF002829D09E
S21401956001A8EEF7D7F9059B1448198800F00AFD03
S214019570059B13485969134B002908BF194600F08B
S21401958001FD059B1048598800F0FCFC059B0F481F
S214019590196900F0F7FC059B0D48D96800F0F2FC4C
S2140195A0059B0C48197E00F0EDFC0B4B0B48196827
S2140195B000F0E8FC0FB05DF804FB00BF6058040043
S2140195C072580400C8230400845804009858040004
S2140195D0AC580400C05804002C4F0020D458040096
S2140195E070B5064615460C4679B172B1FFF794FF81
S2140195F068B121462A463046EEF796FA014618B17A
S214019600044800F0BFFC012070BD2120FCE71120BA
S214019610FAE700BFE658040037B505460C46FFF7E3
S2140196207BFFE0B1114B1B68AB421AD9CCB10021CC
S2140196302422204601F0B8FD214628461BF061FB96
S21401964088B9284601AA04F10801EEF71FFA20B1ED
S21401965040F20643C01A18BF012003B030BD1120E6
S214019660FBE72120F9E70120F7E700BF2C4F002098
S214019670F0B593B00546FFF74FFF002845D0254BC0
S2140196801A68AA4207D829462348013A00F07AFC0C
S214019690212013B0F0BD05A8EEF73CF9284603A932
S2140196A01BF02FFB98BB049A22F4FF57C2F30C035E
S2140196B027F01F072BB14FF400532946174800F037
S2140196C061FC039E7FB125F023FF30464FF4005125
S2140196D0EEF7B6FA3346044606F5005650B9039B34
S2140196E0F31ABB42EFD32A4639460D4800F04AFC2E
S2140196F0002406E000902A464FF40051094800F085
S21401970041FC201E18BF0120C3E71120C1E701203C
S214019710BFE700BF2C4F002014590400C2590400B3
S214019720815A0400305A040010B5044638B1FFF7D8
S214019730F3FE30B10020044B1B68236010BD2120CE
S214019740FCE71120FAE700BF2C4F002010B50446B5
S214019750FFF7E2FEB0B10C4B1A68A24206D82146CA
S2140197600A48013A00F00EFC212010BD25F0D0FE7B
S21401977040F2C12220460649EEF748F9003818BFE4
S2140197800120F2E71120F0E72C4F002014590400C5
S214019790684C002010B50446FFF7BEFE70B12146A6
S2140197A00848EEF753F940F20323984208D040F2F6
S2140197B0012398420CBF0520012010BD1120FCE7B3
S2140197C00020FAE7684C00202DE9F0412D4D0446B3
S2140197D02F68FFF7A1FE002851D02968A14207D8BB
S2140197E04A1E2948214600F0CDFB2120BDE8F08124
S2140197F02648EEF7EBF8DFF894800246B0B9434608
S2140198002E68964222D1BE4214BF3A4606F1FF3276
S21401981012BB31461D48C8F80040EEF7B7F80146BE
S21401982000B31B4800F0AEFB0120DFE72046EEF751
S2140198308DF8044638B10146164800F0A3FB201EF9
S21401984018BF0120D2E7EDF7DDFEF8E753F8041B59
S2140198508C42DDD00132D4E70C499200081D01F09C
S214019860F5FCD6E729680948EEF7B0F8044610B1CA
S21401987001460948D6E7EDF7C5FE2046B6E71120B2
S214019880B4E700BF2C4F002014590400484C0020B8
S214019890C75A04009D5A0400FA5A0400F8B5044653
S2140198A0FFF73AFE002845D0234B1A68A24207D894
S2140198B021462248013A00F065FB21242046F8BDE6
S2140198C01F4800F05FFB25F023FE40F2C1221D4930
S2140198D02046EEF79BF840F20327054625F018FED2
S2140198E0184E65B140F203239D421AD02946164808
S2140198F000F048FB0124154800F044FBDEE725F0A4
S21401990007FE29463046EEF7A1F8B84209D040F2E4
S2140199100123984203D10E4800F034FBE1E70546E7
S214019920DFE721460B4800F02DFB2046FFF74CFFF2
S2140199300446E0E71124C1E72C4F00201459040027
S214019940315B0400684C0020515B040079FC030085
S214019950D42F0400695B040010B50A46044619B109
S214019960024B00211B68984710BD00BF3CA30400B2
S21401997010B5114C2378580744BF23F00403237015
S2140199802378990705D500F05DF8237823F00203C4
S214019990237063781BB10023084A63605360002379
S2140199A0082106486370FFF7D7FF2378DA0744BF1C
S2140199B023F00103237010BD304F0020344F0020E8
S2140199C038B51A4C62782378022A01D1072B11D0B8
S2140199D0DD0712D52378980707D400F02BF82378F3
S2140199E0054643F00203237080B96278237882B17A
S2140199F05A0716D50025284638BD1CF044F92378A9
S214019A00054643F0010323700028E3D0FFF7B0FFBB
S214019A10F1E7D907ECD5064962604A600222627016
S214019A20E6E743F004032370E4E700BF304F00206D
S214019A30344F00200122024B002083F8F0207047AB
S214019A403C4F00202DE9F0410A4C002526464FF0F8
S214019A50010803272046C4F81C802776013520F02C
S214019A605AF8062D04F12804F4D1002386F8F030C4
S214019A70BDE8F0813C4F00202DE9F04F984691B0AB
S214019A800B1E0A93B44B914614BF83469B46002592
S214019A901A9E98F8000070B94D4538BF2A464B46C5
S214019AA04FF000000A9928BF09F1FF32D84728462F
S214019AB011B0BDE8F08F252808F1010806D02A4626
S214019AC04B460A996C1CD8472546E2E700234146D7
S214019AD011F8012B2B2A16D00AD8202A16D0232AB1
S214019AE017D0A2F13000092834D800270A2418E03C
S214019AF02D2A05D0302AF4D143F001038846E6E743
S214019B0043F00203FAE743F00403F7E743F00803E0
S214019B10F4E743F01003F1E7884604FB0722A2F1BD
S214019B203007414611F8012BA2F130000928F3D97C
S214019B3098F800202E2A52D198F8011008F1010257
S214019B40A1F13000092843F480633ED800244FF089
S214019B500A0E11E02A2A08D156F8047B8846002FFF
S214019B60BCBF43F002037F42E2E70027E0E702467C
S214019B700EFB0411A1F13004104610F8011BA1F1EF
S214019B80300CBCF1090FF2D99046424612F8011B7F
S214019B906C292DD025D8682933D06A293BD0424676
S214019BA0904618F8010B672860D8572836D84528FC
S214019BB008D084D9462800F0188147287FF47FAF63
S214019BC043F4006343F0200327E12A2906D156F81F
S214019BD0044B08F1020824EAE474D6E79046002410
S214019BE0D3E7742901D07A29D9D143F48073D7E712
S214019BF098F801106C29F8D143F4407308F1020279
S214019C00CEE798F80110682902D043F08003C7E731
S214019C1043F0C003F2E743F40073C1E7A0F1580232
S214019C200F2A3FF64CAF01A151F822F0CD9C01005E
S214019C30BF9A0100BF9A0100BF9A0100BF9A0100B6
S214019C40BF9A0100BF9A0100BF9A0100BF9A0100A6
S214019C50BF9A0100CD9C0100399E0100CD9C0100F8
S214019C600F9E0100EF9D01000F9E0100A0F169010A
S214019C70C9B20F293FF623AF012249F2410C8A40AF
S214019C8012EA0C0218D10A2900F0158107297FF47F
S214019C9016AF43F0210305930823CDE903431023B0
S214019CA0CDE9012356F8043B2A46009358464B4615
S214019CB00A9920F020F8A8E06F2800F05E8110D9FC
S214019CC0782808D1102223F00C0310E0582839D048
S214019CD0622800F054810A2223F01003642806D07B
S214019CE0F1E769284FF00A0223F01003F6D159056F
S214019CF048BF23F00103692803F4007101D06428EA
S214019D0040D111B3073626F00706B24670685AF8F6
S214019D10081BCDE9077300230593C30F00280293A0
S214019D2006940B46049202DA4B4260EB4000CDE902
S214019D3000304B462A4658460A9920F01EF805463A
S214019D405646A6E643F02003BCE7D90506F1040A09
S214019D5004D5316805E000BF599B030058060CD5B1
S214019D603178CDE90224CDE9047300294FEAD17395
S214019D700193B8BF4942009120E01906E9D5B6F92A
S214019D800010EEE779B1CDE907730023CDE904238E
S214019D9006F1070A2AF0070A06940293FAE8022354
S214019DA0CDE90023C5E7D80506F1040A0DD5CDE9AE
S214019DB00473CDE902240191336800934B462A4689
S214019DC058460A991FF097FFB9E7590607D5317823
S214019DD0CDE904730023CDE902240193CBE7316872
S214019DE013F0800F18BF89B2F2E743F02003CDE9E4
S214019DF00173073626F007060094B6EC020B4B46B5
S214019E002A4658460A99EAF7C3FC054641E600F099
S214019E10DF00472801D143F40063CDE9017307361B
S214019E2026F007060094B6EC020B4B462A46584627
S214019E300A99EAF7F1FAE8E713F0020426D04FF0A0
S214019E40010A6B1C0B932A464B460A9916F8040B1B
S214019E50D84774B354460B9A21E04B4620200A9902
S214019E60D8470AEB05020AF1010A5745F5D83A1E0A
S214019E7018BF0122002A07F1FF3308BF002307F1AC
S214019E80010A1D4408BF4FF0020ADAE7A246E8E7D6
S214019E90551C4B4620200A99D8472A460134BC4215
S214019EA0F6D3A7EB0A03574538BF00230B9A1A448B
S214019EB00B920B9DEDE53246002C52F8046B14BF55
S214019EC021464FF0FF310B9232463144107808B1EB
S214019ED0914211D1A2EB060A13F480620C9202D0D1
S214019EE0A24528BFA24613F002030D931BD1AAEB8D
S214019EF005032A460F9308E00132E7E7531C0E9349
S214019F0020204B460A99D8470E9A0F9BD318BB427E
S214019F10F4D3A7EB0A03574538BF00230AF1010221
S214019F201D4403EB020AAB1B0E9304E01C464B4692
S214019F302A460A99D8470E9BF51816F8010B28B140
S214019F400C9B002BF3D0631E002CEFD10D9B93B11D
S214019F502A46AAEB050405E0561C4B4620200A9922
S214019F60D84732461319BB42F6D3A7EB0A03574527
S214019F7038BF00231D440B9E8BE50822A3E6022270
S214019F80A1E600BF0FB41FB506AA52F8043B02A90A
S214019F900392009204484FF0FF32FFF76DFD05B0C3
S214019FA05DF804EB04B070471B9E03001FB5034623
S214019FB000914FF0FF3203A90248FFF75DFD05B09F
S214019FC05DF804FB1B9E03001FB5CDE9020100935B
S214019FD002A9134603484FF0FF32FFF74DFD05B0C7
S214019FE05DF804FB239E03001FB5094B094A186858
S214019FF0094B01A91860094B1360094A0192094AE5
S21401A0001268CDE902231BF0E5FE05B05DF804FBFE
S21401A010606D00200440002008400020546D0020A0
S21401A020D2910400EC520020014B18681BF0E6BEEA
S21401A030606D002038B5F2F767F80446064D2B68C8
S21401A040D3F8B002F2F754F828681BF0EAFE20466F
S21401A050BDE83840F2F74CB8606D002010B51F4CD3
S21401A060F0F728F9236F012023F0070343F00203DA
S21401A0702367F0F72DF9D4F82031002023F00703E9
S21401A08043F00103C4F82031D4F8403123F0030330
S21401A09043F00103C4F84031D4F8603123F00303E0
S21401A0A043F00103C4F86031D4F8403223F00303CF
S21401A0B043F00103C4F84032D4F8003223F007031A
S21401A0C043F00103C4F80032D4F8083223F0070342
S21401A0D043F00103C4F8083210BD00BF00800050F1
S21401A0E0064B1B681A7A022A01D81AB97047032A46
S21401A0F000D070471B68024A13607047646D0020E9
S21401A100EC5200200022024B5A60DA601A60704757
S21401A110F052002008B501F037FF0022014B1A70FB
S21401A12008BD00BF4D6700200A4601491FF0E3BE87
S21401A13059BB04000A4601491FF0DDBE54BB0400AA
S21401A1400A4601491FF0D7BE4DBB04000A46014925
S21401A1501FF0D1BE4ABB04000A4601491FF0CBBE20
S21401A16047BB04000A4601491FF0C5BE42BB0400B6
S21401A1700A4601491FF0BFBE3DBB04000A4601491D
S21401A1801FF0B9BE38BB04000A4601491FF0B3BE32
S21401A19031BB040081F0004102E000BF83F00043C0
S21401A1A030B54FEA41044FEA430594EA050F08BF6C
S21401A1B090EA020F1FBF54EA000C55EA020C7FEA30
S21401A1C0645C7FEA655C00F0E2804FEA5454D4EBAD
S21401A1D05555B8BF6D420CDD2C4480EA020281EA77
S21401A1E0030382EA000083EA010180EA020281EAAF
S21401A1F00303362D88BF30BD11F0004F4FEA013101
S21401A2004FF4801C4CEA113102D0404261EB41010F
S21401A21013F0004F4FEA03334CEA133302D0524295
S21401A22063EB430394EA050F00F0A780A4F1010451
S21401A230D5F1200E0DDB02FA0EFC22FA05F280188B
S21401A24041F1000103FA0EF2801843FA05F3594171
S21401A2500EE0A5F120050EF1200E012A03FA0EFCF0
S21401A26028BF4CF0020C43FA05F3C01851EBE3711A
S21401A27001F0004507D54FF0000EDCF1000C7EEB37
S21401A28000006EEB0101B1F5801F1BD3B1F5001F75
S21401A2900CD349085FEA30004FEA3C0C04F1010494
S21401A2A04FEA445212F5800F80F09A80BCF1004FBD
S21401A2B008BF5FEA500C50F1000041EB045141EA3F
S21401A2C0050130BD5FEA4C0C404141EB0101013C08
S21401A2D028BFB1F5801FE9D291F0000F04BF0146F7
S21401A2E00020B1FA81F308BF2033A3F10B03B3F1C9
S21401A2F020020CDA0C3208DD02F1140CC2F10C0259
S21401A30001FA0CF021FA02F10CE002F11402D8BFB6
S21401A310C2F1200C01FA02F120FA0CFCDCBF41EA82
S21401A3200C019040E41AA2BF01EB0451294330BD51
S21401A3306FEA04041F3C1CDA0C340EDC04F114042E
S21401A340C4F1200220FA04F001FA02F340EA030005
S21401A35021FA04F345EA030130BDC4F10C04C4F14B
S21401A360200220FA02F001FA04F340EA030029462B
S21401A37030BD21FA04F0294630BD94F0000F83F475
S21401A380801306BF81F480110134013D4EE77FEA58
S21401A390645C18BF7FEA655C29D094EA050F08BFA4
S21401A3A090EA020F05D054EA000C04BF1946104685
S21401A3B030BD91EA030F1EBF0021002030BD5FEAC9
S21401A3C0545C05D14000494128BF41F0004130BDF1
S21401A3D014F580043CBF01F5801130BD01F0004545
S21401A3E045F0FE4141F470014FF0000030BD7FEAB8
S21401A3F0645C1ABF194610467FEA655C1CBF0B46B3
S21401A400024650EA013406BF52EA033591EA030FC9
S21401A41041F4002130BD00BF90F0000F04BF0021C1
S21401A420704730B54FF4806404F132044FF00005F4
S21401A4304FF0000150E700BF90F0000F04BF00216D
S21401A440704730B54FF4806404F1320410F00045D3
S21401A45048BF40424FF000013EE700BF42004FEACE
S21401A460E2014FEA31014FEA02701FBF12F07F434B
S21401A47093F07F4F81F06051704732F07F4208BF02
S21401A480704793F07F4F04BF41F40021704730B509
S21401A4904FF4607401F0004521F000411CE700BF55
S21401A4A050EA010208BF704730B54FF000050AE0D8
S21401A4B050EA010208BF704730B511F0004502D5D9
S21401A4C0404261EB41014FF4806404F132045FEADB
S21401A4D0915C3FF4D8AE4FF003025FEADC0C18BF84
S21401A4E003325FEADC0C18BF033202EBDC02C2F176
S21401A4F0200300FA03FC20FA02F001FA03FE40EA08
S21401A5000E0021FA02F11444BDE600BF70B54FF00B
S21401A510FF0C4CF4E06C1CEA11541DBF1CEA1355E9
S21401A52094EA0C0F95EA0C0F00F0DEF82C4481EA51
S21401A530030621EA4C5123EA4C5350EA013518BF71
S21401A54052EA033541F4801143F4801338D0A0FB5E
S21401A55002CE4FF00005E1FB02E506F00042E0FB0B
S21401A56003E54FF00006E1FB03569CF0000F18BF11
S21401A5704EF0010EA4F1FF04B6F5007F64F54074B9
S21401A58004D25FEA4E0E6D4146EB060642EAC6214C
S21401A59041EA55514FEAC52040EA5E504FEACE2EB9
S21401A5A0B4F1FD0C88BFBCF5E06F1ED8BEF1004FBC
S21401A5B008BF5FEA500E50F1000041EB045170BD38
S21401A5C006F0004646EA010140EA020081EA03017C
S21401A5D0B4EB5C04C2BFD4EB0C0541EA045170BD78
S21401A5E041F480114FF0000E013C00F3AB8014F1F2
S21401A5F0360FDEBF002001F0004170BDC4F100043B
S21401A600203C35DA0C341BDC04F11404C4F12005BB
S21401A61000FA05F320FA04F001FA05F240EA020016
S21401A62001F0004221F0004110EBD37021FA04F64C
S21401A63042EB06015EEA430E08BF20EAD37070BD06
S21401A640C4F10C04C4F1200500FA04F320FA05F065
S21401A65001FA04F240EA020001F0004110EBD37067
S21401A66041F100015EEA430E08BF20EAD37070BDD7
S21401A670C4F1200500FA05F24EEA020E20FA04F3B0
S21401A68001FA05F243EA020321FA04F001F000415F
S21401A69021FA04F220EA020000EBD3705EEA430ED0
S21401A6A008BF20EAD37070BD94F0000F0FD101F0FF
S21401A6B00046400041EB010111F4801F08BF013C38
S21401A6C0F7D041EA060195F0000F18BF704703F076
S21401A6D00046520043EB030313F4801F08BF013DFD
S21401A6E0F7D043EA0603704794EA0C0F0CEA1355B9
S21401A6F018BF95EA0C0F0CD050EA410618BF52EA73
S21401A7004306D1D181EA030101F000414FF0000078
S21401A71070BD50EA410606BF1046194652EA430686
S21401A72019D094EA0C0F02D150EA013613D195EAFA
S21401A7300C0F05D152EA03361CBF104619460AD142
S21401A74081EA030101F0004141F0FE4141F470014C
S21401A7504FF0000070BD41F0FE4141F4780170BD3C
S21401A76070B54FF0FF0C4CF4E06C1CEA11541DBFA1
S21401A7701CEA135594EA0C0F95EA0C0F00F0A7F8A3
S21401A780A4EB050481EA030E52EA03354FEA0131D0
S21401A79000F088804FEA03334FF0805545EA1313E3
S21401A7A043EA12634FEA022245EA111545EA1065AB
S21401A7B04FEA00260EF000419D4208BF964244F142
S21401A7C0FD0404F5407402D25B084FEA3202B61A61
S21401A7D065EB03055B084FEA32024FF480104FF435
S21401A7E0002CB6EB020E75EB030E22BFB61A7546A9
S21401A7F040EA0C005B084FEA3202B6EB020E75EB3C
S21401A800030E22BFB61A754640EA5C005B084FEAA3
S21401A8103202B6EB020E75EB030E22BFB61A754670
S21401A82040EA9C005B084FEA3202B6EB020E75EB7B
S21401A830030E22BFB61A754640EADC0055EA060E3C
S21401A84018D04FEA051545EA16754FEA06164FEA7F
S21401A850C30343EA52734FEAC2025FEA1C1CC0D12B
S21401A86011F4801F0BD141EA00014FF000004FF0B8
S21401A870004CB6E711F4801F04BF01430020B4F179
S21401A880FD0C88BFBCF5E06F3FF6AFAEB5EB030C31
S21401A89004BFB6EB020C5FEA500C50F1000041EB2E
S21401A8A0045170BD0EF0004E4EEA113114EB5C04FB
S21401A8B0C2BFD4EB0C0541EA045170BD41F48011CE
S21401A8C04FF0000E013C90E645EA060E8DE60CEAD6
S21401A8D0135594EA0C0F08BF95EA0C0F3FF43BAFF3
S21401A8E094EA0C0F0AD150EA01347FF434AF95EAAA
S21401A8F00C0F7FF425AF104619462CE795EA0C0F8E
S21401A90006D152EA03353FF4FDAE1046194622E75A
S21401A91050EA410618BF52EA43067FF4C5AE50EA34
S21401A92041047FF40DAF52EA43057FF4EBAE12E724
S21401A9304FF0FF3C06E000BF4FF0010C02E000BF05
S21401A9404FF0010C4DF804CD4FEA410C7FEA6C5CE8
S21401A9504FEA430C18BF7FEA6C5C1BD001B050EA8B
S21401A960410C0CBF52EA430C91EA030F02BF90EA76
S21401A970020F0020704710F1000F91EA030F58BF35
S21401A980994208BF90422CBFD8176FEAE37040F097
S21401A990010070474FEA410C7FEA6C5C02D150EA35
S21401A9A0013C07D14FEA430C7FEA6C5CD6D152EAF0
S21401A9B0033CD3D05DF8040B704700BF84461046B5
S21401A9C062468C461946634600E000BF01B5FFF7B4
S21401A9D0B7FF002848BF10F1000F01BD4DF808ED84
S21401A9E0FFF7F4FF0CBF012000205DF808FB00BF55
S21401A9F04DF808EDFFF7EAFF34BF012000205DF8AF
S21401AA0008FB00BF4DF808EDFFF7E0FF94BF0120FB
S21401AA1000205DF808FB00BF4DF808EDFFF7CEFFFC
S21401AA2094BF012000205DF808FB00BF4DF808ED3B
S21401AA30FFF7C4FF34BF012000205DF808FB00BF0C
S21401AA404FEA410212F5001215D211D56FF4787350
S21401AA50B3EB625212D94FEAC12343F0004343EAF3
S21401AA60505311F0004F23FA02F018BF40427047CE
S21401AA704FF00000704750EA013005D111F0004058
S21401AA8008BF6FF0004070474FF00000704700BFEE
S21401AA904A0011D212F5001211D20DD56FF4787357
S21401AAA0B3EB62520ED44FEAC12343F0004343EAAC
S21401AAB0505323FA02F070474FF00000704750EAF7
S21401AAC0013002D14FF0FF3070474FF00000704761
S21401AAD053B94AB9002908BF00281CBF4FF0FF31FF
S21401AAE04FF0FF3000F08CB9ADF1080C6DE904CEE3
S21401AAF000F006F8DDF804E0DDE9022304B0704753
S21401AB002DE9F04F099D0E4604460F46002B47D10E
S21401AB108A429446B2FA82F35AD943B102FA03FC46
S21401AB20C3F120029F409C4020FA02F217434FEAED
S21401AB301C461FFA8CFE220CB7FBF6F106FB1177BA
S21401AB4001FB0EF042EA0742904208D91CEB0202D2
S21401AB5001F1FF3702D2904200F23C813946121AC7
S21401AB60A4B2B2FBF6F006FB102200FB0EFE44EA8E
S21401AB700244A64508D91CEB040400F1FF3202D2B8
S21401AB80A64500F22A81104640EA0140A4EB0E04D5
S21401AB9000211DB1DC400023C5E90043BDE8F08F6C
S21401ABA08B4205D90DB1C5E9000100210846F5E73C
S21401ABB0B3FA83F100294FD1B342C0F00281824239
S21401ABC040F2FF800846002DE8D0C5E90047E5E7DA
S21401ABD0002B40F0AF808A1A4FEA1C4E1FFA8CF702
S21401ABE00121B2FBFEF60EFB1620220C42EA0042C1
S21401ABF007FB06F090420FD91CEB020206F1FF3864
S21401AC002CBF4FF001094FF00009904203D9B9F16A
S21401AC10000F00F0DC804646121AA4B2B2FBFEF02A
S21401AC200EFB102200FB07F744EA0244A7420FD9A5
S21401AC301CEB040400F1FF322CBF4FF0010E4FF065
S21401AC40000EA74203D9BEF1000F00F0C9801046DE
S21401AC50E41B40EA06409CE7C1F120048B4006FA5B
S21401AC6001FC00FA01FE22FA04F7E6408A401F437F
S21401AC7020FA04F34FEA174843EA0C031FFA87FC4D
S21401AC804FEA1349B6FBF8F008FB106649EA064698
S21401AC9000FB0CF9B1450ED9BE1900F1FF3A2CBFE5
S21401ACA04FF0010B4FF0000BB14503D9BBF1000F7C
S21401ACB000F0A2805046A6EB09061FFA83F9B6FB00
S21401ACC0F8F308FB136603FB0CFC49EA0646B44599
S21401ACD00ED9BE1903F1FF382CBF4FF001094FF012
S21401ACE00009B44503D9B9F1000F00F0828043464C
S21401ACF043EA0040A6EB0C06A0FB028C66454346E1
S21401AD00E14602D307D1C64505D2B8EB02036CEB88
S21401AD10070C0138E1465DB1BEEB030266EB09069E
S21401AD2006FA04F422FA01F3CE401C43C5E90046B4
S21401AD30002133E702FA03FCC3F1200299409C404C
S21401AD40D6404FEA1C4E20FA02F21FFA8CF7B6FBE9
S21401AD50FEF00A430EFB1066110C41EA064100FBA9
S21401AD6007F68E420ED91CEB010100F1FF382CBF0D
S21401AD704FF001094FF000098E4202D9B9F1000FD8
S21401AD8034D04046891B92B2B1FBFEF60EFB16117B
S21401AD9042EA014206FB07F191420ED91CEB020280
S21401ADA006F1FF382CBF4FF001094FF00009914220
S21401ADB002D9B9F1000F16D04646521A46EA0041AA
S21401ADC00FE7841A66EB030201201746FBE6023EF4
S21401ADD0624421E702396244C1E664440238D3E69C
S21401ADE06444023834E7023E6244E6E702386144CE
S21401ADF0C8E7023B3E447BE702383E445BE700BFC0
S21401AE00704700BF2DE9F04F924685B089461E4631
S21401AE100D46554A0390294615F8014B135D13F06C
S21401AE200803F8D12D2C7CD02B2C4ED04FF0FF31BF
S21401AE3002936FF00043CDE9001336F0100851D0AD
S21401AE4037464FEAE6783A464346DDE90001FFF722
S21401AE503FFE002383468E4618461946A44613E055
S21401AE60ACF13704A6421FDD002B09DB83457EEBE0
S21401AE70010305D38E4508BF83453BD1A24239DA8B
S21401AE804FF0FF3315F801CBACF13004092CE9D9AA
S21401AE90ACF14104192CE3D9ACF16104192C03D8A7
S21401AEA0ACF15704A642DFDC5A1C2FD0029A12B12D
S21401AEB0404261EB4101BAF1000F03D0002B48D1AB
S21401AEC0CAF8009005B0BDE8F08F4FF0FF3002934E
S21401AED036F010086FF000432C7801F10205CDE939
S21401AEE00003ADD1302C25D0002E3AD10A27B0462A
S21401AEF03E46A8E700FB08F307FB0133A0FB07016A
S21401AF000B44201843EBE4710123BBE72223039A89
S21401AF101360BAF1000F17D005F1FF39DDE9000122
S21401AF20CEE74FF00047009301232C788D1CCDE926
S21401AF30017382E72B7803F0DF03582B0CD086B918
S21401AF400827B0463E467EE7DDE9000105B0BDE8CC
S21401AF50F08FCDE90001DFE710276C7802353E4619
S21401AF6071E710273E466EE761BB04004AE700BF63
S21401AF7010B4044C13460A46014620685DF8044B9B
S21401AF8040E700BF946D002010B4044C13460A46F7
S21401AF90014620685DF8044B34E700BF946D00203D
S21401AFA020F0030110F00300C0F1000051F8043B4B
S21401AFB000F1040C4FEACC0C6FF000021CBF22FA21
S21401AFC00CF213434FF0010C4CEA0C2C4CEA0C4CDF
S21401AFD0A3EB0C0222EA030212EACC1204BF51F8D8
S21401AFE0043B0430F4D0C2F1000102EA0102B2FAD5
S21401AFF082F2C2F11F0200EBD20070472DE9F04742
S21401B00080460C464548264614F801EB10F80EC05B
S21401B0101CF0080CF7D1BEF12D0F5BD0BEF12B0F43
S21401B0203AD0654633F010003ED04FF0FF379A46CF
S21401B030B7FBF3F703FB07F96FEA09090026304669
S21401B0400EE0AEF1370C63451DDD002E04DBB84281
S21401B05002D833D1CC4531DD4FF0FF3614F801EB81
S21401B060AEF1300CBCF1090FEDD9AEF1410CBCF1DB
S21401B070190FE6D9AEF1610CBCF1190F03D8AEF188
S21401B080570C6345E1DC731C1CD005B140420AB184
S21401B090F6B91160BDE8F08733F0100094F800E0CF
S21401B0A0654606F10204C0D1BEF1300F17D06BBB66
S21401B0B00A234FF005091A4F9A46BFE700FB0AC05C
S21401B0C00126CBE722233046C8F80030002AE1D01B
S21401B0D0611EDEE794F800E00125B41CA2E72078A3
S21401B0E000F0DF00582807D083B908234FF007097E
S21401B0F06FF060479A46A1E7102394F801E04FF0FD
S21401B1000F0902346FF070479A4697E710234FF005
S21401B1100F096FF070479A4690E700BF61BB0400C5
S21401B120999999196AE700BF10B4044C13460A4668
S21401B130014620685DF8044B60E700BF946D00206F
S21401B14010B4044C13460A46014620685DF8044BC9
S21401B15054E700BF946D00200F4B70B50F4DAB4206
S21401B160A3EB050607D0B6100024013455F8043BBE
S21401B1709847A642F9D80A4D24F0C2FB094B5E1B3C
S21401B180AB424FEAA60606D00024013455F8043B2C
S21401B1909847A642F9D870BD7471002074710020DA
S21401B1A0747100207871002070B5860747D0541E50
S21401B1B0002A3ED0CAB2034601E0013C39D303F867
S21401B1C0012B9D07F9D1032C2CD9CDB20F2C05EB01
S21401B1D0052505EB054535D9A4F1100C03F1100E34
S21401B1E01A462CF00F064FEA1C1CB644C2E900555D
S21401B1F0C2E9025510327245F8D10CF1010214F081
S21401B2000C0F04F00F0C03EB021213D0ACF1040385
S21401B21023F003030433134442F8045B9342FBD147
S21401B2200CF003042CB1C9B21C4403F8011BA34261
S21401B230FBD170BD64461346002CF4D1F9E70346F2
S21401B2401446C0E71A46A446E0E700BF88420ED976
S21401B2508B1883420BD900EB020C002A6ED0624693
S21401B26013F801CD994202F801CDF9D170470F2AA2
S21401B2700FD8034602F1FF3C002A5FD00CF1010C07
S21401B280013B8C4411F8012B614503F8012FF9D1DC
S21401B290704740EA01039B0751D1A2F1100301F167
S21401B2A0200C70B523F00F0501F1100E00F110040B
S21401B2B01B09AC445EF8105C0EF1100E103444F815
S21401B2C0205C5EF81C5C44F81C5C5EF8185C44F874
S21401B2D0185C5EF8145CE64544F8145CEAD1013368
S21401B2E012F00C0F02F00F0C01EB031100EB03132D
S21401B2F029D0ACF1040C1C1F8E462CF003064FEA35
S21401B3009C0C1E445EF8045B44F8045FB442F9D119
S21401B3100CF1010402F0030203EB840301EB840148
S21401B32002F1FF3C4AB10CF1010C013B8C4411F8CF
S21401B330012B614503F8012FF9D170BD704702F169
S21401B340FF3C03469AE76246EAE700BF2DE9F04F65
S21401B35082468E463F4875461EF801BB10F80B40E4
S21401B36014F00804F7D1BBF12D0F5BD0BBF12B0F06
S21401B3706FF0004904BF9EF800B005F1020E33F0ED
S21401B380100010D1BBF1300F04D0002B5ED10A2380
S21401B3901F4609E09EF8000000F0DF0058284ED056
S21401B3A0002B53D108231F460025B9FBF7F6284684
S21401B3B007FB16980EE0ABF1370C63451DDD002D3B
S21401B3C004DB864202D321D1E0451FDA4FF0FF3578
S21401B3D01EF801BBABF1300CBCF1090FEDD9ABF196
S21401B3E0410CBCF1190FE6D9ABF1610CBCF1190F98
S21401B3F003D8ABF1570C6345E1DC6B1C0AD004B1F2
S21401B40040420AB1CDB91160BDE8F08F07FB00C01C
S21401B4100125DDE72223CAF800305AB10EF1FF31CB
S21401B4204846F0E79EF800B04FF0004905F1020EDD
S21401B4300124A4E74846BDE8F08F8146EEE71023D5
S21401B4409EF801B00EF1020E1F46ADE710231F460F
S21401B450AAE700BF61BB0400242B02D8012B00D051
S21401B46074E710B500F02EFA16230360002010BD15
S21401B47010B5242A084C1346246807D8012A05D09B
S21401B4800A4601462046BDE810405FE700F01AFA7A
S21401B49016230360002010BD946D002010B5242AE9
S21401B4A0084C1346246807D8012A05D00A460146E7
S21401B4B02046BDE8104049E700F004FA1623036071
S21401B4C0002010BD946D0020844641EA000313F06D
S21401B4D0030349D1403A23D30B6803604B684360AA
S21401B4E08B688360CB68C3600B6903614B694361FA
S21401B4F08B698361CB69C3610B6A03624B6A4362E2
S21401B5008B6A8362CB6AC3620B6B03634B6B4363C9
S21401B5108B6B8363CB6BC36340304031403ADBD2E5
S21401B52030320BD30B6803604B6843608B688360D3
S21401B530CB68C36010301031103AF3D20C3205D309
S21401B54051F8043B40F8043B043AF9D2043208D0DF
S21401B550D2071CBF11F8013B00F8013B01D30B8851
S21401B56003806046704700BF082A13D38B07B1D00B
S21401B57010F00303AED0C3F10403D21ADB071CBFDD
S21401B58011F8013B00F8013BA4D331F8023B20F847
S21401B590023B9FE7043AD9D3013A11F8013B00F880
S21401B5A0013BF9D20B7803704B7843708B7883702C
S21401B5B060467047024B014618681BF0F1B900BFA0
S21401B5C0946D0020024B014618681BF0ECB900BFD1
S21401B5D0946D0020CAB384460B4630B50446084332
S21401B5E0800719D09CF800000C78A04212D150B305
S21401B5F0012A28D0E64603E01CEB030F23D010B344
S21401B6001EF8010F11F8014FA2EB0E03A04203F141
S21401B610FF33F1D0001B30BD032A07D8E2E7043A16
S21401B62011D01EF0803F0ED1032A10D9206819468A
S21401B63053F8045BA446A0F1013E0434A8422EEA66
S21401B640000EECD0CEE7002030BD10467047A44671
S21401B6501946C7E780EA010C1CF0030F37D110F03A
S21401B660030C20F0030021F0030150F8042B08BF5F
S21401B67051F8043B0ED08CF0030C6FF07F434FEA79
S21401B680CC0C23FA0CFC51F8043B42EA0C0243EAC8
S21401B6900C0300BFA2F1013C9A4201BF2CEA020C46
S21401B6A01CF0803F50F8042B51F8043BF2D04FEACF
S21401B6B002604FEA1222012828BFB0EB036F08BFD1
S21401B6C01B0AF4D003F0FF03000EC01A704710F0F7
S21401B6D0030F0AD010F8012B11F8013B012A28BFED
S21401B6E09A42F4D0A2EB030070474DF8045D50F87F
S21401B6F0042B01F0030521F0030151F8043B022D50
S21401B70026D04DD822F07F45B5EB132FA2F1013C90
S21401B7102CEA020C0DD11CF0803C08BF51F8043B0A
S21401B7200AD185EA0205B5EB036F0CD150F8042B5C
S21401B730E8E74FEA13235BE03CF07F4C54D10B78EB
S21401B7404FEA126554E04FEA126503F0FF034FE03B
S21401B7504FEA0245A2F1013C4FEA15452CEA020CDC
S21401B760B5EB134F18D11CF0803C08BF51F8043BD1
S21401B77007D185EA0205B5EB034F09D150F8042B32
S21401B780E6E75FEA0C4C2FD10B884FEA12452FE013
S21401B7904FEA03434FEA12454FEA134328E000BF3E
S21401B7A002F0FF05B5EB136FA2F1013C2CEA020C87
S21401B7B00DD11CF0803C08BF51F8043B0AD185EA44
S21401B7C00205B5EB032F0AD150F8042BE8E74FEA40
S21401B7D013630DE012F0FF0F06D051F8043B4FEA59
S21401B7E0122523F07F4303E04FF0000020BC704792
S21401B7F005F0FF0203F0FF00012828BF904204BFB6
S21401B8002D0A1B0AF4D0A2EB000020BC704700BF33
S21401B81008B5064B044613B1002100F0AFF8044BFF
S21401B8201B6803B19847204619F0F3FA7DB9010069
S21401B83038540020002301461A46184600F048B83E
S21401B840032A30B415D941EA000484460B46A407FE
S21401B85004D0541E0FE0043A032A08D9194660465C
S21401B86053F8044B5CF8045BA542F4D0F1E760465C
S21401B8701946541E7AB1431E0139021901E09A4253
S21401B88009D013F8010F11F801CF6045F7D0A0EBEE
S21401B8900C0030BC7047002030BC704738B5074DEF
S21401B8A0074C2C1BA41005D0013C55F8043D9847C5
S21401B8B0002CF9D1BDE8384024F028B87C7100206E
S21401B8C078710020014B1868704700BF946D002006
S21401B8D0F0B5264C83B006460F46256805B36C685E
S21401B8E01F2C3FDCA6B1D5F8880048B3D0F800116C
S21401B8F04FF0010C40F82420022E00EB84020CFAD3
S21401B90004FC4CEA0101C0F80011C2F8803010D0E6
S21401B910631C002002346B6045F8247003B0F0BD50
S21401B92013491448216010B10068C1F88800104D11
S21401B930D5E7D0F8043143EA0C03C0F80431E7E751
S21401B9400D49CDE9002369B14FF48470FFF732FE4B
S21401B95040B100216C68C0E94011DDE90023C5F85B
S21401B9608800C5E74FF0FF30D8E700BFC854002075
S21401B9703C54002000000000B5B501002DE9F04F51
S21401B980DFF8B49083B0D9F8006096B3884601908A
S21401B9907568D6F888706C1E2BD4013507F1800BBC
S21401B9A006EB8505B8F1000F26D173682A68013BBE
S21401B9B0A3423BD000232B60BAB1D6F804A05FB3F4
S21401B9C00123D7F80011A3400B4225D0D7F8040174
S21401B9D057F8241003422BD1019890477368D9F881
S21401B9E0002053451ED1B2421CD1013C043D631CCC
S21401B9F0D8D103B0BDE8F08F4FB15BF82430434592
S21401BA00D3D0013C043D621CF3D0002FF5D1013C9C
S21401BA10EFD3013CFBD2ECE790477368D9F80020DE
S21401BA205345E0D0002AE4D01646B1E77460C3E778
S21401BA3008469047D2E700BFC8540020431E033390
S21401BA4006D8044B984228BF1846642838BF64209D
S21401BA50704700BF40420F0038B5194B05461B68BA
S21401BA600C4603B1984744B1236833B11B680133D0
S21401BA7003D0E3680BB1A3684BB91EF0F8FE0020B3
S21401BA804FF4C172412100F0FFF9212038BD204654
S21401BA9002F04AFC00230B4A85F83C31C5E93743DE
S21401BAA0C2E9003363694BB1074A422110684FF47B
S21401BAB0D272C31A5842584100F0E6F90020E5E771
S21401BAC038570020106A00209C570020F8B504461D
S21401BAD023F00FFC002607460E4B1B6893B19E68A9
S21401BAE0AEB196F82420D20711D435460FCC0FC537
S21401BAF00FCC0FC523682B6096F8243043F0010362
S21401BB0086F82430384623F0EFFB3046F8BD1B6834
S21401BB10E4E700BFE86D002010B5044618B9054BF0
S21401BB20054A136010BD00F0D9FCD4F8E830002BAC
S21401BB30F6D1F4E719A00300E46D0020014B186864
S21401BB40704700BF106A002008B502460868FFF774
S21401BB5075FF08604868FFF771FF48608868FFF75F
S21401BB606DFF8860C868FFF769FF0B69C860581CDD
S21401BB7003D00B48834228BF03460B614B69581C10
S21401BB8003D00748834228BF034688694B61FFF705
S21401BB9055FFBDE808408861104601F07BBC00BF38
S21401BBA040420F00D0F8E0302DE9F04105460C4642
S21401BBB013B1C38D8B424CD0D5F8DC30002B4BD063
S21401BBC09E68002E48D0D868002845D0013800B2BB
S21401BBD000281ADB002106E0128A591CA24217D25D
S21401BBE009B2884211DB0B1803EBD3735B1003EB2E
S21401BBF0C30206EB8202B2F80EC003F1FF3EA44573
S21401BC00EAD90FFA8EF08842EDDA2120BDE8F081FC
S21401BC104FF6FF7299B29142F7D09BB203EBC30382
S21401BC2006EB83062846B6F9122095F83011D5F8AA
S21401BC30F080EFF755F80746B8F1000F04D000235F
S21401BC40324628461946C047EC85C5F8E06085F8B7
S21401BC5039710020BDE8F0810E20BDE8F08100BFFB
S21401BC602DE9F04782B004460F46164601F086FEDF
S21401BC70002863D14F4D2B68D4F8DCA0D4F8E080BF
S21401BC800BB1534576D04FF00009AF6001F09EFE30
S21401BC900128074665D120461EF028FD002851D10F
S21401BCA02B68DAF80010D8F8002013B1186888421B
S21401BCB06BD020461EF0CCFCC5E900A8D4F8F050A5
S21401BCC08DF80760002D67D00022204611460DF141
S21401BCD00703A847204600F0EDFF0546B9F1000F1F
S21401BCE00FD076B9D4F88C300BBB012F05D025B117
S21401BCF0314B002103205B689847284602B0BDE817
S21401BD00F087B5FA85F040F207523321400900F07A
S21401BD10BBF83146204601F00BFA284B05461B6856
S21401BD20414620469847D4F88C30002BDDD00022BF
S21401BD304FF40073204600F0E1FBD6E700231D4DCB
S21401BD406B6098E794F82530DA07A9D5D4F89430D3
S21401BD505B05A5D51A4B0122002120461B68984792
S21401BD609EE70021012000F001FC01F02FFE0128D2
S21401BD70FBD190E76B68002B85D0434583D1AB6838
S21401BD809F4215D04FF001097FE7696811B1096834
S21401BD90914291D059688CE794F82A1094F8393179
S21401BDA03246994228BF1946204600F0D1FE91E757
S21401BDB00025A2E7106A0020F06D0020E46D002047
S21401BDC03C570020F8B50F46054623F092FA39464F
S21401BDD006462846FFF7E6FE044620B1304623F025
S21401BDE083FA2046F8BD01F0A7FD224639462846CB
S21401BDF0FFF736FF04460028F0D128461EF076FCF1
S21401BE000028EBD095F8253013F001030DD0D5F8B6
S21401BE10942052050DD5B5F82A21BA4205D0B5F8B9
S21401BE202C31DB1BB3FA83F35B09034A82F8C43077
S21401BE30D4E72346F9E700BF001E00B013B5044659
S21401BE4069461EF017FA20461EF05BFBFF280246E5
S21401BE5006D020469DF80010EEF7C0FF02B010BDD8
S21401BE600048FBE70080FFFF38B5044D044C054B46
S21401BE70286021601A6022F091FE38BDCC56002061
S21401BE80EC6D0020D056002010B550B90548064B81
S21401BE900160064802601868054B18601868FFF7CD
S21401BEA0E3FF10BDEC6D002028580020D05600207E
S21401BEB0CC5600202DE9F0418AB001AC05460B4670
S21401BEC02746194A02F1200C2646106851680832A6
S21401BED003C662453446F7D1002B08BF3B46002710
S21401BEE010681C463060384603F10C0690B95FFABC
S21401BEF087F84246284621881EF0FBFB50B9424689
S21401BF002846E1881EF006FC20B9424631462846FE
S21401BF101EF012FC0137032F06F1080604F1020495
S21401BF20E4D10AB0BDE8F08184BC0400F0B589B064
S21401BF3005460E461EF00FFC044600BB01AC06F19A
S21401BF400C070FCF0FC497E8070084E8070001A984
S21401BF502846FFF7F9FD2846311D1EF0D6FD04469A
S21401BF6048B92846074901F057FA044618B9284641
S21401BF7001F0C6FD044628463168FFF79BFF2046C0
S21401BF8009B0F0BD7CBC040001491EF0C6B900BF73
S21401BF90D1DA010070B5164E032804460D463378F3
S21401BFA01ED023FA04F202F00102AA421DD053B1B8
S21401BFB00122A240A54023EA02032B43DBB23370E1
S21401BFC04BB1012070BD2DB10A4B01201B6898476B
S21401BFD03378EDE73570074B00201B689847F0E78C
S21401BFE09A07DED003F0FC03E9E7002070BD00BF2E
S21401BFF04E6700201057002038B504460D4605F060
S21401C00077FD60B101F0C6FC48B9012D07D80120C3
S21401C0101EF04CFB0D4B1B6823B15B6898470C4B1D
S21401C0201C7038BD23F0BFFA0A4B1A68801A1860D4
S21401C03021F02EFF4FF47A72074B1B6802FB00308B
S21401C0401EF069F9012001F0ADFCE8E73457002045
S21401C05041710020085700200C570020F8B505460E
S21401C0600C4623F046F9104F06463B7833B1012DB6
S21401C07004D01CB90D4821F05DFE3C7021462846CF
S21401C080FFF788FF0A4B04461B783BB93B782BB970
S21401C0901EF000FB10B1074B1B689847304623F093
S21401C0A023F92046F8BD00BF4F670020E456002064
S21401C0B04E670020F06D0020054A0B46117831B11D
S21401C0C000211170034A0121526818781047704701
S21401C0D04F670020F06D0020124B0239012910B580
S21401C0E018701ED805F004FDD8B101F053FCC0B19C
S21401C0F001F034FAA8B90C4B1C6834B12368984790
S21401C100BDE8104000201EF0D1BA1EF002F9074B20
S21401C110186023F048FA064B1860204601F042FCEE
S21401C120EEE710BD41710020345700200C57002067
S21401C1300857002038B5044680B123F0DAF801210B
S21401C1400446084621F09AFA01210B4A08461AF0DD
S21401C150FBFC2046BDE8384023F0C6B823F0C9F8FA
S21401C16005462146012021F089FA01202146024A8E
S21401C1701AF0EAFC2846EDE7B6920400F0B585B061
S21401C18023F0B7F8344D04462B7823B1334821F019
S21401C190D1FD002852D121F057FE02AA03A91EF0B4
S21401C1A063FA0346002838D01EF072FA029B9842C2
S21401C1B01CD100202A4B03991B682A4E99423070E5
S21401C1C020D90027C91A012324482B70264A334652
S21401C1D0CDE9007723F0C3F9002837D1234A137835
S21401C1E0D90701D53178F9B1204611E01EF04EFA93
S21401C1F0029B984228D0002318461949194A096813
S21401C200137003910121FFF7C5FE002320462B7012
S21401C21023F06AF8002005B0F0BD20462B7023F00D
S21401C22063F8212005B0F0BD03F0FE031370002B68
S21401C230DAD10F4B1B6898472046E9E7204623F0E2
S21401C24053F80E2005B0F0BD0220B3E703232046C5
S21401C2502F703370F3E700BF4F670020E4560020CD
S21401C2600457002040710020B9C001004E6700202D
S21401C2701057002038B523F03CF80F4D04462B78B4
S21401C2809BB90E4A0E4913700E4B0F4A0F481A609F
S21401C2900F4A5A60F0F7CEF90E490F48F0F7CAF97F
S21401C2A00E4B0F4A1A6001232B70F0F7CDFA204689
S21401C2B023F01AF8002038BD506700204F67002091
S21401C2C0A8BC0400F06D00207DC10100D4560020FA
S21401C2D05DC00100B0BC0400DC56002010570020F1
S21401C2E035C101002DE9F0438F7880460F2F0C46AB
S21401C2F085B003D9212005B0BDE8F08327B9012315
S21401C300374A00201370F6E70D784E78EDB9002E07
S21401C310F0D194F90310E08803F00AF82128E9D057
S21401C32055EA0603A088DFF8C89013D003F064F836
S21401C3304FF60403B9F8002001469A424BD1AE42AB
S21401C340334638BF2B4600262DE0082DD2D8082EBE
S21401C350D0D8DEE703F050F84FF6040501464FF655
S21401C3600500204A136E9BB2AB4208BF0346B1F5E7
S21401C370803FA9F800300FD90223082513668023D1
S21401C3800126C2F880302B4649084FF6FF72013964
S21401C390914228BF114608E080230126082516662B
S21401C3A0C2F880302B460029EFD1002202920122EA
S21401C3B0013FFFB2009201972A4608F1F80002F009
S21401C3C0B7FE1EB14FF48012074B5A65074BA268A1
S21401C3D01A60022394E703480266A9F80030AEE724
S21401C3E05167002000C001B800D001B81C570020DA
S21401C3F0C270002010B50446D0F818210B4B4FF43C
S21401C4000061C3F8A82090F82420D20102F400624B
S21401C41005F0D2FA94F8243013F0100F4FF400739D
S21401C42014BF034A034A136710BD00BF001E00B0C5
S21401C430001002B8002002B8431C07D06FF0FF02BC
S21401C440034B10401A62A3F580531862704700BF71
S21401C45000E000B8F8B504460F46164622F049FF3C
S21401C4600546A047044620B1284622F03DFF204657
S21401C470F8BD04F07FFC04220549D1F8D83E23EA32
S21401C48007033343C1F8D83E024B1A67ECE700BFF7
S21401C490001000B0002002B800F01803182B0AD0D4
S21401C4A003070AD440F2011310F0100018BF184613
S21401C4B0034B186570470020FAE70120F8E700BF34
S21401C4C0001F00B0044B1868830654BFC0F30F204A
S21401C4D04FF6FF70704700BF0458002038B103685C
S21401C4E0044A002B08BF1346034A13607047014BEA
S21401C4F0FAE700BF61A30300FC6D002010B4D0E989
S21401C500544122400B4052EA030104D003495DF82E
S21401C510044B096808475DF8044B7047FC6D002022
S21401C5200F2938B505460C460ED801F04FFA0128FA
S21401C5300CD1074A2846D36B23F00F032343D3635A
S21401C5401EF018F9002038BD2120FCE70220FAE78A
S21401C550001F00B0014B186C704700BF001F00B0F1
S21401C560014B002019647047001F00B003282DE915
S21401C570F347884655D82C4B13F800902B4B1E5C7E
S21401C5802B4B13F800A022F0B4FE074604F03EFB46
S21401C590054640B100230022CDE9003301200023E7
S21401C5A0002104F079F904F039FB48B10023002298
S21401C5B0CDE90033002000234FF4004104F06CF96C
S21401C5C06EB31C4BDC6C04F008041B4B3146DC6478
S21401C5D0484604F02DFC52463146484604F092FC8B
S21401C5E0164BDC646DB1164B1868D0F89410F83011
S21401C5F003F06EFA13490868FFF71EFF4FF0FF338A
S21401C6000B60B8F1000F04D00F4B002103205B68CC
S21401C6109847384602B0BDE8F04722F065BE34467A
S21401C620D3E702B0BDE8F087C0BC0400BCBC040080
S21401C630B8BC0400004000B8006000B8005000B864
S21401C64028580020F86D0020F06D00200F4A136F67
S21401C65013F0A00F15D1506F10F0040013D10C4B3E
S21401C660D3F8D83E23F07F4323F0FF035BB1D368B2
S21401C670C3F30362092A07D0B2F10C0018BF0120E8
S21401C6807047002070470120704700BF000002B8C5
S21401C690001000B070B50D46064620B91A4B1B684F
S21401C6A0A3B10E2011E001F091F9012829D1174B11
S21401C6B093F90040C4F11C04641BC4F11C03002B55
S21401C6C0B8BF5B42232B0CDD212070BD81EAE173EC
S21401C6D0A3EBE173DBB2232BF6D80C4B19700020C9
S21401C6E0F3E786F8285022F004FE094AE402D369EB
S21401C6F004F4FF2423F4FF231C43D46122F0F4FD49
S21401C700EDE70220E1E700BF28580020526700202D
S21401C71000C000B818B9034B93F90000704790F9B0
S21401C720280070475267002010B504461DF0DEFF52
S21401C73010B1012001F0D4F92046FFF75BFE22F08C
S21401C740D8FD0A4A0121D2F8A030044623F020037E
S21401C750C2F8A0300222064B08469A60054B5B6879
S21401C7609847204622F0C0FD002010BD001E00B0F4
S21401C770001002B8F06D0020064B5A6A920207D4E8
S21401C780D3F8803013F4706F14BF01200020704777
S21401C79001207047004001B8F8B50E46D0F8943035
S21401C7A002EA010423EA01032343C0F89430464A0F
S21401C7B001F00B0323EA0401D1642340A2F5805261
S21401C7C0D3647207054610D50121FFF7D5FF60B186
S21401C7D004F0D0FA4FF4007314F0040F14BF3B4A70
S21401C7E03B4A536204223B4B1A67F30606D514F004
S21401C7F0100F14BF00221B22374B5A6537061DD572
S21401C800200616D54FF40012304B1A62012203F5AA
S21401C8108053C3F8002122F06CFD0E210746032049
S21401C82003F09EF840F201222B4B3846DA6222F0E2
S21401C8305BFD214605F1F80003F04AF9F10503D541
S21401C840E2052AD503F05CF8B30503D5A70527D57D
S21401C85003F062F816F48C6F1DD014F4806224D0B5
S21401C86095F82530DC070CD5EA8DB5F82A319342C8
S21401C87019D0B5F82C31981A43424341174A82F829
S21401C880C430D5F8E41028461DF06BFD8022144B09
S21401C890D864144B1A610020F8BD03F02BF8D3E7D7
S21401C8A003F034F8D6E70123E8E77105E9D595F8F2
S21401C8B02530DB07E5D5094B114683F8C4200A4B22
S21401C8C028461B689847DCE7006000B8005001B8AE
S21401C8D0006001B8002002B8004000B8001E00B099
S21401C8E0001F00B0000002B83C570020014B18683A
S21401C8F0704700BF2857002037B522F0FAFC002405
S21401C90001230022CDE900340023054619461046CE
S21401C91003F0C2FF022002F0E7FA064B21461C6034
S21401C920054B02205B689847284622F0DDFC20462E
S21401C93003B030BD30570020F06D00202DE9FF41D7
S21401C94002290D4616469846039004D1FFF7D4FFF8
S21401C95004B0BDE8F08122F0CCFC1E4F04463B68D3
S21401C9603BB1B34205D022F0BFFC002321203B603F
S21401C970EEE7194B0022C3F800803E600023012633
S21401C9804FF0000810461946CDE9006603F084FF13
S21401C990124B022083F8008002F0A6FA43462A468C
S21401C9A0022003A902F0BEFA0D4B039A1A6008B9D9
S21401C9B02046D8E70B4D2B689847212804D02046FF
S21401C9C022F092FC0020C3E731466B6802209847AC
S21401C9D0F5E700BF305700202C5700205467002091
S21401C9E028570020F06D0020044B5B6E5B054EBFA0
S21401C9F00120034B187800F00100704700C001B811
S21401CA00546700200A78022A11D0101F4242424180
S21401CA1052004B781201022B0BD0191F4B424B418F
S21401CA205B000549054842EA8312FFF713BD012260
S21401CA30EFE70123F5E700BFF0FFFF0015DA01007D
S21401CA400B78022B10D0181F434243415B004A78F3
S21401CA50022A0BD0111F4A424A4152000F210448B4
S21401CA6043EA8202FFF7F6BC0123F0E70122F5E76D
S21401CA7041DA01002DE9F8430E780446042E0D46EE
S21401CA8090F830810BD100275FFA87F9484601F00C
S21401CA907DFD08B14E4602E00137042FF4D1304641
S21401CAA001F074FD002849D094F83031B34209D121
S21401CAB0AA88D4F8A8309A4204D16A88B4F83231E8
S21401CAC09A4238D084F83061AB883046A4F83431C5
S21401CAD06B88A4F83231AB8804F59875C4F8A83091
S21401CAE0FF2384F82B301DF0F6FE84F82A00284632
S21401CAF001F078FC18BB284601F03EFDF8B9D4F8E1
S21401CB00E03053B194F83011414506D02046B3F9D0
S21401CB101220EEF7E5F884F83901204601F09AFE76
S21401CB200949A4F834010123084AD1F8FC1004F19C
S21401CB30F80003F0AFFC0020BDE8F88321200C23A9
S21401CB4084F83031F8E700BF001F00B0581F00B06E
S21401CB50F8B5054690F830010C460C28164623D049
S21401CB60FF2923D01AB14FF0FF32114B1A601DF086
S21401CB70B2FE074695F8300101F068FD844228BFF1
S21401CB800446E4B2BC4238BF3C46E0B285F82B000E
S21401CB9001F002FEFF280CBF2124002416B9284606
S21401CBA001F068FD2046F8BD0224FBE72124F9E7E1
S21401CBB0006E002010B590F8303104460C2B43D09F
S21401CBC0D0F8E03080F82A10D3B3D0F8F020CAB9F4
S21401CBD090F839318B421BD300222046FFF7B8FF6D
S21401CBE040BB1A4B1B78022B23D8204601F032FE9D
S21401CBF017490123174AD1F8FC1004F1F80003F095
S21401CC0049FC16E0B0F94220B3F912309A42E3DD4E
S21401CC100022204694F83911FFF79AFF50B9C4F85C
S21401CC20E00020461DF0A0FA4FF6FF739842014639
S21401CC3001D1002010BD2046BDE81040FFF7C2B864
S21401CC40FF2380F82B30F4E70220F3E7C6700020BC
S21401CC50001F00B0581F00B0F0B51D46144B044627
S21401CC601B780F46164685B05BB1D0F8E030E3B1CD
S21401CC7002AAB3F912300092002218F0C7FE05B0DE
S21401CC80F0BD02A91DF0F6FA9DF808103A462046B6
S21401CC90EEF726F8014626B92A462046FFF758FF42
S21401CCA0EDE72046FFF786FFE9E71846E7E700BF0E
S21401CCB086940400D0F89C30012B01D100207047E7
S21401CCC070B5044665498CB01DF03AFED4F8E060B4
S21401CCD00146E58DC4F8E40026B1336813B15B68FC
S21401CCE0002B71D122F005FB22F0FEFA0123D4F8C5
S21401CCF0E4108DF80630B389D6E90120EB1A9BB211
S21401CD0000FB03225648ADF80430036800928B42BC
S21401CD1007D020461DF025FB80225249524BC8649D
S21401CD201A61514D00F052FE0128FBD1AB689E06F8
S21401CD30F8D420469DF80620009906AB03F0E6F8E5
S21401CD4000283ED100F042FE0128FBD1464A136F6F
S21401CD50D801FCD493689906F9D4684606A903F06D
S21401CD608DFA054668BBE28D404B5A6494F8243030
S21401CD7060F3410384F8243000F0EEFFD4F8E0308D
S21401CD805969431E0E68DBB2FD2B029622D9F31CAD
S21401CD9034D84B68FF2803935ED10126DA1C25D8C8
S21401CDA0024602A920461DF0F4FCE6B9D4F8543137
S21401CDB099053FD494F8243043F0020384F82430D4
S21401CDC011E002200CB070BD1A68032A8AD99B6A4A
S21401CDD05B0E8EE74B6801280393DED002462046A1
S21401CDE002A91DF0D6FC00200CB070BD0133204B0B
S21401CDF05B6816D0DA1C23D80393D1E71C4B0136A7
S21401CE001B6818BF0126DD1C06D802934B68FF2855
S21401CE100393C3D00020C3E7FF284B6819D00393C0
S21401CE20C3E7DD1C0FD80246204602A903931DF076
S21401CE30B0FCBBE720464FF480311DF032FED2E74E
S21401CE40FF28B2D1E6E7FF28B0D10022204602A98A
S21401CE50EDE701200393A1E72A46C0E7FC1F00B0D7
S21401CE6018570020001F00B0000002B8008001B86B
S21401CE70086E002010B50C4619B11DF037FC00B144
S21401CE800434204602F0B8FA024B4042C3F8C80EFA
S21401CE90002010BD001000B0838E70B593420C4682
S21401CEA015461CD3836C8B4208BF002422F021FA5E
S21401CEB04FF49C530B490646CA68C2F30362D3403B
S21401CEC0DA0702D50B6F9B0304D4012229462046BC
S21401CED001F016F8304622F007FA002070BD212036
S21401CEE0FCE700BF000002B82DE9F84F06461546DC
S21401CEF00B4611B92120BDE8F88F002AFAD0032984
S21401CF0005D8002201F05EF903460028F2D01C88FD
S21401CF109978B4F5804F01F0070080F0C580A0F144
S21401CF20070C1A7993F805A0DF88DCF1000343EBC0
S21401CF300C0305282B7394BF0023C1F30013C1F320
S21401CF40801C6B738B0985F810C003F00203C1F3D4
S21401CF50C00C43EA0C03C1F340116B74A974AF8291
S21401CF60002A40F0828096F81E31013BDBB2EB745A
S21401CF70D6F89430DF0600F18380063801287FD882
S21401CF80B6F81280F76908F1FF38484B083C04EA06
S21401CF9008045B6D3B5D0134802B0EBF6FF07F0391
S21401CFA0323B5BB2AB730023AB6096F8279004EA82
S21401CFB00804B9F1000F61D1631D03EA08035A1C86
S21401CFC002EA0802BA5CFB5C43EA0223D9040FFAC0
S21401CFD083FB4CD5D6F8E43013B11B68022B05D879
S21401CFE041F24D724C210020FEF74EFFD6F8E420A8
S21401CFF0CBF30B0392F82420DB000AB1B3FBF2F368
S21401D0009A4508D83BB1CAEB0A2ABAFBF3FA6FEA8B
S21401D0100A0A5FFA8AF9D6F8EC3023B1484695F940
S21401D0200E1098478146631C85F80F9003EA0803A3
S21401D030F95C013303EA0803FA5C013303EA0803E7
S21401D04041EA0221FA5C013303EA0803F85C41EA8B
S21401D0500241002341EA00616A7C304603F0D8FAB7
S21401D06006232860AB71002045E7531E7EE717F8BC
S21401D07004904FEA49095FFA89F9CCE79946D2E765
S21401D08000230020EB730A4B5A69C2F307231204EC
S21401D09048BF63F0FF035AB212F1800F1CBF323B48
S21401D0A05AB2AA730346DCE7022024E7004000B820
S21401D0B000C000B838B5148811F003054FEAC4045F
S21401D0C022D13F2C20D9B4FA84F4C4F11903DBB27F
S21401D0D0052B01D8192C15D0052B28BF05230124B3
S21401D0E00633DBB29C40C4F3CF0313800382816115
S21401D0F0448700F02DFF054A631E2343C2F8A4307F
S21401D100284638BD2B46EAE72125F9E7001E00B080
S21401D11011F5004F1FBF01F30E01044BC1F30E01C1
S21401D120002014BF99642120704700BF008001B819
S21401D130F8B504460E4619B990F824305A063FD47D
S21401D1404FF6FF73618ED4F8E470994204D0314BE8
S21401D1501B680BB1204698472F4D2B68BB424DD01C
S21401D1602E4B1B683BB11FB13A68002A48D0BF68F6
S21401D1703946204698470727204601F06BFB002ECC
S21401D18032D006270126264B94F9282093F9003041
S21401D1902449C3F11C039B1ACA69DB0222F4FF224D
S21401D1A003F4FF231343CB61D4F8E4301E4A2B600B
S21401D1B01E4B976720461E701DF0DCFA0020F8BD56
S21401D1C04FF6FF71144DD0F8E4702A6866F38613A3
S21401D1D09742418680F8243017D0104B1B68002BED
S21401D1E0C1D101F037FB072711493B46114AD1F857
S21401D1F0FC1004F1F80003F04DF9C2E70127BBE784
S21401D2001746204639469847B5E701F023FB012724
S21401D210EAE700BF245700201857002020570020B7
S21401D2205267002000C000B8006000B853670020B5
S21401D230001F00B0581F00B0054A12681AB190F8D6
S21401D2401E1119B91047084602F0AABB01487047DB
S21401D2501457002000FEFFFF344B2DE9F7431C68EE
S21401D26001F4007900F00103174653EA0902064665
S21401D2700D4635D04FF000083BB3002300220021B5
S21401D2800120CDE9008803F007FB042001F02CFE05
S21401D29041462046FFF7D0FF012241462086104630
S21401D2A01CF014FFD4F8941004F1F80002F010FCFE
S21401D2B01F490868FFF7C0F84FF0FF330B6094F87A
S21401D2C0243043F0040384F82430B9F1000F07D06A
S21401D2D0012120461DF0E5FB25F4007506430D43AC
S21401D2E02B4632462046FFF709F9FB070FD51149B1
S21401D2F0114A086800211368116001210F4A117054
S21401D30003B198470E4B002102205B68984717F03F
S21401D3100E0F08D04FF409723B21002003B0BDE880
S21401D320F043FEF7B1BD03B0BDE8F08328580020F6
S21401D330F86D00202C57002030570020546700203D
S21401D340F06D002008B5482200210248FDF72CFFA9
S21401D350002008BDDC1E00B073B578216422A0F859
S21401D360141182210C23C0E94112C0E94322C0F8FE
S21401D370002107224FF0FF35002680F830314FF6A6
S21401D380FF730446C28700F14C0282641E4AC385BD
S21401D390A0F8403080F82C3043864263038780F83B
S21401D3A02860C0F8A850458580F8265003F03EFC5A
S21401D3B02046FFF7C7FF94F928102046FFF76AF9C1
S21401D3C0602340F6FF71114A2046D36402F11C42E5
S21401D3D0D162D1650E4A2946D36440220D4B1A67A5
S21401D3E0D4F89420FFF7D8F90E230022CDE90033B4
S21401D3F040F202231046194603F04EFA01F0E2F815
S21401D400304602B070BD00BF4000FFFF004000B8CC
S21401D410005000B8002002B810B50C46FFF792FF86
S21401D420BCB1A378082B16D8E278082A13D843EAA9
S21401D430021313F0FF030CBF19466168074AC2F8CE
S21401D440DC10217882F82011617882F8233182F885
S21401D4502111002010BD2120FCE700BF001E00B0F6
S21401D460012A10B512D8032B10D803EB8202012330
S21401D470074C934094F82201DBB221B1034300200C
S21401D48084F8223110BD20EA0303F8E72120F9E7EA
S21401D490001E00B0034670B50C68B0F834210134A4
S21401D4A008BFD3F800418D6808BF0C604C68F8309F
S21401D4B0013404BFD3F80C414C606E1C3CD1D3F848
S21401D4C00841CE688C60751C3CD1D3F804510E69B6
S21401D4D0CD60013604BFD3F8F8600E614E6901369F
S21401D4E004BFD3F8FC604E618E69013604BFD3F8E1
S21401D4F010618E618E695EB35A32B24238BF3246CF
S21401D5000E688A6116B15A2E38BF5A26C3F80841EA
S21401D5104C68C3E94065C3E943420A69C3F8F82089
S21401D5204A690C49C3F8FC20D1F8FC1007230A4AC3
S21401D53002F0B0FF002070BD02F15A04AC4238BFC1
S21401D5402C46BEE702F17805B54238BF3546BEE740
S21401D5506422D5E7001F00B0581F00B070B521F057
S21401D560C8FE04460B4E00F031FA012805D02046CD
S21401D57021F0BAFE0225284670BDF36813F0706FDD
S21401D580C3F30365EFD1B36ADB06ECD5204621F081
S21401D590ABFEF0E7000002B838B521F0AAFE4FF660
S21401D5A0FF710A4A13888B4203D121F09DFE0E209B
S21401D5B038BD074C074D1B046566A4F580546366A9
S21401D5C0118021F091FE0020F2E700BFC470002018
S21401D5D0006001B80000FFFF2DE9F74304460F463F
S21401D5E015461E46FFF732F830B3A38A23B320460A
S21401D5F01CF082FE78B9002E40F0F280794BD3F809
S21401D600D83E03F03002102A00F0EA8003F0C0038F
S21401D610402B00F0E580DFF80082D8F81430D907F7
S21401D62040F1DE8021F065FE0646032001F058FD3C
S21401D63030B1304621F058FE022003B0BDE8F08339
S21401D640D8F8142012F00608F3D1304621F04CFE2B
S21401D650644B4FF400612046D3F8D89ED3F8AC6EE5
S21401D66004F0BEF940B14FF4007201215E4B08464A
S21401D6701A6742461CF02AFD94F82530DA0707D5CA
S21401D680D4F894305B0542BF4FF40022574B1A671B
S21401D69039462046FEF796FB524BC3F8D89EC3F890
S21401D6A0AC6E0028C9D194F82430980601D4002D18
S21401D6B057D0C5F3400003F023FB022315F4807F07
S21401D6C01BBF0021494A484A136717BF484A1367D8
S21401D6D05161136303F04EFB4FF4806315F0040FA2
S21401D6E014BF444A444A15F0400F53624FF00402F7
S21401D6F03D4B28461A674FF0400314BF3F4A404A45
S21401D700C2F88830FEF7C8FE20461CF01FFF38B16D
S21401D7104FF4807315F0010F14BF344A324A136771
S21401D720A90647D54FF6FF72B4F8403093420FD0A2
S21401D730344A3549526E100CC2F301120132B3FB62
S21401D740F2F308802B4A2C4930481B04486653667E
S21401D750003D18BF012594F8243065F3451384F87D
S21401D760243020461CF0C2FFF0B120461CF0EEFE2D
S21401D770D0B14FF40031204604F032F9431C0322A5
S21401D7809BB2234801A91DF069F89DF8042002F018
S21401D7900703052B9DF8053015D112070DD443F468
S21401D7A080731C4AC2F8B830002003B0BDE8F043CD
S21401D7B01DF061B8FFF7F0FECAE713F0040F09D1B8
S21401D7C09DF80630EBE703F03002202A05D113F06E
S21401D7D0010FF4E74FF48073E3E79DF80630E0E7C6
S21401D7E00E202AE7001000B0002002B8001002B890
S21401D7F000400054005001B8006001B800D000B8E5
S21401D80000E000B8004001B8C47000200000FFFF2F
S21401D81008400054001E00B000C001B82DE9F341D5
S21401D8200646884615461F4621F063FD044603203A
S21401D83001F056FC38B1204621F056FD0E24204654
S21401D84002B0BDE8F081042001F04AFC0028F2D1C4
S21401D850204621F049FD01232A4641463046FFF77E
S21401D860BBFE04460028EAD1DFF8C8805FB388F81B
S21401D870000039463046FEF735FD00284CD198F8B1
S21401D8800030012B1CD02022244B1A67244BDB6C62
S21401D890B3F5817F1FD201201DF02EF821F029FD5E
S21401D8A0204B06461B680193CBB901F093FC15F09B
S21401D8B0800526D101F0E0FC284603F0F5F925E0C5
S21401D8C003F008FABBE798F80030012BF8D0002BDC
S21401D8D0D9D12124B3E78022134B1A61DBE7042058
S21401D8E001F002FB00230122042001A901F01AFB2A
S21401D8F00028DAD103F056FA2124304621F0F4FC50
S21401D9009DE70022094B9A6701F0B6FC084B0121FE
S21401D9105B6800209847F0E7044690E7001002B8DD
S21401D920001F00B01C570020000002B800C001B85C
S21401D930F06D00205167002008B50C4BD3F84C1150
S21401D9404B1C12D011F080410FD1094B1B6813B14B
S21401D9500320FEF70BFE4FF080624FF40071054B7B
S21401D960DA67054AD16201225A6108BD0080E00FDC
S21401D97028580020001002B8004000B84FF40022DA
S21401D980034B186F03F500531A67C0F3C040704786
S21401D990000002B8024B586900F00100704700BF52
S21401D9A000C001B8084B5A69D10707D508B901F07C
S21401D9B077BA5B69DA0706D401F064BA5B69DB07FC
S21401D9C001D40028F8D1704700C001B80F4BDB68BE
S21401D9D0C3F30363013B0B2B0FD8DFE803F0060606
S21401D9E00C06060606080A080808022070470420E6
S21401D9F070470520704703207047054B5B6913F09D
S21401DA00060F0CBF01200420704700BF000002B8BB
S21401DA1000C001B8094AD368C3F303630B2B08D0CF
S21401DA206FF49050184100F0010080F001004000B2
S21401DA307047106F10F48030EDD17047000002B8C7
S21401DA400C4AD368C3F30363062B07D8042BD8B25A
S21401DA500BD8C31E5842584140007047072B06D1C9
S21401DA60D2F830010028ECD1704702207047002020
S21401DA70704700BF000002B8094BDB68C3F30363BD
S21401DA809A1E012A8CBF00220122012B02701EBFA2
S21401DA904FF4026222FA03F303F001030B7070479E
S21401DAA0000002B8094AD368C3F30363032B01D00D
S21401DAB0072B08D1536FDB0605D4906F80F0080062
S21401DAC0C0F3C00070470020704700BF000002B8D6
S21401DAD0024B002219681CF0EABD00BF24BD0400F9
S21401DAE0024B1B6803B11847704700BF4857002018
S21401DAF0024B1B6803B11847704700BF445700200C
S21401DB0010B5FF224FF6FF7104461CF0F2FD68B90E
S21401DB10FF224FF6FF7120461CF0FCFD30B920466F
S21401DB20BDE81040FF2202491CF006BE10BD00BF32
S21401DB30C8BC04002DE9F0411C46184B05461E687A
S21401DB400F46904646B1306801F01CFEF3681BB1E3
S21401DB50B368186801F016FE114B1B682BB1DA6822
S21401DB601AB19B68186801F00DFE9DF8183064071D
S21401DB7044EA08425B0503F0BC6342EAC7621A4303
S21401DB802846084942F4C87203F016FF00222846C8
S21401DB901146FFF781F90020BDE8F08120BD0400A1
S21401DBA024BD04009007E12D08B5FFF77BFF88B17F
S21401DBB0094BDA6912030DD5186F10F4003009D13C
S21401DBC09B6F13F0100F4FF010030CBF034A044A6B
S21401DBD0936708BD0220FCE7000002B8001002B8F7
S21401DBE0002002B838B50446F8B1124AD3691B03BF
S21401DBF01DD5556F104BC5F38115032DB3F8B43001
S21401DC000DD10822083B9BB221460C481CF026FE8B
S21401DC100020084B25729B6F1B0A637238BD022DCC
S21401DC2005D1023B2A469BB2EEE72120F6E7022009
S21401DC30F4E700BF000002B8001E00B038400054F0
S21401DC40431EDBB2FD2B14D9FF280B6801D14A68AD
S21401DC50134313F0802F1EBF42F20102074BC3F895
S21401DC60282251F82020054BC3F85022C3F854222D
S21401DC7070470128F5D10023E9E700BF004001B84D
S21401DC80F0B585B06D460E460F4B074614460FCBD2
S21401DC9085E80F000D4BD3F848020090D3F84C22CC
S21401DCA001923EB1631EDBB2FD2B0AD93060FF2C18
S21401DCB000D172602246294638461CF06AFD05B03E
S21401DCC0F0BD012CF4E700BFD0BC04000080E00FDB
S21401DCD0F0B585B06E460D4B07460D460FCB86E870
S21401DCE00F0000F039F831460446024638461CF06B
S21401DCF0C9FE4DB140B9FF2C1BBF04AB03EB840436
S21401DD00009B54F8103C2B6005B0F0BDD0BC04005D
S21401DD1030B50C4B0546187085B0082380B90A4A01
S21401DD20C2F8FC3351B96C46084B0FCB84E80F00A0
S21401DD30074B2A4621461868FFF7A2FF05B030BDFB
S21401DD40044AEDE742710020001002B8E0BC04006E
S21401DD5028580020002002B8014B1878704700BFF1
S21401DD6042710020124BD3F8E020D2031ED54FF4A7
S21401DD7080321049C1F8E020A1F58051C1F8EC20AD
S21401DD801A6CD1B2C2F30722C3F88010C3F8802000
S21401DD900422C3F880200022C3F88020C3F8802024
S21401DDA0C3F88020C3F88020C3F88020704700BFE6
S21401DDB00040005400600054F0220A4B01219A648E
S21401DDC0A022A3F580539A64074B826CC3F8C01057
S21401DDD0FC21C3F89810C3F89C204FF40052C3F8F6
S21401DDE0BC207047006000B800400054F8B50D46EE
S21401DDF01746064621F07DFA01230421084C094AFC
S21401DE002363A760E6602561C2F8E010064AC2F8FF
S21401DE10843121F069FA0DB102232363F8BD00BFF6
S21401DE20004000540060005400E100E00222024B72
S21401DE3058611A63704700BF004000540122044B2A
S21401DE401A6640F6FF729963D863DA65704700BFB9
S21401DE50004000542DE9F04F042A05460B4683B0D6
S21401DE6039D901260978141F81615A7803F104090A
S21401DE7082619A788261DB7883610368D0F808B0A2
S21401DE8003F0070306339E4006F1FF3A0AEA0B0841
S21401DE904768A6EB0802944247F000570ED8494659
S21401DEA0224607EB0800FDF70FFB46EA0A0604EBDD
S21401DEB00B023240AA6003B0BDE8F08F494607EB7B
S21401DEC008000192FDF700FB019A384609EB0201B2
S21401DED0A21B4244E7E7013A032AECD8DFE802F046
S21401DEE00B08050213F8012B826113F8012BAA61B6
S21401DEF013F8012BAA611B78AB6103B0BDE8F08F64
S21401DF0038B50C46154601460F4B60B101220F4845
S21401DF10C3F8C0202246FFF79DFF1DB104220A4B1D
S21401DF20C3F8C02038BD64B1D3F8A420A24284BF90
S21401DF300122C3F8C0200222C3F8A040C3F8C020C3
S21401DF40EBE70122FAE700BF004000549840005476
S21401DF5038B5044621F0CDF901211A4A638F0546EA
S21401DF6011663BB3B3FA83F3C3F11903DBB2A069BD
S21401DF70C2F8901093660723D066C2F88C304FF42F
S21401DF80A02302F50052C2F8E030A2F58052C2F892
S21401DF90EC3000220C4B1A600C4B1B6F5B0209D550
S21401DFA04FF480020A4B04F1F8001A67D4F8941073
S21401DFB001F08EFD4FF4E0232846E363BDE83840C8
S21401DFC021F092B9004000544C570020000002B8DE
S21401DFD0002002B82DE9F84305460C46B1B1D0F849
S21401DFE01880478F21F085F9B5F83CC0791E01EA03
S21401DFF00C0323F00702032C0646DFF8F8E0424440
S21401E0005CD1DEF8004024B921F06EF90E20BDE89F
S21401E010F88324F00104DEF8000020F00100A0429D
S21401E02051D10023CEF80030238894426FEA43434F
S21401E0306FEA534323803CD1EB8F08EB0709184660
S21401E040083880B202F108044C4528BF4446082827
S21401E05004D9B4F800E0BEF5804F3ED263440F43C6
S21401E0601B1A3B409BB2AB87E887118894781C4A01
S21401E070C1F30C0151645367C2F88C004FF480223F
S21401E080184B04F00704C3F8E0200122164BC3F82E
S21401E0908421FFF767FE042C0BD14FF48002134B4B
S21401E0A005F1F8001B6F124B1A67D5F8941001F0B2
S21401E0B00FFD304621F018F90020A8E7601E012860
S21401E0C098BF1446A7E7E88F4344E31A48BFDB1915
S21401E0D008389842A8DC304696E72246B0E700BFEB
S21401E0E0004000540060005400E100E0000002B867
S21401E0F0002002B84C570020144B10B51968CA8F7F
S21401E1008B8F488F13440138073B8C69034023F0FB
S21401E11007031C4402F108030D4A9BB2CB87C2F8E1
S21401E1208C304FF480220B4BC3F8E02001220A4BBF
S21401E130C3F88421A07800F00700042803D1074A19
S21401E140D3681B03FCD4064B1C6010BD2858002066
S21401E150004000540060005400E100E0000002B8F6
S21401E1604C57002010B5064C216839B1CB0703D4B3
S21401E170044B1868FFF72EFF0023236010BD00BF75
S21401E1804C570020285800204FF480320B4B0C4986
S21401E190C3F8EC20A3F50053C1F8E020D3F88810AB
S21401E1A09A6E012302F0070206329340C1F30C0176
S21401E1B0083B994201D8FFF7D5BD7047006000546F
S21401E1C0005000542DE9F04780460C4616468769F4
S21401E1D0458F21F08EF8B8F83C2005F1FF3C02EAA5
S21401E1E00C0323F00701032C82463944B8F83E009D
S21401E1F019D1494C24689CB90244073A02EA0C0238
S21401E20022F00702BC183B44E31A48BF5B1983425D
S21401E21010DB504621F068F800242046BDE8F08760
S21401E22024F00104EFE7012C02D0022CEBD10838D0
S21401E2300C46E8E7002E3DD08C423FD1374AD2F853
S21401E24044903649B8F81270D1F88820C2F30C020F
S21401E250934247DA2588B5F5804FDAD2A378C5F31D
S21401E2600C0503F007037A1EA5EB09053A43052BB7
S21401E270337005EA02052DD82DB2E84340F241423B
S21401E2800421C00FFDF700FE7580E3783374D8F8DB
S21401E2901C207B1E03EA0903D118B160A9B213FA48
S21401E2A085F5AF422FBF0023FF1AB780F26024BF67
S21401E2B0B180F360504621F017F8AEE7A4F10802EA
S21401E2C0974284BFED0802EBC502B2F80090C9F38D
S21401E2D00C09B6E7124B5B6D003B18BF0123A5EB9B
S21401E2E0C305C9E70B6C7A1EA3EB09033A431A4030
S21401E2F00C4915B2002DCB680BDCC3F30363D81EA3
S21401E30043424341DB0033708B6F72801B0A3374C8
S21401E310BDE70823F7E700BF4C5700200040005434
S21401E320004000B8000002B8054BA822D3F84C0103
S21401E3303121431C0CBF0120C0F38070FDF7A4BD42
S21401E3400080E00F38B5094D0446286840F697026C
S21401E350003818BF01202B21FDF796FDFA235C43F8
S21401E3602B680A20B4FBF3F4604338BD80570020C5
S21401E370174B30B51A68431C164B22D0B2F1407FBA
S21401E3801FD3154D00F03F04D5F8002122F03F02BF
S21401E3901443C3F8C84001F03F042243C3F8D02019
S21401E3A0D5F804310D4A1A400D4B03EA500003EA32
S21401E3B0510110431143074BC3F8CC00C3F8D410E6
S21401E3C030BD00200146C3F8C800C3F8D000F2E70C
S21401E3D00080E00F001F00B0000002B81FF087E1C8
S21401E3E0E0FFFF7F73B5574E0446317819B91C22FA
S21401E3F05548FCF7D9FE2378544A6188137051803A
S21401E4004FF0FC62524CFF21C4F8FC204FF47F020F
S21401E410C4F808214F4A022B4F4D117033D1042303
S21401E42007224E49C4F8FC23C5F8FC33C4F8001192
S21401E4304FF4C071C5F80011C4F8FC234FF48052A4
S21401E440C5F8FC33C5F870214FF40052C4F87021AA
S21401E450C4F808314FF4FF13C4F8FC304FF4BB1373
S21401E460C5F8FC308023C4F8703148F2C8023C4B32
S21401E470C3F8D8203B4B3C4A0020C3F8C02F0123E9
S21401E480337002B070BD394A012BC4F80021384BF5
S21401E49027D14FF4C072C5F80021D3F83802D3F85B
S21401E4A03C12FFF765FF0723C4F8FC330223C5F8C7
S21401E4B0FC334FF48053C5F870314FF40053C4F861
S21401E4C070310423C4F808310DEB0300ECF740FB70
S21401E4D09DF80530023B012B9CBF8023C5F87031A7
S21401E4E0C3E7244AC5F80021D3F83002D3F8341222
S21401E4F0FFF73EFF0723C4F8FC330123C5F8FC33BE
S21401E5008023C4F870314FF4805301A8C4F87031E9
S21401E510ECF71EFB9DF80530012B05D19DF8043064
S21401E52053B948F25D1309E0FBD9023B012B9CBFAE
S21401E5304FF40053C5F8703148F25813084AC2F830
S21401E540D83097E755670020C41F00B0C67000207A
S21401E550002002B846710020001002B8C0F10F007A
S21401E560001F00B0001000B054570020C0F70F0085
S21401E5700080E00FC0F60F00034B1A6802609B880C
S21401E58083800020704700BFC670002010B5044687
S21401E59001F026F80A4BD3F8F83724B983F40023A0
S21401E5A0C3F3C04010BD012C05D113F4C02F0CBF1E
S21401E5B001200020F6E7A31E58425841F2E700BFAB
S21401E5C0000002B86FF07F42154BD3F8FC37934238
S21401E5D008D0144A03F03F031370F123124A137054
S21401E5E0124A13701249134B09781A68A9B1B2F18D
S21401E5F0A06F12D3D3F850120F4A104BB1F1FF3F60
S21401E60018BF13460E4A136041F66A020D4B1B688B
S21401E610B3FBF2F30C4A13607047084BF2E700BFF6
S21401E620000002B84771002048710020497100209F
S21401E630457100200080E00F5082E00F04BD040009
S21401E640505700209C57002080570020012807D0F3
S21401E650022802D030B100207047034B187870476B
S21401E660024BFBE7024BF9E7477100204871002097
S21401E670497100200023F0B590F8304185B002467C
S21401E6802046CDE90133CDF80B30FFF7DFFF92F8D6
S21401E6902B30411EC9B28B4228BF0B46002C3CD002
S21401E6A0012C38D1042418464FF00F0C384E0DEBD0
S21401E6B00405B0FBFCF7F75D013CC01BC0B281420C
S21401E6C038BF00206055002CF3D105240F278DF8A4
S21401E6D00830B3FBF7F0305C0344DBB28B4228BF53
S21401E6E00B462B5501340B2CF3D10F2602F1A80053
S21401E6F0D43215F8013BB3FBF6F14C1CC1EB01110A
S21401E7005B1A0133DBB2E4B21B0443EA045340F85C
S21401E710043F8242EDD105B0F0BD042418464FF007
S21401E7200F0C1C4F0DEB0406B0FBFCF5EDB27D5D46
S21401E730013C401BC0B2814238BF0020A055002CCE
S21401E740F2D105240F258DF80830B3FBF5F0385CBF
S21401E7500344DBB28B4228BF0B46335501340B2CE6
S21401E760F3D10F2502F1A804D43216F8013BB3FB0E
S21401E770F5F1481CC1EB01115B1A0133DBB2C0B2E3
S21401E7801B0443EA005344F8043FA242EDD1C2E71A
S21401E790FDBC0400F0BC040038B5284B05461A78C9
S21401E7A027490C2A02D1FF20087038BD10461CF0FC
S21401E7B092F804461046FFF749FFA84228BF2846AC
S21401E7C0C0B2A04238BF20460B78C0B28342ECD01C
S21401E7D0087088B1431EDBB2022A1A490ED14FF0E7
S21401E7E0FC62C1F8FC20A1F50051D1F8FC2042EAF8
S21401E7F04353C1F8FC30D8E70346EDE7124A134C01
S21401E8001268AC32C4F8C02F4FF47F02C1F8082159
S21401E8100F49CA6FD202C8D40F22B3FBF2F2551CBD
S21401E820C2EB02129B1A0133D1F808411B0443EADA
S21401E83005532343C1F80831B7E700BFC67000206F
S21401E84046710020002002B828580020001000B0B1
S21401E850000002B82DE9F04F90F830510646D0F886
S21401E860A82087B035BB1F2A38BF1F22093A4C247F
S21401E870844B85481B6A96F82B10C3F38213DC4041
S21401E8800368DFF82CA29342DFF828827F4B04F05E
S21401E890010414D11F78A74211D19AF80070AF4233
S21401E8A00DD17B4F3F788F4209D1B8F8040007B0ED
S21401E8B0BDE8F08F032A38BF0322023AD7E7026089
S21401E8C098F800001C70FFF7C1FEFF2924D12846E6
S21401E8D01CF001F807466F493CB3D6F8E4702FB137
S21401E8E03B68082B40F2CB8097F838701DBB0B684D
S21401E8F040F27121B3FBF1F353431922B3FBF2F358
S21401E90039462A4605A805931BF0BBFF02023C04C4
S21401E910059842F0110988E0471E8F4228BF0F462E
S21401E920012F38BF0127FFB2D5E7012D29D0022DCF
S21401E93001D0B5B327460B6840F27121B3FBF1F362
S21401E94053431922B3FBF2F33946012207EB07249E
S21401E95005A8059307EB04241BF093FF7F00032F04
S21401E96038BF0327020242EA001242EA0009033FC7
S21401E97000F01F0007FA00F0FFF7E4FC00F5FA6765
S21401E98058E00F23B7FBF3F3581CC3EB0313FB1A32
S21401E9900133DBB2C0B21B0443EA0053C3F307479B
S21401E9A0C9E70C6840F27121B4FBF1F40F2354431C
S21401E9B01922B7FBF3F3B4FBF2F43748374A006881
S21401E9C0A2FB0412013350FA83F313F8013C0392BD
S21401E9D0A3F140012A4603A801931BF052FF039FAF
S21401E9E02F4AE41BA2FB041200903021049204A8D3
S21401E9F02A461BF046FFDDF810B08146A4EB0B0457
S21401EA0001220594102144F2100405A81BF039FFD9
S21401EA10009B1A02019B42EA091244EA0344059B41
S21401EA2042EA000907EB0B001844FFF78BFC00F5E0
S21401EA300C57283740F6FF711A4B3846C3F8C010FA
S21401EA40A3F58053C3F8C090A3F58053C3F8C44020
S21401EA50154C276001F0B0FC4FF47A72134B40421C
S21401EA60986523680A49B3FBF2F3A8F8043096F8D0
S21401EA702B30B7FBF2F08AF800500B7017E700272F
S21401EA8034E700BF004001B8006E00205667002042
S21401EA90437100209C5700205057002069C2F5683A
S21401EAA0911E856B006001B884570020001F00B0DE
S21401EAB044710020C6700020014B1870704700BFDB
S21401EAC04571002010B5044603F012F878B1174BD3
S21401EAD01B786BB964B1164B1B784BB1154B1B7881
S21401EAE0013B012B04D84FF40042134BDA6710BDEB
S21401EAF0124BDB6F1B04FAD420F0FBFB4FF40042F1
S21401EB000F4B0446DA67A3F5A0435B682BB1FEF70B
S21401EB1041FF10B102201BF0EFFE0222094B2046F6
S21401EB20BDE81040C3F8842420F0DEBB5767002000
S21401EB305867002088570020002002B8000002B85D
S21401EB40001002B800D003500122024B00201A70B8
S21401EB50FFF7B8BF576700200022024B01201A704A
S21401EB60FFF7B0BF57670020F7B50646504C00F0D8
S21401EB7037FD504B2578504F1E7085BB2846FFF752
S21401EB80A1FF2378013B012B19D8E37B01A88DF85F
S21401EB900430237C8DF80530E9F7FAF9C7F8845478
S21401EBA04FF6FF72454BC3F88420F822A3F5805335
S21401EBB0C3F884200022404BC3F884240DE04FF6AE
S21401EBC0FF723E4BC7F88454C3F88420F822A3F59D
S21401EBD08053C3F88420C7F88454394B5BE0002087
S21401EBE0FFF770FF2378013B012B08D8E37B01A8D0
S21401EBF08DF80430237C8DF80530E9F7C9F9002338
S21401EC00C7F88434002ECBD062685AB32D4B1B68EC
S21401EC1003EB5203B3FBF2F3013B1B0243F0F80391
S21401EC2026782649022E284A1ED0032E4FF6FF7557
S21401EC30214826D0012E34D143F00203C1F8845076
S21401EC40C2F884300723C0F88434E37B01A88DF82A
S21401EC500430237C8DF80530E9F76EF90120FFF7C3
S21401EC6031FF17E0F823DBE74FF6FF7043F00103AF
S21401EC70C1F88400C2F8843006220F4BC3F88424FE
S21401EC80E3E743F00503C1F88450C2F88430042357
S21401EC90C0F884340D4B4FF080420020DA6703B091
S21401ECA0F0BDC1F88450C2F884300023F0E700BFFD
S21401ECB0885700205867002000C00350006000B845
S21401ECC0002002B89C570020005000B8001002B87F
S21401ECD0F0B5294F06463D4604460FCE0FC53368AC
S21401ECE085B02B6000F07CFC0022244BC3F8842402
S21401ECF0A17A627A42EA0142C3F89024217CE27B3F
S21401ED0042EA0142C3F88C24217B627B41EA02403D
S21401ED10C3F888043B78032B2AD8DFE803F02202E5
S21401ED200C178DF8041004218DF805200DEB010059
S21401ED300022E9F7CDF8E37B00228DF80830237C2A
S21401ED40042102A88DF80930E9F7C2F8637A012296
S21401ED508DF80C30A37A042103A88DF80D30E9F75D
S21401ED60B7F8074B187805B0BDE8F040FFF7FCBED2
S21401ED70212005B0F0BD00BF8857002000C0035019
S21401ED8058670020034BDB6F002BBCBF024BC3F858
S21401ED9088007047000002B8004000B82DE9F0472F
S21401EDA01BF00EFE4FF47A762D4BB0FBF6F618608C
S21401EDB04FF4FA73734307462A48190E1B021818B4
S21401EDC0294A4FF0000341F10001FBF781FE274B72
S21401EDD0A0F5807205461A6320B948222B21FDF75B
S21401EDE053F801254FF47A724FF0000A6A435346EE
S21401EDF050083102FBF76CFE1C4B1D4AB7F57A7FB3
S21401EE009A601C4B4FEA056819601B4B89460446FD
S21401EE1018604FEA152505D29B222B215046FDF797
S21401EE2033F801264FF47A73A8FB030103FB05119F
S21401EE307308C01841F1000100233246FBF748FE73
S21401EE400E4B023419600E4B49F10009A4081860F4
S21401EE5044EA8974054B013C9C63BDE8F08700BF1A
S21401EE609C57002020A1070040420F0000C001B8B7
S21401EE7002110100AC570020A8570020A45700201B
S21401EE80A05700201022044BC3F884215A600122A7
S21401EE90024BDA60704700BF00E100E000C001B835
S21401EEA01022064BC3F88421C3F88420BFF34F8F8A
S21401EEB0BFF36F8F0422024BDA60704700E100E077
S21401EEC000C001B810B50446A242A2EB0000A3EBB5
S21401EED0010104D2034B01399B6B0133184401F045
S21401EEE0030110BD00C001B838B501250A4B020167
S21401EEF09D504FF480730446084A8340536620F0C1
S21401EF00F8F9074AA540137823EA05031370BDE80C
S21401EF10384020F0E9B900BF00E101B800E001B8CF
S21401EF20616700202DE9F84F164605468A461F46BA
S21401EF3020F0DFF9022E00F09080804620F0E6F9FE
S21401EF40594B5A4AD3F82090147D5A6EE4B25207B0
S21401EF5044BFD3F82090013404F0030420F0D1F923
S21401EF604846214600F036FA8446DAF80000012EBB
S21401EF7004BF01306044ACEB000C08BFCAF80000C7
S21401EF80BCF1804F7DD300F037FA8145A1EB040137
S21401EF9088BF454BDFF834C188BF01F1FF3101F06E
S21401EFA0030188BF9B6BA0EB090E0CF80510A1B1FD
S21401EFB0F90742BF41F61F723D4B5A67BA0742BF77
S21401EFC03B4B3C4A5A677B0742BF0022364B9A6747
S21401EFD03C0742BF0022344B9A6511244FF0010AC8
S21401EFE0314B05F11002120103EB051BCBF80C01A6
S21401EFF031499C501A6A0AFA05F4586E0B78A2EB4E
S21401F0000902E4B2234372450B7025D34FF4807393
S21401F010AB40034220D11CF80520002A40D10EB394
S21401F020264AF807536607D541F61F7140F20110CC
S21401F0301F4B596750675967B90706D51C4B1D4AC0
S21401F0401E491F485A6748675A677A0742BF012216
S21401F0501C4B1A613B071AD4404620F045F90120A3
S21401F060BDE8F88F184A2D0142F805A042F89C3CED
S21401F07020F03FF910490B7823EA04030B7020F0C7
S21401F08033F9404620F030F90020BDE8F88F212002
S21401F090FFF778FE4FF48032034B4046DA60DCE738
S21401F0A0064A40465366D8E700C001B80C5800200F
S21401F0B000E001B800001F1F6167002000D001B802
S21401F0C000000101000002B800E101B85967002004
S21401F0D0024B1878003818BF01207047616700207E
S21401F0E0034B10300001185800F00100704700BFB4
S21401F0F000C001B870B50646FEF74CFC044608B1E0
S21401F100FFF7CEFE0023084D3046AB61EB612B6264
S21401F11000F072F9054BC9B2197528620CB1FFF7F8
S21401F120B1FE002070BD00BF00C001B80C58002021
S21401F1302DE9F0419DF818800D46B8F1000F08BF83
S21401F1400022214EB5F5803FB168074621F47001D3
S21401F15041F4A001B1609DF820409DF81C104FEAD3
S21401F160042444EA016444EA031444EA084444EAF1
S21401F17002044FF0180140F2E9222CBF00200120C2
S21401F1807465FCF781FE3564B8F1000F1AD00F4B99
S21401F190BC68D3F888305A2C38BF5A245B0606D58B
S21401F1A000F0F0FB18B10A4BB3FBF0F31C44204609
S21401F1B000F022F90130854238BF0022024B34BFED
S21401F1C05A645864BDE8F08100C001B800C000B8B8
S21401F1D000093D00214B10B51A6E1A66596C59B1DB
S21401F1E01F49C96800292EDB596D4FF0FF3301F026
S21401F1F00F018B409A4326D110242020FFF7C2FD31
S21401F200184B9C6002F088FB2022174BC3F8842120
S21401F21001F0F4FC48B1002200200821FEF71CF89A
S21401F220124B5C66A3F580531C670D4AD36803F046
S21401F2307063B3F1807FF9D9084B0D4A5A6741F2E2
S21401F24001429A6710BD01F0D9FC0028F4D0094BA1
S21401F250064A5366A2F580521367EDE700C001B86F
S21401F260000002B8001002B800E100E000E001B8BA
S21401F270011B01181000002008B52120FFF782FDB0
S21401F2804FF48032014BDA6008BD00BF00C001B800
S21401F290F8B5184D04462B6A1B0426D500F0E6FB8C
S21401F2A02B6AA0FB044613F0787F4FEA9367C3F3FB
S21401F2B04450C3F3044505D140F25A422B21FCF7D2
S21401F2C0E3FD0120AD01B5FBF0F010EB871005D191
S21401F2D040F25F422B21FCF7D7FD012002460023B6
S21401F2E020463146FBF7F4FBF8BD00F04BFBA0FBD4
S21401F2F00401F9E700C000B80246012030B50B4C06
S21401F300A0F12003C0F1200524FA05F504FA03F361
S21401F3102B4304FA00F595428B4100D330BD0F28EC
S21401F32001D00130ECE7FF20F8E700BF40420F00B4
S21401F33010B50C46FFF7ACFFC30943EA4163C01A98
S21401F34061EBD111FFF7D8FFFF2814D00F220C4B29
S21401F35040F01000C3F88820A3F58053C3F8880056
S21401F360A3F580531B6ADBB2802B06D02046BDE88E
S21401F370104000F067BB212010BD0220FCE700BF53
S21401F38000E000B838B51FF0C1FF084B084A1D6AF7
S21401F390147D5A6EE4B2520744BF1D6A01341FF051
S21401F3A0B0FF284604F0030138BD00BF00C001B815
S21401F3B00C5800200346064A103302EB00111B01CD
S21401F3C0D1F80C01D158C1F340011BF0A0BA00BF1F
S21401F3D000C001B8064B1B68434303EB8171054B24
S21401F3E01B68A3FB003013F1004341EB000070479C
S21401F3F0A4570020A05700200C4A20F040430146A5
S21401F40010B5002014684FF00042E4FB0320084AC0
S21401F410890F126802FB0300064B9B6B984204D9C6
S21401F42001330131C01A01F0030110BDA8570020B5
S21401F430AC57002000C001B8044B01F0F071103049
S21401F44041F0030100011950704700BF00C001B828
S21401F45008B52220FFF796FC4FF48022014BDA60B4
S21401F46008BD00BF00C001B808B5064B4FF03040DC
S21401F4701A6805499200FCF727F8BDE8084001F034
S21401F480E3B800BF40BD040044BD040070B50C687D
S21401F490651C15D0C4F302669E42C4F3074530D1FD
S21401F4A0A4B294422DD804EB8506B24229D2141B8D
S21401F4B0A50824F003040E59340F04D0012C08D0FB
S21401F4C00022212402E06B1C51F82320C0E900240D
S21401F4D070BD0E4C34F8133042EA03431A686B1CB5
S21401F4E051F8234001EB83014B6822405E4036F021
S21401F4F0704404D11B0F032B04BF8B681A430024EE
S21401F500E4E7013501EB8501C1E700BF18BD040042
S21401F51007B501A8EBF71CFB4822164B5A65164A9D
S21401F520D2F8D43023F4FC33C2F8D430134B1B6822
S21401F5309DF80530023B012B19D84022104BC3F829
S21401F540FC23104BD3F85C32DBB2FF2B00D1062331
S21401F550094A1B03D2F8FC139BB20B43C2F8FC33D7
S21401F560D2F83021084B1A6003B05DF804FB00F0B6
S21401F570E7FEECE7008001B8000002B8002000B00A
S21401F580001002B80080E00F4057002000224FF420
S21401F59000710F4B10B51A675A679A670D4AD16208
S21401F5A0012102F5E8325161DA6812F0706FFBD181
S21401F5B04FF0304201245A6602F5FC5208329C662E
S21401F5C0DA64054B1B689847044B5C6110BD00BFAD
S21401F5D0000002B8004000B8046E0020002002B807
S21401F5E001230F4A0F49C2F880328A6A22F00202CA
S21401F5F08A620D4A53600D4A53600D4A5360A2F564
S21401F60080425360A2F54042536002F5C032536017
S21401F61002F580425360A2F500425360704700BF76
S21401F6200080005000C0005000D000B800500054C8
S21401F630005001B808B5FFF7D3FF0E4B0E4ADA6744
S21401F64000F076FEFFF764FF03220C4BC3F8E020C0
S21401F650012203F54043DA674FF460725A614FF4B2
S21401F6600072DA67FEF778FBBDE808400021FEF776
S21401F6704FBB00BF000002B80048F000005001B8C0
S21401F6802DE9F04F054687B002900F4657F8044B18
S21401F690631C06D1029B2C60E81A801007B0BDE8F7
S21401F6A0F08F5FEA147B18BF0123344AC4F301616B
S21401F6B008BFC4F3074332F81120A4B24FEAC30AC5
S21401F6C02F4844EA02440AF104022A4482421BD229
S21401F6D00722CA4002F0010201929A0004EB83035A
S21401F6E003930123B94603FA0BF808F0940305F1D6
S21401F6F0080604920593039B09F10409A34208D165
S21401F700049955443944C0E71D4A9542E0D8002083
S21401F710C4E7059B53B918F0420F19D118F0280F0A
S21401F7200BD146F8084C59F8042C21E04FF420621E
S21401F73032210020FCF7A8FBF3E740F60422322131
S21401F7400198FCF7A1FB04F5805246F8082CEAE77D
S21401F75040F60D2232210198FCF796FB04F5005283
S21401F760BBF1010F46F8082CDDD159F8042CD24321
S21401F77046F8042C04340836BDE700BF18BD040063
S21401F780003000B0F8B50546F0B10026154B3446FA
S21401F7901F46154953F8042BBAB9A00000F13040B2
S21401F7A0294600F50150FFF76BFF30B940F6AE323F
S21401F7B03621BDE8F840FCF767BB0C4B0134044426
S21401F7C047F8265023F81640F8BDAA42FCD0013669
S21401F7D00C2E02D031F81640DCE740F6C83236214E
S21401F7E00020E6E7B0570020F65F0020F85F002013
S21401F7F070B50446A8B1C1B1384A52F8043B9842E4
S21401F80015D1002336498A689206FCD49B00354AF6
S21401F81003F1304303F50153C2F8B0302022324BD6
S21401F8209A6070BD01330C2B02D1304D12E00123DA
S21401F83052F8041BA142F5D12D4A32F81330E1E704
S21401F84004D16268C3E90012083403E0012A01D139
S21401F850043419602268531CE3D0C2F3016335F8FF
S21401F8601300110C93B211F0FE0F43EA00436068D7
S21401F8700DD00434CAB2022A2168E1D9D4E9016064
S21401F880033AC3E9001698600C340C33F3E7120F01
S21401F890072AD9D8DFE802F00704090D1013181D4E
S21401F8A0C04303F500531860CEE71A6842401A6059
S21401F8B0CAE703F58053F6E71BF01EF8C4E70122FA
S21401F8C003F580538240F2E7012203F5005382409C
S21401F8D0EDE71A6830EA0202FBD1B5E7B05700201F
S21401F8E0000002B8001E00B0001002B818BD0400E7
S21401F8F0F65F00200122014BDA677047001002B85C
S21401F9000122014BDA677047002002B84022014B02
S21401F910DA677047002002B84022014BDA67704769
S21401F920001002B80B4B1B68D3F8E43023B11A68F9
S21401F930022A01D9186A7047074B9A6D90B238B1FE
S21401F940064BC2F307421B68DB085343B3FBF0F0D8
S21401F950704700BF28580020004001B89C5700207F
S21401F960064BDB68C3F30363984206D1044AD36BA4
S21401F97023F0F00343EA0111D1637047000002B897
S21401F980001F00B0054B1B68D3F8E43013B11A68AA
S21401F9900A2A01D8FFF7C6BF186C704728580020FE
S21401F9A02DE9F74306461AF0A0FF00248046DFF84B
S21401F9B090901FF09EFC0DF1070105460DF1060023
S21401F9C0FEF75AF89DF806308BB9721C29D01AF04A
S21401F9D08CFFA0EB080428461FF086FC9DF8063035
S21401F9E013B99DF807303BB3A642E2D824E0D9F814
S21401F9F00C3013F4603FE8D0D9F810001AF0E2FF9B
S21401FA00731C074603D01AF070FFA0EB08042846C3
S21401FA101FF06AFC17F5007FE0D0384603B0BDE85A
S21401FA20F08328461FF060FC9DF80630002BC0D1FD
S21401FA309DF80730002BBCD1004FEEE700FEFFFF1C
S21401FA4000C000B810F1800F04D04D28CEBF7F2033
S21401FA50323040B2FF22044BC0B21A62A3F5805383
S21401FA6018620020704700BF00E000B80B4A10B5CE
S21401FA70136E0B4C116E03F00703E35CC1F3CD016B
S21401FA8001FB0333126E0748C2F3454202FB033300
S21401FA9000688001B0FBF3F010BD00BF004001B864
S21401FAA010BD04009C570020084910B5D1F89C30C1
S21401FAB040B11C46CA68D1F89C309C42F9D1C2F3C9
S21401FAC00362027003F00F0010BD00BF000002B811
S21401FAD0094B01F080011B6F03F480030B4309D12E
S21401FAE04FF40012054B1A62837F1BB10122044BAF
S21401FAF0C3F80021704700BF000002B8006001B8DB
S21401FB00005001B82DE9F04F404F804685B0386867
S21401FB100C461AF0F1FB20B90024204605B0BDE8DA
S21401FB20F08F224600214046FBF73EFB384B5D69CD
S21401FB3015F00105F0D1FCF701F806460028EBD0D8
S21401FB403F6838461AF010FB4FF6FF73984234D0E0
S21401FB504FF060512F4E304B304AD3F82090D6F8F4
S21401FB608C3011624FF00061A2F58052116224229E
S21401FB700421C6F88C202A4A4FF4804B91604FF43A
S21401FB8080520027DFF8A4A0CAF868B0F262A74244
S21401FB901ED30421234A9160A2F5F032C2F88C30BC
S21401FBA04FF060521D4B1A6209EA02031E4A1362A5
S21401FBB04FF480421D4B9A66AFE7314638461AF03D
S21401FBC077FA01463846FCF7FDF80028C0D0A3E7CF
S21401FBD0B26E5104FCD5B268D205F9D5CAF868B040
S21401FBE0D6F890200135012D0392D0D9E21B042AC4
S21401FBF0A8BF042208EB070003A901930092FBF7B4
S21401FC0063FC009A019B3A4497B2C0E7285800204B
S21401FC10000002B8004000B8004001B8006001B81A
S21401FC20001002B8002002B8005001B8006000B809
S21401FC304FF604014FF60502044B01201B6C9BB2E4
S21401FC408B4208BF1346024A136670470080E00FD6
S21401FC5000C001B82DE9F74F81460F464FF0FF353A
S21401FC60FFF790FB002601908A462C463046DFF8C7
S21401FC70D8B006F110031B015BF8033003F003084C
S21401FC80B8F1010F15D13046FFF794FB02460B463B
S21401FC9001985146FFF716F9DBF8643006F10802C1
S21401FCA0D340DB0739D5002F40D000252C463E60D7
S21401FCB040460136082EDCD160B3234A0027D2F82D
S21401FCC008C0916B0CF440330131A4FB0141641967
S21401FCD041F10001B3F5003F30D1536B0CF4405CA9
S21401FCE0013347F10006BCF5805F22D1156B15F58F
S21401FCF0807505FB06F647F1000203FB0266A5FBCD
S21401FD0003323244594304FB0212A3FB0434144465
S21401FD10C9E9003403B0BDE8F08FA84271EB0403D3
S21401FD20C6D207B13E6005460C46C1E73D463C4695
S21401FD30BEE7320242EA13621B02E3E7136B13F5D6
S21401FD40807347F10002DDE700C001B808B51AF07C
S21401FD504DFE044B5A7C012302329340024A536102
S21401FD6008BD00BF0C580020002000582DE9F341C3
S21401FD7005460F4668461146FFF76CFF0646B0B1CA
S21401FD80AFB1DDE900321B0A43EA0263A5FB038437
S21401FD90094B120A05FB02441A6812B91AF010FE42
S21401FDA00246002340462146FAF792FE3860304666
S21401FDB002B0BDE8F08100BF9C57002037B504466D
S21401FDC0FFF70EFCE17822791B4841EA0243C0F8AE
S21401FDD0CC34E579A37943EA0543C0F8D0342378D7
S21401FDE04BB18DF8041004218DF805200DEB0100B0
S21401FDF00022E8F76DF863785BB10421A37900224D
S21401FE008DF80430E3790DEB01008DF80530E8F745
S21401FE105FF8227801235AB1084AC2F8C8346278DA
S21401FE2002233AB1054A0020C2F8C83403B030BDF7
S21401FE30034AF2E7024AF6E700C0035000D0035037
S21401FE4000E0035070B52C4B0C461A7812B92B4AB9
S21401FE50926D1A702A4AD26F52054AD51D78294BDF
S21401FE6005F00F06B0FBF3F040434FEA151505D138
S21401FE7040F27C622B21FCF707F80120224A0A2176
S21401FE807243B2FBF0F34843B3FBF1F602EB5002C8
S21401FE90B2FBF0F201FB1633042BD2B207D8C3EB48
S21401FEA08310C3EB80035BB283B96DB217E0C3F175
S21401FEB00B0303EB8303DBB2B3FBF1F32B44DDB29D
S21401FEC00F2DF2D9013AD2B2053DEEE7053B5BB202
S21401FED093FBF1F31D44EBB26DB2002D04DB002061
S21401FEE042EA0512226070BD01320533D2B25DB21C
S21401FEF0F5E70220F7E700BF62670020008001B83F
S21401FF00000002B8403B2500809698004FF0000C98
S21401FF102DE9F84FA2FB017BC84EDFF85CE3BE1962
S21401FF2099466BF10003B6457CEB030308D240F219
S21401FF303E220E216046FBF7A7FF0220BDE8F88FA0
S21401FF40D0F8E4A00C461546BAF1000F04D0DAF852
S21401FF500030032B00F21B81B94BBA4A9B6BD2F8D7
S21401FF60FCA0C3F31408B84BD3F8EC305E00B64BD4
S21401FF7048BF48F400181B6E48EA456858074EBF4C
S21401FF804FF440039B0503F0E07348EA03081DF0B5
S21401FF9089FA012D0646D0D10028CED0AB4B984227
S21401FFA000F0048103F5122303F5F863984200F08C
S21401FFB00381A74B984200F02F81002502462B466D
S21401FFC000204FF00071FAF783FD2B46013007FB46
S21401FFD003F3C8F3130100FB0B33A1FB0662A7FB77
S21401FFE0007001FB0522034420339B09C9F8003049
S21401FFF0F60C984B46EA423618F4801F1C6008BF80
S2140200007642954B954DC9F8144034441E602C60D8
S214020010BAF1000F00F0B98000239149C8F381526B
S2140200208A5C194618F0807F18BF6408002EB8BF95
S214020030764292066008C2FB06012246FAF748FD9F
S214020040DAF800300E2B08D97F4B7D4A926BD969BD
S214020050D3F80C31C90600F1D68018F4001814BF84
S214020060C42240F207127F49C0F31300A1FB0461C9
S2140200704FEA511102FB01F1C9F80400DAF8180040
S2140200804FF4FA73B1FBF0F118BF4FF0000801FB12
S21402009003F3A4FB0262FA33A3FB003004FB08223C
S2140200A0B342904138BF0131C9B241F4006CC9F87D
S2140200B008C000297ED0DAF81C00A1FB003624B165
S2140200C0B4FA84F20E2A40F38880E203002E77D137
S2140200D0B2FBF3F2530003FB0113A3FB00764FEAD5
S2140200E0044EBE454FEA144474EB060609D34E008E
S2140200F03344A0FB0371BE4574EB010102F1010219
S214020100F6D2C2F30E024CEA023C4CF00063C9F887
S21402011008301DF0C7F92B68002B00F08880B3FA70
S21402012083F4D4F102044CBF1C4623FA04F44E4B6B
S2140201309C4288BF6408002846D0B4FBF0F36421D2
S21402014000FB134201FB02F2904244D85A1E5208A8
S2140201505B08013B120242EA0313C9F80C301DF099
S2140201606DF900285CD0B4FBF0F2642100FB124467
S21402017001FB04F4A0425ED8531E5B085208013A03
S2140201801B0243EA0213C9F810300020D6E6042BFD
S214020190DAF828807FF4FBAE18F0807F0CBF08F0F8
S2140201A0E0734FF4400328F0E078EEE600232F4891
S2140201B01D460CE72120C1E600232D481D4606E712
S2140201C00B46002289E7044640F2C2422B21002059
S2140201D0FBF75AFE2346013BB8E7C2F10F0702F1CE
S2140201E0110E06FA0EFEFB4043EA0E03A7F1200E9E
S2140201F026FA0EFE43EA0E03FE40013304FA02F22A
S21402020046F1000662E702F4801203F400131A4372
S21402021008BFC0F5801020E7002316481D46D6E624
S21402022040F2E5422B21FBF72FFE621EA4E70028D0
S214020230C9D01C46CFE71446F7E700BF006CCA8851
S214020240008001B8001F00B0004001B800F049026B
S214020250005A6202E8570020E4570020E0570020C8
S21402026028BD0400D34D62103FBE40250A3BB2DFD4
S214020270313641DCD694BFD6807C814A10B50B4617
S214020280044686B039B98279016821486B4600680F
S214020290FFF73CFE6B461F4A196851631E4AD2F8A6
S2140202A0FC2062B35A6842B11C4A1D49C2F80C11BE
S2140202B05968A2F58052C2F80C119A6842B1174AE0
S2140202C01849C2F8EC109968A2F58052C2F8EC10F0
S2140202D01549D868D1F8642122F4EE620243C1F8C7
S2140202E06421D1F85C21186922F4EE620243C1F857
S2140202F05C21A1F5FF4158692839FFF7A3FD0020CC
S214020300A2880A4B9A6203F5A033186406B010BDA1
S21402031028580020008001B8001F00B0006001B815
S214020320FFFF0F00FFF8FF0F000002B8004000B802
S2140203304FF48062014BDA67704700BF001002B8C4
S2140203404FF48062034BDA67034B1B780BB1034A08
S21402035093657047002002B862670020008001B8EB
S21402036040B10368012B05D90069034B002808BF7A
S214020370184670470048704730BD040010B590B16B
S2140203800468012C0FD902696AB11168094B102C56
S214020390196051685960916888BFD268996094BFA5
S2140203A0D960DA6010BD102200210248FAF7FCFE7E
S2140203B0F8E700BFF0570020084BC1171A68A2FBE7
S2140203C0000302FB013310F1807043F10003400E7C
S2140203D040EAC310803820EAE070704700580020D8
S2140203E00722164B70B5DA66154B164A1D68164B71
S2140203F0EC08E005C0184FEA153141F10001002370
S214020400FAF766FB114B124E18604EF66020FFF7A5
S214020410D3FF4042C6F884000E48FEF7EDFF0246C0
S21402042058B1E301500818184FEA15714FF000034F
S21402043041F10001FAF74CFBF06570BD000002B80E
S2140204409C57002065CD1D00B2E60E000058002025
S214020450001F00B040420F0010B5044698B10B4B87
S214020460D3F8FC00FFF78AFF4FF47A7303FB04F01D
S214020470074BA0F6AC50DA689B681044C01ABDE879
S2140204801040FFF799BF4EF66020F8E7001F00B055
S214020490F05700202DE9F8430546084614461E4646
S2140204A0FFF76CFF0DB306F0020716F004061ED126
S2140204B0DFB14FF47A706B685843002B40F08C80A3
S2140204C0FFF77AFF60626B69002B00F08C804B4A64
S2140204D0D0684FF47A7202FB0300A0F5035010387E
S2140204E0FFF76AFF2062002E57D1BDE8F88328691D
S2140204F0002868D04FF47A735843404BA0F6AC50AD
S2140205009B68C01AFFF758FFE061A88B00285DD0F1
S2140205104FF47A735843394BA0F6AC509B68C01A16
S214020520FFF74AFF2061364BE968D3F800800029BE
S2140205304FD04FF47A735943304BA1F6AC519A68B8
S2140205405B68891AC91A2F4BC8171A68DFF8BC905D
S214020550A2FB011302FB003311F1807143F1000389
S214020560490E41EAC3118039274B6161DB6EA361F4
S214020570D9F8003053B140461AF0B8F830B12246E6
S214020580D9F800301D49D8F8D80098470021A86944
S214020590FFF762FFA062002F8BD1A86830BB47F23C
S2140205A03050FFF709FFA0604FF47A702B6858436B
S2140205B02BB1124B1B6803F51C5310331844FFF77C
S2140205C0FBFEE06091E74EF660209BE74EF6602069
S2140205D0A6E74EF66021B6E7084B1B6803F51C53E8
S2140205E0103318446CE747F2305079E74FF47A73C9
S2140205F05843A0F503501038D3E700BFF057002049
S2140206002858002000580020001F00B0EC57002099
S21402061038B5054608461C461AF08AF90246D5F849
S214020620E400FFF79DFE4368A018002B044AA8BF0B
S2140206304FF4FA721A44034B92FBF3F2104438BD9D
S2140206400CFEFFFF18FCFFFF70B5124C88B001AD20
S2140206500FCC0FC594E8070085E807008C2200211E
S2140206600D48FAF7A1FDD42200210C48FAF79CFDAA
S2140206700B4B0C4A5A6301F04DFA0B4B1B783BB1FD
S214020680044E01AD0FCD0FC695E8070084E80700BB
S21402069008B070BDC41F00B0A01E00B02C1F00B072
S2140206A0001F00B0101111115567002008B51EF08A
S2140206B020FE0E4B1A78A2B90D4A126812F4843F35
S2140206C00FD10C4A1021D1671B7863B9084B1B68FF
S2140206D0DB0508D4074B2022DA67BDE808401EF087
S2140206E003BE054AEEE7044BF5E700BF6867002045
S2140206F048160020002002B8001002B80A4B1978EB
S21402070001F0FF0229B10021197008499202C1F8CE
S214020710B420597801F0FF0229B1002159709302E2
S214020720024AC2F8B830704763670020005000B82B
S214020730064BD3F8D80E064B5B6F1A0103D4054B53
S2140207409B6E1B0401D500F580707047001000B048
S214020750000002B8004000B810B51EF0CAFD0E2117
S21402076004460320FFF7FCF840F20122034B204622
S214020770BDE81040DA621EF0B7BD00BF004000B808
S21402078008B51EF0B6FD4FF00042224BC3F880209B
S214020790BFF34F8FBFF36F8F0122C3F88420BFF3DE
S2140207A04F8FBFF36F8F0222C3F88420BFF34F8FA1
S2140207B0BFF36F8F0422C3F88420BFF34F8FBFF3BB
S2140207C06F8F0822C3F88420BFF34F8FBFF36F8F5B
S2140207D01022C3F88420BFF34F8FBFF36F8F2022FF
S2140207E0C3F88420BFF34F8FBFF36F8F4022C3F846
S2140207F08420BFF34F8FBFF36F8F4FF48072C3F81E
S2140208008420BFF34F8FBFF36F8FBDE808401EF002
S2140208106BBD00BF00E100E008B51EF06AFD4FF0B8
S2140208200042094B1A6001225A6004225A600822CA
S2140208305A6010225A6020225A6040225A60BDE84E
S21402084008401EF051BD00BF00E100E0012370B574
S214020850074C2370074B1E68074B3240D3E9005300
S21402086019402840FCF7F8FC0023237070BD00BF37
S2140208706667002008580020481600200022044B15
S2140208801A70044B197811B11A70FFF70FBF704730
S21402089067670020686700202DE9F047DDF820A092
S2140208A003EA0108099B06460C4602EA000703EA29
S2140208B00A09BAF1000F40F04E81031F0B4300F005
S2140208C00E81052871F1000380F0E48050EA0103EE
S2140208D000F06081431E0B4300F02481FFF750FFB7
S2140208E0AD4AD2E9005323EA040325EA06053D434E
S2140208F043EA0807A94BC2E900571E68DFF8F482EC
S21402090026EA0A0646EA09061E60FFF7CFFE15F03B
S2140209102A4F14BF48F202034FF40043A04AB0071E
S214020920D26EA04848BF43F4005383EA020122EA8B
S2140209300302C2669C4A0B408166D366C5F38042B8
S2140209401203290348BF42F48072EB0648BF42F402
S2140209500052964BAC0648BF42F400726806D3F8C3
S2140209600C3248BF42F48062290648BF42F4006255
S2140209708F4882EA030123EA0203C0F80C328D4B49
S2140209800A40C7F34024A404C0F80812C3F80C2295
S214020990EA0448BF44F48034AB0348BF44F48014EE
S2140209A0A80748BF44F4800415F4001F06D0D8F800
S2140209B000001AF0F1F808B944F40024E90248BF2E
S2140209C044F40034FA0648BF44F4000473077A4B32
S2140209D048BF44F004041A6A44F4001484EA02038A
S2140209E023F0010375491A400A621C40CB61744B1E
S2140209F016F0010F1C62734B734A18BF1A46734BEC
S214020A007C071B6F48BF42F00062714882EA03010E
S214020A1023EA020303676F4B0A4041661A676E4A6F
S214020A2005F00103516CA0F5803081EA030221EA49
S214020A300301416482631A40684B28025A64D8F85C
S214020A40002048BF664B92F8F62058BF654B6907F0
S214020A5048BF43F4806322B115F4C06F18BF43F455
S214020A6080733207604A48BF43F00043D2F8EC1066
S214020A705E4883EA010222F4A0221140C0F8EC107C
S214020A801340C0F8E0205A4ABDE8F047C2F8EC30FE
S214020A90FFF7C2BEA0F580630B4306D020F4806346
S214020AA0A3F500730B437FF419AF1EF022FC3A49FC
S214020AB0D1E9003223EA060322EA040242EA0802E5
S214020AC03B43C1E900324B4A126892F8F610474A95
S214020AD009B313F4C06F1ED04FF4807311E01EF0FA
S214020AE008FC2D4AD2E9003123F004033B4341EAD5
S214020AF0080157EA0807C2E900314FF480633B4A0F
S214020B000BD0C2F8E030A2F58052C2F8EC30BDE855
S214020B10F0471EF0E9BB4FF48073C2F8EC30C2F81F
S214020B20E030F4E71EF0E5FB1B4AD2E9003123F081
S214020B3001033B4341EA0801C2E9003101232E4A80
S214020B4057EA08071BBF9363A2F5805253645364A7
S214020B5008BF9363DBE750EA01037FF4BFAEBAF146
S214020B60010F7FF4BBAE1EF0C4FB0C4A136823F0E1
S214020B70010343EA090313604FF48063144AB9F190
S214020B80000F04D05366A2F580521367BFE71367BF
S214020B905366BCE7BDE8F0874816002008580020D8
S214020BA0004000B8006000B8005000B8004001B82D
S214020BB0006001B8005001B8000002B8002002B878
S214020BC0001002B8041C00030418000300C001B899
S214020BD000E001B800D001B800C000B800D000B8EC
S214020BE00D0A0A09090A0A09004000540060005466
S214020BF0005000542858002000E000B8024B586805
S214020C00C0F3C000704700BF48160020024B1868A9
S214020C1000F00100704700BF48160020024B5868DB
S214020C20C0F3C030704700BF4816002010B5044617
S214020C30FEF700FDFFF7A4FD2046FDF7BDF8FEF720
S214020C40A5FCFEF7ABF8FEF71DF9FFF7C9FB134943
S214020C500723134AD1F8FC1004F1F800FFF71AFC38
S214020C604FF080710020FEF7E7FB4FF000720D4B4D
S214020C704FF400110120C3F80021FEF7DDFBFEF75A
S214020C80D7FF20B940F292321421FBF7FDF819F093
S214020C90B6FEBDE810400120FDF766BF001F00B09B
S214020CA0581F00B000D001B88023074A13670823F4
S214020CB040B11367054AD2F8A03023F02003C2F8E9
S214020CC0A0307047024AF4E7001002B8001E00B0D7
S214020CD0002002B810B51EF00CFB012104460020CD
S214020CE0FFF7E2FF044B1961044B5B689847204606
S214020CF0BDE810401EF0F8BA000002B8F06D002001
S214020D00F8B5194C0546207840F2E442B0FA80F075
S214020D103E214009FBF7B8F855B9607840F2E44244
S214020D20BDE8F840B0FA80F03E214009FBF7ACB8C7
S214020D304FF440660D4F0E4DD7F8B43040F2E44201
S214020D40C3F381232370C5F8B46060783E21B0FAFD
S214020D5080F04009FBF798F8D7F8B830C3F3812340
S214020D606370C5F8B860F8BD63670020004000B83D
S214020D70006000B8F8B5084C084D236F0423084FEE
S214020D802B67236F5B0300D4F8BD042602203E6760
S214020D9019F0B2FD2E67F4E7000002B8001002B8A0
S214020DA0002002B8A82238B51A4B1D6F03F500536F
S214020DB01A6710229A60A3F5804302F100521A675E
S214020DC05A66FFF79BFC144B1B7813B90320FEF7F9
S214020DD08BF80024114B9C67FFF7CCFF104A114B8F
S214020DE0D2F8D81E0B40C2F8D83E04220E4B1A6721
S214020DF00E4BAA06C3F8AC4008D503F58073DB6C2D
S214020E00B3F5817F22BF8022024B1A61BDE83840CB
S214020E10FCF7C2BB000002B86567002000C001B83C
S214020E20001000B0DF0000FF002002B8001E00B075
S214020E3010B549B930B3164AD3681B0E13F00E0F1D
S214020E4020D193689A061DD4FFF786FC104C00202A
S214020E50FEF72AFE032801D0092805D1636FDB03BB
S214020E60F5D4E36D0C2BF2D9FFF784FF4FF4007232
S214020E70084BDA62012203F5E8335A61042203F5CD
S214020E8080531A674FF4C062034BDA6210BD00BF8C
S214020E90000002B8004000B8006001B808B503219F
S214020EA00920FEF75DFD2022014B1A6108BD00BF36
S214020EB0000002B838B505461EF01BFA0E4B044673
S214020EC01868FDF745F835B1FFF7D8FC2046BDE8AF
S214020ED038401EF009BA094B1B78002BF6D0084B97
S214020EE01D78002DF2D1FFF7C9FC2A464FF4804048
S214020EF00021FFF7ABFCE9E72858002067670020CF
S214020F00666700202DE9F84F5C4B06460D461446F0
S214020F101B6F002A40F0AE8013F0A00F14BF4FF0F4
S214020F2001094FF00009FCF737FBA0234FF0000A37
S214020F30DFF868810320C8F87030FDF7D5FF04207B
S214020F40FDF7D2FF4E4FFFF799FC4E4B4FF0040BC6
S214020F507B67C7F878A0FFF70DFF4B4B4FF4807105
S214020F60D3F8A020494842F02002C3F8A020FF226E
S214020F70C8F80820414A1161D0F8D82E44491140D9
S214020F80C0F8D81EC8F870B0C3F8ACA07B6913F0DE
S214020F90060F04D0FEF75CFA5846FDF7A5FFB9F136
S214020FA0000F08D04FF400623A4B1A674FF4004223
S214020FB0A3F5E0339A6666B1374BDB6C180701D4AB
S214020FC0FFF7CAFBFFF76AFF0420FDF78DFFFFF766
S214020FD095FB2A4B5A69D10747D5DA6812F0706F2B
S214020FE0FBD12E4B2E4A1A672E4AD36B23F0F00300
S214020FF0D36315B12046FFF75DFF2B4BD3F84C3178
S2140210005A1C01D05B0002D50122244B5A6164B3FC
S214021010214BDA6E03F500539A6603F5D0331B6A4A
S2140210201E4A23F00103D361204BD3F80C1203F5BA
S2140210300053C3F8081203F50053D3F8841003F5DF
S214021040005399671A4BD3F8EC1003F50053C3F814
S214021050E010184B596C03F500539963164903F5D3
S214021060803359664FF6084313670020BDE8F84FF1
S214021070FCF736BD4FF0000955E700BF000002B886
S21402108000C001B800000101001E00B0001000B050
S214021090DF0000FF001002B8004000B8002002B8CF
S2140210A010003000001F00B00080E00F004001B8C2
S2140210B00040005400C000B85000002F9B4B2DE9A2
S2140210C0F04F9F6EDB6E85B01F40994B9F66994B23
S2140210D0D3F8E050D3F8EC301D40974BC3F8E050FD
S2140210E0964BD3F80822D3F80C3202EA0309944B43
S2140210F0C3F8089203F52043DA691B6A02EA03087A
S214021100904B08F47702DA618F4BD3F80422D206AA
S21402111005D4D3F80431C3F30016DB0651D51EF00E
S214021120E8F88A4B5A695E6E1B6F12F0060F06EAE3
S2140211300306874A26F0007314BF4FF0010A4FF0E9
S214021140000A23F400637407536604D5814A137DAC
S2140211500133DBB213751EF0C7F8002F00F0E280F1
S21402116017F4004300F0D3801EF0C3F80146FFF7E1
S214021170DFFA0446784BD3F800B0DBF80020DBF841
S21402118000309A42FBD0DBF800209A42FBD0FFF7F1
S214021190CFFAA04217D108461EF0A6F86F4B1C6085
S2140211A06F4BD3F870B01BF4E0520ED124F07F449C
S2140211B024F0DF040CB9FFF7F5FD4FF0807B002426
S2140211C014E0B246C9E70446D7E70192FFF7EAFD04
S2140211D05C4B019A1BF480541A6740F09A801BF409
S2140211E0806F0CBF4FF0805B4FF0806BB80715D551
S2140211F05B4A5448126F02F460410167002900F00E
S2140212008B80110400F18B8012F4005F0CBF4FF04C
S21402121000524FF0006200244BEA020BC7F340373D
S2140212207F00504A2A40002A4AD015F4206F0AD07E
S21402123040F6A31206210020FAF726FE0020FFF74A
S21402124039FE25F48025EB0506D5FF213D4A4BF4F1
S214021250C06B9160FFF780FA15F0090F0AD040F6CE
S214021260B81208210020FAF70FFEFFF717FE012139
S214021270304A116315F0106F0CD040F6C1120921E6
S2140212800020FAF701FEFFF709FE0022114610467B
S214021290FCF736FE15F4202F0AD040F6C9120721B5
S2140212A00020FAF7F1FD0020FFF704FE25F4802562
S2140212B0E80301D5FCF768FF002DB8BF47F0080722
S2140212C069070DD51B4AD26A12F4005F4FF400522A
S2140212D017BF19492449CA624BF4000B08BFCA62F9
S2140212E06A0548BF4BF0040B15F48023019300F007
S2140212F0A480FCF701FF0138062837D8DFE810F093
S21402130028012B0128012E013101340134019B46AC
S21402131055E74FF0804B52E74FF000727BE74FF0F5
S214021320004278E7BB463C467BE700BF004000B879
S214021330006000B80040005400600054004001B84D
S214021340006001B8002002B800E100E000C001B869
S21402135000E001B80C580020C4BC04000458002069
S214021360000002B8090B0B890050005440F6FA122E
S21402137003210020FAF788FD01218548826ED0F805
S214021380883002F00702063201FA02F2C3F30C0CAE
S214021390A2EB0C0292B2072A12D97E4A126F5302AD
S2140213A00ED47D4B826B806D5B6D5BB102F00702E3
S2140213B006329140C0F30C00091A89B2072901D8F7
S2140213C04BF4007B754A1278002A36D0704AD2F85F
S2140213D0E02012F4A02F30D1714A724912789AB9DD
S2140213E0F20411D40A787AB14FEADB026E4842EA76
S2140213F0447282F00102D0F8D80E02F001025200C6
S21402140020FA02F2930718D10420FDF76DFD674A11
S21402141067485067FFF732FA62490A784AB9654A5E
S214021420127832B1644A654912680BEA02020A422D
S21402143001D14BF4804B26F48056B9F1000F1DD033
S21402144019F4805F18BF4BF4802B19F4807F18BF05
S2140214504BF4002B19F4005F18BF4BF0100B19F475
S214021460007F18BF4BF0200B19F4806F18BF4BF0AB
S214021470400B19F4006F18BF4BF0800BB8F1000F49
S21402148048D018F4001F0AD04D4A13683BB1414AAF
S2140214904C48116F00680022C1F3C061984718F4E7
S2140214A0802F18BF44F4007418F4803F18BF4BF422
S2140214B0805B18F4801F18BF4BF4003B18F4800FB3
S2140214C018BF4BF0020B18F4003F18BF4BF4801BFA
S2140214D018F4000F18BF44F0100418F4002F19D0A7
S2140214E0394AD2F8A02012F0C00F13D02949CA6890
S2140214F0C2F30362032A01D0072A05D14A6FD00637
S21402150002D48A6F120732D54FF400212F4A28F4EC
S2140215100028D161002E00F01B81330540F18F8038
S2140215202B48DFF88890C2782A49002A58D04FF410
S2140215300063013AD2B24B66C27032B9264A1278BA
S214021540C2B140F60141254A51670022002173E0EC
S2140215504BF4803B10E74BF4006B0DE74BF4806BCB
S2140215600AE74BF4807B07E74BF0080B04E74BF4E3
S214021570001BCFE7D9F8782012F4A05F15BF4FF40E
S214021580807240F60142C9F85820C9F87820DCE794
S21402159000400054000002B8004000B8686700200F
S2140215A0676700206A670020001000B000C001B81C
S2140215B0000001016967002048160020088D01001E
S2140215C03C57002028580020001E00B0002002B819
S2140215D05967002000E001B86567002000D001B816
S2140215E00320FDF781FCD9F81420A84B12F0060F51
S2140215F004BF41F61F72A649A64808BF4A674FF4C1
S2140216000061A34A5166D9F8142012F0060208BFF8
S214021610C9F878205A8A12F4006162D022F4006275
S2140216205A82027802F0FF09002A5ED1FDF710FF07
S214021630FFF7B8FB4A4620214BEA020B0C43B000E8
S21402164009D52E20FDF79EFB4FF00051904A44F03C
S214021650080411675166F10606D52B20FDF792FBAA
S21402166010218B4A1167516616F0306F05D1F204CD
S21402167063D5BAF1000F00F0C080330117D52920D8
S214021680FDF780FB844A526C12B11021834A9160A6
S214021690FFF7B4FA48B1824A82487D494A66026731
S2140216A000F54050C068400422D444F0040416F00A
S2140216B0007A28D00420FDF717FC2720FDF762FBEE
S2140216C0FFF770FB4FF00071714A5166764AD2F806
S2140216D0D82E520679D40221704A916044F0020450
S2140216E028E002784FF40052A6E74FF400422DE7B6
S2140216F00A6720204A66FDF745FB2D2044F00C04BD
S214021700FDF740FBD3E716F0807FDFF88C9147D0D9
S2140217100420FDF7E9FB2820FDF734FBD9F87820F2
S214021720002A3AD1FFF73EFB594A5D4944F00104CC
S214021730116751660021584A9165720508D55B49C2
S2140217408A78002A00F0D880013A8A70002217436D
S214021750574AD2F8A020130603D558462146FCF76E
S214021760C7F93A4658462146FFF770F8019B0BB177
S214021770FCF7F8FC01224F4B05F00435C3F8E050A5
S2140217804D4B18F4002FC3F884211EBF4FF40022DD
S214021790424BDA6105B0BDE8F08FC9F878A0C3E71E
S2140217A0F104C7D50420FDF79FFB444AC9F874200C
S2140217B0FDF74EFED9F8642012F0407FBAD12A20F7
S2140217C0FDF7E0FAFFF7EEFA80E7394AD2F8A01002
S2140217D08B0683D402203A4988603A49096891F810
S2140217E02510C8077FF57AAF92F8C420002A3FF486
S2140217F075AF8021344A116170E7344A12680132AB
S21402180002D04BF0010B98E728490A7952B1013A07
S214021810D2B20A7112B9234A2D49516700224BEA05
S214021820020B8AE70420FDF75FFB0320FDF75CFB53
S214021830194A224951671DF05CFD81460DF10F00E1
S214021840FEF732F9234A824612780AB1FEF784FF7F
S214021850BAF1030F0ED1DFF870A00020FEF724F9CC
S214021860032807D1DAF87420D103F6D4DAF85C201C
S2140218700C2AF2D99DF80F20032A2FD10121164AED
S214021880484611701DF030FDC8E700BF0C58002016
S21402189000E001B86567002000C001B8002002B869
S2140218A01000002000D001B8001000B059670020D8
S2140218B0001E00B00060005400E100E000000101DC
S2140218C0001002B828580020000002B8F86D002068
S2140218D00000010D6B67002067670020094AD2F8F6
S2140218E0E02012F4A02FC9D1FEF7C8FF48461DF02B
S2140218F0FBFC4FF4804292E70220FDF7F5FA012244
S21402190025E700BF004000540122024B1A62DA614A
S214021910704700BF002002B80D4B10B5DC691A6A8A
S21402192014400C4A24F47F01D161E20706D5D96837
S2140219304FF0FF30C1F3036119F06BF8630706D569
S214021940BDE81040042200200021FEF77FBF10BD34
S214021950000002B8002002B80C4A08B5936B526C1D
S21402196013400B4A9363DB070FD50A4B40F66342DC
S2140219701878122100F00100FAF786FABDE808404E
S214021980002201200021FEF761BF08BD00C000B89A
S21402199000E000B848160020054AD2F88430DB077B
S2140219A0FBD4936FD2F884201340024A93677047A1
S2140219B0008001B800A001B870B514460D461DF0AF
S2140219C098FC064BD3F8A06074402C407440C3F8D1
S2140219D0A0401DF089FC06EA050070BD001E00B09E
S2140219E0034BD3F8A03099430CBF01200020704768
S2140219F0001E00B02DE9F04117460A43012A1D4693
S214021A009DF818409DF81C60DDF8208029D8B44265
S214021A1027D2082E25D8032B23D8B8F1000F20D0C2
S214021A200A460021FBF71CFDFF21EB009940C94343
S214021A30DFF834C008F1FF38FF00E2B2964202D85F
S214021A400020BDE8F0813D190CEB8505D5F8E020B5
S214021A5018F8010F0A4098401043C5F8E000013418
S214021A60EBE72120EDE700BF001E00B0034B18682D
S214021A70034B002808BF1846704700BF24580020B2
S214021A8014DE04002DE9F843DFF860900646D9F824
S214021A90008008461746B8F1000F03D00E242046F1
S214021AA0BDE8F88306B3336801331DD1E1B1FAF716
S214021AB00DF805460028F1D0C9F80000FAF72CF810
S214021AC0284618F0BAFA044640B14046C9F80080E3
S214021AD0FAF722F8284618F0ABFAE0E73560002F4E
S214021AE0DDD02846B847DAE72124D8E72858002070
S214021AF0024B1868003818BF01207047285800208B
S214021B00002108B5024B08465B689847002008BDCE
S214021B10F06D00200523064AA2F84A3092F84930B2
S214021B2003F0010363F0730382F84930704700BF85
S214021B30001F00B00023F0B585B0CDE90133039352
S214021B40124B134D1B78134E8DF804301DF0DEFB3E
S214021B502A78337804469A420F4F0CD03178386888
S214021B6001AA297018F08AFF50B140F608210B48E6
S214021B701DF0C1FC04E0386818F060FF0128EDD0C3
S214021B8020461DF0BEFB05B0F0BD00BF1B71002055
S214021B90527100205371002044580020BB9204006A
S214021BA0F8B52B4B1B7823B140F6FC3129481DF0C3
S214021BB0A2FC1DF0ABFB284B07461C8814F006045B
S214021BC009D001214FF480701CF054FB3846BDE862
S214021BD0F8401DF096BB21464FF480701CF04AFB7D
S214021BE0204600F0ABFF022808D180221B4B802142
S214021BF0186818F0ECFAFFF79DFFE7E7204600F0BA
S214021C009DFF054638B1012807D040F631411148FC
S214021C101DF071FCDAE70246E8E7FF220F4E104B92
S214021C2030681A70FFF76CFF306818F007FF01285B
S214021C30CCD02A462946306818F002FF21462C20CE
S214021C401CF044FB21460A201CF040FBBEE700BF06
S214021C5071670020BB9204001260002044580020E6
S214021C6052710020002101481DF04AB9706E002012
S214021C707F2837B5044610D14FF6FF730222174865
S214021C800DF10601ADF80630EBF722F9BDF8064075
S214021C90E2054CBF6FF04A0464B21DF037FB104BEE
S214021CA005461C700F4B1B88DB0710D50E4B1B78A6
S214021CB0002B0E4B0CBF21466FF07F01186818F000
S214021CC0ABFA20B140F6786109481DF014FC2846AC
S214021CD003B0BDE830401DF014BB00BF641002C064
S214021CE04A710020126000207267002044580020CB
S214021CF0BB92040010B513F085FE60B113F084FEAB
S214021D000B4A80B141F20D03BDE8104041F20D01CD
S214021D1007481CF001BC074B1A781B799A4204D17B
S214021D2000220023F0E70D23EEE7034AF9E700BF9F
S214021D30400D03001B710020488D0100F8B5164EB9
S214021D400D46337802F0010423B140F2C531134840
S214021D501DF0D1FB124B134F1D60134DA4B1134B54
S214021D60997801B1012120201CF084FA2B783B706F
S214021D700F4B1C780F4B00211C70042333700E4847
S214021D80BDE8F8401DF0BCB8214620201CF072FACF
S214021D902B783B70EEE700BF71670020BB92040011
S214021DA0345800206E6700205471002038580020F6
S214021DB06F67002070670020706E00202DE9F843E0
S214021DC01DF0A4FADFF8A0810546B8F80030614C91
S214021DD013F4807F03D0237873BBFFF7E1FE002164
S214021DE008461CF073FA5C4B1A78FF2A13D01A784E
S214021DF002F0FF0632BBFF221A702378052B0AD1A7
S214021E000023284623701DF07CFA304618F0C6FEE2
S214021E101DF07CFA05462378504E062B09D13378FE
S214021E20FF2B06D03378022B15D100214C481DF02B
S214021E3067F8FF2333702BE000214FF480701CF00C
S214021E4019FACCE71A78012A4FF0FF0214BF33269C
S214021E504C261A70D4E7337813B13378012B22D18B
S214021E601CF0A8FA07463E4896F8009001F0DCFB04
S214021E70FF235FFA89F9337077B1B9F1010F44D1C4
S214021E806421374884F800901DF03AF8FFF752FEB6
S214021E9028461DF036FA06E0284627701DF031FA6D
S214021EA0384618F07BFEB8F800301B0605D5002130
S214021EB080201CF0DFF917F065F901F0F1FA294EDF
S214021EC0308000B32778012F42D11CF02DFF054643
S214021ED010B301301DF0EDFB00F44060B0F5006F6A
S214021EE01AD10422394628461CF05EFE28441DF00C
S214021EF0E0FB4FF6FF7398420ED10020318800F0C7
S214021F00FFFC00233380BDE8F883002328462370B5
S214021F101DF0F7F93F20C4E7114801F085FB0021C8
S214021F2008462170012500F09DFC23780BB9FFF7C7
S214021F3037FE0020318800F0E3FC00233380002DBA
S214021F40E1D020780028DED1BDE8F84318F071BF52
S214021F500025EAE7716700205171002050710020C9
S214021F60706E0020106000201260002008B5134634
S214021F700A461946064B186818F0DBF930B1BDE878
S214021F80084040F2F44103481DF0B5BA08BD00BF50
S214021F9044580020BB92040008B513460A46194668
S214021FA0064B186818F0BFF930B1BDE8084040F299
S214021FB0FB4103481DF09FBA08BD00BF44580020ED
S214021FC0BB920400024B1878431E58425841704791
S214021FD07167002008B5064B1B7823B140F22551E5
S214021FE004481DF088FAFFF7DBFD002008BD00BF9D
S214021FF071670020BB92040008B5054B01EB810116
S2140220001868490018F00AF9002818BF212008BDF0
S2140220104458002008B5044B1868F9F70FFF0A2346
S21402202090FBF3F040B208BD44580020014B1878EC
S214022030704700BF5371002008B5044B186818F0AB
S21402204058F8B0FA80F0400908BD00BF4458002096
S21402205038B5124D0C462B78012B04D940F2465166
S2140220600F481DF048FA21460020FFF7E5FF90B121
S2140220700C4B1C702B785BB9FFF792FD0A4B93F959
S21402208000100A4BC901186818F09CF8002038BDE9
S214022090FFF750FDF2E72120F9E700BF7167002045
S2140220A0BB9204005371002073670020445800203E
S2140220B008B5074B186818F01AF830B1054BB3FB91
S2140220C0F0F083B20BB1184608BD0120FCE700BF52
S2140220D04458002040420F002DE9F3475C4E012091
S2140220E01DF006FA3388990704D440F63F41594852
S2140220F01DF001FADFF8808198F80030053B012BCD
S21402210004D940F6414153481DF0F5F9524F3B6859
S21402211023B940F644414F481DF0EDF9348814F0D7
S214022120200478D0012122201CF0D0F84FF47A74D3
S214022130FFF7BEFF3B681B780933434304EBC30437
S21402214098F80030A5B2062B0BD11CF0FBFC044617
S214022150FFF7AEFF602358430C2303FB040028441A
S21402216085B2D7F800903D4B99F800801C7808F1AC
S214022170FF381FFA88F8002C52D133885A0505D446
S21402218009F101001DF095FAC0F340143449354AAE
S214022190887812784B7812FB00F2334F93423B70EA
S2140221A0A4BF9B1A3B703B78CA78BD60934238BF87
S2140221B013463B7013F02EFC002833D013F028FC95
S2140221C0012814BF1025082525430023DFF8ACA0FC
S2140221D00093802243464946DAF8000018F050F889
S2140221E020B14FF43B611B481DF085F91F4BDAF80E
S2140221F0000019781E4B197033889B0614D52A46A0
S2140222001C4B009718F038FCC0B9002002B0BDE89D
S214022210F0471DF06DB9214622201CF057F887E7DB
S2140222200024B3E72546D0E72A460F4B18F022FCD7
S214022230014618B925201CF049F8E6E72146262073
S2140222401CF044F840F6F43102481DF054F9DCE77D
S21402225012600020BB9204003458002074670020ED
S2140222601B7100206E670020206E00205371002034
S2140222705271002038580020716700204458002010
S214022280184B10B51B889B0704D440F6A661164867
S2140222901DF031F9154B1B78053B012B04D940F68E
S2140222A0A76111481DF027F9114B1B6823B940F6A8
S2140222B0A9610D481DF01FF900240E4B0E4921207E
S2140222C01C701CF003F8014618B9BDE81040FFF771
S2140222D003BF022804D12046BDE810401CF08CB88B
S2140222E010BD00BF12600020BB9204007167002080
S2140222F0345800206C67002099240200F8B55A4C26
S21402230023889A0704D54FF43E7158481DF0F3F817
S214022310574801F089F91CF0F9FF238805465B0748
S2140223200DD54FF0FF3017F0F2FF524B1B68C01A64
S214022330B0F5717F03D9002104201BF09BFF2846CD
S2140223404D4D1CF0DEFF2B78042B32D11CF0DEFF45
S214022350238806465F0708D5454800211CF0D0FDB5
S2140223603046BDE8F8401CF0CCBF1CF0CAFF1CF09B
S214022370CDFF424B06461B78414F13B923885905B9
S2140223800FD50523012102202B701BF073FFFFF7E8
S21402239077FF30461CF0B5FF3B68DA78394B1A7087
S2140223A0F8BD386801301DF084F98206E9D50623A7
S2140223B0E8E7062B4DD1344B1B78FF2BF0D1334E7A
S2140223C013F02AFB3378002B3DD01CF09FFF2388A6
S2140223D005465B0705D5264800211CF091FD2846D8
S2140223E0BFE71CF08EFF3378013B33701CF08EFF84
S2140223F00446012102201BF03DFFFFF741FF204665
S2140224001F4C1CF07EFF206801301DF052F900F4CC
S2140224104060B0F5006F13D12468012104222046E3
S2140224201CF0C2FB20441DF044F90146184B042060
S2140224301A783378D21AD2B2BDE8F8401DF002B943
S2140224404FF6FF71F2E740202B70BDE8F84018F017
S214022450A5BB012BA4D100232B700E4B1868FFF7E7
S2140224604FFB3F20F1E700BF12600020BB92040042
S214022470706E0020305800207167002074670020BC
S214022480345800206D670020507100206E670020CF
S214022490547100204458002008B50A4B1A7882B9B5
S2140224A0012210281A7004D040F69D6106481DF0DD
S2140224B022F8002120201BF0DDFEBDE80840FFF7D1
S2140224C00BBE08BD6C670020BB92040008B5094B22
S2140224D01B88DB0604D440F2C35107481DF00BF8F4
S2140224E0102000211BF0C6FE044B1868BDE8084009
S2140224F018F0B9BA12600020BB92040044580020BB
S214022500012208B5074B1146186818F099FA0021FF
S2140225102C201BF0DBFEBDE8084000210A201BF041
S214022520D5BE00BF44580020014B4008185C7047D7
S2140225304C71002008B513460A461946064B186821
S21402254017F0FDFE30B1BDE8084040F6E941034809
S2140225501CF0D1BF08BD00BF44580020BB92040047
S21402256008B5044B186818F069FA013818BF01203C
S21402257008BD00BF44580020054B10B54C0022464B
S2140225800146186817F038FE031B5842584110BD22
S2140225904458002070B505461CF0B8FE0E4B0F4E90
S2140225A01B880446DA07357008D50D4B0D4D1B788F
S2140225B0012B08D90121286818F0EAFA2046BDE85E
S2140225C070401CF09EBE1BB113F01AFAC305F1D47C
S2140225D0317881F00101EEE7126000204B71002095
S2140225E072670020445800200C4B10B51B88044626
S2140225F0DB0711D5FFF77EFB094B84F001020821A9
S2140226001868D20017F0E3FD30B1BDE8104040F67E
S214022610367104481CF06FBF10BD00BF1260002068
S21402262044580020BB92040008B5044B01461868C3
S21402263017F090FE003818BF012008BD445800204D
S21402264010B50A4C23787BB1FFF75AFF002104200D
S2140226501BF010FE002102201BF00CFE002323704C
S214022660BDE81040FFF79CBA10BD00BF716700209E
S21402267038B5094800F0E8FC0024084D95F84430C7
S214022680E0B2834200D838BD05EBC000043000F04B
S214022690DBFC0134F2E700BFE8580020485800206F
S2140226A008B5104602494822F8F70EFF002008BD7A
S2140226B0A058002008B505481DF08DF8014620B93F
S2140226C0BDE8084001481CF01BBC08BD906E002007
S2140226D0002238B51C4B15461C461A700132082AD1
S2140226E05D609D8043F8085FF8D1482200211748B4
S2140226F0F8F75AFD4FF6FE73A4F868306FF480338D
S214022700E365134B00211A88124B1868F8F74CFD44
S214022710114BC4E91255C4E9283584F8445084F8AC
S2140227205050656584F8A850E9F73CFFFF220B4B32
S214022730012118700A4B00201A70E2F7A5F9002052
S214022740FFF7B8FF002038BD48580020A0580020E8
S214022750BC700020506D00200000FFFF756700204F
S214022760CA67002010B5AC24084B04FB0030836C0B
S21402277053B990F850403CB931B1C0E91212204624
S214022780FFF798FF204610BD2120FCE7485800209E
S214022790AC2370B503FB00F5094E731993F850404D
S2140227A05CB9204610F0AAFC735D204643F0020393
S2140227B07355FFF77FFF204670BD0120FCE700BF80
S2140227C048580020AC235843024A135C23F0030304
S2140227D0135470474858002070B516461F4A0446E0
S2140227E01278C2BBAC211E4D01FB00518A6C92BB13
S2140227F091F850203AB1022B2DD191F844100729B6
S21402280007D91C2026E091F844100729F9D8012B95
S21402281008D0AC2000FB0450CA00011D0C30F8F7AB
S21402282015FD0021AC2303FB04F000249DF81430B0
S21402283000EBC1012944CB71049B8E808B602B1860
S21402284093F84420204601328C7183F84420FFF727
S21402285031FF204670BD0120FCE700BF74670020F0
S21402286048580020F8B5234B04461B780F46002B29
S2140228703ED1AC23204D03FB0053B3F8A03023B95E
S21402288040F245311D481CF036FEAC2202FB0452D3
S214022890D2F8A46036B192F8A33039460020B2F8D6
S2140228A0A020B047AC2300216343EA18A2F8A01088
S2140228B0C2F8A410482192F8A82001FB02322A444A
S2140228C0D2F89820964213D0EB5C9B070CD5AC222C
S2140228D06243AB5C204623F0020343F00103AB5491
S2140228E0BDE8F840FFF7E6BE10F02AFC0028EED15D
S2140228F0F8BD00BF746700204858002012930400F9
S2140229002DE9F04F89B0059008460D461CF00CFAEA
S214022910044618B9212009B0BDE8F08F28461CF0FD
S2140229201FFAC0B20838215C221892F802A004915D
S214022930D1785268277803920022B4F80130ADF8B5
S2140229401E20434A029192F800B0BBF1000F08D055
S214022950404B1B681BB120464FFA8AF2984700206C
S214022960D9E703F00703022B70D001340922594637
S21402297020461CF019F9023F3F1A3B0606465FFA4C
S21402298087F8C7D4344FD7F89090B9F1000F27D103
S21402299000210DF11E0B434622460846CDF800B034
S2140229A010F0E4FAC3B20546002B4BD1BDF81E0068
S2140229B018F038F9E0B9BDF81E0018F02FFA814673
S2140229C0BDF81E0018F02EF9F0B906EB0802012336
S2140229D02146584692B200F07BFDD0B119209AE704
S2140229E05B465A4601212846C8470028D0D191E7BF
S2140229F0D7F89430BDF81E00002BDCD0A1199847FA
S214022A000028D8D1022086E742464846A119F8F7A0
S214022A105BFDBDF81E001CF087F9029B059A037247
S214022A20049B80F809A08372039B1BBAC360AC2385
S214022A3003FB027393F85020BDF81E0022B1DB6C34
S214022A4003B19847E8B266E7BB6FF9E7012062E791
S214022A50746700202C580020485800202DE9F843BF
S214022A6008460F46164602F1010918F0DCF98046C0
S214022A70384618F0D0F8042856D1384618F0EFF841
S214022A8048F661054FF6FF7248F64103294C90421C
S214022A9008BF1D46B4F85C10301D1CF00CFE38460C
S214022AA018F0DDF80146B01D1CF005FEB4F85E1005
S214022AB006F108001CF0FFFD06F10A0438460DF088
S214022AC067FF10B145F01005ADB2294648461CF026
S214022AD0F2FD384618F0A2F9424601462046F8F7BB
S214022AE0F3FC384601211CF057F94444074660B10E
S214022AF01CF036F9054638461CF016F9EDB20146CA
S214022B002A462046F8F7E0FC2C440B4AA41B13780E
S214022B100134591C1170F37034703046BDE8F84326
S214022B20092201211CF040B848461CF0C2FD4C4662
S214022B300546C3E74858002075670020AC2210B54A
S214022B4048245043094B1A1892F8A81004FB0100B7
S214022B50034493F87700022806D092F850301BB947
S214022B60032818BF012010BD0020FCE748580020AB
S214022B7070B508B1012070BD234C94F8A850002D02
S214022B80F8D12946B4F85C20FFF706FA294628460B
S214022B90B4F85E20FFF7EAF92946284604F16002F7
S214022BA0FFF7C8FC94F87730002BE3D0284694F859
S214022BB05860FFF73BFA864215D1002094F95A5026
S214022BC0FFF728FA854216D10020FFF7B7FF044622
S214022BD000201BF09FFF0028CDD02146BDE87040A4
S214022BE00020FFF7F7B9284694F85810FFF730FA96
S214022BF00028E2D0BFE7002094F95A10FFF7FCF94C
S214022C000028E1D0B7E700BF485800200346AC20B2
S214022C1010B51446164A00FB032292F877000228E3
S214022C200CD1E07F022809D141B112490978012965
S214022C3013D992F85810227891420ED1184621786C
S214022C40FFF7FAF990B1482221460B48F8F73CFC08
S214022C5000201BF05FFF08B9002010BD044B93F85C
S214022C60A8000028F8D1FFF783FFF5E72120F4E754
S214022C704858002021710020A058002038B5AC2307
S214022C800D4C054603FB004300205A6DD86483F8BA
S214022C90500012B15865FFF719FCF5F74BFBFF28F9
S214022CA01EBFAC2303FB054484F8A8000020FFF7F0
S214022CB05FFF002038BD00BF485800207FB51D4C7E
S214022CC094F8A83023B1002084F8A800FFF750FF3C
S214022CD094F85A30B4F8A0608DF80F3026B940F256
S214022CE0FD2115481CF007FC144B31461D680020D8
S214022CF02A46FFF7B3FEE46F02469CB10DF10F03BE
S214022D0001930023294630460093A04702462C78BA
S214022D1054B920462146FFF7A5FD2046FFF7CAFC18
S214022D2004B070BD0122F2E729460020FFF706F83C
S214022D30F6E700BF4858002012930400506D0020AA
S214022D4038B5494B1C78002C58D1484800F06CFC2A
S214022D5020461BF0DFFE002850D0454C2378D907CA
S214022D6033D594F850201AB123F00303237045E0BC
S214022D7023F00103237010F0CBF9237805469A0757
S214022D8001D510F0BBF9294600200FF053FF40B9D9
S214022D902378284643F001032370BDE8384010F03C
S214022DA0ADB90023482284F8A33094F8A83084F8FA
S214022DB0A25002FB0343D3F89830A4F8A000C4F84C
S214022DC0A430BDE83840FFF779BF94F84400B0B1AC
S214022DD004F1A003251D95E8030083E80300FFF72E
S214022DE06DFF94F844202846D20004F10C01F8F74F
S214022DF02DFA94F84430013B84F8443038BDA26C76
S214022E0062B99B0711D52378002023F0020343F012
S214022E1001032370BDE83840FFF74CBC0123A064D1
S214022E2084F85030904723789EE710F089F90028FE
S214022E30E9D194F8A83073B1F5F77CFA94F85030DB
S214022E40002BDBD1FF2818BF84F8A800BDE8384065
S214022E500020FFF78DBED4F88C30002BECD09847BC
S214022E600028CBD1E8E700BF74670020906E0020F0
S214022E704858002070B5044600201BF04BFEAC23D9
S214022E805C430B4E351995F850300BB1002070BDDF
S214022E900028FBD007481CF09EFC0028F6D1335DC4
S214022EA0002BF3D195F84400B0FA80F04009EEE723
S214022EB048580020906E002010B5084A034617F0C6
S214022EC0C0FF14684FF6FF7203EB40039C4218469D
S214022ED003D9018802339142F8D010BD045900206C
S214022EE02DE9F047204F05463B88A3B3B0F90230E0
S214022EF0002B30DBDFF87C801C49D8F80000F8F79E
S214022F00A9FB20B94FF4EA7119481CF0F4FA00261E
S214022F10DFF85CA0DFF860903A88B3B29A4204D831
S214022F204FF4EB7150461CF0E6FAD9F80030B2B214
S214022F3053F83200D8F8001003EBC20468B943F81D
S214022F403210A38828460133A38017F07AFFE3885D
S214022F5003EB4003E380BDE8F087F8F77BFB01361E
S214022F600028D9D1EDE700BF14600020DF920400EC
S214022F70E9920400B06E0020F858002038B5094CDB
S214022F80094D22682B689A4204D94FF48771074884
S214022F901CF0B1FA28682368C01A20F0010080B23B
S214022FA038BD00BF045900200C590020E9920400E5
S214022FB038B5124C124D21462846F5F741F82368DB
S214022FC00BB12B681BB9DE210E481CF094FA2A6856
S214022FD00D4B0E491A60236823F0010313440B605D
S214022FE00B4B1A602AB9BDE83840F82105481CF098
S214022FF082BAFFF7C3FF6428F5D938BDFC58002013
S21402300000590020E9920400085900200C590020BB
S2140230100459002038B5094C094D22682B689A429B
S21402302004D34FF48A7107481CF065FA28682368AF
S214023030C01A20F0010080B238BD00BF0859002037
S2140230400C590020E99204002DE9F0411D4B04467C
S2140230501B78012B24D100881BF048FE0546D8B108
S2140230600426DFF864802C461CF050F907462046FA
S214023070FFF736FF638843EA08036380A05B1BF012
S21402308035FE044638461CF03CF91CB1B4F9023051
S214023090002BE9DA062E01D1BDE8F0810626E2E72A
S2140230A0022BF9D11CF032F9024620881BF01EFED4
S2140230B018B10388C3F30E0323801046BDE8F0411F
S2140230C01CF01FB9766700200080FFFF2DE9F04F45
S2140230D00024BA4B97B006461C801CF017F9012351
S2140230E0DFF8EC82B64F3B70B8F80030A8F8004024
S2140230F0ADF81630B34B1B6801931CF002F9B24BC5
S21402310021461A88B14BD2001868F8F74DF80DF12F
S2140231101600FFF799FF002E3CD1DFF8B8924FF069
S214023120000B0125D9F80040019B9C4239D3BBF124
S214023130000F39D1002DF2D0D9F80040DFF898A25E
S21402314025462246019B9A4273D302230DF11600AE
S2140231503B70FFF779FF002E40F08F80D9F80060B1
S2140231603246AA4280F0A28090881BF0BFFD18B1BA
S2140231700388C3F30E039380D0881BF0B7FD18B103
S2140231800388C3F30E03D3801046FFF795FE02466C
S214023190E7E79847E3B256F823300134002BF8D11C
S2140231A0BBE7BBF1000F3ED00BF1FF335FFA83FBA8
S2140231B016AB03EB8B0252F8402CB2F90200518890
S2140231C00028B1DA4B04AFD4924641F48040931DF6
S2140231D02AF8020F02933AF8020F1BF087FDF0B1AD
S2140231E0B0F902E0B0F802C0BEF1000F17DB6FEADA
S2140231F04C4C6FEA5C4CA0F802C00390FFF770FEDE
S214023200BBF10F0F8FBF002516AB039A03EB8B00A3
S2140232109EBF0BF1010340F8402C5FFA83FB029B32
S2140232209A45D8D180E72046FFF746FE2246044656
S214023230C3E7104617F005FE8346B2F9020011886E
S21402324000280AEA010108DA20461BF045FD084379
S21402325081B204EB4B0402EB4B0510461180FFF7DC
S2140232602BFE02466EE798475FFA8AF356F823303B
S2140232700AF1010A002BF6D170E74FF0000AF3E7D5
S2140232803046FFF719FE82467EB1B6F902307188E3
S214023290002B0ADA3088C0F30E001BF027FD8642A8
S2140232A003462DD1C1F30D0171805646AE42E7D3D7
S2140232B0DFF81CA11CF02AF800210646504617F03B
S2140232C023FE1BF013FD0546002800F087803046DB
S2140232D01CF017F8284617F0B4FD064620461BF0E9
S2140232E0FBFC81467600324629462046F7F7AEFFBB
S2140232F0002249460DF116001CF045FA3444D9E77F
S2140233001BD9304617F09DFDC1F30D0142007180B6
S2140233101846314692B2F7F799FFC6E75046FFF7CE
S214023320CBFDD146854203D9B0F90230002B01DA33
S214023330824603E0FFF7C0FDF4E7B146554507D9DC
S214023340BAF80000C0F30E001BF0D0FC8245E5D3AD
S214023350B9F1000F30D0B9F80000C0F30E001BF030
S214023360C5FC034638B93346CB46994513D8B14512
S2140233709BD0D946ECE7484617F063FDB9F8022021
S2140233804946C2F30D02A9F80220420092B218463C
S214023390F7F75CFFE7E718460193FFF78DFD019B01
S2140233A09B46854203D9B0F90230002B01DA034668
S2140233B0DBE7FFF781FDF4E7CB46DAE7166000208D
S2140233C0766700200459002014600020F858002078
S2140233D018600020085900200080FFFFBDF8163054
S2140233E03870A8F80030044B30461C601BF089FF8A
S2140233F017B0BDE8F08F00BF045900202DE9F04158
S21402340005461BF073FC0F460446D8B11CF0A5F91E
S21402341020B940F2FB4120481CF06DF828461BF00C
S2140234209FFC05462046FFF747FDBD42064609D0EB
S21402343004D840F2035118481CF05DF82588ED0BBD
S21402344002D02781BDE8F0816780204617F0F9FC9C
S214023450074604EB40081BF059FF104B1A68B242AD
S2140234600AD1C3F800801BF04CFF2A464046BDE84E
S214023470F041FF21F7F798BEA6EB0806B5B21BF09F
S21402348040FF072DF1D90023083D44F81730C8F84D
S2140234900430A8F80250D5E7E99204000459002047
S2140234A038B51BF033FF00210546044817F02CFD03
S2140234B0044628461BF025FF204638BD186000202B
S2140234C0024B1888B0FA80F0400970471860002056
S2140234D02DE9F74F044600881F461BF007FC884676
S2140234E0154606461CF039F920B940F2FE613F48FF
S2140234F01CF001F83388DB0B009306D033892B448B
S2140235003381002003B0BDE8F08F20881BF028FC32
S21402351082463046FFF7D0FC01901BF0F7FEDFF83C
S214023520D0B0019BDBF8002081469A421DD1FFF7FE
S21402353025FDA84204D248461BF0E3FE1A20E1E726
S2140235400AEB050373803FB120881BF0EDFB2A4689
S21402355041465044F7F7B8FF3046FFF7ADFCCBF8CC
S214023560000048461BF0CDFECBE71BF0CAFE2088C3
S2140235701BF0F6FB2844009980B21BF049FC064675
S2140235800028DBD01BF0D0FB814620881BF0CCFB4A
S214023590824620881BF0E4FB514602464846F7F76F
S2140235A093FF3046AFB11BF0BFFB074620881BF0E7
S2140235B0D7FB2A4641463844F7F786FF0121208882
S2140235C01BF0EAFB0121024630461BF0F9FB26807F
S2140235D097E71BF0A9FB804620881BF0C1FB2A4612
S2140235E039464044F7F7E0FDE8E700BFE9920400F9
S2140235F004590020342101481BF07DBFFD920400CF
S214023600036910B55BB18268064B9A4201D100206D
S21402361010BD44691BF068FF201AF9D5F7E74FF092
S214023620FF30F5E7F535020082681C4B70B59A420A
S2140236300446056819D11BF069FE236923B1A3422B
S21402364006D100222A601A61BDE870401BF059BEFE
S2140236501A4611461269A242FBD12A68A24208BF44
S21402366029600B6100232361EEE7036993B1984258
S2140236706E6803D19D210A481BF03DFF2B46B442DB
S21402368009D122699D4218BF1A614FF0000308BF94
S2140236906A60236170BD33463669F0E7F53502008D
S2140236A0FD9204002DE9F047074600254FF0010A77
S2140236B0154EDFF858808AB0347914B90AB0BDE8DE
S2140236C0F087D6F8009087B900972A46B8F8001017
S2140236D0234603A81CF0EEF82246484603A9E9F75B
S2140236E023FC2544EDB20836E6E7224603A94846FF
S2140236F0E9F7EEFBCDF800A023462A46B8F80010FC
S21402370003A81CF0D7F8ECE740DE04001A6000209D
S2140237100148FFF799BC00BF1A6000209C46174B71
S214023720F7B5054608461988164611B1144B1C789B
S214023730CCB1014662463046BDB103B0BDE8F040AA
S214023740E9F7C6BB1C44E4B208373B79002BF0D03D
S2140237503A689642F6D185F00105224600951CF09D
S214023760A9F803B0F0BD074FEFE7E9F7DDFBB0B20B
S21402377003B0BDE8F04015F009BD00BF1A60002096
S2140237805571002040DE040010B5074C238843B173
S2140237900020FFF787FF0020FF22044B20801A70CC
S2140237A010BD0220FCE700BF1A6000205571002001
S2140237B0142810B518D8082805D115F060FDC401E4
S2140237C0E4B2204610BD0E2802D115F05BFDF6E7E6
S2140237D0064B53F82040002CF3D00A282478F0D168
S2140237E007F0C2FB0443EBE7FF24EAE790DE04009F
S2140237F0014BB3F8680070474858002000487047ED
S214023800B2580020014B1878704700BFED660020C2
S214023810014B1878704700BFF0660020014B187005
S214023820704700BFF0660020204B022810B5204CDF
S214023830187002D00438012822D82378042B0BD023
S21402384000211C481BF05CFB2378033B012B03D9A9
S214023850002119481BF054FB184B1B689A0022D50E
S21402386013F0805F40F6114418BF4FF441642046BF
S21402387016F0BAF8C8B92046BDE8104015F084BC68
S2140238800C48FFF7D1FE0C48FFF7CEFE17F0B5FD49
S2140238902378033B012B03D816F0A0F81624E6E79C
S2140238A00DF0BAFFFAE71524E1E710BDF466002032
S2140238B0F5660020D46E0020344A0020C84A002054
S2140238C0024B187800F00F00704700BFF466002025
S2140238D0034B187800F00F00831E58425841704779
S2140238E0F466002008B517F073FDC0B117F089FD25
S2140238F0A8B10FF01BFD90B90A4817F0BCFA70B1D8
S214023900094817F0B8FA50B115F0C1FC38B116F0F4
S2140239106DF820B9BDE80840044817F06FBB0020D8
S21402392008BD00BF1C600020506000201059002017
S21402393030B505460C4693B081B910B9002013B0D5
S21402394030BD1023214A69460120FFF7E7FE9DF8A5
S21402395005305A1E052A28D91720F0E7182200211A
S2140239602046F7F721FC002DEBD1FFF7B1FF30B36D
S21402397015F035FB6A4601460020FEF791FEBDF8BB
S2140239800430204623819DF80230A3729DF8003051
S214023990E37217F0FBFE002304F11401237304F113
S2140239A0100004F0F7FDE081C8E7094A9DF804100C
S2140239B012789142D0D12B70002CD6D1BEE7054B9F
S2140239C01B78033B022BD3D9C6E700BF64EE010087
S2140239D028710020F466002030B593B005460C46E8
S2140239E0FFF776FF20B90C4B1B78033B022B10D84F
S2140239F015F0F5FA6A4601462846FEF751FE002003
S214023A009DF80230607023709DF80030A37013B0EA
S214023A1030BD1720FBE700BFF4660020054B187880
S214023A20012805D000F0FD00A0F1310358425841AC
S214023A30704700BFF46600202DE9F3410E460021D0
S214023A4005461BF09AFE0023124FADF806002B80A7
S214023A500DF1060017F00FFA044610B102B0BDE8E9
S214023A60F08121460DF1060017F04EFA80461BF053
S214023A705BF9438AB34207D99B1B438222464146DF
S214023A8028461BF080FEE3E743895B07E0D53B88C8
S214023A90F3E700BFBE70002008B50A48FFF7C4FD72
S214023AA009484FF47A71FFF7C7FF074817F0E3F9A2
S214023AB030B9BDE808404FF47A7102481BF020BACC
S214023AC008BD00BFB46E0020CC7000201FB50146B2
S214023AD0002201A81BF0E4FA064801A91BF0B0FE7A
S214023AE020B11BF021F94089C0F3400005B05DF813
S214023AF004FB00BFCC70002030B585B00D46002216
S214023B00014601A81BF0CCFA084801A91BF098FE52
S214023B1050B11BF009F90446014608222846F7F779
S214023B2095FB6089C0F3400005B030BDCC70002024
S214023B3010B5044C204617F0D5F96388181A80B2DF
S214023B4010BD00BFCC700020F8B50546F8B10021C4
S214023B500F481BF012FE0446A8B10D4F20461BF07C
S214023B60E3F806461BF088FA830705D4082229469E
S214023B703046F7F765FE38B1214638461BF021FE7F
S214023B8004460028EAD10024201E18BF0120F8BDF2
S214023B90CC70002010B50C46014606481BF050FEBD
S214023BA030B11BF0C1F843891C4214BF012000202B
S214023BB010BD00BFCC7000201FB51446024601A8F7
S214023BC01BF06EFA074801A91BF03AFE40B134B169
S214023BD01BF0AAF8142201462046F7F737FB01200D
S214023BE004B010BDCC7000201FB50146002201A80B
S214023BF01BF056FA094801A91BF022FE58B11BF029
S214023C0093F84389024613F0020004D0507B80F0FA
S214023C100800C0F3C00005B05DF804FBCC700020BD
S214023C200146014817F084BACC700020F8B5044665
S214023C300E46142000211BF0EBF80546204617F02E
S214023C4051F96388834225D925B33146204617F0B9
S214023C506FFA08BB28461BF067F807460A22314669
S214023C60F7F7F4FA082206F10A0107F10A00F7F755
S214023C70EDFA0A4B1B887B82238823B94FF47A71AC
S214023C8007481BF03DF92046002229461BF07BFD23
S214023C900020F8BD1C20FCE72E20FAE7BE700020AC
S214023CA0B46E002010B5044686B0B0B11BF0E4F93D
S214023CB010F0020011D1CDF80E006168CDF81200A6
S214023CC0ADF81600206801AB03C32289044801A997
S214023CD01A80FFF7ABFF06B010BD2120FBE700BF3E
S214023CE0CC700020F8B50D4616461F46044648B36B
S214023CF01BF0C2F930BB2046FFF792FFE0B1214627
S214023D0011481BF09DFD1BF00FF84389057346739F
S214023D10877343F0020321894381204601F0F2F9BA
S214023D20FF28044606D001F0F3F818B10022074B2C
S214023D3043F82420002004E02046FFF7B3FF0028C3
S214023D40DDD0F8BD2120FCE7CC700020044800201E
S214023D50F7B59DF824400D4601949DF8204006468E
S214023D6000941F460DF076FC4FF6FF71884204461B
S214023D7010D0BB0711D4284600F0CCFF20461BF01B
S214023D80F3F9FF281FBF084A32F8103023F48043A5
S214023D9022F81030204603B0F0BD024629463046CF
S214023DA017F0CDF9EAE700BFE05F002073B50E46D4
S214023DB0014614481BF044FD0546D8B11AF0B4FF7C
S214023DC043890446334012D09B0736B20BD5002EE9
S214023DD009DAA17B437B0289007B019101210091D4
S214023DE02146FFF7B5FF638923EA060363816289EA
S214023DF012B1012002B070BD2946024817F0A3F89E
S214023E00F7E700BFCC7000200148FFF71DB900BFDE
S214023E10CC7000201FB50C460B4A014601A81BF0C9
S214023E203FF901A8FFF7FCFE60B101A907481BF0A5
S214023E3007FD1AF079FF0368236043680020636079
S214023E4004B010BD2D20FBE7FEDE0400CC7000207F
S214023E5013B53E4C12F098FBD4F8FC311020C3F395
S214023E6007430193FFF7A4FC000650D50020FFF796
S214023E709FFC01064BD5019B802B3ED1236A9A07F5
S214023E8004D440F61544204602B010BDE3699B07F1
S214023E90F7D52F4816F0CAF8012016F09AFE12F04F
S214023EA086FB04460028EED100F086F9294817F072
S214023EB07FF800F0F1F9E8F775F912F064FB0AF002
S214023EC0F1FC0AF043FDF4F717F9F4F7CBF9F4F72F
S214023ED0E5F904F003FD15F0D4F915F0D5F915F05F
S214023EE088FD1D480CF00CFC07F092FE15F040FD14
S214023EF00028C8D015F03EFDC5E7019B812BC0D136
S214023F00D4F80C315B00BCD5D4F80C31BFE71020D6
S214023F10FFF74EFC0006BCD40020FFF749FC010662
S214023F20B7D5019B802B05D1084B1A6AD207A8D5B4
S214023F30DB69ACE7019B812BA3D1044BD3F80C21A0
S214023F40002A9EDAD3F80C31A1E700BF0080E00F0A
S214023F50690345EC10590020CD3A020010B517F05F
S214023F6049FA70B301F0B8FB80F00104E4B2002015
S214023F70FEF7F6FA44EA800424B217F029FA10BBD8
S214023F800220044316481BF026FC44EA4014154857
S214023F901BF021FC24B244EA001413481BF01BFC5D
S214023FA024B244EA801411481BF015FC24B244EAF9
S214023FB040240F481BF00FFC24B244EAC02080B213
S214023FC010BD0124D3E70B4816F055FF0028D7D0C2
S214023FD0094816F050FF80F00100C0B24000D0E75A
S214023FE0146F0020F86F0020CC4A0020786F002063
S214023FF0D86F00201C6000205060002008B501F039
S21402400047F90EF0DFF8FDF7D9FE154816F033FF34
S21402401008B906F065F9134816F02DFF08B907F03F
S214024020E1FD03F059FC0CF01DFD0F4816F0F2FFFF
S2140240300E4B1B78043B022B09D80D481BF0CBFB1A
S21402404028B1FFF78BFF102801D109F07DF915F092
S21402405020F917F082F8BDE808400648FFF736B8A0
S2140240601C6000205060002010590020F5660020D9
S214024070F86F002008DF0400014B1868704700BF85
S21402408044580020F8B54FF6FF77104B06461B78CB
S2140240900C46033B012B0F8009D830460AF0BAFCC7
S2140240A04FF6FF73984220800ED000200DE00CF0F1
S2140240B023FEB84205462080F7D1304600F002FDC6
S2140240C0A8422080F1D1E8E72D20F8BDF566002051
S2140240D04FF6F77370B5984204460D4686B05AD826
S2140240E017F03CF8A04207D108222C492846F7F7D9
S2140240F0ADF8002006B070BD294EB6F86830A3426F
S2140241000AD10022082106F16A0016F0B9FF18B992
S214024110082206F16A01E9E7ACB1224B1B78033BA1
S214024120012B1AD8002301221946204600930AF0D2
S2140241301BFBFF2823D1294620460AF0BFFC80F04D
S2140241400100C0B2D6E7184B1B689B07E5D4284689
S21402415008F0DCF90028E0D0CBE7204600F06AFF42
S214024160FF2806D129462046FFF754FE0028D9D15B
S214024170BFE7294600F080FF0028F3D0B9E702A97E
S21402418018F01AFA0028D6D1DDF80D302B60DDF8CB
S21402419011306B60ADE70120ACE700BF7767002007
S2140241A048580020F5660020C84A0020014B1870C7
S2140241B0704700BF2871002010B5054C0822214622
S2140241C00448E8F785FE204617F002F810BD00BF47
S2140241D07767002034B608C000487047776700202B
S2140241E0082208B50349F7F72BFBB0FA80F040091E
S2140241F008BD00BF77670020014B1870704700BFEC
S214024200E8660020074B44F6FF701A7840F6FF7304
S214024210012A18BF1846044B1B780BB140F4004025
S214024220704700BFF5660020E8660020F7B50D4629
S214024230044616461F460021284601F0F1FF0B4BA6
S214024240002183F859402A463346204600970EF04E
S214024250AFFC014630B10222204603B0BDE8F04072
S21402426000F006B8012003B0F0BD00BF4858002099
S21402427013B513460C461AB1022A0CBF1346012385
S2140242800021044A019100922246FEF7A5FA02B0E6
S21402429010BD00BFD7B4030000B5002093B0FEF7F0
S2140242A017FA1E4B18880CF031FA1D4B1D491A7866
S2140242B000200EF0A1FD342200216846F6F774FFB6
S2140242C00B238DF800306FF4803301934FF6FE73A4
S2140242D0ADF8103003238DF81D30134B134A0893A4
S2140242E0134B10680993134B51680D93124B6A4691
S2140242F00E93124B0F93124B1093124B119302AB69
S21402430003C300210846FEF781FC6A46012100200D
S214024310FEF77CFC13B05DF804FB00BFB67000200D
S2140243203B71002020A3040041470200776700206B
S21402433073B20300B97F0200E9480200B996020090
S214024340D7B40300097A0200014B1878704700BF01
S2140243507F670020014B1888704700BFD07000208E
S2140243602DE9F74F814610460E4690461BF0A1F9FE
S214024370DFF840B105469BF8003033B94A4B1B685C
S2140243801BB94A4B1B68002B7FD015F4406A05F018
S21402439040071BD19FBBB5F5804F61D24FF48074A6
S2140243A0B9F1400F73D0B9F1800F63D0B9F1100F95
S2140243B06BD100239BF800003D4AD9B2884264D9EB
S2140243C032F8021B0133A142F7D166E008F103007E
S2140243D01BF06FF94FF6FF73984214BF01240224B4
S2140243E087B1052705F44043B3F5004F44F00804AF
S2140243F025D0B5F5804F24D244F4807421E054468B
S2140244000327EFE7B5F5804F4FF00507F4D3BAF56B
S214024410406F14BF02200820384440441BF049F97C
S214024420019016F0B8FE019B05F4404598420CBF79
S21402443044F0080444F00404B5F5004F01D144F0FA
S2140244408004BAF5006F0FD108EB07001BF031F9B4
S214024450054616F083FEA842A2D144F010049FE758
S214024460544603270220D7E7BAF5406F08BF44F048
S214024470200495E70C4B1B683BB10022D1B233F8FF
S214024480110033F91110002903DA002008E0074B67
S214024490F1E7A04202F10102F0D106B13480012018
S2140244A003B0BDE8F08F00BF205900202459002039
S2140244B07A600020C7670020034B1A78022A04BFDE
S2140244C009221A70704700BF806700200C22034B37
S2140244D01A211A700320002202F024B880670020F6
S2140244E00C2208B5054B1A211A700022104602F05B
S2140244F019F80022024B1A6008BD00BF8067002030
S2140245002C5900200C2270B50D4B05461E781A70E9
S21402451030B93046BDE8704000221A2102F002B8D7
S214024520084B1C78E1B21A29F3D825FA04F3DB0704
S21402453003D54422304601F0F5FF0134F2E700BF0E
S21402454080670020577100200C22024B1A7015F06B
S21402455046BA00BF80670020F0B50C8805460E46B6
S2140245608BB0E4B94FF6FF77ADF8247015F04AFA2F
S21402457010B902200BB0F0BDCDE90340CDE90544E9
S214024580134A0294B2F85C306032019300923B46C2
S2140245904CF60101FF2009AA18F057FB3080284686
S2140245A016F072FF0B4C70B1237863B1013BDBB29D
S2140245B02846237016F068FF38B12078B0FA80F0EB
S2140245C04009C0B2D6E70523F2E70120F9E700BFAB
S2140245D04858002056710020034B11461B6803B151
S2140245E0184714F08FBD00BF2C5900200C22024B36
S2140245F01A700AF0F1BC00BF806700200148FEF77F
S21402460023BD00BF1E6000207FB505460C46164639
S2140246101AF05AFE00286BD1062D03D85223EB401F
S214024620DB071AD4B4F1006F05D3E30E1C3B032B51
S21402463018D94F202EE000222F4B1A602F4B1D70E8
S21402464016F047FD03460A2D54D8DFE805F02D186C
S2140246503E49182518535341360002F03BFCB4F18C
S214024660006FE2D20022244B042D1A60234B1D70E9
S214024670E6D1022001F02EFC16F02BFD03460122A5
S21402468002921F4A01921F4A00921F4A3146204652
S2140246900EF088FE04B070BD314620461B4A04B0B8
S2140246A0BDE870400EF066BE31462046184B194AE9
S2140246B004B0BDE870400EF041BE00220292164AD7
S2140246C00192104A0092154AE0E702220B4B1A703A
S2140246D000221046124904B0BDE87040FEF742B808
S2140246E0002202920F4A0192064A00920E4ACDE733
S2140246F04D20CFE70120CDE72C590020806700200F
S2140247000545020041470200C3B40300ED4502001E
S214024710E1440200D945020049450200594502001B
S214024720B9440200CD44020085B4030008B50EF079
S21402473069FE0C22014B00201A7008BD806700201B
S214024740F0B585B0ADF8060018B9762164481AF0BF
S214024750D2FEBDF8060016F05EFA0446BDF8060064
S21402476016F059FA082846D00C2CBDF8060042D19D
S21402477016F054FB07461AF09CFF0DF10F01064691
S214024780BDF8060014F066FD002879D00922002143
S21402479038461AF009FA9DF80F301033C518BDF8DE
S2140247A006001AF0DDFAEDB2854269D22946BDF856
S2140247B006000EF035FF06F44C4416F44066054635
S2140247C014D0F81C1AF075FF4FF6FF73984208BF14
S2140247D044F04004B6F5006F08D1781D1AF069FF60
S2140247E04FF6FF73984208BF44F010049DF80F304E
S2140247F05BB3072D44D1BDF8060016F002FA044654
S214024800BDF8060016F007FA082817D0A30615D535
S21402481024F0200189B2BDF8060016F0DDF9BDF8D5
S214024820060016F0FBFA002109221AF0BDF900F183
S214024830100189B20DF1060018F030FB0022BDF817
S214024840061028481AF09FFF1AE0082D16D8BDB1A8
S214024850013D072D14D801A353F825F0B9480200EC
S214024860C5480200814802008548020081480200CD
S214024870D1480200F7470200D74802007C2D24D018
S21402488005B0F0BD24F48844A4B2B4F5084FF7D1BD
S214024890BDF8060016F0BAF9BDF806100BF0D0FF08
S2140248A00028A8D0BDF8060016F01BFA0022014622
S2140248B002201AF0C7FEE3E724F48064A4B2B4F53B
S2140248C0484F97E7B4F54C4F94E7B4F54C4F92D067
S2140248D04CF6500301E04CF640439C428AE700BF88
S2140248E00B9304001C6000202DE9F7430F46904608
S2140248F0994606461AF018FA044630461AF030FA76
S214024900C5B2083D2C44E178094BA2781970094BD0
S21402491031461A70002043463A46CDF8009012F00F
S214024920E8FA003818BF012003B0BDE8F08300BFE4
S214024930A4670020A36700202DE9F04FDFF840812E
S214024940DFF8409198F8002099F8003006469A421F
S21402495085B004D340F2191142481AF0CCFD304615
S2140249600DF10F011AF0B4FB20B14FF48E713D48E1
S2140249701AF0C1FD98F800709DF80F403D1B15F027
S214024980FF0530D04FF0FF3C374B01211B78A1408A
S214024990184699F800304FF6FF790CFA03FC00230C
S2140249A0324A01F1FF3E0193C1F1000A9DF804303C
S2140249B0984243D8122004FB00002D4BA0F11201AE
S2140249C005EBC5025200194404F101091844F6F732
S2140249D03DFC4FEA89092748A9F104010144AA00CF
S2140249E04844F6F733FC224904EBC40201EB4203C7
S2140249F021F81260204A013712784FF6FF71DA73F7
S214024A001A745A7412025A801C4A0D2012781A71AD
S214024A1010225A7100229A73C3F80620C3F80A209D
S214024A20144B43F8242088F800701AF00BFE0EB9D7
S214024A3008F05CFF204605B0BDE8F08F13884B45B2
S214024A400AD053680AEA030B03EA0E030B4403EB8D
S214024A504B0343EA0C035360019B08320133019374
S214024A60A4E700BF1E9304003571002060480020B2
S214024A70D05D002004480020A46700208167002043
S214024A80EE660020337100202DE9F041074600252E
S214024A900A4B0B4E93F80080ECB2A04503D8FF24D5
S214024AA02046BDE8F08108223846B11DF6F7C8FE5A
S214024AB001350028F4D01236EEE700BFEE6600207D
S214024AC0D05D002008B5FFF7DFFFFF281DBF00B24C
S214024AD0044B00EBC0004FF6FF7018BF33F810000F
S214024AE008BD00BFD05D002007B50DF107011AF022
S214024AF0EFFA30B19DF80730034803EBC30300EB2F
S214024B00430003B05DF804FBD05D00202DE9F843B6
S214024B10294E044633785D1E2D1A8342EDB204D820
S214024B204FF4A17125481AF0E6FC0123A3404FF08A
S214024B30FF305F1E3B4400214FF6FF7E6FEA0308FC
S214024B401F4A92F800C01F4A127890401E4ACBB203
S214024B509C4523D8BDB127B204EBC4041B486400AD
S214024B6005EBC50204F11201014452002044F6F797
S214024B706DFBBF001648AA00391D014402F0FC0274
S214024B803844F6F763FB33780022013B33704FF666
S214024B90FF71BDE8F8430E201AF054BD1388734522
S214024BA007D0536808EA03093B4003EB5903034363
S214024BB0536008320131CAE7EE6600201E930400F5
S214024BC0357100203371002060480020D05D00203F
S214024BD00448002010B50A4C207858B9094B1B78B7
S214024BE01A2B03D9992108481AF085FC0322074B91
S214024BF01A7010BD0138C0B2FFF788FFECE700BF9D
S214024C00EE660020337100201E930400EA66002040
S214024C102DE9F04705461AF029FEFF28044624D15E
S214024C20DFF884901E4B99F800201B789A422BD20C
S214024C302846BDE8F047FFF77FBE38883B795045E7
S214024C4018D86F2B4FEA131214D85B0710D01237FE
S214024C5008F1010899F800105FFA88F6B142ECD81C
S214024C600023104ADEB28E4214D32046BDE8F087F7
S214024C70022AECD90DF0E2F90028E8D1294630469E
S214024C80BDE8F04716F041BC4FF000084FF6F77A41
S214024C90044FDFE7107901338F28EFD81232E1E7AD
S214024CA033710020D05D0020EE6600204FF6F773C9
S214024CB0984210B514D8FFF7ABFFFF2810D0134C5C
S214024CC000B200EBC00004EB400412F06BFB10498C
S214024CD038B962880B7802EB0313A3EB12136380D6
S214024CE010BD227C637C09789A42E2732374617455
S214024CF007D98B4203D213468B4228BF0B461B02B0
S214024D00EDE78A42F8D31346F9E700BFD05D0020EC
S214024D10A46700202DE9F04106460F4600240E4DFA
S214024D20DFF8388098F80030A34201D8BDE8F08159
S214024D30082229463046F6F783FD40B935F8063C88
S214024D40BB4204D02046FFF7E1FE013CE4B2013448
S214024D50E4B21235E6E700BFD65D0020EE6600201C
S214024D60F8B5054608460E46FFF78EFEFF2830D0F9
S214024D701D4B294653F820703046FFF7CBFF2846D6
S214024D80FFF746FFFF28044625D10CF083F8FF28DC
S214024D900AD1164C207838B114F024F92378B0FBE7
S214024DA0F3F202FB1300C0B2294616F0AEFB04462D
S214024DB023B20F4D03EBC30305EB4305082231462E
S214024DC0A81DF6F743FA2B79204603F00F032B7142
S214024DD0F8BD0027D3E7074B1B78002B18BF002728
S214024DE0014B43F82070E3E70448002033710020AB
S214024DF0D05D00205871002038B50B4B04461B7856
S214024E000D46834204D840F25A2108481AF073FB32
S214024E10074804EBC40400EB44002946BDE83840CA
S214024E2008220630F6F712BA337100201E930400E9
S214024E30D05D002070B5044608460E461AF016FDF0
S214024E40FF28054610D02046FFF71EFEFF2807D093
S214024E50084B1B7823B9084B53F8202043F825202B
S214024E6021462846FFF7C8FF31462046BDE8704077
S214024E70FFF750BF58710020044800202DE9F84380
S214024E800024804601272646114DDFF84C9099F8FB
S214024E900030A34210D83E430134E4B21A2C4FEA43
S214024EA0470705F11205F2D14FF0FF30094B1B7888
S214024EB098403043BDE8F8832B884345EBD028461C
S214024EC016F07BFB0328E6D82B796F2BE3D8E3E7B3
S214024ED0D05D002033710020EE66002010B5084C2D
S214024EE000EBC00004EB400423795B0707D12046A1
S214024EF016F063FB237923F007031843207110BDD5
S214024F00D05D0020014B1878704700BF5971002011
S214024F10014B1878704700BF5871002070B51A48C8
S214024F20FEF782FB194B1B78033B012B28D805F0B2
S214024F30A3FB03F057FBBDE870404FF47A511248CA
S214024F4019F0DEBF23798F2B4FEA131111D80131E6
S214024F50204616F062FB062901D8032909D12379D7
S214024F60002223F007034FF6FF710F2023711AF079
S214024F7069FB123401353278EBB29A42E2D8D6E7B0
S214024F800025034C034EF6E7D46E0020F56600209B
S214024F90D05D0020EE6600200022084B1878084BF1
S214024FA0D1B2884203F1120300D8704713F80D1CE1
S214024FB0013221F0100103F80D1CF1E7EE66002025
S214024FC0D05D00202DE9F04702261227DFF85C901C
S214024FD0DFF85C8099F8004000250CE007FB05F33B
S214024FE038F803A00021504616F0FCFA10B15CB166
S214024FF0013CE4B2013599F80030EAB29342EDD8AA
S214025000A34204D14FF6FF7A5046BDE8F08713F06C
S214025010E9FF99F80030012EA3EB040390FBF3F2AC
S21402502002FB1300C4B2EDD00126D5E7EE660020DF
S214025030D05D002010B504461AF018FCFF2808D1EF
S21402504020461AF091F8FF281FBF024B1B78C018A3
S214025050C0B210BD33710020044B00211A78044BF5
S21402506004481B781A449200F6F79EB83371002063
S2140250703A7100200448002010B5134B0C461B78EA
S21402508086B0834212D9114900EBC00001EB400101
S214025090082220460631F6F7D9F8002208212046D3
S2140250A015F0EEFF80F00100C0B206E0C01A01A9BA
S2140250B0C0B20CF02BFA10B1002006B010BD01AB46
S2140250C003CB20606160E8E733710020D05D0020EA
S2140250D008B5074B024653F820308B4206D91520F6
S2140250E04FF6FF711AF0AEFA002008BD0120FCE769
S2140250F004480020024B013143F82010704700BFDD
S214025100044800202DE9F34781460C4600272A4E24
S214025110DFF8ACA09AF80030FDB2AB4210D8694670
S214025120204617F07EFBC0B3082269464846F6F7CB
S21402513087FB90B34946204616F015FDFE2537E05C
S21402514006F10608082241464846F6F779FB90B96A
S2140251504FF6FF739C422BD03388A34228D02046BA
S2140251601AF002F8FF2814D14946204602B0BDE8DC
S214025170F047FFF7F5BD14B912360137CAE7338890
S214025180A342F9D100220821404615F079FF0028F3
S214025190F2D12846FFF7BAFCCCE74946002019F0C0
S2140251A0B3FFFF28054603D0044B1B780344DDB249
S2140251B0284602B0BDE8F087D05D0020337100209B
S2140251C0EE66002008B5FFF7E7FE054B1B78013BAD
S2140251D0012B03D8BDE808400CF084B908BD00BF17
S2140251E0F56600200F4B1B7883420CD8C01A0E4A75
S2140251F0C0B232F81030D90411D443F4805322F8E6
S214025200103001207047094B00EBC00003EB40034F
S2140252105A79D10603D442F010025A71F1E70020FF
S214025220704700BF33710020E05F0020D05D002091
S214025230F0B5134B06461B78FBB100251148DFF884
S2140252404CC090F800E0104807781F44E8B2864544
S21402525001D80020F0BD7C1B94FBF3F003FB104446
S2140252600CEBC4003CF83440B44204D1002AF1D11D
S21402527084788C42EED00135E8E71846EAE700BFAC
S21402528035710020B44A0020EC66002060480020F9
S21402529070B511F06AF914250F49104E0B78328852
S2140252A030809B1A03449BB2B3FBF5F405FB143320
S2140252B00B700B49E2B20B78934292BF00239B1A03
S2140252C0DBB2032A0B7088BF002306499EBFD200BA
S2140252D00B68D3400B6070BD8467002020600020FE
S2140252E0EB660020B44A0020084B1868084BC2B28E
S2140252F01B789A4208D2074BC0F307201B789842C5
S21402530034BF00200120704701207047B44A0020B5
S2140253103571002083670020F8B505461746FFF76B
S214025320E3FF064610B9184B1A783AB92120012233
S2140253304FF6FF711AF086F90020F8BD1348DFF821
S21402534054C003780133B3FBF2F402FB1433037048
S2140253500F48DCF8002000EBC30420F8335002F1BB
S2140253600132A1703846CCF80020FFF787FDE670C0
S214025370606015F0F3FEA84201D10120DDE7E37874
S2140253800133E370F9E700BF35710020EC660020B8
S21402539060480020B44A002010B50B4C0B4A237814
S2140253A0063B137011F0E1F80022094BFF2118802A
S2140253B0084B09481A602278D200F5F7F5FE042257
S2140253C0064B1A7010BD00BF35710020836700209F
S2140253D020600020B44A002060480020EB660020CF
S2140253E048B139B1044B1B780B70044B1B78037021
S2140253F00120704708467047826700205A710020D5
S2140254002DE9F84307461AF06FF805461A481AF0CF
S214025410E2F91A4B48B31C683C1B2C44A4B2002287
S214025420174BDFF864901B78164D99F8006005EB71
S21402543003155FFA82F8464509D9AB8805F11000D4
S214025440A34215D9B21A29461201F5F7FFFE013614
S21402545089F80060AC80B8F1000F03D139460648DF
S21402546019F04EFD2846BDE8F8833C461D60D6E797
S21402547005460132DDE700BFF46E002030590020F9
S2140254808667002004470020876700202DE9F74F33
S2140254901AF02AF84FF0000E284D294F2978294C89
S2140254A097F800A004EB011303EB0A120092F346EE
S2140254B05246DFF898801FFA80FC0646B8F80000CD
S2140254C0ACEB0009A0EB0C001FFA89F901900098DA
S2140254D0984217D1BEF1000F00D02970524503D270
S2140254E000203A70FDF7E6F83B7823B32B7816488F
S2140254F004EB0314A188C8F8006003B0BDE8F04FBF
S21402550019F0FEBCB3F804C0CC450FD84FF0010E1C
S21402551093F802C001310CF1FF3C013AA3F804B043
S21402552083F802C0C9B2D2B21033D0E701988444DD
S214025530A3F804C0F8E703B0BDE8F08F8667002042
S2140255408767002004470020F46E002030590020B0
S2140255507FB56C461E4B1F4D1E78013EF6B21E707E
S21402556095E80F0084E80F001B4B28461A7805F1D1
S214025570100132441201F5F769FE9DF8026016F03A
S2140255800F0511D1BDF808000EF0C4F9360918BF90
S21402559029464FF00002BDF8000008BF039904B088
S2140255A0BDE8704003F0F4BCBDF80400FFF728FF26
S2140255B00346828804ADADF80420224603CAAA42F6
S2140255C018605960144603F10803F6D104B070BDA2
S2140255D0866700200447002087670020F8B500246D
S2140255E0084D094F094E3B783178E2B20B449A4295
S2140255F004F1010400DBF8BD2846FDF725FD103551
S214025600F1E700BF04470020876700208667002076
S21402561070B5134B06460D46104612491A78124BC1
S21402562009781B780B44934206DB1F204FF6FF7166
S2140256301AF008F8002070BDFFF7E2FE013506807A
S2140256408570044619F04BFFE0800EF069F940F6CB
S21402565002432081E3600020FDF72CF80120EAE7F0
S2140256603271002087670020866700202DE9F84304
S21402567086460023144FDFF85C803E7898F8005088
S21402568012497219DCB294421CDA4FEA041C31F851
S2140256900C900133F14501EB0410F3D1631CD21ACE
S2140256A00CF1100C12016144F5F7D0FDA5428BBF38
S2140256B005F1FF3506F1FF3688F800503E700CB94A
S2140256C0034B1C70BDE8F883876700200447002060
S2140256D08567002086670020044B054A1B781278EF
S2140256E0D3420CBF01200020704700BF866700200F
S2140256F087670020024B1878003818BF01207047D1
S21402570086670020002108B5084B09481970094B26
S2140257101970094B1970094B1A781201F5F744FDF6
S214025720BDE808400648FDF77FBF00BF8767002038
S214025730044700208667002085670020327100201B
S214025740F46E002010B50B4C23784BB10A4803F0D8
S214025750ABFD58B1084B0121188815F041FE08B977
S214025760002010BD0122054B1A70FAE7FFF7F0FE83
S214025770EAE700BF8667002004470020856700200E
S21402578010B50E4B1B78BBB10D4C238883424FF0ED
S214025790000311D10B4AE160137049B9A3781033A4
S2140257A0A37016F013F918B9A37823F00F03A370A9
S2140257B0FFF7CEFE012010BD1846FCE786670020E4
S2140257C0044700208567002070B592B00C46064656
S2140257D013F005FCE17A05460020FCF72DFC28B301
S2140257E094F90A0015F05AFC10BB134BE27A2946CC
S2140257F083F85820A27A83F85A206A46FCF750FFAC
S2140258004FF6FE739E420CBF4FF6FF7323896A461D
S21402581029460020ADF80660ADF80430FDF7F6F92B
S21402582040B92289054B5A8012B070BD5520FBE75D
S2140258305620F9E72120F7E748580020345900207F
S21402584010B50446014608220948F5F7FFFC237BFB
S214025850022B0AD8002B14BF3122012205490B70F5
S21402586017234B61044B1A7010BD00230122F5E783
S2140258703859002034590020F466002001461023CF
S2140258800120014AFDF74ABF64EE0100014B586150
S214025890704700BF34590020014B1878704700BF8C
S2140258A03459002010B5054C2378112B03D0E22181
S2140258B0034819F020FE4123237010BDF466002031
S2140258C029930400064B01461B78042B04D1054A93
S2140258D0137E053313767047034819F011BB00BFD9
S2140258E0F566002034590020146F002008B50648DB
S2140258F0FDF7AAFB0548FDF7A7FB13F0B7FCBDE8CA
S214025900084001F003BB00BF1C600020506000206E
S214025910064B1878332806D000F0EF00A0F14303B8
S2140259205842584170470120704700BFF466002075
S214025930002208B5074B4FF6FE701A7015F01AFCD7
S2140259404FF6FF7015F033FC034B5869BDE808406C
S21402595013F01ABCF46600203459002008B5064B32
S214025960187838B10548FDF74BFE4FF47A73B0FB52
S214025970F3F0C0B208BD00BFE9660020744A0020FA
S2140259802DE9F0438BB00746154698460E469DF81D
S214025990489049B9104605AC19F0E6FB21460BF0D3
S2140259A0B5FD172818BF2646B9F1000F0AD1124BCB
S2140259B01B781BB9284616F059FFD0B92846FEF7C1
S2140259C013F902E0284616F051FF80F00104E4B213
S2140259D09DF850302A4602939DF84C303146CDE968
S2140259E0009338464346039415F058FE0BB0BDE8C4
S2140259F0F0834C46ECE700BFF06600202DE9F04F3E
S214025A0097B099469DF88830BDF880B0219D0893DE
S214025A109DF88C300E4658460FA90492079317F04D
S214025A209FFB05B3002800F0208195F801A00FAC7B
S214025A30CAF3400A8E4B19F0800F1B7814BF4F46EC
S214025A4049F08007022B17D04FF6FF78002D40F062
S214025A5087810225584615F0D9F82B46424621463C
S214025A6015F0F5FBBCE0584615F051F9044600283F
S214025A7000F0FB80AA46DDE71EB97E4B1B78002BA2
S214025A80E2D00DF13A012046FEF7FCFA584615F030
S214025A9051F9012838BF0120C3B2059395B3281DDA
S214025AA019F007FE804609F002032046069315F019
S214025AB030FB214609908146002019F025FB069A04
S214025AC0099B12BBFF2820D1F2F7E6FA6A4A12783F
S214025AD0824200F032814FF6FF72099B934214D144
S214025AE0FEF726F8002800F028814FF6F77398454F
S214025AF023D916F008F811A98146FEF7E9FA00281C
S214025B00F7D02EE0BDF83A80CDE74FF6F772904513
S214025B1020D8934211D898450FD0194622460AA893
S214025B2019F0BEFA0A980B9913AB03C3BDF83020DE
S214025B30022113A81A80FEF739F9404611A9FEF78A
S214025B40C7FA024628B9082111A815F099FA0028C2
S214025B5066D0C1464FF6F67209F1FF339BB2934206
S214025B60C7D8BAF1000F03D1444B1B78002B60D183
S214025B70584615F04BF8059B4A46019301232146E9
S214025B8000933B46FEF7E4F84FF6FF7398428046D2
S214025B9000F0D380014600220AA819F081FA0A987A
S214025BA00B9913AB03C3BDF83020022113A81A8049
S214025BB0FEF7FCF8002D3FF44DAF002E40F0D280E9
S214025BC045460123C7F3C0074246CDE90163214695
S214025BD02B4604980397CDF800A015F05FFDA84663
S214025BE0BAF1000F0FD04FF6FF7398450BD0404620
S214025BF019F0BAFAFF281FBF214A32F8103023F4F0
S214025C00804322F81030089B7BB315F0A7FA249B3A
S214025C10014600934246234607980CF0EDFC24E02A
S214025C200822204611A9F5F70BFE00287FF461AF83
S214025C308FE7002D64D0134B1B68980727D5049B6B
S214025C400F2B21D0281D19F034FD02230121CDE9A6
S214025C5001310023C7F3C0070246009321464FF6E0
S214025C60FF730498039715F019FD17B0BDE8F08F7F
S214025C70F4660020E9660020ED660020F06600204B
S214025C80E05F0020C84A0020079B012BDAD1281DBE
S214025C9019F00FFD804619F067FA0990404619F090
S214025CA0E5FD4FF6FF71BDF83A208A4256D04245CE
S214025CB0099B53D1FF2B4AD0184616F0EDFD7840CB
S214025CC010F0EF0F14BF01230023BDF83A0009932A
S214025CD019F04AFA0690BDF83A0019F0C7FD099B7A
S214025CE066B14FF6FF7CBDF83A10614506D04145D5
S214025CF004D0069A0240D2B2FF2AA3D1002BA1D129
S214025D00224649460AA819F0CBF90A980B9913AB12
S214025D1003C3BDF8302058461A8014F077FF3A467F
S214025D200146059B13A8FDF7DDFF30B94FF6FF735A
S214025D30BDF8548098457FF43DAF4FF6FF789DB18D
S214025D400126281D19F0B5FC4546804639E7FF288E
S214025D5004D0069BB3FA83F35B09B6E70023B4E7E5
S214025D600226EEE70026ECE7012573E60022014B49
S214025D701A7670473459002008B50B4B1B78022B55
S214025D8010D10A4B1B78033B012B0BD9084B187812
S214025D9000F00100FEF730FA0023064AC2E901339A
S214025DA0538008BD0020F3E7F4660020F566002065
S214025DB0E96600203459002038B5174D2B78033B8E
S214025DC0012B1CD8154BB3F868204FF6FF739A4286
S214025DD015D10320FDF728FD02F0CEFBFFF7CCFF1E
S214025DE02B78033B012B01D909F0FCF8002018F0B0
S214025DF091FE78B1BDE83840002015F01DB8FDF7D9
S214025E00FDFC0446FDF7F4FC0146204608F05EFB66
S214025E100220DFE738BD00BFF566002048580020A4
S214025E2008B5114A114B58611378032B1BD0D3B116
S214025E30332B01D0432B10D10D4B1B78033B012B88
S214025E4005D803231370BDE8084013F09DB913F07C
S214025E509BF9BDE80840FFF7AFBF21231370BDE8EA
S214025E60084002F09DB908BDF466002034590020AF
S214025E70F566002038B504461348FDF7D5FB134BEC
S214025E801B78013B012B1DD8114D5CB92B7823B131
S214025E9040F619402C7013F077F90024FFF76CFFD8
S214025EA0204638BDFF2C05D04FF47A710648614370
S214025EB019F026F82B78002BEFD1012340F6184074
S214025EC02B70E8E70224E9E7744A0020F566002012
S214025ED0E966002038B5114D04462B78834218BF78
S214025EE0287013F087FD80B124B9204613F084FD94
S214025EF002220DE0012013F07FFD2B781A1F012AE3
S214025F0005D9062BF4D1032202E0002CF5D101229A
S214025F10BDE838400021084615F0E6BAF5660020CE
S214025F2030B5044685B068460D46FFF7A7FC94B127
S214025F3000212846144A02F043FB144B20681B78C3
S214025F4061688DF80430124B1B788DF8053002AB71
S214025F5003C306F0B1FA0F4B93F8582093F85A3061
S214025F608DF803208DF8023015F015F9ADF8000013
S214025F7015F0F4F81023ADF8060069460020064A2C
S214025F80FDF7CCFB05B030BD00F8FF0728710020F6
S214025F90F56600204858002064EE010010B5144B48
S214025FA004461A78134B002083F8582018F0B2FDE6
S214025FB010B1002014F040FF00210846FFF7B0FFA2
S214025FC00D4B1B78033B012B0ED813F007FD204622
S214025FD0FCF754FE40F6174013F0D6F80023074AA3
S214025FE01380074A138010BD0BF016FCEFE700BFC4
S214025FF08867002048580020F5660020F65F0020DB
S214026000F45F00201FB504466846FFF737FC54B11C
S21402601000238DF80530102369460020064AFDF756
S2140260207DFB04B010BD15F099F8ADF8060015F02A
S214026030B2F8ADF80000EEE764EE010010B50146D6
S21402604004460020FBF7F8FF90B10C4B1B78023B8E
S214026050032B0FD80A4B1C7019F036F960B9094A9F
S2140260600949FCF77FFB003818BF0120800010BDED
S2140260705520FCE70220FAE74D20F8E7F4660020F8
S21402608088670020619702009D5F0200F8B5064609
S21402609019F01AF9044668B918F03CFD50B1064DDD
S2140260A0204695F8587085F8586014F0C5FE10B171
S2140260B085F858704D20F8BD485800202DE9F0416B
S2140260C080461846033B012B0E46174602D918B1E6
S2140260D021243CE0FFF7FEFE294B1B78012B4CD017
S2140260E0284B1D78022D08D0032D46D1B8F1000F9B
S2140260F003D1254B1B689B073FD43320FDF794FB47
S21402610001F0E8FCB6F1006F34BF204B05223146A1
S2140261104FF0060038BF1A78FEF776FA044628BB18
S2140261201B4D2873012000F029FF15F034F8688013
S2140261302846B8F1000F0DD0022300F8043B15F0F4
S21402614025FB6C732F613946304612F057FF204606
S214026150BDE8F081012300F8043B15F017FB6C73D1
S2140261602F613946304612F048FFF0E72846FDF721
S2140261705BFBB8F1000FF4D0E5E70224E7E700BFC7
S214026180F5660020F4660020C84A00205B710020F5
S21402619034590020034B187818B9034B034A1B786E
S2140261A0D05C7047F3660020F5660020FBDF040033
S2140261B038B5174B04461B78033B012B06D8437BA6
S2140261C0DB0703D590F9090013F007FC0025114BF5
S2140261D083F859502079FFF759FFFFF7DBFF6188F4
S2140261E02488034622462846FEF720F8044620B1B5
S2140261F01720FFF715FE204638BD1723064DC82187
S21402620006486B6118F07CFE03232B76F3E700BF8B
S214026210F56600204858002034590020146F0020EC
S214026220F0B51A4D06460C4693B0A5F8680005F17F
S2140262306A0729BBC5F86A10796012F0D0FE6A4672
S21402624001460020FCF72CFAD5F86A30ADF810604B
S214026250CDF812307B68CDF8163012F0C0FE6A46D2
S21402626001460020FCF7D2FC4FF6FF73B5F8680033
S214026270984203D014B1064912F0C3FE13B0F0BD23
S21402628008223846F4F7E2FFD7E700BF4858002056
S214026290B25800202DE9F041DFF8B8801F4698F882
S2140262A0003005460C4616461BB102252846BDE8B8
S2140262B0F081531E052BF8D819F006F80028F4D101
S2140262C03B7B032B14D14FF6FE739C4212D1012E58
S2140262D009D0022EE9D114F041FF4FF6FB73984223
S2140262E003D814F03BFF044604E015F00CFCFAE772
S2140262F0012EDAD0EDB939462046FFF765FA054693
S2140263000028D3D198F80030332B03D0532B1CBF70
S2140263100E4B18613046FFF7DDFD00214FF6FF7089
S214026320FFF77EFF0A4B1B78002BBFD00BF048FA14
S214026330BCE7397B721ECB1E59425941504250412E
S21402634007F054F905460028D5D0AFE734590020A7
S2140263505C710020F46600202DE9F8430546884665
S214026360914614F0FBFE3F4E04463378033B012B66
S21402637006D86B7BDB0703D595F9090013F02DFBD6
S21402638014F0ECFE384B394F188014F004FF384BEB
S2140263901880FDF72DFA374B1880FDF72FFA0822E2
S2140263A001463548F4F752FF14F0A1FE334B18703D
S2140263B02879FFF76BFE00216888FFF731FFFDF7AB
S2140263C02DFB60B14FF6F672631E9BB2934206D95E
S2140263D015F099FBB7F8683004468342F8D0204699
S2140263E014F0C8FE288814F0E2FE4946B7F86800A2
S2140263F0C047044628B91920FFF712FD1920BDE848
S214026400F883B7F8681014F040FC00231C4D87F898
S21402641059302B7803F0FB03022B02D0204615F0EE
S2140264202DF9002220461146FFF7F2F80446A8B1DD
S21402643017236B613378042B09D1C821114818F051
S2140264405FFD03232B7684F00100C0B2D7E74FF43A
S21402645016710C4818F054FD0023F3E71720FFF7D7
S214026460DFFCF0E7F5660020266000204858002092
S21402647024600020226000208967002091670020A7
S21402648034590020146F0020F0B50C461E460B4609
S2140264902049074689B004F1140053F8045B83428E
S2140264A041F8045BF9D11B8802AD0B80D4F80E00CC
S2140264B0D4F81210238803C5ADF8103023798DF86E
S2140264C012208DF8133000233A468DF814304FF61A
S2140264D0FE71012002ABFFF7DDFEC8B902A8FFF786
S2140264E0AFF9237B4BB10C4D0C4B01AA2946012078
S2140264F0019313F04EFA2A781AB92046FFF758FE8F
S21402650003E020460199FFF727FF08B9044B1E70E7
S21402651009B0F0BD2860002034590020A3B703005C
S2140265209267002001232DE9F341304E05460F46BF
S21402653000202F491446737300F0EEFC13F04FFA56
S214026540DFF8AC8038B9012D01D9042D0FD12146D0
S214026550384612F0DDFD102000210AF07FFC0028EC
S2140265603CD0002002B0BDE8F041FCF7A3B8002CF6
S214026570F1D1204B1B78212B03D0062B01D0532BB5
S21402658002D101F00DFEE6E7FDF748FA0028E2D058
S21402659000F0EEFC28B9307BC0F11800FFF740FC93
S2140265A0D9E7154B41462046019300F0B5FC20B1D1
S2140265B040F61901114818F09EFF01AA0B4998F8F7
S2140265C00C0013F0E6F932781AB90948FFF7F0FD25
S2140265D0C1E701990648FFF7BFFEBCE7FFF78AF856
S2140265E00028BED102B0BDE8F08100BF34590020B9
S2140265F028600020F4660020A3B703002993040055
S2140266001FB5144B04461B88DB0707D44FF6FF70F2
S2140266100021FFF705FE002004B010BD0A230E4A33
S214026620012001A9FDF77AF84FF6FF73BDF80C209A
S2140266309A42EBD00822FF2101A814F021FD00287F
S214026640E4D10CB90120E7E7BDF80C0001A9FFF779
S214026650E7FDF7E74060002026E1010038B50C466A
S214026660154614F087FD03F0AFFE29462046FFF7D5
S214026670D7FD00F07DFC48B1074BDB790E2B28BF17
S2140266800E230133DBB2054A137038BD044B1B7868
S214026690013B18BF0123F6E728600020A867002008
S2140266A0F566002038B500220821044614F0E8FCFE
S2140266B00546C8B914F052FD2A464FF6FF71FFF799
S2140266C0CDFF2046217CFFF72BFC6269E189207C06
S2140266D001F076FF054B1B78012B01D107F0F6F887
S2140266E0FFF76AFB002038BD0120FCE7F5660020B4
S2140266F038B51D46FFF7CEFD0446C8B92B7B2846A3
S214026700032B03D1BDE83840FFF7CCBFFFF798F85C
S214026710084B25469C8114F0EAFC0121064B814079
S2140267201A780620FDF770FF044608B1034B1D7069
S214026730204638BD345900205B710020F4660020E4
S21402674030B5012087B0FFF75BFF6B460446144A5C
S2140267501068516803C384B905F0BCFE02A8FFF7AF
S2140267608DF84FF6FF752246BDF80E002946FFF754
S21402677075FF12F04CFC07B030BD6B46094AD2F8E2
S2140267806A00D2F86E10B2F8685003C305F0A2FE93
S21402679002A8FFF773F86A46BDF80E00E6E700BFE8
S2140267A0911C04004858002073B53A4B04461B78E7
S2140267B01BB10224204602B070BD18F085FD0028E9
S2140267C0F7D100F0E5FB14B12288334B1A80002182
S2140267D00DF10700FDF7ACF8002856D114F0C7FFFC
S2140267E004460028E6D12D4D9DF80700FFF772FB00
S2140267F02B785A1E012A1FD8FFF7A2FF2B78033BDD
S214026800012B01D801F014F9FFF7D6FA012014F093
S21402681035FC034600283AD12A78033A012AC9D819
S2140268201D4A108810F0020521D0052201201C49BD
S214026830FFF744FC0446BDE7033B012B04D8204681
S214026840FFF7DEFE0028D7D12B78053B012BB1D807
S214026850FFF776FFFFF7B0FA2B78052B0CBF042064
S2140268600520FCF7E1FF012014F008FCE2E70D4EDC
S2140268700223314601200C4AFCF750FF33885B079F
S21402688098D5284601F0E8F894E7172492E70446DC
S21402689090E700BFF466002040600020F566002006
S2140268A000F8FF07F25F002027E101007FB5002411
S2140268B0184E194D3278E3B29A4201D804B070BD30
S2140268C04FF6FF73B5F868209A421AD0134B1B880E
S2140268D0DB0714D5124AB5F8683010685168ADF86F
S2140268E00C3001AB03C30F4A0A23002001A9FCF7B0
S2140268F015FF022300200C4A0C49FCF70FFF013457
S214026900D8E700220821064814F0BAFB0028F6D180
S214026910DCE700BF347100204858002040600020A9
S214026920B258002026E1010027E10100F25F0020B4
S21402693010B501F0CFF802F013F8D8B10E48FCF704
S21402694073FE0E480E4C017A0E30FFF7E9FA2378F2
S2140269501BB100F0BFFA002323700022094B1A7302
S214026960FFF72AFA08F056FD01F044F9BDE8104098
S214026970FFF79CBF10BD00BF146F002028600020E8
S214026980926700203459002010B52548FCF74CFECB
S21402699001F0E6FF30B1234B1B781BB9BDE810406F
S2140269A0FFF7C6BF01F0DCFF78B11F4C237E83B130
S2140269B0C8211B4818F0A4FA0021237E0846013B92
S2140269C02376BDE81040FBF7E3BEFDF727F8002864
S2140269D0EBD1FDF723F8154B1B7858B9112B03D0D2
S2140269E003F0FD03412B19D1BDE810400E4B586948
S2140269F0FFF716BA332BF7D10D4B188814F0BAFBF3
S214026A000C4B188814F0D3FB0B4B0C491888FFF775
S214026A1007FC0B4B1878FFF739FBE5E710BD00BF04
S214026A20146F0020F066002034590020F46600201F
S214026A302660002024600020226000208967002053
S214026A40916700202DE9F04F0F4685B002AD04464F
S214026A5029463846914616F083FB4FF0000B8246D5
S214026A603846CDF804B014F0D9F94678022C8046A0
S214026A7006F0020609D85CB1FCF7D0FF04460028EF
S214026A8048D1754B01241B7865E0043C022C3AD9A8
S214026A90FCF7C4FF384614F03AF900240546A0462F
S214026AA0DFF8D8A1384614F0B9F950F809300DF1DC
S214026AB00500019318F0FDFD9DF807B00746B8F1F2
S214026AC0000F4DD1BBF1000F5BD0DFF88C9199F827
S214026AD000300BB1002E63D0002C61D05F4B1B78C8
S214026AE0022B5DD1BBF1000F53D1384614F042FBA6
S214026AF058465946FFF714FA08F08CFC40F6074051
S214026B0012F042FB34E014F001FEFCF787FF044665
S214026B10F8B15C464EB1524B1B78012B02D0043BB7
S214026B20012B0BD805B0BDE8F08F4B4B1B782BB171
S214026B304B4B1B7803F0FB03022BF3D0BAF1000F8A
S214026B40404608BF002516F0FEFA4FF001088246BE
S214026B50A8E7414B1B78002BF0D0002EEED1E1E7E0
S214026B60BAF1000FAED05046FDF73AFB0028A9D185
S214026B70002017F0CFFF0028D4D0002014F05CF9D4
S214026B80D0E74FF6F7739F429FD91720FFF748F9D1
S214026B90EEE7FCF743FF48B13248FCF745FDF4E761
S214026BA0FCF73CFF10B1BBF1000FF5D1FCF736FF46
S214026BB00028DDD02846FDF767FFFF28DFF89CA0F7
S214026BC0294C03D09AF80030012B04D12946B4F898
S214026BD06800FEF7C5F8FEF781F92A463846B4F88B
S214026BE06810FFF73BFD214B214A93F906301B0242
S214026BF013809AF80030012B19D0312B14BF43238F
S214026C0011238AF800301B4B1648196818F078F9D9
S214026C1000F00EFF0023124C99F80010237641B9BB
S214026C20104818F06DF940F61B436361A0E7112384
S214026C30E7E7B8F1000F03D016B1FFF779FEF2E7E7
S214026C400D4B1B78042BEED10521064818F058F997
S214026C5009232376E7E700BFF0660020F4660020EB
S214026C6034590020146F0020485800202860002065
S214026C703E600020346F0020F56600207767002013
S214026C802DE9F043084693B00E4614F0C7F80922E1
S214026C900021804617F088FF0446304614F037F885
S214026CA0052207460DF1090330460AA912F0C6FA74
S214026CB0022881461DD09DF8093031461C44002327
S214026CC0E4B204F1100218F8045001200093D2B284
S214026CD010F00FF968B1072D09D855B1013D062D00
S214026CE007D8DFE805F00918068A062541007C2D3C
S214026CF045D013B0BDE8F0835B4B1B78013B012BFC
S214026D00F7D8304613F082FF002332461946009425
S214026D1014F000FDEDE7554B1B78012BE9D1544BDF
S214026D2018780028E5D122463146FFF78BFEE0E7C9
S214026D304D4B1B78013B012BDBD8384609F0DCFFB4
S214026D404FF6FF739842044606D0304613F05EFFB5
S214026D502246394614F06AFA444B1B78022BC8D1F5
S214026D60384612F0D3F9C4E73F4B1B78013B012BA0
S214026D70BFD8494630460AAA00F01EF9B9E73A4B90
S214026D801B78013B012BB4D8A04498F8012098F850
S214026D900230652AADD16D2BABD1304617F0E0FF3D
S214026DA01334E4B28442A4D20822394603A8F4F784
S214026DB04DFA214630460DF10A0216F014F9002863
S214026DC097D1BDF80A30002B93D005A809F0B0FA87
S214026DD00123284DBDF80A002B7017F0C1FF0446A8
S214026DE0BDF80A0017F0A0FFE2B2034605A903A801
S214026DF012F026F900232B707BE71B4B1B78013B16
S214026E00012B3FF676AF06220021404617F0CCFE55
S214026E10404418F04EFC0746FCF758FE044600288D
S214026E207FF467AF304613F0ECFEC3047FF561AF24
S214026E3046F204030121ADF8143038460223CDE9A8
S214026E40004405AA16F01EF9054600283FF451AF85
S214026E50394613F01AFF304613F0D8FE224629466A
S214026E60FDF706FA45E700BFF5660020F466002047
S214026E7034590020C367002008B5084B187050B17B
S214026E80074B1B883BB14FF47A710648594318F0FA
S214026E9037F8002008BD0120FCE700BFE7660020A7
S214026EA0D270002074490020014B1878704700BF4A
S214026EB0E7660020014B188000207047D270002041
S214026EC008B5FCF7B1FB0022014B1A7008BD00BFE3
S214026ED0E766002010B50024044B05481C80054BCD
S214026EE01C70FCF7A1FB204610BD00BF42600020CC
S214026EF0386F00209C67002008B50348FCF794FB17
S214026F00BDE80840FFF7E6BF386F00200148FCF7EF
S214026F109BB800BF42600020F7B5134B04461B78AF
S214026F200E46EBB183421DD90021104818F025FC0D
S214026F30002501460D4F09B9012009E0AC4209D1EE
S214026F400024162322463046009418F0B3FC20464E
S214026F5003B0F0BD384618F034FC01350146EAE7C6
S214026F601820F5E72720F3E79C6700204260002000
S214026F70014B1878704700BF9C67002025289DBFEC
S214026F80024B187000202120704700BF5E7100205F
S214026F90012307B51846064A0DF10701FCF7BEFBAA
S214026FA09DF80720034B1A7003B05DF804FB00BF80
S214026FB029E10100D4700020F8B507460E461446B3
S214026FC013F0A5FE1A4B05461B78022B2FD1194843
S214026FD018F001FC58BB284612F04DF938B3224689
S214026FE03146384612F043F908B311F0FBFF044667
S214026FF0384613F00BFE104B012E1A784FF00F0393
S21402700003FA02F39BB2B4FBF3F203FB124404F15D
S2140270100104A1B206D1094B094A1E702B681360FF
S2140270206B6853600348BDE8F84017F069BFF8BDC7
S214027030F4660020944A00205D7100209B670020C1
S2140270409367002084B010B502AC84E80F000822D3
S21402705027480DF11601089CF4F7F2FB08BB9DF8D1
S21402706015309A0705D4234B1B7803F0FD03312B0A
S2140270701DD121496378097803F00F028A4203D0B2
S214027080012922D1022A12D1227882B91B09022BA7
S2140270900DD11A4BA0781B78022B1AD1C0F38000B0
S2140270A006E000220821124813F0EAFF20B9002069
S2140270B0BDE8104004B07047114BBDF808205B884D
S2140270C09A42CCD0002BCAD0F1E70229EFD1012A8E
S2140270D0D9E7030609D40B4BB3F86820BDF80A308B
S2140270E09A42E4D1FEF714FCE2E70120E0E700BF93
S2140270F038590020F466002028710020F56600202A
S2140271003459002048580020284BF0B55D880023EB
S21402711087B08DF80830264B0DF10B001B7805F072
S214027120010743F020038DF8093014F02FFB6FF0AF
S2140271307F43ADF813308DF8153014F0A5FB1D4BC8
S2140271408DF816001B7805F01006DB00DCB2F0F7AF
S214027150A3FF194B1B7883422CBF44F0040344F070
S21402716084032FB1A9061ED426B143F0020301E020
S214027170AA07F9D4002108468DF80A3017F048FE0F
S214027180ADF8060058B101230F2202A90DF1060040
S214027190FCF79EF918B90DF1060012F0F7FBBDF8E0
S2140271A0060007B0F0BD43F00103DDE7D47000200F
S2140271B028710020A8670020ED66002010B5FCF7B5
S2140271C033FA0A4B1B78022B0CD1094B1B78033B74
S2140271D0012B07D9074C207828B1002012F04EF870
S2140271E00023237010BD13F0F4FFF9E7F4660020C5
S2140271F0F56600209B67002084B02DE9F0478EB02C
S21402720016AC84E80F00DFF878C1594BBCF80200D0
S2140272109DF85DA010F001049DF96220BDF870E0B3
S2140272209DF875909DF976709DF878509DF97A10C4
S2140272309DF95E809DF860601B7835D09DF87D00D4
S214027240C0F34004C0F38000002B4AD0494B1B78A1
S214027250022B09D18A4244DB24D1A81BC0B2802863
S2140272608CBF0020012016E0434B1B78012B01D176
S214027270002C7AD078B19CF800301E335BB29F4265
S214027280D4BF002701279845D4BF00230123BB4261
S21402729006D18A42E0DA0EB0BDE8F04704B0704785
S2140272A03846F8E70020F6E710F0020F18D0C3B110
S2140272B0490814BF01200020520814BF01230023EE
S2140272C08342E8D1AB1BDBB2802B0AD9AE42E9D1AE
S2140272D0B84506DB49D1CA452CBF00200120DAE7B3
S2140272E00BB90120D7E7AE4216D002AC1CAF0FCFC7
S2140272F00FC497E8030044F8040B2180DDE91A0165
S21402730016AB0090ADF804100FCB12F039FB002834
S214027310E7D1AE42A1D1BEE7BDF8583073451ED0C4
S21402732008AC0DF1700CBCE80F000FC49CE803001B
S21402733044F8040B2180114C638873450FD1082250
S214027340211D0DF12E00F4F77BFA024638B908210A
S214027350201D13F095FE10B96388002BC1D1B845E5
S214027360BFDBC2D1CA45BCD3BFE7204693E700BF06
S2140273709C670020F5660020F46600203459002041
S214027380D470002084B02DE9F04F8FB06A4E18AC4E
S21402739008AD84E80F00162200212846F3F704FF02
S2140273A033783BB90024654B32781B789A4239D23F
S2140273B0002726E00021624818F0DFF9002704467D
S2140273C0B846DFF87C91002C45D13FB122463946BB
S2140273D05B4813F0B8FD3378013B33703378002BEB
S2140273E0E0D0002156484FF0000918F0C6F94F4683
S2140273F08046CA46DFF848B1B8F1000F6CD1002FBC
S214027400D1D01621002218A813F023FD014648B158
S214027410002F00F08B802246494813F03AFD33785D
S21402742001333370454B32781B789A4207D9444869
S2140274300022018813F087FD3378013B33703378DE
S214027440012B03D13F49404817F05AFD0FB0BDE863
S214027450F04F04B070470022214616232846CDF886
S214027460008018F027FA1622294618A8F4F7E8F939
S2140274700028EBD09DF864209DF824309A4225D14E
S214027480BDF86020BDF820309A421FD108220DF1C7
S2140274902E010DF16E00F4F7D3F9B8B902AF0DF173
S2140274A0600CBCE80F000FC79CE8030047F8040B0B
S2140274B039800EAB13E903000090ADF8041095E88E
S2140274C00F00FFF799FE0028C0D0274621464846FF
S2140274D018F077F9044676E7162300224146284636
S2140274E0CDF800A018F0E6F902AF0DF1600CBCE88A
S2140274F00F000FC79CE8030047F8040B39800EAB59
S21402750013E903000090ADF8041095E80F00FFF7AA
S21402751073FE074620B1B9F1000F04BF4446814608
S2140275204146584618F04DF9804665E73A46044803
S21402753018F029F973E700BF9C6700205E710020EF
S2140275404260002020BF0200386F00202DE9F04F75
S214027550002104469FB00DF14008162240460E91C7
S214027560CDE90C11CDF83B10F3F71EFE052220469E
S2140275700DF11F0316A911F061FE0228074600F05E
S214027580F880204613F04AFC064618F092F8814628
S214027590F01C18F08EF8ADF84000701D18F089F84F
S2140275A0012FADF84200204640F0E68013F036FC8C
S2140275B00546204617F0B8FB0D3502232D1A009318
S2140275C0214643460820EAB20FF093FC002800F05A
S2140275D0D080204613F027FC012F83469DF84D30BD
S2140275E040F0E38000252F4643F001038DF84D302E
S2140275F016AE3388022B4DD1F178204602310CF0BC
S2140276000FF81B2846D1F178204603310CF008F813
S21402761019283FD1F178204604310CF001F84A28A7
S21402762038D14FF0050AF1782046013151440BF06B
S214027630F7FFF1780590514420460BF0F1FF059BC9
S21402764000EB032083B200F03F02932B059240F03A
S2140276509B800023F778214602375744FFB23A460A
S21402766000930CA80F2318F025F907F10F01204606
S21402767015F04FFC07F111010546204615F049FCAE
S214027680ADF84200059B023353445FFA83FA33791E
S2140276905345C8D806360DF17603B342A9D19DF8F4
S2140276A04D20C5F3C03363F3410220468DF84D20CA
S2140276B013F04BFB8DF84400204613F03BFB8DF88D
S2140276C04500204613F03BFB9DF83230BBF1190F04
S2140276D0C3F3C3028DF84720DDF833208DF8460049
S2140276E0CDF84E20DDF83720CDF8522094BF002288
S2140276F09DF83E208DF8482003F003028DF84A20BC
S2140277006E4A1278022A9DF84D200CBFC3F38003FE
S214027710DB0963F382026A4B8DF84D201B78022B3D
S21402772057D1BDF8406013F036FD864251D108A805
S21402773014F02CF8BBF1190F48D908220DF14E01AE
S21402774008A8F4F77DF800283DD1B9F5004F02D01D
S214027750B9F5624F0DD140F6FF7325F440459D42C0
S21402776007D1002208210DF14E0013F089FC0028F3
S2140277703FD01FB0BDE8F08F13F050FB0546204601
S21402778017F0D2FA073518E7412B7FF47BAFF17872
S2140277902046023151440BF043FF4A4B1B78C3F19B
S2140277A0B30318448DF849006CE76FF30003F01D2D
S2140277B08DF84D3017F07DFF0CA90546204614F0D3
S2140277C019F80B276BE700F0B3FFBEE700F0B0FF37
S2140277D0CFE7B9F5004F02D0B9F5624FC9D140F6EE
S2140277E0FF7325F440459D42C3D1BBF1190FC0D9A2
S2140277F0B7E7BBF11A0F06D007F11F014246204633
S214027800C9B212F0C5F8304C304D637BDBB12B7831
S214027810012B1DD1012323730CAB029314AC94E805
S21402782003000090ADF8041098E80F00FFF70AFC7A
S21402783090B194E803000090ADF8041098E80F00A9
S214027840FFF7A0FD08E0FCF7E9F80028DFD0E1E743
S21402785003F0FD03042BDDD02B78012B01D0042B83
S21402786087D11B4BDDF84E001B78DDF852108DF8E1
S2140278702230BDF84030ADF820309DF84D30C3F3CD
S21402788040038DF823309DF8313003F00F038DF856
S2140278902C309DF848308DF82D3009AB03C30D4BC4
S2140278A01B681BB1414608A8984762E79DF9462027
S2140278B09DF8451008A811F027FC5AE7F566002047
S2140278C0F4660020A3670020345900208067002059
S2140278D0A2670020285900202DE9F043424B434C72
S2140278E01B7885B0033B012B22D817F0FDFD2378C9
S2140278F0022B31D13E4A1468A0422DD03D49106079
S2140279000A68121B10443C4A0860127872B1013AA7
S21402791093403C2253434FF47A72534398421BD906
S214027920032005B0BDE8F043FBF77EBF0A23F2E76B
S21402793017F0DAFD2378022B0ED12D4A1568A842DD
S2140279400AD00027DFF8BC802C4E1060451B98F842
S2140279500030FCB2A34202D805B0BDE8F08356F868
S214027960243020462B4446F8243017F055FCC30733
S2140279704FF0000910D5204609F0FEF970B156F80E
S2140279802430242B08D9102200232046CDF800905C
S21402799009F00CFA46F824900137D8E7184B1B5D1D
S2140279A013F00F031FBF03F1FF32022393403C2262
S2140279B00CBF0A2353434FF47A72534356F82420DB
S2140279C09A42E9D9204609F067F902A914F029FF7C
S2140279D028B1204609F060F902A911F013FB2046EF
S2140279E014F0B5FFD8E700BFF5660020F466002065
S2140279F0C04A0020BC4A002023710020D84800203C
S214027A00996600203A710020064B1B88DB0708D5D2
S214027A100022054B43F82020044A135C63F00F0350
S214027A201354704744600020D8480020996600200E
S214027A3008B517F059FD0022024B1860024B1A6077
S214027A4008BD00BFC04A0020BC4A0020014B18688F
S214027A50704700BFBC4A002008B50C48FBF7E4FD9F
S214027A60FBF736FF80B10A4B0322B3F868100120F9
S214027A7011F0B0FF4FF47A71064B04481B88594345
S214027A80BDE8084017F03CBA08BD00BF586F00209A
S214027A9048580020B4700020014B18800020704720
S214027AA0D8700020044A054B1870138823F003038D
S214027AB01843108000207047446000202471002084
S214027AC0034B1888C0F30E00003818BF0120704719
S214027AD0F25F002008B5FFF7F3FF30B1002004493B
S214027AE00223044A0880FBF719FE002008BD00BFE7
S214027AF0F25F002027E10100024B1888C0F30E0057
S214027B00704700BFF25F00200023084A012013706E
S214027B10074A08491370084B084A1B7843F00403C7
S214027B2013800223064AFBF7F9BD00BF9F670020B9
S214027B309E670020F25F002024710020446000202F
S214027B4027E1010013B514468DF80710DAB9CAB258
S214027B500E2A18D80E4B1B881341DB0713D517F0D5
S214027B6003FBFF2811D09DF807200A4B0DF10701F1
S214027B701A5400F58330012200F58070E5F7D4F937
S214027B80204602B010BD0124FAE70224F8E700BF3F
S214027B90D87000209966002030B5012100240B23FE
S214027BA085B0104D019400918DF80C308DF80D00C3
S214027BB00323B5F8680003AA8DF80E4015F062FAA2
S214027BC068B1B5F8681013F0FEFE40B10522064B08
S214027BD064211A70054B06481C7017F091F905B01F
S214027BE030BD00BF485800209E6700209F670020D7
S214027BF0786F0020064B1B78033B012B06D8054BFB
S214027C001B781BB9044B1878FFF7C6BF704700BF36
S214027C10F56600209D6700202371002010B51548E8
S214027C20FBF702FD144B1978F9B9144A13787BB1A5
S214027C30013B1370124B1B78042B02D10846FAF74D
S214027C40A7FDBDE810404FF496710A4817F058B9E0
S214027C500C4A128802F00302022A0AD1BDE810403A
S214027C60032201200849FEF729BABDE81040FFF7B3
S214027C70C1BF10BD786F00209F6700209E6700205E
S214027C80F5660020F25F002000F8FF071FB50C2300
S214027C908DF80C300B4B0C461B88012123F0040395
S214027CA08DF80E3000238DF80D00CDE90013204626
S214027CB0032303AA15F0E6F910B1214613F083FE5A
S214027CC004B010BD44600020F8B5064613F009F86B
S214027CD00546304615F0FAF9411C044689B230468C
S214027CE00BF09EFC02340746A1B230460BF098FC1D
S214027CF0394602462846FFF725FF022816D02946AF
S214027D00FFF7C4FF0A4B1B8803F00303022B0DD1B7
S214027D10284617F029FAFF2808D00022054B43F818
S214027D202020054A135C63F00F031354F8BD00BF0E
S214027D3044600020D848002099660020084B1A7834
S214027D405AB10223013A93404EF66022534303216E
S214027D500448B3FBF1F117F0D3B842F21073F6E71A
S214027D6023710020786F002070B505461748FBF790
S214027D705BFC0122164B28461A7015F0A7F9411C27
S214027D80044689B228460BF04BFCA11C064689B273
S214027D9028460BF045FC0F4C02232080214600208B
S214027DA00D4AFBF7BBFC86B9238803F00303022BBC
S214027DB003D1FFF73DFEFFF7C1FF23885B0704D51B
S214027DC0BDE870400548FFF747BE70BD786F0020DB
S214027DD09F670020F25F002027E10100586F002015
S214027DE02DE9F0431F4C0546238889B0002B33D07B
S214027DF01D4E00214FF4807009F09CFA3378DB07A1
S214027E0028D50121208816F0C7FF0746208813F0E0
S214027E1005F8023017F04DFC05A98046208815F0BB
S214027E205BFA3378384613F0020F104B18BF002562
S214027E30B3F8009016F094FF0646384616F074FF24
S214027E40F6B20290424606212846CDE9009605ABD8
S214027E5011F018F900232380054809B0BDE8F04365
S214027E60FBF7E2BB4C600020A067002048600020C1
S214027E70986F00202DE9F047304F80463D880E4629
S214027E8014469946ADB3104612F0D6FEB0F5006F12
S214027E902FD1204612F0E3FE824617F065F9FF283E
S214027EA027D02EB1264A32F810302B4322F8103053
S214027EB0B5F5007F36D0B5F5806F33D0B5F5807F47
S214027EC017D1204B1B88A3421CD14FF6FF718A455F
S214027ED00FD0204612F0D9FE284609F059FA50B9BA
S214027EE03046FFF77DFF0023174A1380174A3B8070
S214027EF01370BDE8F0870220002108F0AFFF0028CB
S214027F00EED1F0E7104D2B88A342F2D14FF6FF7167
S214027F108A45EED024B1204612F0B7FE00232B800D
S214027F200023E3E70023094A3B80137031464B46A1
S214027F3022464046BDE8F04713F0CDBA4660002020
S214027F40E05F00204C6000204A6000208567002029
S214027F5010B5044640F62140FFF742FF01214FF4D8
S214027F60807009F0E7F978B10022084B1C80084BB4
S214027F701A700BF0D5FCBDE81040064B1880064B75
S214027F800648198816F0BCBF10BD00BF4C60002022
S214027F90A067002048600020B6700020986F00207E
S214027FA0044A137818B943F001031370704743F07C
S214027FB00303FAE7A06700202DE9F04FDFF84C91A3
S214027FC087B099F80060002E40F08C80DFF840B150
S214027FD0DFF840A19BF80030F4B2A34207D8002293
S214027FE0424B1A8007B0BDE8F04FFDF7ABBB204608
S214027FF03AF8145008F0C0FE8046002860D02046AA
S21402800008F04AFE15F40071074645D001464FF6C1
S214028010FF720E2013F0FAFD0546002850D03946AE
S21402802012F033FE4FF400730027304E20463380A2
S2140280303AF8142022EA03032AF814301022002306
S214028040009708F0B3FE2A4B1B88DB0707D5294B9F
S214028050294A43F82470135D63F00F031355182062
S21402806000216043254B264C0093019101232A46AA
S214028070205CFAF7B1FB002814BF0123002389F81D
S214028080003005D13388B3F5807F01D11D4B1880AF
S214028090404607B0BDE8F08F680513D5059113F08A
S2140280A032FD012205990346009207203A46CDE9A1
S2140280B00111FDF765FC4FF480630546002DB3D130
S2140280C0013687E7104B18880028F9D0EA05F7D55D
S2140280D0394612F0DAFD0C4B1D880A4B1D804FF410
S2140280E08073EBE74FF00008D2E700BF466000203F
S2140280F044600020D848002099660020757E020061
S214028100801300204A6000204C6000208567002013
S2140281103A710020E05F0020042230B501F04003EF
S21402812087B0002B054614BF012400248DF80C20CE
S2140281308DF80D1004D004A914F073FB38B304AB09
S214028140CDE9004301210223284603AA14F09AFF30
S2140281500446F0B1104B1B78033B012B04D80F4B9F
S214028160B3F8681012F091FD4FF6F7739D4209D9E5
S214028170322202212046FDF74BFA80F00100C0B2FF
S21402818007B030BD2946204613F01DFCF5E7012056
S214028190F6E71920F4E700BFF566002048580020ED
S2140281A010B5FFF797FC04F0DBFF13F065FA00202A
S2140281B014F032FB17F088F808B1FCF7B7FA204C37
S2140281C02378532B12D1032323700023FF22194650
S2140281D00120FDF773FF002016F09CFC10B1002072
S2140281E012F02AFEBDE8104011F0F8BB062B01D0B3
S2140281F0212BF0D10120FDF705FF4FF6FE7012F09D
S214028200B9FF4FF6FF7012F0D2FF0020FDF732FEE4
S2140282100020FDF75FFEFDF7AFFD00F087FB11F0D3
S214028220E0FB2378212B02D1FDF782FBD3E7002067
S214028230FBF7FAFA00214FF4004014F0EFF8CAE711
S214028240F466002010B50A4C0A48FBF7EDF92378CD
S214028250062B02D10120FDF7D5FE2378062B01D08E
S214028260532B03D1BDE81040FFF79ABF10BD00BFE5
S214028270F4660020B86F00202DE9F84FDFF8CC80B6
S21402828004460E461746FFF725FC98F8005015B927
S2140282900220BDE8F88F212DFAD0DFF8B49099F8C5
S2140282A00030012B01D1A306F2D4274817F093FA27
S2140282B00028EDD114F0200439463046DFF894B099
S2140282C0DFF894A005F00F051BD010F099FE012DE3
S2140282D08BF80070AAF8006033D1212388F80030AA
S2140282E0FFF75EFF0020D4E7212388F80030FFF76F
S2140282F057FF00214FF6FE70FDF792FFFEF7D6FA03
S214028300F0E710F07CFE012D8BF80070AAF80060F2
S214028310EAD0062321464FF6FD7088F80030FFF7B4
S214028320FBFE40F6020240F2262199F8003006488B
S214028330033B012B88BF114616F0E2FD002CD1D17B
S214028340D7E75323E6E700BFB86F0020F4660020A5
S214028350F5660020A1670020DA7000202DE9FF41B3
S2140283600F460546511C38460BF05AF90446384665
S21402837012F054FD0646023017F09BF9424B804637
S2140283801B7804F04002022B02D0043B012B06D8D5
S2140283903E4B1B68580205D5A10603D452B304B05F
S2140283A0BDE8F08132B33A4A1278D11E012917D8B5
S2140283B0384BB3F86830AB42F1D17378180714D54E
S2140283C0304614F0C0FEFBF70BFF0028E7D0012270
S2140283D0294604F0200004B0BDE8F041FFF74CBF88
S2140283E0022ADCD1DF01DAD4E7E712F0B7FE404515
S2140283F0D5D1ECE7264B1B78013B012BCFD87378FF
S214028400D906CCD502A9384614F0AAFE002002A945
S21402841016F07AFEFF2806460BD0A20601D413F009
S21402842018FA304608F038FC04F0BAFE304614F06B
S2140284308EFA284617F01AFAFF280DD0FCF766FBCC
S21402844014F0200608D112F089FE28B13346022223
S214028450284602A905F0E0FF12F080FE00289ED111
S214028460A3069CD402A94FF6FF73022228460EF0FA
S21402847001FD4FF6FF72034600922846022202A929
S21402848010F0B0FE8BE700BFF4660020C84A00205A
S214028490F56600204858002038B504460D4616F00A
S2140284A063FEFF28034615D00B4A127842B10B4AE8
S2140284B032F81020520403D514F049FA002038BDD1
S2140284C0184613F0C6F9204645F04001BDE838408C
S2140284D0FFF722BE0120F2E7F0660020E05F0020F0
S2140284E038B5054612F09AFC0446284614F0EEFD0E
S2140284F0411C89B228460BF093F842060DD56378E4
S2140285001B070FD5204614F01EFE0146002016F06B
S214028510FBFDBDE8384014F01ABA0348BDE83840FF
S214028520FFF790BE38BD00BFB86F002038B54FF6D3
S214028530FF75A842044617D012F02DFEA04213D0B3
S2140285404FF6FD72094B198891420DD9084A1288D6
S214028550AA4201D0A24207D11C804FF47A71BDE82C
S2140285603840044816F0CCBC38BD00BFC0700020AE
S214028570DC700020544A002008B50448FBF754F883
S2140285804FF6FF72024B1A8008BD00BF544A002005
S214028590C070002037B505460C4608236946012000
S2140285A0064AFBF7BBF815B19DF806302B700CB1E6
S2140285B0009B2360BDF8040003B030BD25E1010036
S2140285C007B508238DF80600ADF804100092694638
S2140285D00020034AFBF7A2F803B05DF804FB00BFD5
S2140285E025E10100024A13780BB1013B1370704774
S2140285F0E366002008B512F0DAFD00214FF6FF729E
S214028600054B08461A80FDF78BFCBDE8084040F68D
S214028610164010F0B9BD00BFC070002008B5FBF7C9
S21402862003F80A4B1B78023B032B08D84FF6FE735F
S214028630074A108898424FF6FF7301D1138008BD8F
S2140286409842FCD0BDE80840FFF7D4BFF46600208D
S214028650C070002010B5084B1B78042B0AD012F00D
S2140286607DFD002104460846FFF794FF231A584270
S214028670584110BD0020FCE7F5660020F0B5002644
S21402868089B00546CDE90566ADF81C6014F01EFDFE
S2140286900A23024604462946009605A817F00AF958
S2140286A09DF815309DF814701F2B27D803A813F0D9
S2140286B06DF808220DF1160103A8F3F7C1F8064675
S2140286C0E0B9092F1CD1FFF7C5FFB8B1144B1B78D0
S2140286D0A3B1144B1A884FF6FD739A420ED9124C68
S2140286E0124A23780433DBB223701278013AB3EBD2
S2140286F0820F03DD58B20EF012FE267009B0F0BDEE
S2140287000A34E4B2214628460AF08AFF13F0C7F874
S214028710611C284614F0FDFBFFF708FFEEE700BFDA
S2140287203C710020C0700020E36600202271002009
S21402873038B5134B1B78033B012B20D9114B4FF650
S214028740FF711B78ABB1104D2B888B4217D112F0FC
S21402875022FD4EF6602104460C4816F0D1FB4FF679
S214028760FE7322462B800021BDE83840092013F014
S214028770A4B8074A13888B421CBF0133138038BD46
S214028780F56600203C710020C0700020544A00208C
S214028790EE5F002010B5044661B1FF2112F0DFFA49
S2140287A00021204612F0E1FA12F00FFA01462046A6
S2140287B012F0E1FA2146BDE810400022014816F008
S2140287C0E2BF00BF506000202DE9F0410D4617467B
S2140287D0044612F023FB06782846FBF777F929466B
S2140287E08046204612F051FA12F0B8FCA84206D192
S2140287F020460121FFF7CEFF0120BDE8F081284682
S214028800B8F1000F0AD0FBF7EFF950B9144B3A460D
S2140288102046BDE8F0411978FCF7FABE14F026F8B7
S214028820F3E706F00306012E08D012F097FC0023A9
S2140288302246294602F030FF0028D9D1204612F0FF
S214028840E0F9430505D52046BDE8F041002112F0C7
S214028850C7BD204613F0DDFFB0FA80F04009CCE732
S2140288602071002010B586B0044614F02FFC104B81
S2140288700246186819790290D3F805005B7A01322D
S2140288808DF8143000238DF80C10049021460093C6
S21402889092B2052304A817F00DF8052204A902A82F
S2140288A0F2F7CEFFB0FA80F0400906B010BD00BF66
S2140288B064DF040008B50748FAF7B6FE064B1B78D5
S2140288C0033B012B05D8BDE8084000210846F9F70E
S2140288D05FBF08BDD86F0020F566002008B51148B6
S2140288E012F06BFB104B1B78012B06D8FF2009F009
S2140288F0FDFBFCF751FD08F09DFCFCF76BF902F05E
S2140289006BF9FFF701F914F078FD0BF05BFBFCF74F
S214028910F9FE0BF085F810F077FBBDE8084003F08F
S214028920B1B900BF105900202171002008B5EFF739
S21402893001FDFF2803D0094B1B78012B06D9002026
S21402894009F0D4FBFCF728FD08F074FCFCF742F9AA
S21402895002F042F9BDE8084003F094B92171002004
S214028960064B1878112806D000F0FD00A0F141034E
S2140289705842584170470120704700BFF4660020F5
S2140289802DE9F0410446FCF7AFFC18B1002630464C
S214028990BDE8F0811D4B1B78033B012B09D81C4B0D
S2140289A0B3F868104FF6FF739942EFD0204612F0E4
S2140289B06CF9184B022120461A88FCF729FE064657
S2140289C00028E3D0204612F029FA90F807800546E0
S2140289D0043016F06EFE074612F0C0FB4146024611
S2140289E03846FCF799FCA81C16F063FE4FF6FF7398
S2140289F0984202D12046FFF7ABFA2B789B07C6D1E6
S214028A0001212046FFF7C6FEC1E700BFF56600203B
S214028A10485800204E6000202DE9F04F002585B012
S214028A200746039512F0FAF90646043016F041FEA0
S214028A308046B01C16F03DFE33780446404600934E
S214028A4016F092FB82464046FBF740F83378BAF1BE
S214028A50FF0F0CBF83464FF0010B9A070AD112F0A4
S214028A607DFB404514BFD9464FF00109B3791BB9C7
S214028A700320B9E0A946F9E712F070FBA04205D13F
S214028A8012F06CFB0446994B1B7836E0984B1B7829
S214028A90052BF8D0033B012B03D8964BB3F868405E
S214028AA0F1E7204616F0FFFE737840B313F0040297
S214028AB0DFF838820BD198F800301A44214638463F
S214028AC0D2B2FFF781FE0028D2D000208CE03846D2
S214028AD014F0BEFA0146054638460AF0A1FD421CCD
S214028AE052002946384602F0FE0212F02CFF737836
S214028AF023F00403737098F800300022DDE75B076A
S214028B0026D5384614F0A4FA0146064638460AF038
S214028B1087FD824606F101091FFA89F94946384659
S214028B200AF07EFDDFF8C481BAF1000F01D0FF28FB
S214028B3005D10022494638460AF086FDDBE7B11C1D
S214028B4001EB4001C9B2384614F0E3F90446D2E715
S214028B50204603AA02A913F0D9FF0546B9F1000F71
S214028B604AD0009B03F0C003802B0ED1FF23204681
S214028B708DF809300BF03EFAFF281BD00DF10902E2
S214028B800DF10A010BF02AFC14E0402B34D19DF8BB
S214028B9008308BB3FF2320468DF809300BF02AFAF3
S214028BA0FF2807D00DF109020DF10A010BF016FCA1
S214028BB02D281CD13378404603F03F03337016F05D
S214028BC072FE10B912F0CAFA8046002342461946CF
S214028BD0204608F04FFE00283FF44AAFC82207217D
S214028BE038460AF055FF012005B0BDE8F08F9DF823
S214028BF00930FF2BDED12546039838B99DF80820A8
S214028C00002A62D1394B2C461B7856E709F032FA15
S214028C10039AFF280346127908D1CDE900204FF4C3
S214028C20E171354816F067FCDDE90023B9F1000F63
S214028C30E4D002F03002102A0AD0202ADED1BBF19C
S214028C40000F24D05146184609F016FC0028D5D14C
S214028C50DFF8A89099F80030012B45D0204610F096
S214028C6099FE28B92A4621464046F37913F0D1FEEA
S214028C70A54212D1039A137923F00C0313719DF8BF
S214028C800830ABB92C46194B1B78302215E7039BEC
S214028C901B7913F00C0FDBD1B0E799F80030022BEA
S214028CA0E8D0039A137923F00C0343F00403E5E7B4
S214028CB00121204612F096FC20B920460BF09AF9C4
S214028CC0FF280FD0094B1B78DFE70121204612F060
S214028CD089FC00287FF4D7AE20460BF08BF9FF28DC
S214028CE07FF4D1AE02207FE7A542D9E74E6000208E
S214028CF0F5660020485800209F930400A5670020D0
S214028D0038B50E4B04461B780D46033B012B10D993
S214028D1000F108039BB2012B0DD812F01FFA0023B4
S214028D2002462946204608F0A5FD80F00100C0B2A2
S214028D3038BD0120FCE70220FAE700BFF5660020F6
S214028D402DE9F041064610460D4614F0BFF9A0F193
S214028D501004E7B256FA84F42146EA1B04F10E0028
S214028D60F2F774FA2823DFF84480F35598F80030B7
S214028D70637301F045FF611C0246012010F044FEB9
S214028D8008220949601DF2F761FA98F8000013F00C
S214028D90B3FB05F10E0130463B460022C9B201F094
S214028DA0E1FF1220BDE8F08177670020EF66002021
S214028DB02DE9F04F89B0044612F030F805462046F9
S214028DC011F08FFF0746281D16F073FC8146A81C7B
S214028DD016F06FFC0390384695F807A016F063FD70
S214028DE02B780490990761D12146042002F0C2F83C
S214028DF000285BD0204614F069F9014620460AF0A6
S214028E000FFC820752D1204614F060F90146204634
S214028E100AF006FC10F00303059347D12046FFF73D
S214028E2021FD002842D0204614F045FA461C204672
S214028E3015F096FFF6B206F10A0B834580F29F8084
S214028E40504A06AB1068516803C3711C20460AF0EC
S214028E50E7FB3146804620460AF0E2FB594600EB25
S214028E60082820460AF0DCFB8346059B2146B21CF6
S214028E70009306A8082316F01DFD1FFA88F8204660
S214028E8011F02FFF5A46414610F0B2FD012240462D
S214028E9006A901F09BFB002871D102200BF036F8E0
S214028EA0013003D1404606A9EFF712FB12F056F93D
S214028EB048453A46514608D112F0C2FB00285ED118
S214028EC009B0BDE8F04F01F077BB484612F0B8FB98
S214028ED0002854D12C4B1B781BB93946484612F051
S214028EE04CFD3A4651464846FCF716FA002846D04C
S214028EF0297811F0030102D12046FFF74BFCAB792B
S214028F00002B3CD0214B1B78DA1E012A37D9062BC0
S214028F1035D06B78DB070DD503982E7A13F08BFBD2
S214028F2010B3F30803F01C0326F01F06334343F086
S214028F3001032B724FF6FF71204611F0A6FE049B2A
S214028F40DBB910F04FF800F03F0202212046FCF792
S214028F505FFB4FF6FF73039A9A4210D1204609B080
S214028F60BDE8F04FFEF7F4BF06F01C031C2BE1D061
S214028F70042B04D9043E2E72DCE70022E5E709B092
S214028F80BDE8F08F911C0400EB660020F566002019
S214028F902DE9F04385B004460E46174611F03BFE17
S214028FA00C2820467BD111F039FF0922002115F04A
S214028FB0FBFD00F11005EDB2294620460AF030FB13
S214028FC0042853D006D8012815D0022822D005B08E
S214028FD0BDE8F0837C28FAD1204615F0C1FE05468E
S214028FE0204615F0A1FE02463046E9B205B0BDE8BD
S214028FF0F04310F023B846B91321204613F089FF38
S21402900005B0BDE8F04312F0D2B805B0BDE8F043B3
S214029010FCF7ACBE9D4B1B78013B012BD7D82046F4
S214029020E91C0AF0FDFA074686B978B9691C20469B
S21402903013F06FFF0546214613F04CFA3A462946CE
S214029040102005B0BDE8F04316F0FCBA0025082350
S2140290502146152200950DEB030016F02BFC284640
S21402906002A916F051F813F072FCB0E7884B1B7891
S214029070022BACD146B9FEF73FFDC2070AD5FEF772
S214029080D7FC002F08BF3F26304605B0BDE8F043A8
S2140290900FF0E0BFFEF714FD0028F0D0F1E711F064
S2140290A0BDFE8046043016F004FB074608F10200B7
S2140290B016F0FFFA4FF6F773984205460CD8754A33
S2140290C0138801339BB213800BB9734A13801EB107
S2140290D0714A13880133138098F8009009F0030947
S2140290E0B9F1010F40F08380204613F0EFFF0146EE
S2140290F020460AF095FA043809283FF668AF01A31D
S21402910053F820F02D910200CF8F0200CF8F02007D
S21402911051910200CF8F0200CF8F0200CF8F020044
S21402912039910200CF8F020039910200204605B025
S214029130BDE8F043FFF7D4B9544B1B78042B7FF4F9
S21402914046AF0021084605B0BDE8F043F9F720BB5C
S2140291504E4B1B78013B012B3FF639AF404613F0CE
S214029160F2FF00274D4B01465B898DF80A70ADF879
S214029170083000283FF42BAF384615F0C5FF0546E9
S214029180204613F0A3FF421C03232146009792B207
S21402919002A816F08FFB9DF80A30E6B93C4A127810
S2140291A0022A18D1BBB9FF2DBDF808400AD03C4AA6
S2140291B0214632F81530284623F4806322F815300B
S2140291C013F0A4FB204613F082FC00222146102056
S2140291D016F038FAFBE6022B3FF4F9AE2BB9304B09
S2140291E033F815305B053FF5F2AE28463BE7B9F19A
S2140291F0000F7FF4ECAE3146204604F0BBF8002E9A
S2140292003FF4E5AE4FF6F7739D423FF6E0AE98F8B0
S2140292100160284616F0040620D113F0A5FC044689
S21402922028467CB113F022FB0346F0B90C220090CC
S2140292302946384612F0FFFC0C22002339462846FF
S214029240009308E013F012FB0346B8B9154A0090E3
S21402925012782946384612F0EEFCB8E613F006FB02
S214029260034678B90B220090F3E7062233462946D6
S2140292703846009612F0DFFC0622DEE7234600940C
S2140292800622E6E74B46CDF80090F9E7F5660020A1
S214029290F4660020F65F0020F45F002064DF04001E
S2140292A0E05F0020607100202DE9F04F05888BB04A
S2140292B00446284611F0B2FD8046043016F0F9F94D
S2140292C0074608F1020016F0F4F905A901902846AF
S2140292D013F046FF284613F0F9FE014606462846D6
S2140292E00AF09EF998F80030029003F00303012B6F
S2140292F00CBF82464FF0FF0A16F0F1F8B4F806B03B
S214029300814611F02BFF98F80730009038460393F9
S21402931001F08AF8002838D1019801F085F8002873
S21402932049D1FCF7B9FAA9EB0B0B1FFA8BFB814666
S214029330FAF774FB002844D1FFF712FB002840D14D
S214029340A14B1B78033B012B42D8BAF1060F00F063
S214029350BE80BAF1040F00F0BA80FFF701FB20B11D
S214029360029B03F00303012B32D0FAF7B1FA28B9B5
S214029370964B1B7803F00F03062B6FD1944B2846AF
S214029380B3F8681011F081FC22E0284611F046FD81
S214029390023016F08EF94FF6F773984206D9039B01
S2140293A023B92846FFF75EFA0028B5D1A37823F042
S2140293B00F03A37054E0019816F075FA0028B0D196
S2140293C0F4E7A9F104095FFA89F9B9F1020FB7D8EF
S2140293D0BAF1010F40F0A280284611F040FC4FF689
S2140293E0FF7398426AD100233146284607AA13F033
S2140293F0D1FA80460028D9D042799DF8253093428A
S21402940009D9711D284689B20AF01EF9A37823F0FD
S2140294100F030233A3700FF0E5FD7E23B0FBF3F2D9
S21402942002FB130303F58073A3809DF8263013F026
S214029430180F0BD0A378190708D1009BBB4205D0A2
S214029440384698F8052005A90FF014FE9DF8270067
S214029450003818BF01200BB0BDE8F08F2823A38088
S2140294600020F8E7584B1B78033B012B5FD940F6E8
S214029470B8339B459AD80FF0B5FDFF238DF813300D
S214029480002300F03F00C0F5FA70A08007A90DF196
S21402949013008DF81C30FBF7A3FF054698F807105B
S2140294A0384612F0C1F8002D80D09DF81C20013AF3
S2140294B0032A7BD8DFE802F0807A697D4FF6F773DD
S2140294C0019A9A4224D898F80130DA0720D428461E
S2140294D011F0C5FB16F084F9012808BF3D4BA278AF
S2140294E009BF1B78FA2303EB830303EB830302BF54
S2140294F09B00FA339BB212097FF458AF5B45FFF428
S21402950055AF0FF06FFD00F01F001030A08053E043
S2140295102D4B1B78033B012BA9D8D8E74FF6F773E0
S214029520019A9A429ED898F80130DB079AD4BAF18B
S214029530020F53D10123314607AA284613F02AFA0E
S214029540074611F00BFEBDF82230984236D1002FA6
S2140295503FF42CAF01227B883146284608F00EFBEA
S2140295601D4A13780133DBB288F8073013707B8804
S214029570BDF81E209A421FBFA37823F00F030233C2
S214029580A3704FF4C873A38016E0009BBB4213D0AF
S21402959000283FF40BAF426801323FF407AFC278AF
S2140295A09DF813309A42BFF401AF05E0009BBB4220
S2140295B002D0A2781209EBD101204CE7184616F029
S2140295C072F90028C3D182E7F5660020F46600200F
S2140295D04858002032710020F2660020BAF1030FCC
S2140295E07FF475AF009BBB427FF471AF711C2846B7
S2140295F089B20AF015F80C287FF469AFFBF7E2FC93
S2140296004FF6FF73984201463FF461AF284611F0C9
S2140296103CFB5CE72DE9F3410446008811F0FEFBB3
S2140296200546043016F045F80646A81C16F041F822
S214029630074615F054FF05463046B4F8068000F09B
S214029640F3FE064648B9384600F0EEFE58B9194A07
S214029650A3781278033A012A0BD8A378002623F0BF
S2140296600F03A37021E0384616F01DF90028EED14C
S214029670F3E71B09F1D1A5EB0805ADB2B5F5C86F46
S214029680EBD80DF10301384601AA019313F03EFA16
S2140296909DF80350014645B94FF6FF73984204D031
S2140296A00126208811F0F1FAA580304602B0BDE806
S2140296B0F08100BFF56600202DE9F04105460C4614
S2140296C011F0A9FA082802D10120BDE8F081201D78
S2140296D015F0EFFF0646284694F8078011F001FBC6
S2140296E00746284611F08DFA010612D5184B1B784C
S2140296F0042B0ED1174B1B78022B0AD1164BB3F84C
S21402970068204FF6FF739A4203D000210846F9F705
S2140297103FF8124B1B78002BD6D1A01C15F0C9FFC0
S2140297204FF6F773984202D86378DA070DD5237896
S2140297309B070AD13A464146304611F081FF80F037
S2140297400100C0B200F00100BFE70120FAE700BF47
S214029750F5660020F466002048580020A76700201F
S2140297602DE9F04F9DB0044611F055FA0546204605
S21402977011F051FA08285AD14FF400431022002162
S2140297802046ADF8503012F0DEF8204615F0CCFA3E
S2140297900DF0EAFD002321461A460C2000930DF038
S2140297A0A8FB98B3204615F0BFFA14A9024610206B
S2140297B0FAF7D6FD0501204615F0B6FA14A90246B8
S2140297C04020EDB2FAF7CCFD10B120460FF01EFC99
S2140297D0204615F0A9FA14A902468020FAF7C0FD21
S2140297E0B8B99DB1102517A806F0A2FD2046BDF80F
S2140297F0507015F0B5FA0646204615F095FA294639
S2140298000090F3B2384617AA0FF09EFC1DB0BDE8D2
S214029810F08FBDF8503017A8ADF85E40ADF85C305A
S21402982010F0E0F80028DCD145F08005DBE72046A2
S21402983011F044FAB0F5006F40F00581204611F0B1
S21402984050FA0646042D40F00181204611F0D9F95F
S21402985080F40060C0F3C02000223146400015F0BC
S214029860F1FE954B1A78022A0DD0FFF779F850B917
S21402987002F0FD03312B06D0043A012A03D98F4B9E
S2140298801B78002BC2D02146022001F073FB059004
S2140298900028BBD02046ADF8464011F0BFFA044679
S2140298A0BDF8460011F01DFA0546201D15F001FF11
S2140298B0A31C83461846039315F0FBFE12A907461F
S2140298C0BDF8460013F04CFC63780690BDF84600DF
S2140298D094F80080099313F0F9FB6378064608F0C3
S2140298E0030828460C93FAF7F1F8B8F1010F0CBFFB
S2140298F0032302230E93724B08BF4FF00B091D8001
S214029900237818BF4FF00A0903F03C03082B0D908A
S2140299107FF47CAFBDF8460015F022FAB0427FF61F
S21402992075AFB8F1010F03D0237898077FF46EAFB6
S214029930644BB3F86830AB420DD1634A634BB2F95D
S214029940001093F90030002900F0A58001EB031304
S214029950A3EB211313804FF0010AA6F11003DBB22A
S21402996007938DF8453010224846BDF84610CDF8CC
S21402997000A00DF145030DF0BCFA00283FF446AFF7
S214029980099B13F002030A9300F00A81504B1B78DE
S214029990002B3FF43BAFBDF84690484613F096FBCB
S2140299A0002308904846CDE917331993ADF868307E
S2140299B011F097F9089B039003F10E01484689B20D
S2140299C013F057FB002870D000234946089A0093EC
S2140299D017A80E2315F06EFF50460DF15D0110F02C
S2140299E021F89DF869300B9004939DF85C30282B83
S2140299F05BD10DF16100FAF7F3FB0F90002854D10A
S214029A00049812F079FD0F9B002867D1314B049A17
S214029A101B78D31A190648D404F04CFD50453CD1A5
S214029A2015F062FD2C4E0546346824B104F048FD5C
S214029A302C1B844239D30023FF2219461846FCF712
S214029A403DFB356031E04FF6FD76FBE64FF6FF70E4
S214029A50301A18BF012000223146400015F0F2FDF0
S214029A600C2D0DD12146012001F084FA00283FF486
S214029A70CDAE214600201DB0BDE8F04FFDF700B97F
S214029A802DB920461DB0BDE8F04FFDF75FBD042D91
S214029A907FF4BCAEE5E61B025CE704F00BFD022891
S214029AA003D104F0E9FC0028BAD000221920039959
S214029AB015F0C8FDAAE600BFF4660020A7670020DE
S214029AC06C600020485800203E600020A3670020FB
S214029AD0F0660020EF660020585900201021484604
S214029AE0089ACDF800A012F045FB0028DDD0A64B60
S214029AF0049A1B78934240F0AA8003990DF1610202
S214029B0014A815F0CDFA012114A8FAF743F88246F4
S214029B1048F2030114A8FAF749F9BAF1000F03D084
S214029B20082114A80FF019FF484613F0EDFA03991E
S214029B300DF16100FBF7E6FAFE288246B5D0FF2853
S214029B400AD1039815F092FEFF28824600F087801D
S214029B500DF16101FBF750F98B4B049A1B78934287
S214029B6000F0A38050460B99FBF7B2FA00283FF4A8
S214029B704DAE50460B99FBF7BDFA23789A070FD1E4
S214029B80484613F0A3FA0146484609F049FD00F09C
S214029B900300012804D103980DF16101EEF798FC49
S214029BA0BDF8460011F02DF8030440F185802046EA
S214029BB015F07FFD40F4007189B2204615F07BFD5A
S214029BC000224FF40041BDF8460011F00BF8DDF814
S214029BD01490012310220093BDF846100E980DF142
S214029BE045030DF086F900283FF410AE032866D12F
S214029BF0204615F05EFD40F4007189B2204615F04D
S214029C005AFD284615F04FFE002840F0B780DDF8D2
S214029C101490B8F1010F40F0C1800320BDF8461041
S214029C2001F0A8F9002840F0B9803146BDF8460098
S214029C3009F0F6FC0F2801467FF6E8AD4FF6F773FB
S214029C409F423FF6E3AD284611F0E1FEDEE55046C0
S214029C50049903F049FD00287FF44FAF25E72378E7
S214029C6003F00303012B08D1484613F02FFA0146EE
S214029C70484609F0D5FC082892D0444B1A78444B43
S214029C801B789A4209D20DF161010398FBF768F836
S214029C90039815F0EBFD82465EE7A01C15F009FD61
S214029CA04FF6F7739842EED9FFE65046FBF79AFA5C
S214029CB000283FF457AF5CE74FF0000989E72846D3
S214029CC015F0F1FD0028A4D00A9B002B58D1B9F15B
S214029CD0000F53D1B8F1010FBDF846009DD03146B2
S214029CE009F09EFC8246DFF8B09099F80030002B0F
S214029CF05FD011F033FA87427FF488ADB8F1010FD6
S214029D0040F08280BAF1070F78D8BAF1050F7FF6D5
S214029D107DAD204B1B78022B02D0043B012B03D8CF
S214029D2099F80030002B4BD00C9B980640F1BB8074
S214029D300D9B002B40F0B380284615F015FAFF283D
S214029D4040F0AD805D457FF461AD069B002B00F0D0
S214029D50A48012AB46F204020124ADF85C20019303
S214029D60214602232846009417AA13F08BF90028EE
S214029D703FF44CAD214611F033FB47E5DDF8149075
S214029D80284607F053FD44E7EF660020EE66002003
S214029D9033710020F4660020F06600203146BDF8DC
S214029DA0460009F03DFC0A9B824613B9B9F1000F42
S214029DB099D0A84B1B78022B02D0043B012BB3D8B8
S214029DC0284600F031FB814600287FF41FAD11F0D3
S214029DD0C5F9854222D1A04B1B78033B012B19D82B
S214029DE09E4BB3F8684011F0B9F94B4601460D2276
S214029DF02046CDF8009011F01EFF07E5AAF10E03EB
S214029E00DBB2012B85D901E50AF00303012B7FF4AF
S214029E10FDAC7EE7012000F0A5FBF7E4284615F02E
S214029E2042FD58B911F0B7F94FF6FF73984205D0C4
S214029E3015F04AFA10B92846FAF738FF284615F000
S214029E4032FD88B111F0A7F94FF6FF7398420BD096
S214029E5015F03AFA40B9B8F1010F02D1BAF1060F7D
S214029E6002D0284607F04CFA069BA3B919460122EF
S214029E70584600F0ABFB814600287FF4C7AC20466C
S214029E8013F061F94A460146384600F09FFB002867
S214029E903FF44AAFBAE412A9E9E7069B5AE76378A9
S214029EA023F0200363704FF6FC739F4275D16A4B12
S214029EB01B78033B012B7FF6A9ACA3790BB1013BC0
S214029EC0A3716378590727D50023584617AA14A901
S214029ED0179312F01BFE1798F0B108F0CBF88146E4
S214029EE0384615F041F9179A0146137903F0300007
S214029EF0102806D003F00C0008281CBF23F00C0321
S214029F001371137903F03303202B05D1FF2903D0F5
S214029F100122484608F078FA284615F025F9FF2867
S214029F201EBF00224E4B43F82020099B03F0010976
S214029F304FF6F7739F4200F21381B9F1000F40F01B
S214029F401C812946584611F018FD11F007F9874280
S214029F5000F0DF80384615F0A6FC00284AD0B8F19B
S214029F60010F30D1BAF1010F20D14A463146BDF871
S214029F70460007F05FFE384615F095FC394B1B7815
S214029F80002B78D1584615F08EFC002870D1384642
S214029F9015F089FC00286BD138E44FF6FD739F421A
S214029FA08BD12D4B1B78042B87D12FE4384615F026
S214029FB07AFC50B3BAF1030F27D13146BDF84600FA
S214029FC011F071FE22E4384615F06DFC384612F0A8
S214029FD04DFC002848D0002339465846BDF8462096
S214029FE001F05AFB00283FD00021BDF84600FEF7DC
S214029FF0D1FB0BE4384615F056FC18B1B8F1010F48
S21402A000D8D0E3E7B8F1010FE0D1164B1B78002B4E
S21402A010B8D0BAF1050F2ED111F0A0F88DF85C0079
S21402A02011F09CF8000A8DF85D000123022217A9A0
S21402A0300DF14600F9F74CFA00287FF4E7AB711CE5
S21402A040BDF8460089B209F0D9FA037801330370E5
S21402A05011E000BFF4660020F56600204858002094
S21402A060D8480020397100209A4B1B78002B89D0E3
S21402A070B8F1010FCDD063785A070CD5BDF846402B
S21402A080204612F0E5FF411C89B2204609F0B6FAD6
S21402A0900378013B0370904B1B78033B012B30D8AF
S21402A0A0B8F1010F06D1BAF1050F1FD111F056F81B
S21402A0B0834522D1BDF84600FEF7AEFC02281CD12D
S21402A0C00021584617AA08F021F930B103794580D5
S21402A0D003F03C0343F04003037100237F4A0093DE
S21402A0E039465846127811F0A6FD06E0BDF846003D
S21402A0F0FEF792FCBAF1030FE0D1002239461C208B
S21402A100D6E4BDF84600FEF787FCB8F1010FD5D1BC
S21402A110F0E7B8F1010F7FF467AF0AF1FF330C2BBB
S21402A12000F2AA8001A252F823F000BF8FA102001B
S21402A1308FA10200BB9F0200A5A10200B5A10200EA
S21402A140D9A10200FBA1020027A202003DA2020042
S21402A1503DA2020049A2020061A202006DA2020014
S21402A160B8F1010F00F09480B9F1000F08D1BDF8E4
S21402A1704600FEF71DFEFFF749BBB8F1010FCCD033
S21402A180237A03F00303012B7FF440ABEFE7AAF137
S21402A19002035A423146BDF846005A4107F04AFDCC
S21402A1A0FFF734BB32465846BDF84610FEF7D6F8DF
S21402A1B0FFF72CBB711CBDF8460089B209F030FAD5
S21402A1C00236F6B20246BDF846305846009612A946
S21402A1D00AF054F8FFF71ABB3F4B1B78013B012BE2
S21402A1E03FF614AB079B0121009300202346BDF8DF
S21402A1F0462011F08FFAFFF709BB374B1B785A1E21
S21402A200012A07D90120079ABDF84610FCF71AFC66
S21402A210FFF7FCBA022B7FF4F9AAF9F7FFFB002836
S21402A220F0D1FFF7F3BABDF8460006F069FEFFF775
S21402A230EDBABDF84600FEF721FA98E7BDF84600EB
S21402A240FEF71CFAFFF7E2BA234B1B78013B012B01
S21402A2503FF6DCAABDF84600FDF736FDFFF7D6BA94
S21402A260BDF84600FDF780FDFFF7D0BABDF8460000
S21402A2700FF0B2FBFFF7CABA334622465046BDF885
S21402A28046100FF07BFB00287FF4C0AA5146DAE4A2
S21402A2900AF1FF330C2B3FF6B9AA01A252F823F0BB
S21402A2A08FA102008FA10200BB9F0200A5A102009F
S21402A2B0B5A10200D9A10200FBA1020027A202005A
S21402A2C033A2020033A2020049A2020061A20200E7
S21402A2D06DA2020039710020F56600206071002030
S21402A2E010B50021114810F00FFE0446E8B110F038
S21402A2F021FD0F4B1870204610F021FD0D4B1870F3
S21402A300204610F022FD0C4B1870204610F022FD5D
S21402A3100A4B1860012015F0EBF82046FFF720FAEA
S21402A320BDE81040002015F0E3B810BD1C60002008
S21402A330A4670020A3670020A267002050590020CF
S21402A34070B5164E044633680D46E3B110F063FC52
S21402A3500C2818D1204610F061FD0922002104467F
S21402A36014F022FC235C042B0DD10D4B1B78033B0F
S21402A370012B08D80B4C25B10B4B22781B789A423E
S21402A38003D300232370002070BD0848316814F000
S21402A390B7FD2378012001332370F5E754590020D6
S21402A3A0F5660020A66700205F710020D86F0020A7
S21402A3B0014B93F9010070473E600020014BB3F851
S21402A3C0680070474858002070B50024124D2C7063
S21402A3D0EDF762FEE6B2B04212D8104B1B78013B94
S21402A3E0012B04D800214FF6FF70FBF719FF00225D
S21402A3F00B4B1A700B4B198801B11A80012070BDE5
S21402A400304614F009FFC30748BF2B7804F1010455
S21402A41044BF01332B70DBE7ED660020F5660020B3
S21402A420E4660020F05F002038B50B4B05461B782B
S21402A43073B101335C08094B188814F075FC0023CD
S21402A44030F81320AA4205D00133DAB2A242F7D37B
S21402A450002038BD0120FCE7E4660020F05F002003
S21402A46030B5054685B008460C4615F018FAFF28A2
S21402A4700CD011F048FB012200210346CDE901125F
S21402A480009221462A460720FBF77AFA284614F05D
S21402A4906BFEFF2804460FD014F0BEFEC2070DD591
S21402A4A0204614F0B9FE830708D40B4A32F814305B
S21402A4B043F4806322F8143005B030BD11F023FB5C
S21402A4C0012200210346CDE90112009207202A4606
S21402A4D0FBF756FAF0E700BFE05F00204FF6FA728D
S21402A4E0431E9BB2934270B504462AD8FFF79CFFE0
S21402A4F038BB194B1B78042B23D0204615F0B6F92F
S21402A500FF2801D0FAF702FB204612F0D8FA08B16B
S21402A51007F0C6FD2046114E04F046FA20460EF01D
S21402A520A7FD31780E4D69B1288814F0FDFB05466B
S21402A53001461E220230F0F789FE2C8033781E2B4D
S21402A54007D970BD202014F063FC28800028EBD1C8
S21402A550F7E702333370F4E7F5660020E46600207E
S21402A560F05F002037B5134B05461B78022B1FD130
S21402A57010F0F4FD044610F0F1FDFFF7AFFF11F006
S21402A580C2FA10F0F7FD0020FBF73CFD40F607404C
S21402A5900EF0FAFD3DB100230D2221464FF6FD7066
S21402A5A0009311F048FB03B0BDE8304004F032BF20
S21402A5B003B030BDF5660020034B1B7813B90120AB
S21402A5C0FFF7D0BF704700BFEB660020F7B5044622
S21402A5D00D46174610F0C2FD0646002D47D04FF630
S21402A5E0FB739C4243D82046FFF71EFF30B1A642BB
S21402A5F004D1204B1B78033B012B38D92046FFF7AA
S21402A60013FF10B1012003B0F0BD20460EF000FD8E
S21402A610C0B1A642F6D00CB369462046F9F758FDFB
S21402A6200246D8B90821684610F02AFDB0B90822B9
S21402A63069462846F1F704F980B12946204611F00A
S21402A64092FADFE7A642E6D12846F9F7C9FD28B90D
S21402A6500120FFF787FF06F0DFFDD3E73FB1214673
S21402A6602846FAF7E7FB2146284604F0B9F9002007
S21402A670C9E700BFF5660020044A13782BB1013BF8
S21402A680DBB213700BB9024A13807047E4660020EF
S21402A690F05F00200148F8F7D7BC00BFF05F00204B
S21402A6A02DE9F047804617460D468CB061B903AED9
S21402A6B000211B4815F061F84FF000090446DFF848
S21402A6C060A01CB920461DE00E46F1E70022214696
S21402A6D024233046CDF8009015F0ECF808224146C7
S21402A6E03046F1F7ADF8A8B9337C9BB96FB945B9D6
S21402A6F02A4621460A4810F026FC0A4A1388013BDD
S21402A700138001200CB0BDE8F0873B88B289534025
S21402A7105B06ECD52146504615F053F80446D0E7C2
S21402A7205460002052600020024B1888003818BF80
S21402A730012070475260002040232DE9F04397B075
S21402A740074611A88946ADF80E300EF0A7FD022383
S21402A7508DF84430002304AE3146384604937360C5
S21402A760F9F7B6FC0546002840F0958038460FF00B
S21402A77011F9804610F0F2FC0446002840F0BB8037
S21402A78099F80130042B40F0B980EDF791FC0228CD
S21402A79040F08480EDF78CFC022840F08B8096E82F
S21402A7A0030003238DF8443012AB83E803009DF8C0
S21402A7B05130002143F00603102209A88DF85130CB
S21402A7C0F0F7F2FC09A911A80EF0FDFE40B111A89F
S21402A7D00EF064FD30460DAB09AA11A90EF0F8FF83
S21402A7E0BDF846300DA943F0040311A8ADF8463073
S21402A7F00EF042FF102209F10A010DA8F1F720F827
S21402A8000546002872D1EDF753FC022806D13146E0
S21402A810FF2009AA0EF0FEFE00286AD13424002585
S21402A820EDF746FC022808D19DF851301B0704D4E8
S21402A83030460DF10E0111F0B6FB2146304611F0FE
S21402A840DBFB10238DF8183004238DF81A303346BC
S21402A850002203CBCDF81B00CDF81F1006A80B2153
S21402A8608DF8195010F0F5FA024638B1002D14BFD3
S21402A870012303233146384603F078F8B8F1000F77
S21402A88009D0342C07D106A83246394614F008FC03
S21402A89006A80FF065F817B0BDE8F08323462146F8
S21402A8A03046009411AA01F05FFE00283FF472AF12
S21402A8B0AD25C6E7EDF7FCFB012891D1104B1B68CE
S21402A8C003F08403842B8BD196E8030002238DF8D1
S21402A8D044301023ADF8463012AB83E803009DF8EF
S21402A8E0513043F002038DF8513079E73324AD2519
S21402A8F096E7052494E72C46A325A2E7AA25A0E717
S21402A900C84A00202DE9F04336488DB0F8F78CFE91
S21402A91014F0EAFD344D2B68C41A4FF47A73B4FB74
S21402A920F3F4A4B214B114F0DFFD28602F4F4FF6F3
S21402A930FF763B88DFF8B880ADF80A3000233B800C
S21402A94000210DF10A0010F0DFFA054658B9284B2F
S21402A9501B882BB14FF47A712248714314F0D0FA57
S21402A9600DB0BDE8F0834FF0000924234A4629467D
S21402A970CDF8009003A814F09DFFBDF81A30A3424C
S21402A98094BFDB1A1B1B9BB2ADF81A30CBB910F082
S21402A990E5FBBDF8183003F04003184380B218B93F
S21402A9A0322103A80EF0D6FBBDF818301B0602D5DE
S21402A9B008980EF0DCFDB8F80030013BA8F800302D
S21402A9C0BEE79E4228BF1E4601234A4629460093FA
S21402A9D003A8242314F06EFF4A462946384614F08C
S21402A9E0D2FEADE7D44900205C5900205460002016
S21402A9F052600020F0B50446304A8DB010685168A7
S21402AA0001AB03C3A378012B54D1162200210DF10A
S21402AA101A00F0F7C9FBD4F82110D4F81D0003ABD6
S21402AA2003C32388190644BF62680892DA050BD569
S21402AA30221D08AE04F11407354610685168083224
S21402AA4003C5BA422E46F7D1ADF8183013F0040308
S21402AA5018BFA3690593EDF749FB0023ADF81A006A
S21402AA608DF81C3010F07AFBE0B906A903A811F0A5
S21402AA709AFA0022242103A810F0EBF90446D8B172
S21402AA800020FFF73FFF002221460D4814F07BFE10
S21402AA900C4A0020138801331380FFF733FF00208F
S21402AAA00DB0F0BD082201A903A8F0F7C9FE0028E0
S21402AAB0DFD0DAE70220F3E71920F1E7911C040061
S21402AAC05460002052600020F7B5044600200E466F
S21402AAD0FFF718FF104B1B88A34202D8212003B0B1
S21402AAE0F0BD00210D4814F048FE002501460B4F2C
S21402AAF00029F3D0A54208D100242423224630465A
S21402AB00009414F0D7FE2046E9E7384614F059FEC2
S21402AB1001350146ECE700BF526000205460002079
S21402AB200148F8F791BA00BF54600020014B18881C
S21402AB30704700BF5260002030B5154A8DB051688C
S21402AB400546106801AB03C307A80EF0A7FBDDE9B4
S21402AB500101032308AC84E803008DF81C309DF83D
S21402AB60293003A943F0020307A88DF829300EF016
S21402AB702AFD10B12D200DB030BD23462868696825
S21402AB8003C303A907A80EF003FD0028F3D0F1E7DC
S21402AB90911C040070B50C4611460E4A23781278B2
S21402ABA0064613F0200542EA0302227018BF611D12
S21402ABB00822F0F74BFB002D0CBF05200D20D4F821
S21402ABC00130B3602378337303F01803082B08BFF1
S21402ABD0013070BDF0660020042307B501200DEB9E
S21402ABE00301054AF8F79AFD019B044A1B0313600A
S21402ABF003B05DF804FB00BF63E51100B84A00200D
S21402AC0010B5064C2368C3F30B0313B90448E2F7E6
S21402AC104FF92068431C236010BD00BFB84A0020CD
S21402AC2063E51100014B1868704700BFB84A002060
S21402AC3007B50020054B064A186004230DEB0301F6
S21402AC400190F8F76BFD03B05DF804FBB84A0020EC
S21402AC5063E511007FB511230A4A012001A9F8F71E
S21402AC605DFD094B9DF814201A70084B1B780BB13A
S21402AC70052B05D10EF0B5F9012007B05DF804FBEF
S21402AC800020FAE779EB0100EF660020F06600206C
S21402AC902DE9F04F0646CBB08846008801211746BC
S21402ACA014F07AF82E4B3A463188ADF8160006A80C
S21402ACB011F035FA0DF1280B5A464146C419308870
S21402ACC011F0B7F9E4B208EB0003A34208BF04464A
S21402ACD005464FF004091CBFA4EB0804E4B2234661
S21402ACE05A460121CDE900090BEB050ACDF808B05A
S21402ACF02D1B06A8EDF746FEEDB20BEB0403009300
S21402AD00019523465A464146308811F0C0F93488E8
S21402AD103946204608F084FC394600F0F802204600
S21402AD2008F092FC0121308814F036F801234A46D6
S21402AD30514680B10DF11600F8F7CAFB0121044610
S21402AD40BDF81620308814F03BF8B4FA84F04009B7
S21402AD504BB0BDE8F08F3046F8F7BAFB0446F4E78E
S21402AD60776700202DE9F04FC9B004468846924620
S21402AD70C118224A04A81F46FFF70CFF4FF0040929
S21402AD80C519EDB208AB0293A5EB0A0BA8EB0A03B2
S21402AD905FFA8BFBA8EB0506DBB2F6B204EB0A02FF
S21402ADA0009301215B46CDF8049004A8EDF7EAFD76
S21402ADB006F590730DEB03025A44A2F580721368EF
S21402ADC008A844F80830E35D324623F00703E3554B
S21402ADD02C442146F0F778FB08ABCDE9019308AA8C
S21402ADE000230121009604A8EDF7CCFD324620464A
S21402ADF008A9F0F769FB49B0BDE8F08F7767002035
S21402AE00F8B5064612F057FA811C054689B2304656
S21402AE1012F02FF9F0B1EDB12946304608F000FCE9
S21402AE201228074616D80C4B691C1C5C89B23046A1
S21402AE3008F0F6FB2C44052FE4B205D1052809D804
S21402AE40064B1B5C1C44E4B221463046BDE8F84083
S21402AE5012F00FB90020F8BDAADF0400A4DF040038
S21402AE60F8B5054612F032F9044628460FF0D6FF2A
S21402AE70A11C074689B2284612F0FBF800283ED0ED
S21402AE80002C3CD02146284608F0CAFB0646611C28
S21402AE90284689B208F0C4FB0F2E30D8194B9B5DAA
S21402AEA0E118731E89B2092B0ED8DFE803F00905F4
S21402AEB00D0D120D0D181E1EC40644BF083189B2B0
S21402AEC0820601D5083189B22846BDE8F84012F05C
S21402AED0D0B87B78DB0612D501EB4001F3E700F031
S21402AEE01F0000EB40000144EDE71F2805D8092E9D
S21402AEF00ABF4000022080B2F5E7C828E4D000204E
S21402AF00F8BD00BFBDDF0400F8B506460FF086FFA9
S21402AF1009220021054613F047FE00F110042846D8
S21402AF2014F0C7FBE4B207462146304608F078FB29
S21402AF300546304613F014FFBA05A0EB0403DBB255
S21402AF400AD47C2D0AD0082D0AD8064A505D9842AB
S21402AF508CBF00200120F8BD1220F8E70320F6E798
S21402AF60FF20F4E7CEDF0400014B1878704700BFDD
S21402AF706171002038B5114B04461B7808469BB910
S21402AF80012038BDA24205F101050FD103EBC10332
S21402AF905B6898470028F3D11E2022464FF6FF71C1
S21402AFA014F050FB0020ECE70025054BE9B213F83D
S21402AFB03120002AE6D11446EEE700BF6171002078
S21402AFC074DF04004FF6FF7307B502220DF1060187
S21402AFD00348ADF80630E1F7A7FF03B05DF804FBBF
S21402AFE0603202E0002307B5ADF80430134B9842F6
S21402AFF021D10B88DA0703D5232003B05DF804FBC2
S21402B0009B0748BF4FF47F434FF002020C480DF1F6
S21402B010060148BFADF80430E1F75AFF4FF6FF735A
S21402B020BDF806209A42E7D10222054801A9E1F7B7
S21402B0307BFF0020E1E72120DFE700BF1FD1BACA6D
S21402B040603202E0002313B50222038004460DF1AB
S21402B05006010F48E1F73CFF2D2801D0112805D143
S21402B0604FF6FF73ADF80630FFF7ACFF9DF80630DB
S21402B070BDF806201BB1238843F00103238000207D
S21402B080FF2A82BF238843F00203238002B010BD4A
S21402B090603202E0034B1B78002B14BF442056207C
S21402B0A00E307047F06600202DE9F04F8DB0179CE9
S21402B0B006468946CDE90223BDF85870D588ADF814
S21402B0C016103CB9EC0605D500970EF0DEF80DB06A
S21402B0D0BDE8F08FC5F380242B054FEA043448BF41
S21402B0E044F40064A80511D544F080040A2E00F248
S21402B0F06981DFE816F09A002F0017003700670113
S21402B1006701370010009A0037009E00E90548BF25
S21402B11044F04004EAE74FF001084FF0020B4FF00C
S21402B120000A14E008A95FFA89F011F045FADDF882
S21402B1302500DDF8291006AB03C3A44B33F81930FB
S21402B140ADF816304FF00008C3460DF1180A002F6E
S21402B1505DD125E006AA0DF116015FFA89F003F02B
S21402B16003FCEFE74FF6F773994540F22B8115F48F
S21402B170026F40F02781964B1B78022B03D0043BCC
S21402B180012B00F2218147BB032E4FF001080CBFB2
S21402B1904FF00C0B4FF0080BBA4624F4C074A4B25E
S21402B1A08C4B18884FF6FF73984206D08A49F8F7F8
S21402B1B08FFF10B124F48054A4B2039B3846009348
S21402B1C0BDF81620534644F4027108F051FAADF861
S21402B1D02000002838D1192079E7384613F0C0FD40
S21402B1E00246FFF757FF032E08BF0138824201DDF1
S21402B1F038206CE7032E4FF001080CBF4FF00C0B03
S21402B2004FF0080B4FF0000A24F4C074A4B2029B5D
S21402B2101B889BB91A463946062000930BF08CFE13
S21402B2200028BDD140F6014051E74FF00008C34662
S21402B23075E74FF001084FF0030B70E7002339461D
S21402B2401A4607200093E9E74FF6FF73614A118812
S21402B25099421CD00FF0E2FD03465E4A0430118884
S21402B260039314F028FA5D49039B097814F4805F6F
S21402B270D9715949574A1FBF086898604868D8600C
S21402B2804FF6FF7313804FF0FF330B604B60594647
S21402B290029A08A808F0A8FA00289CD0504C2378F6
S21402B2A0002B3CD1A7B1384613F05AFD0746BDF82D
S21402B2B0200013F055FD23780744002B14BF1222FA
S21402B2C00022EB1003F0040317443B44842B8FDC6C
S21402B2D015F400570AD0BDF8204020460FF091FC26
S21402B2E040F4806189B220460FF076FCA6F108038E
S21402B2F0012B05D801221021BDF820000FF072FCA8
S21402B300179BBDF8204043B32046BDF816100FF039
S21402B310BCFCBDF82030179A00201380D7E6AA0698
S21402B320C0D56B0103F020030A2E14BF43F00103BD
S21402B33063F07E03DBB2B8F1000F08D0002152465C
S21402B340009108A800F086FE0028ABD0BFE61A4699
S21402B350514608A811F00EF8F6E7204611F0B6FEA0
S21402B360179B02462146042000930BF0E5FD0028B9
S21402B3703FF458AF0A2E18D84FF4D963F340DB07D0
S21402B38013D5072E0AD00A2E08D0BDF8200010F0DA
S21402B39004FB80F00100C0B2800098E608A80EF018
S21402B3A0FCFA0028F1D0042091E617B125F04005FA
S21402B3B0ADB22B463146BDF820005FFA89F201F0A5
S21402B3C01BFF84E6012082E6162080E6385D002018
S21402B3D0F4660020DE70002062710020B267002052
S21402B3E0F0660020F7B50F469DF828100446DDE902
S21402B3F00B061D46F1B94FF6FF739C421CBF174B56
S21402B4001C804FF000041CBF154B1A70BDF82400B8
S21402B41008F080FA00232A46CDE900433946062082
S21402B4209DF82030FFF740FE10B90EB1AB7A3370AC
S21402B43003B0F0BD78B14FF6FF739C421FBF074BB7
S21402B4401C80074B1A7000220FF003FD04460028EA
S21402B450DCD11920ECE72120EAE700BFDE700020ED
S21402B460B26700202DE9F04788469DF82810074667
S21402B47016461D469DF820A0BDF824900B9839B1BB
S21402B48058B300220FF0E5FC044610B9192025E057
S21402B4900C464FF6FF739D421FBF114B1D80114B8A
S21402B4A083F800A04FF6F7739E4208D80E4B4FF66D
S21402B4B0FD761A784FF6FF73002A18BF1E464846D6
S21402B4C008F028FA00233A46CDE9084331464346B7
S21402B4D0BDE8F0470320FFF7E7BD2120BDE8F0876F
S21402B4E0DE700020B2670020936600202DE9F04748
S21402B4F086B09DF838600546DDE90FA80C4617466B
S21402B5009946B6BB374B1B78022B1DD125BB4FF68F
S21402B510F7739C4214D80026484608F0FBF900232D
S21402B5203A46CDE900632146FF232846FFF7BCFDD5
S21402B53038B9B8F1000F04D0BB7A88F8003000E0C2
S21402B540012006B0BDE8F087043B012BDED9084691
S21402B5500EF020FA10B31DB3022D31D1ECF796FD92
S21402B560A042EDD9204B33F814204FF6FD739A42D1
S21402B57019E0BAF1000F32D01A4B1B78022B05D114
S21402B580FFF788FDB042E6D23820DAE7043B012B0B
S21402B590F6D908460EF0FEF90028F1D11620D0E7BB
S21402B5A04FF6F7739C42CBD8002EB4D03146002219
S21402B5B050460FF04EFC06460028ADD11920C0E7D3
S21402B5C0012DBDD104AA0DF10E01E0B203F0CCF9B3
S21402B5D0064B1B78A342B3D9BDF80E20C5E721203F
S21402B5E0AFE700BFF4660020385D00202D71002012
S21402B5F030B5104B87B005460C461868596803AA42
S21402B60003C298680C4910609A88DB8852BA23F005
S21402B6104003ADF812300023CDE90043ADF8102008
S21402B620FF23098803AA0720ADF80E50FFF73CFD5A
S21402B63007B030BD606000206C60002038B50C4654
S21402B6401146124A124D108022682A6062686A60A9
S21402B650A268AA60E288500616D5EA88520613D572
S21402B66061B1002218460FF0F4FB014650B1608823
S21402B670FFF7BEFF0522074B1A7038BD084611F0C9
S21402B68066FCF2E71920F5E70220F6E76C60002078
S21402B69060600020C36700202DE9F04F074689B09E
S21402B6A0104615461C468A4611F010FD01462846ED
S21402B6B007F0B6FF064628460FF0B0FB043013F03C
S21402B6C0F8FF80460FF04AFD804550D0B2074ED1B3
S21402B6D0DFF8AC80284605A9B8F800B011F0FCFDEA
S21402B6E09DF81930A8F8007003BBBDF81430EBB90A
S21402B6F028460FF093FB023013F0DBFF4FF6F7738A
S21402B700984294BF4FF000094FF00109012301341B
S21402B710E4B22A463846CDF8009005A9039303F012
S21402B720C5FE039B40B901339C421ED20020A8F8F6
S21402B73000B009B0BDE8F08F022CF8D1012BF6D18B
S21402B7400C4A0D4BA3F800A01378591C11700B4A33
S21402B7507F3B16F00C01137007D1BDF81A305B065A
S21402B76003D5BDF81600FFF743FF0223D1E70020FA
S21402B770DFE700BFF2660020DE700020B26700201E
S21402B7806C6000202DE9F04FABB00F46ADF81E00FE
S21402B7900FF044FB00F1020A0646504613F089FFFA
S21402B7A0BDF81E400546204611F090FC0146204694
S21402B7B007F036FF814600F00308301D13F079FFCC
S21402B7C0434C20800FF0CAFCA8422DD04FF6F773E8
S21402B7D09D4229D87378DA0726D4284611F046F80F
S21402B7E030B101232946BDF81E202088FFF754FFFA
S21402B7F00FF0B4FC364B1B8883420FD1BDF81E40B7
S21402B800204611F063FC0146204607F009FF10F0BF
S21402B8100C0103D1BDF81E0001F0ACFD00222D4B39
S21402B8201A602BB0BDE8F08F2B49BDF81E0011F050
S21402B83053FD2A49BDF81E0011F092FC0028274B42
S21402B84008BF0023234ABDF81E0013600FF072FAE9
S21402B850234B1870BDF81E000FF071FA214B1870BA
S21402B860BDF81E000FF076FA1F4B186000238DF805
S21402B8702230002F3ED0184BDB889B063AD50FF0BD
S21402B8806DFC10B3194B1B689D071ED4B8F1010F4F
S21402B89014BF082318230DF12202009200220DF194
S21402B8A01E00114600F0D6FB20B3B8F1010F9FD15F
S21402B8B00F4B1B78112B9BD110F0FBFD002897D164
S21402B8C040F61D40F9F7E2FF92E70823E3E700BFE0
S21402B8D06C6000206459002060600020AA67002087
S21402B8E0A4670020A367002050590020C84A002001
S21402B8F0F4660020504613F0DCFE8246BDF81E00B9
S21402B90013F02EFAA0F11005EDB22A4631460AA827
S21402B910EFF7DAFDFF238DF82F304FF6F7739A45CF
S21402B92040F2DF80B8F1010F00F0E780B8F1020FB5
S21402B93000F04681B8F1000F7FF45AAFA44DBDF86F
S21402B9401E00EB88ADF8240004930FF067FABDF8EA
S21402B95024600746304611F0B9FB0146304607F030
S21402B9605FFE8DF82300B81C7E7813F0A2FE074611
S21402B9700FF0F4FB06F00106B4F8009003906C8812
S21402B980002E7FF435AF4FF6F77A424649465745C2
S21402B9908CBF0620082013F055FEBDF824B058468A
S21402B9A011F094FB5946024643460420CDF8008027
S21402B9B00BF09FFA574583460AD8B5F90620EB885E
S21402B9C0002A05DB580603D541462046FFF710FE3F
S21402B9D0BBF1000F3FF40CAF2B88002B5AD16B79CA
S21402B9E0002B57D14FF6F7730DF126019F42BDF893
S21402B9F0240094BF4FF0000B4FF0010B10F03BFEFB
S21402BA00DFF8D8A100F1FF38BAF800301FFA88F143
S21402BA100593EB88BDF82600069307F001FE069B09
S21402BA2004990190009322465B460598C1F34011A3
S21402BA300DF0BDFF00283FF4DBAE04230620009382
S21402BA40BDF82610624B5FFA88F20BF052FA002815
S21402BA503FF4CEAE48F202036A889A4205D1BDF898
S21402BA602410BAF8000000F08DFF594D09AA2946A5
S21402BA700DF123000DF099FF034600287FF4B8AEBF
S21402BA802104BAF80000BDF8242060D523462946D2
S21402BA9010F006FE9DF823304D4D03F00C030C2BE0
S21402BAA075D1288910F0C7FD00283FF4A1AE039B8C
S21402BAB0002029894B4514BF0226032602F02CFEDD
S21402BAC0444B18704FF6F7739F42BDF8240075D8A2
S21402BAD0A4F138025342534132463D4904F066FC13
S21402BAE086E6B8F1020F6BD0394BB3F90630002B5D
S21402BAF026DAB8F1010F7FF41DAF0FF02FFB238873
S21402BB0083423FF475AE0520BDF81E10FFF732FAE9
S21402BB1000283FF46DAE2E4AD3885B0607D5002375
S21402BB20CDE900330A20FF232188FFF7BDFA3A4603
S21402BB309DF822302188BDF81E0002F023F957E650
S21402BB4029460AA800F070F80028D2D050E6022152
S21402BB50DFF88C8088F800102946CDF800B003F094
S21402BB60A5FC132C96D0EB885D0493D41A4B1B7855
S21402BB70D80703D598F80020022A8BD099077FF5BC
S21402BB8037AE98F80030012B7FF432AE82E70022FF
S21402BB902B79124800936B791146008802F0E4FD77
S21402BBA00C4B18709DF8233003F00C03082B89D138
S21402BBB0039B4B4514BF0426052683E701238BE728
S21402BBC04846BDF81E20024901F048FB10E600BFB9
S21402BBD060600020C2670020956600206C6000202E
S21402BBE0B367002010B5002108480FF08DF904460F
S21402BBF050B101460420FFF7BDF928B12046BDE842
S21402BC0010400121FFF7BEBD10BD00BF50600020EE
S21402BC10034BFF211A7803489200EFF7C5BA00BF1C
S21402BC202E710020F046002070B5451804464FF0ED
S21402BC30FF31AC4212D1104B10481A780546002349
S21402BC40934211DB0E4C2078431CB3FBF2F602FB48
S21402BC50163345F82010237000200CE014F8010B70
S21402BC60E0F7B6FA0146E4E750F8044BA14201D0E9
S21402BC700133E5E7012070BD2E710020F04600205A
S21402BC80B4670020042307B501200DEB0301054A23
S21402BC90F7F744FD019B044A1B03136003B05DF8EB
S21402BCA004FB00BF23E1110060590020014B186815
S21402BCB0704700BF60590020014B1868704700BFEC
S21402BCC06059002010B5064C2368C3F30B0313B962
S21402BCD00448E1F7EDF82068431C236010BD00BF5E
S21402BCE06059002023E111002DE9F04F93B0039331
S21402BCF00023DDE91C79069399F8003083460DA8E7
S21402BD0004930E4615460DF0C9FA99F8003013F062
S21402BD1003043ED0039B0DF1250A8DF82430002241
S21402BD20082138460FF0ACF9002870D028880FF0AA
S21402BD3075F899F800301C074CBF0430023013F037
S21402BD40B8FC07A98046F7F7D7FE9DF824300446CC
S21402BD50980633D5288806F10D0111F08AF9A8B1A4
S21402BD6000230093384608232988721D13F0A2FD8B
S21402BD7099F8003003F01803182B4AD1B8F1000FD7
S21402BD8047D0A94BB3F86830434542D040F60A4341
S21402BD9027E02888711D11F06CF90028F6D000946F
S21402BDA005233246298809A813F084FD9DF824301D
S21402BDB00DF1240A03F018030393B0E714BB3946C7
S21402BDC04046F8F785F90028D2D099F8003099074E
S21402BDD0DCD0402322462146404610F00FFD40F6B6
S21402BDE0094399F8002012F0030440F0F7802888EF
S21402BDF003930EF076FF224601461A2013F022FC29
S21402BE00039BEBE007AB03CB38607960B0E74FF6F5
S21402BE10FF780DF0ADFD044620B104213846F7F751
S21402BE2093FE04461E9B002B5AD009231E990DA88A
S21402BE308DF834300DF0ACFB209B0BB1209B0693A3
S21402BE40039B002B40F08E800DA8ECF7FDFD99F8C1
S21402BE5000309A0700F09880FFF734FF51460246FA
S21402BE6001200DF0D1FD99F800309B0710D55946F8
S21402BE70288811F0F7F90BF1090350FA83F35FFAF9
S21402BE8083FB5946288811F0C4F900EB0B06F6B27C
S21402BE9099F8003013F0C20F0AF104030DD09DF892
S21402BEA02420624942F020028DF824200A68CAF84B
S21402BEB004204A685A600AF10C03012209A800927B
S21402BEC01B1A324629889BB213F0F4FC32465946B6
S21402BED02846FEF7DDFE002800F0A48000237DE061
S21402BEE01F9B5BB19E460DF1340CBEE80F00ACE81A
S21402BEF00F00DEF80030CCF800309DE7049B594670
S21402BF0003F020032888049307F08AFB10F0030F3F
S21402BF100CBF012300230593049B059A003B18BF20
S21402BF20012342EA430300930DAA06AB38461F9943
S21402BF3000F01AFB049A034682B1002880D0059BC3
S21402BF400DAA0093384606AB1F9900F00DFB034678
S21402BF5099F8002022F0200289F80020002B3FF4F6
S21402BF606FAF3EE7039B102B06D1BDF8363043F089
S21402BF700103ADF8363067E7039B182B4FD1BDF8A7
S21402BF80363043F00203F4E701200DF125010DF0EF
S21402BF9049FD99F80030824613F0040F288821D113
S21402BFA0069B1BB3002C35D00EF09BFE00220146EA
S21402BFB0162013F047FB84B17FB14FF6FF73984506
S21402BFC00BD000230DA91A4638460DF001FC39465F
S21402BFD040469DF835200DF0E3FC0123184613B0C9
S21402BFE0BDE8F08F002CDFD1104F01E0002CDBD132
S21402BFF000233246009359463B4610F0BBF8002811
S21402C0003FF4C4AE002C3FF469AF069A0AF101036E
S21402C010136063E71B685345C6D80124E8E740F679
S21402C0200A43DBE71923D9E7485800207767002040
S21402C030002307B5054A0648136004220DEB0201E9
S21402C0400193E0F771FF03B05DF804FB605900202E
S21402C05023E111002DE9F04F0446B1B000888DF8B7
S21402C0602F3016468A4611F031F80146814620885E
S21402C07011F0CFF800EB0908208811F01CF9002314
S21402C0809DF82F505FFA88F815F001070790ADF873
S21402C090363008D101460DF13602208810F0A3FF93
S21402C0A008B1ADF8367016B9CDE90E660EAEFEF7DB
S21402C0B03BFB18B145F020058DF82F500023CDE943
S21402C0C0033302930DF12F03CDE900632246534654
S21402C0D041464846FFF708FE0546002800F0CA809B
S21402C0E09DF82F3013F0010747D123F020038DF877
S21402C0F02F300FF033F868B17C4A10AB10685168E5
S21402C10003C3184600F002FA0546FEF70FFDBBB25F
S21402C11098423BD83A9B13B100233A9A1370BDF863
S21402C1203630CBB10121208812F036FE278805462C
S21402C130002800F0CA800121384612F02DFEBDF814
S21402C14036700546384612F00BFE002300903A463B
S21402C1501946284610F0CAFE0023CDE9033302939F
S21402C1600DF12F03CDE90063224653464146484669
S21402C170FFF7BAFD054600287CD00EF0EFFF002838
S21402C18040F0BA80284631B0BDE8F08F18AB14AA4A
S21402C19026A9F8B20DF071FB002840F09480082220
S21402C1A010A927A8EFF74CFB8346ADB19DF8A53042
S21402C1B013F0020F08930FD0082212A927A8EFF750
S21402C1C03FFB48B9089B590706D53A9B13B1012392
S21402C1D03A9A1370089507E03A9B002B61D1BBF19F
S21402C1E0000F70D1002308930DF1740C14AB0FCB23
S21402C1F08CE80F00BDF83630CBB10121208812F052
S21402C200CBFDB4F800B000284FD00121584612F0FA
S21402C210C3FDBDF8362083461046099212F0A0FDF3
S21402C22000231946099A0090584610F05FFE304BDC
S21402C2300DF1740B0493002303930DF12F03CDE944
S21402C24000632246534641464846CDF808B0FFF7FB
S21402C2504BFD002837D1002D33D012AA5B464FF48F
S21402C26082714FF4005000F0D9F8089B13B126A84B
S21402C2700DF00FF90EF072FF88B11E4B1B689A077D
S21402C2800DD4FEF751FA50B1184A18AB106851682F
S21402C29003C3002226A918A80FF049FE00BB0025FA
S21402C2A070E700233A9A137099E7BDF836200A9091
S21402C2B01046099212F054FDDDE909230799009011
S21402C2C0B2E72A46CAE701371FE7BDF836B0584636
S21402C2D012F046FD2B4600905A463846079939E733
S21402C2E026A918A80FF05FFED3E700BF911C040032
S21402C2F0C44A0020C84A00209DF82F3003F01103DC
S21402C300102B7FF43FAF3E4B1B78432B7FF43AAFA4
S21402C3103C4B1B685B067FF535AF208808F10501AC
S21402C32010F0A7FE834600283FF42CAF4146208833
S21402C33007F076F9344B10F0200F08BF1E4612A8FD
S21402C34000F0E4F80822314612A8EFF779FA00283E
S21402C35052D0314612A80DF0E4FA012326AE00931D
S21402C3603246002314A912A800F0FEF800287FF433
S21402C37009AF12AB0DF12F07CDE9036002900093CF
S21402C38022465346414648460197FFF7ADFCA8B3FE
S21402C390BDF89A30102043F0080318AA14A9ADF885
S21402C3A09A300FF0A1FD00287FF4ECAE12ABCDE977
S21402C3B00360CDE901700093224653464146484643
S21402C3C0FFF792FC054600287FF4DCAE18AB4FF46C
S21402C3D09071002012AA00F021F84FF000510020C0
S21402C3E010F01CF8BBF1000F3FF459AF4FF080512C
S21402C3F0002010F013F852E78346AEE714ABE6E7E8
S21402C400F4660020C84A0020B258002001461A23CB
S21402C4100120014AF7F782B924E10100F0B5164679
S21402C42091B0074609A80D461C46FFF7EFFF3EB13E
S21402C430336845F04005CDF826307368CDF82A30CB
S21402C4401B4B1A6822EA070242EA050119604B04EE
S21402C4500DD5BDF824200B0A03F4E243C9B222F438
S21402C460E3420B4322F07F021343ADF824301A2333
S21402C4700020104A09A9F7F751F9B4B104A80CF044
S21402C4800DFF02236A468DF810301546234604F146
S21402C4901006144618685968083303C4B342224685
S21402C4A0F7D1294604A80DF073F811B0F0BD00BF0D
S21402C4B0C84A002024E1010047F2FF10044B196825
S21402C4C041F48042014041F480411A600FF0A6BF59
S21402C4D0C84A002000B589B0FEF7BCFB01A8FFF7EA
S21402C4E095FF0948BDF804200168130221F0FF01F8
S21402C4F003F4E2030B43D2B2134343F480430360D4
S21402C50009B05DF804FB00BFC84A002010B50C4B0A
S21402C5100446186888B0830706D54FF0FF332360B9
S21402C5200120636008B010BD10F04000FAD001A8E8
S21402C530FFF76CFFDDF806302360DDF80A30EFE720
S21402C540C84A002008B5074B02461B6813F0400392
S21402C55005D118461946FFF761FF012008BD0020E5
S21402C560FCE700BFC84A00202DE9F0479EB080468F
S21402C5700C461D4691469DF898A0A2B11646304636
S21402C5800CF08CFE1AF0020F0FD004B917AC22463C
S21402C5903146404601AB0DF04EF90DB100232B603B
S21402C5A01EB0BDE8F0870DAEE9E701AB3146404666
S21402C5B005AA0DF00DF973780AF0010AFF2B26D0B2
S21402C5C0002840F0B68054B105AA09AF134603CB43
S21402C5D0BB42206061601A4604F10804F6D125B118
S21402C5E07278554B03EB82032B60BAF1000F01D130
S21402C5F00020D5E7BDF80430D906F9D418204FF646
S21402C600FF71727813F01EF840F60E40C8E74B4FE3
S21402C6103DB10EF0A3FD10B13B689A072BD500235F
S21402C6202B603B6803F03003102B01D0202B24D163
S21402C63017A8FFF7EBFE082240460DF15E01EFF762
S21402C640FFF820B13B6803F04403402B15D0BAF143
S21402C650000F15D109A80FF0E5FE02233370002C57
S21402C6604CD1B9F1000FC3D00EF078FD60B3301D87
S21402C670FFF74CFFBCE7324BD2E740F60A408FE7A3
S21402C6803B68DB03E6D509A80FF0CCFE0223337025
S21402C69074BBB9F1000FB1D00EF060FDF0B1301DE1
S21402C6A0FFF734FFAAE73B6803F08403842B2CD001
S21402C6B009AB0DAF1A4603CABA4220606160134640
S21402C6C004F10804F6D105E025463B6803F084032E
S21402C6D0842B28D0301DFFF719FF26E03B68012582
S21402C6E003F08403F4E73B68012503F08403DDE7E7
S21402C6F00EF034FD0028F6D00125D9E70EF02EFD07
S21402C70005460028CFD00025D2E712A80CF0C6FDB9
S21402C710022312A88DF84830ECF796F92246082133
S21402C7204046ECF7E9F810237380002D3FF460AF23
S21402C73064E72D2034E700BF4C460020C84A00209C
S21402C740C44A002049B9084B197849B14EF660230D
S21402C750594328B1054812F0D3BB41F28831F8E7B5
S21402C7600248F6F761BF00BF94660020144A002014
S21402C77070B586B005460EF0F1FC10B9022006B080
S21402C78070BDF7F745F80028F8D001A8FFF7BEFEFF
S21402C79006460028F2D08DB92E4B1C6814F002040F
S21402C7A006D02D4B1B78112BE8D12C4BB3F86840E2
S21402C7B04FF481630221ADF80C3023E02846F7F7E8
S21402C7C00FFD0028DAD1234B1C6814F0020406D0B1
S21402C7D0214B1B78112BD1D1204BB3F8684008228D
S21402C7E0294601A8EFF72CF80028E1D04FF402738F
S21402C7F000260A21ADF80C302B68CDF80E306B6897
S21402C800CDF81230002203A80EF023FB024608B928
S21402C8101920B4E70F4B196801F03003102B17D01C
S21402C820202B14BF01230323490001F004010B430C
S21402C8302046002101F09AF80028E9D000210120C4
S21402C840FFF780FF16B10122054B1A70002096E70B
S21402C8500323E9E7C84A0020F4660020485800206F
S21402C860A967002030B5002585B0CDE90055F6F75A
S21402C870DBFE0EF073FC1E4C60B905F0AFFF0D2513
S21402C880002108462170FFF75DFF294668460CF036
S21402C89061FC18E023784BB3164917480A780078EB
S21402C8A0904223D90132012B0A700ED12A464FF448
S21402C8B0A071284602F012FDC0B2B8B941F2883122
S21402C8C00E4812F01DFB05B030BD022B09D12846DA
S21402C8D002A9F7F7FDFB0028EED102A8FFF748FFF2
S21402C8E0EAE7032B02D101F0FBF9E5E70425C7E7E7
S21402C8F0B5670020B66700206A710020144A00203F
S21402C90070B51B4A1B4D04465168106886B02E78D7
S21402C91001AB03C31EB10224204606B070BDF6F773
S21402C920CFFF0228F7D10EF019FC0028F3D003A897
S21402C93000F03AFE082201A90DF10E00EEF780FF84
S21402C940A0B10D4B32464FF4A07130461C7002F077
S21402C950C5FC04460028DFD10123084A41F288318B
S21402C96007482B70137012F0CBFAD5E72324D3E7CF
S21402C970D7DF0400B56700206A710020B667002082
S21402C980144A0020F0B50C4600219BB02B4F0646F9
S21402C990492207A80691EEF707FC3B78012B34D113
S21402C9A09EBB0DF10E0120460FF065FE0546BDF852
S21402C9B00E0012F0D5F9441BE4B2BDF80E10234661
S21402C9C02A46009606A812F075FF304604A9F7F725
S21402C9D07FFBD0B9CCB19DF81920B2B9BDF823308F
S21402C9E003F47E43B3F5285F1ED3B3F5385F0ED348
S21402C9F01349BDF80E000B6843F400030B6029468A
S21402CA000CF0A9FF18B104233B701BB0F0BD012245
S21402CA100C4B04A81A70FFF7ABFE41F288310A48A5
S21402CA2012F06EFA0223EFE711463A70FFF78AFE1B
S21402CA301E2104A80CF08EFBE7E700BFB5670020B6
S21402CA40C84A0020B6670020144A0020014B18701E
S21402CA50704700BFB6670020014B1878704700BFCA
S21402CA60B5670020014B1870704700BFB5670020FD
S21402CA702DE9F04F0446408891B00E298846ADF85D
S21402CA801A0079D094F80890A7790EF0C7F909A988
S21402CA900546BDF81A00E67910F01EFCBDF81A002D
S21402CAA00EF0AFF8420542BFBDF82A3043F40053F9
S21402CAB0ADF82A30E379DB0642BFBDF82A3043F4EC
S21402CAC08053ADF82A30BDF82A30980613D5022FC7
S21402CAD057D10CA9207A0FF06FFDDDF83500DDF88E
S21402CAE0391007AB03C307AA0021042300910DF1F6
S21402CAF01A00FFF7AFFA0121BDF81A0012F04CF93E
S21402CB00022F824649D1474B33F81950B8F1000F2D
S21402CB107ED0BDF82A2051067AD54FF6FB739D4289
S21402CB2076D8414B1B78033B012B04D83F4BB3F816
S21402CB306830AB426CD0D30502D528460FF01EFFF4
S21402CB40BDF82A30D80463D5002F33D1BDF81A00B9
S21402CB500EF057F8C10663D548F23403BDF8262016
S21402CB609A4209D1324E3078FF2805D00322294650
S21402CB70FBF782FBFF2333700023236011B0BDE86E
S21402CB80F08F012F01BF237A2A4A03EB430302EBFD
S21402CB90830314BF00229A1CA6E7012F05D10C239B
S21402CBA003FB09F3234AD55AB0E7A81C12F081FD0D
S21402CBB00546ABE7284601F0F7FEBDF81A000EF070
S21402CBC020F8C206C8D463895046059312F0C8F806
S21402CBD08346504612F0A8F8059B02905FFA8BF047
S21402CBE04A46394601900093404609AB0CF04AFA91
S21402CBF0B8F1000F14BF0B20092016F0030218BF6D
S21402CC0002F1FF32294618BFD2B212F01BFDA3E78B
S21402CC10BDF81A000DF0F5FFC3069DD4002FD2D141
S21402CC20A946D0E7385D0020F56600204858002067
S21402CC306E710020785C002038B500240F4B104D32
S21402CC402A78A24205D8C2B9BDE838400D48F6F7A0
S21402CC50EBBC598869B9013AD2B2A2422A70EFD027
S21402CC60121B184603F110011201EEF7EFFA034603
S21402CC70E6E701341033E4B2E2E738BD504600205E
S21402CC80B9670020F86F002070B51A4B1A4A1D7853
S21402CC900023DCB2A54200D870BD14466688013374
S21402CCA0864202F11002F4D1E379A588E16003F02E
S21402CCB040028DB9CAB123F00403E3710EF0AEF858
S21402CCC0037803F07F03037021880029E4D1BDE8CE
S21402CCD070400A4812F014B900216580A180002A2B
S21402CCE0E9D1BDE87040FFF7A7BF2046FFF7C0FEB8
S21402CCF0F7E700BFB967002050460020F86F002013
S21402CD002DE9F047044686B040880F4615460EF0D9
S21402CD1085F8A3798046082B52D8DFE803F0052E63
S21402CD201851515151510500023012F0C2FC002D2B
S21402CD304ED06946F7F7CCF9002841D1684601F093
S21402CD40DDFEB0FA80F0400906B0BDE8F08702A921
S21402CD50207A0FF031FC6B466E46DDF80D00DDF8EA
S21402CD601110334A03C3237A32F81390314AD05C47
S21402CD7075B131460FF044FCE6E7237A2E4903EB01
S21402CD80430301EB830231F82390907A961CEFE777
S21402CD904FF6FB7AD14515D9304603F0ADFF4FF674
S21402CDA0FF739842054615D00146304601F018FE3C
S21402CDB0554508D9E379DA060ED440F62243E360F5
S21402CDC00020C1E74D46294608F1020012F073FC26
S21402CDD00120B9E74D46EDE74FF6FC78454512D1FE
S21402CDE003F00C030C2B1CD1DFB130464FF6FD715D
S21402CDF001F0F6FD40F61F412046E160FFF738FEDF
S21402CE00FFF71AFFDCE74FF6FD739D4209D10023B8
S21402CE10304619461A4602F02DFB4146304601F0CE
S21402CE20DFFDE37943F00C03E37140F62343C6E7E4
S21402CE30385D0020A0660020785C002073B50446AA
S21402CE4040880E460DF0EAFF023012F032FC0CF07B
S21402CE50A1FD18B1A11C201D0CF0A1FDE6B1E579DB
S21402CE600135EDB2E57115F0400514D0EBF708F97F
S21402CE700122054600212046FFF742FF18B1394B32
S21402CE801B882B449DB2384B1B78042B01BF354BB5
S21402CE901B885B199DB22580002231462046FFF78B
S21402CEA02FFF20B360880DF0B9FFE2792F4922F0F8
S21402CEB00C03E3710B7805460133DBB20B70C371CA
S21402CEC02B4BA61C1B780BB3E37998061ED5294973
S21402CED0097871B159060CD592070AD500220423A7
S21402CEE0114630460092FFF7B5F810B1E06002B086
S21402CEF070BD00220123114630460092FFF7AAF8C1
S21402CF0020B1E37943F00303E371EFE730460CF018
S21402CF1044FD0028EAD16088FBF77EFD0328E6D8A8
S21402CF20DFE800F0020D1D19E37943F00403E37114
S21402CF301B06DCD5104B1A78104B1A70D7E740F652
S21402CF402443E360E37943F00803E3712B7803F0AC
S21402CF507F032B70CBE740F62543E360C7E740F636
S21402CF602643FAE7B6700020F5660020F266002037
S21402CF70F06600206B71002098660020B8670020DB
S21402CF802DE9F74F064612F0AAFA5F4B0546B3F8AC
S21402CF90009018805D4BA0EB09041B78A4B2A34254
S21402CFA098BF00234FF000084FF6FF7788BF1B1B81
S21402CFB0564A88BFDBB21370DFF864B1A9EB0003F0
S21402CFC00093534B5FFA88F2197891420ED80EB14D
S21402CFD0FFF732FE4FF6FF739F4200F08E8039460F
S21402CFE04C4803B0BDE8F04F11F08ABFBBF80220F0
S21402CFF0002A3CD0484B9BF807201878BBF800A0C4
S21402D000042818D00020BAF1000F08BFA246204418
S21402D010504523D2BBF80010009B1944ABF8001011
S21402D020002E4ED002F04802482A4AD10021584625
S21402D030FFF704FF45E00192F6F790FF30F0100389
S21402D040019ADFD1FAF702FD344B019AB3F800C019
S21402D0508445D7D9ACEB000080B2D4E702F00C00CE
S21402D060042807D10022ABF800200BF1100B08F1C0
S21402D0700108A6E7510602F0030C02F008000ED5DE
S21402D08028B3BCF1030F25D1DEB1DBF80C105846ED
S21402D090002908BF4FF44261FFF7EAFC11E040B3F3
S21402D0A0BCF1010F25D11206EED44FF4C862ABF8DC
S21402D0B000209BF8072022F0030242F002028BF8BF
S21402D0C00720BBF80020974228BF1746CDE703206B
S21402D0D08445D9D213060ED50C4B1A780AEB0200F9
S21402D0E0844208DA4A44521B0AEB0201ABF80010EB
S21402D0F0E7E70120ECE7012199E7064803B0BDE81F
S21402D100F04FF6F791BA00BF56600020B8670020CD
S21402D110B9670020F86F0020F5660020B670002080
S21402D12050460020F8B500250A4E0B4F3378ECB275
S21402D130A34204D8BDE8F8400848F5F785BF07EBD8
S21402D1400414A01CF5F780FF201DF5F77DFF0135BE
S21402D150ECE700BFB9670020504600204C60002074
S21402D16070B500240B4D0C4E2B78A34208D81B1B1F
S21402D170DBB22B706BB9BDE870400848F6F754BABC
S21402D18006EB041040F621410134FFF771FCE4B2CD
S21402D190EAE770BDB967002050460020F86F00200D
S21402D1A02DE9F041002506462F46114CDFF8448053
S21402D1B098F80020EBB29A4203D8BDE8F041FFF798
S21402D1C03BBD60880DF02AFE023012F072FAB042C1
S21402D1D00AD16088F8F74AFA00230E2118466288B8
S21402D1E003F086F92780678010340135E0E700BF38
S21402D1F050460020B9670020F8B5154EDFF858E013
S21402D20035789EF800E0134FAE454FEA051C07EB53
S21402D210051419D0002503F4835343EA1323A1719E
S21402D2202272E371608027F80C50A58006F078FB26
S21402D23040F60243E3603378608101332846337058
S21402D240FFF79EFE2846F8BD40F60340FBE700BF08
S21402D250B9670020504600202C7100202DE9F04FBF
S21402D260344B0D461C78174685B05CB9B1F906807A
S21402D270DFF8C890DFF8C8A0DFF8C8B099F8003029
S21402D280A34202D805B0BDE8F08F0AEB0416B088B8
S21402D29000B9708801A910F01FF8AA7A9DF80E301E
S21402D2A09A4244D1B8F1000F0FDA297A9DF80C2081
S21402D2B02B89914209D8204800780844824236DAFF
S21402D2C0521A1B0A1341D90731D538460FF0F3FF1D
S21402D2D0BDF80A3004469A0602D5EB889B06D1D5DD
S21402D2E0F37903F00C03042B08D17088F8F7BEF923
S21402D2F0002372881946184603F0FAF800213046D1
S21402D300FFF7B6FBFFF798FC384611F029FD84427A
S21402D31008D2337A01228BF8003029460023384699
S21402D32003F044F8B8F1000FACDA0024A6E70134A3
S21402D330E4B2A3E7B76700202B710020B96700208C
S21402D34050460020C267002008B512F0C8F8074B06
S21402D3501B88C01A80B2B0F5807F05D9BDE80840A8
S21402D3600021034811F0CCBD08BD00BF5660002066
S21402D370F86F00202DE9F04788B004460D460FF0FE
S21402D380A5FE0146204606F04BF910F0030340F0D6
S21402D390848010F00C0F06D12946204608B0BDE85E
S21402D3A0F047FFF771BC20460DF02BFCC10659D49E
S21402D3B020460FF08BFE0146204606F031F907465E
S21402D3C020460DF02BFD0646023012F072F905A932
S21402D3D08046204607F00C0796F806A00FF07CFF62
S21402D3E073780C2F0CBF03270627012113F0010FB9
S21402D3F0204618BF032711F0CFFC2B4B81461B7823
S21402D400033B012B1DD9BAF1010F1AD94FF6F77358
S21402D410984502D8337A1F2B13D9301D12F049F9DA
S21402D420F17982460EF000F906465046F7F726FDD9
S21402D430DEB173685A1C04D0834340F6284308BF03
S21402D4401D461A4B1B88A34212D1B5FA85F0400935
S21402D450FAF7A6FD20460DF002FC00220146072040
S21402D46012F0F0F808B0BDE8F08740F62845E8E785
S21402D47006F056FA8246484611F072FC06464846C0
S21402D48011F052FCF6B20290424639462846CDE9E1
S21402D49000A605AB0BF0F6FDDCE7012BE2D110F09F
S21402D4A00C0FDFD178E700BFF56600204C60002045
S21402D4B0002210B5094B1C78094BD1B28C4201D818
S21402D4C0002010BD197A814202D19979022902D030
S21402D4D010330132F1E70120F3E700BFB9670020FD
S21402D4E0504600200146002210B5084B1C78084B17
S21402D4F0D0B2844201D8002010BD187A884202D1E8
S21402D50098790128F8D010330132F1E7B967002084
S21402D51050460020002210B40A4B1C780A4BD1B2A7
S21402D5208C4203D85DF8044BFFF786BB197A81421A
S21402D53005D19979012902BF00211980598010333B
S21402D5400132ECE7B967002050460020044B1B6806
S21402D55013F0300F03D0202130200EF05FBF70474B
S21402D560C84A0020002310B5044608491A4601EAB4
S21402D57000414FF07F60FEF751FFE30703D500211D
S21402D58030200EF04BFF002010BD00BF00007207D7
S21402D590044B5B8823F4784323F08D03038000203A
S21402D5A0704700BFC84A002008B500220346C3F8E9
S21402D5B00220C3F806200B4A02301268D1B212F0DB
S21402D5C0200F18BF41F010011980930701D4FEF70F
S21402D5D09DFF054B1B78023B032B8CBF17200020B8
S21402D5E008BD00BFC84A0020F466002038B50546CC
S21402D5F00C46FDF72FFB98B10E4B187878B10E4B00
S21402D6001B681A040FD58CB113F0420F00D17DB1FE
S21402D61003F44073B3F5407F0CBF0020232038BDCF
S21402D62040F60840FBE740F60B40F8E72046F6E7F0
S21402D6302320F4E7F0660020C84A0020F0B504462E
S21402D6408DB007A80D4616460BF028FE10220021C4
S21402D65003A8EDF7A9FD5CB1234603AC03F110075E
S21402D660224618685968083303C2BB421446F7D1EB
S21402D670012703A986EA070307A88DF81C708DF810
S21402D6801D300BF076FF80EA070401A8E4B2EBF740
S21402D69039FAB6B101A88DF80650EBF75FFA64B115
S21402D6A0002303A907A88DF81D300BF071FF0C4B61
S21402D6B01B78432B01D1F7F7CFFC0A4B1D700DB038
S21402D6C0F0BD01A88DF80750EBF748FA002CF6D00B
S21402D6D003A907A88DF81D700BF05AFFEFE700BFED
S21402D6E0F4660020EF660020F0B5012593B00746E9
S21402D6F00DA80C460BF0D2FD05A90DA8ADF83450C6
S21402D7000BF061FF01A8EBF7FDF909A90DA88DF84A
S21402D71035509DF806600BF056FF0DA89DF8075091
S21402D7200BF0E7FE70BB731BDBB2802B28D91FB150
S21402D730A64225D0A54223D105A90DA80BF028FFA5
S21402D74003A8EBF7DFF903A88DF80F60EBF706FAEC
S21402D7500122294609A8FFF771FFF7F733FD0121D9
S21402D7604FF4007003F0E6FDFDF75CFAB0F1004FEF
S21402D77001D9FDF75DFA044B18780BF0E9FC01209D
S21402D78013B0F0BD0020FBE7EF66002070B50E4632
S21402D790144605460320FFF765F946F004022946BB
S21402D7A020460BF04FFF0022014B1A6070BD00BFEF
S21402D7B0C44A0020F0B587B007880546102200212B
S21402D7C002A8EDF7F1FC3E4B1B78002B76D1BC0588
S21402D7D05ED407F08403842B63D00022394C1146B2
S21402D7E01046FFF72BFF17F4045F276005F10206C9
S21402D7F01CD0B9040AD5304605F0A4F900284ED14B
S21402D800236823F4005343F48073236030460EF0FB
S21402D81093FE002842D10BF03DFD18B9236843F46D
S21402D82080332360236843F02003236022680DF1CF
S21402D830060042F400432360FFF7AAFE12F4805F5C
S21402D840BDF8063031D043F02003ADF8063021682B
S21402D850334611F0400218BF05F123024FF07F60F5
S21402D860FEF7DCFDBDF80630DA0703D500213020CE
S21402D8700EF0D4FD23689B0506D5012295F82210EA
S21402D88005F11200FFF7DAFE00200F4B186006E0E3
S21402D89005F112000EF050FE00289AD0292007B09B
S21402D8A0F0BDB80799D52320F9E723F02003ADF899
S21402D8B00630FDF7BDF9FEF7BBFBC8E70220EEE730
S21402D8C0F4660020C84A0020C44A002008B5054B6A
S21402D8D01B7833B1FFF73AFEBDE808400248FEF770
S21402D8E031BE08BDF06600207767002010B5154BE4
S21402D8F01B78D3B1144B1B78033B012B15D90020A0
S21402D9000FF0DDF8044698B1EAF7EAFB237913F044
S21402D910300F0AD148B1012803F0CF0206D0811E8B
S21402D9204B424B415B011343237110BD1023FAE7B0
S21402D930F7F7DAF80028F8D021462046BDE810406E
S21402D94004F096B8F0660020F566002008B50DF0E3
S21402D95005FC054B18B91868C0F3800008BD1868A6
S21402D960C0F30050FAE700BFC84A00202DE9F04F86
S21402D970064689461046002189B01546984605F0A7
S21402D9804FFE102807460AD86A4B0341DB0706D427
S21402D990C8F340049DB9002009B0BDE8F08F664B7D
S21402D9A01C78002CF6D0FFF7D1FF00280CBF4FF4EE
S21402D9B0F0744FF4D074FC4004F00104EAE74FF030
S21402D9C0000A18F0010F5346524629464FF005004A
S21402D9D0CDF800A00CBF4FF0080B4FF4027B09F005
S21402D9E0ABFA0028D7D0C82332460093594653468E
S21402D9F0284605F03DFEADF80E000028CBD018F004
S21402DA00080A4AD14FF6F773A7F10F02D2B29E4226
S21402DA108CBF09230123012A01D843F04003474A59
S21402DA208DF810301378591C11708DF81130002CB7
S21402DA304FD09DF81030052F43F020038DF810309C
S21402DA4033D03F4B1D78002D5AD04FF6F773002582
S21402DA509E424FF00F0248D9012304A90DF10E0091
S21402DA60F5F736FD002896D1002C4DD1BAF100010B
S21402DA7033463A4618BF0121BDF80E00CDF8009095
S21402DA800BF092FFADF80E00002884D018F0040FB9
S21402DA904DD031460DF097FF7EE749460DF10E0058
S21402DAA005F02AF80028ADD175E70121BDF80E0071
S21402DAB011F072F9012105F0B3FD0123834013F042
S21402DAC0620F1CD11E4B1B78E3B14FF6F773182575
S21402DAD0BEE71B4B25461B780222002BBCD04FF616
S21402DAE0F7739E42B8D8052FB6D0BAF1000FB3D15D
S21402DAF09DF8103043F040038DF81030ACE7102547
S21402DB000F22A9E71825FBE7BAF1000F0AD0022375
S21402DB104A46009029460DF10E00FEF79BFA0028B1
S21402DB20A4D038E741235246CDF800A0F2E70DF024
S21402DB3034FF31E79FFEFEFFF0660020F16600200C
S21402DB40E26600202DE9DF431E46144B80461B6822
S21402DB500F469B0791460A9C1BD4204614B10BF035
S21402DB600BFFC0B20622CDE902403B460020CDE9BB
S21402DB7000890B490FF02AFA024650B10021002E06
S21402DB800CBF01230323084604B0BDE8D043FFF7C9
S21402DB90EDBE002004B0BDE8D08300BFC84A002016
S21402DBA0379304002DE9F04F8DB081468A461F4612
S21402DBB093469DF85C803AB903A8FEF7A7FCB0BB73
S21402DBC000200DB0BDE8F08F154600222321104636
S21402DBD00DF03FF9ADF80A000028F1D011F0A4F8D4
S21402DBE00523044618F0100F00F8023B677020D099
S21402DBF011220021EDF7D8FA04F11306032F4FF095
S21402DC00080237D159463046EDF720FBC8F3801399
S21402DC1006F1090533720BF0ABFE00283ED0002356
S21402DC202B706B700123033505F8013C36E003AD1B
S21402DC30CBE7012610221699EDF708FB06FA07F342
S21402DC4013F0620F02D104F11206D7E707A80BF011
S21402DC5025FB05A88DF81C60EAF754FF9DF81620F0
S21402DC6018F0200F9DF8173008BF134604F113066C
S21402DC70A374C3E751463046EDF7E8FA012306F1EE
S21402DC800802121B28460093BDF80A10082392B217
S21402DC9011F010FE042F06F11005BCD02D1BA9B200
S21402DCA00DF10A000FF0FAF8002889D118F0040FD7
S21402DCB00BD0484611F058FAFF281FBF074A32F821
S21402DCC0103023F4804322F810304346514648462B
S21402DCD0BDF80A20FFF74AFE73E700BFE05F0020A8
S21402DCE070B5032690B08DF807600DF037FA18B9B4
S21402DCF00224204610B070BDF5F78AFD0028F7D042
S21402DD0002AD2846FEF702FC0028F1D01B4B1C6829
S21402DD1014F00204ECD140F20F43194AADF8243055
S21402DD20136804A8CDF826305368CDF82A300BF0D5
S21402DD30B5FA95E8030005AB83E80300062304A8BA
S21402DD408DF81D308DF81060EAF77EFE01210DF188
S21402DD502E020DF10700EAF7CFFD22461A2109A886
S21402DD600DF077F8024608B91924C2E701232946BE
S21402DD702046FFF7FBFD0028BBD1F5E7C84A002086
S21402DD80776700202DE9F04F06460F46002199B02E
S21402DD901F2210A803930F91EDF706FA30460FF0F4
S21402DDA095F90146304605F03BFC8DF81B003046DF
S21402DDB00DF034F89DF81B3045788146C5F34005D2
S21402DDC09806304648BF45F002050FF074FA04463E
S21402DDD0304610F0C5FF0023001B5FFA80FA00935E
S21402DDE05346232B28BF2323224631460FA811F081
S21402DDF061FD002840D19E4B9DF83C801B789DF823
S21402DE003DB0002B3BD0FFF7A1FD00280CBF4FF41E
S21402DE10F0734FF4D07323FA08F3D9072FD5AA0765
S21402DE202DD4B8F1080F24D1BBF1040F24D1FAF790
S21402DE3097FD08BB012322460093314605200DF1CB
S21402DE401B0309F056F8B8B1A8F10508B8F10D0F92
S21402DE5012D8DFE818F02800A001C701EC01F5018E
S21402DE601100110011001100FB019D02A902D70248
S21402DE70D702B8F1050F08D019B0BDE8F08FB8F197
S21402DE80100F05D1039B002BF6D0FAF769FDD1E7F8
S21402DE90FAF766FD0028CDD0B8F1050FCAD0B8F162
S21402DEA0110FC7D0E8E7BBF1050FE5D830460CF0F6
S21402DEB018FF059009F1020011F0FBFB81460DF1F7
S21402DEC01E00FFF765FB01239DF83D70BB4013F073
S21402DED06203039305D0BDF81E309B0701D5AE073B
S21402DEE0CAD50DF03BF90028C6D0FAF739FD08B9B5
S21402DEF0002DC1D00DF13E0A50460EF01DFB039BCD
S21402DF000490BBB1032F9DF84EB01AD10DF14F0409
S21402DF100DF024F9814540F01781032DACD19DF810
S21402DF2056105246003918BF01210DF14E000BF073
S21402DF3048FDA1E7032FDDF80CB07BD10DF14E04AE
S21402DF40E6E74C4B1B689C0729D5FF2208210DF1FA
S21402DF5057000DF095F8804608BB034601460DF1C2
S21402DF6057020220FEF75AFA0DF0F8F881450DF135
S21402DF7057060DF14F0422D04FF6F773994540F23B
S21402DF80E8800022082120460DF07AF8002800F0EA
S21402DF90E080002259465046FFF750FB6CE70DF131
S21402DFA057060DF14F0430460EF060FA002846D0B0
S21402DFB00DF0D4F8814540F0C8804FF000082046A6
S21402DFC0F6F70EF9002800F0C080012F58D0042F73
S21402DFD07FF452AF0EF06DFA10B1032D7FF44CAF02
S21402DFE0049B002B7FF448AF324602215046FFF7CF
S21402DFF0CDFB214B1B7863B1FFF772FEFEF72CFDBB
S21402E000022806D10120FEF721FD01210846FEF76F
S21402E01099FB1A4B1B78022B1FD1032130460BF0BB
S21402E02099F8FEF719FD014600287FF425AFFEF7A2
S21402E03089FB21E70DF156060DF14E04B3E70F4BAF
S21402E0401B78432B7FF418AF012F7FF415AF0DF02A
S21402E05085F8814579D1B846B1E7412B7FF40CAFFC
S21402E060044B1B6858057FF507AFF8F761FC03E71A
S21402E070F0660020C84A0020A9670020F466002047
S21402E080B64C2378022B22D02378412B3FF4F4AEF1
S21402E090049B33B9FAF764FC594602465046FFF72A
S21402E0A0CDFAFAF75DFC00283FF4E6AE0EF001FA70
S21402E0B0AB4F98B13B681A0502D42378432B0DD197
S21402E0C0AB070BD440F61A40F7F7E0FBD4E60EF0A7
S21402E0D0F0F90028D8D0A907D6D4CDE6386810F0D3
S21402E0E0020002D1059903F0C3FC2378112B16D146
S21402E0F03B685F0513D50020FEF73AFB044600286E
S21402E1007FF4BAAE0DF002FB40F61C40F7F7BEFBFA
S21402E11021462046FEF716FBF7F7C4FBACE6AC0733
S21402E12001D5FFF713FAB8F1000F9ED00BF0B2F844
S21402E13018B94FF480310EF071F90022894B30463F
S21402E1401A600EF08AF990E70026039B002B7FF4F4
S21402E15013AF4FF6FF73204608A9ADF82030F5F747
S21402E16091FF20B120460CF0D4FFADF820004FF608
S21402E170FF73BDF8200098423FF47EAE049B324601
S21402E180002B0CBF042315232146CDE900A33B46F2
S21402E190FFF708FD70E60CF0E1FF00287FF46CAE96
S21402E1A0714B1B78002B3FF467AEA80704D46C4B68
S21402E1B01B6899013FF560AEBAF10C0F0DF14500F0
S21402E1C094BF002412AC11F074FA02469DF8470080
S21402E1D003283FF651AE394600940DF13D0304F094
S21402E1E00BFA49E60DF13D00F5F7FAFF28B10222D7
S21402E1F039460020FAF740F83EE65C4B1B78013BB6
S21402E200012B3FF639AE0DF13D0002F075FD4FF6DB
S21402E210FF739842044606D10DF13D000CF079FFDB
S21402E220A0423FF429AE0021FAF736F924E6EA07BF
S21402E2307FF522AE2A4638460FA904F0DBFA1BE623
S21402E2409DF83D100120FFF74FFA15E6474B1B7865
S21402E250013B012B3FF610AEEB077FF50DAE0DF13D
S21402E2603D0002F049FD4FF6FF7398420546804690
S21402E27040F080800DF13D000CF04BFF4045054616
S21402E280074677D10DF13D00F6F71CFCB84205466D
S21402E2903FF4F2AD304610F063FD00220934E4B2DA
S21402E2A0071BFFB2394610460CF0D3FDADF81C0032
S21402E2B000283FF4E1AD4FF0010900232A46082169
S21402E2C0CDF8009005F0D4F9ADF81E0000283FF412
S21402E2D0D3AD214630460EF0C5FF4FF0000A804609
S21402E2E01622514609A8CDF820A0ECF75DFF43465A
S21402E2F022463146CDF800A008A811F0DBFA4B46BC
S21402E300424608A90DF11E00F5F7E2F800287FF450
S21402E310B3ADA7EB0807FFB2394607A80EF0BEFD5D
S21402E320284610F021FFFF2818BF114A444418BFA0
S21402E33032F81030E4B21CBF23F4804322F81030C7
S21402E340BDF81C0023463246002100970EF0CEFD93
S21402E3502946BDF81E000DF036FB8DE5F46600205A
S21402E360C84A0020C44A0020F0660020F566002055
S21402E370E05F0020284610F0F7FEFF28074689D007
S21402E380F6F7C6FD002885D0384603F099F881E7EF
S21402E3901E4B1B78013B012B3FF66EAD2A463846D4
S21402E3A00FA9FCF7C9F967E5194B1B78022B20D198
S21402E3B0002F7FF461AD08A8FEF7A8F800283FF406
S21402E3C05BAD144B1F709DF83D30002B14BF6424C8
S21402E3D06524FEF741FB032806D138463946FEF788
S21402E3E0B1F93846FEF73EFB214608A80AF0B2FE0F
S21402E3F042E5043B012BDBD938460BF0CBFA00286A
S21402E400D6D139E530460BF0C7FA35E5F566002079
S21402E410F4660020A96700202DE9F34105460E4662
S21402E420174698460EF045F8044640B101233A4690
S21402E43031462846CDF80080FFF784FB04460EF0EE
S21402E44038F830B1FFF782FA78B10A4B1B689B01A5
S21402E4500BD400233A4631462846CDF80080FFF713
S21402E46071FB002C0CBF0446012404F0010002B02C
S21402E470BDE8F081C84A002070B58AB005A80AF047
S21402E4800DFF022301AA15468DF81430084B03F13E
S21402E4901006144618685968083303C4B342224665
S21402E4A0F7D1294605A80BF064F80AB070BD00BF84
S21402E4B0DFDF0400014B1878704700BF6C71002044
S21402E4C0014B1888704700BFE07000204FF6FF73BC
S21402E4D02DE9F043994280460D4685B00BD00027C1
S21402E4E04FF6FD791C4EE9F7D1FDFCB2A0420BD8DF
S21402E4F04FF6FF701DE0F5F773FE0028EFD005B06B
S21402E500BDE8F0430CF02ABE36F814304B4517D857
S21402E510694620460EF014F8082241460DF1050021
S21402E520EDF78EF94FF6FF7360B99D4204D136F8C7
S21402E530140005B0BDE8F08326F814500DF0C9FFAC
S21402E5400137D0E79D42FBD036F81430AB4208BF05
S21402E55026F81490F4E700BF385D00202DE9FF4747
S21402E56006460F4600254FF6FD79DFF83C80DFF8B9
S21402E5703CA0E9F78BFDECB2A04202D804B0BDE89D
S21402E580F08738F814304B450CD8694620460DF013
S21402E590D7FF082231460DF10500EDF751F908B90B
S21402E5A00AF804700135E4E7385D0020A066002012
S21402E5B0014B33F810007047385D0020F0B5064670
S21402E5C000250D4F85B0E9F761FDECB2A04201D8F7
S21402E5D005B0F0BD37F81430B3420BD16946204679
S21402E5E00DF0EAFF9DF80030022B1CBF4FF6FD73BC
S21402E5F027F814300135E6E7385D002030B585B0DF
S21402E60004460D46E9F742FDA0420FD9084B33F8FF
S21402E61014204FF6FD739A4208D8694620460DF03C
S21402E620CBFF29460DF10500FFF750FF05B030BDC0
S21402E630385D002030B585B00446E9F727FDA042D4
S21402E64019D92046FEF734FF0546B0B9694620467A
S21402E6500DF076FF9DF800302BB1694620468DF806
S21402E66000500DF08BFF4FF6FF720020044B23F88C
S21402E670142005B030BD2820FBE740F60440F8E73A
S21402E680385D00202DE9F0410B7805460E461BB991
S21402E690BDE8F041FFF7CEBFE9F7F8FCA84231D952
S21402E6A02846FEF705FF78BB374617F8058B4FF668
S21402E6B0FF713846FFF70AFF0446384600F01EFA96
S21402E6C0B0FA80F04009B8F1000F15D0B8F1030F88
S21402E6D015D04FF6FF724FF6FD73944208BF1C46E4
S21402E6E00B4B314623F815400A4B585528460DF079
S21402E6F045FF0020BDE8F0814FF6FF74F0E74FF6C5
S21402E700FE74EDE72820F5E740F60440F2E700BF86
S21402E710385D0020A06600202DE9FF410D46044624
S21402E7204FF6FE780F4F0E0AE9F7B0FCA04204D867
S21402E730FF24204604B0BDE8F08137F81430434584
S21402E7400CD1694620460DF0FBFE9DF80520EBB283
S21402E7509A4203D19DF80630B342EAD00134E4B2BD
S21402E760E2E700BF385D00202DE9F04F0C46174661
S21402E770984600254FF6FD7B87B09DF840A0DFF84F
S21402E7805C900190E9F782FCEEB2B04201D8FF2617
S21402E79016E039F816205A451ED8304602A90DF062
S21402E7A0CFFE3FB99DF80920424515D19DF80C20B1
S21402E7B0524511D144B939F81620019B9A420BD121
S21402E7C0304607B0BDE8F08F082220460DF10D0155
S21402E7D0EDF736F80028F3D00135D3E7385D002090
S21402E7E010B514460DF0ACFE2046BDE810400822D7
S21402E7F00149ECF72BBD00BF776700202DE9FF47E4
S21402E800074615460846082224491E46EDF718F81C
S21402E810044600283FD14FF6FF7ADFF88490E9F7E6
S21402E82035FC5FFA84F880450BD385B3384608F08A
S21402E83041FC01250C9B18700120357004B0BDE820
S21402E840F08739F8183053451FD0694640460DF018
S21402E85077FE7A789DF801309A4216D17A88BDF80A
S21402E86002309A4211D13A799DF804309A420CD17C
S21402E87008220DF10501781DECF7E2FF28B9002DFC
S21402E880D7D1404608F031FCD3E70134C7E7FF2072
S21402E89008F02BFCCEE70020D0E700BF7767002009
S21402E8A0385D0020F0B50025154E164F85B0E9F705
S21402E8B0EDFBECB2A04201D805B0F0BD6946204699
S21402E8C00DF03EFE9DF80030032B06D90023694664
S21402E8D020468DF800300DF051FE9DF8002062B102
S21402E8E04FF6FD734FF6FE71032A08BF0B4626F855
S21402E8F01430002301353B55D9E74FF6FF73F6E790
S21402E900385D0020A0660020F8B50E4604464FF695
S21402E910FF770C4B0C4D1B7803EB430305EB83058B
S21402E920A54202D800242046F8BD2388BB4206D062
S21402E93008223146A01CECF783FF0028F3D00C34E3
S21402E940EEE700BF2D710020785C0020044BFF210B
S21402E9501A78044802EB42029200ECF725BC00BF8C
S21402E9602D710020785C0020F8B504460C4B0D464D
S21402E9701B781046A3420DD90C27022117FB04115F
S21402E9807C43084E08223144ECF760FC335B0020DF
S21402E9902B80F8BD0023136053604FF6FF73F6E733
S21402E9A02D710020785C002038B504464FF6FD75C0
S21402E9B0FFF704FE0022084B1878084BD1B28842B3
S21402E9C000D838BD33F80C1C0132A14208BF23F828
S21402E9D00C5C0C33F2E700BF2D710020845C002033
S21402E9E070B505460E460846FFF7DEFF3146284656
S21402E9F0FFF76CFD29460648FFF786FF00B970BD93
S21402EA00044624F80C6B0DF064FD29462046F3E715
S21402EA10785C002010B5082286B023490446ECF73D
S21402EA200FFF20B906B0BDE810400CF097BB0822D5
S21402EA3020461E49ECF704FF20B91D4BB3F86800C8
S21402EA4006B010BD0023012221464FF6FF70009348
S21402EA50FFF78AFEFF2806D0164B33F810004FF653
S21402EA60FB739842ECD903A8FEF79EFD58B9BDF891
S21402EA700C305B0607D5082221460DF10E00ECF796
S21402EA80DFFE0028DCD021460B48FFF73DFF40B1F1
S21402EA904FF6FB724FF6FF730088904288BF184607
S21402EAA0CEE74FF6FF70CBE777670020B25800201C
S21402EAB048580020385D0020785C002070B500229F
S21402EAC004464FF6FB7608460A4B1D780A4BD1B22F
S21402EAD08D4201D8002009E01988B14207D8A14228
S21402EAE005D10822991CECF7B1FB012070BD0C334E
S21402EAF00132ECE72D710020785C002037B5014624
S21402EB0005460E48FFF700FF044640B1807A2946C4
S21402EB100DF076FD80F00100C0B203B030BD0346B2
S21402EB200090012229464FF6FF70FFF71DFEFF28D0
S21402EB3016BF034B2046185CE9E700BF785C00204E
S21402EB40A06600202DE9F341224B04461B780F46AF
S21402EB508342154638D9FEF7C5FCB8BB4FF6FD739F
S21402EB609D421D4E0ED004EB440326F823504FF66A
S21402EB70FF739D421FD12046FEF7CCFC002002B058
S21402EB80BDE8F0810DF106013846F5F77BFA4FF63F
S21402EB90FF72BDF806303846934218BF1D460C2356
S21402EBA06343F55206EB0308FFF7A8FFB0FA80F0BE
S21402EBB0400988F80A000C2303FB04600822394641
S21402EBC00230ECF743FBD9E72820D8E740F60540A9
S21402EBD0D5E700BF2D710020785C002038B50446CA
S21402EBE00D46FFF7BBFC21460448FFF78DFE00B931
S21402EBF038BD857221460C30F7E700BF785C0020EE
S21402EC000023074A1370074A1370074A118801B196
S21402EC101380064B1A880AB100221A80704700BF7A
S21402EC20BB670020BA6700205C6000205A600020A4
S21402EC302DE9F04F4C4C9846238889B005900F4634
S21402EC4010469DF848A05BB952B10EF040F92080FC
S21402EC504FF4FA61454809B0BDE8F04F10F050B9DC
S21402EC60DFF81C91B9F80050002D69D0284610F044
S21402EC7077F8C0F34704284610F056F8DFF804A1E8
S21402EC800294BAF80030DFF800B10193BBF8003006
S21402EC900546009300224346012035490EF096F9B8
S21402ECA0ADF81E0010B305EB44080124454512D109
S21402ECB0E4B9BDF81E50CDB12E4B1B782BBB2B46AC
S21402ECC000223946059800F043FA0023ABF80030DC
S21402ECD0AAF800300AE0012329461A460DF11E0062
S21402ECE0F4F7F6FB023504460028DFD00023224A5A
S21402ECF0A9F800301378013BDBB21370002BA7D1C2
S21402ED0009B0BDE8F04FFFF77BBF0CF0F0F9014603
S21402ED10284604F085FC0A218046284604F080FC3A
S21402ED200646A64202D8FF2CCFD1C8E7284604F1F1
S21402ED300B0104F075FC8045C1D80134E4B2F0E75B
S21402ED400E4C237823B910F0BFFA08B901232370BA
S21402ED50524641460520F5F757FC0028D0D12070D0
S21402ED6009B0BDE8F08F00BF5C600020187000207C
S21402ED703D930400BC670020BB670020BA670020F2
S21402ED805A600020F45F0020F65F002030B5154D73
S21402ED9087B02C889CB923464FF4A07248F23801FB
S21402EDA003A80DF010FD21462046F9F7F3FB224694
S21402EDB00D4B009403A9FFF73BFF07B030BD20467A
S21402EDC00CF02CF8043010F074FC03A904462888D2
S21402EDD00EF082FA0023009320462A8803A900F048
S21402EDE065FBEAE75C60002000F8FF0737B5002005
S21402EDF001A9F9F7CFFB0D4C014623780C4D7BB1E8
S21402EE000C4B019A1878F9F7DBFB2078F7F716F91E
S21402EE10002323702B700848F4F706FC03B030BDBD
S21402EE202B78002BF7D0FFF7B1FFF4E7BE67002080
S21402EE30BB670020BD6700201870002008B5054893
S21402EE40F4F702F90448F4F7FFF8BDE8084003486F
S21402EE50F4F7FAB85C6000205A6000205860002080
S21402EE602DE9F04F89B089460446CDE905239DF881
S21402EE704870139E30B316F801ABBAF1000F23D0D8
S21402EE800AF1FF34A400E4B2314601200AF0CAFDBA
S21402EE90C00E1BD1DFF838B1314601200AF0C2FDA0
S21402EEA09BF8005034442279BDB1002F47D180230D
S21402EEB04846CDE90277CDE900773E4A059900F04B
S21402EEC047F93CE08246DFE75446DDE71B28ECD9EB
S21402EED0314601200AF0A6FDE7E7DFF8F880FF2AB0
S21402EEE000EA08080BD14246E379A179607901EB82
S21402EEF0032189B209B0BDE8F04FF9F761BB2E498C
S21402EF0009688B070AD5FE2A35D101230135EDB2F1
S21402EF10202D4FEA43030AD1FF250AE02946284658
S21402EF200792F9F737FB4845BFD1079AEBE79845B2
S21402EF30ECD1224B1B78FF2B04D0AB4204D009B095
S21402EF40BDE8F08FFF2DFAD029460020F3F774F8BB
S21402EF500028F4D09BF800306479002BEFD1FFF73D
S21402EF604FFE17484FF410510FF0CAFF154B8BF89F
S21402EF7000501C70E3E7052A97D8BAF1010F94D81F
S21402EF80B8F1000F91D0002FD9D17379002BD6D0CB
S21402EF900D49098821B9082B28BF08230B490B7095
S21402EFA0434648461292DDE9051209B0BDE8F04F25
S21402EFB0FFF73EBE3D930400C84A00206D71002054
S21402EFC018700020BD6700205C600020BB67002030
S21402EFD0BE67002000F8FF07014B1880FFF7D6BE79
S21402EFE05A60002037B5184B1B78022B03D0172522
S21402EFF0284603B030BD00210DF10700F4F798FC57
S21402F00005460028F3D1114B1B78013B012B01D991
S21402F0100225EDE7F4F7F6FB0028F9D009F0E2FF47
S21402F0200446F4F7EFFB0A4B4FF47A7118700B2381
S21402F030B4FBF3F203FB12440A34A4B2614305485C
S21402F0400FF05EFFD4E700BFF4660020F5660020EE
S21402F050E5660020F44900202DE9F043384B0024F1
S21402F0601E784FF4F813374FA5B003933D78ADF8EA
S21402F0701040F7F78FF8BDF90E30ADF81200A34234
S21402F080ADF8144006DB304B1C780134E4B21C7039
S21402F09044F080048DF82C40A94602244FF0000864
S21402F0A08DF82D60B14529D3002221460BA83D706C
S21402F0B08DF82D800BF0CDFEE8B1B8F1000F09D027
S21402F0C000234FF6FC71CDE9000303AAFF230620B6
S21402F0D0FBF7EAFFB5422FD209F084FF0B23B0FB01
S21402F0E0F3F24FF47A7102FB13000A3080B2414306
S21402F0F016480FF005FF25B0BDE8F083484606A97E
S21402F10002F004FA98B9512C11D804F190030DEBD1
S21402F1100302083406AB013508F1010803CBE4B25A
S21402F12042F8640C42F8601CEDB25FFA88F809F106
S21402F13001095FFA89F9B5E70448F4F775FADAE7E0
S21402F140E5660020E6660020C0670020F44900203D
S21402F1500CB42DE9F04F8BB014AA0E4652F8041BDD
S21402F16007460992002940F08F80BDF85400ADF89A
S21402F1702200002800F0A18033794FF6F778002BA2
S21402F18040F0868047458CBF4FF009084FF00808CC
S21402F1904C4B1C78FF2C40F08380B6F90230002BD3
S21402F1A0A9BF494B347A1C780134A2BFE4B21C7062
S21402F1B044F08004DFF81CB12246002104F044FA31
S21402F1C09BF80030BDF82200002B6CD0DFF808A1B7
S21402F1D04FF00009BAF8003007930FF0C1FD05465C
S21402F1E0BDF822000FF0A0FDEBB2CDE90193FF239C
S21402F1F0CDE9030900932246334639460798FCF7C1
S21402F200F1F84FF6FF7305468BF80090AAF8003027
S21402F210382D33D13246394640460DF122030AF0E4
S21402F220C1FB00284BD04FF6F7739F4226D8B6F99B
S21402F23002307088002B21DA48F204022349244B5C
S21402F2404FF00008904214BF894699460BF086FF9D
S21402F250494603468A220120CDF800800DF0B6FE0C
S21402F260814658B12246414604F0EEF9FF23324663
S21402F27039464046CDE90098FBF716FF28460BB004
S21402F280BDE8F04F02B0704701200DF07CFE6EE73D
S21402F290002347458CBF4FF006089846337177E740
S21402F2A0FF221A7086E7CDE900033246FF2339466D
S21402F2B04046FBF7F9FE0546AAE71925DEE70546AE
S21402F2C0DCE700BF6F710020C06700204E93040089
S21402F2D043930400BF6700205E60002070B54FF4C1
S21402F2E0003300240546164688B0ADF81A100DF114
S21402F2F00F0204A90593ADF81840ADF81C4004941B
S21402F3008DF80F400AF025FB9DF80F302846019332
S21402F310049B044A009305A93346FFF719FF08B079
S21402F32070BD00BF4793040030B54FF4803500240B
S21402F33087B00395BDF82850CDE900128DF810303D
S21402F340074A034603A9BDF82C008DF81140ADF814
S21402F3501250ADF81440FFF7FBFE07B030BD00BFF9
S21402F36053930400B1F1006F2DE9F04314462CBF0D
S21402F370392238228BB01D464FF00003ADF81E200E
S21402F3804FF480022CBF4FF001099946FF2C064627
S21402F390ADF81C300892ADF824304FEA11471FFA38
S21402F3A081F80FD10CF070FAB9F1000F19D1154A95
S21402F3B0CDE9020543463046CDE9007407A9FFF7BA
S21402F3C0C7FE1AE0FE2C0AD10CF05EFA0130C0B27B
S21402F3D00CF065FAB9F1000F12D00B4A02E0E8B25F
S21402F3E0F8E70A4ACDE9030501233046CDE9017460
S21402F3F0CDF8008007A9FFF7ABFE0BB0BDE8F0839F
S21402F400034AD5E74B930400519304004A93040041
S21402F410529304004FF498124FF0806310B586B0F2
S21402F420CDE903230023ADF814300BF097FE044613
S21402F430F6F7B0FE054B01900093054A234603A952
S21402F4404FF6FD70FFF784FE06B010BD776700200A
S21402F4505793040008B5064B1B78022B02D0043BD8
S21402F460012B03D8FFF7D6FF002008BD0220FCE7D9
S21402F470F466002030B500244FF4806587B0CDE9ED
S21402F48000128DF81030084A034603A94FF6FD70A5
S21402F4908DF811400394ADF81250ADF81440FFF702
S21402F4A057FE07B030BD00BF5B9304002DE9F04F56
S21402F4B09BB00E4605460EA91046CDE90A329DF8C7
S21402F4C090700DF0D8F8BDF838A0804650460FF080
S21402F4D047FCB6F902300446002BB6F80690B6F89A
S21402F4E002B004DA0022B24B1A70002049E05046FD
S21402F4F00FF036FC4045F5D3A4EB0804E3B2002F28
S21402F50018BF4FF4A079152B099328BF15230024A2
S21402F510013308F1FF325146DBB292B2009414A8CE
S21402F52010F0C8F96FEA4B436FEA5343A1499DF8BE
S21402F530502008684968ADF846300FAB03C3ADF8F3
S21402F5404840ADF84440ADF84A90ADF84C20BBF1C7
S21402F550000F24D10DF15100F4F742FEA0B10BF0DA
S21402F560FDFD5C4606460DF1590A0DF151030A9A55
S21402F5709AF80080012A2DD157B384F0010404F0D2
S21402F58001001BB0BDE8F08F0DF1510001F0B4FB95
S21402F5904FF6FF74011B4C4206464C41E3E7BBF1B3
S21402F5A0010F40F09480BDF851600BF0D7FD864203
S21402F5B00AD030460FA90DF034F980F00104E4B207
S21402F5C00DF1530A0FABD2E77B4B0DF1530ACEE790
S21402F5D00A9CD4E797B3002C75D1B8F1010F72D804
S21402F5E037D10BF0BBFD0BF0B9FD224606469AF862
S21402F5F00170714B00210120CDE9006102976F492D
S21402F6000DF0E4FCADF83A0000285CD0002C53D193
S21402F610B8F1010F50D12646DFF8B8A19AF80030AB
S21402F6205FFA84F8434538D940460FF0F5FDC20725
S21402F63002D5BFB1013FFFB20134EFE7B8F1010FC7
S21402F64005D1002CCDD081229AF80170D2E7002C89
S21402F650F9D1B8F1010F94BF002201229AF8017085
S21402F660D201C7E7404601F017FB0123ADF834008C
S21402F67002220DA90DF13A00F3F72AFF18BBBDF8D6
S21402F6803A000FF06DFB804648460CF066FE08F125
S21402F690010801368045F6B2CEDBB6B132460C2101
S21402F6A0BDF83A0003F0D0FF00222846BDF83A30F3
S21402F6B011A9FFF74DFD06E00C210DF13A000DF001
S21402F6C0EDFB0028F0D001205BE70D21F5E70A9B51
S21402F6D0002B7FF40AAF7388342B57D1099B092B72
S21402F6E07FF403AF002F7FF400AF9DF959603A46CE
S21402F6F0B41008210DF1510004F020040BF0C0FCF8
S21402F700D0B12F4B1B78012B3FF4EFAE022B27D143
S21402F7102C4B1B6813F0807F25D12A4B1B685B029B
S21402F72001D5002E30DA00232846274A11A9FFF712
S21402F7300FFD264B1C70D8E60DF15100F4F750FD74
S21402F7400028DED10DF1510001F0D6FA4FF6FF7314
S21402F750984208D02146F8F79FFE034618B903E000
S21402F760033B012B06D9C8232846174A11A9FFF7DF
S21402F770EFFCBAE6164BB3F86830AB42CDD0114B6D
S21402F7801B6813F0805FC7E78D23EDE7099BCDE981
S21402F790059204930DF15103CDE9028331462846C2
S21402F7A0CDE9007A0B9B11AA00F058F89DE600BF3F
S21402F7B0B3670020911C0400776700205F93040063
S21402F7C0F5660020C84A0020414A04006E710020F7
S21402F7D0485800203A710020024B187840F080000A
S21402F7E0704700BFC067002038B50A4B05461C7834
S21402F7F024B10BF0B3FCB0FA80F46409F8F72AFFE0
S21402F80008B144F04004E8F74DFC44EA40202840A2
S21402F81038BD00BFF0660020014B188000207047FC
S21402F820E87000204FF6FF71034602881B798A4271
S21402F83017BF074901200A8041881EBF054A0020DB
S21402F8401180FF2B1EBF044A00201370704700BFB2
S21402F850E4700020E2700020C16700202DE9F04F1E
S21402F860B7B09946BDF80431439C0D939DF8083114
S21402F87083460E93BDF8143120460F939DF8183137
S21402F880B1F802A00F4690469DF8005110930FF073
S21402F89010FFBAF1110F064600F28A800BF05EFCEA
S21402F8A0B04200F08F80BAF1060F19D14FF6FD7301
S21402F8B09E423ED0DDB9BC4B1B78033B012B36D9AA
S21402F8C030460FF051FCFF2814BF89238123002203
S21402F8D04146CDE900625846B44AFFF739FC06E0D5
S21402F8E02DB9BAF1030F08D8BAF1010F0AD80022CF
S21402F8F0AF4B1A7037B0BDE8F08FAAF10403022BA3
S21402F900F5D8D8E7A84B1B78033B012B0DD9304618
S21402F9100FF02AFCFF2814BF89238123414658464C
S21402F920A44A0096FFF714FCE1E78023F6E780235B
S21402F930CDE7A14B1B7859074CD40BF00FFC0026E1
S21402F940034632460120994900960DF03FFB237983
S21402F950ADF86C000F930028CCD0DDE90E320D987E
S21402F96003EB42090FF0FCF95FFA89F909F1050782
S21402F970FFB28742BED239460D9803F051FE109070
S21402F98007EB40070D980FF0EBF98742B2DADDE994
S21402F9900F321343DBB2002B40F03282002DA9D186
S21402F9A02F463A460421BDF86C0003F04DFE76E180
S21402F9B0814BBAF13A0F1B7811D948F23B039A45AC
S21402F9C008D014E07C4B1B785A070BD5AAF1040327
S21402F9D0022B07D8FB8843F48043FB808AE7BAF100
S21402F9E01B0F1ED8AAF102039AB2132A5ED9109BE5
S21402F9F0494602930F9B5046CDE900530E9A5B464A
S21402FA0009F0B4FF0F287FF475AF0122684B1A7015
S21402FA10694B1B789B0740F1D982002D7FF46AAFB1
S21402FA20D8E7AAF11C021E2AE1D801A151F822F059
S21402FA3055020300EFF90200EFF9020075FE02001C
S21402FA40EFF9020055FF020055FF0200EFF902002F
S21402FA50EFF90200EFF90200EFF90200EFF90200F7
S21402FA60EFF90200EFF90200EFF90200EFF90200E7
S21402FA70EFF90200EFF90200EFF90200EFF90200D7
S21402FA80EFF9020085FF020085FF0200F101030084
S21402FA90EFF90200EFF902000B020300EFF9020091
S21402FAA0A5020300BB020300C9020300132B9ED863
S21402FAB001A252F823F000BF09FB0200D1FB0200AC
S21402FAC0EFFB0200CDFC02003BF90200EFF9020058
S21402FAD0EFF90200EFF90200EFF90200EFF9020077
S21402FAE0EFF90200EFF90200EFF90200EFF9020067
S21402FAF0EFF90200EFF90200EFF902000FFE020032
S21402FB00EFF902008102030000241BAB5A46484666
S21402FB100E9900931DAB1D948DF86C4009F01AFFE8
S21402FB200BF01CFB204B05461B78012B03D0022B47
S21402FB3014BF02240124E8F7B5FA162894BF002061
S21402FB40012044EA4014F6F725FB1C4B0646B3F8A0
S21402FB5000A0FBF79FFA1A4B07464FF6FF70B3F862
S21402FB600090FFF741FE174B9DF86C201988124B48
S21402FB701B7813F002031CBF134B1B780B921D9AC3
S21402FB80CDE90701CDE9093240234146CDE90143DB
S21402FB9058460023CDE90579CDE9036A0B4A00955C
S21402FBA0FFF7D6FAA6E600BFF566002043930400E8
S21402FBB0B36700204E93040095660020E87000208C
S21402FBC0E4700020E2700020C16700206593040004
S21402FBD00BF0C4FAA34BA44A1B88CDE940030023CA
S21402FBE04146584637B0BDE8F04FFFF7B1BAA478A1
S21402FBF01DA9631EDBB2EF2B204610D9F22C0ED0C5
S21402FC0008F0A4F982240BF0A9FA00234146CDE9B4
S21402FC100003964A23465846FFF79AFA6AE608F021
S21402FC2095F9002850D00BF099FA9DF878209DF8A7
S21402FC307A100492BDF8762049000392BDF874202B
S21402FC40C9B2CDE901429DF8792003465200D2B2EC
S21402FC5008320A4400920120002285490DF0B6F9C6
S21402FC609DF87930ADF86C008DF8673000283FF4C7
S21402FC7041AE002601230DF167011A461BA8F3F7D1
S21402FC8027FC054600287FF435AE9DF86730EAB2B9
S21402FC90934209D89DF87A308DF8673016B1BDF8D0
S21402FCA06C3033E00126E5E73146204608F050F98D
S21402FCB00123ADF8680002221AA91BA8F3F708FC74
S21402FCC001350028E1D015E683249CE70BF046FABE
S21402FCD0044608F05CF9234600900022012063499E
S21402FCE00DF074F900283FF405AE00252C46ADF859
S21402FCF0740008F04CF9EEB2B0420DD82246042148
S21402FD00BDF8740003F0A0FCBDF874300022414632
S21402FD105846FFF71DFAEDE5304608F015F9FF28BC
S21402FD208DF86C000AD0012301341A461BA91DA8BF
S21402FD30E4B2F3F7CDFB00287FF4DCAD0135D8E75B
S21402FD405046B4F8029008F0FFF8FF288DF86800D5
S21402FD5000F0CF821DA908F0F9F8BDF874304B45C3
S21402FD6007D04FF6FF72914540F0C3821B0400F1A4
S21402FD70C0829DF8793012930E9B0533DBB2139343
S21402FD800F9B1493002311934FF000094B4613E088
S21402FD9017934900139BC9B219440D9889B20DF006
S21402FDA0B8F84FF0000A179B159012995FFA8AF27C
S21402FDB08A4217D309F10109149A5FFA89F191422E
S21402FDC0E6D39DF87A201292169A1392002B40F0F0
S21402FDD08582119B002B40F08C8201231193109B8D
S21402FDE01493D1E711999DF86800179308F0B0F8BC
S21402FDF0159A179B0AF1010A824208BF0123D4E72B
S21402FE0009F106095FFA89F33746169372E2A71CD0
S21402FE1039463046A57A09F0FDF8012239463046C1
S21402FE20FAF7D4FB30460CF052FE384600F064FF78
S21402FE302288824207D04FF6FF72904203D00FF01C
S21402FE4093F90CF084FD85F00804C4F3C00421463F
S21402FE503846FEF7C3FE2146384637B0BDE8F04FB7
S21402FE6009F0B1BDE67000207293040043930400CB
S21402FE7076930400AD4B1B78033B012B7FF63AAD1D
S21402FE800BF06CF958453FF435AD09F0ABF80B238F
S21402FE90B0FBF3F24FF47A7102FB13000A3080B221
S21402FEA04143A3480FF02CF8F3F7ACFC00283FF4CC
S21402FEB021AD0123002218469E4994F800A00DF0B9
S21402FEC085F8ADF8680000283FF414AD00263546E4
S21402FED034460E9B1BAF01330E93F2B2524514D337
S21402FEE0002C3FF407AD01232A461DA91AA8F3F7F2
S21402FEF0EFFA00287FF4FEAC22460221BDF8680025
S21402FF0003F0A2FBBDF8683000E74FF000090E9937
S21402FF10D200D2B20A4408230D993846CDF8009092
S21402FF200FF0C8FC394648460FF0EEF8FF280FD00F
S21402FF30814B1B5C0F2B0BD997E8030005F1D80306
S21402FF406B44643B83E8030008350134EDB2E4B247
S21402FF500136C2E7002D7FF4CDAC18073FF53AAD67
S21402FF60534622464146584603F066FE00287FF472
S21402FF70C1AC842341465846704A37B0BDE8F04FBC
S21402FF80FFF7E6B823780F9810930CF0E6F90021F5
S21402FF900646584604F0BAF9644BBAF1310F1B789C
S21402FFA00746A3F103030BD1012B13D9644B654A11
S21402FFB01B7812781344DBB20D9316230E930DE0D2
S21402FFC0012B03D9604B1B780D9353BB002D7FF496
S21402FFD091ACCEE701231621CDE90D310024109B0A
S21402FFE02246009301202346584901940CF0EEFF66
S21402FFF000283FF47FACF61BF3B22646544FDFF8D8
S2140300005C911193ADF86C000F940D9BE5B2AB4277
S21403001009D832460221BDF86C0003F015FB0F9A8F
S214030020C0E40523CAE7162200211DA8EBF7BCF897
S214030030BAF1320F3DD13B7903F00302032A21D1F3
S2140300408DF87620109B0136F6B2B34215D2BDF872
S2140300506C000EF085FE0E9B1844119B98420CDC38
S21403006001230E9A1DA91BA8F3F732FA00287FF482
S21403007041AC0F9B0133DBB20F930134083709F110
S2140300801209C2E7B9790029DCD13249C3F3C203A6
S214030090CB5C1DA8012A08BF43F0010339888DF8FD
S2140300A076300FF008FB79880DF177000FF003FB2D
S2140300B0C8E71DA80BF06AFB4FF0FF33CDE91F33EB
S2140300C01F4B1B78AB4261D999F804306F2BD4D8F9
S2140300D028461FA9F4F7D0FF0028CED01E4BB9F848
S2140300E00020B3F8683092B9003B18BF01235B01C8
S2140300F043F004038DF8863002238DF88730B9F871
S21403010002301B0A11468DF8893021A8CEE79B1AC8
S21403011018BF01235B0143F005038DF886300223E5
S2140301208DF887300F238DF88830E8E7F5660020D2
S214030130F44900208093040099660020414A040095
S214030140EE660020ED660020387100207E930400E2
S2140301504A5F0020F0DF040048580020D05D0020EE
S2140301600132D2B2551EEDB22846139312920FF007
S21403017053F8DDE9122310F0010FF1D06349097833
S214030180611A994205D00133DBB2E9E70122002365
S214030190E8E75F4B1FA918782844C0B2F4F76CFF52
S2140301A000283FF46AAF284600F076FD12902846F2
S2140301B00FF032F810F0010F129A0FD116238DF8B4
S2140301C08630544B1B780133DBB20F2B28BF0F232B
S2140301D08DF88830504B33F8153092E72846129244
S2140301E00FF01AF810F0020F129AE7D11223E6E77F
S2140301F01A073FF5EFAB23465A4641460F9803F0DE
S21403020073FD00287FF476ABE0E695B1434B1B788D
S214030210033B012B7FF66EAB0AF0A0FF18B9BBF1C8
S214030220000F7FF467AB207837B0BDE8F04FF5F7E3
S21403023021BE0AF093FF20B1384B1B78033B012BFA
S21403024001D8802396E62B4641465846344AFEF7A5
S2140302507FFFE8E70AF082FFB0427FF44BABA01CB7
S214030260F3F7BEFF00283FF445AB0AF077FF0446DA
S2140302700AF074FF2B4B2C4ACDE940032346AFE428
S21403028020460FF016FAFFF7AFFA00283FF432AB1A
S2140302904090002341465846244A37B0BDE8F04F05
S2140302A0FEF756BF4B46424659460020CDE940541A
S2140302B037B0BDE8F04FFEF7D3BD4B46424659462E
S2140302C00120CDE94054F3E72B464A4641465846BB
S2140302D0409437B0BDE8F04F09F07ABB01231AA962
S2140302E01A461BA8F3F7F4F800287FF403AB01378C
S2140302F0FFB2013607F04BFE5FFA86FA50453FF62B
S2140303001FAD002F3FF44AABFFF74BBBEE66002052
S21403031033710020A8670020D25F0020F566002016
S214030320414A040077670020839304004E93040039
S214030330F8B5164B04461D88154B20F8025B196862
S21403034079B10822EAF782FF124B0C201B78124E73
S214030350A372124B19780023DAB2914205D8FF2212
S21403036009E0C4F802104160EEE7013300FB03F72F
S214030370F75BAF42F0D10A4BE2721B782373094B4B
S2140303801B786373084B1B682361F8BD6C60002001
S21403039064590020C26700206C5C00202D71002089
S2140303A0A4670020A367002050590020F0B589B049
S2140303B006460C4615460CF07EFF0DF10A02014672
S2140303C030460CF010FE144F0346F0B901223A7083
S2140303D02288BDF80A102AB102460090072006F0CC
S2140303E088FD90B103A8FFF7A3FFBDF80A000EF03F
S2140303F0B7FC0646BDF80A000EF096FC21460090B0
S214030400F3B2284603AA08F037FE0023034A3B70DC
S214030410136009B0F0BD00BFC36700206459002015
S21403042073B5ADF806000DF106000AF024FD01468B
S21403043008B102B070BD0DF106000AF065FD044672
S2140304400EF072FCC67A002EEDD120460CF0FAF9B7
S214030450FF28E8D00EF0C8FE054BD3F88850002DD1
S214030460E1D03346224641213046A847DBE700BFAA
S2140304704858002073B5002200210C2000F0C2FC6F
S214030480002119480FF079F901250446164E84B168
S21403049020460CF0D7F9FF2805D1214630460FF049
S2140304A090F90446F3E704220023009500F07EFC4F
S2140304B0F3E721460D480FF060F9012504460B4E7D
S2140304C00CB902B070BD20460CF0BCF9FF2804D06E
S2140304D008220023009500F069FC214630460FF001
S2140304E070F90446ECE700BF7060002072600020DD
S2140304F02DE9F84F10460E46174699460AF09CFB20
S214030500254A264B0021B0F5006F14BF9046984647
S21403051040460FF032F94FF0000A0446DFF880B089
S2140305200CB9BDE8F88FBC4228D120460EF0FCFB80
S214030530857A80F80BA0013DEDB2857216B13F2E89
S21403054000D02DBB0EF0E2FE054620460AF074FBF3
S214030550B0F5006F4FF00002214615D10F480AF0A0
S214030560F2FCFFF787FF28460EF0CBFEDBF8885039
S21403057025B14B463A4631460020A8472146404619
S2140305800FF01FF90446CBE703480AF0DCFCEAE762
S214030590FFF770FFF2E700BF726000207060002074
S2140305A04858002000232DE9F34706460F464FF62A
S2140305B0FF78284CDFF8A090ADF8063020460AF006
S2140305C05AFC054648B9294620460FF0D6F8824617
S2140305D00EF0AAFB0389B34217D94C4501D1FFF7A6
S2140305E049FF002120460FF0C8F8054607F1FF3AF9
S2140305F05FFA8AFAD5B94C4516D1BDF80600FFF75F
S2140306000FFF404602B0BDE8F0877B1EDBB2FD2B32
S214030610D4D9294620460AF077FC2A4651460DF1DE
S21403062006000FF0B0F8C9E74C46C7E7BAF1FD0F6E
S21403063009D928460EF078FB03899B1B9BB2984585
S21403064028BF98460381294620460FF0BAF8054688
S214030650D0E700BF726000207060002008B50EF07F
S2140306603EFF0B4AFF2113881080C31A98B2FFF788
S21403067099FF4FF6FF7301469942064803D1BDE83A
S2140306800840F2F7D1BFBDE808400EF039BC00BF02
S2140306907460002038700020174B00282DE9F041C5
S2140306A0164D18BF1D460F4628464FF000010CBFD7
S2140306B04FF008084FF002080FF05FF8044610B931
S2140306C02046BDE8F08120460EF02EFBC37A064690
S2140306D023B1214628460FF074F8EFE720460AF0C8
S2140306E0DAFA424601463846EBF7AAF80028F0D174
S2140306F0B378002BEDD1E3E7706000207260002032
S214030700014B1860704700BF6859002010B50446B7
S2140307100548F2F789FF0023044A1380044A13802E
S214030720044B1C8010BD00BF387000207260002090
S214030730706000206E60002008B50448F2F784FC61
S214030740BDE808400248F2F77FBC00BF7260002095
S214030750706000202DE9F341044688460EF0BFFE84
S214030760324B074620461E880CF06CF8054620469A
S2140307700AF062FAB0F5006F32D1FF2D06D00123DE
S214030780042200932846002300F010FBB8F1000F64
S2140307901DD10EF0BBFD2146054625480AF070FB29
S2140307A028460EF0AEFD23480FF015F8224BA8B3EB
S2140307B01988711A17FA81F086B220460EF0B4FA39
S2140307C0032306818372002002B0BDE8F0810EF099
S2140307D09DFD00222146054615480EF0D4FFDFE7AF
S2140307E016480AF07FFB04281ED8FF2D06D00123E7
S2140307F0082200932846002300F0D8FAB8F1000F29
S21403080005D10EF083FD214605460C48C6E70EF0DB
S2140308107DFD0022054621460848DEE731460548A9
S2140308201F800EF06DFBC8E71C20CDE76E6000202E
S2140308307060002038700020746000207260002012
S2140308402DE9FF4708460C460AF0DBF900F480580A
S21403085020460AF05CFA054620460AF02FFAB0F561
S214030860404F1BD1B8F1000F14D029460020FFF7E4
S21403087013FF054670B10EF057FA0023404A8178FD
S2140308800446009218462A460193F1F7A5FF08B9D5
S2140308900123E372012004B0BDE8F08728460EF07A
S2140308A008FF81460EF060FCFF28074637D0012577
S2140308B0A0F12006C0F12003324925FA03F305FA16
S2140308C006F61E438540D1E900232A433343C1E994
S2140308D000230EF063FC044638B138460EF09CFC49
S2140308E010F00C0F14BF01240024B8F1000FD1D070
S2140308F04FF0000A03A90120ADF80C90FFF7CCFED9
S21403090081460EF011FA8046B9F1000F1ED1BAF1F6
S214030910000F14D1FF2FBDD0002CBBD128E01A4BFB
S2140309201B684BB148469847044628B1B8F1000FF8
S214030930B0D000252E46DBE7B8F1000F01D100202A
S214030940A9E7002501242E46A246D3E774B1002367
S2140309500B4A8178009218464A460193F1F73CFF0A
S214030960002897D1012388F80B3093E7FF2F91D007
S214030970064BD3E9001229433243C3E9001289E741
S214030980F104030060160020685900205816002062
S21403099038B504460AF050F9054620460AF07BF9B6
S2140309A0A5F500630446014658425841FFF774FE16
S2140309B0B0B9B5F5006F01D0002038BD20460EF063
S2140309C078FE0EF0D1FBFF28F6D0064B00B21B686C
S2140309D033F8100000F4E260003818BF0120ECE79B
S2140309E00120EAE76C5900202DE9F7434FF0000990
S2140309F00746ADF804900EF00FFC10F00C0F29D04C
S214030A004FF00208154D2B88A5F80090ADF8063078
S214030A100DF106000AF02FFA044630B1B8F1010FC3
S214030A2014D04FF001080E4DEDE721460DF10600F8
S214030A300AF06AFA06460BF005FFB842224631462C
S214030A4014BF284601A80EF09EFEE1E7BDF8040099
S214030A50FFF7E6FC03B0BDE8F08300BF726000203A
S214030A60706000202DE9F04FDFF8208185B0D8E9CB
S214030A70003213437CD105B0BDE8F08F02EA0401CF
S214030A8003EA0700014327D022EA040223EA070306
S214030A90C8E90023DAE9002304EA020507EA030C9F
S214030AA055EA0C056FEA04006FEA070124D13046C5
S214030AB00EF0B2FBC2070FD530460EF095FBDBF8FF
S214030AC09C30002B45D11D46304600F0E5F8DBF898
S214030AD084300BB12946984724197F4109F101094F
S214030AE0284B5FFA89F61B78B342C4D9D8E90023AA
S214030AF052EA0301C2D1BEE702400B403046CAE9C0
S214030B0000230EF089FBC307E6D51F4B30461B6850
S214030B1033F8163003F48873102B10D00EF064FBF2
S214030B20DBF89C3013BB1D4601231022009330468E
S214030B30002300F03BF90020F1F7BCFDC4E70EF0FC
S214030B4053FBDBF89C300125002BBDD00122039517
S214030B5002E000252A460395039200213046984773
S214030B60039A002AB0D0002DAED1DDE70025EDE7CD
S214030B704FF0000901244F46DFF814A0DFF814B045
S214030B80AEE700BF707100206C590020601600208D
S214030B905816002048580020F8B50346084613B3F5
S214030BA009B3402A1FD8114900260B6010490027B5
S214030BB0086010494FF0FF350A7000210C460433D5
S214030BC0914205DB00215200EAF7EEFA0020F8BD59
S214030BD0C3E9036703F8044C23F8024C1D605D6009
S214030BE001311833ECE72120F1E700BF70590020EC
S214030BF06C59002070710020F0B5144CDDE90567D0
S214030C002568EDB1F0B91248007888421AD901EB8D
S214030C1041014FEAC10C05EBC10415F8311011B9B7
S214030C202169C90710D4002005F80C0062801A68F1
S214030C3046F0010662605A68C4E90467A260F0BD24
S214030C400220FCE72120FAE72E20F8E7705900205F
S214030C50707100200E4B30B51A68A2B10D4B1B788D
S214030C60834212D900EB400002EBC003C10000240C
S214030C7000200025C3E9044550544FF0FF32588046
S214030C805A609A6030BD0220FCE72120FAE700BFD5
S214030C907059002070710020094B1B6863B1094A24
S214030CA01278824208D900EB400003EBC0031A69AE
S214030CB0D20701D5588870474FF6FF70704700BFBC
S214030CC07059002070710020094A0346106870B1FD
S214030CD0084A12789A4209D903EB430300EBC3038D
S214030CE0186910F0010002D0181D704700207047E5
S214030CF07059002070710020F8B50E4B05461C682D
S214030D0034B128B100260C4B1F78F3B29F4202D8A9
S214030D104FF6FF7009E008222946201DEAF790FDEA
S214030D2020B92369DB0701D56088F8BD013618347E
S214030D30EBE700BF70590020707100200C4B1B6856
S214030D409BB14FF6F77291420DD80A4A1278824247
S214030D5009D900EB400003EBC0031A69D20704D598
S214030D60002059807047212070470220704700BF3B
S214030D7070590020707100200A4A0346106878B143
S214030D80094A12789A420AD903EB430300EBC300DD
S214030D90036913F0010003D0C3F30010704700206B
S214030DA0704700BF705900207071002070B51C4654
S214030DB0124B9DF810601968D1B1114B1B78834212
S214030DC018D900EB4000551E01EBC0012543D1E9BD
S214030DD0040301D0C5070FD52EB110432343C1E941
S214030DE00403002070BD20EA020023EA0403F6E7AA
S214030DF00220F7E72120F5E72D20F3E770590020BE
S214030E0070710020134BF0B51B6803B300266FEA1E
S214030E10000C6FEA010E104C2778F4B2A74201D8F3
S214030E200020F0BDD3E9044514F0010F07D014F0F9
S214030E30020F04D132B104430D43C3E9044501361E
S214030E401833EAE70CEA04040EEA0505F5E7022080
S214030E50E7E700BF70590020707100200B4B70B598
S214030E601B682BB100240A4A1678E2B2964201D8D0
S214030E70002070BDD3E9042502400D402A4304F147
S214030E80010403F11803F0D00120F2E770590020A3
S214030E90707100202DE9F0470026FF27B246164D55
S214030EA0DFF8588098F800305FFA86F94B4502D889
S214030EB03846BDE8F0872B792F2B0FD928460AF042
S214030EC07CFB2B796C7903F0070304F0030483425D
S214030ED02CBFE4182418E4B2A24506D95446B946F2
S214030EE0A2464F4612350136DCE7288801F0A6F8FD
S214030EF00028F3D1F4E700BFD05D0020EE660020A3
S214030F002DE9F04F89B0814609F0EBFE0290484682
S214030F100CF0DCF80024411C054689B2484602F072
S214030F207FFBA246A346A046274600F01F000235D5
S214030F3000EB4000EAB27D4E50FA85F5EDB2AA42C8
S214030F4074D9DFF8FCA19AF8003033B1A400E4B2F8
S214030F50B4FBF3F4042C08BF03240298F3F7C4FD90
S214030F60054600283CD1FFF795FFFF285BD0704B62
S214030F7005B2049018780AF007FB87422CBFE119E4
S214030F802118002F14BF01230223684E05EBC50565
S214030F9006EB450553FA81F3284603930AF00DFB47
S214030FA095F804C06B790CF0070103F0030388423D
S214030FB02CBF1B185B18039ADBB29A4233DA049AE7
S214030FC02FB921B19AF80030033B5B452BDC104662
S214030FD002990AF09AFA05B205EBC50506EB450534
S214030FE02B791E09002F00F08180394628460AF027
S214030FF00EFB032128460AF010FBB8F1000F09D1B7
S214031000002E40F0868007F0EDFFC0F30B01494841
S2140310100DF076FF6B79484623F003031C446C718E
S21403102009F0F4FDA87309B0BDE8F08F50D0424B29
S21403103049461B8807A8ADF81C304FF000038DF80F
S2140310401E3000230093032303920EF033FC9DF817
S2140310501E30BDF81C101B09039A18BF08F10108BF
S214031060CDE9041318BF5FFA88F803920AF076F8FE
S2140310700499039A8842059B03D19DF81E7007F0D6
S2140310800F072E4890F800C016E016F80E0C10F066
S214031090070003D00BF1010B5FFA8BFBAA4207D0C4
S2140310A036F812EC8E4503D113B108B10134E4B21D
S2140310B00AF1010A5FFA8AFAAA4206F112060BD16E
S2140310C0D4450FD916F80E0C10F00700E2D1EFE75F
S2140310D000234FF6FF71D4E736F8120C884201D886
S2140310E0D445D2D80332123ED2B228E7022E14D900
S2140310F05B0707D0394628460AF08FFAB8F1000F87
S21403110081D087E7032128460AF087FAB8F1000F53
S21403111080D1062E3FF677AF7CE7314628460AF0A5
S2140311207CFA58EA06063FF46EAF73E7D05D0020FC
S214031130A4670020344A0020F8DF0400EE6600208F
S214031140337100202DE9F0430823002485B08DF881
S21403115008300646022301214FF6FC70CDE9004411
S21403116002AA0BF08FFFADF80A00D8B12746DFF8C6
S214031170A080DFF8A09099F80020E3B29A4224D822
S214031180BDF80A4020460BF0A1FF411C47F0600261
S214031190204689B202F058FA0022BDF80A0011462A
S2140311A0F4F736FA07F01EFF184AC0F30B0113785C
S2140311B001F55A51013113B1013B890813703046CA
S2140311C005B0BDE8F0430DF09BBE18F80E5C6F2D1E
S2140311D017D8404630F8123D2D01ADF80C300AF012
S2140311E0ECF905F0700528448DF80E000123032260
S2140311F003A90DF10A00F2F76BF90028D2D10137E3
S214031200FFB2013408F11208B5E700BFEA66002012
S214031210E25D0020EE66002010B5054C2046F2F78E
S21403122003FA2046BDE8104000210DF069BE00BF5A
S214031230344A00202DE9F0432A4D87B0F6F7F8FB31
S2140312402A7829492948FFF7A7FC09212A7828483C
S214031250E9F7AAFF0026244FDFF89C80DFF89C906E
S2140312602B78F4B2A34202D807B0BDE8F08304F5A6
S21403127082300B2203A900F5C070DBF729FE4FF678
S214031280F670BDF814209DF81630511E89B28142BF
S21403129015D80020C3F3C003DB1840EB0001CDE9EB
S2140312A00031214603ABFFF7A7FC0028DCD14FF43F
S2140312B0805327F8143048F8240029F8140004F55E
S2140312C0833001220DF10A0100F58070DBF700FE82
S2140312D0BDF80A20064B01361A558022054B1A55CF
S2140312E0BEE700BF3A710020E05F002080130020B5
S2140312F099660020DB660020D8480020D25F0020D5
S21403130010B50A4B1C780DF02FFFFF280DD0012CCB
S21403131038BF0124064A230232F8101019B101EB34
S2140313201313A3EB111322F8103010BDA46700208B
S214031330D25F00202DE9F047002506460F46AA4651
S214031340DFF84490DFF8448099F80030ECB2A3420B
S21403135002D85046BDE8F08720460DF05DFFC20771
S2140313600CD520460DF058FF830707D438F8143001
S21403137037B133434FF0010A28F814300135E3E759
S21403138023EA0603F6E700BF3A710020E05F002079
S21403139010B5084B084A1C780023D9B28C4201D8F2
S2140313A0002010BD32F8021B013330EA0101F4D1EC
S2140313B00120F6E73A710020E05F0020F0B50C4606
S2140313C04FF6F77187B08A4286461D469DF8306011
S2140313D002D9002007B0F0BD596818680DF10C0C4F
S2140313E0ACE803002C49ADF814200978A142F0D9E3
S2140313F000218DF81660B61006F0020601917046BD
S21403140021460096FFF7F8FB0028E2D1234B244A37
S21403141043F824009DF83830224E1B0222F814307D
S2140314204FF4A04304F582300B2226F8143003A9A8
S21403143000F5C070DBF778FD9DF834301A4913F0D9
S214031440040F17BF0123194B0B5536F814300CBF86
S2140314501B7843F0080304F583300CBF0B5526F8BE
S21403146014300122214400F58070DBF75DFD002176
S2140314700F4B104A1B782846234442F82310E7F7FD
S21403148013F80D4B1855284607F0F7FE0B4A0120B4
S2140314901378013313709DE73A710020D848002073
S2140314A0D25F0020E05F00209966002023710020B1
S2140314B03371002004480020DB660020ED66002020
S2140314C0054B1B78834206D90021044B044A1B783C
S2140314D0034442F8231070473A710020337100200A
S2140314E004480020074B084A18780023D9B28842DC
S2140314F000D870471188013321F4805122F8021B6B
S214031500F4E700BF3A710020E05F002030B585B0F5
S21403151004460D46E6F7C0FDA04202D8172005B0E4
S21403152030BD20460DF078FEC007F7D504F58230AF
S2140315300B2201A900F5C070DBF7CAFC9DF80E204C
S21403154001AB03CB69609107286030D412F0080F13
S2140315500CBF042303232B722046FFF79DFB154B7A
S21403156068811B5D20466B730DF03EFE124A28739E
S214031570135D4FF47A7103F00F03AB73135D002012
S21403158013F00F031FBF03F1FF32022393403C22E5
S21403159018BF5343094A08BF0A2352F82420B2FB54
S2140315A0F1F29A422CBF00239B1A2B61B7E7022362
S2140315B0D1E700BFDB66002099660020D8480020EC
S2140315C0F8B51F4E04463378834237D0FFF764FBE3
S2140315D04FF6FF77B84231D020463470FFF704FA4F
S2140315E02046FFF759FB054609F0B8FD01230146DF
S2140315F01A4628460BF003FF2046FFF72BFB05464B
S214031600E0B9104A1378013B1370F4F7B5FB29468B
S21403161020460BF07BF980220B4B204623F8145010
S2140316200A4B1A550A4B23F8145009F022FD2A4692
S214031630394611200EF006F8FF233370F8BD00BFBD
S21403164071710020ED660020E05F0020DB6600205D
S214031650D25F00202DE9F04F0E4615464FF00009E5
S2140316608BB01F469DF854309DF850A0DFF84CB160
S214031670049005939BF800205FFA89F4A24207D8EA
S2140316804FF6F7739D421CD817F0020B3FD01AE0B3
S2140316902046FFF701FB804604F582300B2207A99C
S2140316A000F5C070DBF714FC4FF6FF727EB9904569
S2140316B016D14FF6F7729DF82630954203F0EF03E6
S2140316C011D94FF6FF7528460BB0BDE8F08F90454D
S2140316D006D00822304607A9EAF7B2F80028E8D071
S2140316E009F10109C6E79F4207F002082CD0F3F779
S2140316F00FFC002857D12D4B2D4A1B78234412F894
S21403170023B020460BF023F9B8F1000FDBD1E6F740
S214031710C3FC284B1B788342D3D0002108460DF028
S214031720F3FCFF280446CCD0059B0146CDE901A374
S2140317302A46334604980097FFF740FE0028C0D099
S214031740F4F71AFBD8460FE02046FFF7A5FAA8429F
S214031750CDD1B8F1000FB6D13046E6F7A5FE164B4D
S2140317601855304607F089FD514620460BF0A2F87F
S2140317702046FFF791FA054609F0F0FC00230146E0
S214031780012228460BF03BFEF3F7C2FB28B9074BB2
S214031790074A1B78234442F8238020460BB0BDE853
S2140317A0F04FFFF779BA4FF0000BAAE7337100202A
S2140317B004480020ED660020DB6600203A71002016
S2140317C0F8B50026104F3C78F5B2AC420FD800258A
S2140317D00E4B6400224629460D481D70E9F7E4FCCB
S2140317E022462946BDE8F8400A48E9F7DDBC284604
S2140317F0FFF7FAF8002128460BF088F82846FFF78B
S21403180029FA0136DFE700BF3A710020ED660020B3
S214031810E05F0020D25F0020024B80211A78024846
S214031820E9F7C2BC3A710020DB66002038B50DF03C
S2140318309BFCFF28044616D00B4D35F810301B07CB
S21403184011D50A4B0A491B7801220B54014400F5B3
S214031850833000F58070DBF767FB35F8143023F030
S214031860080325F8143038BDE05F002023710020FC
S214031870996600202DE9F04F794B05461B7889467B
S214031880022B17468BB004D0002630460BB0BDE8BB
S214031890F08F0EF008F806460028F5D14FF6F973D8
S2140318A09D4262D04FF6F8739D4276D02B0A2846A7
S2140318B00DF11E018DF81C308DF81B50F2F708FC55
S2140318C0002814BFB0464FF02008B34614BF0623C3
S2140318D00E23022229463846039300F0EBFC01222E
S2140318E00446039B002840F0B880DFF880A18DF8FB
S2140318F018209AF800204946CDE900008DF81A20F2
S2140319008DF81D0006AA4FF6FC708DF819800BF0B3
S214031910B9FB81460028B7D009F020FCB8420FD0A7
S214031920484609F07BFA394604300DF0C4FE3846C3
S21403193004A90AF076FF70B1484604A90BF030FC00
S214031940484B1B78033B012B2BD84FF6FF714846B9
S2140319500AF039F806469AF80030FF2B0EBF01232B
S2140319600133DBB28AF800308FE74FF008084FF0F8
S214031970200B3C4B1B78033B012B85D909F0EEFB70
S214031980B84281D109F0EAFBFC238DF81B30FF2314
S21403199005468DF81C3006239BE74FF01008C34618
S2140319A0E7E70BF09DF880460028D4D009F0D6FB75
S2140319B0A8422DD12C4B1A7852BB03214846F3F785
S2140319C027FE0028C7D09AF80030A8F8007088F8D9
S2140319D00430002388F8053088F8083009F0BEFB89
S2140319E0A84202D1204B1B7853B109F0B7FBB8428B
S2140319F006D12CB1237923F0030343F001032371AB
S214031A0000224FF6FF710C200DF01CFE0126A2E704
S214031A105946284608F1070200F078FC04460028D9
S214031A2099D0002203214846F3F7F2FD0028CAD1D5
S214031A30237903F00303012B8DD109F08FFBA84212
S214031A4003D1094B1B78002B85D0237943F003037E
S214031A5023714FF6FF7323807DE7164615E700BF15
S214031A60F4660020F566002072710020C46700202B
S214031A7037B50E4B05461B780C46033B012B11D995
S214031A80E6F72EFB01280FD0821E5342534159011D
S214031A9028460DF1070200F039FC18B100214480F6
S214031AA00BF005F803B030BD1021F1E7F566002012
S214031AB02DE9F0438BB0857AB0F8069004460E46BF
S214031AC0174609F04BFB8145804605F0400541D19A
S214031AD00021608809F086FD0246002E44D10823C3
S214031AE004A9C14501EB03060CBF234902A90868F4
S214031AF0496803C6A2B3022100268DF817200122E7
S214031B008DF81010217A45F020058DF81210A18863
S214031B1008338DF81310090A8DF81410E188CDE9FF
S214031B2000268DF81510090A8DF8161060883146C0
S214031B3004AA8DF811500BF0A5FA054680B161880A
S214031B4009F0A3F879003246284601F0FE01F3F7C0
S214031B505FFD06E0E08802A90AF063FE0028B7D11D
S214031B6000200BB0BDE8F0833068716806AB03C392
S214031B7045F010051023B3E7776700202DE9F743F8
S214031B8089461E460746904609F048F90021044652
S214031B90304609F027FD054609F10701384601F0EE
S214031BA02DFD7DB1B8F1000F02D103781D44EDB2CF
S214031BB0057063781A0716D569463046F2F788FA31
S214031BC0024618B1002003B0BDE8F083082168463A
S214031BD009F056FA0028F5D120460BF0B4FA08228D
S214031BE06946E9F733FB09F0B9FA0146201D0DF003
S214031BF062FD6378DB0603D538460C490BF0D0FA52
S214031C003146A01C0DF057FD3146384609F03DF825
S214031C10074A13780133DBB21370E371A3790BB170
S214031C200120D0E70123A371FAE700BF77670020FE
S214031C30F2660020FF232DE9F04F8FB0814616464B
S214031C4005918DF822301AB301230BAA0AF0A2FEDF
S214031C509DF836500446EF0625D50027059BBDF8AC
S214031C60308003F108024946D2B20823009709A838
S214031C70CDE909770DF01EFE3A46404609A9F8F766
S214031C80A5FC002840F08C80A90627D510220DE07D
S214031C9013460BAA0AF07EFE9DF836500446A806A5
S214031CA063D5062202E0AA0618D508220023059962
S214031CB0BDF832700A44CDE9093349460093D2B2DF
S214031CC0082309A80DF0F6FD384686F0010209A997
S214031CD0F8F77CFC002863D1002E46D0BDF83070A0
S214031CE009F03CFA874249D038460DF0DCFD8046C1
S214031CF0002E45D1BDF82EB00021584609F072FCDF
S214031D00BDF82C300390184606930DF0CCFD06461E
S214031D1009F024FA069B834242D0B64B1B78033B5A
S214031D20012B3DD915F04003049339D1039B0BB91E
S214031D30002E35D09DF83570039B05F018051F441B
S214031D40FFB2082D8DF835706CD120230493002C38
S214031D5040F041810AF0C4FE054608B3002E40F069
S214031D60B28033460126B24674E0BDF8327009F0FD
S214031D70F5F98742B8D14FF00108BBE74FF00108E9
S214031D80002C43D09C4BE279678803EBC20633F8FA
S214031D903220BDF832309A4205D04FF6FF732380C7
S214031DA00FB0BDE8F08FBDF82EA0B8F1000F08D035
S214031DB0002130460AF07BFEA6F802A00AF089FB53
S214031DC0EEE7BDF830000AF07AFE05464146304697
S214031DD00AF06DFEA6F802A0884E2DB141462846AD
S214031DE00AF065FE63886B800AF073FB3378002B7A
S214031DF0D6D03B46002248460599FFF7BFFE00288B
S214031E00CED03946484609F0DEFDC9E70AF061FB45
S214031E107A4B1B78002BC3D0B8F1000FC0D14FF616
S214031E20FF77E6E7102D01D1049590E7B8F1000F90
S214031E308DD1002C3AD0C2460021BDF832000DF1F8
S214031E40220200F063FA03460028A9D0002E40F0D1
S214031E50CA8025460499BDF830000DF12302079386
S214031E6000F054FA044600289AD0644A079B127876
S214031E70002A78D0BAF1000F26D102462C466179A3
S214031E80B9427ED92546A4F802B067711446002BE2
S214031E9000F09E809DF82230EA799A4200F09880FE
S214031EA0002E40F08E80EB7100253FE00AF018FE0E
S214031EB0044600283FF474AF4FF0010ABCE7002243
S214031EC001261346DBE70126B8F1000F1ED107F003
S214031ED089F87E23B0FBF3F202FB130005993A461A
S214031EE005315FFA80FA484601F0AEFB4FF6FF7104
S214031EF0484608F0CAFE039B032B2CD9AAF17E0A98
S214031F00022148465FFA8AF2F3F782FB069BA5F89E
S214031F1002B02B809DF834306F712B7100232B7227
S214031F20002E42D19DF82230EB710125B8F1000F47
S214031F303FF436AF484609A90BF012F900283FF4E0
S214031F402FAF2A4609A90BA8FFF7B2FD28E70026FC
S214031F5025463446BBE7039B012B94BF0AF1020ACE
S214031F600AF1420ACCE7BAF1000FCFD16979B94238
S214031F7009D9A5F802B06F71002B8BD1002E93D030
S214031F8024E025461446049A002A3FF409AF8F42FC
S214031F907FF406AF039307F025F883077FF400AFBB
S214031FA0039BA5F802B06F7171E7FF23EB71002C5A
S214031FB0BBD001252379A4F802B023F003032371D1
S214031FC0B4E7FF23EB71002C3FF46EAF0025F1E777
S214031FD0002CD3D168E7002E7FF471AFB2462546B6
S214031FE00126534636E7BAF1000FB0D1564652469D
S214031FF045E700BFF56600204A5F002039710020E0
S21403200070B50C4B4FF6FF751C78002302460A4842
S2140320109C4201D1002005E00688964206D1AA42DA
S21403202001D10B7070BD8679002EFAD001330830CB
S214032030DBB2EDE7387100204A5F0020002210B5BE
S2140320400A4B1C780A4BD1B28C4201D8002010BD33
S2140320505988814204D11979890701D1997911B137
S21403206008330132EFE70120F1E700BF38710020A3
S2140320704A5F002010B5084B01461C780023074A28
S214032080D8B2844201D8FF2010BD914203F1010368
S214032090FAD00832F4E700BF387100204A5F002008
S2140320A038B50446FFF7E6FFFF28054603D13F2170
S2140320B00B480DF020FA4FF6FF7320462380A371DA
S2140320C003210AF0F4FC074B07481A78002107326D
S2140320D0D21002FB0500BDE83840E9F765B800BF3B
S2140320E0879304003A710020CA660020F8B50446B8
S2140320F00026124D124F3A78F3B29A4209D80022BC
S2140321004FF6FF710F4B1D780F4BD0B285420BD89D
S214032110F8BDFF2C02D0AB79A34202D12846FFF7C5
S214032120BFFF08350136E6E7FF2C02D0187AA04237
S21403213001D1198019720A330132E6E74A5F00209B
S2140321403871002037710020225F0020FF28F8B581
S21403215004462CD0164B1B78834203D8802115489F
S2140321600DF0C9F94FF6FF75134A32F8341002EB37
S214032170C4000379A94203F0030318D0012B16D138
S21403218000220E4B1F780E4BD6B2B74203D8BDE8DB
S214032190F840FFF785BF1E88AE4205D093F807C008
S2140321A0A44504D0B14202D00A330132ECE7F8BDAD
S2140321B038710020879304004A5F0020377100209F
S2140321C0225F00202DE9F74304F0CFF9324B1B784A
S2140321D0033B012B21D9314B1D88451BADB2E5B11D
S2140321E018804FF6FF7700202D4A13782B44C3F34D
S2140321F0C81403F07F0313702A4B2B4A1E78C3B20E
S2140322009E420DD800264FF6FF77284CDFF8A090A5
S21403221099F80020F3B29A4216D803B0BDE8F083CB
S2140322201388BB420DD0137999070AD104EB931197
S214032230022928BF022103F03F0389B243EA811330
S214032240137108320130DAE734F80A8CB84506D041
S21403225014F8043CAB4205D95B1B04F8043C013676
S2140322600A34D5E708F07AFF804534F80A3C04F8C8
S214032270027C24F80A7C09D018460DF10701FFF703
S214032280BFFE18B19DF80700FFF760FF14F8030CB4
S214032290FFF75CFFE3E700BFF566002076600020EB
S2140322A0C5670020387100204A5F00202C5F00209D
S2140322B037710020F0B500244FF6FF770346104829
S2140322C0DFF844C006780F48E5B2AE4201D80020D6
S2140322D00FE005889D4210D13AB1012A16BFC57991
S2140322E005793CF83550A94207D1BB4202D11423E5
S2140322F08371F0BD057A002DFBD00A300134E3E785
S21403230037710020225F00204A5F0020F8B50D4693
S214032310114607461646FFF773FE002836D10246D7
S2140323204FF6FF7C1E4B1F4C1978D3B2994206D842
S21403233000231C4C8B4221D1F8BD0834F5E7B4F8D2
S21403234000E00132E645F8D133700123278023717C
S2140323500021A17165B1144B45F008051A78257163
S214032360D31DDA103078114B02FB0030E8F71CFF60
S2140323702379204603F03F032371DDE72279920990
S214032380022AE1D001330834DBB2D3E703790446EB
S2140323909A071EBF23F0030343F001030371D7E735
S2140323A0387100204A5F00203A710020CA66002078
S2140323B073B50DF107010546FFF722FE40B1037919
S2140323C09A0705D113F0300404D043F003030371D6
S2140323D002B070BD28460AF07AFB094B4FF6FF7130
S2140323E01D7823469DF80760064AD8B28542EFD982
S2140323F0D0790133B04204BF118011720A32F4E778
S21403240037710020225F002030B50A4BCC081B78BA
S214032410094D0733DB1000FB0340012301F00701DE
S2140324208B402C5CDBB212B11C432C5430BD24EA27
S2140324300304FAE73A710020CA66002070B50B4B16
S21403244004461B78834204D840F24B2108480DF01B
S21403245052F80025074E3378E8B2834200D870BDA1
S21403246000222146FFF7D0FF0135F4E73A7100203A
S2140324708793040038710020FF2810D0FF290ED060
S214032480084BCA081B7801F007010733DB1000FB73
S2140324900323054AD05CC84000F0010070470020C3
S2140324A0704700BF3A710020CA6600200148F0F763
S2140324B0CBBD00BF786000202DE9F0471E464D4B8C
S2140324C08CB01B681546074688469DF8509003F067
S2140324D0080A08F043FEA8423FD1B9F1000F14D012
S2140324E06EB9ADF806603D460424224641462846AA
S2140324F00AF089FB00F001000CB0BDE8F08700236A
S214032500ADF806303D4606243AE038460CF02CFE7D
S214032510FF28044605D0F2F7FBFC10B12046FEF771
S214032520CFFF96B10023ADF80630F8F7FDF8002884
S214032530E8D0062440460DF1060202A909F0F7FC8E
S214032540D8B94046F8F7F8FA17E0ADF80660F8F79A
S214032550EBF80028C7D00424ECE73EB3BAF1000F2B
S2140325602ED000230B24ADF80630B9F1000F0AD1A4
S214032570F8F7DAF82F460028DCD13D46002EB4D013
S214032580BAF1000FB1D004F00402414642F0110242
S21403259028460AF038FB22460646414628460AF0F5
S2140325A032FB002814BF30460020A3E7BAF1000F21
S2140325B014D00124ADF80660B9F1000F95D1D7E722
S2140325C00B24284602A9F1F783FD074668B902A83B
S2140325D007F077F920B9ADF80600EDE70124F0E738
S2140325E044F00204ADF80670E6E70023ADF80630C3
S2140325F0E2E700BFC84A00202DE9F0471E46744BA9
S2140326008CB01B7807460D461446DDF85080002B29
S2140326103ED008F0A3FD30B36E4B1B68980722D458
S2140326204FF6F7739C4233D843463A463146204624
S214032630FBF7F2FE08F092FD854200F0C5803046B7
S214032640FEF75AFBA04203D10CF08EFD0AF07FF989
S214032650BA1E534253412946002220460CB0BDE819
S214032660F0470AF0CCBEE7B1F91ED1F1000949EBF9
S21403267001094FF6F7739C4216D90321204606F04C
S214032680C2FC03233A4631462046009506F0AAFDCF
S21403269008F064FDA84200F097804FF6FF739C4253
S2140326A0CBE74FF00109E4E72B463A46314620468E
S2140326B004F0E0FB2146CDE900082B4632463846B7
S2140326C007F04FF980460146204606F09CFCB8F119
S2140326D0000F61D1B9F1000F12D100233A463146FB
S2140326E02046009506F07EFD88F001032A46314613
S2140326F02046CDF8009003F00103FFF7DDFE99E7CF
S214032700002FEAD003AA9246334B03F1100E9446E9
S214032710186859680833ACE8030073456246F6D177
S21403272007A806F0BBFD0323306871688DF81C30DC
S21403273008AB03C39DF8293007A843F002038DF8BE
S214032740293006F0D6FE90B13068716808AB03C333
S214032750042307A88DF81C3006F0CBFE38B10223FD
S21403276007A88DF81C3006F0C4FE0028B5D15146E4
S21403277007A806F0FEFE0028AFD0F4F795FB002866
S214032780ABD103233A4631462046009506F02AFD90
S21403279008F0E4FCA84250E743463A463146204652
S2140327A0009506F01FFDB8F1010F9DD0B8F1020F9A
S2140327B07FF440AF284607A9F1F78AFC20B93246D2
S2140327C0284607A90AF0E6F90CB0BDE8F08700BF73
S2140327D0F0660020C84A002002E00400044B1A8872
S2140327E00AB100221A8000210846F9F7ABBF00BFE2
S2140327F07860002000232DE9F0478EB004460D468E
S214032800CDE903334F7808F0A9FC50B1B64B1B68EB
S2140328109A0706D4092103A806F09CFC0EB0BDE86F
S214032820F087204603A9F1F753FC0646002840F03C
S2140328305781022F3DD0042FECD1E5F739FC002851
S21403284046D0E5F735FC022840F022810DF1240836
S214032850334632464146304606F0BAFF012103A806
S2140328609DF8255007F0A7F82840FF2800F034818C
S21403287005AD284608F00FFC002840F02F8195E8A8
S2140328800F0088E80F003A46414603A806F0DAFE32
S2140328900246002840F02081032303A9CDE9005314
S2140328A020463B46FBF77EF900280CBF1321062182
S2140328B0B1E78D4B1B689B07ACD40235082229462B
S2140328C08A48E8F7BDFF0028A4D0E5F7FDFB08B962
S2140328D01121A0E7864B874E1B78FBB9FFF77EFFD7
S2140328E03088002860D103AF2946384606F0D4FC6A
S2140328F0002800F0CA8028460DF10A01F1F7C2FB52
S21403290040B90DF1240A504608F0C5FB804600285E
S21403291000F08780FFF762FF0F217CE730880028EE
S21403292042D101460CF074FA308000283AD00123D5
S2140329300822304603A9F0F7CBFD98BB01230822F3
S21403294029463046F0F7C4FD60BB012302226948DE
S21403295009A9ADF82440F0F7BBFD0346308823B140
S214032960002848D04FF0100920E00CF0F9F961492F
S2140329700746204601F0CAFC30880CF0F1F9FFB296
S214032980874209D1FF238DF82430012359481A467C
S21403299009A9F0F79DFD28B900210120F9F7D2FE19
S2140329A00C2138E73088DBE74FF007090CF0BCF959
S2140329B0074630880CF0B8F93488112100F108086E
S2140329C0204600F02DFE10218246204600F028FE09
S2140329D00822044603A94046E8F732FF002840F0E1
S2140329E08180082229463846E8F72AFF002879D14D
S2140329F0B9F1070F01D010210DE704EB0A24454671
S214032A00A4B271E730884FF0010828B1122100F014
S214032A1007FEFF2881461ED12A46B9462046402394
S214032A2004E03A46A9464346BDF80A0043F00303CA
S214032A30CDE900A349460323FBF7B4F800283FF487
S214032A4069AF0721484606F085FBB8F1000FD9D0D9
S214032A50FFF7C4FEE2E6002108460CF0D9F9ADF80C
S214032A60140048B1204605A901F050FCBDF8140037
S214032A700CF076F90028CFD1142300934A46394642
S214032A802046338801F0FAFBC6E7FFF7A7FE1FE7E9
S214032A90E5F70EFB012801D00621BCE605AD32465C
S214032AA033462946009603A8F9F75EFD024608B1A9
S214032AB00A21B0E60C4B20461B6803A95B0003F013
S214032AC0040343F00303CDE900533B46FBF76AF8E0
S214032AD00028E1D113219EE605219CE612219AE601
S214032AE00B2198E60E2196E6C84A00207767002059
S214032AF09466002078600020012330B50D4C85B025
S214032B0022788DF80430D5188DF805200E228DF81E
S214032B1006200A682570CDF807204A6801A9CDF873
S214032B200B200B22F0F7D4FCB0FA80F0400905B076
S214032B3030BD00BFF1660020014B1878704700BF18
S214032B40C6670020142230B58BB005460DEB020194
S214032B501548DAF7BDF910BBBDF81430DA0720D4F0
S214032B6013F0060FC3F3410208BFC3F341220F4B12
S214032B700DF116019C5C68462246E8F7A5FCBDF8F5
S214032B80263004F128026A4402F8283C02341B0A61
S214032B9002F8273C69462A46E0B209F0A5F90BB0CD
S214032BA030BD2320FBE700BF703214E012E00400C0
S214032BB010B58AB0ADF826200022CDE9052204928E
S214032BC00CAA02924FF6FF720446AC210120019232
S214032BD0064A039004FB0122603200924CF6200161
S214032BE00DF126020AF031F80AB010BD485800204D
S214032BF000B58BB0ADF824309DF8303003208DF847
S214032C002630002303900A4909A8CDE90130CDE90F
S214032C100533049301F160030093B1F85C3002209E
S214032C204CF660410AF011F80BB05DF804FB00BFE8
S214032C304858002010B54FF6FF741E4A8AB0B2F803
S214032C406800B2F85E10A042ADF82600B2F85C3019
S214032C504FF6FD70ADF8241018D081424FF00000F7
S214032C6094BF48F660014CF66001CDE90500CDE956
S214032C700300CDE9010094BF09AA603200920DF16A
S214032C802602042009F0E1FF0AB010BD81424FF08E
S214032C9000008CBF603209AA00928CBF4CF66041DC
S214032CA048F66041CDE90500CDE90300CDE9010012
S214032CB0014AE6E748580020B258002000B50E4BFC
S214032CC00022B3F85E308BB0ADF824304FF6FF73B6
S214032CD0CDE90522CDE90322CDE9012209AA009216
S214032CE04FF400610DF126020720ADF8263009F0F7
S214032CF0ACFF0BB05DF804FB4858002030B58BB032
S214032D008DF825301B0A8DF8263000230D4991F8DF
S214032D105840CD6DB1F85C00CDE905330493072325
S214032D206031039308ABCDE9010300914FF6FF73BF
S214032D304CF62041082008958DF8244009F085FFBD
S214032D400BB030BD4858002070B54FF6FE76294CC0
S214032D501D46B4F85E10B4F85C30B14294F85C00DB
S214032D60A2B04FEA132321D14FF440416034ADF8AB
S214032D7008108DF80B008DF80C3003CC0DF11504FC
S214032D80CDF80D00CDF811102270120A62700022E1
S214032D9011461046A270E270ADF8062008F01CF843
S214032DA0ADF8060090B9002022B070BD4FF4004481
S214032DB08DF80D10090AADF808408DF80B008DF854
S214032DC00C308DF80E100DF10F04DDE7043402A964
S214032DD0621A012392B20DF10600F0F779FB002880
S214032DE0E1D1BDF806002A4601210BF0E9FFBDF844
S214032DF00600D9E748580020202A10B5144614D8F0
S214032E00012A04D10C88B4F5004418BF01246200DB
S214032E1030B10748E8F71AFA064B00201C7010BDBD
S214032E200548E8F713FA054BF7E72120F7E700BF55
S214032E307A600020C7670020BA600020C8670020B9
S214032E402DE9F047104617460CF033FCDFF814A1C3
S214032E50DFF814919AF8003099F8002005461343DA
S214032E6002D10020BDE8F08710F4406800F0400669
S214032E7019D186BBB0F5804F5CD24FF48074002323
S214032E809AF80000344AD9B288425DD8002399F8EC
S214032E900000324AD9B28842E3D932F8021B013322
S214032EA0A142F7D155E0F81C0CF003FC4FF6FF7374
S214032EB0984214BF0124022486B1052605F4404334
S214032EC0B3F5004F44F0080424D0B5F5804F23D261
S214032ED044F4807420E044460326EFE7B5F5804FBC
S214032EE04FF00506F4D3B8F5406F14BF0220082050
S214032EF0304438440CF0DDFB194B05F44045B3F879
S214032F005C3083420CBF44F0080444F00404B5F577
S214032F10004F01D144F08004B8F5006F0ED1B81904
S214032F200CF0C7FB0E4BB3F85E308342A7D144F0D8
S214032F301004A4E7444603260220D9E7B8F5406FF9
S214032F4008BF44F020049AE732F8021B0133A1427B
S214032F5099D1012086E700BFBA6000207A6000207E
S214032F6048580020C8670020C76700202DE9F04FA7
S214032F70104685B0164698460CF09BFB5D4F00F056
S214032F800803B7F85C10044600F00709F01C029328
S214032F900391B7F85EB00CF08CFB06F1050A054604
S214032FA050460CF086FB03464FF6FF70854218D05A
S214032FB00399A1EB050CDCF1000545EB0C056D0050
S214032FC04FF6FF718B420ED145F004050CF07CF9E9
S214032FD0029B6BB1B9F1000F11D0422005B0BDE8DA
S214032FE0F08F0125ECE79B4508BF45F00805EDE7A4
S214032FF0B9F1030FF1D8DFE809F0021B795D0CF095
S21403300063F908B9A807E8D524F00804A4B2B4F510
S214033010004F05D0B4F5624F02D0B4F5404FDCD173
S2140330200025294697F8A820002007F0D5FE3CE0A7
S214033030D7F88030E3B9002132460846FFF700FF91
S214033040D8B948F6410224F038039BB29342C4D160
S2140330500A2D49D0062DC0D197F87730023B012BB5
S214033060BBD8EEF7AFFF0028B7D140F6040505E05E
S2140330704146304698470028DDD00825E20648BF7B
S21403308045F08005A30648BF45F4805505F00C03BC
S214033090042BC6D1F01D0CF00CFB97F8A830324673
S2140330A0009341462B4607F06CFE08B30E9B188030
S2140330B0002093E7A90705D14FF6FF73B7F85C2006
S2140330C09A428AD104F44063B3F5006F0AD0B3F58D
S2140330D0406F82D1082250460749E8F7B1FB002823
S2140330E07FF47BAF0C25C9E70425C7E7432075E7C4
S2140330F0192073E748580020A8580020034B1A7875
S2140331001AB1FF2A04BF00221A707047CA6700204C
S21403311070B5084C084E2378F55C1DB13E21074870
S2140331200CF0E9F9FF2223782846F2540023237093
S21403313070BD00BFC9670020CA67002095930400CE
S214033140034B044A1B78D05CFF3818BF0120704736
S214033150C9670020CA6700200023074A074913608F
S214033160074A1360074A1360074A11600121074A9A
S2140331701170074A1360704780590020D5CD0300AD
S2140331807C59002078590020587000207371002065
S214033190885900200E2A70B50C4606461546194671
S2140331A003D9FFF7D9FF502070BD012807D10020AF
S2140331B0EEF722FFB0B1FFF7CFFF2120F4E780221E
S2140331C00021224B1A70224B1960224B1B684BB10D
S2140331D034200BF01DFE204B188018B9FFF7BCFFF8
S2140331E00120E1E724F0FF6323F4FF231BB1FFF77D
S2140331F0B3FF4F20D8E774B92046EEF717FF012434
S214033200032510F0800F43B21BBF00F01F039C4042
S2140332109C4044F078440020104B24F078441E7001
S2140332200F4B10491D70104B1C60104B1870104B41
S2140332301A68EFF797FA18B1FFF78EFF0420B3E783
S2140332409DF810200B4B1A70AEE700BFCB6700202B
S2140332508459002078590020FA600020D0670020A7
S214033260CE6700205935030088590020CF67002019
S21403327080590020CC6700207FB5244B00251A78A0
S21403328001232348234903FA02F200781A440A600A
S214033290ADF80E5020B3984236D11F4C1F4B207802
S2140332A01B680DF10E0198471D4EBDF80E203070B9
S2140332B092B11C4B29460093284602230195EFF74B
S2140332C08BFA3278237822B1012A12BF1B230133EB
S2140332D0DBB2237004B070BD013818BF0120F0E7DD
S2140332E078235A43013A0A6008220F490BF0D6FCAA
S2140332F00B49094A0978137821B1012912BF1B2308
S2140333000133DBB21370E5E71846E3E7CE67002028
S214033310D06700208C590020CF670020587000200B
S214033320737100209535030055F20300024B1868AD
S214033330003818BF012070477859002037B5054676
S2140333401C460BF0C1FF68B974B1084B1A60084BF2
S2140333500A461C600123294600930323FFF71AFF3E
S21403336003B030BD4D20FBE72520F9E77459002054
S2140333707C59002013B504460BF0A6FF58B962B17A
S214033380074B1A6001230A46009321460323FFF7DF
S21403339001FF02B010BD4D20FBE72520F9E700BF73
S2140333A0785900202DE9F0410446DDE906861D46DE
S2140333B09DF820700BF088FF88B99EB1A2B10B4B25
S2140333C001201A600A4B0A46C3F80080094B2146BF
S2140333D01E602B460697BDE8F041FFF7DBBE4D2087
S2140333E0BDE8F0812520FBE72120F9E7587000208F
S2140333F0805900207C5900200148EFF725BE00BF06
S214033400FA6000202DE9F0410020EFF719F9114B7F
S214033410114C1E68114B20881D68114B114FD3F8B1
S214033420008010B13978EFF7E9FF00203870FFF716
S21403343093FEEFF723FC0EB14046B0473DB120881C
S214033440A84700232380BDE8F0410CF0CFB8BDE8C1
S214033450F08100BF7C590020FA60002078590020D4
S21403346088590020D1670020F8B52F48F0F7DCF81C
S2140334702E4B187830BBEEF7D9FD2D4F06463B682A
S21403348003B32C4B2C4D1C6824B195F900301A4617
S2140334901946A047294B1B6883B1294C2378312B47
S2140334A00CD8284B18880BF03FFC23785A1C227044
S2140334B02A78C25423785A1C2270C65480232B7051
S2140334C000233B60204C23781A2B22D81F4A1278FD
S2140334D0012A09D100211E4A156825FA03F0C00700
S2140334E0DAB20ED501B122700020EEF79FFD2178E7
S2140334F0884212D10022174B1A70FFF7BDFE40B95F
S214033500F8BD0133D8B21A284FF00101E5D90A44B1
S2140335102270BDE8F840FFF775BF0020EEF798FD70
S2140335200028E7D0F5E700BF5C700020D0670020D6
S2140335308459002074590020CB6700207859002056
S214033540D1670020FA600020CF6700207371002047
S21403355088590020CD67002008B50B4B187880B932
S2140335600221EEF737FD094B1B782BB100214FF6EE
S214033570FF720846EEF710FDBDE808400448FFF763
S21403358073BF00210846ECE7D0670020CC67002015
S2140335905C70002038B5144B0C461D78012D21D1E4
S2140335A081B90846EEF742FD104A05FA00F01368A3
S2140335B00F4923EA0003136020462A46BDE8384035
S2140335C00BF06CBB0B4A13780133DBB2022B137080
S2140335D004D9BDE838400848FFF746BFFFF74CFE5E
S2140335E00028F6D138BD00BFD067002088590020D8
S2140335F055F20300CD6700205C70002038B50C46FA
S21403360005460BF0ADFBA04203D82D2103480BF073
S21403361072FF28460BF088FB204438BDA9930400AC
S21403362070B506460D460BF07FFB044648B13046A0
S2140336300BF096FBA84203D8352102480BF05BFF3C
S214033640605D70BDA993040070B50C46064615462A
S2140336500BF086FBA04203D83E2104480BF04BFF39
S21403366030460BF061FB00B1055570BDA99304000D
S2140336702DE9F0431E46574B8FB01B780746033B96
S214033680012B0C4615469DF8588007D8F4F718FA10
S21403369020B1F0F71DF908B144F400544E4B1B78E3
S2140336A013B924F40074A4B2200509D546B92846F4
S2140336B004A9F0F70DFD002846D024F40064A4B254
S2140336C0ADF81840ADF81A5007F048FD434BADF877
S2140336D01C00B8F1000F02D01A78424501D293F8C5
S2140336E000803F4AE105137848BF0DF1210103F13D
S2140336F00103DBB2137058BF08A922058DF81E809C
S2140337008DF81F3006D53368083141F8083C7368D6
S21403371041F8043CE30407D5324A0831136841F8FC
S214033720083C536841F8043C0DF11808A1EB080067
S2140337305FFA80F9002148460BF06AFB064628B973
S21403374000200FB0BDE8F08304AEB9E70BF0ECFA47
S21403375041464A46E7F7B8FE30460BF001FB804683
S21403376030460BF0E1FA0023024600934FF6FF7053
S21403377004235FFA88F107F004FBADF80E00002877
S214033780DED040F201131C421AD14FF6F7739D4266
S21403379016D80BF0E5FA0DF10E010446284600F0A4
S2140337A0B5FDBDF80E000BF0DBFAE4B2A04207D974
S2140337B0BDF80E0007F032FB437843F00403437072
S2140337C0BDF80E003A4601210BF0FAFABDF80E00DA
S2140337D0B7E700BFF5660020F066002025710020DD
S2140337E0F266002077670020F0B50829D58889B0EF
S2140337F028D00C2926D0AE0424D405F040030B436E
S214033800424C267816B105F0200423432FB2002F2E
S214033810B8BF43F08003032920D11223AC068DF8EA
S2140338200430937A10D48DF805300DF1060401A9FF
S214033830621A012392B2EFF74BFEB0FA80F040090A
S21403384009B0F0BD0B46DBE732228DF805308DF864
S2140338500420002EE9D00DF11304E8E70C298DF8B7
S21403386004300ABF138953798DF80530548805BF91
S2140338701B0A8DF806308DF805300DF1070318BFC7
S2140338800DF106031C70240A5C70148802399C70C0
S214033890240ADC70147901291C7111D8917A002F3F
S2140338A0597131DA022112899971DA71120A03F118
S2140338B009041A72002EBAD0AB06B8D50534B6E79B
S2140338C0A9071AD4002F0CDA117A51B1917A5971DB
S2140338D01189127A03F1080492B102229A71D971FE
S2140338E0E8E70B4C217801F1010C84F800C09172D3
S2140338F09C1D002F5971DDDAEAE7917A9C1DF8E7E3
S2140339000122090A9A71EAE79C1DD3E7F0660020B4
S214033910F1660020014B1880704700BFFC60002052
S214033920014B1888704700BFFC6000202DE9F84360
S21403393007460BF0D9FD05461B480BF04CFF1B4B07
S21403394060B31C683C1B2C44A4B20022184BDFF85F
S21403395068901B78174D03EB830399F8006005EB1B
S21403396043055FFA82F846450AD9AB8805F10A0093
S214033970A34216D90A23B21A29465A43E7F766FC26
S214033980013689F80060AC80B8F1000F03D13946E0
S21403399005480BF0B5FA2846BDE8F8833C461D609B
S2140339A0D3E705460132DCE77C70002090590020FF
S2140339B0D26700209E5D0020D36700201FB5154AFE
S2140339C0154C1378013BDBB213706168206801AABB
S2140339D003C221891180114A1278D21805D00A230E
S2140339E020465A43E118E7F731FC9DF806301B07DB
S2140339F00DD0BDF80C00FFF799FF03468288ADF89B
S214033A00082001AA03CA1288186059601A8104B0F4
S214033A1010BD00BFD26700209E5D0020D367002044
S214033A20002108B5084B09481970094B1970094B52
S214033A301A7802EB82025200E7F7B6FBBDE80840AD
S214033A400548EFF7F1BD00BFD36700209E5D002059
S214033A50D2670020317100207C700020F8B5002466
S214033A60084D094F094E3B783178E2B20B449A422F
S214033A7004F1010400DBF8BD2846EFF7E5FA0A3542
S214033A80F1E700BF9E5D0020D3670020D2670020C9
S214033A90F8B516460C4B0D4A1B78127807461344A6
S214033AA00B4A0D46127893420CD03046FFF73EFF82
S214033AB0013506810780857004460BF010FDE08013
S214033AC00120F8BD0020FCE7D2670020D367002062
S214033AD03171002010B5064C207828B10548F5F75B
S214033AE099FD10B1034B188810BDFFF767FFF3E786
S214033AF0D26700209E5D002008B50A4A0346107868
S214033B0060B1094A1088984209D121B993781033D5
S214033B1023F00F039370FFF751FF012008BD002029
S214033B20FCE700BFD26700209E5D00202DE9F74F1B
S214033B3000260BF0D9FCDFF8F890B24699F800702F
S214033B40B3463A46DFF8EC801FFA80FEB8F800C0AA
S214033B50344CAEEB0C039BB201932378324D0093A7
S214033B6003EB830305EB4303ACEB0E0C5FFA86FE15
S214033B70BE4515D3BAF1000F01D0009B2370BA429D
S214033B802AD3002F37D00A222378C8F8000002FB76
S214033B9003532648998803B0BDE8F04F0BF0B0B93D
S214033BA0B3F804E001998E4512D84FF0010A009944
S214033BB093F802E001310EF1FF3EC9B2013AA3F8D1
S214033BC004B083F802E00091D2B20A330136CDE79F
S214033BD0E644A3F804E0F8E789F800204AB10A228D
S214033BE02378C8F8000002FB0353104899880BF0AB
S214033BF087F9237813B903B0BDE8F08FFFF76AFFA0
S214033C0006460028F5D007F02AF80146304607F0A6
S214033C10DAFE20B100212888FFF76EFFE9E740F6B9
S214033C200241F8E7D26700209E5D00207C700020EA
S214033C30D3670020905900202DE9F04192F80880C0
S214033C401F4608F1FF33DBB2EF2B05460E4614463C
S214033C5088B00BD982238DF80E30314628469DF85E
S214033C600E30204AFBF774FA012037E00E220021BB
S214033C7004A8E7F799FAB4F809308DF81180ADF87F
S214033C801230E37A03F07F02032A08D0012B24D1F3
S214033C9003238DF81030A389ADF815300EE0032BFF
S214033CA014BF022301238DF81030E368CDF81530D6
S214033CB02369CDF81930237D8DF81430A7F121013F
S214033CC04A420DF10E034A41009321460DF10F03BC
S214033CD004A8FAF793FD0028BFD1002008B0BDE87A
S214033CE0F08100BF414A04002DE9F04F00241D78FF
S214033CF095B0CDE902010492234622460120CDE980
S214033D000054404909F062F9ADF81E00F8B1A34625
S214033D10264627460DF120090DF1380AE4F7B6F9D1
S214033D205FFA84F8404516D83A460221BDF81E00CD
S214033D30FFF78AFC32460421BDF81E00FFF784FC19
S214033D40DDE903100022BDF81E30FBF701FA01205F
S214033D5015B0BDE8F08F4A4640460AA9FAF740FD7B
S214033D609DF8282022B12DB1013DEDB20137FFB2F7
S214033D700134D3E7BBF1000FF8D199E803009DF8AF
S214033D8029308AE803008DF84030BDF82A30032A2C
S214033D908DF841304FEA13238DF8423017BF0323C3
S214033DA001238DF843309DF82C30DDF83110DDF813
S214033DB02D0014BF8DF84C308DF8433011AB03C380
S214033DC002980CBF4FF00E084FF0150808F0C5FA1E
S214033DD00590BDF81E000AF0C3FF059900EB080323
S214033DE099420BDB0123424651460DF11E00EFF7C5
S214033DF06FFB0028ABD10136F6B2B7E74FF0010BE5
S214033E00B4E700BF7E93040038B505460D4B0E4855
S214033E101C88EFF7F5FB012D0CD10C4B1C88FA21FF
S214033E20614358B1884209D28408012C204638BF22
S214033E30012038BD022D08BF0224F0E702480BF02C
S214033E405FF8F2E79A5D002094490020985D002011
S214033E50012208B5054B06481A7000210BF050F8EE
S214033E60BDE808400020FFF7CFBF00BFC1660020B3
S214033E70944900201E4B73B51A8802F108039BB2BF
S214033E80012B02D81B4B1B7823B902B0BDE8704048
S214033E90EFF7CABB0024184B184D1C70184B1C7048
S214033EA02B787BB14FF6FC73164E009322462346BF
S214033EB02146308808F08FFC4FF6FD732C70338054
S214033EC001200FE0104B10461978F4F719FF00286D
S214033ED0F6D10C4B1A884FF6FD739A42F0D00123A5
S214033EE002202B7002B0BDE87040FFF78DBF00BF05
S214033EF09C5D0020C1660020C4660020C2660020C8
S214033F00C3660020965D0020C5660020012808B51C
S214033F100AD002280CD020B9084B18700848EFF7CF
S214033F2083FB4FF0FF3008BDBDE80840FFF790BFA6
S214033F300020BDE80840FFF767BF00BFC16600204A
S214033F409449002002280CD859B1064A1378013345
S214033F50DBB21370044A12789A4202D80220FFF7A3
S214033F60D5BF7047C3660020C666002038B5A0F6E6
S214033F701343012B04460D4615D80E4A1378013316
S214033F80DBB213700C4A12789A420CD84FF6FD72C5
S214033F900A4B00201988914201BF00221D80084B5E
S214033FA01A70FFF731FF29462046BDE8384005F072
S214033FB067B800BFC4660020C7660020965D002071
S214033FC0C266002000234FF6FD71054A1370054AAA
S214033FD01370054A1180054A1370054A137070471B
S214033FE0C4660020C3660020965D0020C2660020DB
S214033FF0C166002030B5094B02461B7833B1084B27
S214034000084C19780023D8B2884201D3FF2004E075
S214034010013334F823509542F5D130BD307100207A
S214034020C9660020765D00200022FF21044B054868
S2140340301A70054B1970054B1A789200E7F7B4B857
S214034040C96600207A5D0020C86600203071002013
S214034050F7B58DF807100DF10701044602F0B5FF1A
S214034060234B1D78002D41D02046FFF7C3FF214E7A
S214034070FF283178204B05D1204A107885422DD968
S214034080451C1570884219D01C4A1B4D92F800C077
S2140340900022D7B2BC450CD92F4697F803E001326D
S2140340A0864505F10405F4D102B203EB8202D27809
S2140340B0FA7002B203EB8202D170307002B203EBE5
S2140340C0820123F82240FF228A709DF80720FF2AE8
S2140340D002D003EB8203987003B0F0BD0A46104685
S2140340E003EB8202D278FF2AF9D1CBE7FF20F3E76E
S2140340F030710020C86600207A5D0020C966002063
S2140341002DE9F843FFF776FFFF28044669D04FF6FC
S214034110FF72354F03B2DFF8DC80344E27F82320D6
S21403412098F80050A54202D10020BDE8F883337802
S21403413020B28100A34207EB800090F803E010D082
S2140341400023294A5FFA83F94D45944606D99CF81D
S21403415003900133A14502F10402F3D18CF803E086
S21403416001E086F800E0013DEDB22A1BD2B204312D
S21403417092003944E7F76AF888F800503378FF2B43
S21403418004D0A34224BF03F1FF33337000214FF65C
S214034190FF70154BCAB2AA420CD300234FF6FF7129
S2140341A0134ADCB2AC42BBD2013332F82300884256
S2140341B0F7D1B5E79A78A2420BD11880DA78FF2AAE
S2140341C004D0A24224BF02F1FF32DA700131043375
S2140341D0E0E7FF2AF2D0A24224BF02F1FF329A7030
S2140341E0ECE72D20A1E700BF7A5D0020C86600201B
S2140341F0765D0020C9660020F8B51C4B05461B7883
S214034200084673B3FFF7F6FEFF28044629D0284670
S214034210FFF7F0FEFF2806D0154B164E1A7800233C
S214034220D9B2914218D3FF212846FFF711FFFF2882
S214034230014616D00546104F23B207EB830237F824
S21403424023009678FFF704FFA84208BFFF25FF2E3A
S214034250214608D12846F8BD013316F823108142BB
S214034260DED1FF25F6E73446E6E700BF30710020CF
S214034270C9660020785D00207A5D00202DE9F041B4
S21403428080460E461F46002386B001A814469DF8B6
S21403429030508DF80330FCF74BF8ADF804802EB1A0
S2140342A03368CDF806307368CDF80A3038460AF01E
S2140342B03BFD0DF103034219214601A804F0ECFE71
S2140342C09DF8033093B931464046E4F701F90E4BA7
S2140342D01B785BB10B2C09D8FF214046FFF7B8FECD
S2140342E0064605EB4404E4B2A54202D106B0BDE897
S2140342F0F0812946384608F00CFE3146FFF7A8FE43
S21403430002350646EDB2EFE73071002000232DE9B3
S214034310F3470DF107028DF8073004460E4602F008
S2140343203FFE9DF80730054663B92046FFF762FE59
S21403433004465EB130880AF013FD5FFA80F8FF2C5E
S21403434045D10025284602B0BDE8F087B046F6E71B
S21403435001320C2AF5D02DB207EB8505AD78FF2D7B
S214034360F6D112F0FF0AECD04FEA4A050235EDB259
S214034370002EE7D0304605EB080108F08FFD002835
S214034380DFD1524641463088FFF75EF90AF1FF3225
S21403439008F1010108F102093088D2B2C9B25FFA06
S2140343A089F9FFF751F924B207EB8404A478FF2CAC
S2140343B0C8D023B2494637F82320308808F0B9FD21
S2140343C00028BED109F102095FFA89F9EBE7254611
S2140343D00022014FBFE700BF7A5D0020FF2818BF09
S2140343E0064B10B51BBF03EB800433F820302D209B
S2140343F00B801EBFA3780020137010BD7A5D0020CB
S21403440008B5D1F765FBD0F7DDFE00F046FAD2F724
S21403441091FBBDE80840D0F799BC10B50446018867
S2140344200120D1F713FCE3880BB9C823E38010BD42
S21403443037B50446D1F718FC658885420ED8A1889F
S214034440E288814205D3431B5343491BB3FBF1F375
S2140344509AB280B240EA024003B030BD0022F8E7C9
S21403446070B50C46088800F062F994F844300546A7
S21403447083420FD004F11C06304600F093F984F80B
S214034480445000F093F9618BA0643046BDE8704059
S21403449000F083B970BD38B5044690F844108378AD
S2140344A0826CCB1A59425941D0F7B6FCE37893B1E4
S2140344B0257985B900F07AF90346A268218A04F1C2
S2140344C01C009C1A8C4236BF52182946D11ABDE8E6
S2140344D0384000F062B938BD09B100F014B900F0F5
S2140344E01CB9838810B50446DBB1E3780088A1784D
S2140344F0C3B10023B1FA81F1E3704909FFF7ECFF7A
S2140345004FF6FF72A388934206D1218904F10C006B
S214034510BDE8104000F041B9013B9BB2A380002BDD
S214034520F3D110BD0123E370FFF7D6FFE188EDE773
S21403453010B5044681780088FFF7CEFF0123E370A9
S2140345400023A38010BD10B581780446B1FA81F12B
S21403455000884909FFF7C0FF0023E370A38010BD5E
S21403456070B51E46838804460D46C18002810BB192
S214034570868070BD81780088FFF7AEFF0123E37065
S2140345802946A68004F10C00BDE8704000F005B98A
S21403459070B50446054600262B4655F8040B10B1A5
S2140345A01B1B0C2B00DD70BD237C8680002BF3D0F9
S2140345B0637C13B1FFF7BCFFEEE7FFF7C4FFEBE73F
S2140345C0FFF7E6BF70B5044605464FF6FF762B4663
S2140345D055F8040B10B11B1B0C2B00DD70BD838834
S2140345E0B342F4D04FF4FA724FF6FF731146FFF757
S2140345F0B7FFECE709B100F086B800F08EB810B547
S2140346000446C0600830D1F793FC21792088B1FABC
S21403461081F14909FFF7EEFFA37943B12179608859
S214034620B1FA81F1BDE810404909FFF7E3BF10BDB9
S21403463000F0A9B80346184613F8012B8A4201D0A6
S214034640002AF8D1704710B53B2104460068FFF7EF
S214034650F1FF0022034603F8012B2068236010BDF8
S21403466010B540B1421E0A24002012F8013F303B29
S214034670D9B2092900D910BD04FB0030F5E708B507
S21403468000F07EF808B540F2BA4200211020D1F7B8
S2140346905BFA41F2E823584340F6FF7300F2FF70DB
S2140346A0B0FBF3F080B208BD50F80C3C23B150F8D1
S2140346B0041C30F80E0C18477047084619B1FF2142
S2140346C0103002F06ABB704773B505460E466DBAE6
S2140346D01446D1F763FBADF804507EB1012C04D029
S2140346E0032C09D00022012101E02246022101A861
S2140346F0D3F7EEFB02B070BD0022F7E70421324683
S2140347000DEB0100F4E707B540BAADF8040001A8C5
S214034710D3F712FC03B05DF804FB07B540BAADF857
S214034720040001A8D3F734FC03B05DF804FB0023B0
S21403473007B540BAADF804000DF1030101A88DF8E2
S2140347400330D3F751FC9DF8030003B05DF804FB78
S214034750007800F0DF03552B07D0642807D06638AF
S21403476018BF4FF0FF30C0B27047012070470320D8
S214034770704718B12D280CBF0120022070477047E0
S21403478008B501F0FCFE08B500F04FF8BDE8084098
S21403479004F048BC50E9023018470A460830FF21A7
S2140347A002F0F2BAFF21083002F0FFBA08B50AF0A9
S2140347B0FAFEBDE8084009F06BBB2DE9F04104465C
S2140347C000274FF00C0E8F4202DB0020BDE8F0817D
S2140347D02078904204D1002594F80780454502DBF3
S2140347E001370C34EFE70EFB05F6D4F808C00CEBE4
S2140347F006003CF806609E42E8D00135EEE708B5B1
S2140348001288D1F7EBFB50B10279BDF80C309A420F
S21403481007D881680298E6F719FD002008BD8620B0
S214034820FCE78920FAE7D1F7D7BC002004F07EBC6A
S2140348302DE9FF4105460E4617469846D1F7CEFBAF
S214034840044680B131462846D1F780FBA378A26898
S214034850B8F1000F0AD021792846CDE900213A465F
S2140348603146D1F725FD04B0BDE8F0818178CDE966
S214034870013200290CBF802340233A46314628469E
S214034880CDF80080E0F738F8EDE708B504F0BEFC95
S214034890002814BF0320002008BD704708B502F0A7
S2140348A058F9FFF7ADFDD1F739FD642004F007F89A
S2140348B0642004F003F802F04EF9D0F773FA08F018
S2140348C041FFF8E72DE9F041D0E90176437B044642
S2140348D00D4613B133463E461F46FFF767FF012DCD
S2140348E0206438460FD1D0F741FB3046D0F762FB41
S2140348F0257360780023BDE8F0414FF47F424FF400
S2140349008171FFF795BF022D05D1D0F753FB3046D3
S214034910D0F72CFBECE7D0F74DFB3046D0F74AFB3D
S2140349200025E5E738B5037B04468B420D4607D1E1
S21403493090F844305BB3BDE838404830FFF732BFE9
S214034940FFF734FF216C431AC72B0CD80123C83159
S21403495084F8455084F84430091A04F14800BDE849
S2140349603840FFF71ABF0DB1237B2BB929462046E3
S214034970BDE83840FFF7A6BF00212046FFF7A2FF99
S2140349800123C82184F8455084F84430E5E738BD50
S21403499090F84510FFF7C6BF0121FFF7C3BF0221FA
S2140349A0FFF7C0BF0021FFF7BDBF4FF60173994263
S2140349B010B5044602D10021FFF7B4FF2046BDE838
S2140349C01040D1F74DBE032910B504462BD0007B0B
S2140349D030B9012903D002290CBF0120FF2010BDE6
S2140349E0032A07D8DFE802F00208101401291CD0B6
S2140349F002291FD0FF20F2E70029FBD1B4F85C2080
S214034A00012A12D0022AF4E704290ED00529F0E77A
S214034A10042914D0052914D00029EBD1B4F85C205E
S214034A20111F0129ECD80220D9E75A1E53425341DD
S214034A305800D4E7022B0CBF02200120CFE700204A
S214034A40CDE70120CBE730B587B005460C46D1F756
S214034A50B1FB012820D11CB1611E4B424B415800CB
S214034A606B784FF480728DF804304FF48273ADF890
S214034A7006304FF48173ADF8083001238DF80B3000
S214034A80002385F8900001A8CDE903238DF80A409A
S214034A908DF81430D1F7C6FB07B030BD4168034626
S214034AA0C978027B99B98168C97899B9002A08BF81
S214034AB00321D1F79BBE9B7B002B0CBF0121022158
S214034AC0F7E79B7B002B0CBF02210121F1E7012AAC
S214034AD0F1D17047012AF4D17047042910B50B466B
S214034AE0044604D831B1BDE81040D1F703BF052909
S214034AF00ED010BD027B002A08BF03235522A0F860
S214034B005C300B4640781221FFF792FE2046EAE718
S214034B1043681A8A83681A82E5E7012303730378D6
S214034B20013343734FF44073C38103230374002399
S214034B30A0F85C3080F89030704710B50446806B60
S214034B40E0B1E278022A04D0636B5B797AB984F821
S214034B503C3094F83C3073B1FFF7EAFC60780023EE
S214034B60BDE810404FF602720621FFF761BEB3FAA6
S214034B7083F35B09EBE7FFF7E6FCEFE710BD10B541
S214034B800446406BD0F7F2F92046BDE81040FFF725
S214034B90D4BF10B50446406BD0F70CFA2046BDE8E8
S214034BA01040FFF7CABF10B50446406BD0F728FA8B
S214034BB02046BDE81040FFF7C0BF002310B50446EB
S214034BC01A4606214078FFF733FEA378022B01D05E
S214034BD0FF2B04D12046BDE81040D2F72BB810BDFA
S214034BE04FF60273994210B5044601D1FFF7A5FFAD
S214034BF0E378022B02D02046FFF79FFF2046BDE84E
S214034C001040D2F717B810B5D0F8A4407CB103799A
S214034C101BB14079D2F7CEF848B9A3883BB9322204
S214034C202046BDE8104001231146FFF799BC10BD8E
S214034C304279C1784078D2F723B910B58278044612
S214034C4003799AB90BB1D2F7DBF82046FFF7F0FFEA
S214034C500323A4F86C300123607855221221FFF752
S214034C60E7FD2046BDE81040FFF7CDBF012B01D17D
S214034C70D2F7C6F8A379012B04D16279E17860787C
S214034C80D2F7FEF80123A4F86C30E5E7C17831B11A
S214034C90012908BF002142794078D2F7F1B80121F3
S214034CA0F9E78278836862B9DB78002B14BF0323A5
S214034CB00423A0F86C305522002312214078FFF716
S214034CC0B7BD1A7922B9DB78003B18BF0123F0E79A
S214034CD00223EEE77FB500239E6A0446B6F5804FAF
S214034CE00D460CD201A8D2F777FC039B5B0506D5CD
S214034CF029462046336C04B0BDE87040184704B01C
S214034D0070BD00239B6AB3F5804F05D21B6BB3F5CA
S214034D10804F01D29B6818474FF4817070471FB5C8
S214034D2000239A6AB2F5804F04D340F2011005B00F
S214034D305DF804FB126BB2F5804FF6D2012201A890
S214034D40CDE902338DF80420D2F746FC039BDB0340
S214034D50EBD5029B1A0EE8D0012A03D1C3F307430F
S214034D600A2BE2D900239B6A1B6B1B6C9847DEE772
S214034D7008B50AF0D5FDB0FA80F0400908BD134621
S214034D8010B542B103439B0707D10AF0C5FDB0FA3D
S214034D9080F0400910BD0120FCE70020FAE700235D
S214034DA00360704703680B600160704710B538B145
S214034DB032B129B100230139D45C14B9002303703E
S214034DC010BD8B42FAD200F8014B0133F4E70346D9
S214034DD038B10020814204D01A5C02B97047013012
S214034DE0F8E770474FF0FF31FFF7F1BF70B50C4699
S214034DF01646054660B15AB151B1FFF7F3FF844238
S214034E0006D9211A32462844BDE87040FFF7CEBFC4
S214034E1070BDFEE7FEE700239A4200D1704710B547
S214034E2050F8234041F8234001339A42F8D110BD8D
S214034E30D3F732B84369426CD91C143AB1FBF2F18A
S214034E4003EBC1000330B0FBF2F00230704738B515
S214034E5005460C46FFF7EEFF6A6CE31D143AB3FBF8
S214034E60F2F3013304EBC30402FB004038BD38B54C
S214034E70054644692146FFF7EAFF6A6CE31D143AC8
S214034E80B3FBF2F3013304EBC304204438BDF7B598
S214034E9007460E4600257C6CA819644280EA060382
S214034EA01C4003D02C46204603B0F0BDFB6B01220A
S214034EB05B6901A99847019B0133F4D10435EAE7FE
S214034EC070B505460C46D4F7BDFDEB6B2046BDE832
S214034ED07040DB68184770B50025044686B0056247
S214034EE0E369AB4202D8206A06B070BD666C2068E0
S214034EF0E36B05225B6901A906FB0500984701A839
S214034F0000F023FC00F046FC10B1236A0133236251
S214034F100135E5E738B50446456C006804F14003FF
S214034F2005FB0101E06B00F042FC05462046FFF757
S214034F30D2FF284638BDF0B50546002687B0EC6993
S214034F40013CB44203D80C46204607B0F0BD01B17D
S214034F504C1E6F6C2868EB6B05225B6901A907FB87
S214034F600400984701A800F0F0FB00F013FC0028AB
S214034F70EAD121460136E2E7F0B504460D46466C13
S214034F80E36B006887B005225B6901A906FB050091
S214034F90984701A800F0D9FB00F0FCFB20B101A85C
S214034FA000F0AAFB07B0F0BD29462046FFF7C3FF73
S214034FB00646676C2068E36B05225B6901A907FB5D
S214034FC00600984701A800F097FB431CEAD0B542B9
S214034FD038BF0130E6E72DE9F0434FF6FF79D0F806
S214034FE0248004460E46C84514BF454600250027C0
S214034FF087B0E369BB4202D807B0BDE8F083E26B33
S2140350002368606CD2F814C000FB0530052201A9A2
S214035010E04701A800F099FB022806D0C8450CD14A
S214035020721C29462046FFF775FFE3690135B5FB79
S214035030F3F2013703FB1255DBE729462046FFF759
S2140350409BFFB0F1FF3F14BF024632460132E8E74A
S2140350500368F0B5CC1A436C0646B4FBF3F400259C
S21403506087B0F36937685A1E9542706C08D3706C24
S214035070336800FB043007B0BDE8F04000F095BB92
S2140350800134B4FBF3F203FB1244F36B05225B69B2
S21403509001A900FB0470984701A800F056FB00F036
S2140350A079FB0028E3D10135DBE710B423F00304D2
S2140350B022449B070A44436C18BF04325B4281EACE
S2140350C00204234203D05DF8044BFFF7C1BF10462A
S2140350D05DF8044B70472DE9F041D0E90A369E424D
S2140350E0044686B028D11422C369456802FB1355CB
S2140350F0284606B0BDE8F0812068676C331AB3FB18
S214035100F7F3E26B07FB0300D2F8148001A905222C
S214035110C04701A800F019FB012804D0636C1D44A6
S214035120013B3340ED1A31462046FFF791FF064612
S214035130A36AB342E0D1DBE70025F9E708B50830F8
S2140351401346D1E90012D4F703FC012008BD13B5BA
S2140351500C46002121760093616813462246D2F757
S214035160F1FF18B1E37D03B1A07EA075A07D02B068
S21403517010BD73B5164600F108050C4628460968A7
S2140351800DF1070200F098F9032E06D163688342F7
S21403519003D12846216800F076F9012002B070BDDD
S2140351A0D01E009B42424241187E824211D11A68A9
S2140351B08A420ED85A688A420BD35A6901325A6118
S2140351C0D3E9030282423FBF986840F822100132B7
S2140351D01A610120704710B5032A029C07D1A26A00
S2140351E05340626C5242134201D100F04CF9012045
S2140351F010BD08B5C36800209847BDE80840D4F73B
S21403520029BC012814BF0420022070B500244243A1
S2140352101C70CC7D101D02F002024CB91AB101229B
S21403522020F003001A7000F108034868184470BDA4
S2140352301AB1012220F003001A7000230C7E01F13C
S2140352402005DAB2A24201D30020F0E735F8332076
S2140352505E1C824206D901EBC30300F10802D8693B
S2140352601044E4E73346801AEBE773B5054690F837
S21403527042601C4630460DF10303FFF7C2FFEB6B9B
S214035280012E5B690DD1324601A998479DF803307C
S21403529013B1BDF806300193BDF80430236002B0A5
S2140352A070BD0122214602B0BDE870401847F0B534
S2140352B0054600244868EB6B87B00E4601225B69FF
S2140352C0029402A908309847274695F84230012BE6
S2140352D040F0AC80632C00F2AB80612C08D805ABA1
S2140352E0224631462846FFF7C0FF9DF814305BB3CD
S2140352F005AB2246314628468DF81070FFF7B5FFFA
S21403530095F84230012B059B7FD14FF6FF729342EF
S21403531056D0082205A904A800F063FA059B9DF859
S2140353201010C3F3072291424AD1DBB2029A1A4401
S214035330029245E0DCD005AB224631462846FFF70D
S21403534094FFBDF81430D2E795F84230012B39D1DB
S214035350612C2ED822463146284603ABFFF785FF3D
S2140353603146284604AB621CFFF77FFF31462846CA
S21403537005ABA21CFFF779FF102208230DEB0201F1
S2140353800DF107008DF8073000F02BFA102205A95F
S2140353900DF1070000F025FA039BDAB24AB99DF82F
S2140353A00720B2EB132F04D1DDE9043203EB0243EB
S2140353B0029395F84230012B14BF012302231C44A9
S2140353C0013482E7302CF4D822463146284603AB14
S2140353D0FFF74BFF3146284604AB621CFFF745FF39
S2140353E0102320220DEB03010DF107008DF8073083
S2140353F000F0F7F9039B9AB2002ADAD19DF807204A
S214035400B2EB134FD5D1049BD2E70133D8D0102289
S21403541005A90DEB020000F0E4F9059B9DF81010BA
S214035420C3F307429142CBD19BB27FE7312C81D99C
S214035430029807B0F0BD13B500240194049C0094B1
S214035440D3F75CFB02B010BD13B501240194049C92
S2140354500094D3F753FB02B010BD00234FF0FF3286
S21403546030B544689C4202D10023037230BD016804
S21403547001EBC30541F833206A600133F2E7C0E964
S2140354800012FFF7EABF0023F0B545689D4210D02F
S2140354900468DF0054F8332004EBC306B2F1FF3F81
S2140354A008D0C2F31302914204D14FF0FF33E35105
S2140354B07360F0BD0133E9E70023F0B545689D420C
S2140354C002D14FF0FF300EE00468DE0054F833409C
S2140354D0671C09D0C4F31307B94205D1240D147011
S2140354E0036833445868F0BD0133E8E7704770B586
S2140354F09400224605460E460AF00EFA431C0AD0CE
S21403550058B9224631462846E6F79AF9002814BFCA
S2140355103D20002070BD6E20FCE77120FAE713B52E
S214035520044601A8D5F714FB9DF8063023804FF4F4
S21403553080736380D5F71AFB6060002002B010BD4D
S214035540D5F78ABA08B5D5F77BFA002008BD10B59B
S214035550044644EA010313F00303084609D19342C1
S21403556001D1002010BD54F8231040F82310013356
S214035570F5E721469200E5F7A7FFF2E710B50446E4
S2140355800AF0CEF9431C10D088B9D5F7EFFA2346B4
S21403559020F003002044984201D1002010BD53F8A8
S2140355A0042B0132F7D03E20F8E76E20F6E7712091
S2140355B0F4E7704713B50023044601461B220DF19A
S2140355C007008DF8073000F00CF922689DF80730C5
S2140355D0B3EBD26F0CBF0120002002B010BD13B591
S2140355E000230446014620220DF107008DF80730FC
S2140355F000F0F7F80DF107001A22211D00F0F1F86C
S21403560062689DF80730B3EB926F0CBF0120002051
S21403561002B010BD0068431C5842584170470068EA
S21403562010F07E0F0CBFC0F3C16000207047006807
S214035630C0F3D3107047006800F07F0001288CBFCA
S214035640002001207047036813F07E0F14BF042068
S21403565008207047036813F07E0F03D1406820F0DC
S2140356607C40704713F078001CBF03F07F03D81FFD
S2140356707047006800F07F007047032809D00228AF
S21403568003D1C1F10201C8B2704700290CBF07203D
S2140356900020704737B5054601F10C044369694697
S2140356A0012220469847BDF8003001220193204688
S2140356B0AB6901A9984703B030BD37B501F10C04B7
S2140356C04369012269460546204698474FF6FF720E
S2140356D0009B99B291420DD16FF30F0343F4254318
S2140356E043F0A503019301222046AB6901A998471D
S2140356F003B030BD0020FBE737B5044600251B2268
S214035700011D0DF107008DF8075000F06AF8606878
S2140357109DF80720B2EBD06F03D120F0784003B09A
S21403572030BD0DF107001B2204F108018DF8075068
S21403573000F057F8A0689DF80730B3EBD06F01D19F
S214035740C043EAE74FF0FF30E9E74BF29A220368DB
S21403575010B5B2EB134F044613D19BB2012B13D1F2
S214035760FFF7CAFF01300CD04FF6FF72E068B2EBCA
S214035770104F4FEA104309D180B2C01A18BF012058
S21403578010BD2368013303D00420F9E70220F7E7AE
S2140357900320F5E701288CBF00200120704703385B
S2140357A001288CBF002001207047143070472DE974
S2140357B0F04105469846036908460E46174698473D
S2140357C0044638B943463A4631462846D4F7B2F932
S2140357D0044618B131462846FFF75CFF2046BDE86D
S2140357E0F0811F2A0B689EBF4FF0FF3191408B4319
S2140357F0590801F055315B1A03F033319B0803F067
S21403580033330B44017803EB13130A444FF001318F
S21403581003F00F334B43A2EB13620270704708B5D5
S21403582007F038FEBDE808400021D4F78DBA022100
S2140358300320D4F787BC704770477047704770B52E
S214035840054614460E4609F054FD2B685C4034406A
S2140358505C402C60BDE8704009F046BD10B50024DE
S21403586022B1032A0CD00360047110BD11F40002A8
S21403587018BF4FF07F4221F07F4313430C0EF2E72D
S21403588021F0FF03CCB2EEE730B5012400F58053D8
S21403589045685C60CB784A785B0443EA02230A785F
S2140358A013438A78120402F480321343C0F8983004
S2140358B0EB075CBF00F50050446030BD70B50126B1
S2140358C00C46054600F500535E600B78497803F0F6
S2140358D0070343EAC103E17843EA0123A1780901F8
S2140358E001F030010B430367C36AA17923F48B33BA
S2140358F023F4807343EA01432179090201F4E0614A
S2140359000B436179090301F480510B43C3621146CB
S214035910FFF7BAFF05F580535E60E37903B1EE60E7
S21403592070BD08B50A6FC96F02F00702FFF796FF4E
S21403593008BD13B5044601A8D5F70AF9042C04D804
S214035940DFE804F0061603101300002002B010BDB3
S21403595040F29C4040F2BA439DF80520012A08BF56
S2140359601846F3E740F6B830F0E74FF41660EDE775
S21403597040F2E240EAE74FF050234FF400321A6752
S21403598070474FF0B0435A6812B19A6A002AFAD1A8
S214035990704770B5054614460E4609F0AAFC2B68F8
S2140359A05C4034405C402C60BDE8704009F09CBC11
S2140359B00122417803788A4030214B4342F210019A
S2140359C003F1A04303F570335A50704721FA00F2EF
S2140359D0D20730B5034600F0FC040FD5002201328F
S2140359E0D2B2042A02D14FF0FF3008E0831803F046
S2140359F00303234421FA03F5ED07F0D4184630BD1C
S214035A000020704700207047002070470020704732
S214035A1001207047012070470F207047E6F72ABC25
S214035A20002307B5CDE90033012369464FF0FF3065
S214035A308DF8023004F0C8FB03B05DF804FB0020C9
S214035A40704710B508B9212010BD0029FBD00368A4
S214035A5013F0704205D1C3F30E030B607BB1002035
S214035A60F2E703F05044B4F1004F05D0B2F1304FE3
S214035A7002D0B2F1404FE6D103F07F03EDE743686F
S214035A80002BE0D00B60EAE737B50C46054610B9A5
S214035A90212003B030BD0029FAD0002301A90193C9
S214035AA0FFF7CFFF0028F4D12968019A11F070415F
S214035AB002F1030222F0030201D12260E9E7AD6896
S214035AC0B1F1004FC5F38033C5F3403504D103EB82
S214035AD0450353432360DCE7B1F1204F01D12B4448
S214035AE0F7E7B1F1304FFAD0B1F1404FF7D0CFE737
S214035AF037B50C460546002800F08780002900F0DD
S214035B00848000230B60036803F070430B60C26855
S214035B1022B1032A79D143F080630B60AB689A0104
S214035B2049D403F08073EA680AB9002B6DD1226862
S214035B3022F0407213432360EA68032A05D12A69D8
S214035B40F62A62D962F317432360AB681B0442BF8D
S214035B50236843F400432360EB68032B1FBF2368CB
S214035B602A6862F30E0323602B68AA68002B2ADBDD
S214035B7012F4C84F49D12B6803F0704303F1004376
S214035B80B3F1804F05D2530542BF236843F48063C5
S214035B9023600023284601A90193FFF752FF40B96B
S214035BA02B6813F070421FD12368019A62F30E0329
S214035BB0236003B030BD03F04073B3F1407F18BFDA
S214035BC04FF00073AFE7500402F4005105D4E1B17F
S214035BD0236843F400532360CDE7236843F48043EC
S214035BE023600029C7D0F3E703F05043B3F1004F17
S214035BF005D0B2F1304F02D0B2F1404F05D1019B30
S214035C005A1E236862F30603D2E72120D1E738B190
S214035C1031B101234B604FF0005300208B60704777
S214035C202120704737B50C46054608B9212016E0F3
S214035C300029FBD001234B60C368A3B901A90193D4
S214035C40FFF722FF58B9019B6A699A4209D32A696A
S214035C50002AEBD0226043F000530020A36003B079
S214035C6030BD1D20FBE7032BE0D10023F5E7436897
S214035C7013B9416070475B685A68012AFBD15960C3
S214035C807047FFF7DCBE08B5FFF7D9FE002814BF40
S214035C906FF09200002008BD1346428870B50732A5
S214035CA0072A0C464FEAD20101D0A14222D1466808
S214035CB00588202218460021E5F776FA360A0346B9
S214035CC0DEB9BCB141F20102954205D0B5F5885F55
S214035CD002D0B5F5905F02D100205C6070BDB5F5CB
S214035CE0105F0DD1182C03D0202C01D0102C01D11D
S214035CF01C60F1E76FF08600F0E76FF08B00EDE7CE
S214035D006FF08500EAE7F0B51C46436806461B0AB3
S214035D100F46154689B035D122462946FFF7BCFF04
S214035D2068B9EB1C23F00303C4E90307636145B9B1
S214035D30202200212046E5F737FA6FF0860009B0E7
S214035D40F0BD014620226846E5F72EFA6A46294644
S214035D503046FFF7A1FF0028EAD12368009A9A424B
S214035D60E6D16368019A9A42E2D1A368029A9A42FC
S214035D70DED1A369069A9A42DAD1E369079A9A4270
S214035D80DDD0D5E76FF08B00D9E7D5F729BAD5F77D
S214035D9043BB70470020704700207047C368194410
S214035DA0836853F8210030F8023B136070470123E1
S214035DB010B580F888300378044653B100F061FAD2
S214035DC021462046D5F71AFC2046BDE8104000F0D1
S214035DD04DBA10BD38B50D460446D5F7F7FB6B68CC
S214035DE02046C4F8B032A96800F096F94FF0FF33A6
S214035DF02046C4F8B432FFF7CDFF38BDD0F8B4322E
S214035E0010B50133044601D0002010BD00F0BCFAE3
S214035E10C4F8B4020130F7D194F8B80280F0010058
S214035E20F3E708B5D5F70EFC08BD0A7801382D2A26
S214035E300ABF012200228918D5F760BC07281BD8A1
S214035E40DFE800F0060A0D1013150417012070474B
S214035E5000220820D5F752BC00221020FAE70022C1
S214035E602020F7E70820FFF7E0BF1020FBE72020FD
S214035E70F9E70846D5F7A4BC002070472DE9F74399
S214035E8007280C46DDE90A7690461D4608D80138F1
S214035E9006280AD8DFE800F01D27303A44574A00A0
S214035EA0212850D003B0BDE8F083002220461146D7
S214035EB0E5F746F93368C0B205EB83013A6845F85F
S214035EC02300013348F8221033603B6801333B60FC
S214035ED0E8E7002220461146E5F732F9336880B238
S214035EE005EB8301EAE7002220461146E5F728F989
S214035EF0336805EB8301E1E7002220461146E5F708
S214035F00CDFA336840B205EB8301D7E7002220467B
S214035F101146E5F7C3FA336800B205EB8301CDE714
S214035F20002220461146E5F7B9FAE1E70023894641
S214035F301E461D468DF8063019F8013F7D2B06D107
S214035F4025702D0A65703B6848F82340BDE7202B73
S214035F50F2D006F00102013612B98DF80430EBE7F1
S214035F601022002101A88DF80530E5F797FA63198A
S214035F7001359870ADB2DFE72DE9F04F9B4600235D
S214035F8085B08B45814688469246CDE902336BDC65
S214035F901A461E4619F80340212C09D81F2C04D88C
S214035FA0103C072C98BF012200E001260133F1E7DD
S214035FB0FF2CFBD15B4436B1013B43450ADD2B2066
S214035FC005B0BDE8F08F62B1013B4345F7DC3546CB
S214035FD0374602E000252F462E46454504DB0020C3
S214035FE0EEE79845F3D0EAE75D453BDB19F8073063
S214035FF0202B18D109EB07035B78FF2BDFD1CEB933
S21403600020465AF82510FFF719FF78B303AB019320
S21403601002AB00932046DDE90E235AF82510FFF75E
S2140360202DFF0135D9E7212B0ED109EB07035B784A
S214036030FF2BC4D1029B5AF825200E99012641F85E
S214036040232001330293ECE7A3F11004072C02D9B3
S2140360501C460137D3E709EB07035B78FF2BAED16A
S214036060E4B2CCE70624CAE72120A9E72620A7E75F
S2140360702DE9F04F07460E4615469846044685B06A
S214036080DDF84490DDE90FAB206808B3DAF80020AA
S214036090D8F800108A421BDA0E9B53F82210D1F769
S2140360A02FFE48BBDAF800200132CAF800206268E7
S2140360B0117BFE291BD10E9B1068012100932A46F3
S2140360C04346CDE902B9CDF804A0FFF7D1FF044655
S2140360D02B7843B999F800302BB97EB101233C469F
S2140360E089F800302B70204605B0BDE8F08F0123F9
S2140360F08BF800302B70EBE70C34C5E73446F2E739
S21403610010B50446236803B910BD237A13B9204695
S214036110D5F78CFB0C34F5E710B541B10A7932B9E3
S21403612001249C300C71FEF73DFE204610BD002076
S214036130FCE72DE9F041BAB005460AAA084603A9CA
S21403614000F05FF90446B0B90DF10A0301930DF1AF
S2140361500B038DF80A0000930AAA284604AB03A98A
S214036160D5F714FD9DF80A20B2B19DF80B2048B16F
S2140361702AB1D5F75BFB20463AB0BDE8F081FFF7BE
S214036180BFFFF8E7D5F89C50002DF4D0A86808B1F7
S214036190FFF7B6FF2D68F7E700B346681AAB06F1BC
S2140361A00C082AAF01934046049B039900970AAA5A
S2140361B0FFF7E2FE04460028DDD1039B05A8CDE9E0
S2140361C00637049B0595CDE90838D6F7A7FF05A83B
S2140361D03368984705A800F03FFDCCE72D24CAE7AF
S2140361E010B50446AC30E4F7DBFE04F1AB031A1833
S2140361F00020934200D110BD13F8011F0029FAD0E6
S2140362000A2908BF0130F4E70023F0B50B601360DA
S2140362100646D0F8AC0278B196F8AC0060B101241B
S21403622006F1AC07D6F8AC02844210D306F1AC00F4
S214036230B3F5007F10D30120F0BD0D6801350D6066
S214036240156801351560F85C01330A2802D0B3F5EA
S214036250007FF2D30134E5E7C15C0A29EBD00029BD
S214036260E9D01168013301311160E1E710B500216F
S214036270D0F88C200446E4F797FF0023C4E92433C0
S21403628010BD73B5044600F1AC0580212046FEF729
S2140362909EFD4FF4007106462846FEF798FD01362C
S2140362A0C0F50070864220461FD8E4F779FE0646FE
S2140362B02846E4F775FE01362946421CA819E4F77A
S2140362C0C5FF2046E4F76CFE214602462846E5F75E
S2140362D0FBF82046E4F764FE0A23204480F8AC303B
S2140362E00023C4F8AC3202B070BDFFF779FF01AAF1
S2140362F0C4F8AC0269462046FFF786FF0022009BDF
S214036300234483F8AC20C0E773B50D460446FFF775
S21403631067FF6B1C19D1D4F8AC3213B1013BC4F838
S214036320AC3200252046E4F73BFEA84215D82046AB
S214036330FFF79CFFD4F8AC322BB16946204601AA7E
S214036340FFF762FFA0B902B070BD012DFBD1D4F8F0
S214036350AC328342F7D20133E1E7082000F023F89A
S214036360202000F020F8082000F01DF80135D9E7BA
S214036370009D04F1AC06019BAB42E4D9715D204657
S214036380D5F732FD0135F6E707B500200DF1070115
S21403639000F0E7F820B99DF8070003B05DF804FBAA
S2140363A04FF0FF30F9E710B5C1B20446002000F005
S2140363B0C8F800280CBF20464FF0FF3010BD0FB4BE
S2140363C007B504AA52F8041B00200192D5F7A8FECD
S2140363D0002003B05DF804EB04B0704710B54C1C06
S2140363E00B460119045D222C03D07B2C01D05C2CB8
S2140363F005D1D21A1844E4F729FF012010BD002066
S214036400FCE72DE9F047054691468846E4F7C8FDC4
S2140364102A4606461346197801322029FAD0C9F8C7
S21403642000305C1B01236FF0404AC8F80030A642D8
S21403643001D8002014E02F5D29197B2F12D0222FBC
S2140364402ED1D8F80030621C53442A4449F823203E
S214036450012C09D911F8013C13F0DF0F04D02120D9
S214036460BDE8F0877D27F3E701342B5DBB4209D1F6
S2140364702B195B7813F0DF03F1D1222F00D12B55B4
S2140364800134D4E75C2B07D1324621462846FFF772
S214036490A5FF0028E3D0013E0134A642E5D8DEE797
S2140364A05C2F08D1324621462846FFF797FF00287F
S2140364B0D5D0013EE4E7202FE2D10022631CB3428D
S2140364C00A70DDD2EA18EB5C202BD9D0D8F800305E
S2140364D00F2B05DC49F823200133C8F80030CFE73B
S2140364E01E20BDE700F000B800207047D1F7F6BBCA
S2140364F070B50C46154610B9D5F706FE38B1436895
S2140365002BB12A462146BDE8704000681847232071
S21403651070BDF7B50D4616461C4638B9D5F7F4FDDB
S21403652004B901AC20B9232003B0F0BD03B901AC14
S214036530C768002FF7D02346324629460068B84777
S214036540F2E707B501228DF807100DF10701FFF7F3
S214036550CFFF03B05DF804FB0B4601461846FFF772
S214036560F0BF00230122FFF7D4BF08B508F0BCFF35
S214036570FA23B0FBF3F080B208BD0420704740F264
S2140365800160D5F7B7BE70470120704700207047FB
S21403659049BA89B280EA0103C3F3031253401803CE
S2140365A080B258405B0103F4FF535840704708B568
S2140365B0D6F76CFA58B1A0F15903042B06D8042B6E
S2140365C004D8DFE803F00404040304005C2008BDD9
S2140365D0D6F7B4BB7047F8B50C468D18073552424C
S2140365E01540A5F108070646384600F0DFF9A188EE
S2140365F0381B628801EBE00189B2A2EBE00225F8C2
S214036600041C25F8062CA288C310AAB1A4EBC20268
S214036610B2F802C0D18003EB0C015180E28892B13C
S214036620D31A9BB204EBC20425F8023CA380B368DA
S2140366300344B3603846F8BD15F8082C42F002024E
S21403664005F8082CEAE725F8022CF0E72DE9F04FC9
S2140366504FF0000887B09946531C109B0546174613
S21403666014BF14460824CDF81480002B00F0C58010
S214036670C3F80080002900F0C28042688A4240F2D4
S214036680BE80073121F0070608F040FE05AACDE9D3
S214036690008282463A464B463146284600F08AF93F
S2140366A0059F834607B130B9504608F02AFE1920E5
S2140366B007B0BDE8F08FB7F8028029694FEAC80231
S2140366C0C0EBC8080139B8F1270F29617AD9B9F1A7
S2140366D0000F51D1864206F1080848D022463946B3
S2140366E02846FFF778FF04460590059B98444046E6
S2140366F000F05CF9059906F10F004A88C308A2EB7F
S214036700D002A8F80220CA88A8F80430002A30D09D
S214036710D31A9BB201EBC202A8F8063093808B888B
S214036720F608A380B8F804303A46E38041460023CF
S2140367302846668000F0A6F9AB680833AB6023787A
S21403674043F0010323702B6901332B616288AB6826
S214036750504603EBC203EA68AB60934288BFEB6024
S21403676008F0CFFD109B083400201C60A0E73C46D1
S214036770BBE7A8F80620D2E707EB080420460392F7
S21403678000F014F90BF10703DB080599638008F1A1
S2140367900703DB08A380CB8893B1DB00039AD81DDD
S2140367A0821A5A44C2F3CF020B44E2809A80A3882B
S2140367B008F1FF384FEAD808A1F80280CB80BBE780
S2140367C0E380F4E7B9F1010F1BD107F10803B3FB2C
S2140367D0F4F204FB1233B3B1224639462846FFF7D8
S2140367E0FAFE044623783A4643F001032370214613
S2140367F00123284600F046F9A8E7222058E721207F
S21403680056E78642E8D13C46ECE707B500224FF050
S214036810FF3101AB0192D5F7F1FE019803B05DF8A5
S21403682004FB2DE9F74F04460D46002900F0AB8024
S214036830D0E9056808F06AFD15F8087C35F8061CEB
S214036840FB07009000D531B9009808F05AFD0120E7
S21403685003B0BDE8F08FA368D4F8109035F804ECC5
S214036860A3EBC10B09F10103A5F1080C4A1CC4F8FC
S21403687008B02361BEF1000F7BD0ACEBCE03D88803
S214036880B3F802A00190187807F00207C00765D492
S214036890002F64D10198A0EB0A07012F69D18A1C47
S2140368A0ABF108075244C4F81090A76035F802EC21
S2140368B0BEF1000F61D0D4E900700CEBCE0A07EBF3
S2140368C00009CA4559D21CF83EC057461CF0010CB5
S2140368D015D1AEEB0101012911D1BAF80210AAF8BD
S2140368E002C001310A44BAF80610002943D00AEB65
S2140368F0C107216901392161A1680839A16015F82A
S214036900081C013A21F0010105F8081C002125F8AE
S214036910061C5A801A7861F300021A707FB3C3F11B
S21403692007023A44C2F3CF02DA80BA804EB3B342C8
S21403693027D37288002A08BF1E46B8F1000F06D078
S214036940434504D8B8F80220002A18BF43460098E7
S214036950C4E9056308F0D5FC002079E74FB115F8C4
S214036960087C724427F0020705F8087C00279F80FE
S2140369709CE763469AE70F46BBE70027BFE7DF803F
S214036980D4E71E46D9E7222062E710B50446D5F7BA
S2140369904DFE2146BDE81040FFF743BFFFF7F5BFA6
S2140369A00846FFF732BF0846FFF7F8BF0023036029
S2140369B043607047F0B5D0E90554561C08BF08225B
S2140369C0002B4FF0000008BF2C46DDF818C0CCF8AB
S2140369D00000002C37D09DF814706588FF0007EB85
S2140369E0C505C2F1000E2078C00708D51BBBE0889A
S2140369F0A0B104EBC004658807EBC505F3E78D4239
S214036A00F4D363B904F10806B6FBF2F002FB106692
S214036A1070180EB1A842EAD8CCF80040F0BD082A98
S214036A200FD06088013004EBC000461A06EA0E0653
S214036A30801B8542F0D2A0880028EFD0A4EBC004C8
S214036A40D9E70846E8E72046E8E703460069C0B109
S214036A500AB951B91A6810460378DB0711D531B95C
S214036A60C3885BB100EBC300F6E79A69F3E7012935
S214036A7004D1838823B1A0EBC300EDE70020704761
S214036A80184670472DE9F041D0E905540746884675
S214036A901646ABB1954200D00ABB424600213846A3
S214036AA0FFF7D3FFB442054600D02EB94246012174
S214036AB03846FFF7CAFF0446C7E90554BDE8F08128
S214036AC0954208D08D4228BF0D46B44205D04445B2
S214036AD038BF4446F0E70D46F7E74446ECE79442F2
S214036AE0EAD1E3E770B500261C46C3E90001C3E913
S214036AF00266C3E905001E611A775E62FFF756FF5A
S214036B0023690139C908013341802361A3683046EC
S214036B100833A360E3680833E36070BD002307B55A
S214036B20684600938DF80430D3F7FCFC03B05DF899
S214036B3004FB10B508F0DDFB044606F03DFD2046D9
S214036B40BDE8104008F0D0BB70474FF4C870D5F7C7
S214036B50CDBDD5F77FBE00F01CB87047704708B5AB
S214036B6003F07BF903F083F903F08AF903F099F94C
S214036B70BDE8084003F0A8B9704708B503F068F904
S214036B8003F067F903F066F903F066F9FFF7F4FF1D
S214036B9008BD08B503F099F903F098F903F098F9DE
S214036BA0BDE8084003F09BB97047012070472DE904
S214036BB0F34112F001050446884622D110F003057E
S214036BC025D12F465208BA4209D1D3F739FF0026FA
S214036BD0B74204EB860008D1D3F73EFF11E054F822
S214036BE0273001330CD10137EDE7042258F826305D
S214036BF00DEB0201019308F08FFE30B1D3F72CFFA3
S214036C003D25284602B0BDE8F0810136E0E70125C0
S214036C10F7E77047B0F1006F0FD300F07843B3F196
S214036C20006F0CD000F06040B0F1404F09D0B0F1D7
S214036C30604F14BF042003207047002070470120D4
S214036C40704702207047002070471AB111B180B216
S214036C50D6F774B82120704701F094BEDEF724BF40
S214036C60FFF78DBCD0E9023253F8223000211878A2
S214036C70DEF76CBB704702F0D5B901F015BEC368EA
S214036C808268013BDBB252F823305B78652B02D176
S214036C900020E0F7ABBE6E2B01D10120F9E7662B8F
S214036CA001D10220F5E7704710B5D0E90232044659
S214036CB053F82230187802F09FFAE368A26801338B
S214036CC052F82330BDE81040187802F093BA10B596
S214036CD00446C0B2D7F700FA200ABDE81040D7F73B
S214036CE0FBB9D0E9023253F822301878D7F7FCBA4A
S214036CF002F032BADFF778BB08B501F0F6FEBDE85E
S214036D000840E0F761BDD0E9023253F82230186834
S214036D1001F0E9BE0020E0F75DBE0120E0F75ABEB1
S214036D200221D7F777BA0321D7F774BA0521D7F725
S214036D3071BA08B501460C20D7F748FABDE80840F3
S214036D40D7F7D6B908B501460020D7F73FFABDE80E
S214036D500840D7F7CDB907B5C2688368043253F83D
S214036D60223001211B880DF10602ADF80630002300
S214036D70D7F7D4FF03B05DF804FB08B508F0C8FBEB
S214036D80BDE80840EDF73AB910B51446D8F7E2FA6D
S214036D902146BDE8104008F0B3B808B5D8F7DAFACC
S214036DA0BDE80840002108F0ABB808B5D8F7D2FA1A
S214036DB0BDE80840ECF738BC08B5D8F7CBFABDE811
S214036DC00840ECF71DBC7047704708B508F0A0FBF9
S214036DD0FFF7FAFF03F0DDF8BDE80840D8F706BB77
S214036DE07047012070470120704708B5D8F79AFB13
S214036DF000280CBF0420012008BD70472DE9F3418D
S214036E0004460D4616461F46DDF8208008F018FC9B
S214036E103B46324629462046CDF8008003F0BAF8B2
S214036E203B46324629462046CDF80080FFF7E5FF6D
S214036E3002B0BDE8F04101F0A5BD2DE9FF470446C9
S214036E400D4616461F46BDF830809DF83490DDF893
S214036E5038A008F0F5FB3B46324629462046CDE9E6
S214036E60019ACDF8008001F040F804B0BDE8F04781
S214036E7001F088BDF8B504460D4616461F4608F0D1
S214036E80DFFB3B46324629462046DDF799FF04469C
S214036E9001F078FD2046F8BD70472DE9F34104461E
S214036EA00D4616461F46BDF8208008F0C9FB3B4634
S214036EB0324629462046CDF8008003F06EF8334666
S214036EC04246294620460097FFF7E6FF02B0BDE894
S214036ED0F04101F057BD704708B508F0B1FB03F069
S214036EE05DF8FFF7F8FFBDE8084001F04BBD012051
S214036EF070472DE9F74304460D4616461F469DF890
S214036F00289008F09DFB3B46324629462046CDF89E
S214036F100090FFF7ECFF80463B4632462946204664
S214036F20CDF8009003F03BF801F02CFD404603B08B
S214036F30BDE8F083012070472DE9F74304460D466C
S214036F4016461F469DF8289008F07AFB3B463246C5
S214036F5029462046CDF80090FFF7ECFF80463B46D7
S214036F60324629462046CDF8009003F019F801F082
S214036F7009FD404603B0BDE8F083F8B504460D4668
S214036F8016461F4608F05CFB3B463246294620461B
S214036F9003F007F8BDE8F84001F0F4BC00207047A2
S214036FA0F8B504460D46164608F04AFB324629460F
S214036FB02046FFF7F3FF074632462946204602F0EF
S214036FC0F1FF01F0DFFC3846F8BD38B504460D4640
S214036FD008F036FB2946204602F0E5FFBDE83840B8
S214036FE001F0D0BC10B5044608F02AFB204602F098
S214036FF0DBFF2046FDF717FCBDE8104001F0C2BCDE
S214037000704738B504460D4608F01AFB2946204655
S21403701002F0D9FF29462046FFF7F2FFBDE83840C5
S21403702001F0B0BC704770B504460D46164608F02E
S21403703007FB32462946204602F0C7FF324629465A
S2140370402046FFF7EFFFBDE8704001F09BBC70479A
S21403705038B504460D4608F0F3FA2946204602F0F2
S214037060B6FF29462046FFF7F2FFBDE8384001F099
S21403707089BC70472DE9F34104460D4616461F4664
S2140370809DF8208008F0DCFA3B4632462946204627
S214037090CDF8008002F09DFF3B4632462946204647
S2140370A0CDF80080FFF7E5FF02B0BDE8F04101F040
S2140370B069BC704738B5054608F0C2FA284600F0A2
S2140370C0E1FE04460146284601F0AAFF01F05AFCF9
S2140370D0204638BD38B504460D4602F07BFF2946E8
S2140370E02046FFF7E6FF38BD704738B5054608F07B
S2140370F0A7FA2846DEF784FC04460146284601F034
S2140371008DFF01F03FFC204638BD38B504460D46DA
S21403711002F061FF29462046FFF7E6FF38BD7047B9
S21403712010B5044608F08CFA204602F055FF2046B8
S214037130FFF7F5FFBDE8104001F024BC704738B5F3
S21403714004460D4608F07CFA2946204602F045FF21
S21403715029462046FFF7F2FFBDE8384001F012BC8F
S214037160704770B504460D46164608F069FA32466F
S2140371702946204602F032FF324629462046FFF7CC
S214037180EFFFBDE8704001F0FDBB704738B504461D
S2140371900D4608F055FA2946204602F020FF2946F8
S2140371A02046FFF7F2FFBDE8384001F0EBBB70471F
S2140371B038B504460D4608F043FA2946204602F041
S2140371C00FFF29462046FFF7F2FFBDE8384001F0DF
S2140371D0D9BB704710B5044608F032FA204602F0D1
S2140371E000FF2046FFF7F5FFBDE8104001F0CABBDD
S2140371F0704710B5044608F023FA204602F0F2FE64
S2140372002046FFF7F5FFBDE8104001F0BBBB704713
S214037210704770B504460D46164608F011FA324616
S2140372202946204602F0E1FE324629462046FFF76D
S214037230EFFFBDE8704001F0A5BB704710B50446EC
S21403724008F0FEF9204602F0D1FE2046FFF7F5FFD0
S214037250BDE8104001F096BB704738B504460D46AE
S21403726008F0EEF92946204602F0C1FE29462046DC
S214037270FFF7F2FFBDE8384001F084BB7047F8B56E
S21403728004460D4616461F4608F0DAF93B463246D4
S2140372902946204602F0ADFE3B46324629462046A6
S2140372A0FFF7ECFFBDE8F84001F06CBB704770B524
S2140372B004460D46164608F0C3F9324629462046CC
S2140372C002F098FE324629462046FFF7EFFFBDE858
S2140372D0704001F057BB70472DE9F34104460D4655
S2140372E016461F46DDF8208008F0AAF93B463246CC
S2140372F029462046CDF8008002F07DFE3B46324606
S21403730029462046CDF80080FFF7E5FF02B0BDE82A
S214037310F04101F037BB0E2070470E20704738B59A
S214037320044608F08DF92046FFF7F7FF054620468A
S21403733002F062FE2046FFF7EEFF01F023FB28462D
S21403734038BD704710B5044608F07AF9204602F0B7
S21403735054FE2046FFF7F5FFBDE8104001F012BBD0
S214037360002070470020704738B5044608F068F9D7
S2140373702046FFF7F7FF0546204602F03FFE20466D
S214037380FFF7EEFF01F0FEFA284638BD704708B552
S21403739008F056F902F033FEFFF7F8FFBDE80840A1
S2140373A001F0F0BA002070477047704708B5D8F769
S2140373B08BF900280CBF0420012008BD70470B681A
S2140373C0DA7B1AB9DB7C0BB9D8F7A2B981207047F0
S2140373D008B5D8F7B5F9BDE80840D8F7BFB9704780
S2140373E0D8F7AEB9D8F7BAB9082808D84FF48B73CC
S2140373F0C34013F0010F0CBF21200020704721204B
S21403740070470121D8F79CBA0221D8F799BA04210C
S214037410D8F796BA0821D8F793BA1021D8F790BAB6
S21403742001207047D0E9023253F822301878D8F793
S21403743033BC0868C37B1BB9C37C0BB9D8F75CBCE9
S21403744081207047D0E9023253F822301878D8F7F3
S21403745095BC704730B50546044615F8100B85B045
S214037460029565691D44CDE900250B46A21D61887A
S21403747001F036FE05B030BD704710B492F80A41ED
S21403748092F8053103EB04230B8100235DF8044BCC
S2140374901A4601F023BE1FB50446084671B121788B
S2140374A0FF290BD0238B029363690193237C0093FC
S2140374B06288A31DDEF7C0FAFF23237004B010BD55
S2140374C00868C37B73B9C37C032B0BD8DFE803F0D0
S2140374D002080406D8F752BFD8F782BFD8F7B2BF60
S2140374E0D8F760BF81207047704770470020704709
S2140374F0137810B5032B0CD15479CBB29C4208D128
S2140375009379B3EB112F04D153781B1A5842584181
S21403751010BD0020FCE77FB505460E4600246946ED
S214037520E0B201F083FD28B96A4631462846FFF7E4
S214037530DFFF18B90134202CF1D1002004B070BD50
S214037540FFF7E9BF0868C37B9BB9C37C052B10D83C
S214037550DFE803F0030D070B0905D9F717B8D9F7CA
S21403756053BAD9F7ADB8D9F7FFB9D9F77DB9D9F773
S2140375704FB8812070470020704730B5102587B07C
S21403758001AA00210195FEF709FC04462A460021BC
S21403759002A8E3F709FE2A46214602A8E3F756FEA9
S2140375A0012102A8D9F70EFC07B030BDD9F79CBB62
S2140375B07047FFF7FDBF0B68DA7B5AB9DB7C012BFC
S2140375C004D0022B04D02BB9DAF720B8DAF72AB89E
S2140375D0DAF734B881207047002307B5012101A8E4
S2140375E00193D0F7D3F908B9D0F70CF8012003B00C
S2140375F05DF804FB08B502F06EFA052803D00038E0
S21403760018BF012008BD0220FCE77047D0E902320C
S21403761053F822301878003818BF0120DBF78EBBEA
S214037620DBF792BB00207047002070477047FF20AF
S2140376307047FF20704700207047002070470020E7
S2140376407047704706207047DAF736BE0868DBF7E0
S2140376500FBB70B50D46044600212846164601F0BA
S21403766076F9324620800221284601F070F9324628
S21403767060800421284601F067F90023A360E360D5
S2140376806060082070BD034641B181424FF064003C
S21403769005D94343B3FBF1F0C0B2704708467047C1
S2140376A0DBF760BBDCF756B9DCF75EBAB0F5807F74
S2140376B005D0A0F500735842584140017047082092
S2140376C0704730B599B00D4669461446DCF7B0F9F5
S2140376D030B915B1BDF802302B600CB10D9B236099
S2140376E019B030BD2DE9F04788B00E46904604A980
S2140376F005AA07461D46FFF7E4FF044638BB288065
S2140377000DF10C09DDE904A39A4520D20622514661
S2140377103846CDF8009006ABDCF7A6F9D8B9039B3C
S214037720062B18D12A88DDF81A3042450ED2BDF84A
S214037730181026F832102A8806EBC20253602A88ED
S2140377405344013206332A800493DBE7F7D92046F5
S21403775008B0BDE8F0870124F9E72DE9F0438FB0C0
S2140377600F46904601A9002204469946FFF7A9FF53
S21403777018B101200FB0BDE8F083062220460DF1B4
S214037780020302A9FFF7AEFF0028F2D10546024620
S214037790BDF80210019CEEB28E42EAD20EAB03EBAA
S2140377A0C60656F82C3C36F8306C0634BE4217BF75
S2140377B0E418012213460022013522B1C8F800401E
S2140377C0C9F80030D6E71A46E5E770B50024012667
S2140377D002F05BF9E5B2C26806FA05F59542234660
S2140377E004F10104F4D3D8B270BD70B586B0DBF7EC
S2140377F06DFF00F11006E1F761FB00240546142235
S21403780001A9301902F048F91CB99DF80430FF2B82
S21403781016D0002303F118026A4412F8142CFF2A28
S21403782006D11C44601E90FBF5F080B206B070BD16
S2140378302B44DBB2132BEDD91434B4F5826FDED1AF
S2140378404FF0FF30F2E7DBF777BD07B504220DEB09
S214037850020102F021F9019803B05DF804FB37B585
S214037860054608460C46FFF7F0FFA84206D004225A
S21403787020460DEB02010195E1F772FB03B030BD24
S21403788007B50B460092002102460120DBF7E6FD12
S21403789003B05DF804FB08B50121DBF717FDBDE86F
S2140378A00840E1F709BDDCF755B808B5FFF7F3FF65
S2140378B0002008BD08B513460A4601461846DBF7FE
S2140378C061FE80F00100C0B208BD0020704770471B
S2140378D008B1DCF75FB9704730B4DDE902451DB186
S2140378E0029430BC00F0C6B930BC70471F2804D8D9
S2140378F0142200F5A030D5F7EBBA70471F2804D83A
S214037900142200F5A030D5F70FBB7047152808B52D
S21403791005D1FFF7DCFFBDE80840DCF781BA08BDF8
S21403792010B5142486B02246002101A8E3F73CFCD8
S2140379302023224601A94FF4A03001F095FC06B09F
S21403794010BD0020704713B500230C461A460146A7
S214037950CDE90033E0B2DDF727F802B010BD13B56A
S21403796000231446019001220093E0B2DDF71CF8D1
S21403797002B010BDD0E9023253F822301868DDF7A2
S2140379808BB9194491420ADC4218002003B97047A8
S21403799012F8011D013B01EB0020DBB2F6E70020E5
S2140379A070472DE9F04F4FF0000A85B001938146EA
S2140379B00F4615465346019A11785FFA8AF29142AA
S2140379C003D8002005B0BDE8F08F019909EB050840
S2140379D001EB4202517892F802B011F04004009194
S2140379E001F03F061BD0AC19BC42D4BF00240124CF
S2140379F033466400A20740F18880009B1B0640F1D3
S214037A0092800E9B324603EB0B000021E3F7CCFB80
S214037A103D4600231D44ADB20AF1010ACBE7042E0E
S214037A2007D866B1B31E022B0BD8DFE803F012218A
S214037A3030003E2E37D03F2E5BD03D2E4BD003205A
S214037A40C0E7BD4234BF0024012401266400334648
S214037A50D0E7AB1CBB4250DC02233A4629464846D5
S214037A60FFF78FFFADF80A0002230DF10A08C1E7FE
S214037A70EB1CBB4243DC03233A4629464846FFF742
S214037A8080FF0390042603230DF10C08B2E72B1D99
S214037A90BB4236DC04233A4629464846FFF771FFC5
S214037AA003900423F0E77A1E95422CDA02233A4623
S214037AB029464846FFF765FF4FF6FF7380B29842A4
S214037AC00EBF0223023083B25C19A742B4BF03245D
S214037AD0012404268EE7BD4215D298F80030FF2B0A
S214037AE00CBF01230133EC18BC42CCBF0324012492
S214037AF0EFE70124042600237CE73446B4E7022498
S214037B00C0E70224CDE70324E3E70E9A02EB0B005B
S214037B1014B142F80B807DE7324641460093E3F703
S214037B20D3FC009B76E702204CE710B5144686B0DC
S214037B3018811A460A9B0291CDE903430123019358
S214037B40099B014600930320BDF82030DDF7C2F9F8
S214037B5006B010BD1FB500240294079C0194BDF81F
S214037B6018400094FFF7E1FF04B010BD2DE9F04183
S214037B700E461746054686B098B391B38AB34FF0C0
S214037B80000802A95FFA88F001F050FA044640B9EB
S214037B909DF80830032B08D008F10108B8F1200F30
S214037BA0EFD1204606B0BDE8F0819DF809202B7979
S214037BB09A42F1D1BDF80A206B889A42ECD19DF81F
S214037BC00C30BDF80D006B7128812B4622464FF60C
S214037BD0FF71CDE90067FFF7BDFF0028DCD0044640
S214037BE0DFE72124DDE710B586B00A9C04949DF8F0
S214037BF024400394BDF8204002940124CDE90034C8
S214037C0013460A4601460620DDF764F906B010BDA2
S214037C101FB504460846194600230094CDE9012300
S214037C20079BBDF81820FFF7DEFF04B010BDF0B5C4
S214037C30022805460E4614461F468BB00AD106A9EF
S214037C40F0B201F0F3F998B99DF8193023719DF855
S214037C501C306371119B224604930023CDE9023343
S214037C600193109B3146009328463B46DDF732F9D5
S214037C700BB0F0BD13B500240194049C0094FFF7E9
S214037C80D6FF02B010BD2DE9F045064688461446D9
S214037C909A46002701258BB006A9F8B201F0C6F96B
S214037CA020BB9DF81830012B19D19DF81920337984
S214037CB09A4214D1BDF81A2073889A420FD19DF8C0
S214037CC01C3032467371B9B2CDE9030ACDE901001F
S214037CD0434602200094DDF7FDF8054610B9013748
S214037CE0202FD9D128460BB0BDE8F0850546F9E725
S214037CF00023FFF7C8BF10B50446DDF7C9FE002111
S214037D00631E04F10F0213F8010FFF2808BF197052
S214037D109342F8D10023237410BD0020704770B53A
S214037D2006461D46DDF728FD044608B9212070BD2A
S214037D303046DDF7EFFF0028F8D0A0682A46FF217B
S214037D40FFF722F89DF81030002063719DF8143079
S214037D50A371ECE713B59DF81040CDE90034134644
S214037D600122FFF7DCFF02B010BD08B5DDF704FD06
S214037D7028B18068FF21FFF718F8002008BD2120EE
S214037D80FCE70122FFF7F1BF1FB50B466A46014623
S214037D90184601F041F96A460823002032F8021B10
S214037DA0013B13F0FF0380EA0100F7D1012838BF37
S214037DB0012080B205B05DF804FB2DE9F04F87B0D3
S214037DC0DDE9109B05468846484619461F46144675
S214037DD0BDF848609DF84CA0FFF7D6FF042D034678
S214037DE0ABF800001AD8022D1DD9042D07D04FF288
S214037DF0F222A188914222D1E28891071FD5E17A27
S214037E000022CDE9013720463346CDE90392CDF86B
S214037E1000A001F056F907B0BDE8F08F6A1F012AEB
S214037E2011D92120F7E700224146CDE911922846D1
S214037E302246109707B0BDE8F04F01F051B94FF650
S214037E40FF760C21DCE7052D0ED10023E17A002214
S214037E50CDE90137CDE903920091234652464146C8
S214037E60304601F021F9D6E74FF2F222A18891427B
S214037E7004D1E288920701D5E17AE8E74FF6FF7668
S214037E800C21E4E7F0B585B00546DDF735F948B1D2
S214037E906B88B3F5006F05D1681D05B0BDE8F040EB
S214037EA000F0EFBC284600F003FD0446C8B9E7B26D
S214037EB06946384601F0BAF878B99DF8006066B9A5
S214037EC02946384601F0B6F820B140F604439842F6
S214037ED007D08C26304605B0F0BD0134202CE6D101
S214037EE0F7E78D26F6E7DDF7EDBA2DE9FF470446FB
S214037EF00D460146184617461E46BDF830809DF8C7
S214037F003490DDF838A0D8F779F8D0B9214628465A
S214037F1001F036F933463A4629462046CDE9019A1A
S214037F20CDF80080DDF772FB33463A4629462046F5
S214037F30CDE90D9ACDF8308004B0BDE8F04702F0E5
S214037F402BB804B0BDE8F087DDF70ABDDDF7C2BC89
S214037F50DDF7E6BC10B5044601F01EF9082201461B
S214037F602046BDE81040E3F771B901F017B90021C8
S214037F7001F014B901F026B900207047202070479D
S214037F80EAF7FCBFEBF746B8EDF7E8BC7047DDF75A
S214037F9033BE70B506460C46154600F04CF850B195
S214037FA03CB135B1204600F0D8FC013080B2A8427F
S214037FB000D9002070BD304600F043F840B1002CD5
S214037FC0F7D0012DF5D9204600F0CCFC0230EDE7C2
S214037FD03046DDF771FDEAE7F8B5BDF8185010B383
S214037FE0967855B9D478A6F14107012F07D8621EB3
S214037FF0D2B200F0D1FD0020F8BD2C46F3E7433E95
S214038000012E04D8A21E92B200F0DEFDF3E7D2786A
S21403801013B90DB1AA4206D811B9E3F7C5F8EAE7D2
S214038020E3F714F9E7E78920E6E7413803288CBF2E
S214038030002001207047413801288CBF0020012012
S2140380407047433801288CBF00200120704700206A
S2140380507047002070470388B3F57C4F01D3FFF7C2
S214038060F8BF0846FFF7F3BF10B54A880488A24254
S2140380700DD1037B0C79234009D0B2F57C4F08D38E
S214038080FFF7E7FF0B891B1A5842584110BD002023
S214038090FCE70120FAE738B50D88D488A5420AD153
S2140380A00388B3F57C4F08D2FFF7D5FF13891B1A55
S2140380B05842584138BD0020FCE70120FAE72DE975
S2140380C0F04715460446B8B149B1EAB100264FF069
S2140380D0140AB04690F80490F3B2994501D80024E8
S2140380E00AE027680AFB06773846FFF7BDFF013626
S2140380F028B13C46A5F800802046BDE8F0877B897A
S21403810043441FFA83F8E7E71446F5E72DE9F047FB
S2140381100E4615460446B8B149B112B300274FF0D0
S2140381200C0AB846B0F80890BBB2994501D80024AB
S2140381300AE06368324620460AFB0731FFF7ABFFC7
S21403814028B10C46A5F800802046BDE8F0870B79D9
S214038150013713F0300F02BFCB7843441FFA83F87E
S214038160E2E71446F0E72DE9F04186B00D461446E3
S214038170984604AA05AB03A90646DDF773FD40B38C
S2140381800DB1049B2B6034B3049D03982946FFF777
S21403819062FF2B88074602467188307800F050FB52
S2140381A0D8B1297911F010030BD0EB782A46CDE924
S2140381B000433B4671883078FCF721FB06B0BDE8E8
S2140381C0F0812A4620460599CDF80080FFF704FF84
S2140381D0F4E78620F2E72046F0E77E20EEE71FB5B9
S2140381E01C460023ADF80A20BDF818208DF80400BD
S2140381F0ADF80610ADF80C2069461A4601A80093A0
S2140382008DF80840FFF7AFFF009804B010BDF0B537
S21403821087B00E4605AB04AA03A90446DDF722FD84
S21403822008B3049D03982946FFF715FF2B880746D6
S21403823002466188207800F005FBB0B1297911F079
S214038240100108D000963B462A4661882078CDF771
S21403825095FF07B0F0BD009101232A4631460598E5
S214038260FFF7BAFEF5E78620F3E77E20F1E72DE970
S214038270F041064600254FF014080779E8B2874216
S21403828001D800241AE008FB05F0D6F800C00CEB72
S21403829000043CF8000081421AD132B1802A10D182
S2140382A094F90CC0BCF1000F12DAB0F57C4F05D37D
S2140382B02046FFF7CEFE834200D04BB92046BDE8EA
S2140382C0F081402A04D194F80CC01CF0400FECD186
S2140382D00135D3E70121DDF701BC08B513460022BB
S2140382E0DDF72AFD003818BF012008BD08B5134680
S2140382F04022DDF721FD003818BF012008BD08B570
S21403830013468022DDF718FD003818BF012008BD8C
S21403831008B540220023DDF70FFD003818BF012003
S21403832008BD08B580220023DDF706FD003818BF18
S214038330012008BD0023DDF7FFBC0021DDF76CBD7F
S21403834010B504460121DDF767FD2046BDE8104061
S21403835001F056BE7047F8B516461F469DF818201E
S214038360BDF81C300546DDF7E7FC78B10421DDF7E0
S214038370D1FD044650B1284600F010FB3A4631467C
S2140383802846A047BDE8F84000F0FCBAF8BD2DE942
S214038390F74F1E46DDE90C9B074688461446BDF894
S2140383A038302AB3B9F1000F22D00EB392F804A0E6
S2140383B099F80020504612F0080F0CBF8022402286
S2140383C06188DDF7B9FC98B10821DDF7A3FD054602
S2140383D070B1504600F0E2FA33462246414638462C
S2140383E0CDE9009BA84703B0BDE8F04F00F0CABA3A
S2140383F003B0BDE8F08FF8B5BDF8187016461A46F8
S2140384003B460446DDF798FCE0B177B90221DDF779
S21403841081FD0546B0B1204600F0C0FA314620463D
S214038420A847BDE8F84000F0ADBA1021DDF772FDAD
S214038430054638B1204600F0B1FA3A4631462046A2
S214038440A847EEE7F8BD73B5BDF8184016461A46BA
S21403845023460546DDF770FCB8B1C4B92021DDF725
S21403846059FD044670B1284600F098FA099B314638
S214038470009328469DF820309DF81C20A04704460C
S21403848000F080FA204602B070BD8624FAE7002486
S214038490F8E72DE9F04186680446007800F07EFA96
S2140384A0002514273279EBB29A4203D8BDE8F0418F
S2140384B000F068BA7B4332682078D15A02EB03088F
S2140384C000F0C2F901214046DDF724FD034608B15A
S2140384D0207898470135E5E72DE9F04F1C4689B02B
S2140384E09DF84C30BDF8488001939DF85030924675
S2140384F002932246434607460D46DDF71DFC8DF8DC
S21403850014700646ADF816508DF81840ADF81AA04C
S214038510ADF81C8018B9012009B0BDE8F08F05A995
S214038520FFF7A2FD0028F6D000252F46A8462C46C6
S21403853034E00C231FFA85F903FB09F931887368C5
S214038540B1F57C4F33F8092003EB090B1AD333F844
S214038550090050452CD3019BA3422DD900F0BAF94C
S2140385609BF80200DEF782F9029B43B19BF80430C6
S21403857013F0010F0CBF05200720DEF777F901344F
S214038580A4B219E0ADF81A205946304605AA03935B
S214038590FFF781FD039B0028D9D101353289ABB2A1
S2140385A09A42C6D804EB0800C31B58425841B3E7A7
S2140385B008F101081FFA88F80137BFB2EDE710B5D6
S2140385C0012488B006949DF83C4005949DF83840F5
S2140385D004949DF8344003949DF8304002940B9C19
S2140385E00194BDF828400094DDF7D8FD08B010BD0F
S2140385F02DE9F04786B0BDF83880DDF83C909DF84D
S21403860040A0CDF80080CDE9019A04460D461646F3
S2140386101F4600F013F9B8B1431EDBB2012B10D886
S21403862000230122811E48424841CDE90432CDE9A8
S21403863002A03B46324629462046CDE90089FFF78D
S214038640BEFF06B0BDE8F0870120FAE730B5002488
S214038650012587B0CDE9044503959DF82C50029576
S2140386600A9DCDE90045FFF7AAFF07B030BD30B538
S2140386700024012587B0CDE9044503959DF82850CD
S2140386800094CDE901354023FFF799FF07B030BDCD
S21403869010B5012486B0CDE90444002403949DF864
S2140386A028400294099C0194BDF820400094FFF7EB
S2140386B086FF06B010BD1FB5089C03949DF81C40AA
S2140386C00294069C019400240094DDF763FE04B034
S2140386D010BD70472DE9F84F0229074688460C9DC2
S2140386E004D84FF0000A5046BDE8F88F1BB10429A2
S2140386F0F7D942F004023A702BB303247B701B0AAB
S214038700BB70DFF75DF94FF000099DF82830385548
S21403871004F1020A01343B550B9A5FFA89F3D45CE1
S214038720002CE0D0732C10D82E464C2C56F804BBE5
S2140387303DD0532C15D0622C45D1AC8805F10806E4
S21403874000231A4616E00124DBE7A4F17503032B86
S214038750C7D8763C2E1D022C52D8DFE804F0565AB2
S21403876058006A6805F1080694B2D2B2B2F1FF0364
S21403877018BF01230AEB040119448845B1DB5046B0
S2140387801946002947D153441FFA83FA5CB1BBF15B
S214038790000FA6D0224607EB0A005946E2F794FEDE
S2140387A054441FFA84FA354609F10109B4E74FF633
S2140387B0FF736A6805F1080694B222469C4214BF0A
S2140387C002230023D6E76C2C05D1584600F0CAF8DE
S2140387D0841CA4B2B4E7732C04D1584600F0BDF849
S2140387E0441CF6E7A4F13003DAB2092A01D89CB296
S2140387F0A6E7A4F14103062B3FF673AF373CE8E741
S214038800012300242A68A346B4E70223F9E70323D7
S214038810F7E70423F5E700F1010C01393A54C9B22E
S214038820120A1FFA8CF0ACE70020DDF7A7BF002280
S214038830DDF7C4BF0023DDF7D7BF704701207047BD
S21403884001207047012070477047002070470020C2
S21403885070470020704700207047002070470020B4
S214038860704770470E2070470020704700207047FF
S21403887000207047002070477047FF2070470E2087
S2140388807047842070477047704700207047002069
S2140388907047002070470020704700207047002074
S2140388A070470020704770470E20704700207047BF
S2140388B00020704770470020704770477047704726
S2140388C070470E207047704700207047812070471E
S2140388D07047704738B50546C0B2DDF7C7FF044694
S2140388E0280ADDF7C3FF14B1002808BF002420467A
S2140388F038BDF8B50546C0B2DDF7B8FF0446C5F384
S2140389000720DDF7B3FF0746C5F30740DDF7AEFFE5
S2140389100646280EDDF7AAFF24B12FB136B100288C
S21403892008BF00242046F8BD3C46FBE73446F9E77B
S21403893010B4CC18944203DC5DF8044BFFF721B85F
S21403894000205DF8044B70470423FFF7F1BF08B51A
S2140389500223FFF7EDFF80B208BD0078FF2808BFAB
S2140389600020704708B502220021FFF7F0FF4FF6FC
S214038970FF73984208BF002008BD003818BF0120C7
S214038980400070470020704708B5FFF7A3FCFF2898
S2140389904FF0FF3018BF0020C0B208BD08B5FFF780
S2140389A0F3FFFF280CBF2120002008BDF8B50646BC
S2140389B00C4615461F4600F011F810B12544AC428C
S2140389C000D1F8BD3946304614F8012BDEF740F8DF
S2140389D0F5E7014600220220DDF7CABF01207047F3
S2140389E037B50546DCF754FA044601950CB98120E1
S2140389F01CE0237823B12046DCF752FA0446F5E759
S214038A002B6862685B889A42F5D1A368EA7B99B2C1
S214038A1072B12A8A9142EED16A7DB2EB134FEAD144
S214038A200020E36801A998478128E4D003B030BD4D
S214038A304FF6FF72EEE72DE9F84304460F469046DD
S214038A4099460BB3012A1FD80C20E2F7B3FD06465E
S214038A5010B91920BDE8F8831020E2F7ABFD18B96A
S214038A603046E2F7AFFDF4E70123002547EA08475F
S214038A7070600570C0F80C904460876033803046A1
S214038A80DCF7FEF92846E5E72120E3E738B5044698
S214038A90436808460D469847B4F90830002B02DBB6
S214038AA02B78042B06D1002320466360BDE83840AC
S214038AB0DEF760BB38BD30B54FF48A5587B0ADF8E6
S214038AC016200DF116041A46029543B1002301221F
S214038AD0CDE90033234600F01EFA07B030BD0194FB
S214038AE001240094F7E7FFF7EBBEFFF7BDBE0020B7
S214038AF0704708B500F014FB20B900F05BFB08B91B
S214038B00DBF75CFBFFF7CFFEBDE80840FFF7DBBEF5
S214038B100020DEF797BF0021DFF734B80022DEF728
S214038B20F3BF1FB5D2880B4612F0200F4FF6FD7128
S214038B3014BF49245224ADF80610510544BF083C1F
S214038B40E4B2110544BF083CE4B2120444BF023C3D
S214038B50E4B2032805D8DFE800F0020F161CADF8D0
S214038B600630BDF80600FFF788FEFF281CBF241A50
S214038B70E4B2204604B010BD02AA0DF10601D8B235
S214038B8000F08CFAEDE7D8B200F052FAADF8060022
S214038B90E7E7013CE4B2E4E7F8B5064617460D46B8
S214038BA081B10C78FF2C0BD00846FFF7D6FEB842EF
S214038BB028BF3846C4B22246691C701CE2F746FB3F
S214038BC03470F8BD0C46FBE770B5044615460E46F2
S214038BD011B94170017070BD0B78FF2B05D14B782E
S214038BE0FF2B02D103704370F5E73046FFF7BAFE5A
S214038BF0A84228BF284685B22A46B11CA01CE2F725
S214038C0025FB25702D0A6570E5E7F0B523B9013A13
S214038C10531C2FD1002020E0042AFBD800231C4637
S214038C20551E6E1C1AD1042A10D00121D200501EE4
S214038C3001FA00F020421EBF914049420C431842FD
S214038C401EBF4FF0FF3101FA02F213439C421EDCB3
S214038C50B4BF4FF0FF30002040B2F0BD40B1465DD8
S214038C60EF00BE4034434E5D013DBE403343D8E77C
S214038C700646F5E78C5C38B90346A34202F1FF3299
S214038C80C6D24FF0FF30E8E7835CA342F5D9012054
S214038C90E3E7283807288CBF0020012070471D28EB
S214038CA010D004D840B11C2804D0552070471E3875
S214038CB00128FAD81A2901E00B390F298CBF552051
S214038CC0002070470829F9E7002000217047F7B510
S214038CD09DF820400546082C104619469DF824604A
S214038CE036D8002213462C44AC4208D106F0FD04C5
S214038CF0382C0ED10096FFF7E7FF03B0F0BD14F84B
S214038D00017D1B0243EA12631202BA1843F1000301
S214038D10EAE7392E10D107EE100A07EE902AB4EED2
S214038D20E77AF1EE10FACCBF77EE677A77EEC77A7A
S214038D30002117EE900AE0E7824273EB010403D2A8
S214038D40801A61EB0301D8E7101A63EB0101D4E73D
S214038D5000200146D1E738B5C36814461944836832
S214038D6053F821501AB12846E2F71AF9207028461C
S214038D7038BD2DE9F3411C4616460DF107029DF852
S214038D802050FFF7E8FF9DF807308046A34288BFD0
S214038D908DF807409DF807700DB1E41BE5B22A462F
S214038DA000213046E2F700FA3A4641467019E2F7E8
S214038DB04DFA384602B0BDE8F0812DE9F3411D4671
S214038DC0164601AA9DF82040FCF7E8FF019B804663
S214038DD09D4238BF0195019F04B1EC1B224600213A
S214038DE03046E2F7E1F93A4641463019E2F72EFA01
S214038DF0F8B202B0BDE8F08173B50024154601AAA7
S214038E001E460194FCF7CAFF019B072B0AD921468D
S214038E10CCB216B1C4F10704E4B2425C01310829AE
S214038E202A55F5D1D8B202B070BD1FB5030A8DF826
S214038E300E300323009303AB8DF80D0000F0BBF850
S214038E4005B05DF804FB1FB58DF80F100421030A67
S214038E508DF80E30009103AB8DF80D0000F0ABF8E3
S214038E6005B05DF804FBF0B589B016689DF83C5074
S214038E70CDF809608DF811305668BDF83830012DED
S214038E80109FBDF84440CDF80D60ADF812308DF854
S214038E90145014D0032D19D13B68CDF815307B68D8
S214038EA0CDF819309DF848308DF81D301623009301
S214038EB0BDF84C2002AB00F07EF809B0F0BD8DF88B
S214038EC01540240A0F238DF81640F0E70120F4E737
S214038ED01FB50446084611461A4602238DF80D10A0
S214038EE00093214603AB00F066F804B010BD10B53E
S214038EF014461A460B6886B0CDF80D304B683421FD
S214038F00CDF811300A23009303AB8DF8154000F01B
S214038F1052F806B010BD2DE9F041B6B014461D4612
S214038F2006460F469DF8F080DFF750F803AA8DF843
S214038F300C001046330A8DF80F703F0A8DF80E307A
S214038F408DF80D602B468DF810708DF8114005EBEB
S214038F504405AB4202F102021FD16200D2B2931D56
S214038F60DBB23D99D8336B44073203F8CC8C01EB64
S214038F704805D3B250FA82F2A94202F1020212D194
S214038F8003EB4803009006213046BDF8F820DBB219
S214038F90DFF726F836B0BDE8F08133F8021B11710F
S214038FA0090A5171D5E731F8024B02F8024C240A3C
S214038FB002F8014CE0E72DE9F0411C4605460E4653
S214038FC017469DF81880DFF701F8207043463A46A7
S214038FD0314628460694BDE8F041DFF701B8002085
S214038FE070477047D3F7DEBA08B5E9F7C5FA002825
S214038FF040F6124018BF002008BD70477047704700
S2140390007047704770477047002070477047704737
S214039010002070477047704702F066BFFEF775B8CA
S214039020FEF758B803F0D7BAF5F704BB03F0C4BA93
S214039030F5F7BEBAF5F726BBF5F7E0BAFEF737B98C
S214039040FEF71DB910B49DF8044001945DF8044B77
S214039050FEF710B8FEF764B8FEF771B8F1F7A8B9D3
S214039060F1F7ACB9EEF718BDEEF71CBDEAF7A0BBF7
S214039070FEF7B0B8FEF775B8FDF7C0BEFEF798B8B2
S214039080FEF784B830B4BDF808409DF80C50CDE91F
S214039090024530BCFDF7D1BEFDF76FBFF5F764BCE4
S2140390A0DEF7EEBFF5F72ABD70B49DF80C40BDF8A9
S2140390B010509DF814600394CDE9045670BCF2F783
S2140390C091B970B49DF80C40BDF810509DF814602B
S2140390D00394CDE9045670BCF2F7C4B9F2F7AEBAFE
S2140390E010B49DF8044001945DF8044BF2F7FEB902
S2140390F010B49DF8044001945DF8044B01F0BABF28
S21403910001F0BABFFDF77DBFFDF78DBFFEF71AB9B5
S214039110FDF79EBFECF7D2BFEDF72ABFEDF7FCBE17
S214039120ECF7F6BB02F051BBEDF7AEB902F0A7BB06
S214039130EDF73ABBECF79EBEEDF720BFEDF79CBE0E
S214039140EDF7B8BEEBF760BAFEF7C6B8FEF761B840
S214039150FEF774B8FEF781B800F036BC00F02FBCFB
S214039160F4F722BAF1F76EBFF4F7FCB9F4F722BBB3
S214039170F1F738BFEAF708BBF3F7C2BBFFF732BF16
S214039180FAF7E0BEFEF703B9FDF72CBFFEF731B8DA
S21403919001F020BDDEF7D2BEEBF71EB8EAF7C8BB78
S2140391A001F0DCBF01F0B3BFEAF716BCEAF764BF11
S2140391B0EAF78EBFEAF784BBDEF7DCBEDEF7EEBE69
S2140391C0DEF7C6BEEAF724BBDEF7CCBEF6F72ABB4D
S2140391D001F09BBF01F062BFEAF720BBEAF7E6BFE8
S2140391E0EAF776BB10B4BDF8044001945DF8044B6F
S2140391F0FDF753BEDEF76EBFDEF760BFF6F7B2B815
S214039200F6F7EABA03F0FABA03F000BBF6F722B9A8
S214039210F6F702BB00F06DB900F0ABB900F0D3B9B6
S21403922000F0B9BA00F029BB00F092BADFF76ABCC7
S21403923000F0F0B900F01DBA00F030B810B51C46C7
S21403924001F0ECFD06F035FA0023C0F3402023704E
S214039250400010BD002208B50B461146FFF7EEFF8F
S214039260023818BF012008BD002070477047B1FAC6
S21403927081F040097047012070477047704700200F
S214039280704770470020704770470E2070470120D4
S2140392907047704701207047012070471422002151
S2140392A0E1F782BF704770B505460C468AB02522A3
S2140392B000210DF10300E1F777FF6B68CDF81D3051
S2140392C0AB68CDF82130234601AC03F110062246E5
S2140392D018685968083303C2B3421446F7D101230A
S2140392E06A7B8DF8023012F0040F0CBF4FF48073C4
S2140392F04FF4A073110748BF43F48063ADF8003002
S214039300930748BFBDF80030684644BF43F00803E0
S214039310ADF80030F1F76EFB0AB070BD30B5427B96
S2140393200D46D10704468BB007D5407801A9F1F75F
S214039330CBFBD8B12D200BB030BD9307FAD5C2F3C3
S214039340800310074FEA8313ADF8023044BF43F49B
S2140393508063ADF80230BDF80220201D0AB10DF17E
S214039360020201A902F0DDFD0028E3D001AB03CB26
S2140393709DF81430A1602373BDF810306060590661
S21403938042BF627B42F0040262735A0542BF627BAD
S21403939042F0080262731B0742BF637B43F002037B
S2140393A063732B4606AC0AAD224603CAAA4218606C
S2140393B05960144603F10803F6D10020BBE7F0B565
S2140393C004460D4693B0252200210DF12300E1F754
S2140393D0EBFE636804F1040CCDF83D30A36809AED8
S2140393E0CDF841302B4605F1100732461868596808
S2140393F0083303C2BB421646F7D105238DF8223045
S214039400637B5B0103F40073ADF820306378FF2BB6
S2140394101AD1002360461A4601A900F0D9F99DF82F
S2140394200530FF2B0DD1002301A91A46184600F07C
S214039430CFF99DF80530FF2B03D11C26304613B019
S214039440F0BD9DF8053063700020617808AA00F02F
S214039450B4FA06460028F1D1607801A900F03EFA76
S2140394602B4603AD2A4618685968083303C2BB4225
S2140394701546F7D1637B6078DB0648BF9DF81C3042
S21403948001A944BF63F07F038DF81C3000F03DFA5A
S214039490D4E710B504468AB02422002101A8E1F7D8
S2140394A083FE637B590744BF4022ADF810201A079A
S2140394B042BFBDF8102042F48062ADF81020DB07EF
S2140394C00FD5607801A9F1F7FFFA10B12D200AB085
S2140394D010BD01AB03CB637B606043F00203A16066
S2140394E0637304A9201D02F01EFD0028EED00020A1
S2140394F0EDE71FB5694600F066F8002818BF2D2073
S21403950005B05DF804FB73B50D4614460646DEF754
S21403951021FF6B881A071AD522463146102002F01F
S214039520E3FC2046DEF716FF6B88D90717D5002322
S214039530224601210DF107008DF80730DFF7DCF92D
S2140395406B88002B0CBF2120002002B070BDDE0606
S214039550EAD522460821281DDFF7CEF9E1E79A0768
S21403956001D50223E4E75B07EAD50323E0E70F20F0
S21403957070471FB50C46694600F025F810222146B1
S2140395806846E2F75DF9B0FA80F0400904B010BD12
S214039590B8B1B1B14388A3B90378013B082B10D8FF
S2140395A0DFE803F00507090B0F0F0F0F0D00DFF7BA
S2140395B0A5B8DFF7FFB8FFF776BEFFF700BFDFF704
S2140395C08DBA2120704738B50D4609B300B303782A
S2140395D0013B082B1AD8DFE803F0050D1013191901
S2140395E019191600DFF7C2F80446284602F099FE5A
S2140395F0204638BDDFF7FEF8F6E7FFF78FFEF3E702
S214039600DFF72EF9F0E7DFF773FAEDE72124ECE74F
S2140396102124EDE770B586B0064601A80C4615462C
S214039620FFF73CFE04238DF804301CB12068616804
S21403963002AB03C3294601A88DF80560FFF7A8FF10
S21403964006B070BD70B586B0044601A80D46164632
S214039650FFF724FE0323206861688DF8043002AB0D
S2140396608DF8116003C3294601A8FFF791FF06B0E2
S21403967070BD0022FFF7E6BF30B585B00D466946DC
S2140396800446FFF7A0FF20B92A4621466846FFF79F
S2140396903AFF05B030BD30B5437B044613F00102F4
S2140396A00D468BB007D0407801A9F1F70DFA70B1DB
S2140396B02D200BB030BD9B07FAD5ADF8022001A9CB
S2140396C00DF10202043002F02CFC0028F0D0002139
S2140396D00E22A81CE1F768FDBDF810302B80039B13
S2140396E0AB60BDF81230AB819DF81430237301AB29
S2140396F003CB6060A1600020DBE770B5437B0446C4
S214039700DB070E468AB003D42D2528460AB070BD63
S2140397106946407800F04DF905460028F4D1DDF897
S2140397201D300E226360DDF821300146A360637BA3
S214039730B01C43F002036373E1F736FDBDF8003057
S214039740069A43F004033380059BB2607360DCE73C
S2140397500B4610B50446102200211846E1F724FDF7
S2140397602278032A09D0042A0DD0022A11D10146F1
S2140397702046BDE81040DFF721BA01462046BDE883
S2140397801040FFF788BF01462046BDE81040FFF7AC
S214039790B4BF262010BDF8B5074608460C46164645
S2140397A01D46FFF77BFD04232370637B314643F09E
S2140397B00103204667706373FFF705FF08B12D208A
S2140397C0F8BD29462046FFF7C3FF0028F8D0F6E782
S2140397D0F8B5054608460C461F461646FFF75EFDD7
S2140397E00423237025B108222946E018E1F72EFD4D
S2140397F0637B43F0020363734EB932460121284666
S21403980000F0E4F8FF28607007D12D20F8BD31463C
S2140398102046FFF7D8FE0028F7D1637B43F0010309
S21403982063730DB90020F1E7002FFBD039462046BD
S214039830FFF78EFFF6E7F8B50C46074608461646CA
S2140398401D46FFF72BFD03232046394600F8043B4D
S2140398500822E1F7FBFC637B314643F00203204614
S2140398606373FFF7B0FE08B12D20F8BD29462046E6
S214039870FFF76EFF0028F8D0F6E7F8B50746084668
S2140398800C4616461D46FFF709FD03232370637B2C
S214039890314643F00103204667706373FFF793FE78
S2140398A008B12D20F8BD29462046FFF751FF0028B2
S2140398B0F8D0F6E718B18022012100F087B8FF2020
S2140398C07047002307B51A4619460093F2F74CFE75
S2140398D0B0FA80F0400903B05DF804FB0B4610B500
S2140398E019220446FF211846E1F75EFC7E2C01464A
S2140398F08CBF04F5C43004F583304FF01902BDE87D
S214039900104088BFAD30D3F7E3BA7E2888BF00F592
S214039910C4304FF0190294BF00F58330AD30D3F74F
S21403992003BB30B589B00D46FFF7C4FFFF280446D6
S2140399300DD001A9FFF7D2FF2868696801AB03C3FE
S214039940204601A9FFF7E1FF002009B030BD2D2016
S214039950FBE7704770470020704770470F2070473B
S21403996070479DF8000070470F2070470F20704720
S214039970002070470F207047002070470020704774
S21403998084B08DE80F00002004B0704700207047B5
S2140399907047704700207047704700207047704735
S2140399A00020704701207047704700207047012051
S2140399B070470E207047FF2070470E2070470E201A
S2140399C070470020704770470E207047FF2070478F
S2140399D070477047002070477047704770470020F5
S2140399E0704770470020704700207047002070477C
S2140399F0704770470020704770470020704700206C
S214039A00704770470020704710B50024E3B210B9C2
S214039A10C3F10303DBB20134042CCA544FEA122207
S214039A20F4D110BD10B50B784C788A78C97828B96C
S214039A3010462246044608461946034642EA0120D3
S214039A4043EA042343EA004010BD7047DFF76AB9D0
S214039A5008B5CDF7D9FE002814BF8620002008BD20
S214039A6008B5CEF7A1F8003818BF012008BD08B521
S214039A70CEF75AF8003818BF012008BD08B5CEF750
S214039A80DFF8003818BF012008BD08B5DFF72AFA4B
S214039A90BDE80840DFF7D8B970B504460D4616464C
S214039AA0DFF720FA0420DFF7C1F9324629462046BD
S214039AB0FFF7DDFF04460220DFF7B8F9204670BD46
S214039AC008B5DFF70FFABDE80840CEF711B8DFF7A1
S214039AD041BDDFF721BD08B5DFF71EFD20B1BDE8A8
S214039AE008400020DFF756BE112008BD10B5044617
S214039AF008B1DFF731FF2046BDE81040FCF74EBF44
S214039B0010B50446006A10B1616AFFF7EFFF002044
S214039B10C4E9080010BD38B50546FFF7F1FF2B7EF4
S214039B200446012B0ED0023B012B0ED8EB69012B0A
S214039B3018BF6FF09604282200212846E1F734FB6D
S214039B40204638BDEB69002BF2E76FF09604F2E788
S214039B5018220021E1F728BB70472DE9F84F9846F5
S214039B60DDE90B490D9B15469A0706460F4623D09B
S214039B702A460A9B03EB040A1444A24220D10D9BF7
S214039B809B0705D5A2EB050AD14505EB0A0420D8A9
S214039B902046BDE8F88F434639462020B0470AF1F1
S214039BA0010ACA450AEB0B02F5D3A9EB04024C459E
S214039BB088BF00222A44DCE7A246A5EB040BF0E7A5
S214039BC002F1010B434639461AF8010DB0475A46CF
S214039BD0D3E74346224639462020B0470AF1010A16
S214039BE0D2E72DE9F047DDE90D7616F0020F9DF872
S214039BF02880DDE90854DDE90BCE1FD106F0010904
S214039C004FB1B9F1000F06D0B8F1000F02D116F02C
S214039C100C0F00D0013F4FF0300A04E0202C04D094
S214039C2005F804A001347445F8D3B9F1000F05D044
S214039C304FF03009A74201D9202C2DD116F0100F72
S214039C401FD016F4806F2CD15CB3744501D0BC4290
S214039C5027D1B4F1010E23D0BCF1100F46D1023C3C
S214039C6016F0200F28D1202C28D04FF0780C05F8BA
S214039C7004C00134202C21D04FF0300C05F804C06A
S214039C800134202C1AD0B8F1000F23D04FF02D0C3E
S214039C9005F804C0013412E005F804900134C9E75E
S214039CA07446BCF1100FDBD0BCF1020FE2D1202CBE
S214039CB004D04FF0620CDAE7202C08D12024CDE93B
S214039CC00A76CDE90854BDE8F047FFF746BF4FF0E4
S214039CD0580CCCE716F0040F02D04FF02B0CD7E746
S214039CE016F0080FEBD04FF0200CD1E7BCF1020FB3
S214039CF07446C1D1DDE72DE9F04391B0189D1A9E55
S214039D001D9F0DB927F010077C0500D515B317F076
S214039D10200F14BF4FF0410E4FF0610EAC460025E6
S214039D200DF12008AEF10A0EBCFBF6F906FB19C9C5
S214039D305FFA89F4B9F1090F94BF30347444E4B27E
S214039D40B44508F8014B05F10105BCFBF6F401D355
S214039D50202D10D11C9C069705941B9CCDE903640B
S214039D609DF86440CDE9015408AC0094FFF739FF31
S214039D7011B0BDE8F083A446D6E72DE9F04F95B0C1
S214039D80269ECDE90A23DDE91E74DDE9229B57EA08
S214039D90040308BF26F010067205CDE9080102D5B4
S214039DA057EA040337D016F0200F14BF412361236C
S214039DB000250DF1300AA3F10A0821464A465B4600
S214039DC03846E0F785FED2B2092A94BF30324244C1
S214039DD04F45D2B274EB0B0405F101050AF8012BCB
S214039DE001D3202D14D1259B06960593249BDDE9EC
S214039DF00801CDE903939DF88030CDE901530CAB00
S214039E000093DDE90A23FFF7ECFE15B0BDE8F08FFB
S214039E1007460C46D1E70025E5E708B100F014B87D
S214039E20704710B1D1E900311847704738B5441E62
S214039E3014F8015F25B90A2000F006F8284638BD55
S214039E40284600F001F8F3E701460020FCF779BB4B
S214039E5070477047E9F7ACB8704708B5FCF742FBA4
S214039E60CDF7D2FCBDE80840CFF7E2BD704708B592
S214039E70CEF712F8FAF7DCFFBDE80840DFF732B892
S214039E8008B5FBF7FEFEDFF79BFDFBF7D8FDE0F713
S214039E9039F9E0F725F9E0F7A7F8BDE80840D2F767
S214039EA0F1BF08B5D1F708F8FBF7B8FDD1F710F8FE
S214039EB0FBF7B6FDD5F7F8F9D5F79EFAD5F7A6FB67
S214039EC0BDE80840D5F7C4BA70477047E0F7B2B8A4
S214039ED008B5FCF752FFBDE80840FCF776BF7047AD
S214039EE007B500220346114601200092D4F756FB1D
S214039EF003B05DF804FB07B500920B46027D81892B
S214039F008068FDF74EFD003818BF0120C00103B07E
S214039F105DF804FB08B50020DBF74EFC0020DDF7F8
S214039F20DFF90020D5F71AFF0020D6F707FA00203E
S214039F30D6F730FF0020D9F75FFA0020D9F7CAFF1B
S214039F400020DAF7BFFDBDE808400020DAF7AABE16
S214039F5008B50120FDF73CFABDE808400120D6F716
S214039F60EDB908B50220DBF71BFD0220DAF7B4FED5
S214039F700220DDF7C3FC0220FFF7ABFD0220FDF74E
S214039F8092FC0220D9F7A6FFBDE808400220DBF7C3
S214039F90A7B97047FDF7A7BF70477047704770476C
S214039FA0704770477047704710B50446DBF7B2F842
S214039FB02046D7F701FA2046D8F754F92046BDE8DD
S214039FC01040FDF7A3BCFDF7BEBCFDF7C8BCDAF72F
S214039FD083BD704770477047704770477047704738
S214039FE070477047704705F02ABB70477047DAF72B
S214039FF00DBE70477047704770477047704770478D
S21403A0007047CCF70DB8FEF748BC70470020704782
S21403A010FEF745BCFEF74FBC7047431E012B03D922
S21403A020031F5842584170470120704700F021BC77
S21403A0304FF4D0720021E1F7B7B870B50446E3F7E2
S21403A0408BF90546A8B9A169F1B1238AD3B1204695
S21403A05004F11002E3F72EF838BBE16919B3638AFB
S21403A060A3B1204604F1120200F0CAFA78B10546FD
S21403A07003E00023A3612361E361002328466361B1
S21403A080236270BDA061E8E72082E6E7E361216A08
S21403A0900029F2D0A28A002AEFD02046E38ABDE840
S21403A0A0704000F06FBA6182F1E76582E561DEE732
S21403A0B011B9D0F8DC1021B1CB6813B18B68D889FD
S21403A0C070474FF6FF707047E2F72ABA10B50C4692
S21403A0D01146E2F74BFAE3F779FC012801D1002099
S21403A0E010BD002CF7D10520FAE700F0CFB900F039
S21403A0F0E3B970B500232425D0F8DC00C4689C427D
S21403A10001D1212070BD826805FB0322D6898E42C9
S21403A11002D8128A8A4201D20133F0E70020F1E71F
S21403A120F8B506460D46E1F797FCD8B94FF6FF7328
S21403A1304FF0240CEF68C1B28F4208D81C46214664
S21403A1403046E1F73FFE00F09AFB2046F8BDAA68CA
S21403A1500CFB0122D4899C4202D2002CEFD023466A
S21403A1600130E8E70024F0E7C08D70470A7838B579
S21403A17005461046FFF751FF60B14C782046FFF7BF
S21403A1804CFF38B12243530704D42846BDE8384071
S21403A190E2F738BC212038BD10B504460878FFF72F
S21403A1A03CFF58B14A781046FFF737FF30B1042A10
S21403A1B004D02046BDE81040E2F742BC212010BD83
S21403A1C000F0E8B8E2F7A4BF084600F008BBE2F7E1
S21403A1D0E3BA38B504460D4600F08EF850B129466A
S21403A1E02046E1F7EFFD30B929462046BDE8384062
S21403A1F0E2F79ABA0E2038BD70B516460C4605F03F
S21403A20078F8314605462046E5F77CFC04462846A2
S21403A21005F06AF8204670BD00F032B970B5044602
S21403A22000200E4600F027FBD4F8F0503DB1002383
S21403A23031462046AC46BDE870401A4660472B467A
S21403A240012231462046E2F707FD284670BD38B5A1
S21403A250044648880D4600F00EFBD4F8F0302BB9C0
S21403A26029462046BDE83840E2F704BC022038BD44
S21403A27000F003BB00F03CB9E2F724B9E4F71CBCDA
S21403A28070B5BDF81060054606B16BB13344284679
S21403A2909BB200F077F9044620B91EB13146284632
S21403A2A000F0ABF9204670BD2124FBE7E3F78ABF35
S21403A2B0C0F8EC1000207047E2F716BE00F05EB957
S21403A2C010B4BDF8044001945DF8044B00F09FB849
S21403A2D00B4610B514461846A1689288E1F7F4F8C1
S21403A2E0E168034631B1A0886288121A92B2184414
S21403A2F0E1F7EAF8002010BD0346408A18B1188A31
S21403A300003818BF012070470846E4F7E1BC00F0A8
S21403A310ECBA00F0EABAE4F7EDBE084708B5E2F790
S21403A32019F9C0B208BD022A01D800F0E2B921200B
S21403A3307047022A01D800F0EDB921207047022A9F
S21403A34001D800F0F9B921207047E3F72DBC084681
S21403A350E3F748BC00F018BA0020704700207047A7
S21403A3607047D0F8943003F06003402B0DD0602B79
S21403A37003D0203B58425841704749B10B68012B24
S21403A38006D9486940F00100704740F20110704753
S21403A39000207047F7B504461046D4E954C7DDE9F4
S21403A3A008268CEA020587EA06010540194085EA75
S21403A3B00C057940C4E95451002523F4004106EA0C
S21403A3C0010320F0010043F40073024043F002034C
S21403A3D0CDE90055E6F760FA94F824309A0713D5CA
S21403A3E0D4F854319B050FD54FF48811204600F05E
S21403A3F058FB94F82430024665F3410384F824306E
S21403A40020460B46E2F77AF8002003B0F0BDF0B51D
S21403A41087B01C461746BDF830601AB9002420469C
S21403A42007B0F0BD002BF9D00029F7D001AAE3F757
S21403A430C9FE0028F2D0BDF80630A2199A42BDF82C
S21403A4400850C4BF9B1B9CB2B54212D90399AD1BDF
S21403A450ADB23144A5420391ADF808500DD22A4659
S21403A4603846E1F731F80499621B7819E1F72CF8BE
S21403A470D5E70499761B3144049122463846F5E71E
S21403A4800846E5F7DFBA0220E4F72ABE08B5D0F897
S21403A490E4304BB11A68022A06D993F825204AB14C
S21403A4A0186AB0FBF2F008BD4FF446624C21002058
S21403A4B0E1F7EAFC0020F6E7D0F8E42008B57AB125
S21403A4C01368022B0CD9536A13F47F4FC3F3072187
S21403A4D006D0126ADBB253438B42B3FBF1F006D2CB
S21403A4E0002040F67F424C21E1F7CEFC002008BD59
S21403A4F00346D0F830010860B3F8343100208B806F
S21403A500704790F830310C2B14BF90F82B00FF20C7
S21403A510704738B50C464FF400610546E7F760FA16
S21403A52070B17CB195F81E3173B94FF480724FF455
S21403A53080712846E7F740FA003818BF012038BD77
S21403A5402202F4E72246F2E70020F8E74FF4807190
S21403A550E7F746BA08B54A024FF40071E7F72CFA54
S21403A560002008BD08B58A024FF48061E7F724FA95
S21403A570002008BD4FF40071E7F732BA0623002027
S21403A5808B717047B2F5805FF8B50F4606461546E1
S21403A59019462ED89A422CD33F2A26D9B2FA82F4E9
S21403A5A00122C4F11F03DBB29A4092B2AA422CBF27
S21403A5B0C4F11904C4F11A04E2B20124931DDBB2F8
S21403A5C09C40A4B2AC4212D096F8F5309BB9012059
S21403A5D096F8243060F3C71386F824303846E3F73A
S21403A5E005FC00203762B582F8BD0022ECE70020A8
S21403A5F0EEE72120F8E70E20F6E70846E3F716BC59
S21403A60070B505460E46144602B313883F2B1DD974
S21403A610B3FA83F3C3F11901C9B2062901D8192B7A
S21403A62012D0062928BF062101238A1DD2B29340E1
S21403A63030462380E3F702FC23882846EE616B82CC
S21403A640E3F786FC002070BD0021EDE72120FAE742
S21403A65010B5144608460121E5F7CAF82046BDE8BA
S21403A66010400121E5F7C4B8F8B504460E46174670
S21403A67004F03FFE3A46054631462046E5F776FBAC
S21403A6800446284604F030FE2046F8BD02207047F4
S21403A69003207047E4F71CBD10B50023E2F79CFFC8
S21403A6A0044608B9E6F716FB204610BD704770B59A
S21403A6B005460E46144600F0E3F831462846FFF7F3
S21403A6C02FFD00F0DDF8230704D50B2C9CBF24F0E8
S21403A6D00804A4B221462846E1F742FF00224FF4BD
S21403A6E000312846E7F768F9002070BD8021E7F7B8
S21403A6F077B97FB5531C05AAADF814100292022150
S21403A7000022DBB2CDE900211146E7F773F907B063
S21403A7105DF804FB7FB5531C05AAADF8141002922E
S21403A72004210222DBB2CDE9002100220121E7F752
S21403A73061F907B05DF804FB1FB5531C02910022B4
S21403A7400821CDE900210122DBB21146E7F752F9D1
S21403A75005B05DF804FB07B591F82830009391F82F
S21403A7602B3091F8292091F82A10E3F7E3F903B088
S21403A7705DF804FB10B50446E1F7ECFE01462046FF
S21403A780BDE81040E1F7ECBE002914BF21200020ED
S21403A790704738B5054610460C46E3F751FAD5B16F
S21403A7A0D5F8E030BBB15B69ABB1421ED2B2FD2A2D
S21403A7B013D90A68013204BF6FF001020A600A68FF
S21403A7C0FF281A6007D16268013202D16FF00102D6
S21403A7D0626062685A60002038BD0128F2E738B527
S21403A7E00546E5F7EBFA04460021A878E3F790FA66
S21403A7F0204638BD2DE9F74F01251C469DF830301D
S21403A800064601930368174603F0070306339D4085
S21403A81005F1FF380B46A1B1416804EA080BA5EB26
S21403A8200B0A41F00059524509EB0B0114D9524665
S21403A8301846E0F749FE49467A1B5A445044E0F767
S21403A84043FE019B2BB13C4448EA050804EA08048E
S21403A850F46003B0BDE8F08F1846F0E737B500257F
S21403A86014460095FFF7C6FF204603B030BDE3F756
S21403A87063B8002070470020704700207047704779
S21403A880704730B549000446056812B102291FD93E
S21403A8900339C90395B9E1B1B1FA81F3C3F12003D2
S21403A8A0C3F10F00012838BF012003F01F03D9406E
S21403A8B0A94201D901384908216030BDB5FA85F3AC
S21403A8C039B1B1FA81F29B1A002BE9DC0F20EFE7CE
S21403A8D000210F20F0E7012805D9023818BF4FF0F2
S21403A8E0FF30C0B270470120704708B5E4F74AFD51
S21403A8F0BDE80840E4F76EBD38B50446FFF7F5FF3C
S21403A9000546FFF7F2FF431BA342FAD338BD38B51B
S21403A9100D460446E4F736FD35B1844200D90139C5
S21403A920204601F0030138BD844238BF0131F7E702
S21403A93008B50121FFF7EBFFBDE80840E4F74ABD81
S21403A9400B0C23F48053B3F5284FF7B50D468FB29F
S21403A950064699B216D04AF60103994214D04AF62F
S21403A9600203994212D0B1F5204F14BF04240324E6
S21403A970D6F8E0300BB1196851B9D6F8DC3093B984
S21403A98028680EE00024F3E70124F1E70224EFE74A
S21403A990234668463A46E4F779FDDDE90003002BD3
S21403A9A0EBD103B0F0BD19680029E9D02346684609
S21403A9B03A46E4F76BFDDDE90003002BE0D1F0E750
S21403A9C002F070BD0204C0F3891307D56FEA835300
S21403A9D06FEA935313F5007F18B206D0A3F1C800AD
S21403A9E06FF4FF739842B8BF184670474FF038436A
S21403A9F059699A6903F500530A405A6170470E2055
S21403AA007047E6F75BBBE6F759BBE6F757BBE6F7D7
S21403AA1055BB08B50846E6F777FF08BDE6F74EBB15
S21403AA2002207047022070470020704701207047BD
S21403AA30002070470E20704700207047E2F7C6BF1D
S21403AA40084611460122FFF741BB70B505460C4682
S21403AA5011461A46E7F70AF806682B462046B44618
S21403AA60BDE87040604710B5E7F700F8BDE8104052
S21403AA7083681847FFF710BEE2F7D0BEFFF7A9BBFF
S21403AA80E2F7DABB70B504460D4616464FF4881156
S21403AA9000F01CF8324629462046BDE87040E3F72E
S21403AAA0EFB838B505460C4604F023FCD5F89030CD
S21403AAB01C40D5F88C302343C5F88C3004F014FCC6
S21403AAC0211E18BF01210020490238BD38B50446AF
S21403AAD00D4604F00EFCD4F890301D40D4F88C30AC
S21403AAE023EA0505C4F88C5004F0FEFB284638BD5F
S21403AAF038B504460D464FF48811FFF7E7FF29469D
S21403AB002046BDE83840E3F7E3B873B50D7806464C
S21403AB100C4635B304238DF804302379304601A957
S21403AB208DF80530FFF738FB0546B8B92278A379C8
S21403AB3052BB8DF80430E379304601A98DF8053011
S21403AB40FFF714FB054648B923783BB161883046C6
S21403AB50E2F790F901213046FFF7DBFC284602B006
S21403AB6070BD2946FFF7D5FC29463046FFF7F2FCB1
S21403AB7029463046FFF7F6FC2378002BCAD1237903
S21403AB808DF804306379C9E702228DF80420D3E7F1
S21403AB90FFF7E0BCFFF7EEBC0020704710B5044695
S21403ABA0E6F7FEFF21460020E7F75CFEBDE810400F
S21403ABB0002000F03EB970470120704708B5E8F75B
S21403ABC07FFC80F00100C0B208BD4FF0FF30FFF7F6
S21403ABD09EBB70470020704710B50C4604F0A4F8DF
S21403ABE0048010BD38B50C46154604F09DF803885E
S21403ABF01DB11C43A1B2018038BD23EA040189B20A
S21403AC00F9E708B504F090F8008808BD08B504F025
S21403AC108BF8C07808BD08B504F086F8008800F005
S21403AC200C0008BD08B504F07FF8008800F00C009F
S21403AC30031F5842584108BD38B5054604F074F85A
S21403AC4004462846FFF7EEFF30B904F1100004F07F
S21403AC5030FD00F4406038BD4FF40060FBE738B5C4
S21403AC60054604F061F804462846FFF7DBFF014675
S21403AC7048B910342046042203F096FF2044BDE86A
S21403AC80384004F016BDA08838BD10B50C4604F055
S21403AC904BF8848010BD38B5054604F045F80446E5
S21403ACA02846FFF7BFFF014608B1201D38BD103404
S21403ACB00422204603F078FF2044F7E738B505461C
S21403ACC004F032F804462846FFF7ACFF30B904F127
S21403ACD0100004F0EEFC00F4404038BD4FF4006072
S21403ACE0FBE738B5054604F01FF804462846FFF789
S21403ACF099FF014648B910342046062203F054FF54
S21403AD002044BDE8384004F0D4BCA08838BD38B52C
S21403AD10054604F009F804462846FFF783FF014674
S21403AD2008B1201D38BD10340622204603F03CFF30
S21403AD302044F7E708B503F0F7FF007A08BD08B527
S21403AD4003F0F2FF90F9090008BD08B503F0ECFF25
S21403AD50807A08BD08B503F0E7FFC06808BD10B5E4
S21403AD600C4603F0E1FF047210BD10B50C4603F069
S21403AD70DBFF447210BD10B50C4603F0D5FFC4606C
S21403AD8010BD2DE9F8430F468046002107F1100059
S21403AD901646994604F03CF80446D0B103F0C4FFC7
S21403ADA00546204603F0DCFF002102462846E0F76E
S21403ADB0FBF900232046AB7049F00401FFF70CFFB4
S21403ADC0A5F804802EB13A46314605F11000E0F7A7
S21403ADD07BFB2046BDE8F883F8B505460F461020F2
S21403ADE0002104F015F80446B0B103F09DFF0646B3
S21403ADF0204603F0B5FF002102463046E0F7D4F9BB
S21403AE00002339462046B370FFF7E6FE25B12A46EF
S21403AE100121204603F0D4FF2046F8BD08B503F011
S21403AE2083FF103008BD08B503F09AFF1038C0B290
S21403AE3008BD0020E7F73EBC08B5E7F799FE0020FB
S21403AE4008BD4088C0F30C0003308008400004307F
S21403AE50704770B50E4605461146304603F0D8FFD8
S21403AE60044635B128B103F05FFF32462946E0F7C2
S21403AE70EDF9204670BD0088B0FA80F040097047AF
S21403AE8038B505880022044604F07DFC05B125800C
S21403AE9038BDF8B507460D4600880021164603F070
S21403AEA07BFFB042044605D129463846BDE8F84044
S21403AEB0FFF7E6BF0021204603F06EFFB04205D041
S21403AEC02046002103F068FF0446F3E72A4620469F
S21403AED0002103F075FF32462846BDE8F8400021FE
S21403AEE003F06EBF38B5044638B1002104F045FCC4
S21403AEF0002301465D1C09B998B238BD204604F00C
S21403AF0060FC2B460146F5E7F8B5058807467DB194
S21403AF10CCB22146284603F03FFF8542064609D1B8
S21403AF2000233B8000222146304603F049FF354686
S21403AF302846F8BD214603F02FFF21460246284641
S21403AF4003F03EFFEEE72DE9F04707888246884682
S21403AF5014465FB3384603F003FF3D460646E4B2A5
S21403AF602146284603F018FF4045814616D1214660
S21403AF7003F012FF21460246284603F021FF474509
S21403AF8004D1454508BF0025AAF8005000222146F3
S21403AF90404603F015FF3046BDE8F0878742FAD0F7
S21403AFA003F0DEFE30444D4686B2D9E73E46F2E76E
S21403AFB000220123C0E900237047F8B504460127A1
S21403AFC0002604F0A3F923683BB904F09AF900229B
S21403AFD06368012B0ED16360F8BD1D691F6126608F
S21403AFE004F08FF9012DF2D02B462D691E61012D39
S21403AFF0FAD1E6E719691A610B46EAE7036823B94B
S21403B0004068012803D0E8F7FBBA002070474FF0EA
S21403B010FF307047F8B5054604F066FA0123064686
S21403B0200027A8602B7304F071F92B6802467BB1E6
S21403B0301C692169A1420CBF2F6019612761104664
S21403B04004F05FF9012C08D0204663689847EAE7C6
S21403B0506C68012C04D104F054F900232B73F8BD5B
S21403B0606169711AB1F1004FF5D8216969602361EE
S21403B070E5E77047022070470220704700207047BC
S21403B0800144884201D10120704710F8013B9342E6
S21403B090F7D0002070470821FDF7A6BF70B501461C
S21403B0A0064692B00020E6F7A7FF044670B9FDF700
S21403B0B096FF054601466A462046E7F7F1FA6A46D2
S21403B0C0294620468DF80260E7F7A0FD204612B019
S21403B0D070BD00B593B0FDF782FF6A4601460020B7
S21403B0E0E7F7DEFA9DF9020013B05DF804FB00B53E
S21403B0F093B0FDF774FF6A4601460020E7F7D0FADF
S21403B1009DF8000013B05DF804FBE7F78DBA012045
S21403B11070477FB54FF6FF7101AAE8F74DFD20B1E2
S21403B120BDF80C0007B05DF804FB4FF6FF70F9E7B7
S21403B13008B504F085FB003818BF012008BD08B524
S21403B1401046E9F70DFEBDE80840E9F7C7BE7047AD
S21403B150704770477047704770477047002100B5C7
S21403B16093B06A460846E7F79BFABDF8060013B0A5
S21403B1705DF804FB002110B592B004466A46084603
S21403B180E7F78EFA00216A460846ADF80640E7F769
S21403B1903DFD12B010BD002100B593B06A460846C7
S21403B1A0E7F77EFABDF8040013B05DF804FB002150
S21403B1B010B592B004466A460846E7F771FA0021CE
S21403B1C06A460846ADF80440E7F720FD12B010BD06
S21403B1D0704773B50646E9F715F804463046EBF7AD
S21403B1E093FF2246034600213046F7F7ADFD05469A
S21403B1F0D0B1FFF713FE0446284603F095FD00235F
S21403B200E21D121A294608200093D2B2FBF794FED9
S21403B2100138C0B2012807D801222946304602B0B9
S21403B220BDE87040E9F724B802B070BD134610B508
S21403B2300A4600210446F7F761FD014628B1204679
S21403B240BDE810400222E9F713B8012010BD07B588
S21403B250009313460A460021F7F7CAFC28B10021DB
S21403B26003B05DF804EBF5F775BA012003B05DF89B
S21403B27004FB2DE9F04F87B00C4691460746FFF7CF
S21403B280CAFC0546661C304604F013FA042D40F04B
S21403B29090803846FFF7C2FD0378092203F00303C4
S21403B2A0012B14BF0223032301212046039303F03B
S21403B2B07BFC092200210546204603F075FC217815
S21403B2C08DF8170001390022204689B2FFF7C1FD29
S21403B2D004EB09088346F0B14FF0010A2A460146FB
S21403B2E0CDF800A003980DF11703FBF725FE0228FF
S21403B2F0054626D1584603F033FD00222070C0B21F
S21403B300431E00929BB252465946304604F0D2FA88
S21403B3102378534423703846FFF773FC020424D47F
S21403B32098F8013021789B071FD50139A1EB090155
S21403B3303A464046C9B2EDF703FD23781844207019
S21403B34013E020B92070284607B0BDE8F08F032825
S21403B35009D1404604F0ADF920F4007189B24046A5
S21403B36004F0A9F9D7E70428D5D101250022204601
S21403B3702178FFF76EFD07460028E4D04FF000085B
S21403B3800146434601224046CDF80080FBF7D4FD34
S21403B390022819D1384603F0E3FCC2B2013A207002
S21403B3A093B2394601223046CDF8008004F082FA83
S21403B3B0C9E780F0800520F0800081B23046C5F3EF
S21403B3C0C01504F078F9D1E70028BCD12070BAE79D
S21403B3D008B50020FFF7F2FB80F00100C0B208BDFD
S21403B3E00A4608B501460020E8F742FFB0FA80F0A7
S21403B3F0400908BD0020E7F73DBD00210846E7F7F2
S21403B400E1B90020FFF7D8BB70B5044604F051F944
S21403B410042200210646204603F0C6FB204404F01F
S21403B42048F9032205460021204603F0BDFB2044CD
S21403B43004F03FF94FF6FF730540ADB29D4214D1B9
S21403B440F30712D506220021204603F0ADFB204465
S21403B45004F02FF90446E8F77DFF844214BF022464
S21403B4600624E8F771FF204070BD2046FBF77CFFFB
S21403B470C400E4B2F5E708B5FFF7C6FF003818BF07
S21403B480012008BD0120704710B50446FEF7B5FA43
S21403B49008B9FEF7B4FA03050FD40C231B2B01D10E
S21403B4A0002009E020FA03F1C90703F1010206D5DB
S21403B4B0DBB2E31A5842584110BD0B23F9E7134693
S21403B4C0ECE710B50C46098819B90846F7F7F6FBFA
S21403B4D02080012010BD08B510461A4600F0B8FAC1
S21403B4E0BDE8084004F083B870B504460D4616461A
S21403B4F092B06A46E7F7D4F86A46294620468DF89E
S21403B5001F60E7F783FB12B070BD10B50C46E9F772
S21403B510FDFA2046BDE81040E9F70EBA0129F8B552
S21403B52005460C461DD003291ED0052920D0072921
S21403B53022D00026002400270120E6F7F5FF30443A
S21403B54085421DDA0320E6F7EFFF2044854219DA29
S21403B5500520E6F7E9FF38448542B4BF07200520F7
S21403B560F8BD6FF00406E5E76FF004040526E2E78E
S21403B57000266FF00407DFE7002405272646DBE7EF
S21403B5800120EDE70320EBE738B505460024204607
S21403B590E6F7CAFF0134A842E4B202D9062CF6D174
S21403B5A00724204638BD38B14379490023F00C03FD
S21403B5B001F00C010B434371704710B5044678B194
S21403B5C041794088490801F006010131000AFFF776
S21403B5D0A5FF024601462046FFF7E5FF104610BDCD
S21403B5E00722FBE738B50D46E9F77EFA044608B9A5
S21403B5F0002038BDFFF7E1FF002DFAD1237913F0C1
S21403B6000703F5D0984238BF1846C0B2F1E703796E
S21403B61023F00703194301717047037903F00F03FF
S21403B62043EA0113037170470022E9F701BE0021C4
S21403B630012208B5E9F7FCFD401A18BF012008BD32
S21403B64038B51546FFF7F0FF0446284604F00EF912
S21403B65084B1FF2804D0626822FA00F3DB0701D521
S21403B660012038BD0123834013436360E37801332D
S21403B670E370F5E72046F4E7EAF744B810B503F0BD
S21403B68053FB00F11004204604F013F820F4007175
S21403B69089B22046BDE8104004F00DB82DE9FF41FD
S21403B6A01546019101218DF80D301B0A8DF80E30D9
S21403B6B09DF82C308DF80C008DF80F3028460423A7
S21403B6C0009103AA9DF828809DF830709DF8346099
S21403B6D001F0D8FC044670B12946FFF7D6FAB8F154
S21403B6E0000F02D12046FFF7C9FF2FB146B93146F6
S21403B6F02046F5F72FF80024204604B0BDE8F08175
S21403B700002220461146E9F783FFF4E74FF47A70E8
S21403B710EAF7D8B8F0B5064687B010461C460F467B
S21403B7201546FFF77BFB9DF83030184443789CB1F1
S21403B7306178012211F0020F0CBF032100210020C3
S21403B740CDE90142CDE9031007223946304600957C
S21403B750EAF754F907B0F0BD22462146EFE708B5ED
S21403B760E7F762FFBDE808400020EAF783BB00B5B1
S21403B7708BB06846EAF782F8009BBDF8060004A97A
S21403B7800693EAF721F80BB05DF804FB1FB50446F1
S21403B7906846EAF773F802AB03CB2060616004B037
S21403B7A010BD1FB5062304468DF80C30EAF7F2FCED
S21403B7B000238DF80D00CDE9003301210223204636
S21403B7C003AA01F05FFC04B010BD70B50C46054635
S21403B7D00120EBF7D3FB237B4BB1FFF7BFFC0146FE
S21403B7E023462A46BDE870400120EAF781BF4FF69C
S21403B7F0FE71F5E7F8B50E460746FFF70FFB05465D
S21403B80003F057FF00F44040B0F5404F14BF00224A
S21403B810062202F10A03EB5C0B325C0004F00E0412
S21403B8205B08144403F0380338461C44FFF7FBFA5E
S21403B830844208D2001BC2B20F2A28BF0F2230460A
S21403B8402919DFF741FE2046F8BD40F62740ECF7FE
S21403B850C7BA13B5F5F720FA6946044600F0E1FFC8
S21403B86058B1FFF77BFC40B1E7F7D2FF28B10023BE
S21403B870022269462046F2F7CFFD02B010BDFF2232
S21403B8804FF6FF71ECF7F8BC07B500210DF1070082
S21403B890ECF780FE9DF8070003B05DF804FB13B5D4
S21403B8A0044601A90020ECF775FE019A01462046DE
S21403B8B0ECF786FE204602B010BDF0B50F46002119
S21403B8C087B0044608461646ECF764FE0123054691
S21403B8D00DF10A008DF808408DF80930FFF756FF82
S21403B8E0092C1DD131460DF1120003F0E4FE05AB21
S21403B8F0002102AA9B1A2846CDE90011DBB2642177
S21403B90001F0C0FB0546E0B1092C15D1ECF7A2FE09
S21403B910044688B12846ECF7B1FE204607B0F0BDD2
S21403B92031460DF113008DF812704FF6FF7503F0D4
S21403B930C2FE0DF11503DBE7284600F02EF8044699
S21403B940EBE70446E9E77FB50D461646ADF80E006D
S21403B95003F006FA841BE4B2BDF80E20631B9BB209
S21403B960104629460093731901F0C0FA21460DF1DB
S21403B9700E0001F093FA04B070BD38B504460D46C8
S21403B98003F091FF40B1AC4206D0204603F0ECFB37
S21403B990BDE8384000F0DBBF38BD10B50446FFF7FE
S21403B9A03DFA023003F085FE4FF6F77398422046C1
S21403B9B003D9BDE81040ECF7E3BFEDF72DF8B0FA76
S21403B9C080F0400910BD0022ECF7FEBE70B50546B8
S21403B9D0FFF724FA0646284601F078FB0146284678
S21403B9E0F7F71EFE04462846FFF739F94FF6F773B6
S21403B9F0984208D8337803F00303012B05D1A31E1E
S21403BA005842584170BD0120FCE70020FAE741F296
S21403BA10033330B585B00D46ADF808300446FFF75E
S21403BA209DFB8DF80A00FFF799FB0021000A8DF8AD
S21403BA300B0005232046CDE9001102AA8DF80C5011
S21403BA4001F020FB10B12146FFF7BDFF05B030BD66
S21403BA502DE9F041044617460D46E1B13F294FF064
S21403BA60000600D135462046FFF7D5F8082814D13E
S21403BA700121204603F090F9064603F071F90446C7
S21403BA80304603F051F93B4601462A46E0B2BDE88C
S21403BA90F041FDF75BBB0126E5E72046FFF7BBF861
S21403BAA0024630B9BDE8F0414FF6FF71012003F0BE
S21403BAB0C9BD2046FFF7C0F8B0F5006F0ED120468B
S21403BAC0FFF7CDF84FF6FF739842014617D0002DC7
S21403BAD00CBF03200520002203F0B4FD29462046B0
S21403BAE0E9F74EFE68B929462046EEF729FC40B929
S21403BAF0324629462046BDE8F041EDF749BA012013
S21403BB00E9E7BDE8F08137B54FF6F675FDF76AFA53
S21403BB10431E9BB2AB420446F8D8E8F7E5FF00287D
S21403BB20F4D169462046E8F7D3FA0028EED020463B
S21403BB3000F0DCFF0028E9D12046FFF778FD002857
S21403BB40E4D12046EEF770FC0028DFD1204603F050
S21403BB50AAFE0028DAD12046FDF75AFA0028D5D1E6
S21403BB60204603B030BD73B504460E46EEF75CFCC4
S21403BB70054688B92046EEF7B1FC21462B460D2232
S21403BB804FF6FD70009500F056F83146204602B099
S21403BB90BDE87040EEF764BC02B070BD37B505462D
S21403BBA014460C2914D8DFE801F02C132C131313B6
S21403BBB007131313132424006946E8F789FA18B900
S21403BBC001216846F3F70AF841202946F8F7CEF92B
S21403BBD0D4B12046FFF722F9023003F06AFD4FF690
S21403BBE0F773984210D9204603B0BDE83040EDF70E
S21403BBF0DFB840F6144040F613430B2908BF184637
S21403BC00E3E7F6F7D5FBE3E703B030BD1FB503461E
S21403BC10084603218DF80D308DF80C100123002102
S21403BC20ADF80E20CDE9003103AA042301F02AFA69
S21403BC3005B05DF804FB2DE9F34106460F461446AE
S21403BC401D469DF82080FFF789FAB04207D10022EF
S21403BC502146384602B0BDE8F041FFF79FBF3A469B
S21403BC6031462046FFF7D2FFADF8060060B10D2C33
S21403BC7005D100224FF6FF71282003F0E3FC35B907
S21403BC80BDF80600FFF789FE02B0BDE8F081012388
S21403BC90424629460DF10600E7F71AFCBDF80630C2
S21403BCA0002BEDD1F0E7F7B50C460546FFF7B6F8DF
S21403BCB0611C06462846F7F7B3FCA11C0746284630
S21403BCC001F027F9014604463846FDF7D7F90D2F4C
S21403BCD034D12046EEF7A8FB78B1301D03F0E9FC1B
S21403BCE004462846F679FEF7FCFF31460246204610
S21403BCF003B0BDE8F040FFF7A3BCB01C03F0D9FCCB
S21403BD004FF6F773984202D92846EDF751F82046C6
S21403BD10EEF7E4FBFFF722FAA04205D1002003B0BA
S21403BD20BDE8F040EEF71EBC6B46B068F16803C38F
S21403BD3069462046EEF794FB03B0F0BD2A46394623
S21403BD40204603B0BDE8F040FFF728BF14220021C9
S21403BD50DFF72ABA2DE9F04F11F00F0704460E4617
S21403BD6015468FB05CD10120DCF79CFE09A8FDF7D1
S21403BD7095FA092309A88DF82430FDF793FA09A844
S21403BD80DCF762FE01A909A8FDF71DFC26F00F08E3
S21403BD90A84404F1100904F10F0A454511D123699B
S21403BDA001A93344236109A8FDF7F2FB0020DCF761
S21403BDB079FEB6F1005F28BF272738460FB0BDE8E7
S21403BDC0F08F05AA234696469446186859680833A2
S21403BDD0ACE803004B456246F6D12B46224605F1F6
S21403BDE0100B53F8041B5B4542F8041BF9D171464C
S21403BDF009A8FDF7CDFB09A8DCF726FE2246214657
S21403BE000120DCF70BFE013D631E13F8012F15F826
S21403BE10011F534582EA01021A70F6D15D46BCE75C
S21403BE200227CAE7F0B5174685B005460C4610222A
S21403BE3000216846DFF7B8F9BFB3C4B30F2C04F08C
S21403BE400F0608D924F00F043A4621462846FFF782
S21403BE5081FF40BB2744324639466846DFF734FB4A
S21403BE6080222F6906F1100337446B44B7F5005F51
S21403BE7003F8102C2F61C6F110061AD3062E1FDD09
S21403BE80FB001A0E8DF80A201A0C5BBA8DF80B20ED
S21403BE90ADF80C306A4610212846FFF75BFF0020FA
S21403BEA02B69103B2B6105B0F0BD3E46D8E726460E
S21403BEB0D6E7022E04DDFB005BBAADF80E30E9E7E9
S21403BEC06A4610212846FFF745FF2B691022A3F187
S21403BED01004002168462C61DFF766F9B7F5005FAA
S21403BEE04FEAC403CDD2E7E770B50E46054686B0E3
S21403BEF001A81446FFF72AFF3246294601A8FFF792
S21403BF0091FF2246054601AB05AE1C4603CCB44260
S21403BF1010605160234602F10802F6D1284606B0A7
S21403BF2070BDEEF7BDBB0A460021EEF7B9BBF0B510
S21403BF308BB00C4601A9EEF7B3FB054680B325226A
S21403BF400021E01CDFF730F90123A3700E23BDF8B0
S21403BF5010702380FA0510D523464FF4877206AE79
S21403BF6023F8042B0DF1280C324603CA62451860E9
S21403BF705960164603F10803F6D13B0605D5238818
S21403BF8043F080032380069B636001AB03CB039BD4
S21403BF90C4F81D00C4F82110A361EFF78DFE60619D
S21403BFA028460BB0F0BD30B505460C4687B001A851
S21403BFB0FDF774F92868696802AB03C39DF811306E
S21403BFC043F002028DF8112074B12288510644BF53
S21403BFD043F006038DF81130530542BF9DF8113028
S21403BFE043F008038DF8113001A8FDF752FAB0FAB2
S21403BFF080F0400907B030BD70B58AB00D46002208
S21403C00001A90446EEF74CFB88B1204604A9FFF7C6
S21403C010CAFF60B1BDF81060FFF7A0F838B9720622
S21403C02001D5730503D529462046FDF793F80AB0D4
S21403C03070BD2DE9F3410F460546164602F090FE05
S21403C0404FF00008C41BE4B2294623463A4630465E
S21403C050CDF8008003F02EFC0121284602F09CFE5A
S21403C06088B10121284602F097FE074602F078FEC3
S21403C0700546C3B2424630193946CDF8008003F070
S21403C08019FC2544ECB2204602B0BDE8F0812DE948
S21403C090F04F85B00C46054691461F464FF0010A01
S21403C0A0DDF838809DF83CB002F05AFE22463B4647
S21403C0B029460646CDF800A0484603F0FBFB51464A
S21403C0C0284602F069FE3C4418B35146284602F05F
S21403C0D063FEF6B2B442814610DAE7B2F31BDBB274
S21403C0E0404622462946CDF800A003935F4403F05A
S21403C0F0E1FB039BBF1B984407F0FF0B01230022C1
S21403C1000E9349465B46404605B0BDE8F04F03F044
S21403C110D1BB5B4622462946CDF838A0F3E72DE986
S21403C120F041002686B0074608460C461546984654
S21403C130CDE9026604968DF8146002F011FE411BE9
S21403C140CBB20D2B28BF0D232A462146009602A804
S21403C15003F0B0FB424602A93846EEF71BFD06463F
S21403C160294620469DF80820F7F76EFA304606B0B3
S21403C170BDE8F0812DE9F04F0E46CBB00121054610
S21403C18017461C4602F008FE23463A4629468146D1
S21403C19006A8FFF7C4FF0DF1280A00EB070B52466B
S21403C1A0314628465FFA8BFBFFF743FFB34503D2BE
S21403C1B000204BB0BDE8F08FABEB06085FFA88F8BB
S21403C1C008F104039842F3DB331F18440423C4B274
S21403C1D00193A31BDBB20093524643460021CDF8DE
S21403C1E008A006A8DCF7CEFB0028E1D1A4EB0B04DD
S21403C1F00AEB0803E4B252462846314600930194FC
S21403C2004346FFF744FF39462846F7F709FA394607
S21403C21000F0F8022846F7F717FA0121284602F03D
S21403C220BBFD002818BF4D462846ADF8165002F051
S21403C23097FD011FC9B20DF1160000F02FFE012075
S21403C240B7E72DE9D841064600F040FF411C0446F7
S21403C25089B2304600F00DFF98B394B321463046BA
S21403C260F7F7DEF900F00C03042B074629D000F09D
S21403C2700308B8F1020F00D11BBB384600F0AFFF2E
S21403C2803B060444A4B216D5611C304689B200F0BE
S21403C290F0FEB0B121463046F7F7C2F9B8F1010F08
S21403C2A0014600F003030CD0032B0AD0384600F0F7
S21403C2B0A5FF03199CB221463046BDE8D84100F0DD
S21403C2C0D8BE0020BDE8D881F8B5064600F0C0FE0B
S21403C2D0054604463046FEF7A1FD43785B0718D5AE
S21403C2E0AC1CA4B22146304600F0C3FEB8B12946C2
S21403C2F03046F7F795F90746691C304689B2F7F7D3
S21403C3008FF91FB1874201D8FF2808D104EB4704F1
S21403C310A4B221463046BDE8F84000F0AABE00208D
S21403C320F8BD13B5044601A8EEF78CFEBDF804303D
S21403C330DA0710D49B0707D410220021204602B048
S21403C340BDE81040DEF730BF224621461020FFF737
S21403C350CBFD0028F0D102B010BD024608B5EEF7BB
S21403C36099FE510544BF0838C0B2130544BF0838C8
S21403C370C0B208BDF0B5D30705460C468BB04AD508
S21403C380008800F0A3FE00230646029314B9CDE905
S21403C390034403AC002208212046FEF771FEA8B131
S21403C3A02888FEF73BFD023003F083F92146074653
S21403C3B0E7F78EFE50B1002240231146384600F0C0
S21403C3C01DFA40F6094528460BB0F0BD31462888CD
S21403C3D0F7F726F910F0030F0CBF01260026EEF739
S21403C3E0A3F946EA4000C0B200900021204602AB03
S21403C3F005AAF0F7B9F80546EEF796F90028E2D055
S21403C400002DE0D000212046009602AB05AAF0F7E7
S21403C410ABF80546D7E740F60A45D4E700231A46A5
S21403C420EFF7FCBF30B58BB005AD04462846FCF7E6
S21403C43035FF0223284601A98DF81430FDF7C3F80B
S21403C440234601AA144603CCAC4218605960224620
S21403C45003F10803F6D10BB030BD08B5002302463E
S21403C46019461846EFF7DAFF012008BD37B504462C
S21403C4706846F0F74BF8054648B108222146684659
S21403C480DFF7DEF9B0FA80F0400903B030BDFF22D3
S21403C49008212046FEF7F4FD034628B10621284668
S21403C4A0FFF7BCFF0120F0E722460146EFF7B6FF91
S21403C4B0F8E707B56846F0F729F810B16846FDF7C0
S21403C4C000FA00F0010003B05DF804FB0120F0F76A
S21403C4D057BD704737B504460846FEF7DCFB0546EE
S21403C4E0FEF73CFE00230146009322462B4601201E
S21403C4F0F6F782F803B030BD30B50124054689B09F
S21403C50003A8FCF7CBFE01A88DF80C40DCF7FAFA7B
S21403C5109DF806209DF80730AA4209D0AB4209D100
S21403C52003A88DF80D40DCF78FFA012009B030BD63
S21403C5300024F5E70020F9E700221021FEF7A0BD4E
S21403C5407FB50D4600F582300D22694600F58070F2
S21403C550D0F7BEFC6B462A4602AE1C4603CCB4425A
S21403C56010605160234602F10802F6D1206810607D
S21403C5702379137100236B7304B070BDF0B585B0D7
S21403C5806A4605460B46164601F108071446186820
S21403C5905968083303C4BB422246F7D118680D22F4
S21403C5A020601B7905F582303146237100F58070D3
S21403C5B0D0F7BAFC05B0F0BD38B504460D46DBF738
S21403C5C065FDA04205D920462946FFF7B9FF00209E
S21403C5D038BD2820FCE730B5002485B08DF8004030
S21403C5E0DBF754FDE5B2A84204D8F2F75BF9002066
S21403C5F005B030BD69462846FFF7C0FF0134EFE7B4
S21403C60038B50446002002F07FFDFF2805460FD00C
S21403C61002F002FE10F0010009D0284602F0FCFDED
S21403C620400840EAC17080F0010000F0010038BD08
S21403C63004F00100FBE70146F8B506460020F2F7D2
S21403C6406BF8FF2801D00120F8BDDBF70FFD0024AF
S21403C6500546871CDBF70EFDE3B2984201D800209F
S21403C660F2E735F82430B34203D117F82430002B11
S21403C670E9D10134EEE738B50D460121044602F050
S21403C6808BFB30B10121204602F086FB2880012077
S21403C69038BD20462C8000F00EFE0130C0B2F7E70E
S21403C6A02DE9F04788B00746894610460DF10A0182
S21403C6B01D469046FFF7DFFF4FF0000ABDF80A60FD
S21403C6C004463046CDE905AACDF81BA002F048FB88
S21403C6D0031BDBB20B2B28BF0B2322463146CDF8B8
S21403C6E000A005A803F0E6F848F21F039D4243D0D6
S21403C6F00BD885F40043012B15D9234642464946F9
S21403C70028460097FDF730F933E048F23A039D4296
S21403C710F3D1FEF723FDB8422BD02246414605A8A7
S21403C720FDF757F925E09DF8143013BBBDF81D40FF
S21403C730DDF81500DDF8191003AB03C3204603A983
S21403C740DBF7C6FE0122204603A9EDF73FFFA7420B
S21403C75006460ED0012103A8F2F740FA48F2010379
S21403C7609D4206D12EB9334632463946204600F05E
S21403C77046FE08B0BDE8F0879DF81450002DF8D1AA
S21403C7802F469DF815800234EAB24245F1D2D20014
S21403C790D2B222440823314692B2009703A8CDE9C9
S21403C7A0037703F087F803A8F4F7A6FA02F0DCFC95
S21403C7B000F0CDF80135E7E708B5E6F735FFBDE845
S21403C7C00840F2F749BC10B50024418084800480F9
S21403C7D0C280038110BD13B5BDF81040CDE9003407
S21403C7E00023F2F7A1FD02B010BD13B5BDF810404B
S21403C7F001900094F2F798FD02B010BD07B50093C0
S21403C8000123FFF7F2FF03B05DF804FB0123F2F701
S21403C81031BE0121F3F79EBF01464FF6FF70F3F7D3
S21403C820C1BE10B50C4602F09FFCFF2808D0F4F7F3
S21403C8304BFA20B10368236043680120636010BD90
S21403C8400020FCE710B50446FEF7F6F9B0F5006FD6
S21403C850204605D1FEF703FABDE8104002F084BC7B
S21403C860FEF719FABDE8104003F019B808B502F050
S21403C8707BFCFF280CD002F0CFFC10F0010309D09C
S21403C880400840EAC17080F0010000F0010008BDD6
S21403C8900020FCE71846FAE71FB500F582300B22A6
S21403C8A001A900F5C070D0F713FB9DF80E0005B084
S21403C8B05DF804FB30B589B001F0010503A9044611
S21403C8C0F4F724FE9DB190B9204602F0A5FC10F0C3
S21403C8D0010109D0204602F09FFC430843EAC173D6
S21403C8E083F0010303F0010103A8F2F777F920466A
S21403C8F0F5F7A4FD9DF81430294600932046BDF8AD
S21403C900162003ABFCF79EFB09B030BD7FB50C4683
S21403C9100546F4F7C1F9A04217D04FF6F7739C42C9
S21403C92013D805F5823606F5C0760B2201A93046E4
S21403C930D0F7CEFA01A90B223046ADF80C40D0F75B
S21403C940F3FA21462846F4F7F9F904B070BD10B59A
S21403C9500446DBF7A1FBA0420FD92046F4F79CF967
S21403C9604FF6FF73984208D020460021FFF7A2FF38
S21403C9702046BDE81040F4F723BE10BD10B50446AC
S21403C980FEF7ECFB0023024619462046BDE810409E
S21403C990F4F770BF2DE9F04114460F460546984656
S21403C9A0FEF73CFA0646043002F083FE2080284653
S21403C9B0FEF797F96080B379791CE372C9B228460B
S21403C9C0F6F72EFEB91CA072C9B22846F6F728FE63
S21403C9D0FE1C2072F6B2B8F1000F18D03146284676
S21403C9E000F097FA0537FEB23146A080284600F0DD
S21403C9F090FAB11CE080C9B22846F6F711FE6072C1
S21403CA00217AA0880122BDE8F041F5F753BC2088BF
S21403CA10EAE72DE9F04186B090461E4604460D46E9
S21403CA20FEF79CFB4FF6F7739845074632D8052367
S21403CA30A0428DF80C304FF0010214BF01230023EF
S21403CA404FF0000118BF8DF80D30CDE9002114BF5B
S21403CA50ADF80E008DF80D30284614BF04230223CC
S21403CA6003AA00F00FFB0546A0B1A7421AD0FEF7B3
S21403CA70D5F9074621460430803E02F01CFE2046C8
S21403CA80FE7104A9FFF7CDFE40B9204604A9E7F7D7
S21403CA9033F818B9002006B0BDE8F081284604A98B
S21403CAA000F07EFB41462846FEF78DFFF3E7037949
S21403CAB023F00303194301F03F010171704707B5E3
S21403CAC00DF10701F5F79CFA03B05DF804FB08B512
S21403CAD0FFF7F5FF18B1BDE80840F5F7E1BA08BD62
S21403CAE000224FF6FF701146F5F7E4BB10B5044677
S21403CAF0FFF7E5FF024638B901462046F5F7DAFBAD
S21403CB00003818BF012010BD0120FCE7F8B5174612
S21403CB1004460E46FFF7D3FF0546386068B103792F
S21403CB2003F00303337023B93A68137903F03F0322
S21403CB3013713B685C882046F8BD01462046FEF725
S21403CB4051FD074628B1E8F7DDF9874201D835706D
S21403CB50F1E731462046FCF701FF0028EBD003231C
S21403CB604FF6FF743370E6E707B501AA0DF103012C
S21403CB70FFF7CCFF9DF8033053B9019828B103792A
S21403CB8013F0300F14BF0120002003B05DF804FB40
S21403CB900020FAE72DE9FF4106461046884615466B
S21403CBA0F4F7AAF80746FEF7D9FA044648BB4FF649
S21403CBB0FF739E4225D09F4206D00146384604B0F6
S21403CBC0BDE8F041EBF768BC07238DF804302B680B
S21403CBD00246CDF805306B68092101A8CDF8093067
S21403CBE0FEF737F9024618B9192004B0BDE8F081FC
S21403CBF0012341463046F0F7B9FE0028F4D020461C
S21403CC00F3E70220F1E72DE9F04390460F46064688
S21403CC104FF0010991B00BA803ADFCF73FFB07AC3F
S21403CC2029460BA8ADF82C90FCF7CDFC95E80F0031
S21403CC3084E80F004B46002239463046CDE90048CB
S21403CC40F0F7B0FF11B0BDE8F0832DE9F04F0027F1
S21403CC5085B081460C467E2039469846BDF83CB0E2
S21403CC609DF844A0BDF84C500192ADF80E7002F04A
S21403CC70CFF80646002800F0AA8002F055F8394699
S21403CC807E22DEF791FA304602F04EF800903046E8
S21403CC9002F04AF8B9F1FF0F0CBF274644F003072A
S21403CCA03B0A14F44062077043705FD14FF00808E4
S21403CCB0C31C184642460199DEF7C8FA034604F435
S21403CCC04044434484B1790606D419464FEA1B22EE
S21403CCD001F802BB5A700B46B4F5004F56D0A4F5C4
S21403CCE0404254425441E400224618460E99DEF769
S21403CCF0ADFA009A03462044A0EB02085FFA88F8D0
S21403CD009DB14FF47C521A53841C284602F00CF84B
S21403CD108346284602F024F8C5B22A4659462046DA
S21403CD20DEF7D2FB60190235EDB2B9F1FF0F2FD053
S21403CD305246109900F8019BDEF7C6FB08F1010185
S21403CD405AFA81F129443046E6F758FB0C210022B3
S21403CD50FF0007F0800710463943FEF73DF8ADF8AD
S21403CD600E00E8B9002005B0BDE8F08FB2F5006FFD
S21403CD7080F803804FEA182880F8048000F1050342
S21403CD8014BF4FF008084FF0020892E70224ABE7FF
S21403CD9008EB0A0129443046E6F730FB0821D6E7BC
S21403CDA0304601F0C1FF0446304601F0D9FF0123A7
S21403CDB0024621460DF10E00E6F78AFB0028D1D184
S21403CDC00121BDF84820BDF80E0001F0F9FFBDF8BB
S21403CDD00E00C8E710B50C46098821B90846F5F7D2
S21403CDE06DFF208008B1012010BD0220FCE72DE96D
S21403CDF0F04780460F460646002402F1FF39BC4240
S21403CE0002D219F8015F25B9A6EB080080B2BDE887
S21403CE10F0879A46A5F13102012A5AF8041B10D866
S21403CE203246322D02F8011B06D10134A4B2A742C2
S21403CE3032D30912B21C7170013453461646A4B29B
S21403CE40DDE7342D0CD10334BC42DDDA0B0A317036
S21403CE5073700B0C090EB370321DF170A4B2EBE7BE
S21403CE60A5F13302062A0DD8303DADB22B19BB42CD
S21403CE70CADA2A463046013CDEF7E8F915FA84F4A6
S21403CE807219EBE7A5F14102062A01D8373DECE714
S21403CE909D8803F1080AE9E71646B5E770B5054627
S21403CEA000880C4601F05CFFA04228880AD201F0F5
S21403CEB057FF0023221A19462846BDE8704092B24F
S21403CEC0E6F706BB2146E6F799FA002070BD38B5AB
S21403CED0054601F029FF0446284601F041FF0022DB
S21403CEE001462046BDE83840FDF7B3BFF8B5164601
S21403CEF00C461D46BDF8187001F016FF0444304674
S21403CF0001F012FF3A4641192046BDE8F840DEF725
S21403CF109DB970B50C46013189B20646F6F780FB1B
S21403CF20214605463046F6F77BFB00EB052080B22C
S21403CF3070BD1FB50123ADF80C2000930A460223EB
S21403CF40014603A802F0B6FC05B05DF804FB0FB477
S21403CF5037B5069D0021A8B201F05AFF044601F03A
S21403CF60E3FE2CB1002207AB0193D1B28D4205D864
S21403CF70204603B0BDE8304004B0704753F8041BA6
S21403CF8081540132F1E773B504460D464020002173
S21403CF90164601F03DFFADF8060001F0C5FEBDF8EC
S21403CFA0063013B9002002B070BD402133462A462E
S21403CFB02044FFF71CFF211889B20DF10600FFF786
S21403CFC06DFF0028EED1BDF80600ECE70EB403B5FE
S21403CFD003AA52F8041B0192FFF7D5FF02B05DF8CF
S21403CFE004EB03B070472DE9F7430F460121814652
S21403CFF0164601F0D1FE054658B1FFF768FF3080AC
S21403D00088B9284601F0ACFE68B1192003B0BDE824
S21403D010F083484601F0A4FEFF2FA0EB0704E4B21A
S21403D02014D014B934800020F0E72A462146284657
S21403D030FDF70FFF80460028E7D03B464A462946C1
S21403D0400094FFF753FFA6F80080ECE70120DDE726
S21403D05008B5FDF7E3FE437803F001001A074CBF5B
S21403D06010300830DB0644BF0830C0B21030C0B200
S21403D07008BD10B50C4601F073FEA04234BF002075
S21403D080012010BD7FB514460091024641F20921E6
S21403D09041F609209DF820601D46002E18BF014664
S21403D0A0099B0020F6F7E4FAADF80E0010B900204D
S21403D0B004B070BD01232A4621460DF10E00E6F7A3
S21403D0C007FA0028F3D1BDF80E00F1E738B5054698
S21403D0D0FFF7BEFF0446284601F042FE631C9BB2E0
S21403D0E083420FD82846FDF799FE43785B0707D59A
S21403D0F021462846F6F794FA013004EB4004E4B2DE
S21403D100204638BD0024FBE71FB5ADF80E0001F03E
S21403D11027FE0446BDF80E00FFF7D8FF00F10E0306
S21403D120DBB2BDF80E200146E01A80B2009010462E
S21403D130FFF7DCFEA4F10E0189B20DF10E00FFF736
S21403D140ADFE04B010BD4278034612F0080006D0C8
S21403D150D20702D403F10800704703F109007047B1
S21403D16037B505460C46FDF759FE437813F0100213
S21403D17012D09CB103F001021B074FF000032946AF
S21403D180009320464FF0080354BF1832203202F0B3
S21403D19091FB012003B030BD1046FBE72046F9E7BC
S21403D1A073B505460C46FDF739FE437813F01002B7
S21403D1B011D094B1012603F001021B0729464FF054
S21403D1C00803204654BF18322032009602F072FB42
S21403D1D0304602B070BD1046FBE72046F9E700F084
S21403D1E00303012B08D0C30606D400F00C000C285A
S21403D1F014BF08200920704702207047034611F029
S21403D200030005D003F00303022B14BF0220032000
S21403D2107047F8B50C46064601F0A2FD631C834230
S21403D22002D900252846F8BD21463046F6F7F8F918
S21403D2300746FFF7D4FF3B060546F3D504443046BE
S21403D24001F08EFDA4B2631C9BB28342E9D821464B
S21403D2503046F6F7E5F901463846FFF7CFFF284490
S21403D260C5B2DFE770B506460D46FFF7D2FF0446A4
S21403D27010B90024204670BD29463046F6F7D0F98B
S21403D2808206F7D5304601F06BFD2544ADB26B1C24
S21403D2909BB28342EDD829463046F6F7C1F900F033
S21403D2A01803082B14BF05340634E4B2830644BFC0
S21403D2B00834E4B2DEE738B50546FFF707FF044651
S21403D2C008B9002038BD01462846FFF7CBFF0028E3
S21403D2D0F7D02044C0B2F5E72DE9F04387B0054602
S21403D2E00C46FDF79BFD804602F0E3F90746284609
S21403D2F0FFF7ECFE064601462846FFF78AFF0022A4
S21403D300034600922946324602A802F0D3FA9DF855
S21403D310086006F00C030C2B06F003090BD0B9F1DA
S21403D320010F59D0F10657D49DF809300DF10A05BF
S21403D3300020637107E0FF230DF10900637102F01B
S21403D340B8F90DF10B05208198F80130DA0704D5FA
S21403D35008F1020002F0ADF92081B9F1010F5FFA7E
S21403D36089F83DD0F3063BD4284602F0A2F9608044
S21403D370A81C02F09EF9053515F8013C20802371A0
S21403D3802B78B006A37206F0400348BF43F0200391
S21403D390390627D543F40073F80448BF43F4806383
S21403D3A0390548BF43F400633206E38011D56A7833
S21403D3B012F003020DD06FEA43436FEA5343A97892
S21403D3C0B8F1020FE3800B4611D1EB7841EA032153
S21403D3D0218107B0BDE8F083FF230DF10905A7E718
S21403D3E0FF23CCE77A0648BF43F48073D4E7012AC9
S21403D3F004BF0B029BB22381EBE7F6F715BE0BB116
S21403D400F6F77EBE0AB9F6F7F7BEFF21F6F720BE9B
S21403D410431C08BF0020DFF77DB90000034B5868A4
S21403D420C0F30800003818BF0120704700ED00E085
S21403D430014B1868704700BF486B0020084B1B6FF2
S21403D44003F00703022B04D0032B05D0012B05D0D2
S21403D450FEE7044B18687047034BFBE70348704727
S21403D46000800050486B0020506B0020002D3101D7
S21403D47008B5FFF7E3FF054B1B6FC3F30133013317
S21403D480B0FBF3F0024B186008BD00BF00800050ED
S21403D490446B00200048704700B4C404004870473B
S21403D4A0002D3101014B1868704700BF506B0020F8
S21403D4B0174A9368C3F304430C2B0AD8DFE803F038
S21403D4C00B0909090909072119091B1D1F00114822
S21403D4D0704700207047936803F04073B3F1807F72
S21403D4E011D0B3F1007F10D0002B0B4818BF0020DB
S21403D4F070470A4870470A4870470A4870470A4800
S21403D50070470A4870470A4870470A48704700BF82
S21403D5100040015A405DC60000093D00C0EA2101F3
S21403D52080BA8C010048E801005A62020024F40025
S21403D53080841E0040420F00014B1868704700BFEE
S21403D5404C6B002007B500F065FC6A4600F0C2FC91
S21403D55018B14721034801F0CEFFDDE9000103B00F
S21403D5605DF804FBAD0004000229F8B596BF104B26
S21403D57000245C5C012805460E4608D0022809D024
S21403D58008B944F002040B4B1F6837B9F8BD44F0E2
S21403D5900804F8E744F02004F5E77B681A681442A9
S21403D5A003D0314628465B6898473F68EDE700BFDF
S21403D5B0169804004040002038B5104D2B78ABB1C8
S21403D5C00F4C23781BB100F031FA002323700020A0
S21403D5D001F0A4FF0B4C50B100F07AFA00230121AE
S21403D5E020782B70FFF7C0FF0123237038BD01227C
S21403D5F0054B1A702278054B1A70F7E73661002040
S21403D600346100203B610020376100203861002030
S21403D6100E490B78FF2B01D198B170470BB990B91F
S21403D6207047002814BF0122FF2213440B7060B119
S21403D630074B1B78012B08D9064B1B782BB9FFF732
S21403D640BBBF1A46F1E70122EFE770473A610020B5
S21403D6503B6100203761002010B501F04AFE064BFF
S21403D66004461B781BB1BDE8104001F03DBEFFF732
S21403D670A3FF2046F7E700BF3361002002282DE909
S21403D680F04147D029480378FF2B41D1002941D1E7
S21403D6901A461344DBB2037000293BD0244E32787B
S21403D6A0012A37D9002B3ED001F023FE214F044632
S21403D6B03B780BB3204D2B781BB901222A701F4AE7
S21403D6C01370DFF87C8098F8003023B100F0AEF9D1
S21403D6D0002388F80030204601F006FE012001F002
S21403D6E01DFF01F006FE2B7804461BB100F0F0F98F
S21403D6F000232B7000233B70204601F0F5FD012428
S21403D7003078A04206D02146FFF72EFF347001E0A2
S21403D71013B931B9BDE8F081002914BF0122FF22F5
S21403D720B7E70122B5E70224EAE700BF3A61002023
S21403D7303B61002036610020336100203761002002
S21403D740346100202DE9F04385B0EFF3108572B6FF
S21403D750AFF3008001F0B7FF002800F09280624E1E
S21403D760624F337823B10020FFF752FF0023337054
S21403D770387878B903A900F01DFB044650B95C4B12
S21403D780039A1B689A4200F284800120FFF740FF49
S21403D790012333703B78002B40F09980554B1B7860
S21403D7A0002B00F091804FF00208534CDFF868918D
S21403D7B02078404507D099F8003013B94146FFF763
S21403D7C0D3FE84F80080B8F1020F0FD1DFF824816E
S21403D7D098F8003053B9494B1B7823B900F020F969
S21403D7E00122474B1A70012388F80030207800F096
S21403D7F0F7F899F8003013B1424B1B782370AFF358
S21403D8000080284601F085FEEFF3108572B63E4B86
S21403D8101A7852B100221A703A4B20781B78984235
S21403D82003D101212170FFF79FFE384800F082FAEA
S21403D83001F05DFF8046002893D12E4F3B789BB1C5
S21403D84089F80000DFF8B89099F800301BB100F0B3
S21403D850EDF889F80080002001F060FE002839D03A
S21403D86000F036F900233B70337823B10020FFF72E
S21403D870CFFE0023337000212078FFF775FE0023C8
S21403D8802370AFF30080284605B0BDE8F04301F0EF
S21403D89040BE1F4BD3F8008000F048F9039B80443A
S21403D8A09845BFF472AF00F03BF98200039942F04B
S21403D8B0020292B2CDE900422346164AA1EB0801C2
S21403D8C0124801F02DFE65E700F09CF86BE74FF079
S21403D8D001086AE7012000F083F8284601F019FEE4
S21403D8E0EFF3108572B6B6E7356100203A61002083
S21403D8F048400020366100203B610020396100204B
S21403D9003461002038610020316100204C40002043
S21403D9104440002059D603003761002010B501F0BB
S21403D920E8FC0022054B1C781A7001F0DDFC00F0C1
S21403D93005FBE4B22043C0B210BD00BF3261002035
S21403D94038B501F0D6FC094B05461B78012B04D8E5
S21403D95001F0CAFC0024204638BD054B1C6800F0C5
S21403D960E5F80444284601F0BFFCF4E73B610020D9
S21403D970444000201549164A0B6F10B503F0070301
S21403D9801360144A144C9269032B02F00200C2F38C
S21403D9904002227017D0D1F8203103F00703022B80
S21403D9A011D0D1F8803203F001030C4A137048B14A
S21403D9B043B9064BD3F8003103F00303591E4B4219
S21403D9C04B41137010BD0123EFE700BF00800050EA
S21403D9D0A840002000C001504061002041610020A3
S21403D9E0012805D00238012808D80020CCF77ABDD4
S21403D9F0034A136923F00403136130BF704700BF63
S21403DA0000ED00E0044B054AD3F8203103F007038A
S21403DA101360F7F712BF00BF00800050B04000202D
S21403DA200122014B1A7070473F610020F8B51F4B67
S21403DA301B78002B39D01E4C2378B3B91D4B9A6D37
S21403DA40D10302D5DA6D92072FD49B6DDB072CD456
S21403DA5001F0A9FD184B194A1860136F23F007034A
S21403DA6043F003031367FFF703FD01F09CFD124B1E
S21403DA70134D1B68134EC01A2B78134F56F82320EA
S21403DA8046F82300111A3A681048521A0A213A60D7
S21403DA900932B2FBF1F20133DBB20260B3FBF1F2FF
S21403DAA001FB12332B7000232370F8BD4161002065
S21403DAB03E61002000C00050A040002000800050BF
S21403DAC03D61002078400020744000207040002014
S21403DAD008B5F7F7B3FE0D4A0D49136F096823F02F
S21403DAE007030B4313670B49D2F82031096823F069
S21403DAF007030B43C2F82031074B1B7813B10122EF
S21403DB00064B9A62BDE80840FFF7B2BC008000509F
S21403DB10A8400020B04000204161002000E00050F3
S21403DB20014B1878704700BF41610020054B1878F9
S21403DB3018B1054B186800EBD000044B1B6818445B
S21403DB40704700BF4161002070400020A4400020C1
S21403DB5008B50D4B1A7892B100221A700B4A136F50
S21403DB6023F0070343F001031367D2F8203123F0B1
S21403DB70070343F00403C2F82031FFF779FC0122C0
S21403DB80034B5A6708BD00BF3F610020008000506A
S21403DB9000E000500D490B68A0B10022A3B18342F8
S21403DBA003D1836822B90B6003E01A469B68F5E746
S21403DBB0936083680BB9002070475A6941690A4429
S21403DBC05A61F8E72220704702207047BC400020C5
S21403DBD010B501F004FD0A4C0A4B19682368C31AF2
S21403DBE009B9206010BD002BFBD04A699A423ABFA0
S21403DBF09B1A0022D21A4A6128BF00238968EFE7DE
S21403DC00B8400020BC40002038B5154D2B682BB318
S21403DC105B69B3B1134A022014681C4400F088FA07
S21403DC20204600F047FA00220F492B680A70012AA3
S21403DC3005D823B1D88880070AD501230B700020A6
S21403DC4038BD022000F074FA022000F093FAEAE7E7
S21403DC509B68002BF3D058690244E8E72220EFE7DD
S21403DC60BC400020B840002043610020C38870B544
S21403DC7004460D463BB9FFF763FE8542064602D2CD
S21403DC80F8F757FF35460E4A656113689BB914606B
S21403DC90A3600FE02D1A986819466561034618B10C
S21403DCA05869A842F6D941B18C60A36013B15A698A
S21403DCB0521B5A6170BD0021F2E71460F5E700BFFE
S21403DCC0BC40002070B516469DF81420C0E9033604
S21403DCD00271049ABDF818300260002204460D460D
S21403DCE08260C38006BB01F07AFC2844A0613DB97C
S21403DCF0E368656113B120462168984796B13546B7
S21403DD0001F0F7FA0646FFF763FF29462046FFF7BA
S21403DD10ADFF074B1B68A34201D1FFF775FF3046E3
S21403DD2001F0E2FA002070BD01F059FC3044DDE753
S21403DD30BC400020F8B50546D0B101F0DAFA064635
S21403DD40FFF746FF0B4B28461F68FFF723FF0446E3
S21403DD5020B1304601F0C8FA2046F8BDAF42F8D1EC
S21403DD60FFF752FF2228F4D1022000F0EDF9F0E786
S21403DD702224F1E7BC40002038B50C460546A8B17E
S21403DD80A1B100230B7001F0C1FA0121084B1B68F7
S21403DD9033B901F0B6FA002038BD9D4204D1217094
S21403DDA02278002AF9D0F4E79B68F1E72220F3E70C
S21403DDB0BC400020F8B506460F4601F0A7FA00253A
S21403DDC00446124B1B6823B9204601F09AFA1B201F
S21403DDD011E05A691544DA88B2420DD101F0FFFB0F
S21403DDE00B4E3368C01AA8420AD3002320463B6072
S21403DDF001F087FA0020F8BDFF2EEFD09B68E2E71C
S21403DE0001F0EDFB33682B441B1AEFE7BC40002000
S21403DE10B840002070B501F079FA064601F0DFFB42
S21403DE20084B044601201D6801F0C9FB18B101F038
S21403DE30D6FB04460135304601F063FA20462946F0
S21403DE4070BD00BFC4400020014B1868704700BF78
S21403DE50C0400020F8B50C4B05461B680E468342AF
S21403DE600FD3002440F2E7302146084B4FF47A7272
S21403DE701F680023E5FB0701DCF72AFE3060204617
S21403DE80F8BD2120FCE700BFB4400020C0400020BE
S21403DE900F4B10B51A689AB14FF47A71531E13429A
S21403DEA0A0FB01010ED1B2FA82F2C2F11F04531C89
S21403DEB0D243E04001FA03F3184321FA02F2024385
S21403DEC0104610BD0023DCF703FE0246F8E700BF4A
S21403DED0C040002038B5164B14468342154B8B4181
S21403DEE023D3154B1A6802B34FF47A75A0FB0503C8
S21403DEF005FB0131531E134211D1B2FA82F3C3F16B
S21403DF001F055A1CDB4301FA02F2E84021FA03F329
S21403DF1010431843E940C4E90001002038BD00233C
S21403DF20DCF7D6FDC4E90001F7E72120F6E700BFDA
S21403DF30EFA7C64B37894100C040002010B501F05B
S21403DF40E5F9034B1C7801F0DCF9E4B2204610BD7A
S21403DF504261002008B5084B1B7803F0FF004BB165
S21403DF6001F021FB054B1B689B69C01A02288CBF76
S21403DF700020012008BD00BF43610020BC400020F4
S21403DF80C2072DE9F843044607D5474A1368013309
S21403DF901360FFF71DFEFFF737FEA30740F18180EE
S21403DFA001F0B4F94FF0000805464646FFF710FEA9
S21403DFB03E4F3C680CB16369A3B100223C4B012E73
S21403DFC01A7003D118F0020F18BF1E70FFF71CFE5D
S21403DFD0222802D1022000F0B7F82846BDE8F8430D
S21403DFE001F08FB923465A693AB91A7921799142D1
S21403DFF088BF1C469B68002BF5D1284601F081F9A3
S21403E000D4F81080B8F1000F3FD001F0E8FAA26907
S21403E010851AEB17454573F1000337DB2369134471
S21403E020A36101232269CAB1C3B9A38BB8EB050860
S21403E03033B1E28B13449BB2B3F57A7F1CD2E383EE
S21403E04001F064F9054641462046FFF70FFEA36933
S21403E050226928461344A36101F053F9E36813B118
S21403E060204621689847B4F8068001F04FF9013638
S21403E0700546FFF7ADFD9CE7A3F57A73E383A36933
S21403E08018F1FF38013BA361DAE7454601F03EF994
S21403E09081462046FFF77EFD484601F032F900230D
S21403E0A0C0E7BDE8F88300BFC4400020BC400020A2
S21403E0B04261002010B5044601F01BF94FF0B04250
S21403E0C0936A1907FCD4136A116C5269120704D4B5
S21403E0D0CA1A032A01D899420ED1E21A022A98BF15
S21403E0E0DC1CB4F1FF3F38BF013C4FF0B0430822BD
S21403E0F01C6403F580539A6101F0F6F8054A137819
S21403E1003BB14FF0B041CB6B43F00203CB6300232C
S21403E110137010BDED70002007B5044B01A91879E4
S21403E12001F08DF9019803B05DF804FB54960400E2
S21403E13000F001038207034A48BF43F008039361D4
S21403E140704700BF00100058820700F001030AD58D
S21403E1500121064A43F0080311704FF0B041CA6B21
S21403E16022F00302CA63024A93617047ED700020EF
S21403E17000200058830742BF0822014B5A617047AC
S21403E1800010005873B502AB164603E906000446B2
S21403E19000F052FF0546204600F05EFF9DF8002083
S21403E1A08DB1202C33780ED8012B2ED84FF6FF7561
S21403E1B02D4803EB4313234430F81310A94202D02F
S21403E1C0013120F81310294B294E33F8141036F872
S21403E1D01400814232D34FF6FF75A9424FF0010572
S21403E1E002D0013123F8141004F0FD01092927D1C8
S21403E1F0998AB68A0A44B242B4BF9A829E8233F898
S21403E2001430834227D202B070BD022BDBD14FF607
S21403E210FF704FF6FF75144B33F81410814218BF86
S21403E220013104F1210018BF23F8141033F810103D
S21403E230A9421CBF013123F81010C4E70025D0E71C
S21403E2401D2CDCD1598F8E18864203DA01390A4415
S21403E2505A87D4E75887002DD5D1204602B0BDE8AB
S21403E260704001F0D7B900BF4C5B0020245C00204F
S21403E270D05B002038B50D46044601F047F8064A41
S21403E28013889BB22DB123431380BDE8384001F0B9
S21403E29038B823EA0403F7E7126000200022034B92
S21403E2A001214FF480701A70FFF7E4BF71670020F6
S21403E2B008B5054B1868FCF7C1FB00F00300C31E46
S21403E2C05842584108BD00BF4458002038B504469C
S21403E2D001F03EFA0C4B05461978187981420FD0A7
S21403E2E0631E082B0CD8DFE803F0050D0B0D0B0D92
S21403E2F00D0D0D0000220146044B1868FCF79CFB2D
S21403E300284638BD0022F7E71B710020445800203A
S21403E31038B54FF0FF300C46FFF77AF80A4B054640
S21403E3201868FFF775F8641B241A20B210F1630F00
S21403E33006DB10F1240F05DA64308000C0B238BD66
S21403E3400020FCE7FF20FAE74458002008B5134BEB
S21403E3501B78062B04D040F62101114801F0CBF8B8
S21403E360104B1B881B0704D440F622010C4801F00F
S21403E370C2F80D4B2A201978FFF7A8FF00210820C2
S21403E380FFF778FF0222094B1A70094B1868E3F768
S21403E390B7FBBDE8084001F02AB900BF716700204B
S21403E3A0BB920400126000206E67002050710020AC
S21403E3B04458002010B50E4C236823B940F6A341F9
S21403E3C00C4801F098F82068013001F072F900F06B
S21403E3D0070003280AD1246809220121204600F0F9
S21403E3E0E3FB205C031F5842584110BD0020FCE7A6
S21403E3F034580020BB92040038B50C4640B10021C7
S21403E4000420FFF737FF01F0F2F8012C1DD038BDCA
S21403E410244B1B889B07F6D50129234A2FD1117855
S21403E42069B30139C9B2117011B92020FFF722FF71
S21403E43000210220FFF71EFF04221C4B00211C486C
S21403E4401A7000F05DFD01F0D2F81A4C2068013016
S21403E45001F02FF900F44060B0F5006F1FD1246877
S21403E46001210422204600F09FFB204401F021F9FD
S21403E4700146BDE838400022202001F0E3B8002121
S21403E4800D4D02201170FFF7F5FE2B78FF2B04D0FD
S21403E49040F29961094801F02EF82C70B3E74FF665
S21403E4A0FF71E6E7126000207067002071670020A6
S21403E4B0506E00203458002051710020BB92040097
S21403E4C038B5134C05462388580709D5FFF7F0FEE1
S21403E4D001460720FFF7FAFEFF210120FFF78CFF16
S21403E4E0238899070BD50B4B284619788A1F514268
S21403E4F05141FFF7EBFE01210020FFF77DFF238844
S21403E5001B0703D5BDE83840FFF720BF38BD00BF63
S21403E5101260002071670020F7B5124CD4E900653D
S21403E52086EA020C85EA03070CEA000C0F405CEA55
S21403E530070E15D086EA0C067D40C4E90065CDE9D2
S21403E54000230B46084902460868FBF739FE38B134
S21403E5504FF4FD71054803B0BDE8F04000F0CBBFB3
S21403E56003B0F0BD5016002044580020BB920400B0
S21403E57008B50A4B1B88DB0604D440F64701084857
S21403E58000F0B9FF00211020FFF774FE002000F012
S21403E5906BFBBDE8084001F02AB800BF12600020FC
S21403E5A0BB9204002DE9F04F5706804614461D46DD
S21403E5B091B005D5FFF77CFE01460120FFF786FEE6
S21403E5C0EE0403D500212D20FFF780FEA00224D5FC
S21403E5D04046FCF7DFFA0146F8B94020FFF74AFE4B
S21403E5E040460AA9FBF7B3FEB8B99DF83030022BB4
S21403E5F040F0D980BDF8280000F0B6FDFF2808D10A
S21403E6004046FBF7A2FE40B901214020FFF732FE49
S21403E61003E000F0C3FD0028F2D1A10305D5FFF700
S21403E62047FE01460320FFF751FEE20104F0807621
S21403E63040F1C080854B1B889B072DD5844E3068E0
S21403E640FBF71AFE40BB834B834F18703B78FF2BB8
S21403E65004D040F25761814800F04DFF4FF00009A7
S21403E66000210220FFF706FE87F800907C4F3B78D8
S21403E670062B07D101210820FFF7FCFD4946282079
S21403E680FFF724FE3B78052B06D100212B20FFF74E
S21403E6901DFE3068E3F734FA00F0A9FF220717D50A
S21403E6A06B4F0321386805AAFBF700FE064620B920
S21403E6B040F2C961694800F01EFF9DF81430072B2D
S21403E6C000F0D080FFF7F4FD01460420FFF7FEFDBF
S21403E6D0E10505D5FFF7ECFD01460420FFF7F6FD3F
S21403E6E014F4863F05D0FFF7E3FD01460220FFF74B
S21403E6F0EDFDA20113D5FFF7DBFD01460820FFF76A
S21403E700E5FD00210420FFF7B5FD554B1B78012BD3
S21403E71003D14F4B1868E3F7F3F900F068FF14F0E2
S21403E720084F09D0FFF7C4FD01460720FFF7CEFDCB
S21403E730FF210120FFF760FEA30009D5FFF7B8FD10
S21403E74001460620FFF7C2FDFF210120FFF754FE16
S21403E750A70705D53D4B1B881E0701D5FFF7F6FD1A
S21403E7606C0603D500210A20FFF7B0FD280602D564
S21403E7700120FCF720FAE90540F1858140460AAA04
S21403E78005A9FCF757F99DF81430222B00F06D818C
S21403E79000F28281152B40F26A8140F60A112F4857
S21403E7A000F0A9FE6FE1032B7FF437AF0AA801F050
S21403E7B06AF830E705F0020756EA07030DD0284B40
S21403E7C026201978A1F1060EDEF1000141EB0E01B9
S21403E7D0FFF77CFD0121304611E004F0805656EA2F
S21403E7E007030FD01E4B26201978A1F1060CDCF187
S21403E7F0000141EB0C01FFF769FD02213846FFF7E4
S21403E800FBFD4BE704F0884151EA060309D0144B9D
S21403E810272019788F1F79427941FFF757FD022188
S21403E820D9E705F008030B4302D02320FFF74EFD7C
S21403E830680703D500212420FFF748FDE9077FF585
S21403E8402DAF00212520FFF741FD27E712600020AA
S21403E850445800207067002051710020BB920400CA
S21403E86071670020314638680AAAFBF725FD20B1F8
S21403E8704FF4DA619E4800F03EFEBDF81630386865
S21403E88002330AA9ADF82C30FBF718FD20B140F28D
S21403E890DF61974800F02FFE0023009331460423E0
S21403E8A0386804AAFBF70CFD042804D040F2E461A0
S21403E8B08F4800F020FEDFF8589299F80030C3BB6B
S21403E8C00DF1110000F0F5FE00F00700022830D12C
S21403E8D0FFF7EEFC01460920FFF7F8FC854B1B7893
S21403E8E0062B23D1844B9DF813201B789A421DD107
S21403E8F09DF8353023B940F2FA617D4800F0FBFD00
S21403E9000DF1110000F0D5FEC0F3001631462920A4
S21403E910FFF7DCFC00210820FFF7ACFC774B1E70EA
S21403E920FFF748FD10B93868E3F7EAF800F05FFE32
S21403E930CEE6BDF816000121083080B200F068FA72
S21403E940039030B9FFF7B4FC01460420FFF7BEFC82
S21403E950ECE700F0E9F905AA014606463868FBF736
S21403E960B7FC99F800A0BAF1000F22D106F1010B0B
S21403E970584600F09EFE83065AD53868FCF70AF917
S21403E9800746FFF795FC05370146F8B2FFF79EFCEE
S21403E990584600F08EFE00F007000328584F2DD08F
S21403E9A001210420FFF766FC4FF0FF30FBF7AFFCB6
S21403E9B0386000225349BDF816300978F718F15429
S21403E9C09DF83630BB709DF83730FB700A9B190EE6
S21403E9D03971190C7971FB71190A99F80030B971FC
S21403E9E023B9737892B343F020037370002000F0CA
S21403E9F069F97870039800F071FA97E70121092204
S21403EA00304600F0D1F8305C01210428C9D1FFF765
S21403EA1031FC4FF0FF30FBF77AFC3B4B38601B882A
S21403EA205806C6D551464020FFF724FC0122C1E70D
S21403EA30FFF73EFC01460920FFF748FC2D4B1B78E9
S21403EA40012BB6D13868E3F75BF8B2E723F020036F
S21403EA50CBE701227E33DBB202FA03F313F00A1F7D
S21403EA6031D113F0011F3FF498AE27202CE001228A
S21403EA7002FA03F3254A1A402ABB13F0041FF4D103
S21403EA80DA077FF58AAEAB052FD50121802011B0BA
S21403EA90BDE8F04FFFF7EEBB652B1AD8622B12D8F2
S21403EAA0452B0CD8422B0ED8352B06D8322B0AD83A
S21403EAB0252B08D9322BD8D06FE6422BFBE7552BF4
S21403EAC005D8522BF7D92620FFF7FAFCDBE7622B93
S21403EAD0F1E7952B3FF661AE812BBAD8722BC4D0E3
S21403EAE0733B022B3FF659AEEDE711B0BDE8F08F4E
S21403EAF0BB920400716700206D67002050710020F0
S21403EB003058002052710020126000203A0038006E
S21403EB1074670020024B1878B0FA80F040097047FB
S21403EB207167002008B5064B4FF0FF311868FBF7F6
S21403EB30A7FF0028B8BF033040F3870008BD00BF17
S21403EB404458002008B5074B1868FBF7CEFA30B1D7
S21403EB50054BB3FBF0F083B20BB1184608BD01209A
S21403EB60FCE700BF4458002040420F0038B5102091
S21403EB700C460121FFF77EFB064B1D68FFF7E2FFFD
S21403EB80012200FB04F1044B2846FBF75EFF00203E
S21403EB9038BD00BF4458002071E50300014800F06B
S21403EBA0AABC00BFD5920400032A70B5144602D847
S21403EBB02C4B985C70BD81F0010519B90D2A07D15D
S21403EBC0FF20F7E70D2A03D100780538C0B2F1E736
S21403EBD0084400F06EFDC5F1040110F440660246D9
S21403EBE0C9B209D1042C0846E4D0052C16D112F07C
S21403EBF0400F18BF0846DDE7C5F10603042CD8B25C
S21403EC00D8D0B6F5006F03D1C5F10805E8B2ECE736
S21403EC10B6F5406FE9D1C5F10E05F7E712F44041AA
S21403EC2007D1062CC6D0072CC4D0082C13D101302C
S21403EC30CCE755065CBF831CD8B2062CBAD0B1F518
S21403EC40004F02D1831CD8B2EDE7B1F5404FEAD1AD
S21403EC5000F10803F7E7130744BF0530C0B20C2CD6
S21403EC60A8D9ADE73CDE0400AC2370B5094C0546D5
S21403EC7003FB00435E6D26B940F2FD31064800F003
S21403EC803AFCAC2303FB0544002363653346BDE827
S21403EC9070401847485800201293040010B40C46DE
S21403ECA01146AC22064B02FB0033586D20B95C6557
S21403ECB05DF8044BFFF75ABF02205DF8044B70471C
S21403ECC048580020AC22034B02FB003393F8A800FD
S21403ECD0704700BF4858002028B1034B1B68C01A72
S21403ECE04010013080B270470859002030B1044B01
S21403ECF000F100401B68013803EB4000704700BF7B
S21403ED0008590020064B1B68834206D8054B1B6830
S21403ED10834294BF0020012070470020704700BF45
S21403ED20085900200459002010B5044608B90020ED
S21403ED3010BD00F01BFD20B940F2CD41074800F09E
S21403ED40DAFB2046FFF7D2FF0028F0D00388DB0B60
S21403ED5014BFD0F80A000830EAE700BFE9920400BF
S21403ED6010B508B9002010BDFFF7C0FF044600F039
S21403ED70F4FC20B94FF49D61064800F0BCFB002C60
S21403ED80F0D02388DB0B0ABF60882089C0F30C0011
S21403ED90E9E700BFE992040038B5FFF7A7FF0D4681
S21403EDA0044650B100F0D9FC20B940F24151034863
S21403EDB000F0A1FB023534F8150038BDE9920400D3
S21403EDC070B5FFF793FF0C4616460546B0B100F044
S21403EDD0C4FC20B940F24D510C4800F08CFB304681
S21403EDE0FFF784FF00F0B9FC20B940F24E51074804
S21403EDF000F081FB023425F8146070BD40F25251D6
S21403EE00BDE87040014800F076BB00BFE9920400FD
S21403EE102DE9F8430746884600F00FFC20B940F278
S21403EE208E512A4800F067FBFC1CA408284B64009C
S21403EE300434B7F5005F1E68A4B204D340F29551BC
S21403EE40224800F058FB00F061FA224981460B681D
S21403EE507BB9214B1D68761BC6F34F06B44227D9F0
S21403EE600025484600F04DFA2846BDE8F843FFF76C
S21403EE7033BFB8F1000F11D0174A15685A1BC2F3F7
S21403EE804F029442ECD81448620005EB4404046035
S21403EE90B8F1000F0FD113440B600CE0F61AC6F35B
S21403EEA04F0676B940F2A651084800F024FBD7E790
S21403EEB005EB44041C6000236F80AB80EB802B8043
S21403EEC0CFE7B442CCD8044A1568DCE7E9920400DD
S21403EED00C590020F45800200459002038B5054684
S21403EEE000F014FA044629460448002200F04BFCBE
S21403EEF02046BDE8384000F004BA00BF1860002082
S21403EF0082684B4B2DE9F0419A4204460E4605684B
S21403EF1015D121B140F21311464800F0ECFA00F087
S21403EF20F5F923691BB92B682BB924612C60BDE85E
S21403EF30F04100F0E6B91A6922611C61F6E700F0B9
S21403EF40D3FA8046FEF76AFA20B14FF49571394832
S21403EF5000F0D1FA6FF000439E4221694BD22B7B1F
S21403EF6008EB0602002B4DD0AB6893424AD1531CE4
S21403EF70002949D06169994242D01EB9521AB2F1AA
S21403EF80004F3DD9636123696E689C4203D19D217E
S21403EF90284800F0B0FA2F460023B4420BD0002BCB
S21403EFA041D172696169891AB1F1004F32D8326969
S21403EFB0374694422CD12269BD420CBF6A603A613F
S21403EFC07BB92669B44203D1B8211A4800F093FAF4
S21403EFD03B46012E05D062697169521AB2F1004FA1
S21403EFE023D99D420BBF6B681A69236122610CBF4C
S21403EFF06C601C6104E0434431B162699342C1D141
S21403F000BDE8F0811346B3E76A6822616C60B9E72E
S21403F0101646C6E7A8EB0202B2F1004FC7D93B4635
S21403F02037463669B9E71F46F9E733463669D0E708
S21403F030F5350200FD9204000823064A12F8011B68
S21403F040814205D0013B13F0FF03F7D11846704702
S21403F05001207047EDDE04000823064A12F8011B60
S21403F060814205D0013B13F0FF03F7D118467047E2
S21403F07001207047E5DE040010B508220749044660
S21403F080DCF7DEFBB0FA80F04FF6FF732289400907
S21403F09040009A4208BF40F0010010BDFEDE0400A7
S21403F0A030B504460D4685B002B9084A1068516863
S21403F0B001AB03C301AB03CB20602046ADF80C5075
S21403F0C01B886160238105B030BD00BF911C04001E
S21403F0D0002270B50A4B1C780A4BD5B2AC4202D854
S21403F0E000200C7008E01E880132864205D30D709E
S21403F0F01B881B1A5842584170BD1233EDE700BFF8
S21403F100EE660020D05D0020F8B5154B04461D685A
S21403F1100E46E5B1134B1F78874218D900EB400320
S21403F12005EBC30526B92B69DA0712D42046F8BDCA
S21403F13008223146281DDCF783FB50B92B69DB0711
S21403F140F4D40134E4B2A74205F11805F0D1FF2444
S21403F150ECE70134E4B2A74205F11805E2D1F6E77D
S21403F16070590020707100200A4B01461B6830B5A9
S21403F1702BB1094A14780022D0B2844201D8FF206A
S21403F18030BD5D888D4202D11D69ED07F8D401328A
S21403F1901833F1E770590020707100200F4A0346B8
S21403F1A01068D0B10E4A12789A4215D919B203EBF9
S21403F1B0430300EBC300036913F001000DD0094AB3
S21403F1C0126832F8112002F4E2622AB913F00C0F27
S21403F1D014BF01200020704701207047705900209B
S21403F1E0707100206C590020094B1B686BB1094AEB
S21403F1F01278824209D900EB4000C20003EBC0003C
S21403F2000169C90701D5985C7047FF20704700BFA6
S21403F21070590020707100200C4A0346106890B1A4
S21403F2200B4A12789A420DD903EB430300EBC30053
S21403F230D0E9043213F001004FF0000104D0184661
S21403F2401146704700200146704700BF70590020E2
S21403F2507071002010B5164B187860B1154C2368F2
S21403F260CBB14FF4707200201349FFF717FD2368E4
S21403F270013B236010BDFFF755FC1049104A91F976
S21403F2800040136884420B4C03F1010313602368A8
S21403F290B8BF087053B90B4800F09DFA0028E9D1AF
S21403F2A0BDE8104001460748FFF72ABE0822DAE702
S21403F2B0D06700208C59002055F20300CB6700204E
S21403F2C0845900205C700020054B1B682BB9054B46
S21403F2D01868003818BF012070470120704700BF28
S21403F2E07C5900207859002010B962B6BFF36F8F9F
S21403F2F07047EFF3108072B67047302383F311889C
S21403F300704780F31188BFF36F8F7047EFF3118058
S21403F310302383F311887047002070474FF4004072
S21403F32070474FF47A7070470122417803788A4019
S21403F33030214B4341F2100103F1A04303F5703330
S21403F3405A507047B0F5802F24D010D8B0F5003F40
S21403F35022D006D828B3B0F5803F14BF012048203A
S21403F3607047B0F5403F14BF01202C207047B0F51E
S21403F370302F13D008D8B0F5E02F11D0B0F5202FDA
S21403F38014BF012010207047B0F57F0F14BF012073
S21403F390062070474B2070472A207047112070477D
S21403F3A02120704708B570B100F022F84FF098435B
S21403F3B05A6CD202FCD5586D10F4702004D0BDE808
S21403F3C00840FFF7BFBF212008BD08B528B1282293
S21403F3D00021DBF7E9FE002008BD2120FCE7036AD5
S21403F3E0042B9FBF00EB83020133D1600362704797
S21403F3F0036A052B14D84FF09842116CC902FCD54A
S21403F40004339B0013650168103B1160416811606B
S21403F41050F8081F11604FF098420344984200D1F9
S21403F420704750F8041F1160F8E7836813B98160CA
S21403F43070475B685A68012AFBD15960704709B167
S21403F44000F008B822207047012100F046B80021DA
S21403F45000F043B870B506460D46FFF757FF04465F
S21403F4601D2E37D8DFE806F00F18361C1E2036226E
S21403F470243636362628362A2C2E3036363636347A
S21403F480363636363632FDF7D9FF00262860204654
S21403F490FFF737FF304670BD0120CAF7BDFDF4E71E
S21403F4A00320FAE70420F8E70C20F6E70220F4E747
S21403F4B00620F2E70720F0E70820EEE70520ECE752
S21403F4C00920EAE70A20E8E70D20E6E71020E4E74C
S21403F4D00B20E2E700202126D8E70020704708B576
S21403F4E0FEF730F880B208BD08B5FEF72BF808BD66
S21403F4F0704742DE704738B504460D4600F008F8FC
S21403F500FFF7FBFE29462046BDE83840FFF7F1BF6C
S21403F510704710B962B6BFF36F8F7047012070470C
S21403F5202DE9FF410D4616461F460446A8B14FF087
S21403F5300008C0F81C80FEF7FDFBBDF82C304246E1
S21403F54002939DF828302946CDE9007320463346BA
S21403F550FEF7B8FB04B0BDE8F0812220FAE7F0B569
S21403F5601F46002387B00D46164604468DF817300F
S21403F570A8B1C3610DF11701FEF7FEFB9DF8172036
S21403F5807AB9BDF83430294602939DF830302046C8
S21403F590CDE900733346FEF795FB07B0F0BD222096
S21403F5A0FBE70320F9E738B5FFF7B0FE054600F0A2
S21403F5B016F804462846FFF7A4FE204638BD4FF04B
S21403F5C0B04301285B6904D0022805D1C3F3C00009
S21403F5D0704703F0010070470020704770474FF0F4
S21403F5E0B0439A6A1207FCD4186A7047704708B586
S21403F5F0FFF7FCFF00F01DF808BD10B5FFF779FE16
S21403F600012104460846FEF739F82046BDE81040B7
S21403F610FFF76ABE10B5044600F012F82046FAF764
S21403F620E2FC2046F7F7F3FDBDE81040F9F7AAB968
S21403F630704708B5FFF7FCFF08BD01207047704709
S21403F6400020704730B589B00446ADF806108DF833
S21403F6501020FFF7F1FC05462046FFF7FDFC0346A6
S21403F6609DB1BDF80600ABB900F0BAF8FF2808BF95
S21403F67000200DF10F038DF80F001A46204604995B
S21403F6800593FEF77FFD09B030BD0028F5D00DF1D8
S21403F6900603F2E700F0A4F8FF2808BF0020BDF831
S21403F6A006308DF80F00ADF81A308DF8180006AB4B
S21403F6B0E3E7008870470170090A4170704701202C
S21403F6C070470120704738B5DAF7AEFC0446CFF72B
S21403F6D029FF051E18BF2546CFF7F6FF041E18BFE1
S21403F6E02C46FFF7ECFF002818BF204638BD38B578
S21403F6F0FEF714F90446F6F740FF04281ED0022846
S21403F7004FF0000508BF0124F7F750FE042817D072
S21403F710022808BF0124F7F768FB042812D0022842
S21403F72008BF0124FFF7CDFF04280DD0022808BF29
S21403F7300124002D18BF0024204638BD0125E3E729
S21403F7400125E8E70125EDE70024F5E7FF207047EC
S21403F75008B5FFF7FBFF002008BD08B520B1FFF78B
S21403F760D1FA00F0010008BD0120FAE708B5FFF75B
S21403F770BDFABDE80840FFF7F0BF008810B1C9B274
S21403F780FFF70ABB70472DE9F041B0F80080064644
S21403F7900C46D5B2B8F1000F11D029464046FFF704
S21403F7A0FBFA2246074629464046FFF709FB3A4638
S21403F7B029462046FFF704FB3480BDE8F0810F4658
S21403F7C0F5E703461B8808468B4202D00021FFF765
S21403F7D0E3BA002070470069003818BF012070475D
S21403F7E000207047F8B506460D46FFF745FC03288C
S21403F7F0044621D02846FFF73FFC032807461BD0C4
S21403F80010F0020318D1A0070DD5F90716D401236B
S21403F8103C43E20704D431892A89914218BF002366
S21403F82003F00100F8BD082229463046DCF708F845
S21403F830B0FA80F35B09EBE70020F3E71846F1E73D
S21403F84070B50D4600210646FFF797FF044630B114
S21403F850FFF76AFA01462846FFF7C4FF08B12046B9
S21403F86070BD21463046FFF7ACFFEFE707B50DF155
S21403F8700701FFF72DFC20B19DF8070003B05DF8E4
S21403F88004FBFF20FAE708B500F009F8FF2804D0C8
S21403F890FFF7C2FCC0F3C00008BD0120FCE7014629
S21403F8A00020FFF731BC08B5FFF75EFCFF3818BF32
S21403F8B0012008BD2DE9F843074608461546884645
S21403F8C01C469DF82090FFF72FFA4619A4B19EB167
S21403F8D04046FFF745FA254485420FDC2246B9F138
S21403F8E0000F06D131463846DBF7B0FC0020BDE8F2
S21403F8F0F88339463046F7E72120F8E71D20F6E778
S21403F900F8B500BFF8BC08BC9E467047F8B500BF04
S21403F910F8BC08BC9E4670475FF800F09D6900205F
S21403F9205FF800F00169002044657669636520741A
S21403F930797065206368616E6765206465746563C6
S21403F9407465643A202564202D3E2025640D0A0044
S21403F95050726573732064657465637465640D0A19
S21403F960004D756C746920707265737320646574DA
S21403F97065637465643A2025640D0A0052656C65F8
S21403F9806173652064657465637465640D0A004C71
S21403F9906F6E672070726573732064657465637435
S21403F9A065640D0A0072656C61795F7374617274C5
S21403F9B05F6C61746368696E675F70756C73653AD4
S21403F9C020616E6F746865722070756C736520694C
S21403F9D073206163746976650D0A0072656C6179DC
S21403F9E05F6F6E0D0A0072656C61795F6F66660DF8
S21403F9F00A0072656C61795F746F67676C650D0AE0
S21403FA000057726974696E6720636F6E6669672054
S21403FA10746F206E763A2025730D0A0053697A6553
S21403FA203A2025640D0A004661696C656420746F8C
S21403FA30207772697465204445564943455F434FB2
S21403FA404E4649475F4441544120746F204E562C1E
S21403FA50207374617475733A2025642E20286279A6
S21403FA607465733A202564290D0A0073756363650C
S21403FA707373210D0A004661696C656420746F20F8
S21403FA8072656164204E565F4954454D5F44455642
S21403FA904943455F434F4E4649472C207573696E6D
S21403FAA0672064656661756C7420636F6E6669674C
S21403FAB020696E73746561642C2073746174757346
S21403FAC03A2025642E202862797465733A202564CB
S21403FAD0290D0A005573696E6720636F6E66696742
S21403FAE03A2025642063686172732066726F6D0D19
S21403FAF00A25730D0A0067626D31306A6E6A3B54DD
S21403FB0053303034332D4D413B534130753B4944DC
S21403FB1030693B534134753B494331693B53413369
S21403FB20753B494330693B425441303B4D3B004EA5
S21403FB306574776F726B2073746174757320636872
S21403FB40616E67656420746F2025640D0A004D613D
S21403FB506E75666163747572657220746F6F20626A
S21403FB6069670D0A004D6F64656C20746F6F2062C1
S21403FB7069670D0A00496E697469616C697A696E12
S21403FB8067205A696762656520776974682025640B
S21403FB902073776974636865732C20256420726507
S21403FBA06C6179732C20256420636F7665722073ED
S21403FBB0776974636865732C20256420636F7665A4
S21403FBC072732C202564206C6F6E672D70726573BC
S21403FBD073206570730D0A00436F6E666967207045
S21403FBE06172736564207375636365737366756C9E
S21403FBF06C790D0A00726561642076657273696FAD
S21403FC006E20666F726D206E6577206C6F6361740D
S21403FC10696F6E0D0A004661696C656420746F2017
S21403FC207772697465206C6173745365656E566587
S21403FC307273696F6E20746F204E562C2073743A5D
S21403FC402025640D0A004F6C642076657273696F15
S21403FC506E3A2025640D0A0043757272656E742031
S21403FC6076657273696F6E3A2025640D0A005245F5
S21403FC7053455420414C4C210D0A0068616C5F6764
S21403FC8070696F5F63616C6C6261636B3A20657861
S21403FC907469206C696E6520256C642073746174C6
S21403FCA0757320256C750D0A0068616C5F67706953
S21403FCB06F5F63616C6C6261636B3A206E6F206684
S21403FCC07265652045585449206C696E65730D0A44
S21403FCD0002F686F6D652F72756E6E65722F776F66
S21403FCE0726B2F747579612D7A69676265652D73FA
S21403FCF077697463682F747579612D7A69676265AD
S21403FD00652D7377697463682F73696C6162735FBB
S21403FD10746F6F6C732F73696D706C696369747934
S21403FD205F73646B2F2E2E2F2E2E2F7372632F73FB
S21403FD30696C6162732F68616C2F7A6967626565A7
S21403FD402E630044726F7070696E67206F6C642058
S21403FD504F544120696D6167652C20637572726527
S21403FD606E74206F66667365743A20256C750A0098
S21403FD70556E6B6E6F776E20636F76657220636F5A
S21403FD806D6D616E643A2025640D0A00556E6B6EC8
S21403FD906F776E20636D642025640D0A00427574C8
S21403FDA0746F6E2070726573732064657465637414
S21403FDB065642C20627574206E6F20627574746F90
S21403FDC06E20697320707265737365640D0A004252
S21403FDD07574746F6E206C6F6E67207072657373C4
S21403FDE02064657465637465642C20627574206E84
S21403FDF06F20627574746F6E206973206C6F6E6704
S21403FE0020707265737365640D0A004E6F20636F0E
S21403FE107665722073776974636820636F6E6669AC
S21403FE206720696E204E562C207573696E672064B2
S21403FE30656661756C74730D0A0041747472696249
S21403FE40757465206368616E6765642C2065703A17
S21403FE502025642C20636C75737465723A202564C0
S21403FE602C20617474723A2025640D0A00556E6B5B
S21403FE706E6F776E204C6576656C4374726C206388
S21403FE806F6D6D616E643A2025640D0A00556E6BC6
S21403FE906E6F776E204F6E4F666620636F6D6D6173
S21403FEA06E643A2025640D0A00496E646578206105
S21403FEB07420777269746520617474723A202564BD
S21403FEC00D0A004E6F2073776974636820636F6E44
S21403FED066696720696E204E562C207573696E67B7
S21403FEE02064656661756C74730D0A00496E7661ED
S21403FEF06C69642072656C61795F696E64657820ED
S21403FF00256420696E204E562C20726573657474C2
S21403FF10696E6720746F2064656661756C740D0A7C
S21403FF2000496E6465782061742077726974652071
S21403FF306174747220286C6F6E67293A2025640DED
S21403FF400A004E6F20737769746368206C6F6E6760
S21403FF5020636F6E66696720696E204E562C207587
S21403FF6073696E672064656661756C74730D0A0049
S21403FF703E2000556E6B6E6F776E206572726F72E1
S21403FF8000496E70757420627566666572206973C3
S21403FF902046554C4C004D6178696D756D206E7525
S21403FFA06D626572206F6620617267756D656E742B
S21403FFB073206578636565646564005468652061CD
S21403FFC07267756D656E74206973206E6F74206634
S21403FFD06F726D617474656420636F7272656374A7
S21403FFE06C7900496E636F72726563742061726721
S21403FFF0756D656E74207479706500496E636F72F3
S21404000072656374206E756D626572206F6620611A
S2140400107267756D656E7473004E6F20636F6D6DD9
S214040020616E6420666F756E640075696E74380060
S2140400306164646974696F6E616C002A00756E6B26
S2140400406E6F776E0077696C6463617264006865CE
S214040050786F707400737472696E676F707400756D
S214040060696E7433326F70740075696E7431366FEE
S21404007070740075696E74386F7074006865780003
S214040080737472696E670075696E743136007569CB
S2140400906E743332002E2E2E200068656C70000AB3
S2140400A025730A257325730025732008002F686FAF
S2140400B06D652F72756E6E65722F776F726B2F7407
S2140400C07579612D7A69676265652D7377697463DE
S2140400D0682F747579612D7A69676265652D737703
S2140400E0697463682F73696C6162735F746F6F6C95
S2140400F0732F73696D706C69636974795F73646B6D
S2140401002F706C6174666F726D2F73657276696397
S214040110652F6C65676163795F68616C2F737263C2
S2140401202F626173652D7265706C6163656D656EB3
S214040130742E63002F686F6D652F72756E6E657210
S2140401402F776F726B2F747579612D7A6967626584
S214040150652D7377697463682F747579612D7A6970
S214040160676265652D7377697463682F73696C615C
S21404017062735F746F6F6C732F73696D706C6963F1
S2140401806974795F73646B2F706C6174666F726DDB
S2140401902F736572766963652F746F6B656E5F6D1A
S2140401A0616E616765722F6C65676163792F737220
S2140401B0632F736C5F746F6B656E5F6D616E6167E2
S2140401C065722E63002F686F6D652F72756E6E658F
S2140401D0722F776F726B2F747579612D7A696762E7
S2140401E065652D7377697463682F747579612D7AE4
S2140401F069676265652D7377697463682F73696CC4
S2140402006162735F746F6F6C732F73696D706C6962
S214040210636974795F73646B2F706C6174666F7254
S2140402206D2F736572766963652F746F6B656E5F89
S2140402306D616E616765722F6C65676163792F7394
S21404024072632F736C5F746F6B656E5F6D616E7532
S214040250666163747572696E672E630043757272A5
S214040260656E7420436F6E6669673A2025307800A1
S21404027053657420434341206D6F646520746F207A
S21404028025643A2025307800656E61626C656400EA
S21404029064697361626C6564006F757428636C6965
S2140402A0656E742900696E202873657276657229F6
S2140402B0004D464720537472696E673A20257300D2
S2140402C04170704275696C646572204D46472043E0
S2140402D06F64653A20307825303458006E6F646554
S2140402E0205B004164646974696F6E616C20696E9A
S2140402F0746572666163657300202025643A200085
S21404030070616765205B25645D206368616E205BB1
S21404031025645D20707772205B25645D006E6F74C3
S21404032020616374697665006572726F7220307836
S214040330253038580070616E4944205B307825308B
S21404034034585D206E6F64654944205B30782530F0
S21404035034585D20007870616E205B3078007061E0
S21404036072656E744944205B3078253034585D20BD
S214040370706172656E7452737369205B25645D00E8
S2140403806E6F646554797065205B0053656375729F
S214040390697479206C6576656C205B253032585D0F
S2140403A0006E6574776F726B207374617465205B7E
S2140403B0253032585D200042756666657220627983
S2140403C07465733A202564202F2025640045702028
S2140403D0636E743A202564006570202564205B658E
S2140403E06E64706F696E742025732C20646576695C
S2140403F063652025735D20006E776B205B25645D46
S2140404002070726F66696C65205B307825303458CE
S2140404105D206465764964205B3078253034585D09
S21404042020766572205B3078253032585D002020B7
S2140404302020257320636C75737465723A203078B7
S2140404402530345820004E776B20636E743A20258E
S21404045064006E776B202564205B25735D00507204
S214040460696D617279202870726F290020206E6F82
S214040470646554797065205B3078253032585D00A9
S2140404802020736563757269747950726F66696C3F
S21404049065205B3078253032585D00455020256451
S2140404A03A20257320004572726F723A2020556EEA
S2140404B06B6E6F776E20656E64706F696E742E0057
S2140404C0456E61626C65206576656E74206465624F
S2140404D0756720696E666F20696E20436F726520AB
S2140404E0434C4920636F6D706F6E656E74006F6E5B
S2140404F06C7920636F6F7264696E61746F727320B7
S21404050063616E20666F726D0A006A6F696E2030D2
S21404051078253038580A006C6561766500257320A6
S2140405203078253032580A0072656A6F696E4469FD
S21404053066664465766963655479706500657874A3
S2140405402E2050414E2049443A20004E574B206FEF
S21404055070656E3A20257520736563004E574B20F0
S214040560636C6F7365640066696E64206A6F696E97
S21404057061626C653A203078253032580066696EC0
S2140405806420756E757365643A2030782530325869
S214040590004368616E67696E6720746F20636861E4
S2140405A06E6E656C2025643A20307825303258000B
S2140405B0696E76616C6964206E6574776F726B2001
S2140405C0696E6465780053686F72742049443A20F3
S2140405D03078253034582C2045554936343A200096
S2140405E02C2050616E2049443A2030782530345807
S2140405F00053746172746564206D756C74692D7033
S214040600687920696E74657266616365004661691F
S2140406106C656420746F202573202573203078253C
S214040620303258005465726D696E617465642025B5
S2140406307320307825303258004B65657020616C25
S21404064069766520737570706F727420656E61626A
S2140406506C65642E006661696C656420746F207333
S2140406606574206B65657020616C697665206D6FB6
S21404067064652E007375636365737366756C6C7955
S2140406802073657420746865206368696C642074DC
S214040690696D656F7574206F7074696F6E206D6117
S2140406A0736B2E006661696C656420746F207365D5
S2140406B07420746865206368696C642074696D6569
S2140406C06F7574206F7074696F6E206D61736B2E16
S2140406D000646973636F766572004D6174636820A5
S2140406E02573792066726F6D203078253034582C47
S2140406F0206570202564004E574B20416464726563
S214040700737320726573706F6E73653A2030782544
S2140407103034580049454545204164647265737316
S21404072020726573706F6E73653A20005365727637
S2140407306963652025737920646F6E652E00232017
S21404074020747970652020206E776B20206C6F6390
S21404075020202072656D202020636C757320202075
S2140407606E6F64652020206575690020202564204E
S2140407702020203078253034582020307825303416
S2140407805820203078253034582030782530345896
S2140407902000736C5F7A69676265655F6765745F7E
S2140407A062696E64696E67204572726F723A2030B1
S2140407B078253038580A002564206F662025642082
S2140407C062696E64696E6773207573656400656E2E
S2140407D061626C6564207072696E7400646973612A
S2140407E0626C6564207072696E7400616464206C67
S2140407F0696E6B206B6579004552523A2043616CF2
S21404080063756C617465642043524320646F65733A
S214040810206E6F74206D61746368004552523A20EE
S214040820496E7374616C6C20436F6465206D7573D8
S2140408307420626520382C2031302C2031342C2052
S2140408406F7220313820627974657320696E206C6B
S214040850656E677468004552523A204145532D4DE3
S2140408604D4F2068617368206661696C65643A2040
S21404087030782530325800536574206A6F696E6983
S2140408806E67206C696E6B206B65790073657420E7
S21404089062696E642025643A203078253032780008
S2140408A0454D50545900554E494341004D324F4E24
S2140408B045004D554C5449003F2020202000496EE9
S2140408C064657820494545452041646472657373C0
S2140408D02020202020202020204E574B496E64657F
S2140408E0782020496E204643202020202054544C53
S2140408F028732920466C6167202020204B657920C8
S214040900202020002564202020202000202025648C
S2140409102020202020202000202025303858202089
S2140409200020307825303458202000496E646578DD
S2140409302049454545204164647265737320202030
S214040940202020202020496E2046432020202020DE
S2140409505479706520204175746820204B657900B1
S2140409602D20202020200025632020202020256301
S214040970202020202000696573005741524E494EBE
S214040980473A202052454144494E47204F46204B83
S21404099045592056414C5545532044495341424CF1
S2140409A04544204259204D464720544F4B454E005F
S2140409B04E574B204B6579002573206F757420467F
S2140409C0433A202530385800257320736571206E0D
S2140409D0756D3A20307825303258002573206F75AF
S2140409E0742046433A202530387800544320257333
S2140409F020002573205461626C650025642F2564ED
S214040A0020656E747269657320757365642E005470
S214040A1072616E7369656E74204B65790025642077
S214040A20656E7472257320636F6E73756D696E6779
S214040A30202564207061636B657420627566666544
S214040A407225732E0057494C4C0057494C4C204E87
S214040A504F540054727573742043656E7465722027
S214040A60257320616C6C6F772074727573742063C1
S214040A70656E7465722072656A6F696E732075732D
S214040A80696E672077656C6C2D6B6E6F776E206B66
S214040A9065792E005365742074696D656F757420CE
S214040AA0666F722054727573742043656E74657233
S214040AB02072656A6F696E73207573696E67207736
S214040AC0656C6C2D6B6E6F776E206C696E6B206B2D
S214040AD0657920746F202564207365636F6E647374
S214040AE02E004552524F523A2000257373746163A8
S214040AF06B206D75737420626520646F776E2E00AC
S214040B0052656164696E6720416C6C6F776564003A
S214040B1048617368696E67206F6E6C7900736C5FEA
S214040B207A69676265655F6B65795F736574746916
S214040B306E67735F743A203078253034580020206E
S214040B405065726D697373696F6E733A202573000E
S214040B504572726F723A204661696C656420746FE0
S214040B602067657420636F6E6669672C20737461F2
S214040B707475733A20307825303858004661696CAD
S214040B8065643A20307825303858004D73673A202B
S214040B90636C7573203078253034582C20636D646C
S214040BA0203078253032582C206C656E2025640061
S214040BB06275666665723A2000454D4245525F008E
S214040BC0257353454355524954595F4C4556454C35
S214040BD03A20253032580025736572617365206BA0
S214040BE065792025643A2030782530385800636DBE
S214040BF064206E6F74206275696C7400737263206F
S214040C00657020253032782C20636C75732025306F
S214040C1034780073656E64696E6720746F206D7532
S214040C206C7469636173742062696E640025733A38
S214040C302065703A2025642C20636C3A2030782591
S214040C403034582C20617474723A2030782530344D
S214040C5058002C207376723A2025630025733A20B8
S214040C60726561643A20307825303278002C20731F
S214040C7076723A2025632C2064747970653A2030A5
S214040C80782530325800417267756D656E74206140
S214040C907420696E6465783A202564206973206F31
S214040CA07574206F662072616E676500436F6D6DA4
S214040CB0616E6420616C7265616479206275696C2A
S214040CC0742E202043616E6E6F7420736574204DFD
S214040CD0464720737065636966696320636F64655D
S214040CE020666F7220636F6D6D616E642E004D46D4
S214040CF04720436F64652053657420666F72206EC8
S214040D0065787420636F6D6D616E643A2030782563
S214040D1030345800557365204E65787420536571D9
S214040D2075656E63652053657420666F72206E6504
S214040D30787420636F6D6D616E643A203078253068
S214040D4032580044697361626C6520446566617557
S214040D506C7420526573706F6E73652053657420CF
S214040D60666F72206E65787420636F6D6D616E6455
S214040D703A20307825303258004552523A2072656F
S214040D806164696E67206174747269627574652043
S214040D9025303278004552523A2061747472696282
S214040DA07574652073697A6520256420746F6F20D6
S214040DB06C6172676520666F72206275666665721E
S214040DC0004572726F723A20617474726962757447
S214040DD06520494420307825303458207265706F79
S214040DE0727461626C65206368616E6765206973FE
S214040DF02073697A65202564422C20627574202548
S214040E00644220656E74657265640A006E6F2063C2
S214040E106D64004572726F723A20434C49205365E4
S214040E206E64206661696C65642C207374617475E5
S214040E30733A20307825303858004572726F723A0B
S214040E402020455549363420617267756D656E7489
S214040E5020697320656D70747920616E64206C6FF0
S214040E606F6B7570206279206E6F6465204944202C
S214040E706661696C65642E0047726F757000556E06
S214040E80696361737400556E62696E64202573200D
S214040E902573307825303258005265717565737441
S214040EA03A20005A444F2073696D706C652064655F
S214040EB07363207265712025303278005A444F20BF
S214040EC06E6F6465206465736320726571202530D7
S214040ED03278005A444F206D6174636820646573E9
S214040EE063207265712025303258005573696E6729
S214040EF0206D79206C6F63616C204555493634202B
S214040F00666F7220646573742045554936342069CB
S214040F106E2062696E64696E67005A444F20626987
S214040F206E6420726571202530327800636C7573A8
S214040F30746572206C696D69742072656163686596
S214040F406400696E76616C696420706167653A2036
S214040F502564206F72206368616E6E656C3A202586
S214040F6064004368616E6765206368616E6E656CD5
S214040F70207374617475733A2030782530327800A3
S214040F806475726174696F6E206D75737420626522
S214040F9020696E2072616E67652030202D20350032
S214040FA0636F756E74206D75737420626520696E48
S214040FB02072616E67652031202D203800736361CE
S214040FC06E2073746174757320307825303258003F
S214040FD06E6574776F726B207570646174652073C8
S214040FE065742073746174757320307825303258B4
S214040FF00041637469766520455020726571756595
S2140410007374207374617475733A203078253032A3
S21404101058004C5149205461626C652072657175A4
S2140410206573743A203078253032580042696E640D
S214041030696E67205461626C6520726571756573AC
S214041040743A20307825303258004C656176652035
S214041050257330782530325800506F7765722044F7
S214041060657363726970746F7220257330782530E7
S2140410703258005573696E67206D79206C6F636112
S2140410806C20455549363420666F72206465737447
S21404109020455549363420696E20756E62696E6443
S2140410A0696E6700526F757465205461626C6520C2
S2140410B02573307825303258002F686F6D652F728F
S2140410C0756E6E65722F776F726B2F747579612DDE
S2140410D07A69676265652D7377697463682F7475BA
S2140410E079612D7A69676265652D737769746368BB
S2140410F02F73696C6162735F746F6F6C732F73699F
S2140411006D706C69636974795F73646B2F70726F4A
S214041110746F636F6C2F7A69676265652F61707090
S2140411202F6672616D65776F726B2F636F6D6D6F6F
S2140411306E2F736C5F7A69676265655F7379737423
S214041140656D5F636F6D6D6F6E2E630045787465B5
S2140411506E64656420526573657420696E666F3AC2
S214041160203078253034582028257329002F686FBE
S2140411706D652F72756E6E65722F776F726B2F7436
S2140411807579612D7A69676265652D73776974630D
S214041190682F747579612D7A69676265652D737732
S2140411A0697463682F73696C6162735F746F6F6CC4
S2140411B0732F73696D706C69636974795F73646B9C
S2140411C02F70726F746F636F6C2F7A6967626565D0
S2140411D02F6170702F6672616D65776F726B2F6307
S2140411E06F6D6D6F6E2F7A69676265655F6170708B
S2140411F05F6672616D65776F726B5F736C65657041
S2140412002E630053746179206177616B652077687B
S214041210656E206E6F74206A6F696E65643A202569
S2140412207300466F72636564207374617920617716
S214041230616B653A20202020202020202020257362
S21404124000466F7263696E6720646576696365201D
S214041250746F2073746179206177616B6500416CEB
S2140412606C6F77696E672064657669636520746F52
S21404127020676F20746F20736C656570002F686F2D
S2140412806D652F72756E6E65722F776F726B2F7425
S2140412907579612D7A69676265652D7377697463FC
S2140412A0682F747579612D7A69676265652D737721
S2140412B0697463682F73696C6162735F746F6F6CB3
S2140412C0732F73696D706C69636974795F73646B8B
S2140412D02F70726F746F636F6C2F7A6967626565BF
S2140412E02F6170702F6672616D65776F726B2F63F6
S2140412F06F6D6D6F6E2F7A69676265655F73746173
S214041300636B5F736C6565702E630052583A2052A7
S21404131065736574546F466163746F727944656669
S21404132061756C747343616C6C6261636B00657A9F
S214041330737020636F756E74657273206661696C72
S214041340656420257500657A73702052657365742C
S214041350205468726573686F6C64206572726F726D
S21404136020257500657A737020536574205468725E
S2140413706573686F6C64206572726F7220257500E1
S2140413802575292025733A202575005365747469DC
S2140413906E67205468726573686F6C6420636F6D43
S2140413A06D616E64003F3F3F004D616320527820BC
S2140413B04263617374004D61632054782042636114
S2140413C07374004D61632052782055636173740012
S2140413D04D6163205478205563617374004D6163D6
S2140413E020547820556361737420526574727900B2
S2140413F04D61632054782055636173742046616997
S2140414006C0041505320527820426361737400414B
S2140414105053205478204263617374004150532023
S21404142052782055636173740041505320547820D9
S2140414305563617374205375636365737300415019
S21404144053205478205563617374205265747279FE
S21404145000415053205478205563617374204661CC
S214041460696C00526F757465204469736320496E15
S21404147069746961746564004E65696768626F7251
S214041480204164646564004E65696768626F722013
S21404149052656D6F766564004E65696768626F7243
S2140414A0205374616C65004A6F696E20496E6469E6
S2140414B0636174696F6E004368696C64204D6F766F
S2140414C0656400415348204F766572666C6F7700FA
S2140414D0415348204672616D65204572726F7200F2
S2140414E0415348204F76657272756E204572726F4E
S2140414F072004E574B204643204661696C757265F0
S21404150000415053204643204661696C757265005D
S21404151041534820584F66660041505320556E612B
S2140415207574686F72697A6564204B6579004E57E6
S2140415304B2044656372797074204661696C7572D9
S2140415406573004150532044656372797074204675
S21404155061696C75726573005061636B65742042D3
S214041560756666657220416C6C6F636174652046AF
S21404157061696C757265730052656C617965642087
S21404158055636173740050687920746F204D41432D
S214041590207175657565206C696D69742072656166
S2140415A063686564005061636B65742056616C699A
S2140415B0646174652064726F7020636F756E740066
S2140415C04E574B207265747279206F766572666C1E
S2140415D06F7700434341204661696C7572657300FA
S2140415E042726F616463617374207461626C652017
S2140415F066756C6C00505441204C6F205072692004
S2140416005265710050544120486920507269205236
S214041610657100505441204C6F2050726920446517
S2140416206E696564005054412048692050726920F0
S21404163044656E69656400505441204C6F205072B6
S21404164069205478204162727400505441204869DD
S2140416502050726920547820416272740041646498
S2140416607265737320436F6E666C6963742053658A
S2140416706E740043534C2052782073636865647517
S2140416806C65206661696C6564000D00446562756E
S21404169067207072696E742067726F757020257388
S2140416A00A0057726F6E6720706172616D657465AB
S2140416B0720A0046696E6420616E642042696E6434
S2140416C020496E69746961746F723A20436F6D7055
S2140416D06C6574653A20307825303258005374614E
S2140416E07274207461726765740046696E64206162
S2140416F06E642042696E64205461726765740025C6
S214041700733A2025733A20307825303258004672D2
S21404171061676D656E746174696F6E2052582077C8
S214041720696E646F772073697A65207365742074B4
S2140417306F202564002F686F6D652F72756E6E6559
S214041740722F776F726B2F747579612D7A69676261
S21404175065652D7377697463682F747579612D7A5E
S21404176069676265652D7377697463682F73696C3E
S2140417706162735F746F6F6C732F73696D706C69DD
S214041780636974795F73646B2F70726F746F636FC1
S2140417906C2F7A69676265652F6170702F66726157
S2140417A06D65776F726B2F706C7567696E2F6672D6
S2140417B061676D656E746174696F6E2F66726167BA
S2140417C06D656E746174696F6E2E630052583A20AC
S2140417D041646447726F7570526573706F6E73659B
S2140417E0203078253032582C203078253034580074
S2140417F052583A205669657747726F75705265730A
S214041800706F6E7365203078253032582C2030780F
S214041810253034582C20220052583A204765744705
S214041820726F75704D656D62657273686970526526
S21404183073706F6E7365203078253032582C2030E4
S21404184078253032582C00205B3078253034585DAB
S2140418500052583A2052656D6F766547726F757000
S214041860526573706F6E7365203078253032582C4D
S214041870203078253034580065705B253032585D4A
S2140418802069645B253034585D00436C6561726979
S2140418906E6720616C6C2067726F7570732E0045DE
S2140418A052523A204661696C656420746F206372F4
S2140418B0656174652062696E64696E672028307895
S2140418C02530325829004552523A2042696E6469DE
S2140418D06E67207461626C652069732066756C6C33
S2140418E0004552523A2077726974696E67206E61B9
S2140418F06D6520737570706F7274202530325800D1
S21404190052583A2041646447726F757020307825C7
S2140419103034582C20220075760052583A205669E6
S214041920657747726F7570203078253034580075A7
S214041930767300766965775F67726F7570004772B5
S2140419406F7570733A206661696C656420746F20E5
S21404195073656E6420257320726573706F6E73658D
S2140419603A20307825303258006765745F67726FA6
S21404197075705F6D656D62657273686970207265F7
S21404198073706F6E73650064656661756C745F7200
S2140419906573706F6E73650052583A2047657447D6
S2140419A0726F75704D656D6265727368697020300C
S2140419B078253032582C007575620047726F757042
S2140419C0733A206661696C656420746F2073656E73
S2140419D0642025733A203078253032580052583A1D
S2140419E02052656D6F766547726F75702030782566
S2140419F0303458004552523A204661696C6564207A
S214041A00746F2064656C6574652062696E64696EC3
S214041A10672028307825303258290072656D6F7635
S214041A20655F67726F75700052583A2052656D6F25
S214041A307665416C6C47726F7570730052583A2025
S214041A4041646447726F757049664964656E74696B
S214041A506679696E67203078253034582C20220049
S214041A60616464004368616E6E656C206E6F7420FA
S214041A7076616C69643A202564005072696D6172FF
S214041A8079002573206D61736B206E6F7720307834
S214041A9025303858005365636F6E64617279004D63
S214041AA061736B206E6F742076616C69643A2025CE
S214041AB064007072696D617279007365636F6E6439
S214041AC06172790025733A20536574202573206D5E
S214041AD061736B20746F2030782530385800537447
S214041AE0617475730025733A2025733A0043686160
S214041AF06E6E656C206D61736B3A00202020202882
S214041B00312920307825303858205B0020202020CA
S214041B1028322920307825303858205B00537461E9
S214041B2074653A20307825303258202825732900E9
S214041B3043757272656E74206368616E6E656C3A86
S214041B4020256400546F74616C20626561636F6E57
S214041B50733A202564004A6F696E20617474656D5B
S214041B607074733A202564004E6574776F726B2028
S214041B7073746174653A2030782530325800537493
S214041B806F700025732053746F702E2020436C658D
S214041B90616E696E672075702E0042726F616463B1
S214041BA0617374696E67207065726D6974206A6FFC
S214041BB0696E0054727573742063656E7465722062
S214041BC06C696E6B206B6579207570646174652032
S214041BD07374617475730025733A205741524E49E5
S214041BE04E473A20736C5F7A69676265655F736512
S214041BF0745F696E697469616C5F73656375726935
S214041C0074795F7374617465206661696C65642EAB
S214041C1020436F6E74696E75696E672077697468A1
S214041C206F757420696E7374616C6C20636F646581
S214041C302E004572726F723A20696E7374616C6C12
S214041C4020636F6465207365747570206661696CC3
S214041C5065642E20497320616E20696E7374616C0E
S214041C606C20636F646520666C6173686564206FBE
S214041C706E746F20746865206465766963653F00DA
S214041C80D0D1D2D3D4D5D6D7D8D9DADBDCDDDEDFD3
S214041C9000FFFFFFFFFFFFFFFF005A69674265650D
S214041CA0416C6C69616E636530390025733A20694E
S214041CB0737375696E67207363616E206F6E20257B
S214041CC073206368616E6E656C7320286D61736B38
S214041CD02030782530385829002573206973206110
S214041CE06C726561647920696E2070726F677265C4
S214041CF07373005374617274004578616D696E691C
S214041D006E6720626561636F6E206F6E2063686124
S214041D106E6E656C20256420776974682070616E29
S214041D20496420307825303458005468697320623A
S214041D306561636F6E206973206E6F7420706172C4
S214041D4074206F66207468652063757272656E749D
S214041D50206368616E6E656C206D61736B2028303D
S214041D607825303858292E2047657474696E6720A4
S214041D706E65787420626561636F6E2077686F7332
S214041D8065206368616E6E656C206269746D61734C
S214041D906B206973207365742E004572726F723AF5
S214041DA020257320636F756C64206E6F74206174D5
S214041DB074656D7074206A6F696E3A2030782530C9
S214041DC03258004E6F20626561636F6E73206C65D7
S214041DD06674206F6E2063757272656E74206D6112
S214041DE0736B2E204D6F76696E6720746F206E6558
S214041DF07874207374617465002573206A6F696E45
S214041E00696E6720307825303458206F6E206368FA
S214041E10616E6E656C2025640025732053746174AE
S214041E20653A202573004572726F723A2025732036
S214041E30636F756C64206E6F7420736574757020A0
S214041E4073656375726974793A2030782530325830
S214041E50004572726F723A205363616E20636F6D31
S214041E60706C6574652068616E646C65722072655A
S214041E707475726E65642030782530325800257388
S214041E80207363616E20636F6D706C6574652E20BD
S214041E90426561636F6E732068656172643A2025DB
S214041EA06400257320737461636B207374617475A6
S214041EB07320307825303258002573206E65747789
S214041EC06F726B206A6F696E65642E0025732074CA
S214041ED07279696E67206E657874206E6574776FA4
S214041EE0726B2E004E6F6E65005363616E205072E7
S214041EF0696D617279204368616E6E656C732061EA
S214041F006E642075736520436F6E666967757265C7
S214041F1064204B6579005363616E205072696D616D
S214041F207279204368616E6E656C7320616E6420FE
S214041F3075736520496E7374616C6C20436F6465B9
S214041F40005363616E205072696D61727920436834
S214041F50616E6E656C7320616E64205573652043F4
S214041F60656E7472616C697A6564204B657900539A
S214041F7063616E205072696D617279204368616E88
S214041F806E656C7320616E642055736520446973B6
S214041F907472696275746564204B65790053636175
S214041FA06E205365636F6E64617279204368616E58
S214041FB06E656C7320616E642075736520436F6E66
S214041FC066696775726564204B6579005363616E54
S214041FD0205365636F6E64617279204368616E6E28
S214041FE0656C7320616E642075736520496E737426
S214041FF0616C6C20436F6465005363616E205365A7
S214042000636F6E64617279204368616E6E656C738B
S21404201020616E64205573652043656E7472616C2E
S214042020697A6564204B6579005363616E20536555
S214042030636F6E64617279204368616E6E656C735B
S21404204020616E64205573652044697374726962F6
S21404205075746564204B6579005363616E20507215
S214042060696D617279204368616E6E656C73206178
S2140420706E642055736520416C6C204B6579732023
S21404208028696E7374616C6C20636F64652C2063BE
S214042090656E7472616C697A65642C206469737405
S2140420A07269627574656429005363616E205365B2
S2140420B0636F6E64617279204368616E6E656C73DB
S2140420C020616E642055736520416C6C204B6579E5
S2140420D0732028696E7374616C6C20636F64652C5E
S2140420E02063656E7472616C697A65642C20646919
S2140420F073747269627574656429004F6E2F4F6637
S21404210066207365742076616C75653A20253032D6
S214042110582025303258004552523A207265616480
S214042120696E67206F6E2F6F666620253032580002
S2140421304F6E2F6F666620616C72656164792073DA
S214042140657420746F206E65772076616C75650003
S214042150546F67676C65206F6E2F6F6666206672B5
S2140421606F6D202530325820746F20253032580089
S2140421704552523A2077726974696E67206F6E2FE3
S2140421806F6666202530325800496E7374616C6C35
S21404219065642054797065202842617365293A2065
S2140421A020307825303258004361706162696C696A
S2140421B0746965733A2020202020202020202020C7
S2140421C030782530345800426F6F746C6F616465E4
S2140421D0722056657273696F6E3A20202020203074
S2140421E078253034580053656375726520426F6FE6
S2140421F0746C6F61646572204B65793A20202020E8
S214042200202000426F6F746C6F6164696E6720668D
S21404221061696C65642100446F776E6C6F6164203D
S2140422206661696C65642E0044656C6574696E67E6
S214042230206661696C656420646F776E6C6F616498
S2140422402C207374617475733A20307825303258B4
S21404225000496D61676520646F6573206E6F742036
S214042260636F6E7461696E20616E2055706772616B
S214042270646520496D61676520546167202830785D
S21404228025303458292E20536B697070696E672088
S214042290757067726164652E004578656375746948
S2140422A06E6720626F6F746C6F61642063616C6C20
S2140422B06261636B2E005374617274696E672045A5
S2140422C0424C20766572696669636174696F6E0054
S2140422D045424C206661696C656420766572696661
S2140422E069636174696F6E2E0045424C2070617399
S2140422F073656420766572696669636174696F6E76
S2140423002E002573696E67204F544120636C6965FF
S2140423106E74207374617465206D616368696E659C
S2140423200073746F7070004572726F723A204E6F4D
S21404233020696D61676520617420696E6465782024
S2140423402564004E6F7420737570706F72746564C4
S2140423502E00436C69656E7420696D616765207133
S2140423607565727920696E666F004D616E756620BC
S21404237049443A2020202020202020203078253070
S214042380345800496D616765205479706520494466
S2140423903A20202020307825303458004375727255
S2140423A0656E742056657273696F6E3A20203078B5
S2140423B02530385800486172647761726520566526
S2140423C07273696F6E3A20004E41005175657279DA
S2140423D02044656C6179206D733A202020202020EB
S2140423E0202020202020256C6400536572766572B8
S2140423F020446973636F766572792044656C6179ED
S214042400206D733A20256C6400446F776E6C6F61A0
S214042410642044656C6179206D733A202020202066
S21404242020202020256C640052756E20557067723B
S2140424306164652044656C6179206D733A202020C0
S214042440202020256C6400566572696679204465F0
S2140424506C6179206D733A202020202020202020D3
S2140424602020256C6400446F776E6C6F6164204591
S21404247072726F72205468726573686F6C643A2067
S214042480202564005570677261646520576169741D
S214042490205468726573686F6C643A202020202587
S2140424A064004F544120446F776E677261646573AD
S2140424B03A2044697361626C6564004F5441204459
S2140424C06F776E6772616465733A20456E61626CFD
S2140424D0656400426F6F746C6F616420737461741A
S2140424E0653A20257300496E76616C696420455010
S2140424F0202564207768656E20747279696E67207B
S214042500746F2073656E64204F5441206D65737339
S2140425106167652E0053656E64696E672055706743
S2140425207261646520456E642072657175657374A6
S2140425302E0025733A20696E76616C696420636D9B
S21404254064496420307825303258004572726F72C0
S2140425503A20204661696C656420746F2073656E4A
S21404256064204F544120636F6D6D616E6420307833
S214042570253032582C207374617475733A20307881
S214042580253032580053657276657220756E6B6E10
S2140425906F776E2C2066616C6C696E67206261636F
S2140425A06B20746F20646973636F766572792E008E
S2140425B04D6178696D756D207175657279206572E7
S2140425C0726F72732068697420282564292C20731E
S2140425D074617274696E67207365617263682066DD
S2140425E06F72206E6577204F54412073657276654E
S2140425F0722E0A004170706C79696E672075706778
S214042600726164650025733A20696E76616C69644C
S214042610206F66667365742063757272656E745493
S214042620696D652830782530385829203E20757025
S214042630677261646554696D65283078253038584A
S21404264029004F544120436C75737465723A2077A1
S21404265061697420666F7220256420730052586581
S214042660642074696D654F75742030782530385849
S21404267020732C204D41582074696D654F75742065
S2140426803078253038582073004D6178696D756D43
S2140426902075706772616465207265717565737400
S2140426A073206D6164652028256429207769746821
S2140426B06F757420726573706F6E73652066726FC3
S2140426C06D207365727665722E005570677261644C
S2140426D0696E6720616E79776179004F54412053A3
S2140426E065727669636520646973636F766572796B
S2140426F02070726576656E746564202D20616E6F39
S2140427007468657220697320616C726561647920EF
S214042710696E2070726F6772657373004661696CC8
S214042720656420746F20696E6974696174652073CA
S21404273065727669636520646973636F766572791A
S2140427402E004F54412053657276696365204469B0
S21404275073636F7665727920696E2070726F677224
S21404276065737300436C69656E742076657269667A
S21404277069636174696F6E206661696C65642E00B6
S2140427805369676E617475726500437573746F6D13
S21404279000706173736564004641494C4544004EBD
S2140427A06F207369676E61747572652076657269E9
S2140427B06669636174696F6E20737570706F727486
S2140427C02C20617373756D696E6720696D6167652A
S2140427D0206973206F6B61792E00257320766572ED
S2140427E0696669636174696F6E2025733A20307870
S2140427F025303258004D6178696D756D206E756DA3
S214042800626572206F6620646F776E6C6F616420F9
S2140428106572726F7273207265616368202825641E
S214042820292C2061626F7274696E672E004F5441C2
S21404283020436C75737465723A2073657474696E9C
S2140428406720494545452061646472657373206F4B
S21404285066204F544120636C757374657200506132
S214042860727469616C2066696C6520646F776E6C3F
S2140428706F616420666F756E642C20636F6E746976
S2140428806E75696E672066726F6D206F6666736517
S214042890742030782530385800466F756E6420668C
S2140428A0756C6C7920646F776E6C6F6164656420F8
S2140428B066696C6520696E2073746F726167652043
S2140428C02876657273696F6E2030782530385829FB
S2140428D02E00466F756E642066696C6520696E20EE
S2140428E073746F72616765207769746820646966BB
S2140428F0666572656E742076657273696F6E2028DD
S21404290030782530385829207468616E20637572D3
S21404291072656E742076657273696F6E20283078DF
S21404292025303858290046696C6520696E20737412
S2140429306F726167652069732073616D65206173CA
S2140429402063757272656E742072756E6E696E673A
S2140429502076657273696F6E202830782530385873
S21404296029004E6F20696D61676520666F756E6419
S21404297020696E2073746F726167652E004F544130
S214042980205365727669636520446973636F766560
S214042990727920756E626C6F636B65640049676E4E
S2140429A06F72696E67207365727665722066726FE1
S2140429B06D206C6F6F706261636B20616464726516
S2140429C073730049676E6F72696E672030782530BE
S2140429D03458204F54412073657276657220696EB0
S2140429E020736561726368206F66205443005365E4
S2140429F07474696E67204F5441205365727665720D
S214042A0020746F203078253034580044656C617922
S214042A10696E67202564207365636F6E6473206235
S214042A2065666F7265207374617274696E67204F91
S214042A30544120636C69656E740054696D656F75E6
S214042A40742077616974696E6720666F72206D659D
S214042A5073736167652E00426164204F544120639E
S214042A606F6D6D616E643A20307825303258004FB1
S214042A70544120636F6D6D616E642030782530326A
S214042A805820746F6F2073686F727420286C656E9C
S214042A90202564203C206D696E20256429004F544F
S214042AA04120636F6D6D616E642066726F6D207574
S214042AB06E7265636F676E697A6564207365727695
S214042AC06572203078253034582E20204D79204FDA
S214042AD05441207365727665723A20307825303416
S214042AE05800496D616765204E6F746966790047C2
S214042AF06F7420756E6578706563746564202573DD
S214042B002E2020537461727420646973636F766533
S214042B1072792E0064656661756C74004F54413A90
S214042B20206661696C656420746F2073656E64202A
S214042B30257320726573706F6E73653A203078253E
S214042B4030325800496D616765206E6F7469667926
S214042B5000476F7420756E657870656374656420CD
S214042B6025732E202049676E6F7265642E004F54BD
S214042B70413A2044656661756C7420726573706FA3
S214042B806E736520666F7220496D616765206E6F8F
S214042B90746966792C207374617475732030782593
S214042BA030325800496D616765206E6F74696679C6
S214042BB020636F6D6D616E6400257320756E6963A6
S214042BC06173742C207175657279696E6700496E3D
S214042BD076616C6964002573202573207061796CB6
S214042BE06F6164207479706520307825303258001F
S214042BF025732025733A206F7574206F66207261E2
S214042C006E6765206A69747465722025640025738E
S214042C102025733A207061796C6F6164206C656E50
S214042C2067746820646F65736E2774206D617463BF
S214042C30682074797065203078253032582028252D
S214042C4064203C20256429002573202573206475A0
S214042C506520746F206E6F6E2D6D61746368696E87
S214042C6067206D616E75666163747572657220495E
S214042C70440025732025732064756520746F206EC8
S214042C806F6E2D6D61746368696E6720696D616728
S214042C9065207479706520494400257320257320C7
S214042CA064756520746F206D61746368696E67204F
S214042CB06669726D776172652076657273696F6E88
S214042CC00025732025732C2052782764204A6974C3
S214042CD07465722028307825303258292C205069A3
S214042CE0636B6564204A697474657220283078259D
S214042CF030325829005175657279206E65787420D3
S214042D00696D61676520726573706F6E7365002503
S214042D10732072657475726E65642030782530325F
S214042D20582E20204E6F206E657720696D6167658A
S214042D3020746F20646F776E6C6F61642E00257349
S214042D4020746F6F2073686F727420282564203C8B
S214042D50202564290025733A204E657720696D6125
S214042D60676520697320617661696C61626C6520B1
S214042D70666F7220646F776E6C6F61642E002573C5
S214042D80206973206E6F74207573696E67206D7981
S214042D9020696D61676520696E666F2E0045525224
S214042DA04F523A204E65787420496D6167652069F4
S214042DB07320746F6F2062696720746F2073746F5A
S214042DC072652028307825303858203E2030782503
S214042DD0303858290025732072657475726E6564E0
S214042DE02073616D652046696C6556657273696FFC
S214042DF06E2061732063757272656E746C792069D7
S214042E006E7374616C6C65642E004F544120446F7D
S214042E10776E6772616465732044697361626C657A
S214042E20643A2046696C6556657273696F6E2062F3
S214042E306568696E642063757272656E7420696E67
S214042E407374616C6C6174696F6E00537461727430
S214042E50696E6720646F776E6C6F61642C205665AC
S214042E607273696F6E203078253038580045727258
S214042E706F723A204661696C656420746F206465DD
S214042E806C65746520696D6167652E004572726FA6
S214042E90723A204661696C656420746F20657261BD
S214042EA07365206F6C642074656D70206461746152
S214042EB02E00496D61676520626C6F636B207265D6
S214042EC073706F6E7365004F54413A20496D6167A5
S214042ED065426C6F636B5265706F6E736520636FCB
S214042EE06E7461696E7320696E76616C6964206FB6
S214042EF07220696E636F6D706C65746520646174AE
S214042F0061005570646174696E67204D696E204275
S214042F106C6F636B205265717565737420506572AF
S214042F20696F6420746F202564206D7300446F7786
S214042F306E6C6F61642064656C61792062792073BD
S214042F406572766572202564206D7300446F776E13
S214042F506C6F61642061626F7274656420627920AC
S214042F607365727665722E00536572766572206498
S214042F706F65736E277420737570706F727420702B
S214042F8061676520726571756573742C206F6E6C4D
S214042F9079207573696E6720626C6F636B20726547
S214042FA071756573742E005365727665722072654A
S214042FB07475726E65642027756E737570706F72A3
S214042FC074656420636C757374657220636F6D6DCD
S214042FD0616E64272E00556E6B6E6F776E202573B8
S214042FE02073746174757320636F6465203078256C
S214042FF03032580025732068617320646174612040
S21404300073697A65202825642920736D616C6C6564
S21404301072207468616E2061637475616C207061DF
S214043020636B65742073697A6520282564292E00ED
S2140430302573206572726F723A20457870656374E2
S2140430406564206F6666736574203078253038585A
S2140430502C2062757420676F7420307825303858B9
S2140430602E202049676E6F72696E6700257320698B
S2140430706E666F20646964206E6F74206D6174637D
S21404308068206D7920657870656374656420696E60
S214043090666F2E202044726F7070696E672E00462D
S2140430A061696C656420746F207772697465207436
S2140430B06F2073746F7261676520646576696365F3
S2140430C02100446F776E6C6F61640055706772619F
S2140430D0646520656E6420726573706F6E73650038
S2140430E05365727665722061626F727465642075CA
S2140430F07067726164652C207374617475733A200A
S214043100307825303258004572726F723A20257333
S2140431102068616420696E76616C69642025733A60
S214043120200066696C652076657273696F6E00416F
S2140431306464696E67202564206D732E2064656C54
S214043140617920666F7220696D6D65646961746566
S21404315020757067726164652E00436F756E7464C3
S2140431606F776E20746F20757067726164653A209D
S2140431702564206D73002053746174653A20202002
S2140431802573002057616974696E6720666F722024
S214043190726573706F6E73653A20257300204E65F2
S2140431A07874204576656E742054696D65723A208D
S2140431B02564206D73002043757272656E74204416
S2140431C06F776E6C6F6164204F66667365743A2021
S2140431D0307825303858202825642525290025737D
S2140431E03A206661696C65642070617273696E6703
S2140431F0204F544120636D642030782530325800C7
S2140432004F54412044656661756C74207265737012
S2140432106F6E736520746F20636F6D6D616E6420CE
S2140432204944203078253032582C207374617475E4
S214043230732030782530325800496D616765206206
S2140432406C6F636B20726571756573742074657337
S21404325074206F6E6C7920776F726B732077686555
S2140432606E20737461746520697320424F4F544C0A
S2140432704F41445F53544154455F4E4F4E450052B0
S214043280616E646F6D2044656C6179206265666F5B
S214043290726520737461727400446973636F766533
S2140432A072696E67204F54412053657276657200CA
S2140432B0476574204F5441205365727665722045E5
S2140432C05549004F627461696E206C696E6B206BA1
S2140432D06579005175657279696E67204E657874F4
S2140432E020496D61676500446F776E6C6F61646931
S2140432F06E6720496D61676500566572696679690F
S2140433006E6720496D6167650057616974696E6709
S21404331020666F722055706772616465206D6573F0
S2140433207361676500436F756E74646F776E20749F
S2140433306F20557067726164650057616974696EC1
S2140433406720746F207570677261646520766961A2
S214043350206F75742D6F662D62616E64206D6563D3
S21404336068616E69736D0025733A202564252520EF
S214043370636F6D706C65746500496D6167652025C3
S214043380640020204552524F523A20436F756C64B5
S214043390206E6F74206765742066756C6C20686593
S2140433A06164657221002020486561646572205658
S2140433B0657273696F6E3A20307825303458002071
S2140433C020486561646572204C656E6774683A20AF
S2140433D02025642062797465730020204669656C34
S2140433E06420436F6E74726F6C3A202030782530F8
S2140433F034580020204D616E75662049443A2020DA
S2140434002020202020307825303458002020496D94
S21404341061676520547970653A2020202020307832
S2140434202530345800202056657273696F6E3A2032
S21404343020202020202020307825303858002020D6
S2140434405A69676265652056657273696F6E3A20BD
S2140434503078253034580020204865616465722031
S214043460537472696E673A20202573002020496DD4
S2140434706167652053697A653A2020202020256CF0
S21404348064206279746573002020536563757269DD
S214043490747920437265643A202030782530325897
S2140434A00020205570677261646520446573743A21
S2140434B02020200020204D696E2E20485720566577
S2140434C0723A202020203078253034580020204DB1
S2140434D061782E204857205665723A2020202030E6
S2140434E07825303458002020546F74616C20546161
S2140434F067733A20256400202020205461673A2010
S214043500307825303458002020202020204C656E4A
S2140435106774683A20256C64004572726F723A20AC
S214043520436F756C64206E6F74206F627461696E8D
S2140435302074616720696E666F2066726F6D2069FD
S2140435406D6167652E000A256420696D6167657381
S21404355020696E204F54412073746F726167652E24
S21404356000496D6167652064656C65746525732E16
S214043570004572726F723A2020436F756C64206E39
S2140435806F74207265616420626C6F636B3A2030DE
S21404359078253032582E0A005374617274696E6747
S2140435A02065726173652066726F6D206F66667340
S2140435B065742030782530385820746F203078258C
S2140435C030385800436F756C64206E6F74207374C3
S2140435D061727420455241534521202830782530A5
S2140435E032582900454550524F4D20457261736547
S2140435F020636F6D706C657465002F686F6D652F42
S21404360072756E6E65722F776F726B2F7475796133
S2140436102D7A69676265652D7377697463682F749C
S2140436207579612D7A69676265652D737769746348
S214043630682F73696C6162735F746F6F6C732F733A
S214043640696D706C69636974795F73646B2F7072EB
S2140436506F746F636F6C2F7A69676265652F61702C
S214043660702F6672616D65776F726B2F706C7567FD
S214043670696E2F6F74612D73746F726167652D7335
S214043680696D706C652D656570726F6D2F6F7461F2
S2140436902D73746F726167652D656570726F6D2D1D
S2140436A0706167652D65726173652E63002F686FA0
S2140436B06D652F72756E6E65722F776F726B2F74D1
S2140436C07579612D7A69676265652D7377697463A8
S2140436D0682F747579612D7A69676265652D7377CD
S2140436E0697463682F73696C6162735F746F6F6C5F
S2140436F0732F73696D706C69636974795F73646B37
S2140437002F70726F746F636F6C2F7A69676265656A
S2140437102F6170702F6672616D65776F726B2F7094
S2140437206C7567696E2F6F74612D73746F72616741
S214043730652D73696D706C652D656570726F6D2F80
S2140437406F74612D73746F726167652D6565707231
S2140437506F6D2E63004F54412053696D706C652065
S21404376053746F7261676520454550524F4D2077FC
S21404377061726E696E673A20636F756C64206E6F53
S214043780742067657420736C6F7420696E666F208E
S214043790666F7220736C6F742025642028657272BD
S2140437A06F7220307825303258292E2044656661A1
S2140437B0756C74696E6720746F20737065636966D0
S2140437C06965642061646472657373206F666673EA
S2140437D06574730053746F7261676520447269760A
S2140437E065723A202020202020202020202020201F
S2140437F04F54412053696D706C652053746F726129
S214043800676520454550524F4D20506C7567696E6C
S2140438100052656164204D6F646966792057726949
S214043820746520537570706F72743A20206E6F0042
S214043830534F4320426F6F746C6F6164696E6720E8
S214043840537570706F72743A202020207965730067
S214043850426F6F746C6F616465722053746F72612B
S214043860676520537570706F72743A2055736520BF
S214043870666972737420736C6F7400536C6F742073
S214043880746F207573653A20202020202020202085
S2140438902020202020202025640043757272656E47
S2140438A07420446F776E6C6F6164204F6666736530
S2140438B0743A202020203078253038580045424C71
S2140438C0205374617274204F66667365743A2020C0
S2140438D02020202020202020203078253038580032
S2140438E0454550524F4D2053746172743A2020203F
S2140438F02020202020202020202020203078253042
S214043900385800454550524F4D20456E643A2020A5
S214043910202020202020202020202020202020308E
S214043920782530385800496D61676520496E666FA2
S2140439302053746172743A202020202020202020F6
S214043940202030782530385800536176652052613F
S214043950746520286279746573292020202020202D
S2140439602020202020307825303858004F66667393
S2140439706574206F6620646F776E6C6F6164206F69
S2140439806666736574202020307825303858004FDA
S2140439906666736574206F662045424C206F6666C3
S2140439A07365743A20202020202020307825303873
S2140439B058004F6666736574206F6620696D61678C
S2140439C0652073746172743A202020202020307899
S2140439D02530385800736C5F7A69676265655F6185
S2140439E0665F6F74615F73746F726167655F64723C
S2140439F0697665725F726561645F63622829206612
S214043A0061696C65642100426164206D6167696365
S214043A10206E756D62657220696E2066696C653A03
S214043A2020307825303258203078253032582030EF
S214043A307825303258203078253032580042616478
S214043A402076657273696F6E20696E2066696C6590
S214043A5020307825303458004572726F723A2072DE
S214043A60656164416E6456616C696461746553741F
S214043A706F726564496D616765282920747269658B
S214043A806420746F2072656164206D6F72652064B3
S214043A90617461207468616E20697420636F756C4C
S214043AA06420686F6C642E00736C5F7A6967626565
S214043AB0655F61665F6F74615F73746F726167657B
S214043AC05F6472697665725F726561645F636228BB
S214043AD029204641494C454421004C617374206FAB
S214043AE0666673657420646F776E6C6F6164656474
S214043AF03A203078253038580053746F7261676501
S214043B00204D6F64756C653A204F54412053696D9F
S214043B10706C652053746F7261676520506C7567AE
S214043B20696E00496D616765732053746F726564CE
S214043B303A20202564206F6620310A00253032584A
S214043B403A006570202530325820636C7573202542
S214043B5030345820617474722025303458207376BB
S214043B607220256300206D666720253032580020B9
S214043B707265706F7274206D696E2025303458201B
S214043B806D61782025303458207270742D63686710
S214043B90202530385800207265636569766520668E
S214043BA0726F6D20253034582065702025303258C9
S214043BB02074696D656F75742025303458007265FD
S214043BC06D6F766500636C656172696E67206C6103
S214043BD07374207265706F72742074696D65206FDB
S214043BE06620616C6C2061747472696275746573A6
S214043BF00074657374696E672074696D696E6720F6
S214043C006F6620766172696F7573207265706F7265
S214043C1074696E67206F7065726174696F6E730085
S214043C202D2D2D2D2D2D2D2D2D2D2D2D2D2D2D2DBB
S214043C302D2D2D2D2D2D2D2D2D2D2D2D2D2D2D2DAB
S214043C402D2D2D2D2D2D2D2D2D2D2D2D2D2D2D00C8
S214043C502D2D7461626C65207265616473202D205D
S214043C6066756C6C207461626C652D2D00726573CC
S214043C70756C74203D202564206D73002D2D696EAF
S214043C806974202F207363686564756C6520746995
S214043C90636B2D2D2D002D2D6C6F616420636F6E6C
S214043CA066696775726174696F6E206465666175AE
S214043CB06C74732D2D002F686F6D652F72756E6E84
S214043CC065722F776F726B2F747579612D7A6967B9
S214043CD06265652D7377697463682F747579612DD1
S214043CE07A69676265652D7377697463682F73698B
S214043CF06C6162735F746F6F6C732F73696D706C35
S214043D0069636974795F73646B2F70726F746F6321
S214043D106F6C2F7A69676265652F6170702F6672A3
S214043D20616D65776F726B2F706C7567696E2F7235
S214043D3065706F7274696E672F7265706F727469DE
S214043D406E672E6300524541445F5250545F4346AB
S214043D504700726561645F7265706F7274696E673E
S214043D605F636F6E66696775726174696F6E005221
S214043D7065706F7274696E673A206661696C656413
S214043D8020746F2073656E642025732072657370CB
S214043D906F6E73653A20307825303258004552529B
S214043DA03A2072656164696E6720636C7573746526
S214043DB072203078253034582061747472696275C4
S214043DC07465203078253034583A203078253032DF
S214043DD058004552523A207265706F7274696E6765
S214043DE0206F66204C4F4E4720737472696E6720AE
S214043DF06174747269627574652074797065206E76
S214043E006F7420737570706F727465643A20636C97
S214043E107573746572203078253034582061747454
S214043E20726962757465203078253034580052659E
S214043E30706F7274696E6720456E74727920467569
S214043E406C6C202D206372656174696E67206E65E4
S214043E5077207265706F7274004346475F52505401
S214043E6000202D20646972656374696F6E3A25308C
S214043E7032582C20617474723A253034580020204D
S214043E8020747970653A253032582C206D696E3A64
S214043E90253034582C206D61783A2530345800206B
S214043EA020206368616E67653A0020202074696D7F
S214043EB0656F75743A2530345800636F6E666967AB
S214043EC07572655F7265706F7274696E67002054F0
S214043ED0434C4B2075706461746520616C72656137
S214043EE0647920696E2070726F6772657373004D13
S214043EF0616E75616C2054434C4B2075706461741C
S214043F0065206661696C65642E257300537461725E
S214043F1074696E6720757064617465207472757355
S214043F20742063656E746572206C696E6B206B65B5
S214043F30792070726F63657373005570646174657D
S214043F40205443204C696E6B204B657900204E65E7
S214043F5077206B65792065737461626C6973686534
S214043F60643A00204572726F723A00506172746E41
S214043F7065723A20005A434C20676C6F62616C206D
S214043F80636C757374657220636F6D6D616E6473B4
S214043F9000646972656374696F6E00646973632D87
S214043FA0636F6D2D67656E00646973632D636F6D53
S214043FB02D726563006578706563742D7265706F25
S214043FC072742D66726F6D2D6D65007577726974E7
S214043FD065006E7772697465007265706F72742D11
S214043FE0726561640073656E642D6D652D612D7256
S214043FF065706F7274004372656174657320612026
S214044000676C6F62616C20646973636F7665722097
S214044010636F6D6D616E6420666F722074686520D0
S2140440206173736F6369617465642076616C75652A
S214044030732E00636C757374657249641F617474BF
S21404404072696275746549641F6D61784E756D6238
S2140440506572546F5265706F72741F0043726561A7
S214044060746573206120676C6F62616C2073656E83
S21404407064206D652061207265706F727420636FB2
S2140440806D6D616E6420666F72207468652061735E
S214044090736F6369617465642076616C7565732EED
S2140440A000636C757374657249641F617474726915
S2140440B06275746549641F64617461547970651F20
S2140440C06D696E5265706F727454696D651F6D61AB
S2140440D0785265706F727454696D651F7265706F7F
S2140440E0727461626C654368616E67651F00437233
S2140440F06561746573206120676C6F62616C207201
S214044100656164207265706F7274696E6720636F90
S2140441106D6D616E6420666F7220746865206173CD
S214044120736F63696174656420636C757374657218
S2140441302C2061747472696275746520616E6420E3
S2140441407365727665722F636C69656E7420646934
S21404415072656374696F6E2E00636C757374657232
S21404416049641F61747472696275746549641F6476
S2140441706972656374696F6E1F00476C6F62616C69
S214044180207265706F7274696E6720636F6D6D61FF
S2140441906E6400656E64706F696E741F636C75730D
S2140441A074657249641F61747472696275746549D2
S2140441B0641F6D61736B1F004372656174657320C1
S2140441C06120676C6F62616C207265616420636F46
S2140441D06D6D616E64206D65737361676520746FC1
S2140441E020726561642066726F6D20746865206352
S2140441F06C757374657220616E6420617474726980
S21404420062757465207370656369666965642E00FB
S214044210636C757374657249641F61747472696241
S21404422075746549641F0043726561746573206123
S21404423020676C6F62616C20777269746520636FA7
S2140442406D6D616E64206D65737361676520746F50
S21404425020777269746520746F2074686520636CB7
S214044260757374657220616E642061747472696219
S2140442707574652073706563696669656400636C4C
S214044280757374657249641F6174747269627574B7
S2140442906549641F747970651F646174611F004307
S2140442A072656174652061206578706563742D722B
S2140442B065706F72742D66726F6D2D6D65206D65F9
S2140442C073736167652077697468206173736F63BD
S2140442D069617465642076616C7565732E00636C21
S2140442E0757374657249641F617474726962757457
S2140442F06549641F74696D656F75741F0043726544
S214044300617465206120446973636F766572204327
S2140443106F6D6D616E64732047656E65726174655A
S2140443206420636F6D6D616E6420776974682061C4
S21404433073736F6369617465642076616C75657305
S2140443402E00636C757374657249641F73746172AE
S21404435074436F6D6D616E6449641F6D6178436F5D
S2140443606D6D616E6449641F0053657473207468D0
S2140443706520646972656374696F6E20666F722067
S214044380676C6F62616C20636F6D6D616E64732C15
S2140443902065697468657220636C69656E74207440
S2140443A06F20736572766572206F722073657276FD
S2140443B0657220746F20636C69656E742E00536595
S2140443C07473206120666C616720736F2074686163
S2140443D07420746865206170706C69636174696FB9
S2140443E06E206672616D65776F726B2057494C4C10
S2140443F0204E4F5420726573706F6E6420746F2065
S214044400746865206E657874205A434C206D657315
S21404441073616765207468617420636F6D657320CB
S214044420696E206F76657220746865206169722EE5
S2140444300053657473206120666C616720736F2077
S2140444407468617420746865206170706C69636157
S21404445074696F6E206672616D65776F726B205734
S214044460494C4C20726573706F6E6420746F2074B0
S2140444706865206E657874205A434C206D657373A6
S214044480616765207468617420636F6D6573206965
S2140444906E206F76657220746865206169722E00DE
S2140444A053657473207468652044697361626C652F
S2140444B02044656661756C7420526573706F6E7304
S2140444C065204672616D6520436F6E74726F6C2052
S2140444D062697420746F2075736520666F72207429
S2140444E06865206E65787420636F6D6D616E6420F8
S2140444F069662074686520636F6D6D616E642069FB
S21404450073206E6F7420616C7265616479206275C5
S214044510696C742E0064697361626C6544656661D7
S214044520756C74526573706F6E73651F0053657493
S214044530732074686520666C616720746F207573D9
S214044540652074686520696E6372656D656E746552
S214044550642073657175656E6365206E756D62653E
S214044560722066726F6D20746865206672616D6570
S214044570776F726B20666F7220746865206E65783C
S214044580742072617720636F6D6D616E642E0075A2
S21404459073654E65787453657175656E63651F0043
S2140445A0436C6920636F6D6D616E6420746F206365
S2140445B0616C6C20736C5F7A69676265655F6166BF
S2140445C05F7365745F74696D652066756E63746980
S2140445D06F6E20646F63756D656E74656420696EB6
S2140445E02061662E680075746354696D651F0053F8
S2140445F0657473207468652074776F2062797465B7
S214044600206D616E75666163747572657220737071
S214044610656369666963206964656E74696669655D
S2140446207220746F2075736520666F7220746865D7
S214044630206E65787420636F6D6D616E64206966A4
S2140446402074686520636F6D6D616E6420697320E5
S2140446506E6F7420616C7265616479206275696C32
S214044660742E006D66675370656369666963496492
S2140446701F0054727573742043656E746572204A05
S2140446806F696E2048616E646C65723A207374615B
S214044690747573203D2025732C20646563697369E3
S2140446A06F6E203D202573202825303258292C2073
S2140446B073686F72746964203078253034580055F6
S2140446C04E73656375726564206A6F696E0064650F
S2140446D076696365206C65667400554E736563750C
S2140446E07265642072656A6F696E00757365207002
S2140446F07265636F6E66696775726564206B65794B
S2140447000073656E64206B657920696E2074686535
S21404471020636C6561720064656E79206A6F696EE9
S214044720006E6F20616374696F6E00616C6C6F77E6
S2140447302072656A6F696E73206F6E6C79006E6F97
S214044740742000534C5F5354415455535F4E4554A4
S214044750574F524B5F55502030782530345800540C
S214044760727573742043656E7465722045554920CE
S2140447706861732025736368616E6765642E0053F1
S2140447804C5F5354415455535F4E4554574F524B08
S2140447905F444F574E00534C5F5354415455535F38
S2140447A04E4F545F4A4F494E454400534C5F535452
S2140447B0415455535F5A49474245455F4E45545701
S2140447C04F524B5F4F50454E45443A202564207364
S2140447D0656300534C5F5354415455535F5A4947DD
S2140447E04245455F4E4554574F524B5F434C4F53DB
S2140447F045440025733A202573006469737472690E
S21404480062757465640063656E7472616C697A655A
S2140448106400466F726D002573696E67206F6E20A4
S21404482063682025642C2070616E496420307825E6
S214044830303458004572726F723A20446576696364
S2140448406520646F6573206E6F7420737570706F67
S2140448507274202573206E6574776F726B20666F92
S214044860726D6174696F6E004A6F696E00496E7688
S214044870616C69642053656375726974792050723B
S2140448806F66696C653A2030782530325800704A75
S2140448906F696E20666F72202564207365633A2004
S2140448A0307825303258004C696D6974696E67201B
S2140448B06475726174696F6E206F66207065726DC0
S2140448C06974206A6F696E2066726F6D20666F72F7
S2140448D06576657220283235352920746F20323586
S2140448E0340052583A205A444F2C20636F6D6D6141
S2140448F06E64203078253034582C207374617475B7
S214044900733A203078253032580053696D706C65E0
S2140449100052583A20257320446573632052657309
S21404492070004D61746368002C204D617463686583
S214044930733A2025640044657669636520416E6E8B
S2140449406F756E63653A20307825303458005258B7
S2140449503A20494545452041646472657373205284
S2140449606573706F6E73650052583A2041637469BC
S214044970766520455020526573706F6E73652C20E3
S214044980436F756E743A202564004E6F6465002C80
S214044990204D6174636865733A2030782530345846
S2140449A000737461636B207665722E205B25642E1B
S2140449B025642E256400202573206275696C6420A6
S2140449C025645D005A444F00534500484100436C3B
S2140449D0757374657200476C6F62616C002573743E
S2140449E078203078253038582C200050726F66694D
S2140449F06C653A2025732028307825303458292CC5
S214044A0020436C75737465723A20307825303458B8
S214044A102C2025642062797465732C00205A434C3C
S214044A2020257320436D642049443A2025640050B1
S214044A3072652D52656C6561736500416C706861C2
S214044A40203100416C706861203200416C706861EE
S214044A50203300426574612031004265746120325F
S214044A6000426574612033004741005265736574E3
S214044A7020696E666F3A2030782530325820282513
S214044A8073290064656C6574652062696E64696E7A
S214044A90673A202530325820253032580001020368
S214044AA00405060708090A0B0C00010101010101AF
S214044AB00101010101010057524954452045525253
S214044AC03A200025736570202530325820636C75B3
S214044AD0732025303458206174747220253034587D
S214044AE0206E6F7420737570706F72746564002521
S214044AF073696E76616C696420646174612074798C
S214044B00706500257361747472206E6F74207772FA
S214044B10697461626C650057524954453A206E6F59
S214044B202077726974652C206A757374206120740A
S214044B3065737400524541443A2061747472696224
S214044B407574652073697A6520746F6F206C617262
S214044B50676520666F722063616C6C657200636CB7
S214044B606E74007372767200525700524F00202003
S214044B7052414D20200020746F6B656E20006578CE
S214044B807465726E2000454E44504F494E5420259D
S214044B9030325800636C7573202F20736964652067
S214044BA02F2061747472202F206D666720202F7466
S214044BB0797065286C656E292F207277202F2073F4
S214044BC0746F72616765202F206461746120287297
S214044BD06177290025303458202F202573202F2074
S214044BE025303458202F2000202F202530325820FE
S214044BF0282530325829202F202573202F2025736E
S214044C00202F2000556E737570706F727465640083
S214044C104F544120524541443A2065703A2530327B
S214044C2058206369643A2530345820617474696482
S214044C303A25303458206D736B3A25303258206D3F
S214044C4066636F64653A2530345800524541443AE9
S214044C5020636C757320253034582C20617474726C
S214044C602025303458206661696C6564202530320E
S214044C705800524541443A20636C757320253034FD
S214044C80582C206174747220253034582C206461AA
S214044C9074614C656E3A20253032582C204F4B00F8
S214044CA02825632925303258253032582530325885
S214044CB0253032582530325825303258253032586F
S214044CC0253032580064697361626C65002573642C
S214044CD02C2064726F7070696E672065702030785F
S214044CE02530325820636C7573203078253034585C
S214044CF020636D64203078253032580047656E6531
S214044D00726174656400526563656976656400441F
S214044D106973636F76657220436F6D6D616E64733D
S214044D2020726573706F6E73652028636F6D706C88
S214044D306574653A202563292C202573204944731D
S214044D403A200030782530325820005F4558540009
S214044D50524541445F415454520057524954453ACF
S214044D6020636C7573202530345820617474722067
S214044D702530345820004641494C2025303258000E
S214044D8057524954453A20746F6F2073686F727493
S214044D9000444953435F4154545200257325733AE3
S214044DA020636C7573202530345800537663204492
S214044DB06973633A2000257357616974696E6720C6
S214044DC025642073656320666F7220646973636F5D
S214044DD07665727920746F20636F6D706C65746588
S214044DE000537461746520636F72726573706F6EBE
S214044DF064696E6720746F20746865207468652023
S214044E0072657175657374206E6F7420666F756E47
S214044E10640A002573636F6D706C6574652E0A00F2
S214044E2025735365727669636520446973636F7688
S214044E30657279205374617465206C696D69747346
S214044E4020726561636865640A002573496C6C6545
S214044E5067616C2062726F6164636173742061645D
S214044E6064726573732C2072656D617070696E6709
S214044E7020746F2076616C6964206F6E652E002541
S214044E80734661696C656420746F2073656E642074
S214044E906D6174636820646973636F766572793ACA
S214044EA02030782530325800257353746172746943
S214044EB06E6720646973636F7665727920666F72B5
S214044EC020636C757374657220307825303458000E
S214044ED025734661696C656420746F2073656E641F
S214044EE02073696D706C6520646573637269707491
S214044EF06F7220726571756573743A203078253048
S214044F0032580025734661696C656420746F20739B
S214044F10656E642049454545206164647265737313
S214044F2020726571756573743A203078253032586E
S214044F300025734661696C656420746F2073656E22
S214044F4064204E574B2061646472657373207265E7
S214044F5071756573743A203078253032580045727E
S214044F60726F723A202573206261642073696D70D3
S214044F706C652064657363726970746F72206C6507
S214044F806E6774682E0025734D65737361676520BC
S214044F90746F6F2073686F72740025734D65737336
S214044FA061676520746F6F2073686F727420666F14
S214044FB072206E756D2E20656E64706F696E7473E4
S214044FC00025734D61746368257320666F756E647F
S214044FD02066726F6D203078253034582E00457266
S214044FE0726F723A20257320696E76616C6964204C
S214044FF06C656E6774682028256420213D2025642E
S2140450002920666F722041637469766520456E6454
S214045010706F696E7420726573706F6E73650025A9
S21404502073676F74206163746976652045502072D7
S2140450306573706F6E7365005554432074696D65AF
S2140450403A2025642F25642F25642025643A256498
S2140450503A2564202825303858290028556E6B6E6A
S2140450606F776E20636C75732E205B307825303432
S214045070585D29000D0A54253038583A00525820F5
S2140450806C656E2025642C20657020253032582CE3
S21404509020636C7573203078253034582000206DDA
S2140450A0666749642025303458002046432025305E
S2140450B0325820736571202530325820636D642081
S2140450C025303258207061796C6F61645B004261F0
S2140450D0736963004F76657220746865204169724F
S2140450E020426F6F746C6F6164696E67002573523B
S2140450F05820706B7420746F6F2073686F72743AE4
S214045100202564203C202564002573525820706BAB
S21404511074206D616C666F726D65643A2025642038
S2140451203C2025640020204861766520526F757403
S214045130657220537570706F7274002020456E641B
S21404514020446576696365204F6E6C79002020459F
S2140451506E61626C656400202044697361626C65EC
S21404516064004572726F722072657472696576693E
S2140451706E6720696E666F20666F72206C69627255
S214045180617279204944202564002573206C696285
S2140451907261727925732070726573656E74005A35
S2140451A069676265652050726F0042696E64696E55
S2140451B06700536563757269747920436F7265007E
S2140451C05365637572697479204C696E6B204B6500
S2140451D079730043424B45203136334B310043420A
S2140451E04B4520445341205369676E0045434300B2
S2140451F043424B4520445341205665726966790004
S2140452005061636B65742056616C696461746500F3
S2140452105A4C4C0043424B45203238334B31004500
S2140452204343203238334B310043424B4520636FAF
S2140452307265004E4350004D756C7469206E65743B
S214045240776F726B00456E68616E636564204265B5
S21404525061636F6E205265710043424B45203238BD
S214045260334B312044534120566572696679004DAC
S214045270756C74692D50414E002F686F6D652F72E2
S214045280756E6E65722F776F726B2F747579612DDC
S2140452907A69676265652D7377697463682F7475B8
S2140452A079612D7A69676265652D737769746368B9
S2140452B02F73696C6162735F746F6F6C732F73699D
S2140452C06D706C69636974795F73646B2F70726F49
S2140452D0746F636F6C2F7A69676265652F73746188
S2140452E0636B2F636F6E6669672F736C5F7A69678B
S2140452F06265655F636F6E66696775726174696F10
S2140453006E2E63002F686F6D652F72756E6E6572F4
S2140453102F776F726B2F747579612D7A6967626562
S214045320652D7377697463682F747579612D7A694E
S214045330676265652D7377697463682F73696C613A
S21404534062735F746F6F6C732F73696D706C6963CF
S2140453506974795F73646B2F70726F746F636F6CAC
S2140453602F7A69676265652F737461636B2F667243
S214045370616D65776F726B2F6165732D6563622E41
S21404538063002F686F6D652F72756E6E65722F776A
S2140453906F726B2F747579612D7A69676265652DF6
S2140453A07377697463682F747579612D7A69676297
S2140453B065652D7377697463682F73696C616273AE
S2140453C05F746F6F6C732F73696D706C6963697447
S2140453D0795F73646B2F70726F746F636F6C2F7A60
S2140453E069676265652F737461636B2F7365637594
S2140453F0726974792F7A69676265652D736563755A
S214045400726974792D6D616E616765722D6E6F2D8C
S2140454107661756C742E63004572726F723A202042
S2140454204661696C656420746F20726561642066E9
S214045430726F6D20454550524F4D20617420307870
S2140454402534582C207374617475733A20256400CF
S214045450454550524F4D20496E697469616C697AAE
S21404546065643A20256300454550524F4D204275E9
S21404547073793A202563005061727469616C205711
S2140454806F72642053746F7261676520436F756E24
S214045490743A20256400416464726573733A20305C
S2140454A0782534582C205061727469616C20576FCB
S2140454B072643A203078255800636F6E6669726DA0
S2140454C0656400617373756D6564000A45455052E2
S2140454D04F4D20496E666F004E6F74206176616989
S2140454E06C61626C6520286F6C64657220626F6FF5
S2140454F0746C6F616465722900506172742044652F
S214045500736372697074696F6E3A202020202020BD
S214045510202020202573004361706162696C6974E1
S2140455206965733A20202020202020202020202077
S2140455302020307825325800506167652045726116
S21404554073652074696D65202873293A202020200D
S21404555020202564005061727420457261736520B2
S21404556074696D65202873293A2020202020202580
S2140455706400506172742045726173652074696DAD
S2140455806520286D73293A202020202020256400D9
S214045590506167652073697A65202862797465733B
S2140455A0293A202020202020202020256C0050612D
S2140455B072742073697A6520286279746573293A4F
S2140455C0202020202020202020256C00576F726485
S2140455D02073697A6520286279746573293A2020D5
S2140455E020202020202020256420282570290045FE
S2140455F04550524F4D20696E69743A2030782558CC
S214045600002F686F6D652F72756E6E65722F776FDB
S214045610726B2F747579612D7A69676265652D736F
S21404562077697463682F747579612D7A6967626522
S214045630652D7377697463682F73696C6162735F31
S214045640746F6F6C732F73696D706C6963697479AA
S2140456505F73646B2F7574696C2F706C7567696EF5
S2140456602F706C7567696E2D636F6D6D6F6E2F6529
S2140456706570726F6D2F656570726F6D2E63005561
S2140456806E61626C6520746F20626F6F7420696D42
S21404569061676520617420736C6F7420256C640ADE
S2140456A000536C6F74204D616E616765722066618D
S2140456B0696C656420746F20657261736520736C11
S2140456C06F740A004D61782072656164206C696DA0
S2140456D069742073657420746F202564206279745D
S2140456E065730A0041646472657373202020202069
S2140456F02020202020446174610A00307825346C10
S2140457007820202020202020307825780A00466142
S214045710696C656420746F20726561642066726FBC
S2140457206D20666C6173680A00536C6F7420256C78
S214045730640A20204164647265737320202020204C
S2140457403A20307825346C580A20204C656E6774ED
S214045750682020202020203A20307825346C5820D9
S21404576028256C64206279746573290A0020205405
S21404577079706520202020202020203A20004E6FBB
S2140457802047424C2070726573656E740A005A692D
S214045790674265650A005468726561640A00436F6F
S2140457A06E6E6563740A00426C7565746F6F746818
S2140457B00A00426C7565746F6F7468206170706C53
S2140457C069636174696F6E0A004D43550A004F742D
S2140457D068657220283078256C58290A00202056DF
S2140457E0657273696F6E20202020203A2030782559
S2140457F06C580A0020204361706162696C697469A0
S21404580065733A20307825346C580A00202050728C
S2140458106F6475637420494420203A20003078254C
S214045820582000536C6F74204D616E616765723A40
S214045830206661696C656420746F20696E6974699A
S214045840616C697A6520626F6F746C6F61646572EF
S21404585020286572726F72203078253478290A0001
S21404586056657273696F6E20202020203A202564C6
S2140458700A005061727420202020202020203A2024
S21404588025730A004361706162696C6974696573A3
S2140458903A20307825780A00506172742073697A49
S2140458A0652020203A20256420420A00506167655E
S2140458B02073697A652020203A20256420420A0055
S2140458C0576F72642073697A652020203A20256415
S2140458D020420A00536C6F7473202020202020205E
S2140458E03A2025640A004661696C656420746F205A
S2140458F0726561642066726F6D2073746F7261677F
S2140459006520666C61736820286572726F72202544
S21404591064290A00496E76616C696420736C6F743E
S21404592020256420286D617820736C6F74202564AC
S214045930290A004661696C656420746F2067657483
S21404594020696E666F20666F7220736C6F742025F4
S214045950640A00536C6F74204D616E616765723A19
S21404596020736C6F74207772697465206661696C45
S2140459707572652E2041646472657373206F666663
S2140459807365742028256429202B20777269746532
S214045990206C656E67746820282564292067726504
S2140459A061746572207468616E20746F74616C2013
S2140459B0736C6F74206C656E677468202825642980
S2140459C00A00536C6F74204D616E616765722077B0
S2140459D061726E696E673A20736C6F74202564205A
S2140459E06C656E6774682028256429206E6F7420A1
S2140459F0616C69676E656420746F207061676520EA
S214045A0073697A6520282564292E205468652065E4
S214045A106E7469726520736C6F742077696C6C2081
S214045A206E6F74206265206572617365642E0A0069
S214045A30536C6F74204D616E616765723A206661BF
S214045A40696C656420746F206572617365202564D3
S214045A5020627974657320696E20736C6F742025D8
S214045A6064206174206164647265737320307825E1
S214045A70347820286572726F722030782578290A67
S214045A8000457261736564202564206279746573C9
S214045A9020696E20736C6F742025640A0046616961
S214045AA06C656420746F2073657420736C6F742047
S214045AB0746F20626F6F7420286572726F72203064
S214045AC078253478290A004661696C656420746F09
S214045AD020736574206C697374206F6620736C6F12
S214045AE0747320746F20626F6F7420286572726FEF
S214045AF072203078253478290A004661696C65641A
S214045B0020746F20676574206E6577206C697374E3
S214045B10206F6620736C6F747320746F20626F6FCF
S214045B207420286572726F72203078253478290ABA
S214045B3000426567696E6E696E6720696D616765A8
S214045B4020766572696669636174696F6E2E2E2E9F
S214045B50002E6661696C65642120284572726F7236
S214045B60203078253478290A002E706173736564B2
S214045B702120426F6F74696E6720736C6F742025E2
S214045B80640A00666E692B00666E69006E616E00BC
S214045B90666E692D006C696273006273656E6400DC
S214045BA07265736574007261770073656E645F6D09
S214045BB0756C7469636173740073656E642D7573B4
S214045BC0696E672D6D756C7469636173742D626993
S214045BD06E64696E670074696D6573796E630067D9
S214045BE065742D7074692D726164696F2D636F6EB0
S214045BF066696700636F6E6669672D6363612D6D02
S214045C006F6465006576656E74730073656375729C
S214045C10697479007A69676265655F7072696E7423
S214045C2000706C7567696E006E6574006B657973D9
S214045C30006F7074696F6E00706C756700636861DE
S214045C406E67656B6579006368616E67656B007A7D
S214045C50646F007072696E742072656C617465643A
S214045C6020636F6D6D616E64732E006174747200D0
S214045C705A646F2072656C6174656420636F6D6D21
S214045C80616E64732E00726F75746500706F77654D
S214045C9072006D676D742D6C7169006D676D742D7F
S214045CA062696E64006E6F64650073696D706C651E
S214045CB00069656565006E776B00756E62696E6473
S214045CC0006E776B2D757064006F75742D636C2D84
S214045CD06C69737400696E2D636C2D6C6973740043
S214045CE05A646F20696E2D636C2D6C697374207210
S214045CF0656C6174656420636F6D6D616E64732E8C
S214045D00005A646F206F75742D636C2D6C69737400
S214045D102072656C6174656420636F6D6D616E647A
S214045D20732E005A646F206E776B2D757064207224
S214045D30656C6174656420636F6D6D616E64732E4B
S214045D40007363616E2D6368616E2D6D61736B0005
S214045D507363616E006368616E5067006368616EAA
S214045D60005A646F20756E62696E642072656C6199
S214045D7074656420636F6D6D616E64732E00756E5A
S214045D806963617374006368616E67656B65792027
S214045D9072656C6174656420636F6D6D616E6473A7
S214045DA02E006C696E6B004F7074696F6E2072659E
S214045DB06C6174656420636F6D6D616E64732E0030
S214045DC07265676973746572006469736300696EEB
S214045DD07374616C6C2D636F64650062696E6469CC
S214045DE06E672D7461626C65007072696E742D72D4
S214045DF0782D6D73677300617073726574727900C1
S214045E0041505320726574727920666C616720660F
S214045E106F72636520636F6D6D616E647300456EAB
S214045E2061626C65732F44697361626C657320707C
S214045E3072696E74696E67206F66205278206D658D
S214045E407373616765732E00656E61626C650042EC
S214045E50696E64696E67207461626C652072656C35
S214045E606174656420636F6D6D616E64732E005398
S214045E7065637572697479206B6579732072656CD5
S214045E806174656420636F6D6D616E64732E006467
S214045E90656C657465004E6574776F726B20726509
S214045EA06C6174656420636F6D6D616E64732E003F
S214045EB0666F726D0072656A6F696E2D64696666D8
S214045EC02D6465766963652D7479706500657874EC
S214045ED070616E69640069736F70656E0062726FDC
S214045EE061642D706A6F696E006368616E67652D04
S214045EF06368616E6E656C00696E697400636861E0
S214045F006E67652D6B6565702D616C6976652D6DA4
S214045F106F64650074696D656F75742D6F70746950
S214045F206F6E2D6D61736B006D756C74692D706882
S214045F30792D7374617274006D756C74692D706854
S214045F40792D73746F700066696E64006E6574777D
S214045F506F726B2066696E6420636F6D6D616E642C
S214045F60732E006A6F696E61626C6500756E757378
S214045F70656400736C6F742D6D616E616765720085
S214045F80636F756E746572730066696E642D616EF8
S214045F90642D62696E6400667261676D656E746115
S214045FA074696F6E0067726F7570732D73657276A1
S214045FB06572006E6574776F726B2D7374656572A7
S214045FC0696E67006F74612D626F6F746C6F6164C5
S214045FD0006F74612D636C69656E74006F74612D57
S214045FE073746F726167652D636F6D6D6F6E006F8E
S214045FF074612D73746F726167652D656570726F59
S2140460006D0069646C652D736C65657000757064ED
S2140460106174652D74632D6C696E6B2D6B657900E8
S2140460207570646174652D74632D6C696E6B2D6B6D
S21404603065792072656C6174656420636F6D6D614B
S2140460406E64730074696D6572006E6F7700436FDB
S2140460506D6D616E647320746F20636F6E74726FFF
S2140460606C2069646C696E672F736C656570696E05
S21404607067206F66207468652064657669636500CA
S214046080666F7263652D6177616B65006177616B1E
S214046090652D7768656E2D6E6F742D6A6F696E65F3
S2140460A064007265706F7274696E672072656C61E5
S2140460B074656420636F6D6D616E64732E00636C2B
S2140460C06561722D6C6173742D7265706F72742DB8
S2140460D074696D6500746573742D74696D696E6793
S2140460E0006F74612D73746F726167652D656570DA
S2140460F0726F6D2072656C6174656420636F6D6D7C
S214046100616E64732E0077697065006F74612D7319
S214046110746F726167652D636F6D6D6F6E20726547
S2140461206C6174656420636F6D6D616E647300707A
S21404613072696E74496D616765730072656C6F6130
S214046140640073746F726167652D696E666F0064B0
S2140461506174612D7072696E74006F74612D636C66
S21404616069656E742072656C6174656420636F6D16
S2140461706D616E64732E0076657269667900626C72
S2140461806F636B2D7465737400706167652D72653B
S214046190717565737400757067726164652D7265D8
S2140461A071756573740064697361626C652D646FE0
S2140461B0776E67726164657300656E61626C652DE7
S2140461C0646F776E677261646573006F74612D62C5
S2140461D06F6F746C6F61642072656C6174656420A3
S2140461E0636F6D6D616E6473006E6574776F726B4A
S2140461F02D7374656572696E672072656C6174656B
S2140462006420636F6D6D616E64732E007072652D0D
S214046210636F6E666967757265642D6B65792D7339
S2140462206574006D61736B2072656C6174656420BF
S214046230636F6D6D616E642E007375627472616354
S214046240740067726F7570732D736572766572204D
S21404625072656C6174656420636F6D6D616E6473E2
S2140462602E00667261676D656E746174696F6E2068
S21404627072656C6174656420636F6D6D616E6473C2
S2140462802E007365742D72782D77696E646F772D82
S21404629073697A65006172746966696369616C2DF5
S2140462A0626C6F636B2D64726F700046696E642057
S2140462B0616E642062696E642072656C61746564E4
S2140462C020636F6D6D616E64732E00696E69746908
S2140462D061746F7200656E61626C655F7479706577
S2140462E000737461636B00617070007A636C006C99
S2140462F065676163795F61665F646562756700639D
S2140463006F756E746572732072656C617465642053
S214046310636F6D6D616E64732E007072696E742D9A
S214046320636F756E7465722D747970650073696D2C
S214046330706C652D7072696E74007072696E742D5F
S2140463407468726573686F6C6473007365742D7417
S21404635068726573686F6C640072657365742D7417
S21404636068726573686F6C64730073656E642D720F
S21404637065717565737400736563757269747920E5
S21404638072656C6174656420636F6D6D616E6473B1
S214046390007365742D616C6C6F772D7472757374ED
S2140463A02D63656E7465722D72656A6F696E2D75E0
S2140463B073696E672D77656C6C2D6B6E6F776E2DBB
S2140463C06B6579007365742D616C6C6F772D7472D0
S2140463D07573742D63656E7465722D72656A6F6964
S2140463E06E2D7573696E672D77656C6C2D6B6E6F8D
S2140463F0776E2D6B65792D74696D656F7574007392
S21404640065742D6B65792D726571756573742D7061
S2140464106F6C696379006D66672D746F6B656E00CB
S2140464206170730053656375726974792061707363
S2140464302072656C6174656420636F6D6D616E6453
S214046440732E004765742F736574204D4647207479
S2140464506F6B656E2E00656E64706F696E74207265
S214046460656C6174656420636F6D6D616E64732E14
S21404647000656570726F6D207574696C6974792037
S21404648072656C6174656420636F6D6D616E6473B0
S21404649000536C6F74204D616E616765722072657F
S2140464A06C6174656420636F6D6D616E6473006205
S2140464B06F6F742D736C6F740065726173652D73E2
S2140464C06C6F74006578742D666C6173682D696EE4
S2140464D0666F00736C6F74732D696E666F0050720E
S2140464E0696E74732074696D652E005072696E74DB
S2140464F073206174747269627574652E00436C65EA
S21404650061727320746865205A444F206C697374F2
S214046510206F6620636C69656E742028696E292076
S214046520636C7573746572732E00416464732063C0
S2140465306C75737465727320746F20746865206B51
S2140465406E6F776E20636C69656E742028696E2999
S21404655020636C757374657273206F6E207468693B
S21404656073206465766963652E00436C6561727397
S21404657020746865205A444F206C697374206F66D3
S21404658020636C69656E7420286F75742920636CAB
S2140465907573746572732E004164647320636C753E
S2140465A0737465727320746F20746865206B6E6FE5
S2140465B0776E20636C69656E7420286F7574292065
S2140465C0636C757374657273206F6E207468697378
S2140465D0206465766963652E0053656E6473206176
S2140465E06E20757064617465206368616E6E656C98
S2140465F020726571756573742E006368616E6E65CE
S2140466006C1F0053656E647320616E207570646140
S2140466107465206368616E6E656C207061676520C2
S2140466207265712E2054686520737461636B2073E1
S214046630656E6473206E776B20656E68616E636545
S21404664064207570646174652072657120666F726B
S214046650206E6F6E2D7A65726F20706167652E00EE
S2140466606368616E6E656C1F706167651F005065B8
S21404667072666F726D7320616E20656E65726779DF
S214046680207363616E2E007461726765744E6F6466
S2140466906549641F7363616E4475726174696F6ED5
S2140466A01F7363616E436F756E741F0042726F6171
S2140466B064636173747320746865204944206F664C
S2140466C020746865206E6577206E6574776F726BCC
S2140466D0206D616E6167657220616E64206163740B
S2140466E0697665206368616E6E656C732E006E77DE
S2140466F06B4D676549641F6368616E6E656C4D61BA
S214046700736B1F00506572666F726D7320616E2026
S214046710656E65726779207363616E206F6E20679D
S2140467206976656E206368616E6E656C206D617354
S2140467306B2E007461726765744E6F646549641FDE
S2140467407363616E4475726174696F6E1F736361FF
S2140467506E436F756E741F6368616E6E656C4D6113
S214046760736B1F0053656E64732061206E657477C7
S2140467706F726B20616464726573732072657175E1
S21404678065737420666F7220746865206769766521
S2140467906E204945454520616464726573732E0016
S2140467A0696565651F00526571756573747320614C
S2140467B06E204945454520616464726573732062A2
S2140467C061736564206F6E206120676976656E204C
S2140467D06E6F64652049442E006E6F646549641FBD
S2140467E00053656E647320612073696D706C652058
S2140467F064657363726970746F722072657175650F
S214046800737420666F72207468652073686F727480
S214046810206164647265737320616E6420656E64BF
S214046820706F696E74207370656369666965642E3B
S21404683000646573741F746172676574456E647072
S2140468406F696E741F0053656E64732061206D61FA
S21404685074636844657363726970746F72735265A7
S214046860717565737420746F207468652067697623
S214046870656E2064657374696E6174696F6E2077E3
S2140468806974682074686520676976656E2070721E
S2140468906F66696C652E006E6F646549641F70725E
S2140468A06F66696C651F0053656E64732061206EA5
S2140468B06F64652064657363726970746F722072A6
S2140468C065717565737420746F20612067697665D9
S2140468D06E20746172676574206465766963652EDC
S2140468E0007461726765741F0053656E647320617B
S2140468F0205A444F2042696E6420636F6D6D616E4A
S2140469006420746F20612064657669636520737003
S2140469106563696669656420696E207468652063CA
S2140469206F6D6D616E6420617267756D656E7473EC
S2140469302E0044657374696E6174696F6E1F536FBD
S2140469407572636520656E64706F696E741F446546
S2140469507374696E6174696F6E20656E64706F69B6
S2140469606E741F636C757374657249441F72656D2B
S2140469706F746545554936341F64657374455549C7
S21404698036341F0053656E647320616E2061637431
S21404699069766520656E64706F696E7420726571C1
S2140469A07565737420746F207468652064657669F1
S2140469B063652077697468207468652067697665FE
S2140469C06E2073686F72742049442E0053656E649B
S2140469D07320616E20756E62696E642072657175CF
S2140469E065737420666F72206120756E69636173C7
S2140469F0742062696E64696E6720746F20746865BB
S214046A0020746172676574206465766963652E0018
S214046A107461726765741F736F757263652065753C
S214046A206936341F736F7572636520656E64706FA4
S214046A30696E741F636C757374657249441F64656C
S214046A407374696E6174696F6E45554936341F6494
S214046A50657374696E6174696F6E20656E64706FB9
S214046A60696E741F0053656E647320616E20756EC4
S214046A7062696E64207265717565737420666F72E0
S214046A802061206D756C7469636173742062696E2D
S214046A9064696E6720746F20746865207461726719
S214046AA06574206465766963652E00746172676533
S214046AB0741F736F757263652065756936341F734A
S214046AC06F7572636520656E64706F696E741F639C
S214046AD06C757374657249441F67726F7570416490
S214046AE064726573731F0053656E64732061205A65
S214046AF0444F204D616E6167656D656E74204C650C
S214046B0061766520636F6D6D616E6420746F2074AA
S214046B106865207461726765742064657669636568
S214046B202E007461726765741F72656D6F766543B7
S214046B3068696C6472656E1F72656A6F696E1F00A1
S214046B4053656E64732061205A444F204D474D545C
S214046B502D42696E64202842696E64696E6720540B
S214046B6061626C6529205265717565737420746F53
S214046B70207468652074617267657420646576693C
S214046B8063652E007461726765741F737461727432
S214046B90496E6465781F0053656E64732061205ADD
S214046BA0444F204D474D542D4C514920284C5149B3
S214046BB0205461626C652920526571756573742072
S214046BC0746F2074686520746172676574206465E8
S214046BD0766963652E0053656E64732061205A449B
S214046BE04F20506F776572204465736372697074C2
S214046BF06F72205265717565737420746F207468A3
S214046C006520746172676574206465766963652EB1
S214046C100053656E64732061205A444F20726F756A
S214046C207465207265717565737420636F6D6D612C
S214046C306E6420746F20746865207461726765746E
S214046C402E007461726765741F696E6465781F0030
S214046C50696E6465781F65756936341F696E73746A
S214046C60616C6C436F64651F00696E6465781F65AC
S214046C70756936341F6B65791F005443206C696E42
S214046C806B206B6579207265717565737420706FFF
S214046C906C6963791F417070206C696E6B206B653C
S214046CA079207265717565737420706F6C69637989
S214046CB01F00426F6F6C3A20616C6C6F77207472A1
S214046CC07573742063656E7465722072656A6F6985
S214046CD06E207573696E672077656C6C2D6B6E6FAE
S214046CE0776E206B65791F0070726F66696C6549F4
S214046CF0641F636C757374657249641F00746172F3
S214046D0067657449641F00456E61626C6573207024
S214046D1072696E74696E67206F66205278206D659E
S214046D207373616765732E005365747320746865A6
S214046D302062696E64696E67207461626C650069BE
S214046D406E6465781F636C75737465721F6C6F630D
S214046D50616C45701F72656D6F746545701F65754F
S214046D606936341F00436C6561727320746865204D
S214046D7062696E64696E67207461626C652E005089
S214046D8072696E7473207468652062696E64696ED5
S214046D9067207461626C6520746F20746865206374
S214046DA06F6D6D616E64206C696E652E00436C6554
S214046DB061727320616C6C20736563757269747993
S214046DC0206B6579732E0044656C65746520746861
S214046DD06520737065636966696564206C696E6BAB
S214046DE0206B657920696E6465782E005072696E32
S214046DF0747320616C6C2073656375726974792092
S214046E006B6579732E005465726D696E6174657373
S214046E1020746865206D756C74692D504859206916
S214046E206E74657266616365005573656420746F7D
S214046E30207374617274206D756C74692D50485992
S214046E4020696E74657266616365206F7468657226
S214046E50207468616E206E617469766520616E6464
S214046E6020666F726D20746865206E6574776F7225
S214046E706B2E2054686520737461636B207573658C
S214046E80732073616D652050616E496420617320C0
S214046E906E617469766520726164696F206E6574CC
S214046EA0776F726B2E00706167651F6368616E6E24
S214046EB0656C1F706F7765721F6F7074696F6E7381
S214046EC04D61736B20284269742030203D20526F38
S214046ED0757465727320616C6C6F7765642C2042E0
S214046EE069742031203D2042726F6164636173745B
S214046EF020616C6C6F776564291F00417474656D3E
S214046F0070747320746F206368616E67652074689C
S214046F1065206368696C642074696D656F75742098
S214046F206F7074696F6E206D61736B20746F20666A
S214046F30696C746572206F757420756E6465736908
S214046F407261626C652076616C7565732028652EA7
S214046F50672E206E6F206D6F7265207468616E20D8
S214046F60332064617973292E0074696D656F7574B6
S214046F70206F7074696F6E206D61736B1F0053779A
S214046F80697463686573206265747765656E2064EA
S214046F906966666572656E74206B65657020616CE3
S214046FA0697665206D6F64657320737570706F7293
S214046FB0746564206279206120726F757465722E20
S214046FC0004B65657020616C697665206D6F64653D
S214046FD01F005072696E747320746865206375723E
S214046FE072656E74204E6F64652049442C204555A6
S214046FF04936342C20616E642050616E2049442E3C
S21404700000496E697469616C697A65732061206EE3
S2140470106574776F726B3B2074686973206973209C
S21404702061207465737420636F6D6D616E64207582
S21404703073656420666F722074632D737761702D98
S2140470406F75742074657374696E672E0053657467
S2140470507320746865206E6574776F726B20696E32
S214047060646578207573656420627920616C6C2091
S21404707066757475726520434C4920636F6D6D6147
S2140470806E64732E20204265666F7265206578658F
S214047090637574696E67206120434C4920636F6D85
S2140470A06D616E642C20746865206672616D657708
S2140470B06F726B20737769746368657320746F20CE
S2140470C074686973206E6574776F726B2E20204126
S2140470D0667465722074686520636F6D6D616E6496
S2140470E02066696E69736865732065786563757470
S2140470F0696E672C20746865206672616D65776FAB
S214047100726B207377697463686573206261636B5E
S21404711020746F207468652070726576696F757365
S214047120206E6574776F726B2E202054686520433A
S2140471304C492075736573207468652073616D65AA
S214047140206E6574776F726B20696E64657820753F
S2140471506E74696C2074686520646576696365205E
S214047160726573657473206F722069742069732066
S2140471706368616E676564207468726F75676820FB
S2140471807468697320636F6D6D616E642E0041745C
S21404719074656D70747320746F206368616E6765C0
S2140471A020646576696365206F76657220746F2047
S2140471B06120646966666572656E74206368616ED4
S2140471C06E656C20676976656E20696E20746865E6
S2140471D0206368616E6E656C20617267756D656E9E
S2140471E0742E00546865206368616E6E656C207446
S2140471F06F206368616E676520746F1F0066696E32
S21404720064556E7573656450616E49640066696E94
S214047210644A6F696E61626C654E6574776F726BF3
S214047220005065726D697473206A6F696E696E6763
S214047230206F6E20746865206E6574776F726B209D
S214047240666F72206120676976656E206E756D6262
S2140472506572206F66207365636F6E647320414E9B
S214047260442062726F616463617374732061205A90
S214047270444F204D676D74205065726D6974204AC2
S2140472806F696E696E6720726571756573742074B4
S2140472906F20616C6C20726F75746572732E00417A
S2140472A02073696E676C65206279746520696E6404
S2140472B069636174696E6720686F77206C6F6E67A8
S2140472C020746865206465766963652073686F75E5
S2140472D06C642068617665207065726D6974206AD6
S2140472E06F696E696E67207475726E6564206F6E62
S2140472F020666F722E20412076616C7565206F665D
S2140473002030786666207475726E73206F6E2070F7
S21404731065726D6974206A6F696E20696E6465664D
S214047320696E6974656C792E1F00436865636B73B8
S214047330206E6574776F726B20706A6F696E207347
S21404734074617475732E005772697465732074685B
S2140473506520657874656E6465642070616E204986
S2140473604420666F72207468652064657669636578
S2140473702E0065787470616E69641F0052656A6FCA
S214047380696E7320616E206578697374696E672010
S2140473906E6574776F726B20696E20612073656307
S2140473A0757265206F7220696E73656375726520E9
S2140473B06D616E6E657220776974682061206469F9
S2140473C066666572656E74206465766963652074A6
S2140473D07970652E00426F6F6C65616E206E657401
S2140473E0776F726B206B657920617661696C616278
S2140473F0696C6974791F4368616E6E656C206D6193
S214047400736B1F416E20656E756D65726174696F6E
S2140474106E20696E6469636174696E67207468655A
S21404742020646576696365207479706520746F20BE
S21404743072656A6F696E2061732E54686520737472
S21404744061636B206F6E6C7920616363657074731F
S21404745020534C5F5A49474245455F454E445F4476
S214047460455649434520616E6420534C5F5A49474C
S2140474704245455F534C454550595F454E445F442D
S21404748045564943452E1F0052654A6F696E732060
S21404749061206E6574776F726B2E00426F6F6C6539
S2140474A0616E206E6574776F726B206B65792061F0
S2140474B07661696C6162696C6974791F4368616E90
S2140474C06E656C206D61736B1F004C656176657329
S2140474D02061206E6574776F726B2E005475726E21
S2140474E073207065726D6974206A6F696E696E6761
S2140474F0206F6E20666F722074686520616D6F75EC
S2140475006E74206F662074696D6520696E646963A5
S214047510617465642E00412073696E676C65206231
S21404752079746520696E6469636174696E6720683E
S2140475306F77206C6F6E6720746865206465766963
S21404754063652073686F756C642068617665207067
S21404755065726D6974206A6F696E696E67207475EA
S214047560726E206F6E20666F722E20412076616CDC
S2140475707565206F662030786666207475726E7343
S214047580207065726D6974206A6F696E20696E6416
S2140475906566696E6974656C792E1F004A6F696E3C
S2140475A0732061206E6574776F726B206F6E206136
S2140475B020676976656E206368616E6E656C2C2044
S2140475C077697468206120676976656E2054582050
S2140475D0506F77657220616E642050414E20494496
S2140475E02E00546865206368616E6E656C206F6E4D
S2140475F020776869636820746F206A6F696E2074E8
S2140476006865206E6574776F726B1F4F6E652D62AA
S214047610797465207369676E65642076616C756538
S21404762020696E6469636174696E67207468652096
S214047630545820506F77657220746861742074689B
S2140476406520726164696F2073686F756C6420626C
S214047650652073657420746F1F5468652050414E0E
S214047660204944206F6E20776869636820746F2011
S2140476706A6F696E20746865206E6574776F726BC6
S2140476801F00466F726D732061206E6574776F728B
S2140476906B206F6E206120676976656E2063686173
S2140476A06E6E656C2C207769746820612067697635
S2140476B0656E20545820506F77657220616E642082
S2140476C050414E2049442E00546865206368616E1C
S2140476D06E656C206F6E20776869636820746F200F
S2140476E0666F726D20746865206E6574776F726B52
S2140476F01F4F6E652D62797465207369676E6564C5
S2140477002076616C756520696E6469636174696E60
S214047710672074686520545820506F77657220740B
S2140477206861742074686520726164696F20736888
S2140477306F756C642062652073657420746F1F54C3
S21404774068652050414E204944206F6E2077686952
S214047750636820746F20666F726D20746865206E8F
S2140477606574776F726B1F005468697320696E695D
S21404777074696174657320612054434C4B207570A2
S214047780646174652070726F6365647572652E003B
S214047790537065636966792074686520616D6F75DA
S2140477A06E74206F662074696D6520746F2077612F
S2140477B06974206166746572206F6E652054434C4C
S2140477C04B20757064617465206F706572617469AE
S2140477D06F6E20636F6D706C65746573206265668A
S2140477E06F726520626567696E6E696E67206120D8
S2140477F06E65772054434C4B207570646174652025
S2140478006F7065726174696F6E2E005468652061CE
S2140478106D6F756E74206F662074696D6520626581
S214047820747765656E2073756273657175656E74BD
S2140478302074727573742063656E746572206C6947
S2140478406E6B206B6579207570646174657320694E
S2140478506E206D696C6C697365636F6E64731F006C
S214047860536574206F7220636C6561722073746153
S21404787079206177616B65207768656E206E6F741A
S214047880206A6F696E656400536574206F722063A6
S2140478906C65617220666F726365206177616B65E3
S2140478A000446973706C61792074686520736C6534
S2140478B065702073746174757300464F5220544586
S2140478C05354494E4720505552504F534553202D3C
S2140478D0206761746865722074696D696E67206DCF
S2140478E065747269637320666F72207265706F7256
S2140478F074696E67207461626C65206F706572616E
S21404790074696F6E732E00436C65617273207468BD
S21404791065206C617374207265706F72742074696C
S2140479206D65206F66206174747269627574657320
S2140479302E00416464732061206E657720656E7442
S214047940727920746F20746865207265706F727423
S214047950207461626C652E00546865206C6F6361E8
S2140479606C20656E64706F696E742066726F6D202D
S21404797077686963682074686520617474726962E4
S214047980757465206973207265706F727465641F00
S21404799054686520636C75737465722077686572C5
S2140479A065207468652061747472696275746520F4
S2140479B06973206C6F63617465641F54686520493D
S2140479C044206F66207468652061747472696275F9
S2140479D07465206265696E67207265706F7274657F
S2140479E0641F3020666F7220636C69656E742D7335
S2140479F06964652061747472696275746573206F56
S214047A0072203120666F72207365727665722D73EC
S214047A1069646520617474726962757465731F5451
S214047A206865206D696E696D756D207265706F721C
S214047A3074696E6720696E74657276616C2C206D4D
S214047A406561737572656420696E207365636F6E15
S214047A5064732E1F546865206D6178696D756D209A
S214047A607265706F7274696E6720696E746572767B
S214047A70616C2C206D6561737572656420696E2077
S214047A807365636F6E64732E1F546865206D696E2C
S214047A90696D756D206368616E676520746F207408
S214047AA068652061747472696275746520746861AF
S214047AB0742077696C6C20726573756C7420696EBB
S214047AC02061207265706F7274206265696E67202B
S214047AD073656E742E1F0052656D6F766573206134
S214047AE06E20656E7472792066726F6D2074686598
S214047AF0207265706F7274207461626C652E005417
S214047B00686520696E646578206F662074686520F1
S214047B107265706F727420746F2062652072656D72
S214047B206F7665641F00436C6561727320616C6CCC
S214047B3020656E74726965732066726F6D20746852
S214047B4065207265706F7274207461626C652E00B5
S214047B505072696E747320746865207265706F72F3
S214047B6074207461626C652E0057697065732061B9
S214047B706C6C206461746120696E2074686520737F
S214047B80746F72616765206465766963652E00505C
S214047B9072696E747320617262697472617279209C
S214047BA06279746573206F6620746865204F54414B
S214047BB020696D616765206F6E206469736B2E00A3
S214047BC054686520696E646578206F6620746865FD
S214047BD020696D61676520746F207072696E742009
S214047BE069747320646174611F546865206F6666E7
S214047BF073657420696E746F20746865204F5441F1
S214047C0020696D61676520746861742077696C6C9F
S214047C10206265207072696E7465641F0050726914
S214047C206E747320696E666F726D6174696F6E2010
S214047C3061626F7574207468652073746F7261670F
S214047C4065206465766963652E0052656C6F6164B1
S214047C50207468652073746F726167652064657646
S214047C606963652E0044656C657465732074686585
S214047C7020696D616765206174207468652073707F
S214047C806563696669656420696E6465782E005468
S214047C90686520696E646578206174207768696316
S214047CA06820746F20626567696E2064656C65740D
S214047CB0696E672074686520696D6167651F00508A
S214047CC072696E74732074686520696D6167657384
S214047CD02E00456E61626C6573204F544120646FBC
S214047CE0776E6772616465732E0044697361626CB3
S214047CF06573204F544120646F776E6772616465C4
S214047D00732E0053656E647320616E20557067721F
S214047D10616465456E645265717565737420746F2D
S214047D2020616E204F5441207365727665722E0072
S214047D3043616E206265207573656420746F2064E9
S214047D40796E616D6963616C6C79207475726E20EE
S214047D506F66662073656E64696E6720706167651A
S214047D60207265717565737473206F6E2074686510
S214047D7020636C69656E7420736964652C2069667B
S214047D80207468652073657276657220646F657307
S214047D906E277420737570706F72742074686973BC
S214047DA020666561747572652E00426F6F6C65613E
S214047DB06E2076616C7565207475726E696E6720C8
S214047DC06F6E20283129206F72206F666620283057
S214047DD02920746865207061676520726571756511
S214047DE0737420666C61671F0053656E647320614C
S214047DF06E20696D61676520626C6F636B207265C7
S214047E00717565737420666F7220612066696C658F
S214047E1020746865207365727665722073686F7562
S214047E206C64206E6F7420686176652E202054651D
S214047E307374206861726E657373206F6E6C79203C
S214047E402874657374206361736520392E352E3665
S214047E50202D204D697373696E672046696C652909
S214047E60005072696E747320696E666F726D617409
S214047E70696F6E206F6E2074686520637572726514
S214047E806E74207374617465206F66207468652050
S214047E904F544120636C69656E7420646F776E6C12
S214047EA06F61642E0053746F707320746865204F7E
S214047EB05441207374617465206D616368696E65EE
S214047EC02E0053746172747320746865204F544195
S214047ED020636C69656E74207374617465206D61CB
S214047EE06368696E652E20546865207374617465D2
S214047EF0206D616368696E6520646973636F766577
S214047F00727320746865204F5441207365727665D9
S214047F10722C207175657269657320666F72206EA7
S214047F20657720696D616765732C20646F776E6C66
S214047F306F6164732074686520696D61676573207A
S214047F40616E6420776169747320666F722074684A
S214047F50652073657276657220636F6D6D616E64FD
S214047F6020746F20757067726164652E00507269A4
S214047F706E747320746865206D616E7566616374D3
S214047F80757265722049442C20496D6167652054DA
S214047F907970652049442C20616E6420566572739E
S214047FA0696F6E20696E666F726D6174696F6E209C
S214047FB074686174206172652075736564207768DF
S214047FC0656E2061207175657279206E65787420FF
S214047FD0696D6167652069732073656E7420746FBC
S214047FE020746865207365727665722062792074E1
S214047FF0686520636C69656E742E00506572666FE2
S214048000726D73207369676E617475726520766528
S21404801072696669636174696F6E206F6E20746836
S2140480206520696D616765206174207468652073D6
S214048030706563696669656420696E6465782E0098
S21404804054686520696E6465782061742077686971
S214048050636820746F20626567696E20766572694E
S2140480606669636174696F6E206F66207468652044
S214048070696D6167651F00426F6F746C6F6164732E
S2140480802074686520696D61676520617420746872
S214048090652073706563696669656420696E6465E6
S2140480A0782062792063616C6C696E6720746865F9
S2140480B0204F544120626F6F746C6F61642063615B
S2140480C06C6C6261636B2E0054686520696E64652F
S2140480D07820617420776869636820746F2062650D
S2140480E067696E20626F6F746C6F6164696E672077
S2140480F074686520696D6167651F005072696E74E7
S2140481007320696E666F2061626F7574207468658B
S21404811020696E7374616C6C656420626F6F746C36
S2140481206F616465722E0053756274726163747352
S2140481302061206368616E6E656C2066726F6D20C8
S21404814065697468657220746865207072696D610B
S2140481507279206F72207365636F6E646172792022
S2140481606368616E6E656C206D61736B206F66204C
S214048170746865206E6574776F726B2D73746565AD
S21404818072696E6720636F6D706F6E656E742E0015
S214048190546865206368616E6E656C206D61736BF0
S2140481A020746F20737562747261637420746865DA
S2140481B0206368616E6E656C2066726F6D1F54680E
S2140481C065206368616E6E656C20746F20737562DB
S2140481D0747261637420746865206D61736B2066C5
S2140481E0726F6D1F00416464732061206368616E62
S2140481F06E656C20746F2065697468657220746897
S21404820065207072696D617279206F722073656380
S2140482106F6E64617279206368616E6E656C206D42
S21404822061736B206F6620746865206E6574776F63
S214048230726B2D7374656572696E6720636F6D70FB
S2140482406F6E656E742E00546865206368616E6E8A
S214048250656C206D61736B20746F206164642061AB
S214048260206368616E6E656C20746F1F54686520A9
S2140482706368616E6E656C20746F2061646420743C
S2140482806F20746865206D61736B1F00536574738B
S2140482902065697468657220746865207072696DFB
S2140482A0617279206F72207365636F6E6461727990
S2140482B0206368616E6E656C206D61736B2E00546E
S2140482C06865206368616E6E656C206D61736B20F3
S2140482D0746F2073756274726163742074686520A9
S2140482E06368616E6E656C2066726F6D1F54686598
S2140482F02076616C756520746F20736574207468CD
S21404830065206368616E6E656C206D61736B2074A6
S2140483106F2E1F0053657473207468652070726531
S2140483202D636F6E66696775726564206B65792068
S214048330736F207468617420746865206A6F696E50
S214048340696E67206465766963652063616E20657F
S2140483506E74657220746865206E6574776F726BD0
S2140483602E00536574732074686520707265636F9D
S2140483706E66696775726564206B65791F00537451
S2140483806F707320746865206E6574776F726B20E7
S2140483907374656572696E672070726F6365737354
S2140483A02E0053746172747320746865206E65744D
S2140483B0776F726B207374656572696E672070726E
S2140483C06F636573732E0041206D61736B206F6657
S2140483D0206F7074696F6E7320666F7220696E64A6
S2140483E069636174696E672073706563696669633F
S2140483F0206265686176696F722077697468696E51
S21404840020746865206E6574776F726B2D7374655F
S2140484106572696E672070726F636573732E1F00D2
S214048420446973706C61797320746865206375722F
S21404843072656E7420737461747573206F6620742D
S2140484406865206E6574776F726B207374656572E9
S214048450696E672070726F636573732E00436C6574
S214048460617273207468652067726F757073207408
S21404847061626C65206F6E20657665727920656E24
S21404848064706F696E74005072696E747320696EDE
S214048490666F726D6174696F6E2061626F757420A9
S2140484A074686520636F6E74656E7473206F6620DF
S2140484B07468652067726F757073207461626C658A
S2140484C02E004172746966696369616C6C79206414
S2140484D0726F70732074686520626C6F636B206EB5
S2140484E0756D62657220646566696E65642062797E
S2140484F020746865207061737365642061726775A3
S2140485006D656E74206F6E6C79206F6E63652C20BB
S214048510616E64207468656E20616C6C6F7773207E
S21404852069742075706F6E20612072657472792E7E
S2140485300054686520626C6F636B206E756D6265AF
S2140485407220746F206172746966696369616C6C09
S214048550792064726F7020746F20666F7263652072
S21404856061207265747279202D2073657420746F8F
S214048570203078464620746F2064697361626C65A7
S2140485801F0053657473207468652072656365699B
S21404859076652077696E646F772073697A652E2016
S2140485A020427920646566696E6974696F6E206915
S2140485B06E2074686520536D61727420456E657212
S2140485C067792070726F66696C65206974206D75B2
S2140485D073742062652073657420746F2031206282
S2140485E07574207468697320616C6C6F7773206986
S2140485F07420746F206265206368616E6765642EFC
S21404860000546865206D6178206E756D6265722011
S2140486106F662074686520626C6F636B7320726586
S214048620636569766564206265666F726520616E4F
S214048630204150532061636B2069732067656E6523
S21404864072617465641F004D616B6573207468699C
S21404865073206E6F64652073746172742069646538
S2140486606E74696679696E6720617320612074612F
S2140486707267657420666F722062696E64696E67DD
S214048680207769746820616E20696E697469617404
S2140486906F72206E6F64652E0054686520656E6484
S2140486A0706F696E74206F6E2077686963682074D3
S2140486B06F20626567696E207468652046696E641B
S2140486C0696E6720616E642042696E64696E672015
S2140486D07461726765742070726F636573731F00CC
S2140486E04D616B65732074686973206E6F646520D2
S2140486F073746172742074686520696E6974696144
S214048700746F722070617274206F662074686520BE
S21404871066696E64696E6720616E642062696E6461
S214048720696E672070726F636573732E0054686594
S21404873020656E64706F696E74206F6E207768694A
S214048740636820746F20626567696E2074686520AC
S21404875046696E64696E6720616E642042696E6461
S214048760696E6720696E69746961746F72207072CD
S2140487706F636573731F00456E61626C652F646971
S2140487807361626C6520646562756720606C6567FA
S21404879061637920617070206672616D65776F72AF
S2140487A06B20646562756760207072696E742074ED
S2140487B07970652E00456E61626C652F646973611D
S2140487C0626C651F00456E61626C652F6469736137
S2140487D0626C6520646562756720607A636C6020ED
S2140487E07072696E7420747970652E00456E6162CD
S2140487F06C652F64697361626C6520646562756775
S214048800206061707060207072696E742074797074
S214048810652E00456E61626C652F64697361626CD7
S214048820652064656275672060636F72656020709A
S21404883072696E7420747970652E00456E61626C80
S214048840652F64697361626C652064656275672070
S21404885060737461636B60207072696E74207479DF
S21404886070652E0053656E647320612072657175A1
S21404887065737420666F72204F544120636F756E63
S214048880746572732E0052657365747320616C6C24
S214048890207468726573686F6C64732076616C7597
S2140488A0657320746F203078464646462E0053651E
S2140488B074732061207468726573686F6C642076C4
S2140488C0616C756520666F722061207061727469D0
S2140488D063756C61722074797065206F6620636FAF
S2140488E0756E7465722E0054797065206F66206309
S2140488F06F756E7465721F5468726573686F6C6406
S2140489002056616C75651F005072696E747320740E
S2140489106865207468726573686F6C6473206F662C
S21404892020616C6C2074686520636F756E74657264
S214048930732E00436C6561727320616C6C20636FE8
S214048940756E7465722076616C7565732E00507250
S214048950696E747320616C6C20636F756E746572D7
S2140489602076616C7565732E005072696E74732080
S2140489707468652076616C7565206F662074686916
S2140489807320706172746963756C617220636F75AD
S2140489906E7465722E0054686520636F756E746518
S2140489A072207479706520746F207072696E741FFB
S2140489B0005072696E747320616C6C20636F756E00
S2140489C07465722076616C75657320616E642063CD
S2140489D06C65617273207468656D2E00536574202F
S2140489E04D464720746F6B656E2C2043414E4E4FA8
S2140489F05420424520554E53455420425920434C5A
S214048A00492E005072696E74204D464720746F6B71
S214048A10656E2E005072696E7420616374697665A3
S214048A20206576656E74732E0044697361626C65A6
S214048A302074686520656E64706F696E7420666F56
S214048A4072205A434C206D657373616765732E00FC
S214048A50456E64706F696E7420696E6465781F0075
S214048A60456E61626C65732074686520656E64701B
S214048A706F696E7420666F72205A434C206D65735E
S214048A8073616765732E005072696E742073746127
S214048A90747573206F6620656E64706F696E747388
S214048AA02E0053686F77732074686520766572733A
S214048AB0696F6E206F662074686520736F667477BE
S214048AC06172652E005365742074686520636F6E4A
S214048AD066696775726564203830322E31352E34F7
S214048AE020434341206D6F646520696E2074686579
S214048AF020726164696F2E2053656520646F637508
S214048B006D656E746174696F6E20726567617264F8
S214048B10696E67205241494C5F49454545383032B5
S214048B203135345F4363614D6F64655F742E004175
S214048B30205241494C5F4945454538303231353439
S214048B405F4363614D6F64655F742076616C756521
S214048B501F0052657475726E7320505449207261FA
S214048B6064696F20636F6E66696720696E666F72EC
S214048B706D6174696F6E20746F2064657465726DC0
S214048B80696E65207468652050485920747970654C
S214048B90206265696E672075736564206279205269
S214048BA041494C2E2072657475726E2076616C7520
S214048BB06520697320656E756D205241494C5F4986
S214048BC04545453830323135345F507469526164F6
S214048BD0696F436F6E6669675F7420652E67202031
S214048BE05241494C5F494545453830323135345F4A
S214048BF05054495F524144494F5F434F4E4649479C
S214048C005F32503447485A203D2030783030552063
S214048C105241494C5F494545453830323135345F19
S214048C205054495F524144494F5F434F4E4649476B
S214048C305F32503447485A5F414E54444956203DAB
S214048C40203078303155205241494C5F49454545DE
S214048C503830323135345F5054495F524144494FBD
S214048C605F434F4E4649475F32503447485A5F4346
S214048C704F4558203D203078303255205241494CDB
S214048C805F494545453830323135345F5054495F85
S214048C90524144494F5F434F4E4649475F32503432
S214048CA047485A5F414E544449565F434F455820FF
S214048CB03D2030783033550053656E647320612050
S214048CC072656164206174747220666F72207468C1
S214048CD0652074696D65206F662074686520646518
S214048CE076696365207370656369666965642E20BA
S214048CF049742073657473206120666C6167207301
S214048D006F207768656E20697420676574732074B5
S214048D10686520726573706F6E736520697420775A
S214048D207269746573207468652074696D6520744F
S214048D306F20697473206F776E2074696D65206187
S214048D407474722E0049641F737263456E64706F88
S214048D50696E741F64657374456E64706F696E74AF
S214048D601F005768656E2073656E64696E672075AC
S214048D7073696E6720612062696E64696E672C2071
S214048D80737065636966696573207768657468657A
S214048D90722061206D756C746963617374206269F6
S214048DA06E64696E672073686F756C6420626520F4
S214048DB0757365642E007573654D756C74696361AF
S214048DC0737442696E64696E671F0053656E6473DC
S214048DD02061207072652D62756666657265642012
S214048DE06D756C746963617374206D657373616704
S214048DF06520746F206120676976656E2067726FE0
S214048E0075702049442066726F6D2061206769760C
S214048E10656E20656E64706F696E742E0067726F7F
S214048E20757049641F7372632D656E64706F696E26
S214048E30741F00437265617465732061206D6573E9
S214048E407361676520627920737065636966796902
S214048E506E67207468652072617720627974657322
S214048E602E20557365207468652073656E642063D0
S214048E706F6D6D616E6420746F2073656E6420740C
S214048E806865206D657373616765206F6E63652022
S214048E90697420686173206265656E20637265611B
S214048EA07465642E2045783A2072617720307830D5
S214048EB0303046207B303020304120303020313175
S214048EC02032322033332034342035357D20736508
S214048ED06E64732061206D65737361676520746FBB
S214048EE020636C75737465722031352028307830B1
S214048EF030304629206F66206C656E6774682038AB
S214048F0020776869636820696E636C75646573208E
S214048F10746865205A434C206865616465722E0047
S214048F20436C757374657249641F446174611F00F1
S214048F3052657365747320746865206E6F64652E5D
S214048F40005772697465732061206D657373616779
S214048F50652E00456E64706F696E741F436C75737E
S214048F607465722049441F4174747269627574652D
S214048F702049441F4D61736B1F44617461207479EA
S214048F8070651F4461746120627974651F005265C0
S214048F906164732061206D6573736167652E004597
S214048FA06E64706F696E741F436C7573746572209B
S214048FB049441F4174747269627574652049441F7C
S214048FC031206966207365727665722064697265FD
S214048FD06374696F6E2C203020696620636C696543
S214048FE06E7420646972656374696F6E1F005365DE
S214048FF06E64732061206D6573736167652E00442B
S214049000657374696E6174696F6E1F536F757263EE
S2140490106520656E64706F696E741F446573746949
S2140490206E6174696F6E20656E64706F696E741F0E
S21404903000536F7572636520656E64706F696E7435
S2140490401F004C69737473207768696368206F70B7
S21404905074696F6E616C206C6962726172696573A3
S214049060206F662074686520737461636B20617278
S2140490706520696D706C656D656E746564206F6ED1
S2140490802074686973206465766963652E0050727F
S214049090696E747320696E666F726D6174696F6E43
S2140490A02061626F757420746865206E6574776FCE
S2140490B0726B2073746174652C20636C75737465AD
S2140490C072732C20616E6420656E64706F696E74B2
S2140490D0732E006F66667365741F005072696E7433
S2140490E07320696E666F726D6174696F6E20666F49
S2140490F07220616C6C20617661696C61626C6520BB
S214049100736C6F74732E005265616473207261779A
S21404911020646174612066726F6D20666C6173688A
S2140491202073746F726167652E00416464726573A0
S2140491307320746F20726561641F4E756D6265726C
S214049140206F6620627974657320746F207265617F
S214049150641F005072696E747320666C61736820B5
S21404916073746F7261676520696E666F726D617481
S214049170696F6E2E0045726173657320746865208E
S21404918073706563696669656420736C6F742049DF
S214049190442E0053746F7261676520736C6F74207D
S2140491A06E756D6265721F00426F6F74732074680B
S2140491B06520696D61676520696E20746865207333
S2140491C0706563696669656420736C6F74204944CE
S2140491D02E00434C4920696E7374616E6365206586
S2140491E078616D706C650064756D6D795F696E731A
S2140491F074005A434C20636F6D6D616E6473006235
S2140492006173696300676C6F62616C006D66672DDD
S214049210636F6465007573652D6E6578742D73656C
S2140492207175656E636500782D64656661756C742A
S2140492302D7265737000746573742D726573706F28
S2140492406E73652D6F6E00746573742D726573701E
S2140492506F6E73652D6F6666005A434C20626173A9
S214049260696320636C757374657220636F6D6D61DA
S2140492706E6473007274666400436F6D6D616E6431
S21404928020746861742072657365747320616C6CF5
S214049290206174747269627574652076616C756594
S2140492A07320746F20666163746F727920646566D8
S2140492B061756C742E005241494C006C6F77657270
S2140492C02D6D61632D7261696C2D3830322E313507
S2140492D02E342E63006C69627261696C2E610075AF
S2140492E06E636C61696D6564006275666665722D91
S2140492F06D616E6167656D656E742E630065766577
S2140493006E742D71756575652E63007A696762657E
S214049310652D75707065722D6D61632E63006E65C4
S214049320696768626F722E63006173736F63696145
S21404933074696F6E2E630031383231730031343203
S214049340323100313231003273003132323131324F
S21404935000313232313100323831003831310031A7
S2140493603832313100313231313132313232323108
S2140493707300313232003132313132323100313120
S21404938031310032323800726F7574652D74616243
S2140493906C652E63006D61632D6D756C74692D6E3E
S2140493A06574776F726B2E63006C65676163792DE5
S2140493B07061636B65742D6275666665722E6300F4
S2140493C0000002000000000000000000BA040000D4
S2140493D0000002000000000000000000BA040000C4
S2140493E0000102030E312E312E322D6433383965D6
S2140493F035393400010000020303010006000000B2
S214049400000203000000000013B779FAC925DDB78F
S214049410ADF3CFE0F1B614B801020000000000007E
S214049420FFFFFFFF01000000010000000000000035
S2140494300000000000000000000000000000000023
S2140494400000000000000000000000000000000013
S2140494500000000000000000033F1F004555030005
S214049460415503001F550300ED5403007D550300CA
S2140494704F550300EF5403002C00000002020203C1
S2140494800000000001020000000801B4309504004A
S2140494900008015AEC94040000080040A894040054
S2140494A000000000000000000000FCFEFFFF0000BB
S2140494B000000000FFFF000000000000FFFF0000A7
S2140494C000000000FFFF0000000000004000180637
S2140494D0F4D200002C00B0023DBE00001700F200DB
S2140494E00C7C00000C0041009E4200006400FCFE60
S2140494F0FFFF000000000000FFFF00000000000067
S2140495005A00F306A554FEFF2100A301A1FEFFFFA7
S2140495101100A600832700000A006100DC26000074
S21404952006003B00F820000003001500AD13000001
S214049530C800FCFEB4008B087BC0FBFF4D00E402B1
S214049540E756FFFF2C00A20183EBFFFF1A0003017E
S214049550B31A00001100A300552900000A005E009B
S2140495605A28000006003A002122000004001800D1
S21404957073160000B64A040073FF030073FF03006B
S21404958073FF030073FF030073FF030073FF0300FE
S21404959073FF030073FF030073FF030073FF0300EE
S2140495A073FF030073FF030073FF030073FF0300DE
S2140495B073FF030073FF030073FF030073FF0300CE
S2140495C073FF030073FF030073FF030073FF0300BE
S2140495D073FF030073FF030073FF030073FF0300AE
S2140495E073FF030081FF030073FF030096FF03006D
S2140495F073FF030073FF0300BBFF030073FF030046
S21404960073FF030073FF030073FF0300E3FF03000D
S21404961073FF030073FF030073FF030073FF03006D
S214049620FBFF030073FF0300190004000B00000097
S2140496300B000000020000000000202000000000D4
S214049640030000008C8C3C000000000000000000BA
S2140496500000000000000058120000000000000097
S214049660FFFFFFFFFFFFFFFFFFFFFFFF554E4B000F
S214049670474F200042544C00474F3200474F3300B8
S214049680474F3400474F3500474F3600474F3700A3
S214049690474F3800474F3900474F4100474F420075
S2140496A0474F4300474F4400474F4500474F460047
S2140496B04A4D5000424452005550520042544D0008
S2140496C04D534D0046544C00554E4B00474F20001A
S2140496D042544C004241440046544C004652430017
S2140496E04F54410044534C004241500055504700EB
S2140496F0544D450046415500545A4600554E4B00BD
S21404970050494E00454D3400554E4B0048562000F7
S214049710554E4B00455850004C574D00554E4B0087
S2140497205242540044534C00454D3400554E4B00B1
S21404973041535400554E4B0056465900494E480076
S214049740554E4B004C434B0058544C004F42460079
S214049750554E4B00485244004D454D00425553006B
S2140497605553470044424700444D41005643540075
S214049770554E4B00555020005250200041503000AA
S21404978041503100415020004450200044454300DD
S2140497906C96040070960400C8960400FC960400B8
S2140497A008970400109704001C9704002C970400E4
S2140497B03497040040970400509704007097040000
S2140497C0554E4B004649420042544C0045585400FE
S2140497D050575200574447002053570043525300F3
S2140497E04653480042414400464C540042524F00FF
S2140497F00104010303060105010501090600060B21
S2140498000000070B050B000000000000000000002D
S2140498100400E40C0A000104100100000005000224
S21404982000000300AC9A0400A89A0400949A04006A
S214049830909A04008C9A0400889A0400769A04008D
S214049840669A04004C9A0400449A04003A9A040067
S214049850389A0400209A04001D9A0400159A0400FD
S214049860049A0400F4990400E2990400C8990400D8
S214049870C0990400B4990400B0990400AC9904009B
S2140498809E990400939904007A990400619904004F
S2140498900599040004990400F4980400CC98040084
S2140498A0C1980400C0980400AC98040000000000AE
S2140498B0000000000000000000000000000000009F
S2140498C00F00000000000000000000000000000080
S2140498D0000000000000000000000000000000007F
S2140498E0000000000000000000000000000000006F
S2140498F0000000000100000000000000000000005E
S214049900000000000F00000000000000000000003F
S214049910000000000000000000000000000000003E
S214049920000000000000000000000000000000002E
S214049930000000000000000000000000000000001E
S214049940000000000000000000000000000000000E
S21404995000000000000000000000000000000000FE
S21404996000000000000000000000000000000000EE
S21404997000000000000000000000000000000000DE
S21404998000000000000000000000000000000000CE
S21404999000000000000000000000000000000000BE
S2140499A000000000000000000000000000000000AE
S2140499B000000000FFFFFFFFFFFFFFFFFFFF0000A8
S2140499C0000000000000000000000000000000008E
S2140499D0000000000000000000000000000000007E
S2140499E0000000000000000000000000000000006E
S2140499F0000000000000000000000000000000005E
S214049A00000000000000000000000000000000004D
S214049A100000000000FFFFFFFFFFFFFFFF9C0000A9
S214049A20FF0000000000000000000000000000002E
S214049A3000000000800000000000FFFFFFFFFFFFA3
S214049A40FFFFFFFF00000000FFFF00000000000013
S214049A5000000000000000000000000000000000FD
S214049A60000000000000FFFFFF00000000000000F0
S214049A7000000000000000000000000000000000DD
S214049A8000000000000000000000000000000000CD
S214049A9000000000000000000000000000000000BD
S214049AA0000000000000000000000000FC030101AC
S214049AB00101010101010101010101010100000090
S214049AC0000000010020060000000601010000203E
S214049AD002041104040211101A080A0218010811DB
S214049AE010111A080A04020D0B19195C0110280B30
S214049AF00114000000000000000000000000000048
S214049B00000101010101010001010101010101003F
S214049B100001010100010001010000000000000036
S214049B20000000000000000000010000000000002B
S214049B30000000000000000001FF010023E1010016
S214049B4075E4010063E2010063E5010062E10100DF
S214049B5079EB010064EE010024E1010025E1010037
S214049B6026E1010027E1010028E1010029E10100C6
S214049B702AE101000000010080000100000101004C
S214049B8080010100000201008002010020E20100C1
S214049B900003010000050100800501000006010025
S214049BA02C890100800601000007010001E5010080
S214049BB002E50100000801008008010000400100E1
S214049BC086321010FFFFFFFFFFFFFFFFA008040010
S214049BD0A6080400AC080400B2080400B808040090
S214049BE05A6967426565416C6C69616E63653039B4
S214049BF04E574B205374656572696E6700009596E0
S214049C009595950507090D00000000000001020364
S214049C1004060000E41E04007F32040099320400A7
S214049C20B0320400C3320400D3320400E732040026
S214049C30F932040009330400253304003A330400DF
S214049C400208010D0D01010112010000FFFFFFFFD4
S214049C50FFFFFFFF000000000000000001090501EF
S214049C6000020000000000031EF1EE0B7C9C0400C2
S214049C70753F0400B64A0400FE000000913F04004D
S214049C80DC9D0400000000009B3F0400CC9D040003
S214049C9000000000A83F0400BC9D04000000000073
S214049CA0B53F0400AC9D040000000000D33F040050
S214049CB0989D040000000000CB3F0400849D04002F
S214049CC000000000D23F0400709D04000000000065
S214049CD0E03F0400609D040000000000523E0400C3
S214049CE04C9D040000000000D93F04003C9D040085
S214049CF000000000E53F0400289D0400000000006A
S214049D00D1060400189D04000000000000000000B6
S214049D100000000000000000336D0300F63F04005E
S214049D2033400400010100FF85EA00005C400400A3
S214049D30A1400400010100010107FF0041EA000000
S214049D40EE40040059410400010100FF81E90000CF
S214049D507A4104009341040000010100FF00000062
S214049D60456D0300B8410400104204000101FF00E1
S214049D702D6D0300274204007E4204000101020701
S214049D80FF000000276D0300274204007E42040003
S214049D9001010207FF000000216D030027420400B2
S214049DA07E42040001010207FF00000035E90000BE
S214049DB09F420400DE420400010101FFD5E80000D2
S214049DC0FD42040042430400010000FF91E8000045
S214049DD0FD42040042430400010000FF19E90000AC
S214049DE0694304006F41040000FF00001B6D03007C
S214049DF0BE430400F96E0400FF000000156D030066
S214049E0031440400F96E0400FF00000071E800000D
S214049E10A04404001545040000FF000049E80000C3
S214049E202D4504008F45040000FF0000076D030065
S214049E30A0450400E645040002FF000011E8000007
S214049E40EF4504006346040001FF0000DC460400FE
S214049E50BF460400CE460400DA460400EB4604007F
S214049E600147040017470400214704002B47040059
S214049E70000000002F4A0400110000003B4A0400C2
S214049E8012000000434A0400130000004B4A04007A
S214049E9021000000534A0400220000005A4A04002D
S214049EA023000000614A0400AA000000684A040077
S214049EB0FF00000000000000FFFFFFFFFFFFFFFFA2
S214049EC00000000000000000000001080109020A6A
S214049ED0030B040C050D060E070F081001180119D4
S214049EE0021A031B041C051D061E071F0820012159
S214049EF00222032304240525062607270828012909
S214049F00022A032B042C052D062E072F08300131B8
S214049F10023203380239043A08E004E104E204E8B1
S214049F2002E902EA04F008F1100000000000000054
S214049F3002050000949F040002000F00BC9F04006A
S214049F4002000F00E49F040002000F000CA00400AF
S214049F5002000F0034A0040002000F005CA00400FE
S214049F6002000F0084A0040002000F00ACA004004E
S214049F7002000F00D4A0040002000F00FCA004009E
S214049F8002000F0024A1040002000F004CA10400EC
S214049F9002000F000000000074A10400030000008B
S214049FA040000000000000001900000098A1040012
S214049FB004000F0080000000000000000000000005
S214049FC074A104000300000040000000000000002C
S214049FD01900000098A1040004000F00800000008F
S214049FE0000000000000000074A10400030000004C
S214049FF040000000000000001900000098A10400C2
S21404A00004000F00800000000000000000000000B4
S21404A01074A10400030000004000000000000000DB
S21404A0201900000098A1040004000F00800000003E
S21404A030000000000000000074A1040003000000FB
S21404A04040000000000000001900000098A1040071
S21404A05004000F0080000000000000000000000064
S21404A06074A104000300000040000000000000008B
S21404A0701900000098A1040004000F0080000000EE
S21404A080000000000000000074A1040003000000AB
S21404A09040000000000000001900000098A1040021
S21404A0A004000F0080000000000000000000000014
S21404A0B074A104000300000040000000000000003B
S21404A0C01900000098A1040004000F00800000009E
S21404A0D0000000000000000074A10400030000005B
S21404A0E040000000000000001900000098A10400D1
S21404A0F004000F00800000000000000000000000C4
S21404A10074A10400030000004000000000000000EA
S21404A1101900000098A1040004000F00800000004D
S21404A120000000000000000074A10400030000000A
S21404A13040000000000000001900000098A1040080
S21404A14004000F0080000000000000000000000073
S21404A15074A104000300000040000000000000009A
S21404A1601900000098A1040004000F0080000000FD
S21404A170000000000000200120000000080000008D
S21404A18004004221300000000CA2040000FF42003C
S21404A19030000000000000000000F008400000004E
S21404A1A02DA20400010023044000000035A2040090
S21404A1B0060030014000000000000000FDFF210200
S21404A1C0400000000100000019000004190001010D
S21404A1D019000204190003011900050419000601F8
S21404A1E0190007040400410045050100060041006B
S21404A1F0B37503001900810035220100190084009C
S21404A200C12C0100008000000000000006435553E6
S21404A210544F4D0000000000000000000000000045
S21404A22000000000000000000000000000FFFFFF28
S21404A230FFFFFFFFFFFFFFFFFF000401040104010F
S21404A24004010401040104010401040104010401DD
S21404A2500401FFFFFFFFFFFFFFFFFFFFFFFFFFFFFE
S21404A260FFFFFFFFFFFFFFFFFFFF000102030405E0
S21404A270060708090A0B1F1C1F1E1F1E1F1F1E1F72
S21404A2801E1F07021F012F0037013F005701DF0280
S21404A290E700FF02000000000000000000000000CD
S21404A2A000000000000000000000000000000000A5
S21404A2B00000000000000000CE500400190000005A
S21404A2C0D4500400FFFF0000000000009F5104006B
S21404A2D0AA510400B64A0400B2510400C051040056
S21404A2E0B64A0400D3510400DE510400EC510400C5
S21404A2F0F051040000520400EC1F04001052040045
S21404A300145204001F52040029520400335204005D
S21404A3103752040045520400595204006F52040098
S21404A32000800000000000000000000000000000A4
S21404A330FFFFFFFFFF00000000000000A9B10100BE
S21404A340000000000000F03F000000000000244071
S21404A35000000000000059400000000000408F404C
S21404A360000000000088C34000000000006AF840B7
S21404A3700000000080842E4100000000D0126341DB
S21404A3800000000084D797410000000065CDCD4151
S21404A3906523040080B9040000000000955B0400F7
S21404A3A070B90400000000009A5B040060B9040061
S21404A3B0000000009B5B040050B90400000000008D
S21404A3C0E03F04003CB9040000000000D33F040052
S21404A3D028B9040000000000A05B040018B90400BB
S21404A3E000000000A65B040008B90400000000009A
S21404A3F0AA5B0400F8B8040000000000B95B04007F
S21404A400E8B8040000000000D65B0400D8B80400D6
S21404A41000000000DF5B0400C8B804000000000071
S21404A420F45B0400B8B80400000000002731040000
S21404A430A8B8040000000000045C040068B8040027
S21404A44000000000FB5F0400F4AF040000000000FE
S21404A450B74F0400B4AF0400000000000B5C040017
S21404A460F4AE040000000000145C0400F8AD040020
S21404A47000000000215C0400ECA9040000000000B9
S21404A4803D520400C4A8040000000000285C040038
S21404A490C4A80400010000002C5C040084A8040086
S21404A4A000000000315C040048A70400000000001F
S21404A4B06500040048A7040001000000215C0400B5
S21404A4C0ECA9040000000000385C0400ECA90400B9
S21404A4D0010000003D5C040014A704000000000016
S21404A4E0475C040014A70400010000004F5C04004D
S21404A4F044A5040000000000D607040010A50400CC
S21404A5000000000000000000000000000000000042
S21404A51020A50400535C0400B64A0400FE000000B4
S21404A5206B5C04009CB0040000000000D0600400D3
S21404A5308CB00400000000000000000000000000D2
S21404A5400000000054A50400705C0400B64A040031
S21404A550FE000000865C04001CB20400000000003C
S21404A5608C5C04000CB2040000000000925C040042
S21404A570FCB10400000000009B5C0400ECB1040085
S21404A5800000000017050400DCB104000000000011
S21404A59021030400A4B1040000000000280C0400F9
S21404A5A090B1040000000000A55C040080B1040023
S21404A5B0000000001508040070B10400000000004C
S21404A5C0AA5C040060B1040000000000B15C040052
S21404A5D050B1040000000000B65C040040B1040062
S21404A5E000000000BA5C0400E0A6040000000000BE
S21404A5F0C15C040088A6040000000000C95C0400D6
S21404A60054A6040000000000D55C040020A6040044
S21404A6100000000000000000000000000000000031
S21404A62030A60400E05C0400B64A0400FE00000005
S21404A630601A0400BCB004000000000011470400C7
S21404A640ACB00400000000000000000000000000A1
S21404A6500000000064A60400015D0400B64A04007D
S21404A660FE000000601A0400DCB0040000000000D5
S21404A67011470400CCB004000000000000000000F5
S21404A680000000000000000098A60400235D0400FB
S21404A690B64A0400FE000000415D04002CB104002C
S21404A6A0000000001F6204001CB10400000000004B
S21404A6B0505D04000CB1040000000000555D040069
S21404A6C0FCB00400000000005C5D0400ECB0040074
S21404A6D00000000000000000000000000000000071
S21404A6E0F0A60400615D0400B64A0400FE00000003
S21404A6F0221A0400C8B10400000000007E5D0400B5
S21404A700B4B10400000000000000000000000000D7
S21404A7100000000024A70400865D0400B64A040076
S21404A720FE000000A25D04005CB20400000000000D
S21404A7303D5204004CB2040000000000000000007B
S21404A740000000000000000058A70400A75D0400F5
S21404A750B64A0400FE000000C05D04000CB304000A
S21404A76000000000E3160400FCB204000000000031
S21404A770C95D0400ECB2040000000000A25D040001
S21404A7803CB2040000000000CE5D04002CB20400BD
S21404A79000000000DB5D040044A804000000000084
S21404A7A0E95D040010A8040000000000F75D040042
S21404A7B0D0A70400000000000B5C0400F4AE040004
S21404A7C00000000000000000000000000000000080
S21404A7D0E0A70400005E0400B64A0400FE00000081
S21404A7E044920400DCB20400000000005592040009
S21404A7F0CCB2040000000000142B0400BCB2040019
S21404A800000000000000000000000000000000003F
S21404A81020A804001E5E0400B64A0400FE000000E1
S21404A820485E04002CB3040000000000C54C04007D
S21404A8301CB304000000000000000000000000003C
S21404A8400000000054A804004F5E0400B64A04004A
S21404A850FE000000D607040060B3040000000000F9
S21404A8601147040050B30400000000001F620400F7
S21404A8703CB30400000000000000000000000000DC
S21404A8800000000094A804006F5E0400B64A0400AA
S21404A890FE000000D607040090B304000000000089
S21404A8A08F5E040080B3040000000000114704001B
S21404A8B070B3040000000000000000000000000068
S21404A8C000000000D4A80400965E0400B64A040003
S21404A8D0FE000000B05E0400C4B4040000000000E3
S21404A8E0C9460400B4B4040000000000E35E04009B
S21404A8F0A4B40400000000001705040094B4040087
S21404A90000000000E446040084B4040000000000D4
S21404A910B55E040074B4040000000000CD5E0400BC
S21404A92064B4040000000000D65E040054B40400BE
S21404A93000000000DD5E040044B4040000000000D3
S21404A940E95E040014B40400000000001F62040062
S21404A95004B4040000000000F85E0400F4B304002D
S21404A96000000000D32B0400E4B304000000000041
S21404A970FD5E0400D4B3040000000000145F04006D
S21404A980C4B3040000000000285F0400B0B3040051
S21404A99000000000385F0400A0B3040000000000BC
S21404A9A0475F0400B8A9040000000000000000008F
S21404A9B00000000000000000C8A904004C5F04006A
S21404A9C0B64A0400FE000000635F040034B40400CA
S21404A9D0000000006C5F040024B4040000000000C3
S21404A9E0000000000000000000000000FCA90400B5
S21404A9F0B64A0400B64A0400FE000000735F040072
S21404AA0034B0040000000000805F040078AE040048
S21404AA1000000000895F0400C4AD040000000000CC
S21404AA20975F040090AD040000000000A55F0400DA
S21404AA305CAD040000000000B35F0400C4AC040076
S21404AA4000000000C45F04009CAC0400000000008A
S21404AA50D15F0400FCAB040000000000DC5F0400CF
S21404AA60A4AB040000000000EF5F04007CAB04000D
S21404AA7000000000C43E040018AB04000000000000
S21404AA8002600400D8AA0400000000000D60040060
S21404AA90A4AA04000000000000000000000000005B
S21404AAA000000000B4AA040020600400B64A0400B3
S21404AAB0FE00000044600400E4B40400000000004B
S21404AAC04A600400D4B40400000000000000000043
S21404AAD00000000000000000E8AA04004E60040025
S21404AAE0B64A0400FE000000D01B040014B504009F
S21404AAF0000000008060040004B5040000000000AC
S21404AB008C600400F4B404000000000000000000A0
S21404AB10000000000000000028AB0400A26004004F
S21404AB20B64A0400FE000000D607040078B5040008
S21404AB30000000001147040068B50400000000008F
S21404AB40BE3B040058B5040000000000601A040070
S21404AB5044B5040000000000BE60040034B50400E0
S21404AB6000000000D560040024B5040000000000C6
S21404AB700000000000000000000000008CAB040091
S21404AB80E1600400B64A0400FE000000066104000A
S21404AB9088B504000000000000000000000000006B
S21404ABA000000000B4AB04000B610400B64A0400C5
S21404ABB0FE0000002F610400D8B504000000000069
S21404ABC08F5E0400C8B50400000000003B6104006A
S21404ABD0B8B504000000000042610400A8B50400F3
S21404ABE0000000004F61040098B504000000000057
S21404ABF00000000000000000000000000CAC040090
S21404AC005A610400B64A0400FE000000C85F04004F
S21404AC1088B60400000000007761040078B60400DB
S21404AC20000000006523040068B60400000000006D
S21404AC309332040058B6040000000000425F04008B
S21404AC4048B6040000000000D01B040038B6040018
S21404AC50000000007E61040028B604000000000026
S21404AC608961040018B60400000000009661040020
S21404AC7008B6040000000000A6610400F8B504004D
S21404AC8000000000B9610400E8B5040000000000FC
S21404AC90000000000000000000000000ACAC04004F
S21404ACA0CB610400B64A0400FE00000065230400DD
S21404ACB098B6040000000000000000000000000039
S21404ACC000000000D4AC0400E9610400B64A0400A5
S21404ACD0FE000000D01B040008B7040000000000BB
S21404ACE093320400F8B6040000000000425F04003B
S21404ACF0E8B60400000000000C620400D8B60400A5
S21404AD00000000004B5D04001CAD040000000000C1
S21404AD100000000000000000000000002CAD04004D
S21404AD2023620400B64A0400FE0000001F6204000A
S21404AD30C8B6040000000000601A0400B8B6040098
S21404AD400000000039620400A8B6040000000000F9
S21404AD500000000000000000000000006CAD0400CD
S21404AD6042620400B64A0400FE000000D60704004F
S21404AD7028B70400000000001147040018B70400B8
S21404AD8000000000000000000000000000000000BA
S21404AD90A0AD040062620400B64A0400FE0000008F
S21404ADA08262040048B704000000000095620400B4
S21404ADB038B7040000000000000000000000000097
S21404ADC000000000D4AD0400AB620400B64A0400E0
S21404ADD0FE000000CB62040068B704000000000018
S21404ADE0E316040058B7040000000000000000004A
S21404ADF0000000000000000008AE0400B64A04008C
S21404AE00B64A0400FE000000D562040020AE04002A
S21404AE100000000000000000000000000000000029
S21404AE2030AE0400B64A0400B64A0400FE00000031
S21404AE30E1620400B8B70400000000002E520400CB
S21404AE40A8B7040000000000E762040098B70400F6
S21404AE5000000000EB62040088B704000000000055
S21404AE60EF62040078B70400000000000000000051
S21404AE70000000000000000088AE0400FF6204002A
S21404AE80B64A0400FE000000D607040038B80400E2
S21404AE90000000001A63040028B804000000000044
S21404AEA02D63040018B804000000000011470400D5
S21404AEB008B80400000000003A630400F8B7040071
S21404AEC0000000004B630400E8B704000000000024
S21404AED059630400D8B70400000000006A63040045
S21404AEE0C8B70400000000000000000000000000D6
S21404AEF00000000004AF040077630400B64A0400B0
S21404AF00FE000000916304008CB204000000000000
S21404AF10C46304007CB2040000000000FF63040065
S21404AF206CB20400000000001664040080AF040045
S21404AF3000000000206404004CAF04000000000081
S21404AF400000000000000000000000005CAF0400E9
S21404AF5024640400B64A0400FE0000004492040080
S21404AF60ACB2040000000000559204009CB2040039
S21404AF7000000000000000000000000000000000C8
S21404AF8090AF040043640400B64A0400FE000000C8
S21404AF90FB16040058B80400000000001F620400FA
S21404AFA048B8040000000000000000000000000094
S21404AFB000000000C4AF040056640400B64A04004F
S21404AFC0FE000000D607040098B804000000000045
S21404AFD0485E040088B8040000000000C54C040065
S21404AFE078B8040000000000000000000000000024
S21404AFF00000000004B0040071640400B64A0400B3
S21404B000FE0000004F610400B0B904000000000018
S21404B010D01B0400A0B9040000000000652304004F
S21404B02090B90400000000000000000000000000CA
S21404B0300000000044B0040091640400B64A040012
S21404B040FE000000AF64040000BA04000000000024
S21404B050B9640400F0B9040000000000C4640400ED
S21404B060E0B9040000000000E03F0400D0B904008A
S21404B07000000000D3640400C0B90400000000000F
S21404B080000000000000000000000000F96C03004F
S21404B090DE640400B64A0400FF000000F56C0300FA
S21404B0A0EB640400B64A0400FF00000085EF0000CD
S21404B0B0FD640400B64A0400FF00000021EF00000F
S21404B0C02A650400F26C040001FF000085EF00000E
S21404B0D06A650400B64A0400FF00000021EF000081
S21404B0E098650400F26C040001FF0000B9EF00004C
S21404B0F0D9650400FA65040000FF0000B9EF0000FB
S21404B10003660400606604000000FF0035F00000DB
S21404B1106E66040087660400010001FFA1F00000CB
S21404B120AC660400EE6604000102FF0035F0000081
S21404B130046704003367040001000102FF000000F6
S21404B140B1ED000064670400A067040007FF000078
S21404B150D1ED0000A6670400D967040001FF0000D3
S21404B160E5ED0000E1670400316804000100FF001B
S21404B17041EE000046680400976804000101FF00E1
S21404B18015EE0000A7680400E168040001FF000053
S21404B19095EE0000E968040032690400010000012D
S21404B1A00707FF00D1F0000084690400D967040093
S21404B1B001FF0000D1F10000CC690400106A04000D
S21404B1C0010700010700FF00576D0300656A0400CD
S21404B1D0AB6A04000107000101FF000059F10000FA
S21404B1E0E76A0400226B0400010000FF29F1000056
S21404B1F0406B0400846B04000100FF00F9F00000BB
S21404B200976B0400846B04000100FF00A1F10000AA
S21404B210D66B0400E168040001FF000011F2000090
S21404B220116C0400426C04000100FF0041DB0000C6
S21404B230B64A0400506C0400000707FFE5DA000075
S21404B240B64A0400696C0400000707FFF1DF00003B
S21404B250B64A0400756C040007FF0000F1DF000026
S21404B260B64A0400756C040007FF0000A96C0300CE
S21404B270B64A04007A6C04000000FF00CDDF00002C
S21404B280B64A0400F442040001FF000095DF000003
S21404B290B64A0400B26C040000FF0000C5DA0000E1
S21404B2A0B64A0400B64A0400FF000000C5DA0000EF
S21404B2B0B64A0400B64A0400FF0000007F6C030090
S21404B2C0B64A0400B64A0400FF0000007F6C030080
S21404B2D0B64A0400B64A0400FF0000007F6C030070
S21404B2E0B64A0400B64A0400FF00000095DA0000DF
S21404B2F0B64A0400E86C04000101FF0081DA00008D
S21404B300B64A0400FD6C040001FF00007B6C0300D9
S21404B310B64A0400B64A0400FF00000049DA0000FA
S21404B320265E0400B64A0400FF00000049DA000066
S21404B330076D0400B64A0400FF000000C9DB0000E5
S21404B340286D04003F6D04000001000007FF0000A4
S21404B350776C0300656D0400B64A0400FF00000025
S21404B36045D900007F6D0400B64A0400FF000000C3
S21404B370F16C0300AD6D0400B64A0400FF00000043
S21404B380E36C0300C76D0400496C040000FF000072
S21404B390C5E20000EC6D0400B64A0400FF0000009D
S21404B3A019D80000066E0400B64A0400FF00000028
S21404B3B0ADD70000296E0400A66E0400000003103A
S21404B3C0FF00000089D80000FB6E0400696F0400CB
S21404B3D001FF00005DD800007E6F0400C16F04000A
S21404B3E000FF000071D70000D26F0400B64A0400C4
S21404B3F0FF000000756C030001700400B64A0400E8
S21404B400FF0000004DD700004D700400496C040096
S21404B41000FF000019D700008E710400E3710400D9
S21404B42000FF0000FDD60000FD710400B64A0400CB
S21404B430FF000000E1D600000D720400B64A0400C6
S21404B440FF000000656C0300217204009F72040074
S21404B45000FF0000B1D600002A730400B64A0400B8
S21404B460FF0000006DD600004773040072730400EA
S21404B47007FF00002DD600007C730400D57304007B
S21404B480000500FFE5D50000887404009B740400E2
S21404B4900002FF00C1D50000CA740400B64A0400C6
S21404B4A0FF000000656C0300DC74040016750400DD
S21404B4B000FF000055D500009C750400E2750400EA
S21404B4C0000301FF45D5000082760400C876040018
S21404B4D0000301FF394B010068770400B64A0400F4
S21404B4E0FF00000075790300907704000B780400D1
S21404B4F002FF0000F1F5000060780400F96E040015
S21404B50000FF0000BDF5000088780400F96E040012
S21404B51000FF00006DF50000A1780400B64A0400A0
S21404B520FF000000453D0100BA780400B64A040056
S21404B530FF0000001D3D010007790400B64A040020
S21404B540FF000000A93C0100327904005879040089
S21404B55000010100010102FF813C0100D77A0400CA
S21404B560FF7A040000FF0000613C0100267B040013
S21404B570B64A0400FF000000A93B0100507B04000B
S21404B580B64A0400FF00000047780300697B040005
S21404B590B64A0400FF000000793001008F7B0400E7
S21404B5A0C07B04000002FF00A97603001D7C040093
S21404B5B0B64A0400FF000000A57603004A7C040097
S21404B5C0B64A0400FF0000002D300100657C04002C
S21404B5D08F7C040000FF0000ED2D0100BF7C0400FA
S21404B5E0B64A0400FF00000069190100D27C04007A
S21404B5F0B64A0400FF00000051190100EA7C04006A
S21404B600B64A0400FF00000021760300037D040010
S21404B610B64A0400FF0000000D760300307D0400E7
S21404B620AA7D040000FF0000F92C0100E97D040057
S21404B630B64A0400FF000000E92B0100617E040006
S21404B640B64A0400FF0000000D180100A57E0400A1
S21404B650B64A0400FF000000F1170100C27E040091
S21404B660B64A0400FF000000691801006D7F04005C
S21404B670B64A0400FF0000005D180100FB7F0400CA
S21404B6804080040000FF00002918010077800400B1
S21404B690C880040000FF000055160100FB8004006B
S21404B6A0B64A0400FF000000ED0A010027810400EA
S21404B6B0908104000000FF00ED0A0100E58104000B
S21404B6C0478204000000FF008D0B01008C820400FA
S21404B6D0BF8204000002FF007B750300148304008D
S21404B6E06283040007FF0000C10C01007E8304008F
S21404B6F0B64A0400FF000000D50A0100A283040035
S21404B700C783040000FF0000E10B0100208404004E
S21404B710B64A0400FF000000A50401005D8404008E
S21404B720B64A0400FF0000006D040100878404008C
S21404B730B64A0400FF00000053740300C2840400E9
S21404B7403185040000FF0000C9FD00008285040066
S21404B7500186040000FF00004574030047860400C9
S21404B7609986040000FF000025740300E0860400A8
S21404B7702D87040000FF00001B7403007787040075
S21404B780B587040000FF000015740300C587040095
S21404B790B587040000FF00000F740300EC87040064
S21404B7A0B587040000FF0000097403001388040032
S21404B7B0B587040000FF0000037403003B88040000
S21404B7C0B587040000FF0000DF73030064880400EC
S21404B7D0B64A0400FF000000E573030086880400F0
S21404B7E0B64A0400FF00000071F80000AE880400AA
S21404B7F0E78804000001FF009DF8000008890400A3
S21404B800B64A0400FF000000E17303003389040015
S21404B810B64A0400FF00000059F800004E890400F0
S21404B820B64A0400FF00000015F800006989040009
S21404B8309689040000FF0000FDF70000B1890400AB
S21404B840B64A0400FF00000045E00000DC8904005E
S21404B850B64A0400FF00000045E00000038A040026
S21404B860B64A0400FF00000035D50000148A040020
S21404B870B64A0400FF00000001D50000298A04002F
S21404B880508A040000FF000001D50000608A04000E
S21404B890508A040000FF000099D40000878A040040
S21404B8A0B64A0400FF0000005D6C0300A28A040090
S21404B8B0B64A0400FF000000F5D00000C58A040064
S21404B8C02F8B040000FF0000D5D00000528B04002C
S21404B8D0B64A0400FF000000BDEC0000B88C04006B
S21404B8E0458D0400010000FFA1EB0000628D0400FA
S21404B8F0B68D040000FF0000D5EB0000CB8D0400DD
S21404B9001D8E04000100FF0041EB0000338E04008E
S21404B910208F04000107FF00616C0300308F0400D1
S21404B920B64A0400FF000000A1E40000418F0400B2
S21404B930538F0400000101000007FF0099E3000094
S21404B9408E8F04009F8F040000010100FF0000009A
S21404B950D5EB0000EE8F0400FF8F0400010000FF0B
S21404B96011E30000EE8F04003190040000FF000095
S21404B9708D7E010042900400B64A0400FF000000D9
S21404B98029D100008E900400B64A0400FF0000008F
S21404B9904D9A0300B64A0400B64A0400FF000000AD
S21404B9A0B18C0100B64A0400B64A0400FF00000049
S21404B9B0758C0100B64A0400D390040002FF000010
S21404B9C021940100DB900400B64A0400FF00000046
S21404B9D0AD930100079104002A9104000200FF00C1
S21404B9E0CF9A030053910400B64A0400FF000000F7
S21404B9F089930100759104009391040002FF0000EE
S21404BA0061930100A89104009391040002FF0000D2
S21404BA10010000003050002000000000000000007C
S21404BA20FFFF0000BF7303000000000003000000D7
S21404BA30FFFF010033740300000000000400000050
S21404BA40FFFF0100C17403000000000004000000B2
S21404BA50FFFF00004575030000000000060000001C
S21404BA60FFFF0000B7750300000000001900000087
S21404BA70FFFF01004D760300EB620400846D002096
S21404BA8000000000000000000000000000000000AD
S21404BA90FF910400FCBA04000000000005920400B4
S21404BAA06C9C0400000000000C9204003C9E040001
S21404BAB000000000D06004002C9E0400000000007B
S21404BAC0159204001C9E0400000000002792040047
S21404BAD00C9E04000000000036920400FC9D040046
S21404BAE00000000047920400EC9D040000000000E3
S21404BAF00000000000000000000000000CBB040072
S21404BB0059920400B64A0400FE0000007492040031
S21404BB1024BB040000000000000000000000000039
S21404BB2000000000E19E030079920400B64A040077
S21404BB30FF03010001013F040201003F040202006A
S21404BB403D040202003D040102000102000301005C
S21404BB5002023D0402010002020201000202000089
S21404BB6000202020202020202020282828282820C4
S21404BB7020202020202020202020202020202020BC
S21404BB802088101010101010101010101010101024
S21404BB901004040404040404040404101010101014
S21404BBA010104141414141410101010101010101DE
S21404BBB00101010101010101010101011010101030
S21404BBC010104242424242420202020202020202B0
S21404BBD00202020202020202020202021010101004
S21404BBE0200000000000000000000000000000002C
S21404BBF0000000000000000000000000000000003C
S21404BC00000000000000000000000000000000002B
S21404BC10000000000000000000000000000000001B
S21404BC20000000000000000000000000000000000B
S21404BC3000000000000000000000000000000000FB
S21404BC4000000000000000000000000000000000EB
S21404BC5000000000000000000000000000000000DB
S21404BC600000000000000000A001000028140020CE
S21404BC7000021000CC540020C81500200000020862
S21404BC8000000000FFFFFFFFFFFFFFFFFFFFFFFFB7
S21404BC90000000000000000000000000000000009B
S21404BCA0000000000000000020000000F9BF0100B2
S21404BCB010000000D9C001000000000100000101CE
S21404BCC00001010120C001B80000000000000000CF
S21404BCD0FFFFFFFFFFFFFFFFFFFFFFFFFFFFFFFF6B
S21404BCE0FFFFFFFFFFFFFFFFFFFFFFFFFFFFFFFF5B
S21404BCF0000102020303040506080C0C0C000102F2
S21404BD0003040707C8C8C8C8C8C8C8C8C8C8C8C8B5
S21404BD10030404080808080800B801B802B800B00C
S21404BD2004D90400ECD80400030404080805000041
S21404BD3000000000000000000000000000000000FA
S21404BD40EA06000048704C0F44700E0E30707E13E6
S21404BD5002989A173870340F34705A0F307048109F
S21404BD602C7048102870D0112470E81120703E0FF3
S21404BD701C70901218700C1314703A0FB1100860EF
S21404BD8001D80A7104B87F78020C7E78641000C665
S21404BD90881F00A01DB8707803B018600F3027B352
S21404BDA00F330111C04806987C0229B0086001D8F8
S21404BDB0087109DD047109BB11101660A0480860FB
S21404BDC004100112FF3221500860D0480860008831
S21404BDD00698381400C4441F00A000BA03DF10718C
S21404BDE009DF0672029836031DB8507800A0441383
S21404BDF0281441158110086002D81471108806981A
S21404BE00201900C014C000B80698861B0091069836
S21404BE1092020160B83020D806711EBC637C784D4F
S21404BE205412F03240DE0472404804DB08720DDD22
S21404BE300C72044BEF3014480698F20400C4E04039
S21404BE4000544412086201322140087C811140D912
S21404BE501C72B1123032CF4A013AB1DA107208D8E5
S21404BE60067104D80871804C237C5670684C4412C2
S21404BE7000C4A41E00A04414413AF3240164415CA7
S21404BE80412A047580B800C46040005481D83671D5
S21404BE9040D90472237C084B0698F20404BA1CB9F1
S21404BEA0767900C1204001B835797F216121007977
S21404BEB006B906A901D8067102981002804C307C97
S21404BEC00298640208D86A7100C1544000B814117C
S21404BED010D95E71584C441280BDA26DFF25784C73
S21404BEE04412FC22513A2814104C00C20CC101B86A
S21404BEF024122814086228140862281408622814D5
S21404BF00304C304C00C11C4000B8141118140861A1
S21404BF1000C5284001B85415FF350471104918149B
S21404BF20B04C441208620132067102980401804C37
S21404BF3008D80C7107BA24D8047106BA187004D845
S21404BF400C7101BA40D80E7102BA0A7005BA20D82C
S21404BF50047203BA204C4411C04C18140861181417
S21404BF609111383111429111186110D90472EF32CF
S21404BF7000C1084001B8141110311E611142281482
S21404BF80A1110861181406986C1B181400C1084007
S21404BF9001B814111861FF31181400C1448001B8A7
S21404BFA0141118140861181430880248069894036B
S21404BFB0009308DB047101F800A027B00F3000A03E
S21404BFC01088B111186180D90A7100C1884000B880
S21404BFD00811009100A000C4684000B8441000A0F6
S21404BFE000C0884000500411826104108260105022
S21404BFF0F07200A054155045127106980205069872
S21404C000920407B8707802B841781EBA5B7A5C7AF4
S21404C0105D7A00C220C001B8241206982A1900C509
S21404C020481F00A05415511400C3FF010000313D01
S21404C03009647F3406989C020158512804750158F7
S21404C04041280E758111086102D90472FF0FCC7065
S21404C05007B8727800F8EBBD00C0441F00A00411B6
S21404C060113D10D91271FF33186300C1781002B85D
S21404C070381107B97479581000A0069892020D304A
S21404C0800472044809DC0472084800C11CC101B8E3
S21404C090141100C3D01E00A0911504351A7218138B
S21404C0A01CBB08D804716C7B04D804716A7B1DBB66
S21404C0B02F7C5B7B1670044B18131CBB08D80471CA
S21404C0C06F7B04D804716D7B217C0C30026006986B
S21404C0D07E040698C40B00B8B111186140D90672E4
S21404C0E00298580401BC00C2084001B800DC0A717A
S21404C0F024150265604A0A702C4A241508654C4AC1
S21404C100043508D90471202400C13C1F00A0141271
S21404C11000DC327120D8067101B80C70F0DA0C72AB
S21404C1200CDB087102B806988604482400C338411C
S21404C13001B834138F7B0E7102B9911308DB0472B5
S21404C14003B928707C4914111110FD300DDC1C72E3
S21404C15000C0A01E00A0041080D8107100C0448047
S21404C16001B80410E5200475804900C3884000B86F
S21404C170FFB8012011410871014118130824014237
S21404C18000C1284000B8141101411C6551419115A5
S21404C19020351E65514118132813481300C38440E4
S21404C1A000B8341003D81671073005DC1071B110CE
S21404C1B08F780A7200C384C40350217B1DB850785C
S21404C1C000B800C13C1F00A014121C602150F030BF
S21404C1D00152281100A04024076400C0FFFF01009C
S21404C1E0013C17B0022001584028067518AC01EC33
S21404C1F000A0208800C020C001B8041217B4211380
S21404C20004123052F8711964402400C35C1F00A065
S21404C210341014110698F60D19610092115921294B
S21404C220067600BB11590698D60D8762313B047218
S21404C230215A412A00A000C2686000B8B8B91F613C
S21404C2400D49181200A0308801B9116100C300001E
S21404C250C0FF3110312800BC002D0C75115418ACE9
S21404C26001EC312DF470196451134155312C0093AF
S21404C27000A000C3C00FFEFF50B2313A014250AADC
S21404C28000A006983E07FFB0867808715CB86B7805
S21404C2906E7800C2548001B800C0D81F00A00410F5
S21404C2A00812B822217A237A52B8417801B80C6071
S21404C2B021A809B819604CA800C0FFD1C1FF4FB22D
S21404C2C0013A00C0002E300001424FAA24B86E780E
S21404C2D0ACB9FFB004D804714CB923A90698A805D4
S21404C2E000C01390010006982E0500A006980205CB
S21404C2F019B81460FFB28C620F32826A2140069825
S21404C3002E0549BC21B952B849B207DE2A7105DEAA
S21404C3100871627C607C1D0C6179677864786B7840
S21404C3206278657863786078617C010C010C6878C3
S21404C330020C69786C78020C00C22C8001B8277A4B
S21404C340287A267A6A78050C41790A0CB11040D806
S21404C35006710298BA06784A2B7A327A584A247AB0
S21404C36000C400011100404A00C0108400000812F6
S21404C370508800C584100100FBAD10BD01BB8A6B5C
S21404C38021B9FAA9C44A1812217A227A00C0341FA5
S21404C39000A00410FCA88264411030300129F9A9D9
S21404C3A0F8ADFBB08260FBA80330A06521100448FA
S21404C3B020EC237A0410037A184A2411DC4A015824
S21404C3C00029241004753150F8B1115081632A7184
S21404C3D0514031400812FCB18461FCA90F310E7142
S21404C3E017B0112817B111591028FA76C44AF9B1B2
S21404C3F01812217A227AA07000950812F8A800C2B2
S21404C4000C8001B8207A844A00B80812020CA44AA8
S21404C410087A020C21B84178784A0B7A127A00C25C
S21404C420C81F00A0FFB008D80472184A241000DC05
S21404C4300A7140A80422241041A806989C0200C24F
S21404C440481F00A02410015100C4FF010000413918
S21404C4501150081200A006983E0700BC00C20C80CB
S21404C46001B8217A52B84978020C4878020C49B8C7
S21404C470417852AC21AC204A087A067A077A49AC4D
S21404C48000A059B840785AB101D9FC72427857B81E
S21404C490407858B101D9FC72427800A000C20C80E2
S21404C4A001B8217A227A21B8547852B8BC4A2411A9
S21404C4B09979127107B915614CA9617800BB03BC60
S21404C4C00C64147009B919614CA9417801BB126354
S21404C4D000C4002E300000C0FFD1C1FF4FB10139A7
S21404C4E041414FA9E44AC8B8081224AB4CB823A863
S21404C4F00698A80500C004900100FFB1867904716F
S21404C500084806982E0500C08009004040A809B8CF
S21404C510FFB108D9047103B853A8B11004D80C713C
S21404C52056BB607B57BA627A607A02D80C7156BBE7
S21404C530607B59BA627A607A04B86E783DB86078DF
S21404C54000C05638000000C1B08001B814119979B3
S21404C550087200C0D604000000C124C000B814113C
S21404C5609F79047208484CA82EB8FFB108D9067102
S21404C5704AA804704BA80FB834A800C00C5E00008C
S21404C58046B2014246AA00C12C4001B81411086103
S21404C5900631087100B90698501106983E14B11178
S21404C5A001D90E710698921B02D906720698A00C41
S21404C5B00698381451140698920406982A11069878
S21404C5C0641700A006984E1701D80A711CB85B7849
S21404C5D007B8757800B84CA84AA84BA800C0F32141
S21404C5E0FFFF46B1013946A904B86F7800A0FABC2B
S21404C5F01964415C512C00C0581F00A00410012C83
S21404C6000675069892040698780FB110186005D837
S21404C610327140BA06980E1404B86578911004D89E
S21404C62016711CB86E7800C0684000B82178069869
S21404C630781101400A721DB8427806984A14029886
S21404C6405E0B1DB8717804B86C7841B8427863788C
S21404C6504478FFB104D906720298CA0900C004904F
S21404C6600100FFB186790471084806982E0500C3B8
S21404C6702C1F00A000C274C000B82414481300BCC9
S21404C68048121C4B1C4A2414481300BC4812084B7E
S21404C690584A2414481301BC48124ABA447A427AC7
S21404C6A04BBA447A427AFFB086780472617A4CBAFE
S21404C6B0647A657A3DBA607A4DB942B83FBB5B7915
S21404C6C066796179020C6479050C63796079050CE6
S21404C6D0627965795A7900C2340102B8241305B820
S21404C6E019603140081242B86A78020C4A78020C83
S21404C6F040BCFFB208DA06714ABA06704BBA627AD0
S21404C700657A677A667A6A79667B0298A40A00C3B1
S21404C7102C1F00A000C274C000B8241448131C4B7D
S21404C7201C4A241448133FBC48121C4A00BC481236
S21404C730084B444A2414481301BC48124ABA647A83
S21404C740627A4BBA647A627AFFB3867B0472617A41
S21404C7504CBA647A657A3DBA607A01D94E716478C7
S21404C76000C1708001B800C0800008000811069857
S21404C770860B42B861784DB97F797E796A78687895
S21404C7806278020C7B790F0C7A79140C74794178F0
S21404C79060787579050CFFB208DA06714AB8047039
S21404C7A04BB8657801BC1664407002D93C71069893
S21404C7B0860B42B84DB96878407841787F797E799F
S21404C7C07B790F0C7A79140CFFB208DA0871717948
S21404C7D04ABA067070794BBA7279657A6A78020C2E
S21404C7E04A78050C01BC1664020C417940790C0C9D
S21404C7F000C04C0102B848100698F20400C4784001
S21404C80000B8007C00C0A01E00A0041180D93271BC
S21404C810911104D92C727F2021200411FD310DDDE5
S21404C820207200C0448001B80411E521147600C0CB
S21404C830244001B804118A790871207C104C207CAD
S21404C8402AB86278511400C0581F00A00410012CA6
S21404C85017B001118768015841280E7605218769AB
S21404C860415C412D112D06700698920442B84DBBCA
S21404C8707C7B6478020C29B86878511440440675A9
S21404C8800698920442B844782AB84278FFB101D98F
S21404C8900C7100C1548001B8CBB80811911004D8AB
S21404C8A0147100C0A01E00A0041080D8067107B83A
S21404C8B0537800F807B800C1CC1E00A000C220C000
S21404C8C001B824122811777800F8B11094783871DA
S21404C8D006989C02E4B911591128067600B80C7023
S21404C8E0A0B9115901290475A0B8826000C3C01FFD
S21404C8F000A03413012B341000C3FFFF00FF42B125
S21404C9003139114042A800A01DB09178FA7142B89E
S21404C9106478020C00BA29AA00C4548001B842B84C
S21404C9204DB900C3C04001B83413977B047240EC81
S21404C930020C44785C7953AA0A0C281442B84DB900
S21404C940FFB301DB2671244C00C3FF0FFF0138142C
S21404C9505479407841785579020C5B795A79140CED
S21404C9605F795E794A784278347002DB14715279C2
S21404C97051795079020C5B795A795F795E791E7029
S21404C98004DB1A7100C4FF07000000C3342102B898
S21404C99048133FBB467B020C5B795A793DBB407B10
S21404C9A04CBB447B457B00C3301F00A03414403C82
S21404C9B0207100C068C000B8481028131C4B1C48DF
S21404C9C0341448102813144B4448341448102813BD
S21404C9D04AAA4BAA04B86D781DB851785CB84B784F
S21404C9E04E7800A000C074C000B80411108800B9C6
S21404C9F0181068480411108801B90B6118102C48E7
S21404CA0004111088008800C1231C000018104AB8BE
S21404CA1064784BB86478260C28B000C1FFFF0FF08A
S21404CA20113871B90B61114028A828B97379747943
S21404CA3000C21010303045AA54790E0C00C0E840ED
S21404CA4001B8041100C23030101045AA0E0C0410B0
S21404CA50008810880698620D0091009020888F61E7
S21404CA608F600698620D0090886A21400112906AD1
S21404CA70035800C13F3F00001138FFBC0224412880
S21404CA801138014245AA28B953794AB844784BB8B4
S21404CA90447800900091181000912C4818100091CA
S21404CAA06848181000A09168436091694361115B5F
S21404CAB0012B112841603128315B00BA30280676F4
S21404CAC03128204A4163302806763128104A4163CB
S21404CAD0302806763128084A4163302806763128FD
S21404CAE0044A4163302806763128024A41633028D6
S21404CAF00476014A00A0115910D90671086008602E
S21404CB0008D90471086004D90471046002D9047158
S21404CB10026001D90471016000A000BA01D8067150
S21404CB200148112A1F61016001D8F6720138F672B5
S21404CB3000A000C220C001B8241211592129127382
S21404CB4000210E7100C238C001B824120121212927
S21404CB5000A002B020D8147100C0B01E00A00410BB
S21404CB6002B9457906987613EA7003B09F7808727E
S21404CB7000B806A800F806983E0700C5641F00A083
S21404CB805088044D1CBC00C0B41E00A0811101D9FD
S21404CB901E71407C009501150C4D5088044DFFBB5A
S21404CBA01863315B04110698EE0D3129F875069862
S21404CBB0681A54150698921B01D9087206985807E5
S21404CBC006700698F4071CBB547B06984E1701D8CB
S21404CBD0067202981A0FFFB901211038F6728112F4
S21404CBE09B7AF07100C2448001B8241400C0C01EB1
S21404CBF000A0041001130020041040500C7200B969
S21404CC000698280F18B90A7018B90698280F00B99C
S21404CC1000B806981E0F704A08B806981E0F00C281
S21404CC20284000B814B806981E0F00C2EC4001B89D
S21404CC300CB806981E0F202210B806981E0F1088EF
S21404CC40308806985807009300910698280F00C06D
S21404CC50C41E00A00412FFB901212141181000953A
S21404CC6000F8312811280410081200A004B831284E
S21404CC701128F8B1181000A0069880080E700698BF
S21404CC80C40B06988008069872120698120791122A
S21404CC90211900C02C4001B80A78097800F810B9A8
S21404CCA001BA0698041406982A110698641700C553
S21404CCB0641F00A081109D78FC7200F89112033264
S21404CCC01CB900C3A01E00A0341300C4B040005416
S21404CCD01DB84278707903DE067144783A7071792B
S21404CCE0A11020D806710298541080DB1C7102D85B
S21404CCF0187205B80814A11010300248081400B8B9
S21404CD0008149110086008141DB86278A11000DC9D
S21404CD100676517900BA06984E1701D822729111F8
S21404CD2020311D61911004D80E7200C1501F00A05E
S21404CD30141101D90A71208806985011009200C176
S21404CD40204000B801DB1871084C03DE0471904CD7
S21404CD50441400C3FF1F0000413BFF2338119449CD
S21404CD6000C3384101B83413086380DB0C7103BA7E
S21404CD70186206983C100870186206983C100C4915
S21404CD800879097914102140081100A000BD0698FE
S21404CD90760210B903DC047100B901BA06980414CB
S21404CDA002D9067100404E7203B118610F3106981D
S21404CDB07811FFD82872811008D8187106DD0A7118
S21404CDC00698760203DC0C720698BC1106984A1480
S21404CDD00C7006DD10710698C211487020B804A8BD
S21404CDE006DD1072069880080698120701F840B807
S21404CDF004A800F800C0A01E00A00413086301DB0A
S21404CE00227191100111186111381DB910D80871DA
S21404CE1044790298541002DBFA72A11328DBF472E8
S21404CE2003BD06981E11069880081DBA7F7A0698D8
S21404CE30F20400C5681F00A00698760200BA03DC58
S21404CE401672044DA11002D804711C4D00C10CC109
S21404CE5001B80698AE045415212D06983E0502988E
S21404CE60AA089110015503355150011900A000C1BC
S21404CE704C1F00A0141001D8427101480860FE201F
S21404CE800E75811020D8087100C1501F00A014111F
S21404CE9001D9287100C02C4001B804122151086140
S21404CEA00F3118611152281000C0084001B804114F
S21404CEB09112215120311152211900A0811380DBD7
S21404CEC0067201B800A000C314C001B834100630BE
S21404CED02E726C4B34121C4B3410186002302072C5
S21404CEE0811080D8DE713410014A086204608030F4
S21404CEF021508C480A717F234D233410013000A042
S21404CF0000BD06981E111CB847784578437802B8C9
S21404CF10447800A0069880080698BC1100C5741FC3
S21404CF2000A0541506983E050298AA08B1138F7BF4
S21404CF300A7200C384C40350017B06983E1400C1E1
S21404CF40384101B814118F790E7100C1B84000B889
S21404CF5000BA06983C1050BA06980E140698781133
S21404CF60FFD84A71911004D84872811008601CD802
S21404CF70407220D938721112FF3221513471802147
S21404CF808021111400C0D81E00A00413FFBA31512A
S21404CF90113A215111531DB938107B7940440E7251
S21404CFA000B900C2AC1E00A01812067004B860785F
S21404CFB00698381400F800B900C2A44000541812A9
S21404CFC0644A0AB918121CBA507A517A1DB94279C1
S21404CFD05F7900A00698760207DC10729110002094
S21404CFE00A75069872120298660F0698120701B917
S21404CFF0911004D8047100B910BA0698041400BA43
S21404D0000040347100C0A01E00A00411086101D9BC
S21404D010127104D9E2728110086001D8DA711DB861
S21404D020647800C11CC101B80698AE0401B811604A
S21404D030002A047600BA00C5781F00A05415212DD6
S21404D040069872120698580700C57C1F00A000F8C0
S21404D05000BC811108D9167280D9207201B910BAA1
S21404D0600698041400400E7101BC10700698BC119A
S21404D07006984A1420B804A800F80698721281117B
S21404D0800231127100B900C2144000541812244A26
S21404D09002B918120698BC1100C5801F00A05415CA
S21404D0A00698F01A0298AA080411012114711CBAF1
S21404D0B0737A042004122811042004110121F47246
S21404D0C000A00698F20401F806984E1701D81671C7
S21404D0D0FFB9012110380E7281109B78087104B9CB
S21404D0E0677900F8911010D8287100C51CC101B8E2
S21404D0F054110698EE0D00C5C81E00A054155129FB
S21404D100EA7507B876781DB8447801B804A800F81C
S21404D110B110186010D82E7100C05040005400C3DF
S21404D120084000B83114984C44113411086101D9F0
S21404D130FA7144122810086228100862281008623F
S21404D1402810E8700298B002069892021138047209
S21404D1501E6202BB00C1D81E00A0141120390C7236
S21404D160911210DA0672417B00A006983E1400C2A3
S21404D170A01E00A0241220DA0472617B1CBA527A24
S21404D18000A01CBA727A811204DAFC7200A01CB8E1
S21404D1906B7800C0684000B82F7800A006984E1739
S21404D1A001D83A7100C22C4001B8241003609111D2
S21404D1B020310151383111501D6008121DB94579CE
S21404D1C000C2448001B8241200C0C01E00A004108F
S21404D1D018200020041020500471657910631EB9CD
S21404D1E0637900B902EC00CD114502EC00CC01DBFA
S21404D1F0087100BB0298D61803B841110731FA210A
S21404D2001C760621911210DA087102DD10721E7067
S21404D21020B80698B20D3038147208B806987E0402
S21404D22000C02C4000B82978207800F8056020D883
S21404D230067102980C1602EC00CA05B823DA1871B7
S21404D24004DBDA7120DAD67110DAD2721EB861788D
S21404D25000B801DA067202EC00C8911110D92671E2
S21404D26000C1B81E00A014111150FF300C720761E3
S21404D270A110115002300A7180DB0A720AB89E703F
S21404D2801DB97C791860911111402111C0311140EB
S21404D29001191EB8411108D90471667820D90472A0
S21404D2A06578A11002D80672C0DA1E711EB827313E
S21404D2B023DD087210DB1072607825DD0A7121DD2B
S21404D2C0087208DB0471627803B8411107310872EA
S21404D2D0A1152035AA7102DD2072A11120D9A071F2
S21404D2E002D91672CCDA9872411140D9927206B8F5
S21404D2F0054D5A720298AE1421114049C0D94C719A
S21404D300A03141154035026551410461086308DACD
S21404D3101E7204DA36721049A1150235067110DB46
S21404D3200E7201340A7108DB22711EB86778CC329B
S21404D33011101A300ADC0872CCDE0471FD3100C00C
S21404D3400D0F0C0D216001D85C7207B80298D81432
S21404D35000BA411108D90C7102EC00CA05B830DADB
S21404D360EC720734F031036101DA0471014900C03C
S21404D370F300A3E3216001D8D27100C0981440687A
S21404D38021604030014440DA0471204C04320262C9
S21404D390204A111006301F60014218311D611142E7
S21404D3A00298F614204A00C0051708502160113070
S21404D3B001422088FFBB0DDA507100C1DE1B250137
S21404D3C080BC04DA107208DA0A7200C120841000E5
S21404D3D0E024A02408634143026401DA06711E496E
S21404D3E0024B00C0201F00A008633810BC2002DADD
S21404D3F0127101B91159A11380DB087100C100FC38
S21404D400FF0118100298621800C4A01E00A0441061
S21404D41080D87C710092D0DA06710DDA0C711EBDCC
S21404D420437DEFBD0698140304620DDA8672A111DB
S21404D43005D95C7100C240400054241214242814F8
S21404D44001D9067202D9327140D91E7102EC00CAA3
S21404D450211018320471FA2220D804720822FE22FF
S21404D460087502EC00C8F87001D90E7102EC00C809
S21404D47002D9067204DC187200C0A01E00A00410B4
S21404D4801D6001D806711EB8647807B873780298D0
S21404D490D61800C0A01E00A0041080300A7100C078
S21404D4A0C41E00A0041000A006984E1701D82E71C2
S21404D4B0911010D828728110A0D8227203B08478F4
S21404D4C01C7200C12C4001B814100DBA487A697A4F
S21404D4D06B7A08111CB87B7807B8757800A06410BE
S21404D4E000C6881F00A0C3B806987C0200C4441F68
S21404D4F000A014BA281400B8011AB1108F780A7262
S21404D50000C084C40350017891101030011905BA84
S21404D51006980E1402D9067101B804A800C0A01E0D
S21404D52000A004130698641180DB06710298581450
S21404D5301DBA7C7A01DB6A7100C2241F00A0241184
S21404D5401114FF3402EC00C8FF24FA76086106982A
S21404D550C20D046111380F30046111140111411019
S21404D5600698C20D01D8087203B80298D8140C4A5B
S21404D57001DB2271241011281128041202300471D0
S21404D580106200C0FFFF0000213800C2204000B82F
S21404D590FF200812411008600698C20D01D87C715D
S21404D5A020BC1033767100BB00C1201F00A01415E8
S21404D5B0C021112C511218620F320E71408851147A
S21404D5C00698FA1841430094511208651C620F32FB
S21404D5D00E71411151140698FA181C6441430865EB
S21404D5E0513B00C1DC1E00A01411111231100F3083
S21404D5F0127100BA056101D80471114201600FD896
S21404D600F472311003601E30047201B8003A0872D6
S21404D61004B80298D8140298C41600C0384101B859
S21404D62004118F7914717F20692004110861303148
S21404D63010DD06711DBA637A0698120300F8308866
S21404D6405088FF34087102ECFF24F87002EC00CD19
S21404D6501410595001440421FF22F2720F4C009515
S21404D660009300A000C1A81E00A0141100A03088DA
S21404D6700698421B8111086102D906720298061A9E
S21404D6801CBB557B086120D906710298F6190088E0
S21404D690A11018600698201908211415FC251EBB35
S21404D6A05C7B5D7B00C1084001B814110731FE2184
S21404D6B0307608D82A725113FC23341304DB207105
S21404D6C01863FF33315B00C110C000B81411086141
S21404D6D080490C71FF31302954751EBB7B7B10705A
S21404D6E07B7B7C7B00DD04717D7B01BB3815EC25E0
S21404D6F0541300DF5471042505DF547154152111A9
S21404D70020880698EE0D009251293E7500C1084007
S21404D71001B8141102DB0C710731315B31292A760A
S21404D7200C7004DF0872016180D91E7206982019F5
S21404D73000C010C000B80698861B0698201914115D
S21404D740FFD9607202984C1A0090009300A05415FA
S21404D750A111186110D9A672082508D8A071082549
S21404D76010D89A71208821110698EE0DFC255412C3
S21404D770112AF82554110C2520D80871F0255411C7
S21404D7801025202904762159181500920298B819F4
S21404D79007B97179811010D80A711CB8447802B898
S21404D7A041781CB9747904B9677900F88110A0D857
S21404D7B008711CB9497900A0086002D8FA71069865
S21404D7C02019108806983E14106210DA0871082191
S21404D7D01415F025541100C20020FEFF20291275EE
S21404D7E00698921B01D90A720698800806981207B2
S21404D7F000941CBB41100C200698641341110821A8
S21404D8001410069864133128441111120861FF316C
S21404D810FF320122105210721861181404244413A3
S21404D820042438140C7018612141181408240814B0
S21404D830029838144044147100C1AC1E00A014159C
S21404D84051131C630FDB0C7219650698020541150B
S21404D85000A000C3784000B83413807B0672069894
S21404D860120706983E1408BB51140698B01A4415BD
S21404D870FC25541500C3784000B83413807B04712B
S21404D88000A002983E051CB900C3A01E00A03413D5
S21404D890086308DB1A718113A0DB067149791070DE
S21404D8A06979086302DB087204B9677900F800A096
S21404D8B08111086102D910711CB97579069820196E
S21404D8C01411FF3100A0FFB900A0041008211411A0
S21404D8D0F421081100A08111106110310E71069810
S21404D8E0201908211411F821141100A044DB0400A7
S21404D8F0000000001CD90400010000000000000025
S21404D90000F0490244DB04000000000040D9040093
S21404D910010000000000000000F0490264D9040081
S21404D9204063598F404B4C000B000B001A00FF7FDE
S21404D930186E002000000000E6DD04000000000071
S21404D94054DA04004063598F404B4C000B000B0024
S21404D9501A00FF7F186E002000000000E4DD0400BB
S21404D96000000000FC1F010344DD04001CC001107D
S21404D97000F807001CC001301402080050C0010063
S21404D9808741300424400601070062003870000016
S21404D99000000000000000030068010F40B82440A7
S21404D9A058400101FC006900804005012363E01132
S21404D9B09BC34A74F003000003800000BE0A000004
S21404D9C0E040010133000000F0400401590B000060
S21404D9D0640483078813C83A90200A00284101018A
S21404D9E0001E00003C410B0100148C00141A212870
S21404D9F02E343B42495043557698BA0C28690000A9
S21404DA00010000000721286414171A002004C869BE
S21404DA10A1203A093C42010129000000A08002012D
S21404DA2070780300D5C00000A8800111F001000042
S21404DA30A88001310542CB01AC800111F001000041
S21404DA40AC80013105228D00B08001010003000284
S21404DA50FFFFFFFFFC1F010394DD04001CC0011040
S21404DA6000F807001CC00130F502080050C0010091
S21404DA708741300C2440060107C052000000000015
S21404DA80000000000000000300000000000000008A
S21404DA90584001016402FF00804005014B01A008C4
S21404DAA09BC34A74F003000000000000000000005E
S21404DAB0E040010133000000F040040100000000D3
S21404DAC0640483078813C83A9C200A00284101018D
S21404DAD0031000003C410B010000000000000000A1
S21404DAE0000000000000000000000000000000002D
S21404DAF0010000000000000000000000000000001C
S21404DB00000000003C42010100000000A080020169
S21404DB1070780300D5C00000A8800111F001000051
S21404DB20A88001310542CB01AC800111F001000050
S21404DB30AC80013105228D00B08001010003000293
S21404DB40FFFFFFFF0C400200018014007F4000002E
S21404DB5020400200000000000000000030400700E3
S21404DB6000000000000000000000000000000000AC
S21404DB700000000000000000A00700005040010064
S21404DB80000000005C4002000000000000000000EE
S21404DB90A840010007000000B44004000040000054
S21404DBA0FF4C000000410000FF4D000008C00100CB
S21404DBB00000000020C00110FF00000020C001305B
S21404DBC00043000024C00400EC80B3034375A8029D
S21404DBD0000000002E02000054C003000E2D09E6CB
S21404DBE054060708D1B6020064C0080004300000DA
S21404DBF040201006C8F248181FE8F600BD4B721500
S21404DC0011A3180510325476980A000088C0010043
S21404DC1000000000080001010407000018000101CC
S21404DC200000000020000101088400001C400201DE
S21404DC301000000020F913045C40050141080000B0
S21404DC4001000000B0070800A70000000000000064
S21404DC50944007010101103050707F7F00000000DF
S21404DC6000000000000000000000000000000000AB
S21404DC70E440010100000000EC4001017DA8D98BBE
S21404DC800041020100612000B75635120C41030121
S21404DC90F95412002030042988BB400024410101B5
S21404DCA000000000304103016406660C0C0100000D
S21404DCB0E853FA006841030164048307881382006A
S21404DCC00000000030420301000000000000000EC7
S21404DCD00000000044420101000000001080010121
S21404DCE00300000038800201114910000100000002
S21404DCF088800101000000009C800101EB400200C6
S21404DD00B48001013700000188000202000C000400
S21404DD104C0000009400010200040000D00002023F
S21404DD200E00000090029608E40001023D09420439
S21404DD30F400010200000000180101026000510214
S21404DD40FFFFFFFF1200000066666600000000008A
S21404DD50F8DD0400E8DD040000000000001A9A0064
S21404DD60005A620280841E000420FE0011495002FC
S21404DD70000000000000000000000000000000009A
S21404DD8000000000B1841E00000000000000000037
S21404DD900000000012000000666666000000000036
S21404DDA0F8DD0400E8DD0400000C0000001A9A0008
S21404DDB0005A620280841E000420000011495002AA
S21404DDC0000000000000000000000000000000004A
S21404DDD000000000B1841E000000000000000000E7
S21404DDE00000000005040000E1190000E11900002D
S21404DDF00000000000000000193F010604100100A6
S21404DE0000010106001027000009000000000000C1
S21404DE10000000003DC90100EDC80100F9C801007A
S21404DE20E9C9010087A4030021AA030025AA030068
S21404DE3029AA03002DAA030031AA03000001030443
S21404DE4064EE01001000000024E101001A00000046
S21404DE5079EB01001100000075E4010011000000D8
S21404DE6063E511000400000023E111000400000033
S21404DE7025E101000800000026E101000A00000078
S21404DE8027E101000200000000000000000000007E
S21404DE9000E00400EFDF04000000000001E00400DE
S21404DEA02BA304000000000025A3040027A30400FD
S21404DEB00000000029A30400CDDF040016E00400DF
S21404DEC02CA3040026A30400000000002AA30400D8
S21404DED0E4DE040023A3040024A3040028A304000F
S21404DEE022A30400000203040508090A0B00010229
S21404DEF00304051D2000B40108020200AA00FFFF67
S21404DF00FFFFFFFFFFFFFFFF390703007126020034
S21404DF10DD5502005D3A0300ED58020053B10300DC
S21404DF2055B1030057B1030059B1030025D10200CF
S21404DF3095A602003DEE0200F9330300FD450200FB
S21404DF404FB1030021AB0200AD24030011370200D9
S21404DF5051B10300039A0300093E0200D96E030080
S21404DF600000000000130000000000000000000095
S21404DF70000000000100000009AF020002000000DB
S21404DF80C9C203000300000061AE020004000000E2
S21404DF9043C203000500000001AE020000000000BA
S21404DFA0000000000023001B2200FF000000000009
S21404DFB00C090202000000001C1A0B0303FF0608EB
S21404DFC00402020204020A0B030302030480FF0293
S21404DFD004FF010101010800000000000000005ACF
S21404DFE06967426565416C6C69616E63653039804A
S21404DFF00000183810300000000000008F8E8C805F
S21404E00081815A6967426565416C6C69616E6365B6
S20C04E010303906080C108000EC
S20C04E018C46CFB7F010000004C
S21004E0202CE00400106A0020DB01000065
S21404E02C0000000000000000FFFF000001000000DC
S21404E03C00000000000000000000000000000000CB
S21404E04C00000000000000000000000000000000BB
S21404E05C00000000000000000000000000000000AB
S21404E06C000000000000000000000000000000009B
S21404E07C000000000000000000000000000000008B
S21404E08C000000000000000000000000000000007B
S21404E09C000000000000000000000000000000006B
S21404E0AC000000000000000000000000000000005B
S21404E0BC000000000000000000000000000000004B
S21404E0CC000000000000000000000000000000003B
S21404E0DC000000000000000000000000000000002B
S21404E0EC000000000000000000000000000000001B
S21404E0FC000000000000000000000000000000000B
S21404E10C00000000000000000000000000000000FA
S21404E11C00000000000000000000000000000000EA
S21404E12C0000000000000000000100000000F001E8
S21404E13C0800000008100020010023010400000061
S21404E14C10100020060030010100000014100020FE
S21404E15CFFFFFFFFC0EA2101C0EA21010080000096
S21404E16C00F04902586B002000600B000080000091
S21404E17CF0380020C8000000FE000000000000007C
S21404E18C5C94040018100020FFFFFFFF1098040096
S21404E19C330000003DF4000033000000A9730300B4
S21404E1ACA5130400A9130400B6130400C313040037
S21404E1BCD0130400DD130400F0130400021404004E
S21404E1CC0F1404001C140400291404003E14040048
S21404E1DC5114040063140400781404008714040017
S21404E1EC98140400A7140400B7140400C314040001
S21404E1FCD0140400E0140400F21404000115040006
S21404E20C10150400191504002E15040043150400FB
S21404E21C581504007815040086150400A51504008A
S21404E22CC0150400D3150400E0150400F51504000D
S21404E23C04160400131604002516040037160400EE
S21404E24C4A1604005D160400731604000000000051
S21404E25C0F000000FF00000000000000000000009B
S21404E26C0000000000000000000000000000000099
S21404E27C000000000030E70400C81803E41E040085
S21404E28CE91E0400161F0400411F04006F1F04003F
S21404E29C9D1F0400CC1F0400F91F04002920040051
S21404E2AC59200400A9200400FFFFFFFF00F8030018
S21404E2BCFFFFFFFF0000040000000400005C2605BE
S21404E2CCB46C00200600000018BA0400000000001D
S21404E2DC0100190001000000784400200100190018
S21404E2EC0100000078440020010019000100000021
S21404E2FC7844002001001900010000007844002036
S21404E30C01001900010000007844002001001900E7
S21404E31C01000000784400200100190001000000F0
S21404E32C7844002001001900010000007844002005
S21404E33C01001900010000007844002001001900B7
S21404E34C01000000784400200100190001000000C0
S21404E35C78440020010019000100000078440020D5
S21404E36CF4480020000000000000000090A3040005
S21404E37C30500020686D0020F0520020E791040015
S21404E38C0600000000000000000000000000000072
S21404E39C78BA040090BA0400F2910400B64A040059
S21404E3ACFE000000986D00200000000000530020C2
S21404E3BC68530020D053002000000000000000002A
S21404E3CC0000000000000000000000000000000038
S21404E3DC0000000000000000000000000000000028
S21404E3EC0000000000000000000000000000000018
S21404E3FC0000000019A0030064BC0400FFFFFFFF2C
S21404E40C5DA3030059A30300FFFFFFFF61A30300F2
S21404E41CFFFFFFFF69F40100FFFFFFFFFFFFFFFF95
S21404E42CFFFFFFFFFFFFFFFFFFFFFFFFFFFFFFFFE7
S21404E43C0000000020A1070000000000A5E5030072
S21404E44C00000000000000000000000000000000B7
S21404E45C00000000000000000000000000000000A7
S21404E46C10590020651C0200F5350200B64A04005B
S21404E47C0000000000000000000000000000000087
S21404E48C10590020FD22020000000000B64A0400C9
S21404E49C0000000000000000000000000000000067
S21404E4AC10590020412D0200F5350200B64A04002E
S21404E4BC0000000000000000000000000000000047
S21404E4CCDF92040010590020993A02000000000064
S21404E4DCB64A040000000000000000000000000023
S21404E4EC00000000105900201D4F02000000000020
S21404E4FCB64A040000000000000000000000000003
S21404E50C00000000105900208D540200000000008A
S21404E51CB64A0400000000000000000000000000E2
S21404E52C0000000010590020896902000000000059
S21404E53CB64A0400000000000000000000000000C2
S21404E54C00000000B80B000010590020F96E020001
S21404E55C00000000B64A04000000000000000000A2
S21404E56C000000000000000010590020597A020038
S21404E57C00000000B64A0400000000000000000082
S21404E58C0000000000000000105900201D7C020052
S21404E59C00000000B64A0400000000000000000062
S21404E5AC0000000000000000105900204BB80300C7
S21404E5BC00000000B64A0400000000000000000042
S21404E5CC00000000000000001059002045820200E4
S21404E5DC00000000B64A0400000000000000000022
S21404E5EC000000000000000010590020B58802004E
S21404E5FC00000000B64A0400000000000000000002
S21404E60C000000000000000010590020CDC40300D8
S21404E61C00000000B64A04000000000000000000E1
S21404E62C000000000000000010590020EDED020070
S21404E63C00000000B64A04000000000000000000C1
S21404E64C0000000000000000105900205D060300C6
S21404E65C00000000B64A04000000000000000000A1
S21404E66C0000000000000000D5CD03001059002067
S21404E67C69340300F5350200B64A040000000000B5
S21404E68C00000000000000000000000010590020EC
S21404E69C2D3B030000000000B64A040000000000F6
S21404E6AC000000000000000000000000FFFFD00780
S21404E6BCB80B0000FFFFFFFFCEFAEFBEFFFFFDFF17
S21404E6CCFDFF0C002C01001E2C01400680001027B8
S21404E6DCFFFF04F8FFFF0C000000000000004000E1
S21404E6ECFDFF2C019C000000FFFFFDFFFFFFFFFF5A
S21404E6FC60EA8000800010C1CDAB0A013201FFFF36
S21404E70CFFFFFFFFFFFFFFFFFFFFFFFFFFFFFFFF04
S21404E71CFFFFFFFFFFFFFFFFFFFFFFFFFFFF01FFF2
S21404E72C05FFFFFF0101FFFF0201FFFF640250FF1C
S21404E73C0F010208031E0605021601010A0C052029
S21404E74C07051010010F080410010601010104FF4F
S21404E75C030101FF0C01FF405AB47F015040300006
S21404E76CFFFFFF0B03FF050B0101FF03010305026B
S21404E77C0201FFFFFFFFFFFFFFFF010102FFFFFF88
S21004E78C40FF0101BD4C0000954C00004D
S804007D611D
