S01B00006275696C642F72656C656173652F7A69676265652E73333714
S21400600008100020859E0000A5E60000EB6E030049
S214006010EB6E0300ADE60000B5E60000EB6E030095
S214006020EB6E0300EB6E0300EB6E0300EB6E0300FB
S214006030B9E60000ECB20400EB6E0300EB6E030062
S214006040EB6E0300EB6E0300EB6E03005599000049
S214006050EB6E0300EB6E0300EB6E0300EB6E0300CB
S214006060EB6E0300EB6E0300EB6E0300EB6E0300BB
S21400607025EC0000EB6E0300EB6E0300EB6E0300F6
S214006080EB6E0300EB6E0300EB6E0300EB6E03009B
S214006090EB6E0300EB6E0300EB6E0300EB6E03008B
S2140060A0EB6E030051A2000031A20000EB6E03006D
S2140060B0EB6E0300FD2A0200EB6E03006135020062
S2140060C0EBC70300E7C703003D2D020001C803002D
S2140060D0EFC7030031350200F3C70300A135020005
S2140060E00D3C0200091902000D360200EB6E03009B
S2140060F0EB6E0300EB6E0300EB6E0300EB6E03002B
S214006100EB6E0300EB6E0300EB6E0300EB6E03001A
S214006110EB6E0300EB6E0300EB6E0300EB6E03000A
S214006120EB6E0300EB6E0300EB6E0300EB6E0300FA
S214006130EB6E0300EB6E0300EB6E0300EB6E0300EA
S21400614082B030BF074BD3F8F030DB0704D500230E
S2140061500193019B052B01DD02B07047019B0133C3
S214006160F6E700BF00ED00E0F0B5114A114C124E04
S21400617000F00105E3695F0713D40DB9334213D16C
S21400618003EA00078F4207D10B4A1A40002A14BFC1
S2140061906FF001000020F0BD013AEBD16FF0020075
S2140061A0F9E74FF0FF30F6E76FF00100F3E700BFC6
S2140061B08096980000000350020001000B4B70B55B
S2140061C0D96911F480310DD101244FF48072084E44
S2140061D0084DF46020462C641A61FFF7C5FF34644E
S2140061E0EC6070BD6FF00100FBE700BF00000350DD
S2140061F000100350002003504FF4003238B50F4B08
S2140062000F4C9A6641F671330122E569E3630D4B44
S2140062100021DA60022360612120236105F48035C5
S214006220FFF7A2FF10B92120FFF79EFF0122064BC1
S214006230DA600DB10023E36338BD00BF0090005064
S21400624000000350001003500020035070B5134C9C
S2140062506061E3695B071ED40E4656F8043B8D1852
S214006260A361AE420BD10423002121202361FFF756
S2140062707BFF58B9BDE870402120FFF775BF0821A5
S2140062800846FFF771FF10B10423236170BD56F86E
S214006290043BA361E5E74FF0FF30F7E7000003504B
S2140062A02DE9F84315464FF40032184B89469A6696
S2140062B041F6713203F51C33DF69DA6301220646C4
S2140062C003F58053DFF84C8007F48037DA6055B961
S2140062D0284601220E4BDA601FB10022A3F50053B8
S2140062E0DA63BDE8F88306F5005404EA0804A41B44
S2140062F0AC4228BF2C46494622463046FFF7A6FF4A
S2140063000028E6D12644A1442D1BE0E7009000506B
S20C0063100020035000E0FFFF2F
S2140063182DE9F04F4FF0FD0BC9B09A460DF11B0959
S2140063289DF8503108AFCDF80C90CDF808B001971D
S214006338059303890446009383790E469046418860
S2140063488288407812F01AF9054650B10090A38862
S214006358002062883A4912F055FC284649B0BDE844
S214006368F08F99F8000033F016FD38B12846A38858
S2140063786288344912F046FC8D25EEE75A463946BF
S21400638899F8000033F0AFFC8346002851D0529BA2
S2140063981BB1BDF84C3198424BD8002399F80090B1
S2140063A80793A9F14102012A5FFA8BF123D83846F0
S2140063B80139254ADFF898C05FFA81FE734513DB7A
S2140063C8059B04210792C3B907AF18221F489FED03
S2140063D81A7B02FB060420460A460830394684ED36
S2140063E8027B17F091FA11E010F8011F01335140B3
S2140063F80CFB01F2E2E7059B33B123464A463846D2
S21400640800960FF0E3FFA8E70829DED9B8F1000FD9
S21400641801D088F80090BAF1000F01D0AAF800B0B1
S214006428529B002B99D05A46184608A917F06CFAC2
S21400643893E7012591E700BF000000000000000078
S214006448795C0400AE5C0400C59D1C8180100020A9
S21400645893010001000000002DE9F04F93B0CDE94C
S2140064680A32DDE91C530E9353EC102BCDE90801D4
S214006478104619468DED060B1E9E16F0CFFC80B111
S214006488DDE906014FF0FF32C54B16F0EFFC40B9C8
S214006498DDE906014FF0FF326FF4801316F0C8FCF2
S2140064A870B1DDE908019DED060B0E9B1E96CDE941
S2140064B81C53DDE90A3213B0BDE8F04F00F088B986
S2140064C80022DDE90601002316F0B2FC002800F0E1
S2140064D83381DDE906A303F1004BCBF30A5016F42B
S2140064E88063A0F2FF3008BF06250F9316F0C4F9A4
S2140064F89BA3D3E9002316F029FA9BA3D3E900232C
S21400650816F06EF8CBF31304894644F07F518046A4
S2140065180022A44B504641F4401116F05FF894A3AD
S214006528D3E9002316F012FA02460B4640464946BF
S21400653816F056F816F0A4FC044616F09DF98EA33D
S214006548D3E900238046894616F000FA0022964BC7
S21400655816F046F816F094FC89A3D3E900230746FC
S2140065684946404616F0F2F980463846894616F0FF
S21400657883F985A3D3E9002316F0E8F902460B460B
S2140065884046494616F02AF802460B46CDE90C2343
S21400659816F0DCF9DDE90C238046894610461946D4
S2140065A816F01EF80022CDE91001804B40464946F9
S2140065B816F0F6FA00227E4B16F012F802460B4644
S2140065C84046494616F0ECFA00227A4B16F008F8D0
S2140065D802460B464046494616F0E2FADDE90C2329
S2140065E88046894600204FF0804115F0F7FF0246A6
S2140065F80B464046494615F0F3FF02460B46DDE9D2
S214006608100116F0CDFA07F2FF3700226A4B15F094
S214006618E7FF00223B0516F099F952465B4680468E
S214006628894616F023FC002840F08980CDE90C89BD
S21400663804F16303C62B8CBF0527042731051BD539
S21400664853A3D3E900235046594616F005FC002804
S2140066587FD051A3D3E900235046594616F0E8FBED
S214006668002876D00027A542C6BF2C1B04F1FF35AC
S21400667800253C4646F480660E9B9F422CBF4FF092
S2140066880008A3EB070816F0020903D0002F18BF6E
S2140066984FF000083CB1DDE90C235046594616F089
S2140066A87FFA82468B46DDE906010022002316F0B3
S2140066B8BFFB10B10BF100439B46DDE9080126F449
S2140066C80063CDE90183DDE90A324BEC10AB009597
S2140066D800F07EF802465FB3DDE9091316F0200FD6
S2140066E800F10105089E0CBF65204520B047DDE98E
S2140066F808010523002205930A23002CCDE902325F
S21400670807F1FF374FEAD473B8BF64422A460193AD
S21400671804970A9B009435F0ACFA0246B9F1000FCC
S21400672806D00B9BC41A0B9B1A190E9BA34245D87E
S214006738104613B0BDE8F08FDDE906ABCDE60022C3
S214006748404649461A4B16F02BFA013CCDE90C0197
S2140067586EE7002D90D00F9B002B8DD0013D8BE768
S214006768FB799F501344D33FB3C8608B288AC63F33
S21400677861436F63A787D23F71A379094F930A4095
S2140067881655B5BBB16B0240EF39FAFE422EE63F0E
S2140067982D431CEBE2361A3F0000000080842E4191
S2140067A8FFFFEF7F0000F83F0000E03F00002C40AE
S2140067B800002440000018400000F03F2020DDE9DB
S2140067C80913089DA8470134ADE700BF0000000084
S2140067D82DE9F04F5BEC10AB97B0CDE90501DDE98C
S2140067E82058CDE90723504652465B465946229F15
S2140067F816F014FB70B90323CDE902870193AA4B60
S2140068080093DDE90501DDE9072335F064F917B0E3
S214006818BDE8F08F4FF0FF326FF4801350465946AC
S21400682816F006FB28B10423CDE9028701939F4B97
S214006838E6E74FF0FF32504659469D4B16F016FBDA
S21400684868B19C4A07F00403002B08BF03229A4B42
S2140068581CBF13460422CDE902870192D0E75046B2
S2140068688DA3D3E90023594616F000FB38B98CA34C
S214006878D3E900235046594616F0DAFA68B1DDE93E
S2140068880723DDE905014BEC10ABCDE92187209500
S21400689817B0BDE8F04FFFF7DFBD002200235046D3
S2140068A8594616F0C5FA002800F091805B46524615
S2140068B80020002115F092FE012382468B4609939C
S2140068C817F4806400F08580092D40F28580002446
S2140068D830210EABA5F109020134202C03F8011B68
S2140068E8A5EB040901D09442F6D15946504616F055
S2140068F8C7FA724B054603EBC90393ED007B8DED93
S2140069080A7B15F0B9FF02460B465046594615F065
S21400691865FEDDE90A2316F019F802460B46CDE9AE
S2140069280C2316F0D5FA064615F096FF02460B46D7
S214006938DDE90C0115F052FE02460B46CDE90C23A4
S21400694800225F4B16F092FA002848D001363046EF
S21400695815F082FF02460B46DDE90A0116F072FAC8
S21400696808B100260135B9F1000F45D1284615F0C3
S21400697883FF02460B465046594615F02FFE002266
S2140069884F4B16F055FA10B9E90700D501350A211C
S2140069980EAB1A19202C0AD095FBF1F001FB105506
S2140069A8303502F8015B013405460028F2D107F0BD
S2140069B80302012A55D1B8F1000F52D0099A12B92C
S2140069C817F00C0F01D008F1FF38302240E009908C
S2140069D876E74FF0060988E7A946002485E70022EF
S2140069E8DDE90C01364B16F023FA0028BBD10EB1B0
S2140069F8F007B8D50136B6E70A210EAB1A19202CCF
S214006A080DD0B6FBF1F001FB1063092E03F130033D
S214006A1809F1FF3904F1010402F8013B11D83021CD
S214006A28A1440EAA202CB2D04C4504F101030AD189
S214006A3804F158020DEB02042E2204F8202C1C4602
S214006A48A5E70646DBE7A1541C46EBE71A550134D2
S214006A58444506D2202CF9D1CDE9028701940EAB25
S214006A68CEE6202CF8D0099B3BB12D2204F1580322
S214006A786B4403F8202C0134EEE77A0704D504F1BA
S214006A8858032B226B44F4E73B07E5D504F158037B
S214006A9820226B44EDE700BF0000000065CDCD4125
S214006AA80000000065CDCDC1687A04006C7A040049
S214006AB8FFFFEF7F5F7A0400647A0400E8C10400F1
S214006AC80000E03F0000000070B58EB02C220021C8
S214006AD803A816F089FD64234FF002320893CDE927
S214006AE805230B2301218DF834305B4B8DF81010ED
S214006AF81D880D4040F0A980084639F08DFB0A2213
S214006B08564B574C1A704FF42873ADF812304FF0A6
S214006B18FF332360534B54491B8820460B82534B44
S214006B28534A1B68CD828B61524B0D621B884B8281
S214006B38514B1B68CB611CF031FE20B14FF41B7122
S214006B484E483AF03CFC0521206835F0F0FE20B1AE
S214006B5840F27D2149483AF032FC206815F0FAFCEC
S214006B68474B2068196835F05CFA0C2539F0BCFFED
S214006B786843099039F0B8FF68430DEB05010790A4
S214006B88206817F0CDF920B140F295213B483AF03D
S214006B9816FC25681FF09EFB00220146284635F0A5
S214006BA8B8FA20B140F2972134483AF008FC40F28F
S214006BB80353344D344E2B80052396F90000AB70F2
S214006BC87F2801D11DF0D2F83378EB7039F08CFFAE
S214006BD800EB80008000A88039F086FF0023C00004
S214006BE84FF0FF31E880AB604FF0FF3018A3D3E9D1
S214006BF8002339F063FC2549206835F043FA2068FD
S214006C0802A935F03BFF20B14FF434711B483AF027
S214006C18D6FB042220680DEB020135F0D7F90428CC
S214006C2804D040F2D72115483AF0C9FB01A9012043
S214006C3834F0A2FD07F076FD01201DF029FD30F0A6
S214006C483EFF1DF04FFD1DF029F80EB070BD00BFC9
S214006C580A0020FF42030000725F0020D66600206C
S214006C68A45700200CDB0400D46D002014DB0400BD
S214006C78490204000ADB040010DB040097B1040094
S214006C881C6B002098570020F0700020BD020400FE
S214006C980348044B834202D0034B03B1184770479E
S214006CA8247100202471002000000000064B0749CC
S214006CB8C91A891048BF0131491003D0044B0BB1DB
S214006CC801481847704700BF24710020247100202F
S214006CD80000000010B5064C237843B9FFF7D8FF2C
S214006CE8044B13B10448AFF300800123237010BD92
S214006CF870160020000000004C16050008B5044B6E
S214006D081BB104490448AFF30080BDE80840CDE74E
S214006D1800000000741600204C160500A3F5803A03
S214006D28704700BF154B002B08BF114B9D46FFF759
S214006D38F5FF00218B460F461148124A121A16F024
S214006D4853FC0C4B002B00D098470B4B002B00D065
S214006D5898470020002104000D000B4816F08AFF13
S214006D6816F01AFC200029002FF016FE16F070FF09
S214006D7800000800000000000000000008100020C6
S214006D88081000203C670020E5DC010007B501215B
S214006D9820200DF1070201F097F850B101212020BC
S214006DA80DF107028DF8071001F09EF803B05DF8A4
S214006DB804FB9DF807100129F8D00122084815F0B1
S214006DC8F5FA01210DF1070220208DF8071001F0D1
S214006DD88BF82FF056FD4FF4FA6000F0BDFEE5E79D
S214006DE81018040038B501F007FA012805D001F09C
S214006DF803FA022801D001F025FA064D2B783BB994
S214006E0801F0FAF90128044602D12FF0BCFD2C70D7
S214006E1838BD00BF5E60002010B5044600882FF01D
S214006E2804FDA37884F84400834202BF0123E3707C
S214006E382371074B04F11C00C4E9073401F09AF8E3
S214006E48224620880349BDE8104000F0D7BF00BF9F
S214006E589B6503006565030070B5C37804460D4658
S214006E681646002B34D1D1B1214815F09FFA0123DC
S214006E78E370E36CA6600BB1E06D9847E368F61A1A
S214006E8863699E4221D2217E1A480131C9B2217611
S214006E9815F08CFAA36D13B1217EE06D9847E57066
S214006EA82FF002FD15B3237903BBA268238A801A44
S214006EB883421BD801231048237115F077FA236DF7
S214006EC8A3B1E06DBDE87040184701232376E6E7D6
S214006ED80029E4D1094815F069FA636DE660E570A3
S214006EE82571002BDBD0E06D9847D8E770BD00BF52
S214006EF838180400491804007718040064180400B9
S214006F0810B50446054BC0E903300C3001F032F8E2
S214006F182046BDE810402FF094BB00BFE76503008D
S214006F2810B501790446B1FA81F1008849092FF0B5
S214006F38DFFB21796088B1FA81F149092FF0D8FB87
S214006F48034B1A68A24204BF00221A6010BD00BF95
S214006F588C16002070B543790446A3B100880E4EFF
S214006F6804F10805336813B10C4B1B786BB1217913
S214006F782FF0BEFB64210A4B3460A3602846BDE8A8
S214006F8870402FF088BC4088E9E7064815F00EFAEE
S214006F98054B3221A360F1E78C1600205F600020C5
S214006FA8296F00008D1804005D6F000010B50446B8
S214006FB8E0B10F4815F0FAF901236371A37953B9C4
S214006FC8217920882FF094FB236B7BB1606B01211D
S214006FD8BDE8104018472046FFF7A2FF04F1080056
S214006FE82FF05EFC2046FFF7B5FFEDE710BD00BFAB
S214006FF8C318040010B50446F8B1104815F0D6F9C1
S21400700800236371A3796BB921792088B1FA81F1DD
S21400701849092FF06DFB236B7BB1606B0021BDE83F
S214007028104018472046FFF77BFF04F108002FF0B2
S21400703837FC2046FFF78EFFEDE710BDCE1804009C
S21400704810B5044668B1074815F0B0F963792046CC
S2140070581BB1BDE81040FFF7CDBFBDE81040FFF7F5
S214007068A5BF10BDDA18040010B50E4C0E48214610
S21400707815F09CF982210D4815F098F98221022016
S214007088A21E00F031FF014630B134F8022C084841
S214007098BDE8104015F08AB90648BDE8104015F05E
S2140070A885B900BFF6580020E91804000419040042
S2140070B80F1904005319040038B5114C82212246D2
S2140070C8022000F001FFA51C014688B122880D4861
S2140070D815F06CF92A460C4B03F12C0153F8040BF7
S2140070E88B4242F8040BF9D11B7813702C232380AB
S2140070F835F8021C054A0648BDE8384015F056B96A
S214007108F45800205E190400DE190400F658002022
S214007118BC190400034B1B781BB18B4201D82FF017
S214007128B0BB70479270002010B5044601460E4862
S21400713815F03CF9012C11D10C4B0D481A884FF666
S214007148FF739A421EBF0022094B5A742FF0B6FAF4
S21400715801F05CFEBDE8104001F02EBD0448BDE815
S21400716810402FF0ADBA00BF0B1A04004470002080
S214007178A86A002070B500241A4D1B4E3378A34227
S2140071881BDC0024194D1A4E3378A3421BDC00245E
S214007198184D194E3378A3421BDC01F02DF8012850
S2140071A816481CD12FF08AFA01F030FE01F004FDD3
S2140071B8BDE87040124801F03FB82846FFF72CFE9D
S2140071C801346035DAE72846FFF79AFE013434358D
S2140071D8DAE728462FF091FA01343835DAE72FF047
S2140071E86FFAE5E728250020666000204829002079
S2140071F867600020F822002065600020A86A00204A
S214007208317100002DE9F04F87B0FFF755FFB34BFB
S21400721805A805932FF095FA054616F0E1F8B04C48
S214007228C2B21F2A627004D9AE4815F0BFF800F043
S21400723887FC2946A01C16F067FB05A82FF081FAE4
S214007248054616F0CDF8C2B21F2A84F8212001D9C7
S214007258A548EAE7294604F1220016F055FB05A8DA
S2140072682FF06FFA3225044600262778002F40F0C4
S214007278B2809E4DFFF77EFF2B789D4C01932378B6
S214007288DFF890A2DFF8A8829A4E00939AF80030AA
S21400729898F800203178984815F088F8307898F8EB
S2140072A8002029789AF80050831824782B44934DA8
S2140072B82344BC462C460B44DBB2B84200F3438357
S2140072C8002427468E48A14200F34883012B38BF86
S2140072D801238C4F02933A4600233C464FF48271B2
S2140072E84FF6FF7902980133834213705180A2F853
S2140072F8049002F10C02F5DB834B82497848A360C0
S21400730801F08CF8E079A36800EB400003EB8000FE
S21400731800F024FEE3790133E3717C4B1B884B4570
S21400732803D078497A4801F07DF94FF00009764C89
S21400733833784B4500F31B8300274FF00C09DFF822
S214007348F4B1704D98F800203178BA4200F32283E1
S21400735802EB01090C2100274FF0940B01FB0951A1
S2140073686C4B18786C4AB84200F331830C214FF006
S21400737800094FF0700B98F8003037781F44074420
S21400738801FB07515A4B1878644A484500F3348382
S21400739898F80030367800271E449AF800304FF0E8
S2140073A868081E440C23064403FB06554F4B1B78FF
S2140073B8BB4200F337830299524800F05DFE059BF6
S2140073C846491A468B4240F04183554807B0BDE807
S2140073D8F04F14F0EBBF532F0FD163784C2B40F0CF
S2140073E85181A378502B40F04D8101224D4B1A70E5
S2140073F805A82FF0A6F9044637E7442F13D163787B
S214007408303B092BF4D8601C2FF0A8F9464B474AA6
S2140074181978002385B2994202F16002E8DD22F865
S214007428465C0133F7E7422F0CD16378542B40F0C3
S2140074388380A01C00F030FD344B188018462FF0CF
S2140074486AF8D5E7582F33D8412FD1D9433F152F9F
S214007458CED801A353F827F0C1780000F9730000CE
S214007468F9730000F9730000F9730000F97300005F
S214007478E1750000F9730000F973000095750000C7
S214007488CB740000F9730000F9730000F97300006C
S214007498F97300003B7700008D760000F973000052
S2140074A8F9730000F9730000F9730000C177000053
S2140074B8692F9DD1601C2FF051F980B22FF0DDF9AD
S2140074C896E70C4B0120197800230C4A994202F1E2
S2140074D8A8028DDD02F8A60C0133F7E7F65800205F
S2140074E8BC6900202A1A0400411A040063600020C0
S2140074F86060002064600020511A04004C200020C0
S214007508AC1E0020E0160020A017002044700020C3
S2140075189016002061600020F01B0020A01A0020B2
S214007528B41A04005F60002066600020282500204A
S21400753862600020AC1D0020601C00F0ADFC074611
S214007548E01C2FF083F901210446024638462FF046
S21400755839F96021C748DFF838C30278A4F1030E6A
S21400756851430CEB01032CF801704FF4FA611982B1
S2140075784FF44871DEF100045961BF4944EB0E042C
S21400758801325D8319659C70027031E7601C00F05B
S21400759883FC00224FF034088146B84F11462FF07E
S2140075A811F93878B64E08FB00F326F80390F2185F
S2140075B8E3781046693B18BF01239370FFF7A0FCD9
S2140075C83B78B04A03FB0866002116600126516026
S2140075D8167433443B700BE7601C00F05DFC002219
S2140075E8114681462FF0EEF83422A44FDFF8908239
S2140075F8387802FB00F328F8039008EB0301E378D9
S2140076080846693B18BF01238B70FFF779FC9E4A32
S21400761800231046916B29BB00EB831034233A787D
S21400762802FB03838363994A00231046D2F8A4100A
S214007638F1B9A82202FB030034233A7802FB03833D
S214007648C0F8A4305EB98F4A3346114652F8040B88
S214007658A0B93422387800FB028241F823203B7810
S2140076680133B7E70133042B02F14002D2D1DAE73F
S2140076780133042B02F1A802D8D1E3E70133042B27
S214007688E4D1ECE7601C00F007FC8046E01C2FF015
S214007698DDF801210446024640462FF093F86022A2
S2140076A874487B4F0178A4F1030C4A43BB1827F8AB
S2140076B802804FF44872DCF1000444EB0C049C7022
S2140076C8A8241A825A61DFF8E4C1724A5D839A6573
S2140076D89CF80030DFF8B4E15C430EEB04020EF8C9
S2140076E804304FF40074548003241471947101EB31
S2140076F8410401310170682107EB441732246648BB
S2140077080133DBB253718CF80030037882F8A0405E
S2140077185943624C976063546218022151800521D0
S214007728517143F2FF210133DBB21371D18003702C
S2140077385EE6601C00F0B0FB00224FF0380A94F8B2
S21400774803908346B9F1690918BF4FF00109DFF8BD
S214007758608111462FF036F898F80030504F0AFB33
S21400776803F3FA1827F803B082F80490E37883B195
S214007778692B0ED0E01C00F08FFB00221146044651
S2140077882FF020F8012298F800300AFB03735C807B
S2140077989A7144483C4A03789901535498F8001063
S2140077A802EB8314C1EBC10207EBC2074A1C6763EE
S2140077B888F800200133BAE7601C00F06DFB8046AD
S2140077C8E01C00F069FB0746601D2FF03FF80446F2
S2140077D80246012140462EF0F5FF22463846012192
S2140077E82EF0F0FF4FF0600C4FF4487EDFF88490E0
S2140077F8274A99F800300CFB03F0111822F800808D
S214007808E01EDFF8908044424441A1F810E0C1F839
S21400781814E08C704D83C1F85880591CC9B20CFB13
S21400782801FC02EB0C008470942422F80C701E4FA6
S214007838A0F810E0C0F814E04583C0F85880981CFB
S21400784889F800003878DFF86CC0444303EB43033C
S21400785802EB43130CEB040E01EB4101CEF80430A7
S21400786802EB4112CEF808200CF8040001303870FC
S214007878BEE500BF6660002035670300676000202D
S21400788848290020A86A0020AC1D00204C200020B3
S214007898282500201D71000063600020AC1E002013
S2140078A8F8220020626000206160002064600020EA
S2140078B865600020F01B0020601C00F0EDFA804692
S2140078C8E01C00F0E9FA002264790746693C114694
S2140078D8404618BF01242EF075FF00223846114690
S2140078E82EF070FF3820DFF88CC15D4A9CF8003017
S2140078F800FB03FE22F80E804FF0000802EB0E0194
S2140079080C7181F80680591CC9B2484302EB000E78
S2140079188EF8044070241752524F981C8CF80000BA
S2140079283878DFF854C14443C3EBC3038EF80680A7
S21400793802EBC3030CEB040EC1EBC101CEF8043016
S21400794802EBC1028EE794F805E00137964584BF3E
S21400795884F804C084F805C0A834AEE490F804C0DF
S2140079680134944584BFC77007716830ABE4B9F139
S214007978000F06D017F8053C03EB430304EB83041B
S214007988BC603946284601F089FC09F10109A8358A
S2140079980C37CDE479180AD04A1E09FB0252D27970
S2140079A802EB420204EB820409FB0152946058463B
S2140079B809FB015101F0BCF931782B48394409FB21
S2140079C8015101F0DFF801370BF1400BBAE417EB71
S2140079D8090F18BF11F8050C03911EBF00EB4000F5
S2140079E804EB80048C600BFB072000F0E3FF039990
S2140079F81E4B01370C31B4E419EB070F18BF11F80A
S214007A08050C03911EBF00EB400004EB80048C605D
S214007A180BFB092000F0A2FE0399124B09F101099D
S214007A280C31B0E4F74218BF15F8053C29461CBFD0
S214007A3803EB430304EB83040D4B18BFAC6008FB51
S214007A48073001F071FD01370C35AFE413F8011D5E
S214007A5800297FF4B5AC3B2102F8011CB0E400BF56
S214007A68F822002060600020EC22002061600020E0
S214007A78AC1E002065600020A01A002007B5012172
S214007A8821200DF1070200F01FFA18B99DF807200B
S214007A98024B1A7003B05DF804FB00BF927000201A
S214007AA807B5064B8DF80700187001210DF107027F
S214007AB8212000F019FA03B05DF804FB927000204C
S214007AC807B5022101200DF1060200F0FDF938B9CC
S214007AD8044814F06BFCBDF8060003B05DF804FB20
S214007AE80020FAE7D11A040007B50221ADF806000F
S214007AF80DF10602012000F0F7F9014610B103481F
S214007B0814F054FC03B05DF804FB00BFF21A04003E
S214007B1810B5FFF7D5FF04460146074814F046FCA3
S214007B280121064814F042FC24B9BDE810400120A3
S214007B38FFF7DABF10BD00BF221B0400341B040089
S214007B4808B5044814F032FC00F0DEF92EF099FE71
S214007B582EF094FE4A1B040038B50446084D094B1F
S214007B6828462B6000F006FA002C18BF2146284647
S214007B78BDE8384008BF4FF496712EF08CBE00BFA3
S214007B884C2A0020836703002DE9F043394D93B053
S214007B9808AC0746894690460FCD0FC40FCD002681
S214007BA80FC495E803000323012584E80300324C3C
S214007BB83248CDE90366CDE905668DF80E3007969E
S214007BC8029539F096FB2E4839F093FB32462D493C
S214007BD820468DF8176005F007F8334632462A49DE
S214007BE88DF81900009020468DF82390CDF82C804B
S214007BF88DF8216005F012F80A9020468DF8097075
S214007C0804F072FF204608AA05A905F02DF802AA76
S214007C18204603A92FF0D1FE4FF400721B4B5A6280
S214007C28194BE560626A920510D46BB94FF400727E
S214007C38164B11485A6204F057FF114839F05CFB9E
S214007C48002013B0BDE8F083013BEBE7002BEDD036
S214007C58094908A82FF0E4FE4FF400720B4B0648BB
S214007C685A6204F041FF064839F046FBBDF820008A
S214007C78E7E700BF9CB204000040005AECB40400DA
S214007C88E8B4040080841E0040420F000060005ADA
S214007C980122034B1870034B1980034B1A70704768
S214007CA8696000204C70002068600020F8B5454BDD
S214007CB81B780BB90020F8BD434B1B78012B03D16A
S214007CC8BDE8F8402EF05CBD404B1C884FF6FF73AD
S214007CD89C42EFD03E4839F00CFB0023260AE4B25B
S214007CE81A462146304604F0BFFE012E354604F0FB
S214007CF8010335D015D9B51E012DDBD8002B0BBFD7
S214007D084FF480754FF080754FF470614FF07061D6
S214007D180BBF01274FF480370F204FF470202D4BF0
S214007D2811E0002B0BBF4FF480754FF080754FF4B1
S214007D3870614FF070610BBF01274FF480370F203A
S214007D484FF47020244B1A6802401CD0BA421AD04E
S214007D581A680A4032D11A6822EA01022A4316E053
S214007D68002B0BBF4FF480754FF080754FF4706191
S214007D784FF070610BBF01274FF480370F204FF488
S214007D887020164BDFE71A6822EA00023A431A60A8
S214007D982EF0F6FC054600288CD0083644EA061075
S214007DA82A460321C0B2FFF7EFFE40F6FF7368438A
S214007DB800F2FF70B0FBF3F080B27CE795427FF4E8
S214007DC879AFC8E768600020696000204C70002022
S214007DD8ECB4040028C3035020C3035024C3035044
S214007DE810B5044C237823B9034839F082FA0123E6
S214007DF8237010BD6B600020ECB404002DE9F0433E
S214007E081F4C85B0074688469146FFF7E9FF23785A
S214007E181BB902F0CFF8012323707BBAADF80C30FB
S214007E2830220023174E02FB03F4315DA51901BB6F
S214007E38012333554FF0FF3304F110001249304444
S214007E48AB606F80C5F80480C5F80C9009F0AAFBF3
S214007E5804F10801042231440C4B009503A802F0F3
S214007E687FF9A96802460A4814F0A0FA05B0BDE8EA
S214007E78F0830133102BD6D1064814F097FAF5E7AD
S214007E886A600020742A0020AD670300BF670300FD
S214007E98571B0400851B040080B10278A2F1410339
S214007EA8032B0BD840783038C0B2082806D8054BC4
S214007EB8134413F8413C40EA032070474FF6FF701E
S214007EC8704700BFC4B2040008B50B4642B101466D
S214007ED80448006803F08CFABDE808402EF0C7BCDA
S214007EE8022008BD146B002008B50B4642B10146B7
S214007EF80448006803F004FCBDE808402EF0B7BC50
S214007F08022008BD146B0020F0B50026124F8DB075
S214007F18FF2300930A223346386802A92FF0F2FAA4
S214007F28C0B102AB1D4603EB800404E055F8043BE1
S214007F38B34228BF5E1CAC423868E9D9296803F00A
S214007F4865FD0028F2D02D28F0D00DB0BDE8F04031
S214007F582EF08DBC0DB0F0BD146B002028B1034B7D
S214007F680360034B436000238360704719000003D7
S214007F78BC6A0020FF2307B50021044A0093083096
S214007F8809F094FA03B05DF804FB00BF9968030093
S214007F980B460449024608680349097808B12EF0DA
S214007FA88ABC7047802D00206D600020F7B50C460F
S214007FB818B12921194839F002FA246823685E792D
S214007FC85F8830463946FFF7E3FFF0B18568E5B1CC
S214007FD8A089227D3946904291BF0020801AA36866
S214007FE880B294BF03469B18E27C00903046A847B0
S214007FF80138032803D8DFE800F0080F0B0D00242B
S214008008204632F032FC204600E0812003B0F0BD66
S2140080188024F5E79324F3E78724F1E7AD1B0400F3
S214008028F8B515460D4A044610680D4A0B461178F1
S21400803850B122462EF03FFC034628B100210C27FB
S214008048C678B14201DB0020F8BD07FB01F45A6888
S2140080581019125BAA42F7D00131F2E7802D0020F2
S2140080686D60002008B5034B1B6803B198470020D5
S21400807808BD00BF7C2D00202DE9F74F04460D46AD
S2140080880026454B454F1860454B197033010021B3
S214008098F85C013610F060F80C2EF7D10C2D28BFCE
S2140080A80C254FF0000901953C4EDFF800A13D4D28
S2140080B8DFF8FC80019B4B4502DC03B0BDE8F08F7F
S2140080C823784FF0000B337063887380A388B380DF
S2140080D8A379C6F80880B371E379C8F8005088F821
S2140080E804304FF00003A768A8F80630E3795B452C
S2140080F80ADC012116F8100B10F02EF808F1080813
S21400810809F101090C34D5E74FF0000338886B8174
S2140081182880FB784FF0000C2B81BA78C5F804A0AD
S214008128002A00920CBF802240222A7379680AF13E
S2140081380C02634513DC03EB43030AEB830ABB68B4
S21400814843B1009A4FF6FF71B2FA82F2164B520903
S21400815832F01BFB14350BF1010B0C37C6E7B1F8F0
S21400816800E00CF1010C22F80CEC91F802E00C325D
S21400817802F816EC91F804E00C3102F815EC11F848
S21400818809ECBEF1010F14BF4FF0100E4FF0110EA0
S21400819802F814ECCDE700BF802D0020C044002074
S2140081A86D60002084330020B57F0000842D0020F9
S2140081B804360020014B1860704700BF782D002059
S2140081C870B5128805460E46FFF72AFF044670B1BA
S2140081D802790499806815F059FA064B1B680BB9A2
S2140081E8002070BD3146284622889847F8E7862042
S2140081F8F7E700BF782D002008B50FF049F80228E9
S21400820806D0012806D0044B18784000C0B208BD36
S2140082180120FCE70220FAE76C600020054B10B549
S2140082281C682CB1FFF7E8FF2346BDE81040184746
S21400823810BD00BF742D0020014B1860704700BFAA
S214008248742D0020034B1A781AB901221A700BF005
S21400825825B870476C6000200022024B1A70FFF7A2
S214008268DDBF00BF6C60002037B50446002836D056
S2140082780FF00EF8022834D1608932F073FEE079E8
S214008288237A003818BF0120012B637A08BF40F014
S21400829808000BB140F0100063890BB140F00400F1
S2140082A8257CA188A2790DB1E36893B90F4B10F02D
S2140082B82FFB2178084610F0A7FB32F05FF904463A
S2140082C810F060FB7CB100280CBF0020032003B030
S2140082D830BDCDE90035064B10F01AFBE9E7022061
S2140082E8F5E70120F3E72046F1E700BF92690400AE
S2140082F8953804002DE9F04186B005460E469046AE
S2140083081F469DF834400EF0C3FF022824D1082CDF
S21400831816D8ADF80C808DF80E702CB122460C9944
S2140083280DF10F0015F0F0FA03AB033400930A22A0
S21400833831460820094B019410F0EAFA18B10320D8
S21400834806B0BDE8F0812946284610F05DFB32F0FD
S21400835815F90028F4D0F2E70120F1E79538040073
S21400836808B50DF0F9F8014630B1044814F01EF8C7
S214008378BDE808400DF094BC08BD00BF1F1C0400F3
S214008388034B044A5B7C012103201370FFF7ACBD46
S214008398A86A00206E60002010B50446FFF7F0FFBC
S2140083A8B4F57F4F0BD100240F4B1A8813449C70EA
S2140083B8FEF75AFE2046BDE81040FFF7CDBB4FF645
S2140083C801739C4204D1BDE8104008482EF05EB9FF
S2140083D84FF602739C4205D1BDE81040044B18784E
S2140083E8FFF75EBB10BD00BFF4580020A86A002047
S2140083F89270002010B5074C012122460320FFF793
S21400840863FD28B92378044A003B18BF0123537438
S21400841810BD00BF6E600020A86A0020F8B5564B55
S214008428564C1A884FF6FF739A4218BF03234FF02C
S214008438080218BF2370524B30251A7032225A7021
S214008448DA70DA7135229D705D7137251A724FF42D
S21400845800129D714B4D3626C5644B4D426405652A
S2140084684A4D012285654A4D1E71C565494D8618D7
S2140084784566494DC6678566484D494E0567494D68
S21400848880F848204567202580F8785080F8845082
S21400849800F12105C0F88850434D80F85420C0F8F4
S2140084A88C5080F8602080F86C20C0F8806080F8D7
S2140084B89020C0F89440C0F8B8303C4B3C4CC0F80C
S2140084C8BC300223C0F898403A4C80F8C030C0F858
S2140084D8A4400F24384B80F8A840C0F8C430374B67
S2140084E8374CC0F8C8308223C0F8AC40354C80F80A
S2140084F8CC30C0F8B0400924334B344DC0F8D030E7
S214008508334B80F8B440C0F8D4302C7C314B80F81C
S2140085189C20C0F8A00080F8D820C0F8DC3044B111
S2140085282D4B80F8E420C0F8E03005F11103C0F8C0
S214008538E8304FF0000CCA798E6802EB42039F00C1
S214008548443006EB830326F807C0586001200D3434
S2140085589870DC701318CB71FFF790FAFFF74AFF94
S214008568FFF74AFE012806D12B7C23B1BDE8F84068
S21400857816482EF08BB8F8BD447000209370002083
S2140085886F600020DDB2040001002000DCB20400A9
S21400859802002000DBB2040003002000DAB2040068
S2140085A8050042000400420007003000FDFF2100DD
S2140085B81200100100404200D8B2040000FF440137
S2140085C8C8B2040006004200F4580020A86A00203A
S2140085D802FF20019270002001FF100113B5044627
S2140085E80E482DF0A3FF6422C0F30F43637083B2D6
S2140085F8B3FBF2F3A07823702022002301212EF08B
S21400860895F9A0780023212201212EF08FF904493C
S214008618201D02B0BDE810402EF03DB94470002081
S214008628E09304000B7870B583704CF61E03038045
S2140086384FF02013C362012380F8303080F83C30B6
S214008648C3180364124B044643640223114A80F895
S2140086584830114B8263C3644063CA798D6802EB65
S214008668420305EB830004F12C0646600B4E45F8E2
S214008678236000238360531CCB71094B201DC4E97B
S2140086880134FFF777FC2046BDE87040FFF7A6BF29
S214008698FDFF210021002000DEB2040001000103D6
S2140086A8E5850000437B044A0121137000781130E9
S2140086B8C0B2FFF719BC00BF7960002038B5044681
S2140086C80078054D11302A460121C0B2FFF7FCFBA1
S2140086D808B92B78637338BD79600020034B53F8CC
S2140086E8200008B12EF0DFB9704700BF64360020BE
S2140086F8012908B506D0022907D049B92EF0CAF9CB
S214008708002008BD2EF0C9F9FAE72EF0C9F9F7E7F8
S214008718024813F04BFE0120F3E700BF4C1C040090
S21400872810B4054C114654F820001A46BDF804301B
S2140087385DF8044BFFF7DCBF64360020002310B555
S214008748044683810364A0F844304830FFF712FCDF
S214008758014BC4E9123410BD956A030038B50446C7
S2140087680B781A4A43700D4642F82300FFF7E6FFD7
S2140087782046FFF7A3FF4FF4401323610123144A52
S2140087882375A261134A84F82030E261124A84F8FD
S2140087982C306262114A84F83830A26204F10C0266
S2140087A822630F4A04F10D036263E363EA79A8685B
S2140087B802EB420300EB830110344C60094C40F88E
S2140087C82340094B8B60531CEB7138BD6436002080
S2140087D878600020080020009470002000FF300019
S2140087E801FF1001020101042987000010B470245B
S2140087F8427B0D48013A012904FB020006D00229F3
S21400880808D059B95DF8044B2EF044B95DF8044B0E
S2140088182EF043B95DF8044B2EF042B903485DF8D4
S214008828044B13F0C3BD00BFA01A0020681C040048
S214008838B0F85C302DE9F0418B4204460E4639D03C
S214008848437B077C93B31C4A12789A422ED3702532
S2140088581A4A013B05FB032390F80F801B7B424610
S2140088682EF02FF9B845054601D1FF2820D13A4603
S2140088783146204694F890302EF023F92F460546C8
S2140088880123552212216078A4F85C602EF04EF879
S214008898FF2F03D039462046FFF7A8FFFF2D09D043
S2140088A829462046BDE8F0412EF04BB9FF25DEE705
S2140088B80746E5E7BDE8F08160600020A01A0020C2
S2140088C841688268C978D27849B112B10321FFF7A6
S2140088D8AFBF837B002B0CBF01210221F7E72AB12B
S2140088E8837B002B0CBF02210121F0E7014813F01F
S2140088F85DBD00BF791C0400037BD3B14368DA78FA
S21400890812B18268D278A2B91B7933B1837B002B67
S2140089180CBF04210521FFF78BBF83681B792BB199
S214008928837B002B0CBF05210421F4E7014813F0D4
S2140089383DBD7047AB1C0400084A437B05211370F5
S214008948837B5370C37B9370037CD370037B137154
S21400895800780E30C0B2FFF7C7BA00BF7A600020B2
S21400896838B5044600780C4D0E302A460521C0B2AC
S214008978FFF7AAFA20B1BDE83840084813F016BD3C
S2140089882B7863736B78A373AB78E373EB782374F5
S2140089982B79237338BD00BF7A600020E71C0400DB
S2140089A8034B53F8200008B12EF015B9704700BFE6
S2140089B88C360020F8B504460B78424A43700D46BC
S2140089C842F82300404E2EF026F9FFF7C9FF6268EA
S2140089D8A3683E483E49D6641165D4655065C3E928
S2140089E81410DE64DC654FF0987302266361012379
S2140089F804F10C01E16137491032216204F10D01DE
S214008A08A16235492376E16204F10E0161633349B8
S214008A1884F82430A16304F10F012164304984F8F6
S214008A283030616404F11001E1642E4984F83C306A
S214008A3884F84830216584F85460A265E879A96806
S214008A4800EB400201EB820704F1140CC7F804C0DF
S214008A584FF4817C244F41F82270C218D2B202EB40
S214008A68420241F822C001EB820700227A601F4AC0
S214008A7884F8703022661E4A84F88830A2661D4A3A
S214008A881D4BE2661D4AC4F88C3062671C4A83197F
S214008A98A26704F15C02C4F88020DBB2194A03EB33
S214008AA84303C4F8842084F8646084F87C6001EB8F
S214008AB8830260345460144A033041F82320E87176
S214008AC8F8BD00BF8C360020C9880000A16B0300E3
S214008AD80189000001002001020010010300300196
S214008AE8040030010500210101FC01064A002100AE
S214008AF8E0B2040051001000E2B20400E3B2040041
S214008B08550021006F0018001200010470B50D46CC
S214008B180646144613460A460146164813F046FC0F
S214008B2825B92046BDE87040FFF736BC072D05D1AD
S214008B3821463046BDE8704000F0C2BC4FF60143FF
S214008B489D4205D121463046BDE87040FFF728BF54
S214008B58062D05D121463046BDE8704000F0A2B883
S214008B68B5F5817F05D121463046BDE87040FFF750
S214008B78B5BD70BD161D04000148FFF71BBB00BF3E
S214008B88158B00004FF4C01330B503600123037142
S214008B98074B8C688360CA7902EB420304EB8305B3
S214008BA86860044844F82300531CCB7130BD00BFEE
S214008BB8E4B204000400010138B50024044D55F859
S214008BC8040B08B12EF037F801340A2CF7D138BD5B
S214008BD8B4360020042908B50AD172B16BB11378EF
S214008BE81BB92EF054F8002008BD2EF046F8FAE718
S214008BF8034813F0DBFB0120F6E70320F4E700BF89
S214008C08491D040010B4054C114654F820001A46B5
S214008C18BDF804305DF8044BFFF7DCBFB43600201F
S214008C280229024608B50ED004D839B910462EF0E7
S214008C382EF806E04029F9D0412907D110462EF033
S214008C481CF8002008BD2EF02CF8FAE7024813F0AE
S214008C58ADFB0120F6E700BF691D040010B4054C03
S214008C68114654F820001A46BDF804305DF8044B47
S214008C78FFF7D6BFB4360020426B094B52791A70FC
S214008C8882785A70C2789A70826B12B190F83C203B
S214008C98DA70007804210930014AC0B2FFF724B917
S214008CA87F600020024B53F820002EF017B800BF54
S214008CB8B436002038B504460078084D09302A46F0
S214008CC80421C0B2FFF700F930B96B78A370AB780F
S214008CD8E370EB7884F83C3038BD00BF7F60002036
S214008CE838B504460078114D09302A460421C0B22A
S214008CF8FFF7EAF8C8B9A3782A78022B0CD004D86C
S214008D0863B920462DF0C3FF01E0FF2B0AD02046AA
S214008D18BDE838402DF08FBF002AF2D120462DF04E
S214008D28ACFFF4E7002AF9D1EBE738BD7F600020F6
S214008D38F8B504460B78284A0D4642F823004370D7
S214008D48FFF7B8FF636B254A5C631A632046FFF794
S214008D58C7FF20462DF06FFF4FF480136360012392
S214008D68626BA66B0532E2601D4A23722261A21C62
S214008D782375A26166B11B4A84F82030E261E21CC2
S214008D886262194A84F82C3004F13C03A262236319
S214008D980627EA79A96802EB4203002E21F8237019
S214008DA801EB83000CBF02230423C37001238370E6
S214008DB80E4B04348360531C4460DBB20C4C03EB4C
S214008DC8430341F8234001EB830000234360094B2B
S214008DD802328360EA71F8BDB4360020BF6C030027
S214008DE80340300101FF300102FF1001658C0000CE
S214008DF8080001000D8C000028B1034B1B78834245
S214008E0834BF0020012070476260002070B500253E
S214008E180A4C0B4E3378AB4200DC70BDD4F8A42065
S214008E2842B123791BB16079FFF7E6FF10B9104607
S214008E382DF007FC0135A834ECE700BF4C200020D5
S214008E486460002008B5417902460846FFF7D4FF5B
S214008E58A8B1D3780A480139042B00EB81100ED844
S214008E68012B08D81BB9BDE808402DF006BFBDE8A1
S214008E7808402DF00CBFBDE808402DF012BF08BD15
S214008E88AC1D002008B5417902460846FFF7B4FF36
S214008E98A8B1D3780A480139042B00EB81100ED804
S214008EA8012B08D81BB9BDE808402DF0F0BEBDE878
S214008EB808402DF0E2BEBDE808402DF0F2BE08BD21
S214008EC8AC1D002070B586B006460C461546FFF762
S214008ED893F901282DD1042C2BD8DFE804F01230A2
S214008EE8320303002846FFF787FF50B3164B032CC0
S214008EF803EB851353F80C3C58791CD1003818BF7F
S214008F0801204FF48273ADF806300623ADF808301A
S214008F1801234FF480728DF80B3000238DF80A0079
S214008F2801A8CDE903238DF804608DF81430FFF707
S214008F389BF906B070BDB0FA80F04009E1E7002062
S214008F48DFE70220DDE700BFAC1D00202DE9F04179
S214008F588AB005460C46FFF74FF9012806462BD17E
S214008F686B784FF4827800254FF480778DF80030C0
S214008F78134B6846CDE90137ADF8028003958DF8A6
S214008F881050FFF771F9BCB163796278052B14BFEE
S214008F98032307238DF81420082205A8CDE90775B2
S214008FA8ADF81680ADF818208DF81A308DF81B60CD
S214008FB88DF82450FFF758F90AB0BDE8F08100BFD5
S214008FC80800070110B583780446A3B903790BB1E6
S214008FD8FFF758FF20462DF0D7FE04236078A4F844
S214008FE86C305522012312212DF0A0FC2046BDE846
S214008FF810402DF086BEB0F86C30022B17D00379DF
S214009008032B01D1FFF71EFFA379032B04D1627946
S214009018E1786078FFF756FF00236078A4F86C3094
S2140090285522BDE81040012312212DF07FBC0A4AC4
S214009038037812789A420DD90279022A0AD08279E0
S214009048022A07D06822054903FB02112046FFF7CB
S2140090587DFFE1E70021F9E763600020AC1E0020F1
S21400906870B58AB004460D46FFF7C6F8012843D106
S2140090786378224E8DF800304FF48273ADF80230D4
S2140090884FF4807394F8A02094F8A11072701C4ACC
S2140090986846CDE901230223317003968DF8103017
S2140090A8FFF7E2F80DB3AB79E879FF2B08BF94F821
S2140090B8A130697833704FF48273ADF81630082300
S2140090C8ADF8183001238DF81B304FF48073CDE9C6
S2140090D8073602236A79707005A88DF814108DF883
S2140090E81A208DF82430FFF7BFF894F8A130013B1A
S2140090F818BF012384F8A1300AB070BD8360002031
S2140091080800050170B583780446002B48D0254929
S214009118027809780379914217D9022B17D08379F8
S214009128022B1FD06823204D02FB0355EB78022B39
S21400913819D12A791046FFF75FFEA0B11B48013AFD
S21400914800EB82102DF0ADFD0DE0022B0AD16279FE
S2140091581046FFF751FE28B11448013A00EB82107A
S2140091682DF09FFD0025A379022B04D16279E178C2
S2140091786078FFF7A7FE25B12A79A9786878FFF7FF
S214009188A1FE29462046FFF76BFF02236078A4F865
S2140091986C305522BDE87040012312212DF0C6BB65
S2140091A870BD00BF63600020AC1E0020AC1D002010
S2140091B84388094A082113808388538083681B8A5A
S2140091C8938090F8A03093718379D3710078043037
S2140091D8C0B2FEF789BE00BF7659002038B50D46E6
S2140091E804460178114813F0E1F84FF602739D42E1
S2140091F80ED10F4B1B782BB963712046BDE838405B
S214009208FFF7D6BF62790AB19342F6D20123F3E795
S214009218B5F57F4FF1D120462DF0C1FDA378022B7E
S2140092280CBF01220022A3689A70E6E7851D040099
S2140092386260002038B504460078144D04302A468B
S2140092480821C0B2FEF740FE20B1BDE838401048FD
S21400925813F0ACB82B8863806B88E978A380AA885B
S214009268A3681A82AB7984F8A030EB79A371094B0E
S2140092781B780BB9637138BD09B19942FBD906480A
S21400928813F094F823780133F4E700BF76590020EA
S2140092989F1D040062600020C81D0400F8B504463F
S2140092A80B78474A0D4642F823004370FFF7C2FF83
S2140092B8A268444BD465D364434B02265365434B9C
S2140092C8A11C13654FF44013E36001236161E1625A
S2140092D83F49103221632265211D3E4AA1633E485C
S2140092E83E49626504F1A002A061E163E265E01C04
S2140092F8611D3B4A206261643A483B492266A21DCA
S2140093082374237784F8283084F8343084F840307F
S214009318A16484F84C6084F8583084F8643060623D
S214009328A266E879AA6800EB400102EB810704F11F
S2140093380C0CC7F804C04FF0060C2C4F42F82170EE
S214009348C118C9B201EB410142F821C002EB8107FE
S21400935800217960264F84F880302767254F84F8E7
S2140093689830A767244F254BE767254F84F8746025
S21400937884F88C60C4F89C3004F16C06831CC4F82E
S2140093888470C4F890601F4F1F4EDBB203EB430394
S214009398C4F89460C4F8887002EB8306703474606E
S2140093A808261A4C42F82340C31CDBB203EB4303DF
S2140093B802EB8304043042F823606160E871F8BD6C
S2140093C81C3700203F6D0300CD8F00000D91000074
S2140093D801FF300104FF20011000300102FF2001C8
S2140093E805FF300100FF300103FF210107000108D7
S2140093F84A002100E6B2040051001000E8B204005A
S214009408E9B20400550021006F001800120001049C
S2140094188378094A06211370C378537003799370CA
S2140094284379D37083791371C379537100781430F4
S214009438C0B2FEF759BD00BF8560002038B50D469E
S214009448044601781C4812F0B1FF4FF602739D429D
S2140094580ED11A4B1B782BB923712046BDE838402D
S214009468FFF7D6BF22790AB19342F6D20123F3E773
S2140094784FF601739D4206D1E37813F0FD0FECD04A
S2140094880023E370E9E74FF609739D4207D1637935
S21400949803F0FB03012BE0D005236371DDE74FF6ED
S2140094A808739D42D9D1A379023BDBB2FC2B9CBF43
S2140094B8FF23A371D1E700BFFD1D040062600020F2
S2140094C8064A034652F8200008B1FFF787BE044A4A
S2140094D852F8230008B1FFF7B1BF70471C370020C9
S2140094E8DC36002038B5044600780D4D14302A4680
S2140094F80621C0B2FEF7E8FC20B1BDE838400948AE
S21400950812F054BF2B78A3706B78E370AB78237196
S214009518EB7863712B79A3716B79E37138BD00BF63
S214009528856000201E1E040070B5314A0B7804467C
S21400953842F8230043700D46FFF7D4FF4FF440135C
S2140095480221A822A36001232078237312FB0012AD
S214009558284923760A442261274A84F8243062611F
S214009568A21CE261254A84F830302262244A84F834
S2140095783C30A262234A84F84830E262E21C626306
S214009588214A84F85430A263221D22641F4A84F8B4
S21400959860306264621DE2641D4AE31D2265A21DF6
S2140095A8A2651C4A6366E265E979AA6801EB41038D
S2140095B802EB8300083444601748082642F8230064
S2140095C806204B1CDBB203EB430342F823000020C3
S2140095D802EB83048B1CDBB203EB430360600331AE
S2140095E802EB830442F823606060E97170BD00BF37
S2140095F8DC3600204C2000201000300105FF30002B
S214009608E5B2040001FF300102FF200109FF300126
S21400961808FF300104FF20010700010800239B6AA9
S214009628B3F5C04F03D21968064A914203D0002307
S214009638037083607047012202709A689B694260D3
S214009648F7E700BF07B0CD5E024B034A1A602EF05C
S214009658F7BD00BF0000002002020FF073B5534BA1
S21400966804461A781AB102221A7002B070BDCDE903
S21400967800220028F9D001261E7037F019FE4C4D3E
S2140096884C4B186017F094F82B785BB902F062FA26
S21400969840B949480823494A4949006801F0A8FEE4
S2140096A800B92E70474B5A6E62619B6E464AA3619C
S2140096B84FF40043936603F188435968E1614349D0
S2140096C89960196E2160596E6160D3F87011A160B7
S2140096D8196CE160596C21613D49086C1864496C45
S2140096E85964012151664FF4005191661A6E56046A
S2140096F836D53849CA68D407FCD45B6E5A0434D5C4
S214009708354AD36B13F0430FFBD1344B1A68531CFE
S21400971831D04FF400139340314A13660423304C7B
S214009728684623664FF480632366102323664FF447
S214009738005323664FF0804323664FF4804301A905
S21400974863662DF045FB009B2366019B63662B78BA
S214009758002B8AD0194B1A6822665B68636684E712
S2140097682049CA68D007FCD4C7E71F4AD36B13F052
S214009778430FFBD1C9E71D4B1B78002BCED14FF406
S2140097888072114B5A661A4A52681AB94FF4001179
S214009798134A11664FF400725A66164B5B68002B24
S2140097A8BCD14FF480020E4B1A66B7E78C600020D7
S2140097B88D6000207C370020146B00208037002046
S2140097C800710800008000500090005055CEAC0094
S2140097D800C00054000004400000024CE06A00206C
S2140097E800900044000004500000025C8B600020DB
S2140097F800C005500000065070B52C4D04462E7863
S214009808012E02D001232B7070BD0028FCD02DF04D
S21400981804FB01300BD02DF000FB40F201139842F8
S21400982805D0234B234A5E66D368DE07FCD4224B5A
S21400983822491B6E13F0040F4FF4005314BF1C4A42
S2140098481F4A9366CA6B12F04302FBD121681A4B73
S214009858196661685966A168C3F87011E1681964E9
S21400986821695964E169C80748BF9A60154B1A68A8
S21400987801320DD1144A127852B914494968C907F9
S21400988848BF1A60124A5268D20744BF01221A60BB
S2140098986269104B5A66A2699A6616F091FF0E4BDB
S2140098A8186837F000FD0023ADE700BF8C60002085
S2140098B80090004000000440008000440000024C75
S2140098C800900050E06A00208B60002000C0055021
S2140098D800000650008000507C37002070B5002439
S2140098E8A36AB3F5C04F23D21A68134B9A421FD106
S2140098F8124E337813F0FD0518D14FF48034104813
S214009908FFF7ACFE032004F0B9FC0E4B0320DC6026
S21400991804F098FC0C4B1C61AB6ADB69984704465C
S2140099280748FFF769FF0CB901233370204670BD5E
S2140099384FF48174FAE700BF07B0CD5E8B60002055
S2140099485C37002000A000440090004413B5204B6C
S2140099581B7803B9FEE700231E4CCDE900336A46A0
S21400996808231D49206801F043FDF8B91B4AD2F8C0
S2140099784031D2F840211F2B4FF0010311D9203A6D
S2140099889340019A1A43019208236A4612492068AE
S21400999801F0B6FE124B134A1A602EF051FC02B0C4
S2140099A810BD9340009A1A430092EDE72D28F1D196
S2140099B80A4AD2F84031D2F840211F2B4FF0010353
S2140099C885BF203A93409340019398BF0093DBE706
S2140099D88C600020146B0020007108000080004492
S2140099E8000000200B020FF038B50025AB6A0446CD
S2140099F8B3F5C04F10D21B6BB3F5C04F0CD2074857
S214009A08FFF72CFEAB6A20461B6B5B689847BDE8E1
S214009A1838400248FFF7F0BE38BD00BF8837002040
S214009A2813B50024A36A0190B3F5C04F13D21B6B7D
S214009A38B3F5C04F0FD20948FFF710FEA36A0121FD
S214009A481B6B01A89B69984704460448FFF7D4FE99
S214009A58204602B010BD4FF48174F9E7883700201D
S214009A6870B50026B36A0446B3F5C04F0D4612D249
S214009A781B6BB3F5C04F0ED20848FFF7EFFDB36A6D
S214009A8820461B6B29469B69984704460348FFF700
S214009A98B3FE204670BD4FF48174FAE7883700207D
S214009AA870B50026B36A0446B3F5C04F0D4612D209
S214009AB81B6BB3F5C04F0ED20848FFF7CFFDB36A4D
S214009AC820461B6B2946DB69984704460348FFF780
S214009AD893FE204670BD4FF48174FAE7883700205D
S214009AE8F8B50027BB6A0446B3F5C04F0D461646C0
S214009AF811D21B6B7BB10948FFF7B0FDBB6A204645
S214009B081B6B324629465B6A984704460348FFF7AC
S214009B1873FE2046F8BD4FF40174FAE78837002034
S214009B2870B50026B36A0446B3F5C04F0D4612D288
S214009B381B6BB3F5C04F0ED20848FFF78FFDB36A0C
S214009B4820461B6B29469B6A984704460348FFF73E
S214009B5853FE204670BD4FF40174FAE7883700209C
S214009B68F0B50027BB6A0446B3F5C04F0D46164647
S214009B78ADF5177D20D21B6BB3F5C04F1CD210482D
S214009B88FFF76CFDBB6A20461B6B40F251225B6AEE
S214009B9801A99847044630B10948FFF72DFE20462C
S214009BA80DF5177DF0BD836A32461B6B2946DB6AC6
S214009BB801A898470446EFE74FF40174EFE700BFA3
S214009BC88837002010B50024A36AB3F5C04F10D21A
S214009BD81B6BB3F5C04F0CD20748FFF73FFDA36ACF
S214009BE81B6B1B6B984704460348FFF705FE204689
S214009BF810BD0124FBE700BF88370020F0B58FB002
S214009C08044601A80E461546FFF7EEFE9DF80C30F2
S214009C18012B12D1B5F5002F27D8B4F5002F24D87C
S214009C286319B3F5002F20D821462A46304613F08C
S214009C386BFE002420460FB0F0BD0027BB6AB3F5C4
S214009C48C04F15D21B6BB3F5C04F11D20A48FFF7A9
S214009C5805FDBB6A2A461B6B314620465B6B984758
S214009C6804460548FFF7C8FDE4E740F20244E1E78A
S214009C7840F20114DEE700BF88370020F0B58FB049
S214009C88044601A80E461546FFF7AEFE9DF80C30B2
S214009C98012B1FD1B5F5002F06D8B4F5002F03D831
S214009CA86319B3F5002F13D940F2024420460FB0CB
S214009CB8F0BDE258013225D104339D42F9D82A4630
S214009CC83146204600F082F80028EDD00024EDE763
S214009CD80023F2E70027BB6AB3F5C04F15D21B6B0B
S214009CE8B3F5C04F11D20A48FFF7B8FCBB6A2A463C
S214009CF81B6B314620469B6B984704460448FFF783
S214009D087BFDD3E740F20344D0E740F20114CDE7E9
S214009D188837002070B58EB0044601A80D46FFF7B8
S214009D2863FE9DF80C30012B22D144EA0503C3F3E9
S214009D380C03002B33D1B5F5002F04D940F20244AA
S214009D4820460EB070BDB4F5002FF7D82544B5F5FB
S214009D58002FF3D8204604F5005400F029F8AC424A
S214009D6802D00028F6D1E9E70028E7D00024E7E784
S214009D780026B36AB3F5C04F14D21B6BB3F5C04FB9
S214009D8810D20A48FFF76AFCB36A29461B6B2046BE
S214009D98DB6B984704460548FFF72EFDD0E740F2F0
S214009DA80444CDE740F20114CAE700BF8837002014
S214009DB84FF4003208B5044B9A6637F019FDB0FA2E
S214009DC880F0400908BD00BF00900050134610B54B
S214009DD862B103439B070BD14FF40034054B9C66D6
S214009DE837F00AFDB0FA80F0400910BD0120FCE704
S214009DF80020FAE700900050BFF34F8F0549064B46
S214009E08CA6802F4E0621343CB60BFF34F8F00BF0B
S214009E18FDE700BF00ED00E00400FA0570B5D0B11C
S214009E28C9B10E4E431E013913F8014F2046325D64
S214009E3802F00302012A11F8012F08BF04F12000DE
S214009E48B55C05F00305012D08BF2032801A01D144
S214009E58002CE9D170BD0120FCE700BF09DA040038
S214009E680348044A0449121A92102DF03BB800BF62
S214009E784061000018630000D867002008B5154B3D
S214009E8883F30A8800F030F8FFF7EAFF124B13490D
S214009E988B4212D30020124B12498B4218D3FCF780
S214009EA841FF186850F82240586840F822400132AE
S214009EB898688242F5D30C33EAE70022F8E71C6874
S214009EC844F8220001325C68A242F8D30833E4E77B
S214009ED80022F8E708000020541605006016050062
S214009EE860160500601605004FF40041134B144A2F
S214009EF870B59A60D3F88820124D42F47002C3F801
S214009F088820114A05F5005491664FF0FF32226604
S214009F184FF6DF7262660222C3F8D020BFF34F8F77
S214009F28BFF36F8F4FF44036032004F0A7F90320E1
S214009F38E66004F087F92E6170BD00BF00ED00E012
S214009F48006000000080004400900050054B186038
S214009F58054B1B6F03F00703032B01D135F04EBAF0
S214009F68704700BFF06A0020008000502DE9F041DD
S214009F7804464FF001080C250D4E0CB9BDE8F081DB
S214009F8894FAA4F0B0FA80F00F2808FA00F2C8BFD6
S214009F98103824EA0204CABF05FB006205FB00620B
S214009FA8B4325768002FE8D09168C0B2B847E4E7E3
S214009FB8A837002008B50C4837F09BF9192004F09C
S214009FC84FF928B1192004F059F9192004F03AF984
S214009FD81A2004F045F928B11A2004F04FF91A207F
S214009FE804F030F9002008BDECB404002DE9F04177
S214009FF80E461746054618B30F2923D80378DBB153
S21400A008013BDBB2022B19D8104AD35C6A78D340DE
S21400A018DB0717D50E4BD3F81043ACB937F048F921
S21400A02880463A462846314603F064F8404637F0FC
S21400A0383AF92046BDE8F0817F23E7E70023E5E705
S21400A0482224F6E72124F4E70224F2E73CB30400CE
S21400A05800C0035010B5044610B30378E3B1013BC3
S21400A068DBB2022B1AD8104AD35C6278D340DB07DF
S21400A07818D537F01DF90122617823788A403021F7
S21400A0884B4341F2100103F1A04303F570335A50D5
S21400A09837F009F9002010BD7F23E6E70023E4E740
S21400A0A82220F8E72120F6E73CB3040010B5044662
S21400A0B810B30378E3B1013BDBB2022B1AD8104A7F
S21400A0C8D35C6278D340DB0718D537F0F1F8012265
S21400A0D8617823788A4030214B4342F2100103F11D
S21400A0E8A04303F570335A5037F0DDF8002010BD52
S21400A0F87F23E6E70023E4E72220F8E72120F6E7B7
S21400A1083CB3040038B50D46044618B311B30378BB
S21400A118E3B1013BDBB2022B1AD8104AD35C627853
S21400A128D340DB0718D537F0C3F8302223785343DB
S21400A13803F1A04303F570335B696278D34003F0FC
S21400A14801032B7037F0AFF8002038BD7F23E6E711
S21400A1580023E4E72220F8E72120F6E73CB30400D2
S21400A1682DE9F0410D4616469846044600284FD07D
S21400A17800294DD00178002940D04B1EDBB2022BB7
S21400A1883ED8254AD25C6378DA40D20701D4FF2944
S21400A19840D1022E01D9042E3CD137F089F8237815
S21400A1A80746FF2B05D032462046296802F0E8FF0E
S21400A1B828602B68013309D12378FF2B06D1174B6B
S21400A1C86078D3F824142DF05EFC286029684B1CB0
S21400A1D818D00C23124A03FB0122069BC2F80480FF
S21400A1E893602378FF2B04D001230E4A8B40C2F8D5
S21400A1F82434384637F057F8002007E07F22C2E7B5
S21400A2080022C0E7384637F04EF82D20BDE8F0812A
S21400A2182220FBE72120F9E73CB3040000C00350E6
S21400A228A837002000D0035008B502F059FF054BA8
S21400A23800F0553020F05020C3F82004BDE8084050
S21400A248FFF794BE00E0035008B502F049FF054B3F
S21400A25800F0AA3020F0A020C3F82004BDE808408B
S21400A268FFF784BE00E003502DE9F04F144605467C
S21400A2780E469B46C36B87B001225B6902A96068DD
S21400A2889847EB6B01225B6903A93046984702A8FA
S21400A2982DF027FA074648B10023A37563754FF0DB
S21400A2A8FF33A360002007B0BDE8F08F03A82DF0A9
S21400A2B825FA0123A375237E04EBC303DE611F84FE
S21400A2C86368B3420ED1206003A82DF039FA4FF028
S21400A2D8FF332075A360237D043B022B26D800237A
S21400A2E8A375DFE723681A1A53425341A37503A8D8
S21400A2F82DF026FA237D834218BFA77503A82DF0F4
S21400A30801FA074602A82DF0FDF9874218BF002378
S21400A31803A818BFA3752DF0FDF9074602A82DF06F
S21400A328F9F987421CBF0023A375D4E703A82DF0CC
S21400A338E9F980B1EB6B022230465B6904A99847BD
S21400A34804A82DF0EEF90346207D032839D8DFE867
S21400A35800F03838040903A8F3E7CC22237E04EB80
S21400A368C3031A8401F06EFC109B187003A8277E9E
S21400A3782DF0BCF904EBC70787F82200237E03A854
S21400A38804EBC303B3F8209093F822702DF0BAF9C3
S21400A398804603A82DF0BEF98246B8F1000F15D006
S21400A3A8EB6B022230465B6904A9984704A82DF097
S21400A3B87DF96075637D6BB90023A3754FF00008BF
S21400A3C838E0227E04EBC2021384CBE703A82DF004
S21400A3D858F9EEE794F81680B8F1000FEED0B9F108
S21400A3E8000F09D1DFB10123E375637E002B4FD13F
S21400A3F8012F42D1677614E06B6C06EB0A015A42CD
S21400A40886EA010010421CBF0022A2755A1E0A40A6
S21400A4189B1A9945D0D8A37D002BE3D1CEE7E37DE0
S21400A42843B94FF000084B465246314628462CF0B2
S21400A438A3FEA060A27D12B123694B4423611A498A
S21400A448237E097899422AD901332376BBF1000F77
S21400A45827D032B3E37D23B3B8F1000F21D1032F01
S21400A4681FD0A1684B1C1CD0109B22460093284680
S21400A4780123FFF7F9FEA07513E095F8343063B9A9
S21400A488EB6A0133CFD1032FCDD10123A376C8E7DA
S21400A498012FCFD0032FC4D1F7E79846C3E7002390
S21400A4A8A375A07DFFE600BF60B304002DE9F04F5A
S21400A4B80E46984600238BB004464FF0FF311046F0
S21400A4C817468DF8133001F0A7FBB6F5801F20D28B
S21400A4D8314605AA04F108002DF055F8451C01463A
S21400A4E803D1237CBBB92D2010E0384601F094FB3D
S21400A4F80122394620460DF113032CF08FFE002862
S21400A508EFD09DF8133088F8003000200BB0BDE877
S21400A518F08FB01CE5D1E56A691C36D12046616A21
S21400A5282CF070FD0546B31C18BF0123DFF8CC904D
S21400A5380193636A626C0293236805A902FB053AD5
S21400A548E36B05225B695046984705A82DF064F929
S21400A5582DF087F950462DF08FF94FF0000B824604
S21400A56801464B1C05D0636C81EA0A025B42134223
S21400A57811D0294620462CF045FD029BAB422CD034
S21400A588BBF1000F2CD10546D3E72368ED1A636CA0
S21400A598B5FBF3F5C7E7484601F03EFB0DF113039C
S21400A5A849462046019A2CF039FE034690B1B21C63
S21400A5B803D0D9F80020B2420CD19DF8132003939B
S21400A5C80D4B88F8002049461A68384613F09CF95F
S21400A5D8039B9B46D9F80810C3E7BBF1000F82D04F
S21400A5E8B6F5801F91D2314698F800307A6804F1A3
S21400A5F8080001F03FFA88E75CB30400843F0020B7
S21400A6082DE9F3410446174698460E46184D816ACA
S21400A618E36A8B4201D04B1C02D102B0BDE8F08140
S21400A628284601F0F9FA0122294620460DF10703CB
S21400A6382CF0F4FD38B14346294620469DF80720FD
S21400A648B8470028E9D0A9684A1C04D1696820469A
S21400A6582CF065FD0146012EDAD16B6881EA03020B
S21400A668636C5B421A4218BF4FF0FF31D0E700BF59
S21400A678583F00202DE9F04F4FF0FF334FF6FF729A
S21400A6880025044600F10806C0E909238BB0C3621A
S21400A69805620563304688462CF046FF20462CF0B7
S21400A6A881FC60BB204641462CF0FCFC20462CF082
S21400A6B879FC60BB5E200BB0BDE8F08F2368E26BC8
S21400A6C8606C576900FB0530052205A9B84705A840
S21400A6D82DF0A2F8012807460CD1294620462CF072
S21400A6E8B2FC012F024600D10132294620462CF042
S21400A6F878FC03E02DF0BAF80028EED10135E369BE
S21400A7089D42DBD320462CF04DFC0028CAD00025FD
S21400A7184FF0FF394FF6FF73CA46A846C4E90853F8
S21400A728E36998450AD3A5EB0905012D2CD84FF601
S21400A738FF72636A93423CD16720BCE72368E26BEA
S21400A748606C576900FB0830052205A9B84705A8BC
S21400A7582DF062F8834605A82DF035F807465846CA
S21400A7682DF07FF868B1574538BFC4F82480B9453E
S21400A77828BFB946BD4238BF3D46BA46236A0133AC
S21400A788236208F10108CBE74FF6FF7300256362E2
S21400A798E3699D42CBD2676C2068E36B052207FB12
S21400A7A805005B6905A9984705A82DF00CF8013542
S21400A7B8EEE7E26B676C2068694607FB030055699D
S21400A7C80522A84768462CF0FEFF626A2368606C7C
S21400A7D84B4D00FB02302DF04FF84FF0FF33A062D0
S21400A7E8E3622A466FF00101204605ABFFF75EFEDE
S21400A7F8002846D1AD6829462046E5622CF0AEFB17
S21400A808206320B92046E16A2CF089FCE0622946DC
S21400A81820462CF084FC0546A36A9D4233D1204688
S21400A8282CF06FFB00278046B946E36999453CD370
S21400A838B84559D92046616A2CF0E4FB002605463F
S21400A84804F1400AB74212D8626C2368694602FBD4
S21400A8580539E36B05225B694846984768462CF03D
S21400A868B2FF534602464946E06B2DF007F82946E4
S21400A87820462CF0C7FB0136B0450546E2D16420D9
S21400A88819E7A56AB7E7294620462CF067FB236B2D
S21400A898294603440746236320462CF040FC054619
S21400A8A8002FB9D1C4E90B07B6E7636C2568052203
S21400A8B803FB0955E36B05A95B692846984705A875
S21400A8C82CF0AAFF2CF0CDFF58B128462CF0D4FF68
S21400A8D8014620462CF042FB636C143B984208BFA6
S21400A8E8013709F10109A0E730462CF01DFE0023C8
S21400A8F820461946034AFFF783FE0020DBE600BF22
S21400A908B03F0020137203002DE9F041036B904618
S21400A918826B07689A4288BF8363426C436A90B02A
S21400A92802FB0377C36B0E46052201A95B69044642
S21400A9383846984701A82CF06FFF0128014630706A
S21400A94857D0656CE26B2368606AD2F814C005FBC2
S21400A9580030052206A9E04706A82CF05DFF01286E
S21400A9684FF0000523D0D4E90A3201219342CDE9FD
S21400A9780B458DF834800E958DF83C102AD1194673
S21400A98820462CF0CCFB236B626C14339B1AE062D7
S21400A99823630C9B53B99DF83C303BB1626A616CEB
S21400A9A82368E06B01FB02312CF0EEFE0C9DE36B96
S21400A9B805225B6901A93846984701A82CF02CFFA8
S21400A9C830702846236BA26B9A4288BFA36310B0E8
S21400A9D8BDE8F081237C33B91C490BAA04F10800B2
S21400A9E801F096F8D5E72046194A0BABFFF708FEA4
S21400A9F8CFE7237C23BB2246164904F1080001F062
S21400AA0887F8616A20462CF01EFB616A421C2046C5
S21400AA182CF0E7FA054620B9236B626C1344143B06
S21400AA2823632046A16A2CF07AFB2368A062C01A2A
S21400AA38636CB0FBF3F0606220462CF0B3FBB6E71D
S21400AA4800232046044AFFF7DBFDDAE7B5B100002D
S21400AA5831B10000AD7203004972030073B50D46AC
S21400AA68D11E4A421C461B7E4A419A4226D1296874
S21400AA782368994222D3636899421FD8114E0DF174
S21400AA8807033246FFF712FDC0B972686B689A4230
S21400AA9814D19DF80730DA1E53425341227E934262
S21400AAA80CD1636901336361D4E90323934205D269
S21400AAB82968A26842F8231001332361012002B0F6
S21400AAC870BD00BFB03F00202DE9F04F9B4689B00F
S21400AAD89DF848309046514A0193136907465B45EE
S21400AAE80D46C0F09580D94653680093B9F1000F1B
S21400AAF87BD0FB6B01225B6905A90098984705A8DF
S21400AB082CF0FCFD454B1B68984240F0848005A855
S21400AB182CF000FE0428064615D105A82CF001FEE8
S21400AB28009B04461E44019B002B3ED1804512D94B
S21400AB381C46A8EB0008384600992CF0F0FAA9EB5A
S21400AB4804090090D2E7FB6B02225B69009806A90D
S21400AB58984706A8E2E7A0EB08045C4528BF5C46D1
S21400AB68032C4644ABEB040B1DD9FB6B2946304639
S21400AB785B69A208984724F0030304F0030A1E44FE
S21400AB881D44DDF80480BAF1000FD4D0FB6B012217
S21400AB9806A930465B6998475246284606A912F029
S21400ABA8B3FE5544C7E7A246EBE7824600F0030328
S21400ABB802932B1803930644039BA6EB0A00A3EB09
S21400ABC80A05029B9A4514D1BAF1000FB3D0FB6B65
S21400ABD8012206A95B6998475246284606A913F03B
S21400ABE84FF80028DDD04FF03609484609B0BDE8D2
S21400ABF8F08FFB6B012206A95B699847042228465A
S21400AC0806A913F03DF80028EDD1AAF1040AD3E707
S21400AC184FF06309E9E74FF06F09E6E7DC3F0020ED
S21400AC282DE9F0410F4616469846044688B060B3AC
S21400AC3890F83450FDB101212CF0A9F900210E9BA3
S21400AC48CDE90511CDE902379DF83C30CDF80480F2
S21400AC588DF81C30237C04968BB90D4901AA04F1A3
S21400AC68080000F055FFDDE90553E06B002E08BF2D
S21400AC781D462CF025FB284608B0BDE8F081204686
S21400AC88044A01ABFFF7BCFCEDE70546F3E700BF57
S21400AC987772030065AA00007FB590F84260044604
S21400ACA801920DF10B030A46304611492CF010FBB1
S21400ACB8012E0546E36B17D132465B6903A9984710
S21400ACC89DF80B10039B019A59B19BB243EA0243C5
S21400ACD8012228460393E36B03A99B69984704B0AF
S21400ACE870BD62F30F03F3E701229B6901A9F5E73C
S21400ACF8DC3F00202DE9F04F99B00E460D920A6908
S21400AD08416C0B931439D31DB3FBF1F3013302EBFB
S21400AD18C302036B04469342C0F001820023DFF8A7
S21400AD2804940893E36A48461946059300F074FFAE
S21400AD38D6E9033707930B9B022B4DD1CC2F40F057
S21400AD48D7810D9B3BB1314620462CF017FB656C2E
S21400AD581490012044E00120079B656C1B6814933F
S21400AD6800F0010000280CBF04230823782F0E9358
S21400AD7849D8059A6B1E1340ED1A3B1D9D423CD2DE
S21400AD88002F3DD0082D3ED80023042506934FF00B
S21400AD98040A336806990B98C9F80030C9F8107089
S21400ADA82CF0D2FC4FEA9A030F93059B89F81400FF
S21400ADB80393002309930C9304930A93616C039BF3
S21400ADC84A1E1A408B1A27B35544AB4223D8236B26
S21400ADD85B1A134423632FE1782F656CB9D8F07D8E
S21400ADE80D9B002BBCD0E36B01225B69706816A92B
S21400ADF8984716A82CF086FCB4E700250695C6E703
S21400AE0804250697C3E7012300254FF0080A069392
S21400AE18BFE75345DBD3A3EB0A029742039BB8462A
S21400AE2828BF90469742534428D90122D9F81010D3
S21400AE3889F817208F4226D10399C9F8041004927E
S21400AE4899F817200AB399F818100398CA1C09EB42
S21400AE58C202506004980131A2F80880907289F8FE
S21400AE681810B8F1000F07D00B9A022A40F081801C
S21400AE78099A72B1012209929B46ABE0049A002A0D
S21400AE8818BF0322DBE70222D9E7039AC9F8042091
S21400AE98E7E70C9A4244032AEED9E26B184695690E
S21400AEA814A901220993A847099B05460028E1D062
S21400AEB83D2D40F01E8104F1080303932368059A8C
S21400AEC8606CA2EB030ABAFBF0FA00FB0A302CF01F
S21400AED8D3FCE16A804620462CF021F9A26A824219
S21400AEE800F00F81626CD9F80830511E0B40216BB8
S21400AEF82768891A0B442363089BE062DF1BB7FBAD
S21400AF08F2F7BA4540F0FA80059BB3EB080A12D070
S21400AF18E36B4FEA9A0241469B6998478346E36A81
S21400AF28059A5344E362236B03989B1A43442363AE
S21400AF382CF0FAFADA462368616CE06B01FB0731FD
S21400AF482CF00FFC20462CF02DF820462CF02AF981
S21400AF582063BAF1000F00F0D4803269616CD31D0B
S21400AF681439B3FBF1F3013302EBC3029042A5D2C6
S21400AF78BFE00D9A002A77D1B8F1030F4FEA98027E
S21400AF886ED9E16B18468D6907991093A847109BF0
S21400AF980546C0B918F0030515D0079A28F0030B24
S21400AFA802EB0B019B444FF0FF3215A815922A4678
S21400AFB8109312F0A9FCE26B5846956915A9012270
S21400AFC8A8470546109B9B46079A42440792002DC1
S21400AFD840F08B80049B16A80193069B009399F873
S21400AFE814204346316800F0CDFDE36B0F9A9B6949
S21400AFF8039816A99847039A051E089B18BF134678
S21400B008089343465246204603992CF0B5F8236B1E
S21400B01808F10302A3EB0A0322F003029B1AC9F8FD
S21400B02808002363002D7FF443AF0C9BA7EB0807AB
S21400B03843440C93CDF80CB0204603992CF06FF8D7
S21400B04800250390002F7FF4B9AE364A316893681E
S21400B05804F10800E36252680B9B00F00BFD49E020
S21400B0689B46454607999EE79B4606F120021092A6
S21400B078F27D7068A2B1002296F818C00A99D5B277
S21400B088AC4511D9109D02F1010E35F832508D42AB
S21400B09828D90E9806EBC2020144D069084403E09A
S21400B0A80E9A0A990A441044E26B15A955690122BA
S21400B0B81193A847159A0A9B1392E26B0433956975
S21400B0C85846012213A90A93A847119B054603EB85
S21400B0D80802A2EB0B02042A7FF679AF28B90BF117
S21400B0E8040BC5E77246491BC9E7CDF820B088E7C8
S21400B0F870252F46384619B0BDE8F08F4FF0000A85
S21400B10819E73269616CD31D1439B3FBF1F30133C7
S21400B11802EBC302236B9342BFF404AEE9E71C2795
S21400B128E8E700BF843F0020032A2DE9F3410646DE
S21400B1380D4617461C4606D1237A012B23D001203C
S21400B14802B0BDE8F081DFF86080096842460DF17C
S21400B1580703FFF7ABF960600028EDD19DF80720DC
S21400B168237A032AE8D0D8F804106A689142E3D113
S21400B178012B2969D4F80CC007D172690CEB0103BE
S21400B188934202D92074207CDAE708316144E160F2
S21400B1983B46012229463046FFF7ACFD6060002892
S21400B1A8CAD00020CCE700BFB03F00202DE9F3410D
S21400B1B8089C032A1746266806D1237A012B24D032
S21400B1C8012002B0BDE8F081DFF8908030464246A4
S21400B1D80DF10703FFF76AF960600028EDD12568CE
S21400B1E8D8F80400A96AD5F844C04840CCF1000352
S21400B1F81840227AE1D1012A09D1E268D8F810303D
S21400B20813447269934202D92074207CD9E72868CF
S21400B218EB6A1B1A081AB3FBFCF3B0FBFCF083427C
S21400B2280BD1706CF36A421E1340326B121A134429
S21400B238284633632BF073FFE862D8F81020E368DB
S21400B24808321344E36001223B4604492068FFF7AE
S21400B25851FD60600028B0D00020B2E7B03F002063
S21400B2682DE9F0410025604B0E46D3F800800446D1
S21400B2781D6018B921252846BDE8F08190F834707D
S21400B28807B30A6803689A4240F0A3804A6843688E
S21400B2989A4240F09E808A6883689A4240F0998075
S21400B2A8CA68C3689A4240F094800A6943699A4219
S21400B2B840F08F808A69C36B9A4240F08A804B6957
S21400B2C88361D8E768223946856B12F08DF9D6E98E
S21400B2D80212336804F1080023607368A56363608C
S21400B2E8336963617369A3612CF030F9B36904F1BB
S21400B2F84000E3639B68984720B9676C17B163689A
S21400B308B3FBF7F794F84330E761002BB2D000237D
S21400B318656C2366002D64D0002F62D02368B3FBCB
S21400B328F5F205FB1233002B55D16668B6FBF5F32C
S21400B33805FB1363002B4ED120462BF0FFFDA369B7
S21400B348043303449E4248D340F634726369CC3BC8
S21400B358934244D8B5F5805F43D3032120462BF0AB
S21400B36816FED4E90001E36B1B6898470546E36BB5
S21400B3780220DB689847CDB941462046FFF77AF9A0
S21400B3886428054604D141462046FFF773F905466A
S21400B398666C5DB9236A2046143E5E432BF0CEFDEC
S21400B3A8A369043303449E4238BF5A25002D0CBFB8
S21400B3B80123002384F8343007D1D4E900010B4A6E
S21400B3C81368013313602CF05BF9E06B2BF078FF01
S21400B3D851E75D254FE759254DE75A254BE75F2589
S21400B3E849E75B2547E700BF1439002010390020DD
S21400B3F82DE9FF410C4616461F46054680B390F8D1
S21400B40834307BB3B1F5801F2ED2DFF8608001217F
S21400B4182BF0BDFD2146424628460DF10F03FFF7E7
S21400B42845F8044670B99DF80F30012B11D1D8F8AD
S21400B4381030BB4212D10246009031462846FFF72C
S21400B44843FB0446E86B2BF03BFF204604B0BDE800
S21400B458F081022B14BF2D246024F3E76324F1E760
S21400B4682124F2E71124F0E72924EEE7DC3F002048
S21400B4782DE9F04385B00C4617461E460546DDF80E
S21400B488308098B390F8343093B3B1F5801F31D23A
S21400B498DFF8649001212BF07AFD21464A462846BB
S21400B4A80DF10F03FFF702F8044688B99DF80F3030
S21400B4B8012B14D1D9F8102006EB08039A4213D3AF
S21400B4C800904346324639462846FFF7FDFA0446BA
S21400B4D8E86B2BF0F5FE204605B0BDE8F083022B9E
S21400B4E814BF2D246024F3E76324F1E72124F2E750
S21400B4F81124F0E72924EEE7DC3F002073B50C465C
S21400B5081646054630B390F834302BB3B1F5801F95
S21400B51824D201212BF03BFD21462846104A0DF186
S21400B5280703FEF7C3FF044680B99DF80730032BD0
S21400B5380CD0022B0CD1284609492BF01FFF30608F
S21400B548E86B2BF0BDFE204602B070BD2D24F7E751
S21400B5586124F5E72124F6E71124F4E72924F2E725
S21400B568DC3F00202DE9F3411E4600230C46174613
S21400B5780546336050B390F834304BB3B1F5801FAE
S21400B58828D2DFF8548001212BF001FD21464246DF
S21400B59828460DF10703FEF789FF0446A0B99DF873
S21400B5A80730032B10D0022B03BF01233B60042374
S21400B5B8D8F8103018BF38603360E86B2BF080FE80
S21400B5C8204602B0BDE8F0812D24F6E72124F7E7EF
S21400B5D81124F5E72924F3E7DC3F002073B5044679
S21400B5E8056B2BF0ABFC636E03449D422CBF002317
S21400B5F80123854294BF00252D1A207C84F85030FC
S21400B608656584F85800A8B100230C4E1A461946FA
S21400B618204600962BF076FF002305461A46194664
S21400B628204600962BF077FFE3682844984294BF9C
S21400B6380020C01AE06502B070BD00BFFFFF0F0013
S21400B6482DE9F3471E4643690446B3428846174623
S21400B6589DF828904ED300258DF8075020462BF0ED
S21400B6686DFCD4F830A082450AD2236AB5EB430FA6
S21400B67806D2002220460DF10701FFF745F9B8B3B8
S21400B6889DF80730012B05D1002220460DF1070151
S21400B698FFF73AF9B9F1030F06D0314620462BF0EA
S21400B6A83DFC256B854227D3144D4FF0FF312846C5
S21400B6B800F0B2FA4B46294600222046C5E9037632
S21400B6C8C5F80080FFF716FB236E054663B12046D3
S21400B6D8FFF784FF94F8503013B994F858301BB12C
S21400B6E8236E04F150009847284602B0BDE8F0875C
S21400B6F80135B3E76225F7E71C25F5E7B03F0020DC
S21400B7082DE9FF410F4690461E46054698B390F829
S21400B718343093B3B1F5801F31D21A4C02212BF086
S21400B72836FC2246394628460DF10F03FEF7BEFEC4
S21400B738024678B1012342460093394633462846E6
S21400B748FFF77EFF0446E86B2BF0BAFD204604B0F0
S21400B758BDE8F0819DF80F30012BEBD12169B1428D
S21400B768E8D10093414633462846FFF7ADF904462C
S21400B7780028DFD1E7E72124E8E71124E6E72924B3
S21400B788E4E700BFDC3F00202DE9F04790F84230A0
S21400B79886B0012B05460391A1EB020740F0AA806C
S21400B7A8FF2F03D81E464FF0640807E00226012B39
S21400B7B814BF4FF032084FF06408013600244FF6E5
S21400B7C8FF79DFF844A195F84230012B14BF3223E5
S21400B7D864239C4202D35FFA88F40DE005AB224648
S21400B7E8514628462BF0A8FD95F84230012B059BBC
S21400B7F834D14B452DD1E4B295F84230012B14BF15
S21400B80832226422121BB24217D3012E39D10022EB
S21400B818012B05978DF8132027D1082205A90DF1CD
S21400B82813002CF045F89DF81330059A42EA0322D7
S21400B83821462846FFF730FA40B1022332490093E2
S21400B8482846CC23096803AAFFF7FAFE06B0BDE827
S21400B858F087DBB203B902340134B4E7591CCAD006
S21400B8689BB2002BF8D10134F6E7102205A90DF19A
S21400B87813002CF01DF89DF81330059A42EA03428F
S21400B888D6E7039A012B059223D10823202205A97F
S21400B8980DF113008DF813302CF00AF89DF81320DC
S21400B8A8120221462846FFF7F7F995F84230611C40
S21400B8B8012BC9B21AD10028BFD12846BDF81420DA
S21400B8C8FFF7EAF90028B8D10234BDF81620E1B22D
S21400B8D8AFE71023202205A90DF113008DF81330C9
S21400B8E82BF0E6FF9DF813201204DAE70028A4D10F
S21400B8F8059A9EE7B7F5803F4FF00106BFF457AFAD
S21400B9084FF032085AE700BFDC3F002070B586B01B
S21400B9180E4605460392A0B390F834309BB3B1F5B3
S21400B928801F32D202212BF032FB31462846184AB5
S21400B9380DF11703FEF7BAFD044618B99DF817303F
S21400B948032B0ED10223314600932846CC2303AAA4
S21400B958FFF776FE0446E86B2BF0B2FC204606B0EE
S21400B96870BD022B0BD10A4928462BF007FD039918
S21400B97802468142EFD02846FFF706FFEAE7612431
S21400B988E9E72124EAE71124E8E72924E6E700BFE7
S21400B998DC3F0020F7B50C461646054668B390F817
S21400B9A8343063B3B1F5801F2BD202212BF0EFFAA7
S21400B9B821462846144A0DF10703FEF777FDC0B95D
S21400B9C89DF80730032B14D0022B14D10E492846B5
S21400B9D82BF0D4FC471C024639462846FFF7D4FE0F
S21400B9E8044606B13760E86B2BF06AFC204603B0C5
S21400B9F8F0BD2D24F7E76124F5E72124F6E71124A6
S21400BA08F4E72924F2E700BFDC3F002030B50C46F7
S21400BA18054685B028B390F8343023B3B1F5801FB7
S21400BA2823D202212BF0B3FA0DF10F032146284644
S21400BA380F4AFEF73BFD034688B99DF80F20032AF8
S21400BA480DD003222146009202462846FFF7F8FD4D
S21400BA580446E86B2BF034FC204605B030BD2D2498
S21400BA68F7E72124F8E71124F6E72924F4E700BFCE
S21400BA78DC3F00202DE9F043466886B30568984603
S21400BA884FF0000CA946AE4655F83C400CF1010CA8
S21400BA98C4F31307013401D0B94217D0B4450EF1E8
S21400BAA8080EF1D12F46002403E0B44207F1080738
S21400BAB812D055F8343001340133F6D1C1F31301EE
S21400BAC841EA0851C7E90012BDE8F08341EA085187
S21400BAD8CEE90012BDE8F083B8F1030F03D10123C5
S21400BAE80372BDE8F083002303E0B34209F10809B6
S21400BAF8F5D055F833400133C4F30754032CF4D17A
S21400BB08C1F3130343EA0853C9E90032BDE8F083DA
S21400BB182DE9F0410646406882B0B8B10F46904617
S21400BB280024336853F8345003EBC403C5F30752B4
S21400BB38C5F31301013506D05B683046CDF80080A2
S21400BB48B84718B1706801348442EAD302B0BDE839
S21400BB58F08100BF024B1968024B1868FFF780BBDC
S21400BB68F46A0020146B002008B535F094FB014BEE
S21400BB78186008BD08400020014B186835F086BBE1
S21400BB880840002073B504462248012A00EAC1117D
S21400BB989DF8185023F07C4007D9961E012E28D908
S21400BBA8073303F07F03194308E09DF81C300A4367
S21400BBB8DB0603F0C053134343F060410023C4E997
S21400BBC800108DF80730B5B1202221460DF1070088
S21400BBD82BF06EFE1A220DF10700211D2BF068FED1
S21400BBE8082063689DF8072043EA8263636002B012
S21400BBF870BD1143E2E71B220DF1070021462BF02A
S21400BC0857FE23689DF80720042043EAC263236092
S21400BC18EDE700BF80FFFF0738B5094B0D461A68E9
S21400BC280021044611F0E0FC00234FF0FF32238386
S21400BC38C4E900252361A260E382A37638BD00BF6D
S21400BC485CB304000138C0B205289ABF014B185CE3
S21400BC580120704761B304002DE9F04107461546F8
S21400BC6800240E46596888B0490A012922464FEA38
S21400BC78510104F10104F8D8DC78997824031B886C
S21400BC88C90201F4006104F480540C43C3F30A03A8
S21400BC985203234492B24FF000089C18274B6FEAD1
S21400BCA80444039325F07843ED4302A90DF10700F9
S21400BCB81B2202938DF807802BF0FAFD9DF80720CB
S21400BCC8029B02A943EAC2630DF107001B2225F076
S21400BCD87845049302958DF807802BF0E9FD9DF8CA
S21400BCE80720029B6FEA144443EAC26305934FF0A9
S21400BCF8FF330794069307A9BB69012206F11000D3
S21400BD089847BB6905A90446012206F1080098472A
S21400BD18BB69404518BF044604A90122301D984750
S21400BD280122404518BF0446BB69304603A9984718
S21400BD38404508BF204608B0BDE8F08101009AB229
S21400BD48044BD3F88420D206FBD4D3F88400C0F37F
S21400BD58811070470040005038B5184B0546D3F898
S21400BD6824010C4600F00700062823D8DFE800F078
S21400BD78040A121A1E0E1600012305B1286004B123
S21400BD88236038BD33F01AFB0523F6E733F016FBBD
S21400BD980623F2E733F04CFB0323EEE733F048FBC9
S21400BDA80423EAE733F040FB0223E6E735F086FA99
S21400BDB80723E2E700231846DFE700BF00800050AD
S21400BDC838B5104B0546D3F800310C4603F003038C
S21400BDD8022B0BD0032B0DD0012B0FD133F028FBF1
S21400BDE8032305B1286004B1236038BD33F026FB71
S21400BDF80823F6E735F062FA0723F2E70123002066
S21400BE08EFE700BF0080005038B5104B0546D3F862
S21400BE1820310C4603F00303022B0BD0032B0DD066
S21400BE28012B0FD133F0CAFA052305B1286004B1F7
S21400BE38236038BD33F0FCFA0323F6E733F0F4FA50
S21400BE480223F2E701230020EFE700BF008000503E
S21400BE5838B5104B0546D3F840310C4603F00303BB
S21400BE68022B0BD0032B0DD0012B0FD135F028FA5F
S21400BE78092305B1286004B1236038BD33F0DEFA23
S21400BE880823F6E735F01FFA0B23F2E70123002014
S21400BE98EFE700BF0080005038B5104B0546D3F8D2
S21400BEA860310C4603F00303022B0BD0032B0DD096
S21400BEB8012B0FD135F004FA092305B1286004B127
S21400BEC8236038BD33F0BAFA0823F6E735F0FBF9F5
S21400BED80B23F2E701230020EFE700BF00800050A5
S21400BEE873B50D4600210E4B0191D3F880410646E6
S21400BEF804F00304012C09D0022C0CD00C460EB119
S21400BF08019B336005B12C6002B070BD01A8FFF735
S21400BF187BFF0F24F3E733F087FA0190EFE700BFC3
S21400BF280080005038B5104B0546D3F840320C4612
S21400BF3803F00303022B0BD0032B0DD0012B0FD1DC
S21400BF4835F0BEF9092305B1286004B1236038BD71
S21400BF5833F074FA0823F6E735F0B5F90B23F2E761
S21400BF6800231846EFE700BF0080005038B5144B92
S21400BF780546D3F800020C4600F0070004281BD834
S21400BF88DFE800F003090D111500012305B128604C
S21400BF9804B1236038BD35F093F90923F6E733F08A
S21400BFA84DFA0823F2E735F08EF90B23EEE733F067
S21400BFB825FA0E23800AE9E700231846E6E700BFBD
S21400BFC80080005010B40D4C0B46D4F8204204F004
S21400BFD80304012C0AD0022C0CD008B10021016001
S21400BFE80BB100221A605DF8044B70475DF8044BED
S21400BFF8FFF70ABF5DF8044BFFF72ABF0080005022
S21400C008B0F5207F1FD009D8B0F5007F15D003D82B
S21400C01868B1B0F5C07F0AD000200CE0B0F5607FAC
S21400C028FAD10B4BD3F88000C0F3011003E0084B9D
S21400C038186FC0F3033001307047054BD3F89000F3
S21400C048C0F30460F7E7024B186FC0F38020F2E7EE
S21400C058008000504FF400320E4B014610B5002009
S21400C0689A66FFF7CDFF484341F671320A490B4BF3
S21400C078884294BF00200120DC69DA639A6822F4BB
S21400C088401242EA00529A60E20344BF0022DA6392
S21400C09810BD00BF00900050005A62020000035016
S21400C0A85F2898BF094B4FEA501294BF53F82230C6
S21400C0B8074B00F01F0029B103F580530122824088
S21400C0C81A60704703F50053F8E700BF68B304002A
S21400C0D8608200501FB50021B0F5807F04460191AC
S21400C0E800F0068100F29D80612800F295801F28E6
S21400C0F805D8002840F0928033F080F9DCE0A0F103
S21400C1082004412C00F28A8001A353F824F000BFD3
S21400C11801C10000C5C2000001C10000C5C2000080
S21400C128E5C20000E5C20000E5C20000E5C2000066
S21400C138C5C20000C5C200009FC2000059C2000068
S21400C1481BC3000025C3000059C20000C5C200007A
S21400C158C5C20000C5C2000025C2000025C20000F6
S21400C16825C2000025C2000025C2000025C2000026
S21400C178EFC200007BC20000C5C20000C5C20000B6
S21400C188C5C2000039C300002FC30000C5C20000A6
S21400C19825C2000025C2000025C2000025C20000F6
S21400C1A825C2000025C2000025C2000025C20000E6
S21400C1B825C2000025C2000025C2000025C20000D6
S21400C1C825C2000001C1000025C2000001C1000010
S21400C1D801C1000001C10000E5C2000025C2000040
S21400C1E825C2000025C2000025C2000025C20000A6
S21400C1F825C2000025C2000025C2000025C2000096
S21400C20825C2000025C2000025C2000025C2000085
S21400C21801C1000001C1000080284BD0019804B07D
S21400C22810BDB0F5A06F5ED028D8B0F5607F50D0AE
S21400C23819D8B0F5007F4CD004D8B0F5C07F3FF4CD
S21400C2485BAFEBE7B0F5207F38D0B0F5407FE5D19F
S21400C25833F0D4F802464FF42070FFF7D1FEB2FB55
S21400C268F0F2520833E0B0F5806F37D0B0F5906F33
S21400C278D4D1002101A8FFF76FFDCFE7B0F5E06F36
S21400C28851D00DD8B0F5C06F43D0B0F5D06F45D0BB
S21400C298B0F5B06FC2D1002101A8FFF721FEBDE7B7
S21400C2A8B0F5F06F44D0B0F5086FB7D101A8FFF726
S21400C2B887FDB3E733F088F80190AFE733F09EF8D0
S21400C2C802464FF42070FFF79BFEB2FBF0F2019295
S21400C2D8A4E733F079F802462046F4E7002101A8DF
S21400C2E8FFF792FD9AE7002101A8FFF76BFE95E796
S21400C2F84FF0E02302911B695B0705D533F07EF803
S21400C3080290029B019389E703A902A8FFF7A0FD04
S21400C318F7E7002101A8FFF79BFD7FE7002101A8AA
S21400C328FFF724FE7AE7002101A8FFF7FBFD75E773
S21400C338002101A8FFF7B0FD70E700BF08B5802010
S21400C348FFF7C8FE034B98429EBF4FF48032024B5D
S21400C3581A6708BD005A620200A000501FB50346BF
S21400C3680020B3F5807F01906FD027D8382B00F0D7
S21400C37882800BD8243B092B0FD8092B0DD8DFE871
S21400C38803F05F5F5F5F0C0C5A0C3675522B57D064
S21400C39807D83D2B3AD03E2B72D0019805B05DF8F1
S21400C3A804FB802BF9D1394B1B6F03F00703013BC5
S21400C3B8032BF2D8DFE803F03D36393BB3F5D06FF0
S21400C3C854D019D8B3F5A06F55D00AD8B3F5806FF6
S21400C3D836D0B3F5906FE0D1002001A9FFF7BCFC7A
S21400C3E8DBE7B3F5B06F26D0B3F5C06FD5D1002024
S21400C3F801A9FFF72DFDD0E7B3F5006FECD00AD8FA
S21400C408B3F5E06F3CD0B3F5F06FC6D1002001A9B4
S21400C418FFF742FDC1E7B3F5086FBED101A9FFF7E4
S21400C428CFFCBAE705230193B7E70323FBE7072307
S21400C438F9E70223F7E7002001A9FFF751FDACE76B
S21400C448002001A9FFF7E0FCA7E74FF0E0230290E1
S21400C4581B695B0705D532F0D1FF0C230393039BBA
S21400C468E1E703A902A8FFF7F3FCF8E7002001A913
S21400C478FFF77CFD91E7002001A9FFF7A3FD8CE7F5
S21400C488002001A9FFF74EFD87E700BF0080005097
S21400C4984FF40022034B5A66012203F580439A6242
S21400C4A8704700BF0090005070B504468020FFF724
S21400C4B855FF032800F082804FF40022444B0221E7
S21400C4C85A6645F60E03434AC2F88030424B9962D4
S21400C4D8012103F580539962936DD903FCD4D4E9FE
S21400C4E800131B0543EA0163E17B94F823500B43D2
S21400C4F8217B43EA0143617B43EA0133A17B43EA9C
S21400C508811313619169D4E904031B0643EA806327
S21400C51801F000410B43A17EE07E0B43217E43EAF7
S21400C5280143617E43EA01239361E169136A0029A6
S21400C53823F00D0343EA010314BF0121002143EA57
S21400C548800343EAC103136294F8203094F822006B
S21400C558916A4FEA431332D194F8216021F03301EF
S21400C56843EA06130B4343F0010393621B49194B36
S21400C5789A6D31EA0202FBD1022217498A621A65CD
S21400C5889A6D5200FCD41A69A16822F4700242EA35
S21400C59801521A614FF000420F4B9A6118B90222F5
S21400C5A803F580539A6215B901220D4B9A6294F8E6
S21400C5B824301BB1074B0B4AC3F8802070BD21F00E
S21400C5C8330129430B4343EA40039362EFE700BF76
S21400C5D80090005000C0005000D0005003000140FA
S21400C5E800E00050F1A7FFFF014B93F900007047E9
S21400C5F88F600020014B1880704700BF4E700020E7
S21400C608B0F5207F10B50C4642D008D8B0F5007FAC
S21400C61833D003D888B1B0F5C07F0ED010BDB0F5C2
S21400C628607FFBD11F4A4C1ED2F8803023F03003BF
S21400C63843EA0413C2F88030F0E72BF057F92BF0E2
S21400C64863F94FF48031184B164A1967136F013C8B
S21400C65823F4704343EA0433136732F0CFFE0446EC
S21400C668FFF76EFBC0F1020120462BF047F900F0F9
S21400C67835F8BDE81040FFF761BE0A4A4C1ED2F8EE
S21400C688903023F0F85343EA0463C2F89030C5E7C5
S21400C698044A4C1E136F23F4806343EA842313670B
S21400C6A8BCE700BF008000500090005008B501218C
S21400C6B8022000F0E1F84FF42070FFF7A1FC054BCC
S21400C6C818702BF013F92BF01FF94FF48032024B39
S21400C6D81A6708BD8E6000200090005008B54FF419
S21400C6E8C070FFF7F7FCBDE808400449884294BFCD
S21400C6F8012102214FF42070FFF782BF80F0FA0272
S21400C70838B5044632F07AFE0546FFF719FBC0F145
S21400C718020128462BF0F2F80121002000F0ECF880
S21400C7282CB1FFF7DBFFBDE83840FFF707BE034B29
S21400C7384FF420701978FFF763FFF4E78E60002047
S21400C74810B5224B70B94FF40031214A1860516673
S21400C75802F598325268012A03D11E4AD2F80021FF
S21400C7681A6010BD1B68002BFBD01B4A5268012AB2
S21400C778F7D0184A8020C2F80031FFF7EFFD0528E9
S21400C7881FD14FF4C070FFF73BFC0128044604D1C4
S21400C79802214FF4C070FFF733FF07220F4B1A61D0
S21400C7A80122A3F580535A600B4A1369DB07FCD5B0
S21400C7B8012CD6D12146BDE810404FF4C070FFF7D3
S21400C7C81FBF0122064B5A60CBE700BF0C40002073
S21400C7D8009000500080005000C0015000E001505A
S21400C7E800D00150044A4178536F23F4407343EA5B
S21400C7F801235367704700BF0040005010B5044639
S21400C80810B10020FFF79CFF124A136943F0040397
S21400C818136133F069F92BF07CF80F4B5B6E5B0104
S21400C82842BF0E4B0E4AC3F8202434F034FD34F0D1
S21400C838E7FF34F02BFD2BF06DF802F0FFF81CB97B
S21400C848BDE8104032F0DABD0120BDE81040FFF721
S21400C85877BF00BF00ED00E00080005000E0035006
S21400C8680000FF0F034A0179D36E23F030030B4311
S21400C878D366704700400050F8B504461C4BD3F802
S21400C8888420D106FBD4D3F88430C3F381139C42AA
S21400C8982CD032F099FD012C064602D121462BF009
S21400C8A82DF834F0F8FC4FF00072124B07465A6623
S21400C8B820462BF036F84FF480630D4D621E9340E9
S21400C8C82B676B6E9A0103D4D5F884309B060AD57D
S21400C8D8384634F0DBFC022C08D13046BDE8F84078
S21400C8E800212BF00BB8D5F88430EAE7F8BD00BF76
S21400C8F8004000500060005010B50C4608B932F0F1
S21400C90863FD074B21461B783BB1064B984204D87B
S21400C9180120BDE81040FFF7AFBF0220F9E700BFCF
S21400C92890600020005A62020278034B0121002022
S21400C9381A70FFF7E1BF00BF906000204FF000427A
S21400C94838B5264B26495A6601224A604AF6CD3142
S21400C95803F50B235D6C1964154030BB9968C9074D
S21400C9680BD4002401221F4B5A6015B11E4B1F4AD8
S21400C9781A642FF022FB204638BD1A498A601C4AE2
S21400C988D96ACC0705D4904201D10724EAE70130DA
S21400C998F6E79042E5D1F8E70132DC6A14F00804BD
S21400C9A806D08A42F8D10724DFE700221049F4E7C8
S21400C9B88A42F8D020220B4B0B495A620122A3F573
S21400C9C880539A6023460A4A486A800603D49342EC
S21400C9D8E9D00133F8E79342C7D1E4E70090005066
S21400C9E80050095000600950004009503254FFFFBB
S21400C9F840420F004FF0004238B5174B174C5A66A6
S21400CA08012203F50C235A604AF6CD33656C23647D
S21400CA18437893401343124AD363C3788178A26855
S21400CA289B0043EA011322F074021343A3600279C1
S21400CA38837943EA022323614279C37943EA0223CE
S21400CA4863610078FFF77AFFEB0744BF054B236462
S21400CA582FF0B3FA012038BD00900050004009506E
S21400CA68004000503254FFFFF8B504460D461F46F6
S21400CA7816464AB101238B403021184A01FB002292
S21400CA88F7B141F21001535004EB4403072D4FF061
S21400CA980F014FEA031316D8A80006FA00F28140E1
S21400CAA80F4818442AF03EFF4EB9012330210B4A9E
S21400CAB8AB4001FB042277B141F210015350F8BD98
S21400CAC842F21001DFE7A5F10800800006FA00F23E
S21400CAD881400448E5E742F21001EFE700C0035042
S21400CAE804C003500CC003500121024600F58053D1
S21400CAF810B55960244B2549C36053690B40FCD1D7
S21400CB089361C2F89830536913F4401FFBD15369F8
S21400CB18D9052DD4936F5BBB53699B052AD4D2F8ED
S21400CB28881039BB1046D36FD2F88C302AF009FF2C
S21400CB38302391601161D16211621367C2F88030A8
S21400CB48134B9A4208D142F26000124B9064136568
S21400CB5851659065136651660D4B9A4202D10020C6
S21400CB6810290AD10C4B02F500525362936210BD8D
S21400CB78536FCCE7D2F88430CEE701F1280443F8A7
S21400CB8824000131ECE700BF120002005200010049
S21400CB980040005A00C002808F330F80084608B550
S21400CBA869B92A20FFF796FAB0B10C4B984206D915
S21400CBB80B4B9B68C3F302730133B0FBF3F0094BCE
S21400CBC800F5742000F23F20B0FBF3F001387F2810
S21400CBD828BF7F20C0B208BD0120F0E7005A6202D5
S21400CBE80040005A40420F000B4B10B5994228BF30
S21400CBF819460C461AB92A20FFF76CFA0246631E35
S21400CC081344B3FBF4F0A34228BF00F1FF30032817
S21400CC1828BF0320C0B210BD005A620210B51048E3
S21400CC28104C002B08BF04468C4228BF0C461AB985
S21400CC382A20FFF74FFA02469DF8083040F2FF30E8
S21400CC480133B2FBF3F2631E1A44B2FBF4F3A242BA
S21400CC5828BF03F1FF33984228BF184610BD00BF0F
S21400CC6880969800404B4C002DE9F04F2DED048B34
S21400CC78B64E0C4687B01546314600220746FFF7E3
S21400CC88B3FF94F80580804538BF804638462AF0BA
S21400CC9858FE20795FFA88F850B92A20FFF71AFA62
S21400CCA8B042014628BFB0FBF8F13846FFF776FFDA
S21400CCB84FF00009E37822781B01524202F0020284
S21400CCC803F03003134362780004524202F0040271
S21400CCD81343A27800F4FE00524202F008021343FF
S21400CCE84FEA087202F0E04213431843E3882289A9
S21400CCF8B8603B616389DFF860A243EA02433B629F
S21400CD08574502D1B9F1020F08D1012307F580571C
S21400CD187B6007B0BDEC048BBDE8F08F00222E7850
S21400CD288B488C49AC68964218BF014633468A48F9
S21400CD38CDF80080FFF772FF07EB09118B6CA2B2E3
S21400CD4823F0435323F41D1323F4405323F01F0307
S21400CD5806F003041C436B7882424FEA830303F011
S21400CD681C0344EA0304AB7838BF02461B03E87882
S21400CD7803F4E0432343040404F4E02423432C7C14
S21400CD884FEA091C640504F4600423432C7909F16E
S21400CD98050B240704F0405423438B648C6C6F49BE
S21400CDA8C4F30234013C042C26D8DFE804F0252519
S21400CDB803101A00D1F88041240C2EB3C2F30902DE
S21400CDC80AEB0B135A6009F10109143598E7D1F8F4
S21400CDD88441002EF2D1D1F88C11A4B2091449006E
S21400CDE815E0D1F88441002EE8D1D1F88C11240C36
S21400CDF8091401EB41010AE0D1F88041A4B2002EE3
S21400CE08DCD1DFED577A06E0D1F88C11091407EE6D
S21400CE18901AF8EEE77A01210CF1B44C0CF5804C28
S21400CE282304DCF8483024F4C046C3F3820C0CF123
S21400CE38010C01FA0CF107EE101A4FEA864648BFB5
S21400CE4846F0004613F01C0FB8EEC79AF6EE008AB6
S21400CE58424B4CD1D3F88C110BB208EE103AB8EE10
S21400CE68C88A38EE278A002858D105A8039200F009
S21400CE7813F9DFED3C7A28EE278A039A9FED3A7A73
S21400CE88C7EE097A9FED397A67EE877AB1EE007AAF
S21400CE98B6F1004F48EE077A0BD09FED357A06EECE
S21400CEA8104A77EE876ABAEEE86AF0EE477A56EEE8
S21400CEB8267AF5EEC07AF1EE10FACBBFF1EE677A75
S21400CEC878EEE78A77EEE87AFDEEE87AC8BFFDEEF8
S21400CED8E77A17EE901AB1F5003F2EDB6FEA564652
S21400CEE86FEA46461C484FEA0B11465066E7D3F8E9
S21400CEF8901169EE286A09B207EE101AB8EEC77ADA
S21400CF08D3F8881177EE677A0BB208EE103A87EEF8
S21400CF18A67AB8EEC88A38EE078AA4E7D5ED037A6B
S21400CF28DFED146AF8EE677A87EEA67AF7EE046AFB
S21400CF38C6EE877A27EE888AA0E711F5003FAABFD3
S21400CF48C1F3110146F400360E43CBE7005A6202DD
S21400CF58404B4C00809698000040005A0080E00F36
S21400CF68000000003D3B843F000080430000204452
S21400CF780000004900007A444FF40032054B9A66D8
S21400CF8841F6713203F51C33DA63012203F50053C8
S21400CF98DA6070470090005041F671320121064B66
S21400CFA8DA6303F50052D1600022DA634FF40032E8
S21400CFB8A3F518339A66704700000350044B1868A8
S21400CFC8421C02BF034AD2F894001860704700BF9C
S21400CFD8186B002000400050CB784A7810B55B01EB
S21400CFE80C7843EA82030A79234343EA02130C22A5
S21400CFF8424302F1B0421363012C02BF8A78024B07
S21400D00843F8202010BD00BFE880035008B54FF055
S21400D018B0435A6802B960B15B680BB12AF00EFDDE
S21400D0284FF0B04130B10120074B58602AF006FD9A
S21400D038C86008BD2AF002FD0223CB602AF0FEFC79
S21400D0480122024B5A60F4E70010005800200058EE
S21400D0584FF0B0414B6810B50BB12AF0EFFC012237
S21400D0680B4BC4785A608378934043EA8403447829
S21400D0782343047943EA0413447943EAC4038B60E0
S21400D088044B5A600378C3F10203CB6010BD00BF9F
S21400D09800200058001000584FF48032064B5A669D
S21400D0A803F5E6235B69C3F38512827003F03F023B
S21400D0B81B0B42700370704700900050024B1868B4
S21400D0C8C0F30740704700BF0080E00F0120034B05
S21400D0D89B680A3303F01F03984070470080E00FF0
S21400D0E8034BD3F82424D3F820041040704700BF1D
S21400D0F800C003502DE9F8431E4B0546D3F81033FD
S21400D1084B1E0E2B0E46174690F8009044781DD9F5
S21400D11809B34FF000082846D7B134F0D7F809EB22
S21400D1284903072C4FF00F014FEA031315D8A40044
S21400D138114808FA04F2A14018442AF087FCBEB940
S21400D14828468FB1BDE8F84334F0C0B88846E2E711
S21400D1582AF08BFCE3E78846E1E7083CA40007488A
S21400D16808FA04F2A140E7E7BDE8F8432AF07DBCD8
S21400D178BDE8F88300C0035004C003500CC0035039
S21400D1882DE9F0412B4B1746D3F810234A1C0646C8
S21400D1980C46407804D1D3F824142AF074FC0446CC
S21400D1A8002C2FDB072C4FF0030532782DDC4FEAD6
S21400D1B8840805FA08F529461F4802FA08F22AF0F4
S21400D1C845FC294672781D4802F0030202FA08F266
S21400D1D82AF03CFC012317F0050F194A18BF194915
S21400D1E803FA04F30CBFC2F81034C1F8103417F071
S21400D1F8060F18BF134AC2F814340123104AA34076
S21400D208C2F820342046BDE8F081A4F108084FEAA9
S21400D218880805FA08F529460B4802FA08F22AF0A3
S21400D22815FC7278294602F00302084802FA08F24A
S21400D238CEE700BF00C0035000C4035008C4035024
S21400D24800E0035000D0035004C403500CC403503D
S21400D25870B504462EF0F6FE064630B90FCC044DDF
S21400D2680FC594E8030085E80300304670BD00BF8C
S21400D2781040002047F6FF739A42F0B569D002299D
S21400D28869D8364B5B5C012B65D8354DDE0005EB5F
S21400D298C30415F83330A178012B13D10025E078A4
S21400D2A8401AA84202D80844C0B2F0BD431B6668BC
S21400D2B8A0EB530336F913609642D4BF1D4603F11C
S21400D2C8FF30EEE760680028EFD0B0F900409442DF
S21400D2D804DBB0F902409442B8BF1446838835444C
S21400D2E8FF2B19BFC8232827B0F90630B0F90870F5
S21400D2F8A3EB04030CBF0122002293FBF7F36E781E
S21400D30813441BB29E4201DD002B01DA731E1BB2CA
S21400D3184FF47A7C00EBC305EA88AD685F1C14FB03
S21400D32802521D4622EAE2723BB25C329E42B2FBD1
S21400D338FCF204DD00EBC307BF889742EAD200EB95
S21400D348C5039888904228BF1046884238BF0846CA
S21400D358AAE7FF20A9E70020A7E700BF74B30400E8
S21400D368104000200229F0B555D82C4B585C0128EF
S21400D37851D82B4C04EBC00114F830004B68012838
S21400D3880FD1C8788C78904294BFC4EB0001C4EBE8
S21400D3980201001BCAB28242C8BF002233F912003B
S21400D3A8F0BD002B37D08878904202D3B3F902003C
S21400D3B8F6E7CC78B3F900009442F1D94C7899880E
S21400D3C8013CA1F1FF06714203F10405E4B2714184
S21400D3D803F10C07CEB2B44216D805EBC1014FF4E0
S21400D3E87A756A43B1F902404968521A04EBD47157
S21400D3F802EB610292FBF4F29042D1DBB3F9020031
S21400D4089042CDDC10B2CBE737F831C04E1C9445BD
S21400D418E3D33146DEE70348C2E700BF74B304002F
S21400D428104000200080FFFF08B50448FFF710FFF3
S21400D438BDE8084001202EF00BBE00BF78B30400FC
S21400D4487FB51422002101A810F0CEF8044B01A9DC
S21400D4584FF0FF3002932EF041FE07B05DF804FB54
S21400D468006A18004FF40052034B00209A66032205
S21400D478C3F86022704700BF009000504FF4005277
S21400D488034B00209A660322C3F86022704700BF49
S21400D49800A000502DE9F04F894691B00DF1300BF1
S21400D4A88246DDE91C641746002110225846984635
S21400D4B81E9D10F099F81F9BB9F1000F04D16FF06C
S21400D4C8860011B0BDE8F08F002FF8D00EB9002CFA
S21400D4D8F5D11A9A12B91B9A002AF0D10DB9002B69
S21400D4E8EDD1209A002AEAD0424A904502D0424A14
S21400D4F890457CD1BAF80020B2F5105F77D1BAF81B
S21400D5080220B7EBD20FDAD322F04001802902D0EE
S21400D518B2F5807FD3D11CB9209B00201C60D0E7D1
S21400D528AE421FD2321995421CD29C42C7D8314609
S21400D5382246284610F0AAF82F4B2E46984526D0A5
S21400D54814F00F03BBD1CDE90097CDE90236CDE93B
S21400D5580443CDE906540893FFF784FF50B16FF0F3
S21400D5689200AEE7244A90450FD09C42E8D96FF067
S21400D5788900A6E7684606AA03A90EF05BFB0546DF
S21400D588FFF77CFF0543C7D0E9E79C42EFD81B9B13
S21400D5980D2B94D101238DF830301A9B0DF13102F2
S21400D5A803F10C0153F8040B8B4242F8040BF9D133
S21400D5B81B781370012310228DF83F300023CDE925
S21400D5C80097CDE90A23CDE90236CDE90443CDE933
S21400D5D80654CDF824B00893FFF744FF0028BED1C0
S21400D5E8684609AB06AA03A90EF04CFBC7E76FF01E
S21400D5F8850066E7004440040013C0042DE9F04F98
S21400D60891B09046DDE91A45DDE91C6B1F46894650
S21400D618DDF878A021B96FF0860011B0BDE8F08F6C
S21400D628002AF8D00CB9002DF5D116B9BBF1000FB9
S21400D638F1D1BAF1000FEED0484B9F4203D0484BC9
S21400D6489F4240F087800388B3F5105F40F08280E1
S21400D6584388B8EBD30FDED323F04002802A02D0EB
S21400D668B3F5807FD7D125B90023CAF8003000204B
S21400D678D3E7102D05D1394B9F42F5D1B44202D3DA
S21400D68843E0B4423ED263199E423BD25D45C2D8BF
S21400D69821462A4630460FF0F9FF304B34469F4263
S21400D6A838D00D3D5D4532D801238DF830302346FD
S21400D6B80DF1310204F10C0153F8040B8B4242F8C9
S21400D6C8040BF9D11B780D3413704FF48073ADF842
S21400D6D83E300CAB102209930023CDE90098CDE923
S21400D6E80A23CDE90345CDE90536CDE9075302936C
S21400D6F8FFF7B8FEF0B9684609AB06AA03A90EF00C
S21400D708D5FA1FE0164B9F42CBD05D4502D96FF085
S21400D718890082E715F00F037FF47DAFCDE9009806
S21400D728CDE90234CDE90453CDE906650893FFF741
S21400D73899FE10B16FF092006FE7684606AA03A933
S21400D7480EF08CFA0446FFF799FE0443F2D1CAF8A5
S21400D75800508CE76FF085005FE700BF0044400488
S21400D7680013C00410B54FF42F72002104460FF0C2
S21400D7783BFF8023C4F88C30054B04F19C00C4F8AA
S21400D7888430012384F88830BDE8104029F06EBB49
S21400D7984C1E040010B5D0F8A0400A468CB92AF0F2
S21400D7A872FB044610B90024204610BD2D2896BFEB
S21400D7B8064B074953F82010064A07482AF0A9FCE2
S21400D7C8F2E7D0F8A4101046A047ECE7FCB3040034
S21400D7D84F1E0400551B04007F1F0400F8B590F880
S21400D7E88060044616B100263046F8BD2AF07EF959
S21400D7F80028F8D1012384F8803094F8883033B1B3
S21400D808D4F884101F4884F888602AF082FC4FF009
S21400D818FF37D4F8B402421C1FD0C4F8B47210F014
S21400D828FF052CD020462AF05EF92946204600F04F
S21400D838A7FB0028EDD020462AF063F994F8883034
S21400D8483BB1D4F884100F482AF063FC002384F810
S21400D8588830002384F88030C6E72AF03FFC431C53
S21400D868DDD1D4F88C30D4F89420013B9A4204DBFE
S21400D878054A064906482AF04CFC0126E9E701262F
S21400D888C7E700BF1A310400551B04005D1E0400DC
S21400D8987F1F0400F8B50B780446302B0D46164655
S21400D8A804D14B7803F0DF03582B11D0284F6A1E9B
S21400D8B812F8011F002934D128460A220FF084FDE9
S21400D8C8202C03460D4631D1B1FA81F040091AE002
S21400D8D84A1C1F4912F8013F8BB928460FF080FDF5
S21400D8E81C4B02382340032B12D10134A410844267
S21400D8F80AD1A87837288CBF0020012003E0CB5C2B
S21400D90813F04400E6D1F8BDCCBF01200020FAE7AA
S21400D918002CB8BF0334B0EBA40FD4BF01200020FE
S21400D928F1E77B5C13F00400C2D1ECE726B10843AC
S21400D93802D0013B61F100050122A240013A1A40DB
S21400D948002D08BF9A420CBF01200020DBE700BF6D
S21400D95809DA040003000080F0B5037801467B2B43
S21400D96817D10646022400220B4F16F8015F7D2DBC
S21400D97805D10B5D6BB9D24302F0010008E07B5D70
S21400D98813F0440002D001320134EEE7202DFBD01C
S21400D998F0BD0020FCE700BF09DA040070B50646B3
S21400D9A80D460FF01DFD044630462AF0B2FB044E25
S21400D9B8AC4200D370BD30462AF0ABFB0134F7E723
S21400D9C8F22704002DE9F84F044602215148FFF7D4
S21400D9D8E5FF1E212068FFF7E1FF636858682AF014
S21400D9E898FB4D482AF095FB67683B7BFD2B12D8C1
S21400D9F8D7F808804FF0FF3640460FF0F1FC054692
S21400DA08DFF81091DFF870A1DFF84CB10C3717F883
S21400DA18013BFF2B01D1BDE8F88F212B18D8212B0D
S21400DA2836D8DFE803F0377274111B1D1F21353511
S21400DA38353535353535232527292B2D2F313535E1
S21400DA483535353535353D33344C002D2BD12EE064
S21400DA58334C344AFE2B08BF1446F6E7324CF4E73C
S21400DA68324CF2E7324CF0E7324CEEE7324CECE759
S21400DA78324CEAE7324CE8E7324CE6E7324CE4E769
S21400DA88324CE2E7324CE0E7324CDEE7324CDCE779
S21400DA98234CDAE7314CD8E72AF02FFB01362AE088
S21400DAA8002DB4D02E4C202B06F10106AFD0022153
S21400DAB84846FFF773FF1E214846FFF76FFF50469C
S21400DAC82AF027FB594620460FF0E4FF2549002890
S21400DAD818BF214624482AF01CFB3B78202B02D18D
S21400DAE82B202AF00AFB21482AF013FB4DB118F820
S21400DAF806301F2B05D018F806001F2801D0AE42A6
S21400DB08CADB05482AF005FB81E7194C9DE7194C46
S21400DB189BE700BF92690400551B0400071F04001A
S21400DB28191F0400FE380400641F04006B1F04005D
S21400DB385C1F0400581F04004F1F0400451F040004
S21400DB483B1F0400501F0400461F04003C1F04002F
S21400DB58311F04002A1F0400211F0400061F0400AA
S21400DB680C1F0400171F04001A310400902204003A
S21400DB78631F04006A1F0400E63904002DE9F04F0D
S21400DB889BB005468B460024009203930FF028FCB2
S21400DB98249F039B04901C6028463C600AAA09A997
S21400DBA82AF0D9FA064658B90A980FF019FC3446EE
S21400DBB8B046039B1860D5F89C300293029B1BB9AD
S21400DBC820461BB0BDE8F08F029BD3F80890B9F149
S21400DBD8000F6CD02E4416F8013B202B11D00026DF
S21400DBE80C23734309EB030A59F803300193002BFF
S21400DBF858D0099B434555DB9AF808202AB1721C71
S21400DC0839E03B6801333B60E5E73968D5F894208E
S21400DC180793039B521A1A601AAB03EB880151F854
S21400DC28403C0199184605930FF0F4FE069000282C
S21400DC38E5D101980FF0D4FBDDE906230146DAF8B2
S21400DC480400D7F800A090F80CC0BCF1FE0F16D15F
S21400DC5803F1FF3EC64512D0D0F800900598019211
S21400DC680FF0BEFB0AF1010A019A50442B5C23B15F
S21400DC78386008F101081646B2E70130F6E7D5F82D
S21400DC8894200591A2EB0A028A4220DC58460FF03F
S21400DC98A7FB059901447B290DD958461F4A0099C8
S21400DCA829F00BF92B46049A2A4493422CD1029B5E
S21400DCB81B68029382E7DDE90012584629F0FDF852
S21400DCC85846174A0099013429F0F7F897E7BCF147
S21400DCD8FE0F94D1013B434591D1D0F800A0DFF860
S21400DCE840905AF80C2B22B9049B3B60039B1A60A1
S21400DCF8D8E75846009929F0E0F84A465846009969
S21400DD0829F0DBF80134ECE713F8011B0029CCD125
S21400DD184FF0200103F8011CC7E700BF711F04007D
S21400DD28F22704002DE9F047002486B01C60DDE9E0
S21400DD380EA8064689468AF800401168154888F8ED
S21400DD48004017461D468DF81740FCF767F818B9C7
S21400DD5801242B6801332B600020D6F89C6036B966
S21400DD6814B1012388F8003006B0BDE8F087B06823
S21400DD7868B14B460021CDE902A8CDE900750DF142
S21400DD8817022AF01FF89DF81730002BE8D13668DE
S21400DD98E5E700BF761F04002DE9F0470446ADF519
S21400DDA8447D8022002104A802AF0FF01DFC8022CB
S21400DDB82046009703AB04A9FFF7E0FE01283DD1F3
S21400DDC804A80FF00DFB03993B68461A0B4426EA95
S21400DDD8E6762344054604A83246014418460FF062
S21400DDE893FD00228255D4F89060039B3968D4F8D6
S21400DDF890201944B14212DCD4F89410E81A024470
S21400DE08C4F89020014404AAC4F89410D41825181D
S21400DE182B1B002B0DDC0DF5447DBDE8F087A05CC0
S21400DE282AF06BF9D4F8903001360133C4F89030F4
S21400DE38DBE714F8010B2AF060F9E9E7EBDD24AD1F
S21400DE488022002128460DF5887A0FF0CDFB0DF1CB
S21400DE5810094FF40072002150460FF0C5FB4FF032
S21400DE6801084A46002312F8016BA6B904A84AF826
S21400DE7828300FF0B5FA2946334698451CDB19F8C2
S21400DE88016B0DF5887C5CF8042B82420CD101F8F6
S21400DE98016B0133F1E7202E03F1010304BF4AF8B2
S21400DEA8283008F10108DEE70DF1100E7244D25C46
S21400DEB8B242E8D00022EA54D4F89060039BB342FA
S21400DEC82FDC23462C4A04A92C482AF022F9284697
S21400DED80FF086FA0646039B3F68F61A1F4426EAA2
S21400DEE8E672E01917441D44E11904F190039942BB
S21400DEF83CD904F19803984238D26A1E81190B1A45
S21400DF08002B27DD12F8013F00F8013BD4F89030CB
S21400DF180133C4F89030D4F894300133C4F8943000
S21400DF28EDE7D4F890300136E05C2AF0E6F8D4F84D
S21400DF3890300133C4F89030C0E7D4F89020013B05
S21400DF480132C4F89020D4F894200132C4F8942002
S21400DF58002BF2DC00232E44E355731B002B7FF7BF
S21400DF685AAF15F8010B2AF0C8F8F6E729460FF05D
S21400DF78CBFC3346ECE700BF4C1E04007B1F0400B6
S21400DF882DE9F843D0E9245604460F46002294F8B3
S21400DF989830012B07D10A2F07D1002384F8983030
S21400DFA80020BDE8F88300F29F801B2F01D10223D2
S21400DFB8F4E70D2F0DD1012384F898300D202AF0B0
S21400DFC89CF80A202AF099F800230120C4E9243393
S21400DFD8E7E74FF00008082F84F8988034D14545C5
S21400DFE830DDB5420FD138462AF087F820202AF0CF
S21400DFF884F8013D38462AF080F8013E04F805808A
S21400E008C4E92456CCE7FBDA05F1FF3938462AF08E
S21400E01874F804EB0903A6EB0902611918460FF019
S21400E02835FB04F806800146013E48482AF071F898
S21400E03835464D4501DC4D46E2E708202AF05DF8F6
S21400E048013DF6E7ACD0DBE77F2F1CD1002EA7DD1D
S21400E058B542A5DA6319691C21441846721B0FF0ED
S21400E06815FB04F80680014639482AF052F80820BD
S21400E078013E2AF042F8B542F9D1D4F89430013B73
S21400E088C4F894308CE70A2F98D0092F03D120467D
S21400E098FFF782FE84E7D4F88C30013BB3427FF763
S21400E0A87FAFB54204EB050805F101090CDB3846DD
S21400E0B888F80070D4F89430C4F890900133C4F807
S21400E0C894302AF01AF86BE74146721B04EB0900F5
S21400E0D80FF0DCFA40462AF01CF80820013E2AF029
S21400E0E80CF8B542F9DDE2E7022B06D15B2F01D129
S21400E0F8032353E784F8982049E7032B7FF450AFAF
S21400E108413F84F89820032F3FF64AAFDFE807F030
S21400E11802070A160121204629F0A0FF40E74FF023
S21400E128FF31F8E7B542BFF63BAF605D29F0E5FF83
S21400E138D4F890300133C4F8903031E7002D7FF7DB
S21400E1482FAF013D0820C4F89050BAE7841F04009A
S21400E1587E23040007B56B46054A1068516803C35A
S21400E1686846FEF747FC002003B05DF804FB00BFD6
S21400E178B4B4040030B58BB06C46174D0FCD0FC441
S21400E1880FCD0FC495E8030084E80300134BD3F8BB
S21400E1984C2112031CD5A3F5FE431C884FF6FF73CB
S21400E1A89C4208BF8C248DF81940FEF71DFA2044BF
S21400E1B880F308008DF818000948FBF7C7FE684684
S21400E1C8FEF772F93220FEF715FA00200BB030BDC4
S21400E1D8D3F85041E4B2E6E7BCB404000080E00F90
S21400E1E800F049020028ACBF00F16040064B4FEA39
S21400E1F80111C9B2ABBF00F5614000F00F0080F80E
S21400E20800131954704700BF14ED00E008B533F04A
S21400E2184FF80B4B1A7872B901221A7033F043F88C
S21400E2286FF0040210460132052152B2FFF7DAFFFA
S21400E238402AF7D108BDBDE8084033F034B800BF1F
S21400E24891600020002807DB01234109034A00F0FB
S21400E2581F00834042F82130704700BF00E100E00D
S21400E268054B421153F8223000F01F0023FA00F045
S21400E278C04300F00100704700E100E0002808DB1A
S21400E28801224309034900F01F008240603341F829
S21400E2982320704700E100E010B5044632F0FBFF8B
S21400E2A8024B1C6032F0F2FF002010BD3040002008
S21400E2B810B532F0F0FF034B1C6832F0E7FF20463B
S21400E2C810BD00BF3040002038B50C461546014644
S21400E2D810B9FFF7EDFF01462B46224603480EF01D
S21400E2E887F80028D4BF3720002038BDB582030041
S21400E2F808B500F017FC18B16A21024833F05FF839
S21400E308002008BD891F040008B500F049F80C4A2B
S21400E318536A43F470235362EFF308834FF0CD310A
S21400E328084A043B934208D200F070FAFFF7E0FF71
S21400E338BDE808400448FEF78BBF43F80419F1E728
S21400E34800ED00E00800002078B3040007B50422BA
S21400E35800200DEB02012DF039FE042803D0D7214A
S21400E368044833F02CF8019800F0DCF903B05DF8A7
S21400E37804FB00BF891F0400082310B50C0A41409F
S21400E3880648C9B241F30002013B024013F0FF03FE
S21400E39882EA5101F6D184EA010010BD2083B8ED67
S21400E3A838B5FEF70BFE044629F042FBE3072AD4ED
S21400E3B801221046114600FA01F3234002F1010239
S21400E3C823D01D4B33F811301C48062B028844888E
S21400E3D81B4920D14FF20F039C4219D1B2F5406F6A
S21400E3E828BF4FF4C0624CF23C330A80438040F2A8
S21400E3F801730A889A4201BF124B134AD2E90001F8
S21400E408C3E9000115E00021DBE7102AD2D1DBE7DB
S21400E4184FF4C062E7E740F20725AB420AD14FF255
S21400E4280F05AC4206D19A4204D14CF23C320B801E
S21400E438428038BD0B80DAE780B60400D467002037
S21400E4487E59002034400020CC670020014B1888F5
S21400E458704700BF7E590020014B1888000A704795
S21400E4687E590020044B05481B881A0AB3F5406FEE
S21400E47838BF00EB820070477E59002050B6040073
S21400E488044B1888044B020A53F82230C0B203EB38
S21400E498800070477E59002020B6040010B5044658
S21400E4A832F0FDFE4FF20F02044B1C805A80BFF379
S21400E4B85F8FBDE8104029F0C3BE00BFD4670020B8
S21400E4C86D4A2DE9F0416D4B55686D4C5D65516A96
S21400E4D899656C49D1F80002D865D1F80412586BD2
S21400E4E81966916A10F0040F5966D16A4FF0000059
S21400E4F89966116BD966516B1967D26BD8645A67DF
S21400E508D3E90E1218BF11465F4A91421A655DD3C9
S21400E51801F12000A04259D88869C5F30805186497
S21400E528CE69062D5E6455D1584DA84252D3584D33
S21400E538A8424FD205884DF6426085424AD11868EF
S21400E548C3F890005868C3F8940040F20170A242DD
S21400E558154604D22E680432B6F1CD3FF7D0002215
S21400E568C3E91E22C3E92022C3E92222641BDFF87E
S21400E5781CC1434DDFF818E19C648D422DD8D3E9C1
S21400E5881EC7D3E92065D3E922414FF0000E013AB1
S21400E598D2B2FF2A3CD1BEF1000F05D0C3E91EC790
S21400E5A8C3E92065C3E92241B3F85430C3F308032E
S21400E5B80C2B3BD8022B54D9DA1E092A51D8DFE88F
S21400E5C802F03157404350505050504D0021C3E997
S21400E5D810112D494FF42060B9E755F8044D6445ED
S21400E5E8CBD37445C9D2E607C7D50026294F57F8B6
S21400E5F8048FA045C1D00136062EF8D132B1013AB3
S21400E608D2B202F11E0643F82640B6E70522F8E71E
S21400E618E0464FF0010EBC4637462E4625460C46C9
S21400E6284146B4E740F60120BDE8F0813B2B18D1FF
S21400E638194B9B6913F0020F40F2025318BF184695
S21400E648F2E740F60320EFE740F6042240F20173B3
S21400E658B0F5206F0CBF10461846E5E740F60520D3
S21400E668E2E740F60722013B4E2B98BF1046DBE751
S21400E67840F60220D8E700BF00ED00E03C67002027
S21400E6880810002000E100E00800002018630000E1
S21400E698E0170400B06700200080015A00F00CB8AC
S21400E6A800F00AB800F008B800F006B800F004B8A1
S21400E6B800F002B800F000B872B61EF0080F09D0D5
S21400E6C81EF0040F0DD0DFF850E0AEE8FF1F6FF025
S21400E6D802000CE0DFF840E0AEE8FF1F6FF00E0027
S21400E6E805E0DFF834E0AEE8FF1F6FF00600694685
S21400E6F8EFF309828EE8070086460848084C8545E9
S21400E70801D3A54501D384F30888FFF7D9FE84F31F
S21400E7180888FFF7C3FE00003C670020480000207A
S21400E728081000204BF6EF6283B2002B08BF134692
S21400E738044A000C13804FF6CE2308BF1846024B37
S21400E7481880704752700020507000200B4BB3F9A9
S21400E75800201888002AB8BF80F0620042001A809D
S21400E768074AB2F9001013880029BCBF83F4805307
S21400E77883F00B03590011805840704752700020F0
S21400E7885070002007B5684600F01AF8DDE9000169
S21400E7980022034B03B05DF804EB2AF04DB800BF27
S21400E7A83C40002007B5009313460A460146034836
S21400E7B829F0F6FD03B05DF804FB00BF3C400020DE
S21400E7C80249034A0160521A4260704728710020C5
S21400E7D800800020004870473C40002038B5416063
S21400E7E8044632F058FD05462146044828F041FB09
S21400E7F82846BDE8384032F049BD00BF64400020D6
S21400E808014828F033BB00BF644000200222014BB9
S21400E8181A6770470040005070B532F03CFD174E3E
S21400E8280546174832F065FD3378CBB900F07AF91B
S21400E838044620B1284632F029FD204670BDFFF771
S21400E848DFFF32F02FFE0F4B1C6031F0CFFA0E4B75
S21400E8580E4A1860536F43F0010353672AF008F80E
S21400E86800F074F82AF01BF8094B002418600123FE
S21400E8782846337032F00AFDDFE700BF9E600020AE
S21400E888ECB404006840002090400020004000508F
S21400E8986C40002038B5044632F0FDFC0F4D0246A9
S21400E8A82B78FF2B04D1B4B1BDE8384032F0EEBC6B
S21400E8B81BB9002CF8D0012103E0002C14BF01215D
S21400E8C8FF210B44DBB22B70B3FA83F304495B09D0
S21400E8D810460B70E8E71946F3E700BF9B60002078
S21400E8E89A600020054B1B685843054B00F57420BA
S21400E8F800F23F20B0FBF3F0704700BF90400020C6
S21400E90840420F0073B50F4E04463378834211D049
S21400E91800238DF80430430001A88DF805300A4D11
S21400E928FDF760FF40203CB1FFF7DCFF2B68181AA4
S21400E9382860347002B070BDFFF7D4FF2B68184407
S21400E948F6E700BF95700020C840002073B5002485
S21400E95801A88DF80440FDF7E7FF2046FFF7D2FF31
S21400E9682C4B2D4AD3F8003103F0030313604FF401
S21400E97800222A4B5A664FF400325A6630F0B0FF2F
S21400E9884FF4C870FFF7AEFF254B264A1860264995
S21400E99813680134E4B20A2C41F8040BF9D1034495
S21400E9A800EBC00003441360204B214D1B7813B3C3
S21400E9B8184BD3F8003103F00303022B23D0032BA4
S21400E9C824D0012B17D130F033FD024698B1194BED
S21400E9D8194EDC6800231946C4F30B04013404EB13
S21400E9E884040138E4FB06010EF092FAFFF77AFF7A
S21400E9F82B6803442B601F20FFF774FF2B68034423
S21400EA082B6002B070BD30F019FDDEE732F056FC20
S21400EA18DBE700BF00800050D04000200090005088
S21400EA2894400020984000209C400020A2600020CF
S21400EA38C840002000C0015040420F000122154B7C
S21400EA4810B55A67144B154C1B7813B3022032F0D6
S21400EA581AFDF0B131F050FAD8B1A36DD90302D53A
S21400EA68E36D9A0715D40D4B9B6DDB0711D4012275
S21400EA780B4B1A7032F0FBFCBDE81040094B0A4AF3
S21400EA881860136F23F0070343F00303136730F08F
S21400EA98B5BC10BD00D00050A360002000C00050D8
S21400EAA8A0600020C4400020008000500122014BD6
S21400EAB81A707047A360002008B5FFF763FEFEF7DC
S21400EAC8FDFA01280ED1144B04205A6E4FF4802309
S21400EAD81249520358BF124A4B6601F510410862A4
S21400EAE858BF536629F0E3FEFFF790FBFFF732FBAB
S21400EAF8FFF740FB0DF0C6FCFFF78EFE00F012F89D
S21400EB0829F0D6FEFFF700FC29F0E1FE2DF06CF99F
S21400EB18BDE8084029F0CDBE0080005000900050A7
S21400EB2800A0005070B532F0C3FB144E054634788A
S21400EB38FCB9134B1C60134B1C60134B1C6000F095
S21400EB4831F8012031F0C6FA31F0B8FA0F4B024618
S21400EB58186020B9284632F0A6FB232070BD23464D
S21400EB6840F2E7310A480EF0D3F90A4B1860012341
S21400EB783370284632F097FB0020EFE7A6600020A7
S21400EB88E4400020E0400020EC400020E840002060
S21400EB9818FCFFFFDC400020014B1868704700BFD8
S21400EBA8DC4000201FB50024194B18689A8802908C
S21400EBB8D3F806009B7A00901648ADF80C208DF81E
S21400EBC8043032F096FB02A88DF808408DF80C4009
S21400EBD8FEF73EFA694601208DF80040FEF7FCF97C
S21400EBE840F2FF320C4B9A615A614FF0B042936A7A
S21400EBF813F00803FBD113620120FEF707FA0C2076
S21400EC08FFF73CFB0C20FFF71DFB04B010BD00BF50
S21400EC18A9B60400E4B404000020005810B532F089
S21400EC2847FB4FF0B04304465B695A06074A03F0B1
S21400EC38010003F0510348BF40F00200536131F071
S21400EC4871F92046BDE8104032F02DBB0020005870
S21400EC5821282DE9F341054604D82C46204602B063
S21400EC68BDE8F08100240B4E0B4FDFF83080002300
S21400EC78CDF800801A461946386828F043FC8442C6
S21400EC88EBD2222CE9D056F8043BAB42E6D001344E
S21400EC98EDE700BFC8B90400146B0020FFFF0F00A3
S21400ECA82DE9F04F644E654D89B029F05CFE316859
S21400ECB82868FCF7D5FA0446002827D033680024CD
S21400ECC8D3E900019A6912689047336804A89B69DB
S21400ECD89B689847336802209B69DB6898473268C8
S21400ECE805985368E7B2B3FBF0F3BB42916904F1A9
S21400ECF801044ED8CB680020984733689B695B6848
S21400ED08984731682868FCF7ABFA04460027DFF80E
S21400ED1844A1DFF84481DFF84491F4B9484B2868E9
S21400ED28DB5D002B00F08380D8F8006002AB31462C
S21400ED3803AAFCF717FC2D2807D070B9039B012BF4
S21400ED480BD031462868FCF761FEDAF80030314609
S21400ED581A682868FCF7DAFD04460137222F0AF1FC
S21400ED68040A08F1040809F10109D6D1B4FA84F3B3
S21400ED78344A5B0913702B681B7C33B129F0BFFD3E
S21400ED8818B1DB21304832F01AFB204609B0BDE83E
S21400ED98F08F12680B6907FB002098479FE7D8F8A2
S21400EDA8003003AA194402AB0191FCF7DBFB2D28BF
S21400EDB8034601992BD0286813B30BF1010B5FFAB1
S21400EDC88BF18E422868EAD8204BDB5D002BC4D036
S21400EDD8F3B27E2B2868C0D8D8F8003003AA06EB12
S21400EDE8030B594602ABFCF7BDFB2D28B5D0594698
S21400EDF82868FCF70BFE013604460028E8D0ACE786
S21400EE08039B7BB999F80020029B9A42D5D099F8C3
S21400EE180030DAF800202868FCF772FC0028CCD00E
S21400EE280446D1E70191FCF7F1FD0199EFE7084B9D
S21400EE38A346DE5DC3E700BFF46A0020146B00201B
S21400EE48A4B90400A86000201020040082B90400B9
S21400EE583EB90400B4B60400C8B9040060B904009A
S21400EE68F8B51F46214B04461B780D46164623B1B7
S21400EE7800F47E23B3F50E2F2BD02046FFF7E8FECE
S21400EE882128044614D81A4B53F82010194B1B781F
S21400EE98ABB1194B212C18681DD8184B1B5DD3B184
S21400EEA83268FCF733FD044650B129F027FD07E029
S21400EEB8FF2807D93A46314680B229F033FA0024AB
S21400EEC82046F8BD4FF4A9710D4832F078FA0021B3
S21400EED8DCE70146DAE77F2D08BF00253B463246C9
S21400EEE851FA85F1FCF70CFCDDE700BFA7600020AF
S21400EEF8C8B90400A8600020146B0020A4B9040058
S21400EF081020040008B5520829F0FBFC30B1BDE813
S21400EF1808404FF49C71024832F051BA08BD00BF51
S21400EF28A12004002DE9F743C70705460E461446F8
S21400EF3804D540F2E311494832F041FAE10704D516
S21400EF484FF4F271454832F03AFA454B93F8008090
S21400EF58B8F1000F20D043F260239D4208D1224624
S21400EF68314640480EF0D0FC002003B0BDE8F083E0
S21400EF78C5F30B0705F44055B5F5805F14BF4FF48D
S21400EF880F204FF40E20234632467F21384303B025
S21400EF98BDE8F043FFF764BF05F47043B3F5805F40
S21400EFA83FD1C5F30B05304A05F17E65631E2B4439
S21400EFB8934230D82F46DFF8A49007EB040847455D
S21400EFC842D1AA070ED04FF6FF7336F8022BA81EBA
S21400EFD843EA024304220DEB02010193FFF792FF76
S21400EFE80235023CA3070ED0023C24F00103F35A74
S21400EFF804226FEA03436FEA13430DEB0201281954
S21400F0080193FFF77FFF002CAED0224631462846F4
S21400F018FFF778FFA8E740F2FD11104832F0CFF965
S21400F028C8E705F46043B3F5005F04D1C5F30B05E4
S21400F03805F5FC25BEE740F20521084832F0BFF981
S21400F0486FF00F074546B6E717F8013BFF2BB6D01B
S21400F0584FF40471484632F0B2F9B0E7A120040034
S21400F068A760002054700020FF03E00F10B500F0E2
S21400F07877F829F092FC044618B100F079F8204693
S21400F08810BD00F07BF804460028F6D10122014B9B
S21400F0981A70F2E7A9600020054B1B7833B1054BC0
S21400F0A8C0F3130100221868FCF774BC11207047DF
S21400F0B8A9600020146B0020144B2DE9F0411B7842
S21400F0C805460E461746FBB129F04EFC012805D921
S21400F0D8841EE4B2012C09D9212412E03B463146AD
S21400F0E82846BDE8F041002200F052B800F038F893
S21400F0F83B4600223146284600F076F8044600F0E3
S21400F10837F82046BDE8F0811124FAE7A960002008
S21400F118124B70B51B7804460D461646E3B129F027
S21400F12823FC012805D9831EDBB2012B08D921242C
S21400F13810E0324629462046BDE8704000F040B848
S21400F14800F00EF820463246294629F028FC0446E8
S21400F15800F00EF8204670BD1124FBE7A9600020D9
S21400F16808B532F098F8014B186008BDF04000204A
S21400F178014B186832F08AB8F0400020024B196834
S21400F188024B1868FCF76CB8F46A0020146B002071
S21400F19837B505460C46C0F313010848ED0200686B
S21400F1A805D5224603B0BDE83040FCF7A7B9009362
S21400F1B813462246FCF75CF903B030BD146B0020FA
S21400F1C830B405461346074A0C46C0F313011068C8
S21400F1D8EA0203D5226830BCFCF798BB224630BC4E
S21400F1E8FCF78EBA146B0020F7B505460F46144692
S21400F1F81E461BB92125284603B0F0BD0029F9D0C4
S21400F20829F0B2FB4BF23462ABB2934220D14FF0F6
S21400F218FF3322466946CDE9003325483346FFF7D3
S21400F228E3FF08220546234968460EF029FD38B94B
S21400F23833462246694641F2F010FFF7D5FF0546E9
S21400F248002DD8D13246694638460EF05DFBD2E727
S21400F25841F2F01293420FD1174B311908299A6CD4
S21400F268DB6CC7D8CDE9002332460DEB04013846DF
S21400F2780EF04AFB0025BEE702280BD1C5F30C4367
S21400F28832199342B6D3C5F30B0104F17E643246B5
S21400F2982144ECE7032809D1C5F30C4332199342FD
S21400F2A8A8D3C5F30B0104F5FC24F0E70125A2E773
S21400F2B8021008C054BA04000080E00F10B52BF006
S21400F2C81FFE2CF015FFBDE8104003460121022062
S21400F2D8014A02F00BBC00BF3821040013B5D0E980
S21400F2E8023253F822301C7820462BF01BFE2346A9
S21400F2F8009001210220024A02F0F8FB02B010BD7D
S21400F3084C210400014B18782BF0E1B9AA600020C4
S21400F318FF232DE9F04F8FB01122002108A88DF8A1
S21400F32813300EF061F908A82AF08FFB012102209D
S21400F338B04A08AB02F0DAFB41F24903AE4A0121B3
S21400F348022002F0D3FB06A82AF0AEFC08A90DF1AD
S21400F35813002AF0B4FC02200021A84A02F0C6FBDB
S21400F36800202BF0E5F910B106A809F0CDFB9DF9B1
S21400F3782A3001210220A24A00939DF82B3002F081
S21400F388B5FB2BF0B9FD831EDBB2FC2B054631D846
S21400F398012102209B4A02F0A9FB01249A4E9B4FAA
S21400F3A8DFF8D082234632460021022002F09EFB78
S21400F3B805A9E0B22BF0A2FD034650B1A0F1160253
S21400F3C8012A40F2AA8042460121022002F08EFB62
S21400F3D80CE09DF914303A4601939DF81630012149
S21400F3E8009302209DF8153002F080FB0134E3B24A
S21400F3F89D42D7D8BDF8284007F072FF2346002163
S21400F408834A0090022002F071FB02200021814A04
S21400F41802F06CFB00202BF08BF910B108A809F05D
S21400F42873FB01217C4A022002F060FB2BF0C2FC31
S21400F43804462BF0BDFC23460121784A00900220A2
S21400F44802F054FB08F024FC00210220744A02F063
S21400F4584DFB9DF81330FF2B65D000210220714A22
S21400F46802F044FB01216C4A022002F03FFB2AF01E
S21400F4782BFC012103466C4A022002F037FB07F0FA
S21400F48807FF00210346694A022002F02FFB2AF0F4
S21400F49821FC04462AF020FC23460121644A0090F9
S21400F4A8022002F023FB31F097FF08F099FC0121B7
S21400F4B80346604A022002F019FB0025DFF8B881EF
S21400F4C808F08EFCECB2A04233D831F085FF012359
S21400F4D8594A1946022002F009FB00202BF0F7F8DB
S21400F4E8564B574C0093012100230220554A02F040
S21400F4F8FDFA236863B1012102201B78524A02F004
S21400F508F5FA2368012102205B78504A02F0EEFAE9
S21400F5182BF0E2F80FB0BDE8F08F012102204C4A2C
S21400F52802F0E4FA62E7002102204A4A02F0DEFA14
S21400F53898E7494B204603EB0416D6F8089008F0DF
S21400F54809FD8246204608F051FC444F00280CBFAF
S21400F558C346BB46204608F0FDFC0AF0B7FA00286A
S21400F56808BF4746534600210220CDE900B73C4A6B
S21400F57802F0BCFAB37901210293B3880220019302
S21400F5887388384A0093337B02F0B0FA0026DFF817
S21400F598ECB099F80430F4B2A34203D831F01CFF5B
S21400F5A801358DE714235C43D9F8007002203A5BD6
S21400F5B807EB040A9AF90C3000922B4A002132EA2B
S21400F5C8230228BF5A461346284A02F08FFA00201C
S21400F5D82BF0AEF838B150463C5B2AF0E4FB014607
S21400F5E820460AF0C1FA01210220214A02F07EFADA
S21400F5F80136CEE78D2104009C210400B8210400C2
S21400F608E4210400BF210400D5210400DC21040005
S21400F61811220400312204007B2204003A2204004E
S21400F6285C2204007D400400672204007D2204005A
S21400F63893220400A9220400222304003A2304008B
S21400F6488C4500202E230400482304005C23040075
S21400F658F9210400191F0400C04400206421040096
S21400F668B4220400D4220400812104000A230400E2
S21400F67892690400042204006C2104007521040029
S21400F6882DE9F7430025134EDFF8588008F0A8FB4D
S21400F698ECB2A04202D803B0BDE8F08327012046AA
S21400F6A816F8079008F0A2FB0B4A4B46002808BF3E
S21400F6B84246002102200092084A02F017FAF05D3E
S21400F6C82AF00EFB01210220054A02F00FFA013546
S21400F6D8DCE700BFC04400202B700400772304003A
S21400F6E8926904003570040008B583685A68117872
S21400F6F8C26853F82230A1F1650251425141187888
S21400F70808F02AFD30B9BDE8084001210220024A67
S21400F71802F0ECB908BD00BF8223040000210220D5
S21400F728014A02F0E3B900BF9C230400002102202E
S21400F738014A02F0DBB900BFCA23040010B504462C
S21400F74886B01822002168460DF04EFF68462AF05B
S21400F7583DFFD4E9022052F8203002EB80021B78E5
S21400F7688DF80B30516891F900108DF80A109168E1
S21400F7780988ADF808106168091A032907DDD268F8
S21400F78803F01F03127843EA42138DF80B306846DD
S21400F79807F054FE00210346024A022002F0A6F9AA
S21400F7A806B010BDE623040007B500202BF068FB62
S21400F7B800210090034B0220034A02F097F903B099
S21400F7C85DF804FBF3230400F923040013B5D0E91D
S21400F7D8023253F8221003EB82035B680878196834
S21400F7E80023094CA222994208BF2146C01A18BF16
S21400F7F801202BF039FB01210090044B0420044A19
S21400F80802F074F902B010BD00F8FF07C0650400E6
S21400F8180B25040013B5D0E9023203EB820153F836
S21400F8282230D1E901141878FF22003818BF0120C9
S21400F838237809682BF018FB01210090034B04205D
S21400F848034A02F053F902B010BD00BF04240400B6
S21400F8580B25040008B5002101230C4A2BF076F985
S21400F8680A482AF0D4FE0020094909F0E5F90020E4
S21400F8782AF05EFF10B1054809F046F9BDE80840D1
S21400F88801210420034A02F031B900BFDB650020DD
S21400F898192404009269040010B52AF01FFA0346DA
S21400F8A830B1BDE8104001210420054A02F01EB917
S21400F8B80121BDE810400420024A02F017B900BF33
S21400F8C8272404003824040010B52AF0A4FEBDE856
S21400F8D81040034601210220014A02F007B900BF82
S21400F8E84324040010B52AF067FEBDE8104003461E
S21400F8F801210220014A02F0F9B800BF5924040089
S21400F90837B5D0E90232012453F822304FF6FF709B
S21400F9181D78FE2204FA05F100232BF019FB2B466E
S21400F928009021460420024A02F0E0F803B030BDF9
S21400F9386D240400D0E9023253F822301B7823B134
S21400F94801210220024A02F0D1B8024A1370704719
S21400F9588C240400AA60002007B568462AF0A4F99B
S21400F96807F0BEFC01210346084A022002F0BEF852
S21400F978684609F0C9F807F027FF01210346044A3C
S21400F988022002F0B3F803B05DF804FBA2240400DA
S21400F998BC24040037B5D0E90245406854F8253041
S21400F9A8401B0328D8BF002004EB8504C8BFE068C6
S21400F9B819786368C8BF00781A78A36893F9003086
S21400F9C8009001202BF03EFA38B901210220084A9F
S21400F9D803B0BDE8304002F089B8064B01900093AA
S21400F9E801210220044B054A02F080F803B030BD1E
S21400F9F8CD240400D52404006F510400E924040033
S21400FA0807B501202BF026FA48B9009001210220FC
S21400FA18084B094A02F06AF803B05DF804FB054B88
S21400FA280190009301210220044B054A02F05EF87B
S21400FA38F2E700BFD5240400002504001E7E04005B
S21400FA48E924040008B5D0E9023253F822301878C1
S21400FA582BF0B4F930B9044A0121BDE80840042067
S21400FA6802F044B8014AF7E71525040031250400DA
S21400FA7808B5D0E9023253F8223018882BF09CF9E2
S21400FA8830B9044A0121BDE80840042002F02EB827
S21400FA98014AF7E7502504008025040073B503786B
S21400FAA8044613F0050F0ED04588062D17D1836837
S21400FAB801215B68174A1B7801938388042000930A
S21400FAC8154B02F013F82378012B20D001210420CF
S21400FAD8114B124A02B0BDE8704002F007B835B9BB
S21400FAE88388012104200E4A02F000F8EBE7012D76
S21400FAF8E9D186680B49002009F09EF8304609F0DF
S21400FB0803F829460420084A01F0F0FFDBE702B0B4
S21400FB1870BD00BFB6250400AD2504000826040005
S21400FB28D3250400F0250400926904002DE9F04F5F
S21400FB3800268FB0364D09AC0FCD0FC42B680121B7
S21400FB480220344A236001F0D1FF3446DFF8DC9007
S21400FB582AF0BEF8F5B2A8420BD82AF0B9F8234620
S21400FB680090012102202C4A01F0C0FF0FB0BDE82A
S21400FB78F08F284605A92BF003F90346002841D143
S21400FB889DF81430032B39D904238DF814302B46EE
S21400FB9800210220214A01F0A9FF9DF814300EAA80
S21400FBA802EB830300214A4653F8143C022001F076
S21400FBB89DFF28469DF821A09DF815B09DF8187061
S21400FBC8BDF816802BF0DEF85346CDE902800021FA
S21400FBD80220CDE900B7124A01F088FF0134002060
S21400FBE8E4B22AF0A5FD18B10DF1190008F08CFF53
S21400FBF8002102200B4A01F079FF01E0002BC6D154
S21400FC080136A5E700210220074A01F06FFFF7E753
S21400FC185CBA04001A26040093260400D7210400C0
S21400FC2847260400551B04006E2604001A310400FB
S21400FC38C3688268013BDBB252F8233002201B7887
S21400FC48652B14BF00220121044B1BBF01211A702B
S21400FC58034A044A08BF197001F048BFBE70002066
S21400FC68AA260400B8260400D0E9023253F8223047
S21400FC781A88014B1A8070475670002007B5D0E9DD
S21400FC88023103EB810253F8213052681988054B7C
S21400FC980548128800930088012309F029FC03B060
S21400FCA85DF804FBA5FA000056700020C368826859
S21400FCB8013BDBB252F823305B78A3F1660253426D
S21400FCC85341014A13707047C170002030B5D0E91F
S21400FCD8023253F8223089B01D78012302AA194649
S21400FCE804462AF033FF01230093102302210DEB6C
S21400FCF8030220462AF00BFF284604AA02A92BF086
S21400FD0841F9044600202AF013FD18B1214604489C
S21400FD1807F076FB0020034908F074FF09B030BDF1
S21400FD28C726040092690400002330B58FB002216C
S21400FD38009309AA122305462AF0E9FE05AA0146F9
S21400FD4809A807F0E1F8044698B1232805D1134A14
S21400FD580121042001F0CAFE09E0212801D1104A39
S21400FD68F6E70346012104200E4A01F0BFFE0FB055
S21400FD7830BD01232846194603AA2AF0E7FE05A93E
S21400FD8803A82BF001F9054620462AF0D1FC18B145
S21400FD982946054807F034FB044AD9E7D426040068
S21400FDA8F72604003227040053270400926904004B
S21400FDB8F0B5D0E9023253F8221003EB82039B68B1
S21400FDC805461F7887B038460E782AF091FC044618
S21400FDD808BBD5E9022101238DF80830194452F8EA
S21400FDE8210002EB810200888DF809709268ADF850
S21400FDF80A00127804218DF80C2028460DF10D0211
S21400FE082AF0A4FE304602A98DF815402AF0BCFF59
S21400FE1804462AF061FC334601210420024A009475
S21400FE2801F064FE07B0F0BD682704002DE9F04134
S21400FE3801218EB00220274A01F058FE002005ABAB
S21400FE4801AA09A92BF098F800250446224E234F4C
S21400FE58DFF898801CB128460EB0BDE8F081022075
S21400FE682B463246214601F041FE20462AF060FC29
S21400FE7810B10AA808F048FE3A46002102209DF86C
S21400FE88303001F033FE424600210220079B01F085
S21400FE982DFE00210220BDF82030114A01F026FE72
S21400FEA8BDF8143000210F4A022001F01FFE01356C
S21400FEB801A82AF038FCEDB2012102200A4A01F016
S21400FEC815FE284605AB01AA09A92BF055F80446E5
S21400FED8C0E700BF9A270400E0270400E8270400CC
S21400FEE89C400400FD27040092690400F4270400DF
S21400FEF82DE9F047064698B0C0B929F0E7FE074650
S21400FF0800250EA82BF042F801210220384A01F0FD
S21400FF18EDFD2C46DFF8E080DFF8E090DFF8E0A0A3
S21400FF28BC4205D3284618B0BDE8F0870127E7E7A6
S21400FF3813A82BF02BF8002E4CD0022306A913A8E2
S21400FF488DF84C30FE242BF013F800283FD102A978
S21400FF5813A82BF013F89DF8593043F001038DF8D9
S21400FF685930002E3DD1234631460220214A01F061
S21400FF78BDFD9DF859300AA943F0010313A88DF872
S21400FF8859302AF0FBFF00202AF0D2FB10B114A843
S21400FF9808F0BAFD0C9B42460021022001F0A6FD9F
S21400FFA8BDF82820002112F4007F0CBF4C23412303
S21400FFB812F0100F0CBF6E227922022000924A46D9
S21400FFC801F094FD06A82AF0AEFB0135EDB2013427
S21400FFD8E4B2A5E720460AAB06AA13A92AF0CAFF88
S21400FFE8B3E752460021022001F080FDC1E700BFBA
S21400FFF807280400E0270400F42704004328040028
S2140100083C28040030B5012499B00EA82AF0BEFF9A
S21401001813A88DF838402AF04FFFC0B9BDF84C1028
S21401002811EA040513D121460220444A01F05EFD77
S21401003829460220424A01F059FD214602203F4A3C
S21401004801F054FD214602203C4A01F04FFD06A965
S2140100580EA82AF08DFF20B11022FF2106A80DF068
S214010068C3FA04A82AF08CFF059B01210220354A11
S2140100780093354B01F03AFD9DF81230012102201C
S214010088324A0093304B01F031FD00212E4B304AA5
S214010098022001F02BFD06A82AF045FB13A82AF03A
S2140100A875FF02230AA913A88DF84C302AF066FFBB
S2140100B800283FD10B9B009301210220254B264A9D
S2140100C801F014FD0121234B244A022001F00EFD04
S2140100D80120FFF70DFF01211E4B214A022001F0E6
S2140100E805FD0020FFF704FF044629F0EFFD23462F
S2140100F80090012102201B4A01F0F8FC01211A4B4D
S214010108174A022001F0F2FCFFF790FE1749022871
S21401011803461748174A28BF0A46084928BF014612
S2140101280092CDE9013102200121134A01F0DEFCDB
S21401013819B030BD4FF0FF33BDE700BF9269040028
S21401014856280400942804008C280400A4280400D7
S214010158F94F0400205E0400B7280400C7280400ED
S214010168CE280400D7280400EB28040052280400EF
S21401017863450400B5450400F928040010B5D0E924
S214010188023253F822301C78201E18BF01202AF0AC
S2140101987FFE054A054B0020002C18BF1A46BDE80D
S2140101A81040034908F02EBD262904002129040021
S2140101B82F290400D0E9023210B553F822301C88E2
S2140101C820462AF067FE2246BDE810400020014975
S2140101D808F018BD7029040037B5044607F058F82A
S2140101E8014638B100200D4A0D4903B0BDE830403C
S2140101F808F008BDE368A268013BDBB252F8233079
S21401020808481D780123084A00936C2D08BF02464A
S214010218102320462AF07BFC03B030BDBE2904001B
S214010228C6290400A77000209770002013B58368BC
S2140102389A681278672A22D101A82AF03DFE044658
S214010248A8B9BDF80420174908F0DCFCBDF804304D
S214010258DA070AD413F0020F134B144A18BF1A46CA
S2140102681349002008F0CEFC19E0124AF8E70246C6
S2140102781149002008F0C6FC22461049F1E7C26879
S21401028801A953F8220003EB82035B6800681B6828
S214010298ADF804302AF016FE04460028ECD102B068
S2140102A810BD00BFF9290400EC29040056510400CA
S2140102B81A2A0400DC2904002C2A0400582A0400FF
S2140102C8034A04491388C85401331380704700BF92
S2140102D88E590020B060002073B5154D01242B7887
S2140102E8144E13F0040F0CBF02230423124A2146AE
S2140102F81470328802200192EB5C104A0093104B6E
S2140103085B8801F0F3FB002102200E4A01F0EEFBA8
S2140103180D4B2946009332882346022001F02CFC17
S21401032821460220094A02B0BDE8704001F0DEBB52
S214010338B06000208E590020AF600020672A0400B4
S214010348805900208C2A0400AE2A04009269040011
S21401035870B516464FF48A52114B124DDA80598001
S214010368114B1B881A1E18BF012240EA82000F4A49
S2140103781278003A18BF012240EA0210287063B1C9
S21401038803246B701B0AAB7009F00EFC631C28551E
S214010398EE54074B02341C8070BD0124F4E700BFFD
S2140103A880590020B06000208C590020AE600020E3
S2140103B88E59002038B5D1E902320C46054653F865
S2140103C82230024619880C4B1878FFF7C1FFE368FC
S2140103D8A268013352F82330188828F022FB4DB161
S2140103E8E368A268023352F823301878BDE838402B
S2140103F8FFF766BF38BD00BFAB600020F0B5054605
S214010408EB68AA68023352F8233008461C78294656
S21401041885B0FFF7CFFF204629F0B1FC204E214FCB
S21401042878B3204629F0B7FC0321441C03AA2846C2
S21401043827F05EFB3288E4B2C2F1FF0303991B1B67
S2140104489BB28B4222443CBFC2F1FF0303930123B4
S214010458032100933A449DF80C3028462AF057FBAE
S214010468039A022C338804BF0F48110AFA5408BFAE
S214010478C15413441C44348005B0BDE8F040FFF76E
S2140104882BBF204607F00CFC012332880446009354
S214010498032103463A4428462AF039FB3388E9E71C
S2140104A88E590020B0600020B1600020052307B5F2
S2140104B8012100930220044B044A01F017FB03B004
S2140104C85DF804EBFFF79EBD952A04009C2A0400FC
S2140104D813B504462AF0ECFC38B1CDE900400121F9
S2140104E80220034B034A01F001FB02B010BD00BF16
S2140104F8BE290400B32A0400194B37B51B783BB94B
S21401050801210220174A03B0BDE8304001F0EEBAD7
S214010518D0E90232144C53F8223001211D78638841
S21401052802200093114A2B4601F0E0FA104B257180
S2140105381B78104D63B1012102200F4A01F0D6FA4B
S21401054820460E4A298803B0BDE8304029F0B8B9DC
S21401055820460A4A298803B0BDE8304029F072BA15
S214010568AF600020CA2A040080590020D82A040057
S214010578AC6000208E590020EF2A0400B0600020ED
S2140105882DE9F041D0E9023253F8221003EB820339
S2140105985A680C7817889A68DB68B2F80080C6B083
S2140105A81D780021304B0220304A0094CDE90178AD
S2140105B801F09CFA002D0CBF6E237923012102203D
S2140105C82B4A01F093FAFF23002D0DF1170606AD0D
S2140105D8019320460CBF80234023424639460296A3
S2140105E8009529F012FF0446002835D1307829F005
S2140105F8CCFB0746B0B128462AF059F81D4BFD2812
S214010608A8BFFD200093234682B20DF119010220EE
S21401061801F0B2FA01210220174A01F067FA46B042
S214010628BDE8F081307829F0B6FB60B128462AF09B
S21401063843F8FD28A8BFFD200E4B82B200930DF1AA
S2140106481A013B46E3E7307807F02AFB0B4B0246D4
S214010658009329460123DAE7009001210220084B7E
S214010668084A01F043FADAE7BC5E0400092B0400E5
S2140106782E2B04004073040092690400AE2A04007D
S214010688B6330400382B0400D0E9023253F822109E
S21401069803EB82032DE9F04F5A680F78B2F8008011
S2140106A89A68C7B0B2F80090DA681B6992F800A099
S2140106B81E7800212F4B304A0446CDE901890220D5
S2140106C8009701F013FABAF1000F0CBF6E237923D5
S2140106D801210220294A009606AD01F007FAFF22F9
S2140106E8002128460CF080FF304629F04EFB834651
S2140106F808B30023052100932046FD230DF11902B6
S2140107082AF005FA2870BAF1000F0CBF802340239F
S2140107184A4641463846CDE9005629F041FE01468B
S214010728144806F06DFE01210220154A01F0DEF993
S21401073847B0BDE8F08F304629F02DFB60B1FD23A8
S21401074805212046CDF800B00DF11A022AF0DFF98E
S21401075885F801B02870D6E70590304607F0A0FA6C
S214010768059A0346009205212A4620462AF0CFF923
S214010778C9E700BFAF5E0400092B0400492B04003B
S214010788926904002DE9FF471C465B68E5685B1B18
S21401079800255FFA83F803952E46FFF7D9FDEBB2DD
S2140107A898450BD90C9B9B5D282B39D8202B00F23A
S2140107B8CB800136F6B2002B40F0C980FFF78CFDDE
S2140107C804B0BDE8F087132A2FD801A151F822F00A
S2140107D89F080100B1080100C3080100F7080100DD
S2140107E8C5070100C5070100C5070100C5070100C7
S2140107F833080100330801003308010033080100FB
S21401080833080100330801003308010033080100EA
S2140108183308010033080100430801001D090100DF
S214010828A3F13102D1B21329CDD90136F6B2A3F11B
S2140108384102032AC2D8422B6CD06C4F00213A8859
S214010848DFF8B0A1C2F1FE039BB2FF2B28BFFF233E
S21401085801320091DBB22046524469B22AF033F9DC
S2140108683B880AF8030001331844388011E04FF03A
S2140108780409E368A2682B4452F823301F68F8B2CB
S21401088809F1FF39FFF71CFD19F0FF094FEA172791
S214010898F5D1013583E7E368A2682B4452F8233083
S2140108A81878FFF70DFDF4E7E368A2682B4452F8C1
S2140108B82330188828F0B5F8EBE7E368A2682B44DC
S2140108C852F823301F68B7F1807F09D2F8B2FFF7D4
S2140108D8F7FCC7F30720FFF7F3FCC7F30740E0E789
S2140108E82B4601210820424A01F000F966E74FF03D
S2140108F80409E368A2682B4452F823301F68F8B24B
S21401090809F1FF39FFF7DCFC19F0FF094FEA172751
S214010918F5D1BEE7294603AA204627F0E9F80021C3
S214010928324F344A3B88DDF80C9002EB030CCAB20E
S214010938914501F1010102D84B443B80A9E710F823
S21401094802A00CF802A0F2E7242B3FF670AF013B99
S214010958232B3FF633AF01A252F823F09F0801007C
S214010968B1080100C308010077080100C5070100A6
S214010978C5070100C5070100C5070100C507010035
S214010988C5070100C5070100C5070100C507010025
S214010998C5070100C5070100C50701009F0801003A
S2140109A8B1080100C3080100F7080100C5070100E6
S2140109B8C5070100C5070100C5070100C5070100F5
S2140109C8C5070100C5070100C5070100C5070100E5
S2140109D8C5070100C5070100C50701009F080100FA
S2140109E8B1080100C3080100770801008E590020EC
S2140109F8622B0400B0600020094B1B7823B101214B
S214010A080820084A01F072B8D0E9023253F82230B9
S214010A18054A1B88012113800820044A01F066B89C
S214010A28AF600020882B04008C590020CA2B0400D4
S214010A38D0E9023253F82230054A1B780121003BDF
S214010A4818BF012308201370024A01F04FB800BFEF
S214010A58AD600020F02B0400D0E9023253F82230B2
S214010A68034A1B78012113700820024A01F03EB898
S214010A78AE6000201F2C040010B5D0E902320446EF
S214010A8853F82230132219880B4B1878FFF760FCAD
S214010A98E368A268013352F823301878FFF710FC90
S214010AA8E368A268023352F823301878FFF708FC87
S214010AB8BDE81040FFF710BCAB60002010B5D0E9C8
S214010AC80232044653F82230112219880B4B187843
S214010AD8FFF73EFCE368A268013352F82330187822
S214010AE8FFF7EEFBE368A268023352F82330187862
S214010AF8FFF7E6FBBDE81040FFF7EEBBAB60002052
S214010B08D0E9023253F82230034A1B78003B18BF5B
S214010B180123DB0013707047AB60002010B5D0E9E5
S214010B28023253F82230044619880E4B06221878EA
S214010B38FFF70EFC0120FFF7C3FBE368A268034436
S214010B4852F82330188827F06CFFE368A26802334E
S214010B5852F82330188827F064FFBDE81040FFF7E5
S214010B68BBBB00BFAB6000202DE9F043D0E90232E1
S214010B784FF0FD09013253F8221003EB82035A683D
S214010B88C7B017889A68B1F80080147853F8043CFF
S214010B98002C0DF1170506AE18783A4614BF402307
S214010BA8802341460295CDF80490009629F02DFC45
S214010BB8034638B1184A0121082000F097FF47B0CC
S214010BC8BDE8F083201E18BF01200A224146C00056
S214010BD8FFF7BEFB384627F024FF2878FFF770FB9F
S214010BE84A463146287829F07EF8044628B10B4F44
S214010BF83D88C5F1FF03984202DD2346084ADAE735
S214010C08024608483146284425440CF07DFE3D80BE
S214010C18FFF762FBD3E700BF552C04008E5900206E
S214010C28712C0400B060002010B5D0E902320446E9
S214010C3853F82230082219880B4B1878FFF788FBDF
S214010C48E368A268023352F823301878FFF738FBB6
S214010C58E368A268013352F82330188827F0E1FECA
S214010C68BDE81040FFF738BBAB60002073B5D0E98C
S214010C7802320546023253F8221003EB820353F878
S214010C88042C53F8083C0C781988234B16881878D6
S214010C980622FFF75DFB0020FFF712FB304627F020
S214010CA8C0FE2046FFF70CFBEB68AA68033352F830
S214010CB82330188827F0B5FEEB68AA68043352F883
S214010CC82330188827F0ADFE204609F06DF9E8B9FB
S214010CD8204606F0E5FF05210446019001AA2846AC
S214010CE826F006FF019B01469C4206D02246314665
S214010CF80A480BF05BFB02B070BD094D09482E8807
S214010D082246304434440CF0C1FC2C8002B0BDE8C5
S214010D187040FFF7E1BA00BFAB6000209D2C0400CD
S214010D288E590020B060002073B5D0E902324FF426
S214010D388A5153F82230104D1A88104BD9805A80A0
S214010D4800232A4600930121FF2329F0E0FE2B7891
S214010D58044613F0040F0A4B08BF01261B7818BF78
S214010D68032613B108F020FFA855064B1C8002B0D5
S214010D78BDE87040FFF7B0BAB06000208059002087
S214010D88AD6000208E590020D0E9023253F8223097
S214010D98034A1B78003B18BF01231370704700BF36
S214010DA8AC60002010B50C4608B907F089FE024B66
S214010DB818715C7110BD00BF8059002002462DE9EC
S214010DC8F341D0E90253526855F82310D21A0C8819
S214010DD805EB8301013BDBB255F82380294D022A36
S214010DE84868C8BF8A682B78D8BFFF210078C8BF73
S214010DF811783BB901210220234A02B0BDE8F0412F
S214010E0800F074BEFFF7CEFF06F06AFA1F4F204EB9
S214010E183B880146224600931E48334629F0E1FBEB
S214010E280246C8B998F804103B885F2917D1CDE95E
S214010E3800364FF6FF712046164B28F035FD28B1CF
S214010E48034601210220144A00F050FE0023134AEB
S214010E582B701380124A137002B0BDE8F0814FF66A
S214010E68FB718C4208D9CDE900362146094B4FF66D
S214010E78FF7028F077FDE2E72146064A009628F03B
S214010E88A3FDDCE7AF600020E82C04008E590020A3
S214010E98B060002080590020EF2C04008C590020F7
S214010EA8AE600020002210B50A2104461046FFF75E
S214010EB84FFA002027F0B5FD0122044B1A70FFF700
S214010EC80BFA2046BDE81040FFF778BFD86500202A
S214010ED838B51C4615460123224629F037FE60B967
S214010EE8214628462AF00EF8044620B1012104209E
S214010EF8034A00F0FBFD204638BD0024FBE700BF8F
S214010F08162D04002DE9F0430C4615461F46D0E978
S214010F18022352F8231002EB830293680E8893F893
S214010F280080D3688BB0B3F800903246012106AB37
S214010F38FFF7CEFFF0B90DF1200CF4B101232A8892
S214010F484021CDE902C2CDE90471CDE90093222101
S214010F58434606AA304629F030FE0B4B0B4A00934F
S214010F680B4B0190002C08BF134601210420094AA7
S214010F7800F0BCFD0BB0BDE8F083624628686968DE
S214010F88032303C22246DBE7752D04005A2D04000D
S214010F98542D0400622D040007B501236A4600217A
S214010FA829F0D4FD6846034908F04EFB03B05DF806
S214010FB804FB00BFA5FA0000D0E9023253F822303C
S214010FC80149188808F012BBA5FA000010B5D0E947
S214010FD8023203EB8201496853F8223009784FF44C
S214010FE88A52188829F0D9FDBDE810400346012128
S214010FF80420014A00F07ABD7F2D0400D0E90232B0
S21401100853F8223002214FF48A5210B5188829F075
S214011018B6FDBDE81040034601210420014A00F050
S21401102865BD00BF982D04001FB5D0E9023203EB59
S214011038820153F82230496818884FF48A53098880
S2140110480293094B094A0193094B1B7800931278BE
S214011058084B29F00AFE012103460420064A05B07A
S2140110685DF804EB00F042BD90590020B061002005
S214011078AF6100209A590020AF2D04002DE9F043F6
S214011088D0E9023253F8221003EB82035A680E881D
S21401109817789A68DB688BB092F80090B3F80080EE
S2140110A83246042106AB0446FFF712FF28BB08ADFB
S2140110B801232A460521204629F048FD38B904208F
S2140110C801210F4A00F012FD284628F0EDFD4FF4E5
S2140110D88A53CDE904930023CDE902530323212142
S2140110E8CDE9008306AA3B46304629F066FD012174
S2140110F80346044A042000F0F9FC0BB0BDE8F0836F
S214011108C72D0400F62D040038B5D0E9024303F1D3
S2140111188043023B02220F4954F823009D000CF03D
S214011128AFFD60B90C4B0D491A78042A0BD82C442C
S214011138A068008821F8120001321A7038BD084BE1
S21401114808491A78F1E70121BDE838400420064A23
S21401115800F0CCBCEA560400B06100209A59002081
S214011168AF61002090590020082E040008B5C36816
S214011178806803F18043023B0222064950F82300A7
S2140111880CF07EFD10B9044B187008BD0022034B05
S2140111981A70FAE7EA560400B0610020AF61002031
S2140111A837B5D0E9023153F821208C00157842680A
S2140111B8521A012AC5BF1B195B686C091C78DCBF6B
S2140111C844F0180405F01F052946204629F011FCAD
S2140111D8034640B12346012104200E4A009500F03B
S2140111E885FC03B030BD0121A94074B92346FE220F
S2140111F84FF6FF7029F0ACFE012103460420064A8B
S21401120803B0BDE8304000F071BCFE2241EAC4617B
S214011218EEE700BF1E2E04003E2E040070B5D0E98E
S214011228021551F8253001EB8501044618884B68EC
S2140112381A788B68052A1B8802D85E1E072E0BD9DA
S214011248012104200C4A00F051FCBDE87040012140
S21401125804200A4A00F04ABC6468641B032CCABF0F
S214011268C9680749096829F073FEBDE87040024657
S2140112780449002007F0E0BC5C2E04007C2E040024
S21401128800F8FF07992E040008B5D0E9023253F892
S214011298220003EB82035968FF22038809684FF688
S2140112A8FF7029F055FEBDE80840024601490020B6
S2140112B807F0C2BCAC2E040008B5D0E9023253F8D8
S2140112C8223005214022188829F059FCBDE808403B
S2140112D802460249002007F0AFBC00BFCD2E04002D
S2140112E808B5D0E9023203EB8201486853F82210A8
S2140112F8027840230988312029F094FCBDE808408B
S21401130802460249002007F097BC00BFEE2E0400F3
S21401131808B5D0E9023203EB8201486853F8221077
S214011328027840230988332029F07CFCBDE8084070
S21401133802460249002007F07FBC00BF082F0400C0
S2140113481FB5D0E9023253F8221003EB82039B68DB
S21401135808881A780023D21A18BF0122CDE9023369
S21401136802A94023D20129F06CFC01210090044B0C
S2140113780420044A00F0BAFB05B05DF804FB00BF80
S214011388752D0400262F040007B5D0E9023253F85C
S214011398223003214022188829F0F1FB0121009010
S2140113A8034B0420034A00F0A1FB03B05DF804FBDD
S2140113B8752D0400352F040037B5C36882680533D8
S2140113C852F8233004211D786A460123044629F081
S2140113D8BDFB38B904200121064A00F087FB6846A0
S2140113E828F062FC2B466A4600212046FFF78AFD54
S2140113F803B030BD4F2F040007B5D0E9023203EB26
S2140114088201486853F8221002784023098832205E
S21401141829F008FC01210090034B0420034A00F040
S21401142865FB03B05DF804FB752D0400802F0400EE
S21401143870B585690446EA0705F0020605D476B153
S214011448C5F3072029F054F909E01EB1B2210F4867
S2140114582FF0B5FFA069C0F3810029F038F9E369D8
S2140114681BB9BA2109482FF0AAFF204614F05AF9E9
S214011478E3693EB1607E9847AB0706D0BDE8704089
S21401148829F02AB920469847F6E770BD952F04003B
S21401149808B514F05BFD28B1BDE8084047210248AD
S2140114A82FF08DBF08BD00BF952F04002DE9F04130
S2140114B8FF2B04460F4690461D469DF8186005D03A
S2140114C8FF2E03D0D52111482FF079FF0023FF2DD9
S2140114D818BFAD000E4A1CBF45F00105EDB22260EB
S2140114E80C4AC4E9063818BFA561FF2EC4E90123D2
S2140114F82361E76007D0A36943F0020323F47F431F
S21401150843EA0623A361BDE8F08100BF952F0400D6
S214011518F440002039140100002310B5054C03617E
S2140115280460054CC261C0E901430123C1608361BF
S21401153810BD00BFF44000203914010070B586695B
S214011548044606F00303032B0D4603D1FC21144879
S2140115582FF035FFFF2D16D0B20704D440F2011143
S2140115680F482FF02CFF284628F05EFDFF28054679
S21401157804D14FF482710A482FF021FF2DB204EBF3
S2140115884514204670BDF307FBD5A36913F00C0F6D
S214011598F7D040F20B1102482FF011FFF1E700BF18
S2140115A8952F04000023054AC0E90631036102604D
S2140115B8C360034A034B426083607047F4400020CF
S2140115C839140100F956020001482BF0DEBC00BFB1
S2140115D8F440002001482BF0E4BC00BFF440002092
S2140115E813B50E482BF0ABFC27F097FA2AF04EFC01
S2140115F82AF06AFC2AF071FCFCF728FF0446FCF77F
S2140116083FFF2346009001210420054A00F06EFAA8
S21401161802B0BDE81040FCF71FBF00BFF440002031
S21401162828300400022808B503D12FF0C1FE014B6B
S214011638186008BD2441002008B50CF043FE0122BD
S214011648044B1A702FF03DFFBDE8084002490348D5
S214011658FDF7C4B8B2610020206B002028410020A5
S214011668014B1870704700BFB1610020024B187813
S21401167808B105F019BE7047B770002008B5074BCA
S2140116881B780BB1002008BDFFF7F0FF0028F9D141
S21401169806F0E4F9023818BF0120F4E7B16100202A
S2140116A870B5FFF7EBFF174D20B1FFF78DFF042844
S2140116B8044613D82B781BB92FF003FF01232B7090
S2140116C827F039FA0446D8B12B781BB9F7210E480A
S2140116D82FF075FEBDE87040FFF776BF27F02DFAAC
S2140116E80028E7D02B785BB12FF0D5FD0646002100
S2140116F801202DF065FF30462FF0C8FD00232B7022
S214011708204670BDB2610020493004001FB5FFF7BE
S214011718C7FF0446FDF740FAA04228BF204688B115
S21401172803A92EF069FB034638B9CDE90000064A3D
S214011738039906482FF058FE18B18E2104482FF059
S2140117483EFE012004B010BD3D8B0300044100207D
S214011758493004000D4B70B51B780D4D0D4C012119
S214011768002B0CBF2B46234602200B4A00F0BEF97D
S2140117780A4B01211B780220002B0CBF2B4623465F
S214011788BDE87040064A00F0B1B900BFB770002046
S2140117980957040028570400DF300400B16100200F
S2140117A8FE30040010B5D0E9023253F82230022088
S2140117B81B780121002B15BF01240024044A054A81
S2140117C800F094F92046BDE81040FFF749BF00BF76
S2140117D81D3104003A310400D0E9023253F82230B0
S2140117E8034A1B78003B18BF01231370704700BFDC
S2140117F8B770002038B50125084B1D702FF04BFD3A
S2140118080446294628462DF0DBFE20462FF03EFDED
S214011818BDE8384002490348FCF7E0BFB361002041
S214011828286B00205041002070B514F015FC10F00C
S214011838070F1D4D11D02B785BB901262E702FF09E
S2140118482AFD0446314630462DF0BAFE20462FF0D2
S2140118581DFDBDE8704014F0C3B829F055FB0228F9
S214011868E9D1124C2378032BE5D914F0F5FB10B90E
S2140118782378032B14D814F0B3F804460028DAD0DA
S2140118882B785BB100262E702FF005FD05463146F4
S21401189801202DF095FE28462FF0F8FC204670BD55
S2140118A84FF0FF34ECE700BFB36100205766002015
S2140118B81FB5FFF7B9FF0446FDF76EF9A04228BF2A
S2140118C8204688B103A92EF097FA034638B9CDE920
S2140118D80000064A039906482FF086FD18B18C21A8
S2140118E804482FF06CFD012004B010BD07910300D9
S2140118F8304100205931040010B5094C094900202F
S21401190807F080F923681B68587928F0C3FB236819
S2140119181B68587927F0FCFB04F092FE002010BDE6
S21401192850460020E731040008B529F0DDFA0246E2
S21401193828B1BDE808400020014907F063B908BD91
S2140119480A32040008B529F0E5FA024628B1BDE8CE
S21401195808400020044907F055B95422BDE808405C
S214011968FF2102480BF040BE22320400A459002091
S21401197838B504460D4629F0D1FA024628B1BDE825
S21401198838400020034907F03DB9034B23F81450AB
S21401199838BD00BF40320400A45900202DE9F341A8
S2140119A800240C4E0C4DDFF838800C4F56F8043BDB
S2140119B80BB9D8F8003035F8022B394600920020CA
S2140119C82246013407F01EF92A2CEFD102B0BDE8F1
S2140119D8F08100BF346B0020F85900205C32040007
S2140119E8306B002008B52A21034829F08FFABDE894
S2140119F80840FFF7D3BF00BFF859002007B5D0E964
S214011A08023253F822301A78292A0DD8084B53F88F
S214011A1822300BB9074B1B680749002031F8121012
S214011A280091064907F0EEF803B05DF804FB00BF25
S214011A38346B0020306B0020F85900205C3204001B
S214011A4808B52A21034829F063FABDE80840FFF7DC
S214011A58A5BF00BFF859002038B5D0E9023253F8BF
S214011A68221003EB82035B680C781D88002004496A
S214011A7807F0C8F829462046BDE83840FFF778BF82
S214011A88673204002DE9F34100240C4E0C4DDFF8B3
S214011A9838800C4F56F8043B0BB9D8F8003035F8A7
S214011AA8022B3946009200202246013407F0AAF894
S214011AB82A2CEFD102B0BDE8F08100BF346B0020BC
S214011AC8A45900205C320400306B002010B5024691
S214011AD827F034FB20B9044C236811B11343236063
S214011AE810BD23EA0203FAE7E06B00200CB413B535
S214011AF802460C4627F022FB60B9094B1B681A42BE
S214011B0808D005A9049801910AF064FC14B10548A7
S214011B182AF04AF902B0BDE8104002B0704700BF8B
S214011B28E06B002066350400034610B5D3E902329F
S214011B3853F8223008461C78211E18BF0121FFF7EA
S214011B48C5FF014648B9084A084B0220002C08BFC1
S214011B581346074AFFF7CAFF10BD00210220054AAF
S214011B68FFF7C4FFF8E700BF6C21040064210400F6
S214011B78683504007E3504002DE9F04105461F4608
S214011B880C46DFF82C808E18B44201D1BDE8F081EE
S214011B980021284614F8013B069AFFF7A7FF002FF5
S214011BA8F2D0424600212846FFF7A0FFECE700BF27
S214011BB8F227040002460249002007F023B800BFB6
S214011BC88F35040010B5234C2348FF2126F097FFD4
S214011BD8207802281ED003282ED0012804D02120E0
S214011BE8BDE81040FFF7E6BF1C4B19780029F7D06F
S214011BF802231B4A23701378052B0EBF00230133DB
S214011C08DBB29942137003D1052313700020E7E76E
S214011C18052BFBD0124B1B78052B02D1032323700F
S214011C28DDE7104A104932F8230007F0DFFC0323EA
S214011C3823700028D4D110BD094B0C4A1878094BDB
S214011C4803EB8001897833F8200007F09FFC012315
S214011C58EEE700BFB461002058410020BD610020B6
S214011C68B97000204C5A0020551E0100011E0100C3
S214011C782DE9F04F0D46144695B004901122002127
S214011C880FA89946DFF86C810BF0AEFC04EB450310
S214011C980393D9F800301C2B02D0039B9C4202D137
S214011CA815B0BDE8F08F0123DFF844A18DF81C308C
S214011CB823884C4AADF81E309AF800304A4D08EB96
S214011CC883039B7828788DF8203013688DF81D00DB
S214011CD8CDF821305368CDF8253028F0FFFC049B59
S214011CE88DF8290021882878002B4AD128F0C3F9D5
S214011CF8002844D09AF800300FAA38F8230007A91C
S214011D0827F038FA00283AD027F0E2FF4FF0000B08
S214011D18074606461C255FFA8BF2974234D8B74227
S214011D282BD99DF81C30032B1AD10FAB0193BDF8A4
S214011D38213000220421009301202C4B06F0E8FDF7
S214011D489AF8003008EB83039978274B187806F041
S214011D585BFE9AF80030002038F8231028F011FCB2
S214011D685DB107A9304629F00FF8214B05461B78C7
S214011D78304638F8231029F009F8C9F8005002341B
S214011D8887E728F06FF9B3E710460BA9059228F004
S214011D98F7FF30B99DF82C1031B9059AB74208BF3C
S214011DA816460BF1010BB6E7BDF82E00BDF81E204E
S214011DB89042F6D19DF830009DF820209042F0D14F
S214011DC89DF81C208A42ECD1032A14BF082202225D
S214011DD80DF121010DF131000BF052FF002808BF6B
S214011DE80025DEE7B5610020B87000200C38040035
S214011DF8B97000204C5A002013B503460020114A3A
S214011E089C6812780190052A03D01B78032B00D111
S214011E182CB9012002B0BDE81040FFF7CBBE6268BE
S214011E28217801ABFFF724FF217A0120E26801AB94
S214011E38FFF71EFFFF21044802B0BDE8104026F058
S214011E4856BE00BFB970002058410020094B1B78C8
S214011E58052B02D00378032B02D00120FFF7AABE78
S214011E688168054A0B68054813604B68FF21536073
S214011E7826F03DBEB9700020B5610020584100200B
S214011E8838B50024114B124D1870124BFF211C70E7
S214011E982C7006F0B9FD0122032110460E4B06F000
S214011EA837FD4FF6FF712246084628F06DFB0446BB
S214011EB848B940F6B832FF21084826F00FFE01233C
S214011EC82B70204638BDFFF775FEFAE7B87000207C
S214011ED8B4610020BD6100209269040058410020C9
S214011EE8144BF0B51A68144913680978587988426A
S214011EF80BD11249D78808460022114D1E792B7836
S214011F08D4B2A34203D8052C0AD10020F0BD0C8810
S214011F18BC4202D18C78B442F7D001320431EFE7E3
S214011F28A342F2D120F82270013300EB82008670BA
S214011F382B70EAE750460020B87000204C5A002063
S214011F48BD610020FF2307B50021044A0448009319
S214011F58FFF7ACFA03B05DF804FB00BFCD1B010028
S214011F68584100201FB5B42303210446ADF80E30AE
S214011F7828F078F898B121232046009300220321FF
S214011F880DF10E0328F01DFA04460020054B064AFB
S214011F980649009406F036FE204604B010BD862495
S214011FA8F3E700BFB9350400C6350400DB35040085
S214011FB8D0E9023253F82230034A1B780121137004
S214011FC80220024AFFF792BDD4700020EA350400C9
S214011FD80122014B1A707047D47000200A4B90F802
S214011FE805111B7890F8082119448A42BCBFB2FB38
S214011FF8F3F103FB11234FF0FF32B8BFDBB202FA4D
S21401200803F380F80A317047D47000202DE9FF41A8
S2140120180446057F867EDFF870806E43237F98F836
S214012028002013449D4212DB607F60B9238B029324
S21401203863690193237C00936288A31D217805F0C8
S214012048EFFDFF232370002004B0BDE8F081E37E96
S214012058AB42E9D9A77E228BF1199142A4BF921B04
S214012068D7B205EB0323E3813A4633462946204691
S21401207827F09AF80028E7D1637F37440133013502
S2140120886377BEB2EDB2C9E7D470002037B505460E
S21401209828F0B0FE0D4B04461B6869461B78032BD7
S2140120A882BF0B4B1B881B18284688BF9CB228F09A
S2140120B829FF38B9684628F09FFE18B9044B1B88D3
S2140120C823449CB2204603B030BD00BF8C45002097
S2140120D85E700020084B1B78FF2B0BD1074B1B7833
S2140120E8FF2B07D1064B1B78022B03D04FF48070C9
S2140120F828F08ABA704700BFE46B0020A842002087
S2140121087841002010B50446FF2126F0F8FC054B5F
S2140121189C4202BF0023A4F588742370BDE81040D2
S214012128FFF7D8BF884200202DE9F0479A462A4B88
S21401213881461B7888461646BDF82050002B49D0A4
S214012148FF2D3ED938252846BDE8F087234B0C22BB
S2140121583146A01D636184F80090A4F802800BF054
S21401216895FAA289414642F4004242F040022046CE
S214012178A28127F02BF82A46514660690BF086FAA9
S21401218841464846A21D258328F075FBA0760028FF
S214012198D8D00544013DB5FBF0F0FF28D2DC00237A
S2140121A8E0762046A383FFF731FF054680B92379F9
S2140121B84FF48070B37228F0EAF9227C099B1A80E2
S2140121C8C1E7074C2778FF2FC0D040F60345BAE78A
S2140121D82770F2E70225B6E7D4700020BF61002019
S2140121E8A8420020B0F9063010B5002B25DA144CA9
S2140121F82278237CFF2A02D0827A9A4207D0114C91
S2140122082378FF2B17D0827A237C9A4213D169B997
S214012218637F013BDBB263775BB90B4A237F127896
S214012228204613442377FFF7F1FE0146204626F0A1
S214012238DCFFFFF74FFF012010BD0020FCE700BFC1
S214012248A8420020E46B0020D47000202DE9F04F4E
S2140122589A46B1F9063091B0002B0D461746DDF8BF
S2140122686880049080F22981B8F80030FF2B04D9E1
S2140122784FF4B871A6482FF0A2F8A64B00241A7896
S21401228893F80401B3F80211002A40F0A5802E7ACB
S214012298A14A1278B24240F2AF800222A3F8027134
S2140122A81A70AA7AFF2483F804210022A3F80841A9
S2140122B883F80521A3F80621B8F80020954883F885
S2140122C80C21FFF78BFE3846FFF7E0FE214600EBB0
S2140122D84002924826F002FC4FF4807028F057F925
S2140122E88C4C94F80A91B9F1FF0F20D18A4A94F8D8
S2140122F8053112781344B34219DC94F80C1184F8AA
S2140123080531B4F80631204601FB0233A4F806313C
S214012318FFF764FE0122824B38461A70FFF7B6FEB5
S214012328494600EB400204F5887026F0D7FB94F87E
S2140123380531B34260D8DFF8E0B19BF800C00CEB7A
S2140123480302964258DA764994F808210878013A41
S214012358002853D0964205DAB8F8002084F80C21F4
S21401236800220A70B6FBFCF901220CFB196994F8E5
S2140123780A015FFA89F902FA09F2D1B2024076B97E
S2140123882889000A844584F8080108D92046CDE939
S21401239806210593FFF722FEDDE90621059B94F841
S2140123A80A01014384F80A1182B994F80921B4F89C
S2140123B806C1013284F80921B8F80020DAF80010BD
S2140123C80CEB0200FF2826DD0323237094F808315E
S2140123D8013B9E4230D138E0AE7A864202D18F4226
S2140123E800D11C462E7A002C7FF47BAF002A3FF4DE
S2140123F84FAF012A3FF44CAF01205FE09642B1DAB5
S21401240894F80C1198F800209142ABD004F5887026
S214012418FFF778FEF0E794F80CE1F31A0EFB03C316
S214012428A01C10FA83F005920BF030F994F80831E5
S214012438059A013B9E4244D0012394F80A2103FAE7
S21401244809F3013B1343FF2B04D12246294638469C
S21401245826F0BDFE94F8083194F809219A42CBD1AA
S2140124689BF80030B2FBF3F103FB112212F0FF02D6
S21401247818BF13462278022A26D1264A0234107833
S2140124885178012804BF01315170012224F8022C29
S214012498EA88B4F8041122F04002EA8094F8092187
S2140124A80A44591E94F80A3113FB01F31344A8F899
S2140124B80030CAF80040FFF70DFE002011B0BDE855
S2140124C8F08F84F80B21C0E76979002994D0032A94
S2140124D892D1B4F8062194F80B1108AE11445A1E8D
S2140124E894F80C31284613FB02F30B4400219BB2E7
S2140124F8A21CA8F80030CAF80020CDE9007102969F
S214012508049907F05FFD8921304628F0B1F97DE787
S2140125181136040078410020D4700020884200203B
S214012528BE61002013B5044618B101280BD002B0CD
S21401253810BDFF2301460093064A0748FEF7B6FF7B
S214012548064B1C70F3E7FFF743FDFF22044B1A7096
S214012558EDE700BF0D2101008842002078410020E8
S214012568A842002013B501A909F0FEFF044648B9A0
S214012578BDF806309DF80420034906F043FB2046C3
S21401258802B010BD8120FBE7A836040013B56946E2
S21401259809F0F6FF044688B9BDF802309DF8002018
S2140125A8074906F049FB2046019906F09DFA2046A0
S2140125B8044906F027FB204602B010BD8120FBE740
S2140125C8CC360400F236040037B5694609F0FCFF3C
S2140125D8044618BB9DF801309DF80020104906F006
S2140125E82BFB104D9DF80120E3B29A4206D8002035
S2140125F80D4906F007FB002003B030BD01986300C3
S21401260803F4FF7302220021184428F04AF82946E9
S2140126180246002006F010FB0134E3E78120EBE7D1
S214012628F4360400233704009269040013B501A99F
S21401263809F0A0FF044648B9BDF806309DF8042005
S214012648034906F0DFFA204602B010BD8120FBE7F9
S2140126582D37040030B500240B4D85B06946E0B22D
S21401266828F08EFB50B99DF80030032B06D1294679
S214012678BDF805309DF8012006F0C4FA0134202C77
S214012688ECD105B030BD00BF5437040008B50020B2
S214012698034906F0B7FABDE80840FF2000F0DEBAA5
S2140126A8663704002DE9F04F85B006460D461746F5
S2140126B826F0DBFD044640B130463A46294626F068
S2140126C8BEFD002005B0BDE8F08F4FF003094FEAC4
S2140126D815285FFA84FA6946504628F051FBB8B9BE
S2140126E89DF800B0BBF1000F12D1694650468DF82F
S2140126F800908DF805508DF806808DF8016028F059
S21401270843FB02460028D7D05846064906F07AFA0F
S2140127180134202CDDD10020034906F073FA892004
S214012728D0E700BF7B370400A23704001FB500239B
S21401273804468DF80F3026F083FD28B19DF80F303A
S21401274863F07F038DF80F30182301930DF10F0303
S2140127580022009304214023204627F021FE02464A
S21401276818B10020024906F04DFA04B010BD00BFAA
S214012778BD3704001FB502A909F014FF044688BB3B
S214012788BDF80820184906F057FA2046039906F0BE
S214012798ABF92046154906F035FA4FF6F672BDF83C
S2140127A80810134C4B1E9BB2934219D82368039A00
S2140127B81B685879FFF776FF23681B79012B0BD81E
S2140127C8BDF808300022CDE900030421094B092091
S2140127D806F09EF828F046F86FF0FF0004B010BD2A
S2140127E88720E9E78120F9E7DC370400F2360400A0
S2140127F850460020F337040070B504468AB005AD8C
S2140128081122002128460AF0EFFE204604A909F005
S214012818BDFE044600283AD11E4EBDF810201E49BA
S21401282806F0F0F932681379012B28D84FF6F670BE
S214012838BDF810104B1E9BB2834224D813685879F2
S21401284826F013FD08B333682A461B68BDF8101036
S214012858587926F0F3FCBDF8103001220421CDE9A1
S214012868004309200D4B029506F052F827F0FAFFAF
S214012878034620B100200A4A0A4906F0C3F96FF058
S214012888FF000AB070BD8724E5E78B24E3E78120C3
S214012898F7E700BF50460020F63704000B3804005F
S2140128A80F3804001A3804002DE9F0479AB004A935
S2140128B809F084FE0446002840F0B5809DF81020F3
S2140128C85B4906F0B9F925465A4E9DF81020EBB239
S2140128D89A4254D80020584906F094F99DF81050A9
S2140128E8002D40F099802C462E46544F06A9F0B28A
S2140128F828F046FAC8B99DF81830032B15D13B685D
S2140129089DF819201B685B799A420ED19DF81D2007
S21401291805F168036B4403F8402C9DF81E20023528
S214012928013403F83F2CEDB2E4B20136202EDDD196
S2140129389DF810300BB1002C77D00AABCDE90143D6
S214012948FF2302220421009309203D4B039505F03D
S214012958DFFF27F087FF034660B19DF81020002AA5
S2140129685FD0384A3849002C08BF0A460020374944
S21401297806F048F96FF0FF001AB0BDE8F087059831
S2140129886B0003F4FF7302220021184427F089FE26
S21401299831460246002006F04FF9013595E70598BD
S2140129A8730003F4FF7302220021184427F079FE0E
S2140129B8002780465FFA80FA06A9F8B228F0E0F9FF
S2140129C800BB9DF81830032B1CD1D9F800309DF8B0
S2140129D819201B685B799A4214D19DF81D3053451E
S2140129E810D19DF81E30C8F307229A420AD105F184
S2140129F868036B440235013403F840AC03F83F2CF6
S214012A08EDB2E4B20137202FD6D101369DF8102059
S214012A18F3B29A42C3D88BE70025DFF820902E46FA
S214012A28F4E7084AA2E78120A6E78B20A4E700BFBF
S214012A3874380400233704009269040050460020C5
S214012A4893380400453804006338040097380400B6
S214012A582DE9F04389B002A909F09EFD0446002835
S214012A6867D1BDF80820344906F0CCF84FF6F6725F
S214012A78BDF80850DFF8D4906B1E9BB2934254D829
S214012A88D9F8003029461B685F79384626F0EDFBF1
S214012A9800284CD026465FFA86F8404603A928F057
S214012AA86FF928B92946384603AA26F0CBFB20B980
S214012AB80136202EEFD14FF0FF08404628F05EF988
S214012AC8014658BB112203A80AF08EFD294638464E
S214012AD803AA26F0B4FBD9F800301A79012A18D8C7
S214012AE81B68BDF80810587927F09CFDBDF808301A
S214012AF803220421CDE900430920104B05F008FF05
S214012B0827F0B0FE034620B100200D4A0D4906F015
S214012B1879F86FF0FF0009B0BDE8F08302460A496C
S214012B28002006F06FF80124D5E78724D3E78B2425
S214012B38D1E78120EFE700BFB9380400F337040076
S214012B48F73804001A380400D0380400504600202C
S214012B582DE9F043DFF894800020D8F800302149A9
S214012B681B688BB05E79002506F04CF801275FFAE2
S214012B7885F9484601A928F003F9044690B99DF855
S214012B880430032B0ED19DF80530B3420AD14846CE
S214012B9828F0F4F80146A0B102461349204606F08B
S214012BA831F827460135202DE1D1D8F8003000212B
S214012BB81B68587927F036FD87F001000BB0BDE891
S214012BC8F083112205A80AF00FFDBDF8094030462A
S214012BD8214605AA26F033FB2146304627F022FD7A
S214012BE8E0E700BF04390400D0380400504600204E
S214012BF837B5694609F0DCFC044638BBBDF8002049
S214012C08134906F019F8134D2046019905F06CFF93
S214012C182046114905F0F6FF2B681B68587927F0FE
S214012C2810FE70B14FF6F672BDF800104B1E9BB23F
S214012C38934209D82B68019A1B685879FFF732FD29
S214012C480446204603B030BD8724FAE78120F9E719
S214012C581839040050460020F23604007FB50546B0
S214012C680024E6B26946304628F08AF8A8B99DF8E5
S214012C780030032B11D19DF80130AB4204D0FF2D53
S214012C880BD19DF80D3043B9304628F077F8024647
S214012C9818B10020034905F0B5FF0134202CE0D116
S214012CA804B070BDD0380400034B1B68187801289F
S214012CB808BF0220704700BF8C450020D0E90232C9
S214012CC853F822301A78024B1A7000F0E7BA00BFA0
S214012CD8BE62002070B5D0E902456B1EDBB254F81F
S214012CE8230003221B490AF0CBFF54F8253004EBD6
S214012CF88504197863681A78A2F10B030F2B05D996
S214012D0815490020BDE8704005F07CBF01290FD1A8
S214012D18124C9140236840B90B43114A23600020A6
S214012D28BDE870400F4905F06DBF23EA0103F4E7DB
S214012D3802290CD101230C4903FA02F20B6818B9CF
S214012D4813430A4A0B60EAE723EA0203F9E70A464D
S214012D580749D6E73C39040040390400086C0020CE
S214012D68563904005E390400046C002071390400E9
S214012D787B39040007B5D0E9023103EB810253F829
S214012D8821300B491B785268012B0A4B08BF0B46AA
S214012D9812684FF000001A600092074A074B08496C
S214012DA818BF1346074A05F02DFF03B05DF804FB6C
S214012DB8086C0020046C0020963904008E39040043
S214012DC8A039040080BA040038B5254A254B264C9C
S214012DD80020264905F016FF0020254905F012FFB8
S214012DE822682449002005F027FF2068224C234D3D
S214012DF805F0E2FE2146002005F004FF2A68204976
S214012E08002005F019FF286805F0D6FE21460020A7
S214012E1805F0F8FE1B4B1C491A781C4B002053F88A
S214012E28223005F0EFFE00F00DF9194902460020A0
S214012E3805F0E8FE174B00201A78174905F0E2FE60
S214012E48164B17491A78002005F0DCFE04F020FA24
S214012E58BDE8384002461349002005F0D3BE00BF3E
S214012E6880BA0400BA390400086C0020C13904008D
S214012E78C9390400D73904007B220400046C0020F9
S214012E88E8390400EC620020F93904000C6C0020D3
S214012E980C3A0400D1620020203A0400D0620020D7
S214012EA8323A0400443A040007B500F071F8054BBD
S214012EB80090054A0020054905F0A4FE03B05DF818
S214012EC804FB00BF5A3A040080BA0400DB3504004C
S214012ED8F8B504460B4F0C4E0C4D00200C4A0D4914
S214012EE805F090FE20463B7829783278F5F7B4F954
S214012EF800233B7033702B70FF21BDE8F84006486D
S214012F0825F0FDBDEC620020D0620020D1620020D1
S214012F1880BA04005F3A0400C842002037B5124858
S214012F28FF2125F0ECFD114B187810F0100505D09F
S214012F38002003B0BDE8304003F01CBF0121B420D7
S214012F4804F020FB04460A4B0A4A0B49009028461F
S214012F5805F058FE2046FFF7BBFF4FF4806003B02C
S214012F68BDE8304027F050BBC8420020EC62002084
S214012F78763A040080BA0400DB3504000021024AD0
S214012F880248FEF7C9BA00BF252F0100C842002033
S214012F9808B5054B1B7823B11720FFF799FF0020CA
S214012FA808BD0220FCE700BFEC62002010B550B156
S214012FB8054B00F1100250F8044B904243F8044BBD
S214012FC8F9D1024B197010BDD2620020E2620020CE
S214012FD837B5174D04462B78DB0626D50090154BDA
S214012FE80020154A154905F00DFE1E2C0BD0652C40
S214012FF809D0032C19D0002027F042FF40F61C40C8
S214013008FFF766FF0DE027F063FF4FF4FA63B0FBA6
S214013018F3F202FB1300C218FF21094892B225F009
S2140130285DFD2B7823F010032B7003B030BD00BF75
S214013038EC6200208F3A040080BA0400DB350400F5
S214013048C8420020014B1879704700BF605A00201B
S21401305870B54C4E8EB0337803F0FB02A3F1090528
S214013068022AEDB258D0042B41F6041257D0A3F128
S21401307808014B424B415B0013434348ADF80C3003
S21401308826F023F948B9414B3F4A03F1100153F89A
S214013098040B8B4242F8040BF9D13D4B1B78002BED
S2140130A83FD03C4B0DF10E0203F1100153F8040B0F
S2140130B88B4242F8040BF9D103A827F001FF232815
S2140130C8044610D1012D49D80020334A334905F06A
S2140130D899FDBDF80C3003A823F40053ADF80C3065
S2140130E827F0EEFE0446002C41D14FF40C7027F071
S2140130F8E5FE044600283AD103F0FAFE012D36D83B
S214013108274A01AB1068516803C3264901A827F06E
S2140131183BFF78B319242AE043F60412A7E70223F3
S214013128AAE73378042B0DD0082B0BD01E4B0DF1D4
S2140131380E0203F1100153F8040B8B4242F8040BFC
S214013148F9D1B9E7104A0DF10E0302F1100152F850
S214013158040B8A4243F8040BF9D1ADE7337803F040
S214013168FB03022B03D10020104905F04BFD204636
S2140131780EB070BD044901A827F006FF04460028D2
S214013188C8D1F4E7EC620020C06200205C3B040072
S214013198E2620020D262002080BA0400B33A04003A
S2140131A86D3B040070BA0400763B04000E3B040035
S2140131B870B5002686B00446252027F067FE16223D
S2140131C8002116480AF010FA154B1E60154B1878A0
S2140131D8FFF76AFD022814BF0123042303208DF894
S2140131E8083027F0A1FE04238DF810300E4B02A8F4
S2140131F80593039403F030FD05460C4B0C4A1968F9
S2140132080C4B3046A14208BF134600940A4A0B49A4
S21401321805F0F8FC284606B070BD00BF605A0020CD
S214013228E8420020EC62002019350100086C0020F5
S2140132388E3904009639040080BA0400873B0400DE
S21401324808B5134A1378042B09BF124B01331B78B0
S214013258C3F10603DBB2137003F0FD02092A04D199
S2140132681720FFF735FE172008BD0A4A1278002AEC
S21401327814BF052206229A4207D1074B1868002870
S214013288EED0FFF795FF4D20EEE70020ECE700BFF4
S214013298EC620020E2620020046C002073B51E4C2C
S2140132A81E4E23683268134334D01D4B1B6853B334
S2140132B81C4D2B783BBB03F0EBFFF8B94FF480604D
S2140132C827F065F9184B24681B7894B1C3F10203FB
S2140132D82B7003F047FD2046FFF76AFF04460020DF
S2140132E8124B134A1349009405F08CFC204602B091
S2140132F870BDC3F1060334682B70EAE70121B420D8
S21401330804F040F9EAE70020094A0B4905F07AFC7F
S2140133180224E4E70224E9E7086C0020046C002094
S2140133288C450020EC620020E2620020CF3B0400BE
S21401333880BA0400DB350400B53B04002DE9F347E9
S214013348384D394E00202A792B88384905F05AFC21
S2140133583268287922FA00F010F0010002D13449C7
S21401336805F050FC334F3C783CB1082232493348CB
S2140133780AF086FC041E18BF0124DFF8DC80DFF89B
S214013388A490DFF8B4A014E098F80000494601308C
S214013398C0B288F8000027F06BFD002835D13C78CC
S2140133A83CB10822514625480AF06AFC041E18BF9B
S2140133B801242A793368D340DB07E5D5002CE3D10D
S2140133C800922B881E4A1F49204605F01BFC1E4BFF
S2140133D81878FFF769FC01230322124927F04EFDEE
S2140133E81A4A054613780133137010B902B0BDE8BE
S2140133F8F08720462B46124A154905F003FC284655
S21401340802B0BDE8F047FFF763BD0020114905F09B
S214013418F9FBFFF715FF0028E8D102B0BDE8F04731
S21401342800F01CB8605A0020E8420020D53B040092
S214013438063C0400EB620020E36200206E5A00207E
S21401344880BA0400D53C0400EC620020D06200205B
S214013458763C04009F3C0400BF6200202DE9F04141
S214013468214C224D2378002055F82330204A214943
S21401347805F0C8FBFFF7ECFD03461D4E1E4FDFF8AF
S21401348874802BB92378042B15D8B3B91B4B15E0D8
S21401349832463946002005F0B5FBFFF7D1FE00BBE2
S2140134A82378324655F82330414605F0ABFBFFF743
S2140134B8CFFD0346E5E7092BE8D1114B00201B6831
S2140134C8104A11491360114B187027F0D1FC20B12E
S2140134D8BDE8F0410120FFF7FBBCBDE8F041FFF76E
S2140134E82DBFBDE8F08100BFEC6200200C6C002007
S2140134F880BA0400F53C0400023D0400046C002078
S214013508086C0020E8420020605A0020BF620020B4
S21401351870B51C4C23789BB3838913F4407F2FD056
S214013528056835B12A46BDE870400020164905F001
S21401353869BB27F09BFC154E03463070144A284693
S214013548144905F05FFB33781BB1BDE87040FFF7FF
S21401355885BF2378082B0CD8042B0CD80E4B1B7868
S214013568C3F1060323700D4BBDE870401868FFF7DA
S2140135781FBE0A2BF2D1BDE870401820FFF7A8BC81
S21401358870BD00BFEC6200202D3D0400D162002012
S21401359880BA04005A3D0400E2620020046C002050
S2140135A830B5464D03460446454A0020454987B08E
S2140135B805F028FB2B782BBB01A827F0E7FC022394
S2140135C801A88DF8043027F0CFFCB0B93E4901A810
S2140135D827F0CCFC88B1152C0FD127F079FC47F2DF
S2140135E83153B0FBF3F202FB130000F51C50103008
S2140135F880B203F0BFFB07B030BD162CFBD103F039
S214013608F3FBF8E7152C2AD100202D4A2F4905F09F
S214013618F9FA2B78042B11D0082B0FD02C4B1B78DA
S214013628DA070BD401A827F045FC18B9BDF8043011
S2140136389B0703D42B7843F010032B7027F048FC24
S2140136484FF4FA63B0FBF3F2FF2102FB1300C21832
S214013658204892B207B0BDE8304025F03FBA27F0BF
S21401366869FC04460028C6D12B78013B092B1ED8D5
S214013678134A194905F0C6FA184A19491378013345
S214013688D8B2107027F0F4FB60B12046154905F052
S214013698B9FAFFF7D5FD0028ADD107B0BDE830402F
S2140136A8FFF7DCBE07B0BDE83040FFF747BE40F67F
S2140136B81C4007B0BDE83040FFF70ABCEC620020AA
S2140136C880BA04007E3D040070BA0400953D0400EB
S2140136D8BE620020C8420020A83D0400BF62002048
S2140136E8605A00209F3C04002DE9F0410B4686B045
S2140136F804460E4617463A490246002005F082FA65
S2140137084FF000080123CDE901380DF116030093A7
S214013718424640230621204626F077FE054640B15C
S21401372802463049404605F06DFA284606B0BDE81F
S214013738F0819DF816202AB936B900202A4905F0E5
S21401374861FAF2E7012EF8D082F00103002027493A
S2140137588DF8173005F056FA9DF817300DF1170653
S21401376833B310230022CDE9006306214023204607
S21401377826F016FE064630B1324600201C4905F0F2
S21401378841FA3546D1E74FB90821204626F06AFCAA
S21401379820B120469DF8171026F045FF0521204642
S2140137A826F060FC0028C0D0204626F039FFBCE78A
S2140137B84FB90821204626F055FC20B120469DF831
S2140137C8171026F030FF10230022CDE900630621EA
S2140137D84023204626F0E4FD06460028DED0CBE747
S2140137E8D73F0400F33F04000C4004002C400400BB
S2140137F84C400400002208B5034B11461B681B68A1
S2140138085879FFF771FF08BD5046002008B5044BEC
S21401381800221B6801211B685879FFF765FF08BD60
S2140138285046002008B5044B00221B6802211B687D
S2140138385879FFF759FF08BD5046002010B50123F7
S214013848002488B001A88DF80430CDE90244F5F7C4
S214013858E5FE20469DF80420124905F0D3F92046D6
S214013868039A114905F0CEF92046029A0F4905F048
S214013878C9F910220E4B0DEB0201188840F0604082
S21401388840F48010FBF718FC20460A4905F0D4F9E5
S21401389804A826F048FF2046074905F0B3F908B002
S2140138A810BD00BF6540040084400400A340040026
S2140138B850BA0400C24004009269040008B525F015
S2140138C835FD0020024905F09DF9012008BD00BF1D
S2140138D8DF4004000023054A8360C360044BC0E947
S2140138E8002311B14FF6FF730B80704749101CB2C5
S2140138F80C30021110B5044660B10020064905F0E7
S21401390881F9052C06D002F0CBF9044902460020BD
S21401391805F078F9012010BDF340040004410400C5
S21401392837B500216A4601AB054625F0C0FD0446B9
S21401393868B100220F49104605F064F902F0B0F9A3
S2140139480D490246002005F05DF903B030BD0B496C
S21401395805F058F9012024F0C3FC01F099FF431C37
S21401396802D008F025F8F0E721462846FFF7A6FF1B
S214013978EBE700BF2D410400044104007541040033
S21401398838B5054601F084FF044626F014FE4DB10D
S21401399800200E4905F036F9631C14BF20460020A6
S2140139A807F0C8FF25F0D0FC0228044605D00128F8
S2140139B805D10020064905F025F9204638BD002026
S2140139C8044905F01FF90024F7E700BF92410400F7
S2140139D8AC410400C541040008B50020034A044967
S2140139E805F010F9BDE8084000F050BD6F5104001D
S2140139F8DE41040008B50020034A044905F002F92F
S214013A08BDE8084001F0CAB9FD410400DE410400E2
S214013A181FB5D0E9023253F8223068461C78214691
S214013A2801F0D0FB684601F073FC28B92246044928
S214013A3805F0E8F804B010BD6846FFF771FFF9E72E
S214013A48034204000020014905F0DCB81F420400C7
S214013A587FB50DF1060102A8FFF73CFF00202649B5
S214013A6805F0D0F80020BDF80820244905F0CAF86A
S214013A780020BDF80A20224905F0C4F8039A002060
S214013A88204905F0BFF800201F4905F0D5F84FF684
S214013A98FF73BDF806209A4229D000201B4905F07D
S214013AA8B1F800201A4A1B4905F0ACF800201A4A5A
S214013AB81A4905F0A7F800221949104605F0A2F898
S214013AC80020154A174905F09DF80A2200201649D4
S214013AD805F098F80A220020144905F093F80A22FE
S214013AE80020134905F08EF807B05DF804FB0020A6
S214013AF8104905F087F8D4E72E4204004642040030
S214013B085F42040078420400914204009C4004008D
S214013B18E0930400A7420400C0270900C642040037
S214013B28E54204000443040023430400424304001E
S214013B3860430400A442040008B50020034905F0C8
S214013B4861F8BDE80840012001F0FAB97E43040097
S214013B5808B50020034905F055F8BDE808400020DF
S214013B6801F0EEB99743040030B5104B104D1B5CBD
S214013B7885B08DF80F302B780446834206D00D4B5E
S214013B880D4953F82020002005F03CF830232C700E
S214013B980A4801930DF10F03009306228023192189
S214013BA8007826F0FDFB05B030BD00BF97BA0400CB
S214013BB8F4620020A4BA0400AF430400BB700020DE
S214013BC81FB5232303900193064803AB00930122F4
S214013BD880231921007826F0E3FB039805B05DF8E9
S214013BE804FB00BFBB70002073B5164D04462B7846
S214013BF8154ECBB125F0C9FB012815D0346040F627
S214013C08B244124B1B78072B17D02D78C5B925F06F
S214013C18BCFB031E18BF01230D4800952246192137
S214013C28007825F041FF03E000233360002CE8D13B
S214013C38201E18BF012002B070BD02250123EBE744
S214013C480025FBE7F1620020EC420020F462002028
S214013C58BB70002008B50448FFF7C6FFBDE808405A
S214013C680220FFF781BF00BFC027090010B5064C28
S214013C78208826F0D9FC608826F0D6FC6068BDE866
S214013C88104026F0E0BC00BFF04200207FB5232399
S214013C988DF813300DF1130302930423064801939C
S214013CA805AB0093012280231921007826F0ADFB8D
S214013CB8059807B05DF804FBBB7000202DE9F047B6
S214013CC8DFF84C91044699F8000090460F4626F016
S214013CD8ABF90B2899F8002005D9BDE8F047002074
S214013CE83F4904F08FBF00263E4B3F4D1E803F4B99
S214013CF8DFF820A103EB00135B8801202B802A71D3
S214013D0804F0A8FE05F050FF04F0A4FE204604F0D7
S214013D18A1FE0123042C8AF800300BD8022C45D8C2
S214013D289C4216D02346BDE8F0470020304A314968
S214013D3804F068BF062CF5D130462F4904F062FF1F
S214013D48384604F087FEFFF791FF97B18AF80060BE
S214013D580FE04FF6FF76294F3888801B18BF0120E1
S214013D6804F078FEFFF782FF3888B04201D026F0CB
S214013D785BFC19236B8099F8003000202B71204BCF
S214013D881B786B71EB8843F04003EB801D4B198859
S214013D9826F0F7FB034620B1224600201A4904F014
S214013DA831FF4046BDE8F047FFF71EBF304604F036
S214013DB851FEFFF75BFFFFF769FF26F044FC134B44
S214013DC81B78002B0CBF3F20202004F043FE042C58
S214013DD8CFD14FF4806026F027FC3220C7E700BF1A
S214013DE8C2430400845A0020885A0020C044002098
S214013DF8B63304000E440400F1430400785A002048
S214013E08BA7000205870002027440400F062002091
S214013E18BB700020F162002038B5044605200D4627
S214013E28FFF7A2FE184B1A884FF6FD739A4207D180
S214013E380020164904F0E6FEBDE83840FFF70ABF41
S214013E4865B1134A13780133DBB2092B137014D901
S214013E580A2200200F4904F0D5FEEDE7012C0ED109
S214013E680B4B1D700C490D48FFF734FDBDE8384073
S214013E78002101200A4AFFF721BF012CF2D0BDE834
S214013E8838400748FFF7B0BE587000206144040068
S214013E98F36200208C440400785A0020F042002087
S214013EA8E093040008B50649002004F0ABFE054877
S214013EB8FFF736FDBDE8084000210846FFF7ACBF0E
S214013EC8D0440400F0420020814237B50346154627
S214013ED808D2002000910F4A0F4904F093FE0020F3
S214013EE803B030BD0C1A224600200C4904F08AFEA5
S214013EF840F6BB5322460020094904F083FE4FF4DE
S214013F087A735C43074B01209C4294BF2C602B605C
S214013F18E6E700BFB6330400E14404001E4504008A
S214013F283945040080EE360010B504460820FFF730
S214013F381BFE0D4B3CB91C700021BDE81040062045
S214013F480A4AFFF7BBBE1B78092BF5D90A220020BF
S214013F58074904F057FE0020064904F053FEBDE861
S214013F681040FFF79FBF00BFF3620020C02709007B
S214013F7865450400A645040073B51F4D2C7834B179
S214013F8800201E4902B0BDE8704004F03BBE022086
S214013F98FFF7EAFDFF221A4E1A4B30781A7026F000
S214013FA843F80B2807D920463278174902B0BDE8EE
S214013FB8704004F027BE154B1549009301EB00111C
S214013FC8012319224FF6FD70498805F091FA70B160
S214013FD82046104904F016FE00220F4B0F481C70AD
S214013FE80F4B1A7002B0BDE87040FFF7FDBD012403
S214013FF80C492C70EEE700BFF2620020B7450400BA
S214014008BB700020BA700020C243040011430100AF
S214014018C0440020F8450400F1620020C0270900CA
S214014028F36200201E46040038B5144D04462B786A
S214014038052B21D91249FFF75DFC24B918B9114996
S21401404804F0E0FD0424104B195D21B9BDE83840A1
S2140140580846FFF769BF032C06D02B78052B03D03B
S21401406806200A4AFFF72AFE0021094B084619705E
S214014078BDE83840FFF7D0BE38BD00BFF462002067
S214014088F0420020404604008DBA0400C02709000B
S214014098F162002030B5044689B00720FFF764FDB9
S2140140A8052C0AD100222A4B03A91A7002A804AAD1
S2140140B801F0FEFD30B1022045E09CB90122244BF7
S2140140C81A700224224D287878B1421E504221499E
S2140140D85041FFF755FC022304462B70022C0ED1E3
S2140140E80A200FE0022CE6D1EBE7631F5A424FF095
S2140140F8050018495A4125F04FF90446EEE7032C06
S21401410804D10020FFF770FD09B030BD062C06D19A
S2140141180020114904F076FD01232B70E0E70F4AD1
S2140141280F4B2878002C18BF13460E490E4A0094E8
S214014138002808BF0A4600200C4904F063FD201E2B
S21401414818BF0120400009B0BDE83040FFF76CBF3A
S214014158EF620020F04200207B460400744604000B
S2140141686D4604005C46040066460400B646040034
S21401417813B51F4C0620FFF7F7FC2278092A09D940
S21401418800201C4904F03EFD042002B0BDE81040A2
S214014198FFF74ABF184B1B782BB3002024F0C4F84E
S2140141A825F0F3F868B9FFF771FD144B196825F087
S2140141B8E3F802460420002102B0BDE81040FFF7EC
S2140141C87DBD01A825F0DFF8FF2809D14FF4FA6074
S2140141D823780133237002B0BDE81040FFF704BD11
S2140141E80198FFF7EDFC4FF4FA620320E3E700BFFE
S2140141F8F3620020D1460400F0620020004300204C
S214014208F023F0B589B0CDE90003344880230022B5
S21401421819210078324E334F26F0C2F80020324971
S21401422804F0F0FC3246394603A801F041FD0328A4
S21401423804462E4D1CD10626039A2D49002004F06B
S214014248E1FC0398FFF7BCFC0020396800F0ACFEDF
S2140142582E7001F09FF900220446264B30461A704C
S214014268FFF782FC84BB09B0BDE8F040FFF780BFCA
S21401427828BB7268204904F0C5FC214604A8FFF74C
S21401428829FB059B726893420BD020461B4904F014
S214014298B9FC072305202B7009B0BDE8F040FFF7ED
S2140142A8F9BE1A462046164904F0ACFC052300213F
S2140142B801202B7009B0BDE8F040FFF7ADBD002026
S2140142C8104904F09FFCF1E7042C05D0042009B03E
S2140142D8BDE8F040FFF7A8BE09B0F0BDBB700020EE
S2140142E8F04200200043002009470400F462002041
S2140142F83A470400F362002075470400AE470400FD
S214014308024804003E480400F7B5044687680020C2
S2140143182378364D012B287004D0354B3549187053
S21401432804F070FC26785EBB334B1B78FF2B04D158
S21401433803B0BDE8F040FFF78DBC304B1B78032B6C
S21401434811D82F4C0320FFF70FFC6946208826F06A
S214014358D9FD002843D02B49208805F047F920B11C
S2140143682E70FFF777FC03B0F0BD0124204B2649D9
S2140143781C7004F047FC0320FFF7F6FB2C70F2E7ED
S214014388012E25D13B78002BEDD01B4D2B78FF2B2A
S214014398E9D1A68802F0A4FF864206D100201B496F
S2140143A803B0BDE8F04004F02DBC194BA2881B7879
S2140143B83BB132B11749002003B0BDE8F04004F024
S2140143C821BC7B6814491B782B700D4B1A80F2E7C9
S2140143D8032E08D108226846A16809F057F96846ED
S2140143E8FFF70EFFBFE700232B70A1E7F16200205D
S2140143F8F262002059480400BA700020F4620020D6
S21401440858700020114301001E4604007948040034
S214014418EE6200209F480400CA4804007FB5094B95
S2140144281A78FF2A0AD1187001F088FB0022064B79
S2140144380DF1060102A81A80FFF74CFA07B05DF8DD
S21401444804FB00BFBB700020765A0020152838B53B
S21401445817D10C4B1D78A5B926F03AFDC4B2012C2C
S21401446838BF01240120FFF77FFB2846224606496C
S21401447804F0C8FB4FF47A706043BDE83840FFF794
S214014488B3BB38BDF4620020E7480400034B1B7831
S214014498022B01D8FFF770BD704700BFF4620020F9
S2140144A870B5284C24F06CFF2578274EBDB1002046
S2140144B8264904F0A7FB264A137801331370002314
S2140144C823703378062B0AD1BDE87040214B186853
S2140144D8B0F5FA6F38BF4FF4FA60FFF785BB33784B
S2140144E8013B082B2CD8DFE803F005090D2B13191F
S2140144F81D222700BDE87040FFF7C8BFBDE8704021
S214014508FFF73ABD00232370BDE87040FFF7A2BB52
S2140145182946BDE870400120FFF77EBCBDE8704023
S214014528FFF726BE0220BDE87040FFF7B3BD0120A5
S214014538BDE87040FFF7F8BCBDE87040FFF7B2BCB5
S21401454870BD00BFF1620020F46200201649040025
S214014558F3620020EC42002010B90520FFF764BD85
S214014568034B1B78062B01D1FFF79ABF704700BF94
S214014578F46200202DE9F0478E68054633189A78CC
S2140145880C46092A8EB008D90020A34904F03AFB44
S214014598852420460EB0BDE8F08750B98B899F491F
S2140145A8895C8B4205D200919D4904F02BFB80243F
S2140145B8EFE79C4BE7881B889F4236D09A490978D3
S2140145C8012932D932B13A460020984904F01AFB3B
S2140145D87E24DEE7964B1A70934B26791B78052BBB
S2140145E803D0012B3AD8FFF751FF5EB93146204672
S2140145F826F03EF90346002851D030468D4A8E49AA
S21401460804F000FBD4F80880A48998F8037098F899
S2140146180450002E4CD13046884A894904F0F2FAF3
S21401462800210120FFF7F8FB4FE00021804B1970AD
S214014638072A00F28A8301A353F822F0E145010014
S2140146488F4701008F470100A1490100A1490100D8
S214014658A1490100374C0100374C0100022B17D144
S21401466802F03EFE8742B3D00020764A764904F02F
S214014678C9FAFFF781FC46BB3146204626F0F8F812
S214014688034610B36B4A6C49002004F0BBFA1CE0E1
S2140146986E4A00206E4904F0B5FA012479E7A3684A
S2140146A81B78DA06AED432466A4904F0ABFAA9E7B3
S2140146B800210AA8FFF70EF9032F08D95F4B664AAF
S2140146C866490097002004F09DFA002461E76B1EF6
S2140146D8632B04D9594B604A61490095F2E7614B4F
S2140146E8E4B2DB5D9C4209D0CDE901430020534B7F
S2140146F8594A5D49009704F085FAE6E757B3A4B22C
S21401470822460521404625F0CCFFBDF828308342D5
S21401471803D04A4B554A5649B6E7012F1AD02246C6
S2140147280721404625F0BDFFBDF82A30834203D055
S214014738424B4E4A4F49A7E7032F0BD12246092180
S214014748404625F0ABFF0B9B984203D13B4B474AAB
S214014758494999E7642D3FF463AF26F0B9FB642312
S214014768C0B2B0FBF3F203FB12030133DBB29D4286
S214014778BFF456AFCDE900530020304B3B4A3F49C2
S21401478804F040FAA1E7284B1B78052B01D03C4AD8
S2140147987FE7EB1CDBB2277BF45C44B123460020A1
S2140147A8374A384904F02EFA00210C460BE00F2F41
S2140147B80DD81023204634490093314A3B4604F06D
S2140147C821FA802401210020FFF726FBE1E60435C3
S2140147D8EDB220462A4A2D4904F014FA7A1B7119BB
S2140147E8D2B206A824F0DFFD05443A46E9B23046BF
S2140147F825F054FF264D069A2B68264F9A423860B4
S21401480801D100284AD1244900201D4A04F0FAF9AA
S21401481885240121D7E700BF33490400D0BA040034
S2140148284B49040058700020F46200207A490400BD
S214014838F1620020F0490400F8490400804A0400A7
S214014848954A0400BE490400CB490400204A0400E6
S2140148582D4A04004A4A0400AA4A0400B24A04003F
S214014868CC4A040093BA0400EA4A04003F4F040005
S214014878244B04004E4B0400764B04009D4B040069
S214014888D14B0400EB4B04001A4C0400314C0400D5
S214014898F0420020004300205A4C040000F08EFF2E
S2140148A83E68B0420AD200F089FF9D490346324667
S2140148B8204604F0A7F98924012184E7079A6B6842
S2140148C89A4205D12046974A974904F09BF96BE727
S2140148D89649097859B19A4209D22046944904F072
S2140148E891F996210620934AFFF7E8F95CE7924A80
S2140148F8924905A801F0DCF9079E48B96A6896420C
S21401490806D88F4904F07EF90520FFF7C3FB40E679
S214014918324600208B4904F075F9396800270020D3
S21401492800F042FB00206E60FFF74AF9864B06202E
S2140149381F80FFF719F9854B1F7001F0B1F906467C
S214014948F8B94FF6FF73824A0AA81188994214BF2C
S21401495813463B466A88298801F012F90AA800F02E
S214014968D7FC58B10AA801F0DDF938B130467949C3
S21401497804F048F90420FFF757FB0AE6FFF7F8FBAF
S21401498807E6042805D1744B1921187825F0A3F8F1
S214014998FFE538467149EBE7714B1B78062B01D0CA
S2140149A8704A76E6DFF8A0A1EB1C94F80C90BAF8EA
S2140149B80080DBB22EB930466B4904F023F9872410
S2140149C8E7E5F75C2C1D972FE4B22FD025D8812F69
S2140149D871D0952F67D017BBB9F1100F7FF6E7ADE9
S2140149E831194A460AA824F0DEFC0444E4B22146FA
S2140149F84A46304625F052FE231DDBB2053416F82A
S214014A0803A0E4B2A9EB04035345054666DA00930E
S214014A1838465346534A5549C7E5982F43D03B462F
S214014A280020504A524904F0EDF8C8E7B9F10A0FD8
S214014A387FF6BDAD1FFA89F721463A46304625F07E
S214014A482DFE05F1080104463A46C9B2304625F05E
S214014A5825FE0AAA01462046FFF736FA08B9454B4D
S214014A680A93B9F10C0F12D905F10C013A46C9B2ED
S214014A783046DDF8288025F014FE044602463E49F5
S214014A88002004F0BFF8AAF8004044440A940A9C9F
S214014A983A492246002004F0B5F82046FFF7A4F864
S214014AA824F079FC11E63649002004F0ABF803201F
S214014AB8FFF7BAFA09E6334C23786BB124F05EFCAB
S214014AC850B10020304904F09DF80023237024F0EB
S214014AD862FCFFF74DFBF8E52C49E5E7DFF8A49003
S214014AE899F8003043B9FFF7D1F88542034607D055
S214014AF81C4A27490095E5E524F047FC0128F2D130
S214014B0810220D480AA909F0BBF810B9BAF13F0FEF
S214014B1842D9144A1F49002004F074F84FE700BF31
S214014B28794C0400D14B0400B14C0400ED6200201E
S214014B38E64C0400C0270900F0420020004300208C
S214014B4875470400274D0400765A0020F3620020BA
S214014B58785A0020494D0400BB700020684D0400B7
S214014B68F46200208E4D0400A34D0400D04E0400CC
S214014B78B24E0400E0930400DE4D0400094E040022
S214014B88284E0400F0620020444E0400834E0400C0
S214014B980C4F0400484F04006D4B187099F800300C
S214014BA84BB124F0EBFB30B1284624F0EAFB04288D
S214014BB807463FF48AAD51462846321924F024FDAB
S214014BC828B10020634904F01DF8042070E799F81D
S214014BD80030554463B124F0D1FB48B1FF2FF4D01F
S214014BE8012F3FF472AD032F16D124F0D2FB0546F0
S214014BF82846FEF7E5FF044602460521564824F0F6
S214014C08F9FB564B1B689C420AD3204624F0F7FC56
S214014C180520FFF73FFA58E524F0B9FB8046E7E799
S214014C284046FEF7E1FF00287FF44FAD51E74C4BB5
S214014C381B7803F0FD03082B01D04A4A29E5A4890D
S214014C4835B1F27822B10020474903F0DBFF2EE7A1
S214014C58E4B22246F11C0AA824F0A5FB434BBDF892
S214014C6828201988054691420DD04FF6FF718A42D1
S214014C7809D03C4A00203E4B3E4903F0DDFFBDF813
S214014C8828203D4947E7BDF82A20598891420CD08B
S214014C984FF6FF718A4208D0324A0020374B354911
S214014CA803F0CAFFBDF82A20EBE70B9A5B689A4225
S214014CB80AD0013208D02B4A2E490020304B03F087
S214014CC8BBFF0B9A2F4926E7A4B2E91C2246C9B2B4
S214014CD8304625F0E3FCE91DC9B2074622463046B0
S214014CE825F0DCFC431C014606D10820FEF73CFFF4
S214014CF82548FEF779FFE8E4384606AAFFF7E4F800
S214014D08A8B9214B0693214B00221978204B187815
S214014D1824F025FB069C2046FEF766FF2246002067
S214014D281C4903F06FFF0920FEF71EFFCDE440F68D
S214014D38B733069A9A42E6D840F6B83200201649A2
S214014D4803F060FF40F6B833DCE7812421E400BFB6
S214014D58F36200207B4F04009E4F040000430020AE
S214014D68F4620020A74F0400BC4F0400F042002064
S214014D783E4B0400E34F04009C400400684B0400CB
S214014D88FE4F0400FB57040080EE3600BA70002080
S214014D98BB700020365004000B50040008B50420F0
S214014DA8FFF742F90020FEF7DFFE0023054A192126
S214014DB81370054A1370054B1878BDE8084024F0AF
S214014DC88ABE00BFF1620020F2620020BB7000209C
S214014DD810B5164B164C1A78164B002053F822209D
S214014DE8154903F00FFF2178144B154A00200029B6
S214014DF818BF1A46134903F005FF23782BB1124B47
S214014E0800201A68114903F0FDFEFEF73FFF04462D
S214014E18FEF73CFF0E4B196824F0DFFA2246BDE880
S214014E28104003460B49002003F0ECBEF462002054
S214014E38F1620020A4BA0400525004002857040066
S214014E48095704005F500400EC4200207950040022
S214014E58004300209250040038B50146044600205D
S214014E68FFF788FB054698B1E37C00200A4A0B4900
S214014E7803F0C8FE2379042B0AD02946204625F0DC
S214014E88F7FC034620B10020054A064903F0BAFE9E
S214014E986FF0FF0038BD00BFB6330400BA500400F7
S214014EA8F0490400F849040010B51346094A127877
S214014EB882420DD163B1084A002014680A460749A0
S214014EC803F0A0FE2146BDE810400120FFF752BBC3
S214014ED810BD00BFBB70002050460020DC50040007
S214014EE810B50D4B1C782CB1BDE8104000200B49BD
S214014EF803F088BE6420FEF763FE4FF6F0716FF08C
S214014F080F02074B0320C3E9001222462146BDE8DB
S214014F181040FEF7D3BE00BFF4620020155104000E
S214014F28F0420020014B1870704700BFF062002065
S214014F3800210620014AFEF7C1BE00BFC0270900AE
S214014F48014B1870704700BFED620020114B2DE928
S214014F58F04107460D4618680F49101A096824F0EB
S214014F683CFADFF840800D4E98F800400346FF2CC7
S214014F78307004D0A8420AD32C44A04207DB3A4634
S214014F880020074903F03EFE337888F80030307871
S214014F98BDE8F0810843002004430020F5620020A4
S214014FA843520400BC70002050EA010208D0FF22D8
S214014FB8054B091A1A70054B1860054B196070479E
S214014FC811461046FFF7C2BFBC70002008430020F8
S214014FD8044300202DE9F04FAFB006AD284600F097
S214014FE8FDFD0026624FDFF8D091284600F090F9C3
S214014FF8044648B900F0BEFD5E490246204603F065
S21401500801FE2FB0BDE8F08F39460020F2B203F05A
S214015018F9FD284616A900F0FFFD044620B15649B9
S214015028002003F0EFFD8FE0BDF85820534903F048
S214015038E9FD49462046BDF85A2003F0E3FD20461F
S214015048BDF85C204E4903F0DDFD2046BDF85E2024
S2140150584C4903F0D7FD2046BDF860204A4903F0C5
S214015068D1FD2046199A494903F0CCFD2046BDF8E2
S2140150786820474903F0C6FD204646490DF16A02F5
S21401508803F0C0FD44492046239A03F0BBFDBDF852
S2140150985C30D90705D520469DF890203F4903F096
S2140150A8B1FDBDF85C309A0714D500203C4903F0E1
S2140150B8C3FDBDF85830B3F5807F4FD1002025F0E9
S2140150C837FB18B10DF1910003F01EFD002035499C
S2140150D803F098FDBDF85C305B070BD50020BDF8E2
S2140150E8B220314903F08EFD0020BDF8B4202F49C7
S2140150F803F088FD062228460DF116030AA924F0B6
S2140151089BF9044690BBBDF81620294903F07AFDA1
S214015118DFF8A8A0DFF8A8B00DF12808BDF816102A
S214015128A2B2914210D9B8F800205146002003F0E7
S21401513869FD0134D8F804205946002003F062FDC1
S214015148062C08F10808E9D16C46204600F05AFDFD
S21401515894E80F00013685E80F0046E70123202270
S21401516800200DF1910103F0B1FCAFE7114957E7B3
S21401517855520400225404005E5204008252040070
S214015188B6520400CF520400E8520400015304004A
S2140151981A530400335304004853040064530400AC
S2140151A87D5304009269040090530400A953040037
S2140151B8C2530400F55304009B520400D353040061
S2140151C8E35304002DE9F04188B004AD04462846AF
S2140151D88846002700F002FD6E46474507D195E848
S2140151E80F0084E80F00204608B0BDE8F08130467D
S2140151F800F008FD96E80F0085E80F00284600F045
S21401520887F801370028E8D1014B0FCBE9E700BF43
S21401521848BD04001FB5D0E9023253F8223068466B
S2140152281978FFF7CFFF684600F07CFD48B10428DF
S21401523809D1074A0020074903F0E4FC05B05DF8E8
S21401524804FB054AF6E70020044903F0DBFCF5E712
S214015258BE5D04003D54040074570400494D040023
S21401526810B5D0E9023203EB8201496853F82230BF
S21401527898B00C6804A81978FFF7A4FF03AB40227E
S2140152880093214608AB04A800F0E2FC024628B1C8
S21401529800200E4903F0B6FC18B010BD039808A903
S2140152A800F007040122C0F3C70003F055FC039978
S2140152B808A8091B0144064801232246008803F072
S2140152C805FC044803F03EFCE6E700BF4D54040025
S2140152D8945A002092690400F0B504460D460B4B1B
S2140152E8EF880FCB84E80F00AB882E899B0741BF58
S2140152F8D5F83900D5F83D1004F1080303C3EA6868
S2140153082046278066806260F0BD00BFDCBA0400D4
S214015318102208B5034908F0B3FC003818BF01206D
S21401532808BD00BF48BD040008B526F058FAC28873
S214015338FF219208012A38BF0122024823F0CEFB3A
S214015348012008BD1843002038B5134690B1012046
S214015358274A1070274A00201160274A13600A4618
S214015368264903F04FFC02F09DFB254B18700220DE
S21401537802F09EFB26F04EFAE8B91D4D1D4C2B781F
S2140153882BB926F02CFA2268C368134423601A4BFB
S21401539824681B689C4229D226F021FAC168204657
S2140153A806F0AAF8002402462C7050B926F032FA04
S2140153B8FFF7BAFF03E0FFF7B7FF0028DDD00120AB
S2140153C838BD20460F4903F01DFC0D4B187802F036
S2140153D86FFB00200C4903F015FC00F091F908B9A1
S2140153E800F0AEF92046FFF7B7F8E8E70124ECE746
S2140153F8F7620020104300200C4300207454040078
S214015408F6620020A0540400C054040038B500F029
S2140154184BFA044600F042FA241A26F0E0F905464B
S21401542818B9B1211B482BF0CAFFAB8803F0030358
S214015438032B03D0B22117482BF0C1FF00F02EFA38
S214015448054624F06CF801238340013B2B4203D028
S214015458B42110482BF0B3FF24F061F801238340F0
S214015468013B234203D0B5210A482BF0A8FF05F0DB
S21401547819FE054624F053F84FF48063B3FBF5F3A1
S214015488C440A34205D2BDE83840BA2101482BF0F2
S21401549896BF38BDD6540400FF2108B5044823F04A
S2140154A82EFBBDE80840002211461046FFF74CBF08
S2140154B818430020F7B504460E4600F089F805465D
S2140154C826F08DF9C3682B449C4220D324F027F894
S2140154D82C44C440013C114F3B68DEB1A34219D1AC
S2140154E801340023ADF8043000F0E4F9054605F070
S2140154F8D9FD103504FB005405F0D4FD01A9024678
S214015508204605F021FE24F01AF8386004E04FF032
S214015518FF34E0E7A342E4DB03B0F0BD386C0020BB
S2140155284FF0FF320A4B10B51A600022094B1A7069
S21401553800F0B4F9044600F0B7F921460246012006
S214015548FFF702FF00280CBF0120042010BD00BF92
S214015558386C0020F862002038B500F0D1F808B998
S214015568002038BD094D0A4C2B7823B923F0E7FFF4
S214015578012320602B70246823F0D1FF0134844076
S214015588EED000F025F82044EBE700BFF8620020D3
S214015598386C002070B50D4C2368002B01DA012009
S2140155A870BD00F07BF9054626F019F92468C6682F
S2140155B823F0B5FF013404FA00F1294401208A19C1
S2140155C8FFF7C2FE0028EAD00420E9E7386C00207D
S2140155D8024B18680C3023F0E2BF00BF3C6C002079
S2140155E8FF2307B50021044A04480093FBF75EFF32
S2140155F803B05DF804FB00BFA15401001843002066
S2140156080E4B70B51C680546036804F582641C4495
S2140156180E46FFF7DDFF2B68834208D232681A442C
S214015628824208D9C31A012033602C6070BD044A2F
S214015638126813441C1A0020F7E700BF3C6C0020D0
S214015648144300202DE9F04FB3F5803F87B00F468D
S2140156589846019003D3002007B0BDE8F08F03A950
S21401566804A8CDE90332FFF7CBFF0024824600F1F8
S2140156780109DFF888B05FFA89F9019BDDE903566D
S214015688AAB27BB13046109926F0B0F80028E2D1CC
S214015698B9F1020F2BD1DBF800300493019B03BB51
S2140156A82F4421E03946304605F04EFD0028D2D178
S2140156B8BAF1000FECD0002CEDD105F0F3FC2E4426
S2140156C8B6FBF0F303FB10600028E4D005F0EAFC13
S2140156D805A902463046059405F036FD0028DAD0BD
S2140156E8B9E7109B2B441093A8EB05050395631C9B
S2140156F84B454FF00104C0D32046ADE714430020C4
S2140157087FB56B460C4A1068516803C390680C2233
S21401571818600A4B0DEB0201186826F067F80C2290
S21401572868460DEB020108F0ABFAB0FA80F04009C2
S21401573807B05DF804FB00BFECBA04003C6C00201F
S2140157481FB5084A01AB1068516803C3906801A9E0
S2140157581860054B0C22186805F0F6FC05B05DF8D4
S21401576804FB00BFECBA04003C6C0020F7B5044605
S21401577815460E4681B9072A03D80024204603B0E9
S214015788F0BD0D4B80791968E379063000EB0320EC
S2140157980C3180B223F00DFF002721462B463246F6
S2140157A838460097FFF74EFF04460028E5D03946ED
S2140157B87019FFF77FFEE1E73C6C0020024B186882
S2140157C8A0F50060704700BF486C002010B58AB08D
S2140157D8684606F09DF810F0FF0027D1009BFBB144
S2140157E8174C01A9206006F00BF810F0FF001DD138
S2140157F82268009B9A4204D34FF4DD7111482BF0BE
S214015808DEFD019B104A11491360029A13440B608E
S2140158180F49A3F500630A600E4A1360009B63B93B
S21401582840F2CF1107482BF0CAFD06E0044A0346AA
S21401583812680020084903F0E5F90AB010BD00BF58
S214015848406C00208955040014430020446C002055
S214015858486C00203C6C00203156040008B5FFF760
S214015868B5FF25F0BCFF50B125F0B9FF064B02691C
S2140158781B689A4203D2B32104482BF0A0FDFFF718
S214015888C5FD012008BD00BF486C002089550400ED
S214015898014B1868704700BF406C0020014B186820
S2140158A8704700BF14430020014B1868704700BFBB
S2140158B8446C0020014B1868704700BF3C6C002000
S2140158C810B5FFF749FE04462849002003F09AF967
S2140158D80020274903F096F90020264903F092F99B
S2140158E80020254903F08EF9244B00201A68244924
S2140158F803F088F922462349002003F083F9FFF7CD
S21401590867FE21490246002003F07CF91F4B002060
S2140159181A681F4903F076F91E4B1F4C1A680020B7
S2140159281E4903F06FF9226800201D4903F06AF941
S2140159384FF4806200201B4903F064F922680020B6
S2140159481949103203F05EF92268002017490C3213
S21401595803F058F922680020154902F5826203F01F
S21401596851F9BDE8104005F0D1BA00BFB0560400A1
S214015978ED5604000C5704002C570400406C002018
S214015988575704007657040099570400144300201B
S214015998BC570400446C00203C6C0020DF57040010
S2140159A80258040025580400485804006B5804009F
S2140159B88E5804002DE9F04194B004460D460020A7
S2140159C8482102AA23F006FE18B9534903F01AF92A
S2140159D819E060220021204607F006FE04224F49FE
S2140159E802A808F04DF990B16DB19DF80B30002072
S2140159F801939DF80A309DF80820009348499DF8C0
S214015A08093003F0FFF8012014B0BDE8F081BDF8B5
S214015A180C20B2F5807F228003D0424903F0F2F8C9
S214015A28F1E7BDF81420BDF80E102281DDF8162026
S214015A386180E2600499BDF81A206160228284F8C8
S214015A48320007AD04F112020FAE2B4603CBB34268
S214015A58106051601D4602F10802F6D10F9B324ACA
S214015A6863631360314B10221846002107F0BCFD12
S214015A78E288A388028022894280E26842600BB9E4
S214015A880020C1E700263546A388D90709D536B1CF
S214015A9805F150026A4412F8482C84F8382001357A
S214015AA8EDB29A0714D5208823F0AAFC07466EB1F2
S214015AB802AB03EB05080246414604F1390007F03C
S214015AC823FF3A4641461A4807F01EFF2F44FDB207
S214015AD8A3885B070DD556B105F150036B4433F81F
S214015AE8482C33F8463CA4F85A20A4F85C30043510
S214015AF8EDB2002EC4D1482D02D930460D4965E7CE
S214015B082946382002AA23F065FD08B90A495DE747
S214015B1838250126B8E700BFB1580400F8BA0400D2
S214015B28E358040019590400384300203C43002078
S214015B3844430020345904008459040030B50B4C02
S214015B4899B025786DB9FFF789FE68B12946684688
S214015B58FFF730FFB0FA80F0054B400918700123B3
S214015B682370002019B030BD0120FBE7F962002040
S214015B78FA620020014B1878704700BFFA620020CD
S214015B8870B51E46134B044618881D46884298B0C1
S214015B9802D15B88934206D00F4B0FCB84E80F00E7
S214015BA8204618B070BD96B100216846FFF702FF7F
S214015BB80028F1D1BDF804305B0708D53388BDF855
S214015BC85A209A42E8D8BDF85C209A42E4D395E870
S214015BD80F00E3E73C43002048BD0400064B10B520
S214015BE81B7804462BB9054B0FCB84E80F002046DB
S214015BF810BD034BF8E700BFFA62002048BD040059
S214015C083C43002010B50446024B0FCB84E80F0036
S214015C18204610BD48BD04000B4B10B51B78044642
S214015C2808467BB10021FFF7C5FE48B91022214678
S214015C38064808F025F8003818BF0120C0B210BD84
S214015C480120FBE70120FAE7FA6200203C43002026
S214015C582DE9F0410E4690460E4910221F4608F0DF
S214015C680FF8044670B90C4B3A461D683046AD1B12
S214015C78454528BF4546294623F0ACFC28B90749BF
S214015C8802F0C0FF0120BDE8F081069B20461D609A
S214015C98F9E700BF3C43002038430020845904003C
S214015CA80022024B1A70FFF73BBC00BFFA620020C5
S214015CB82DE9F0419CB00F4616468046FFF74CFC8E
S214015CC8054602461549002002F09CFF382D20D9CA
S214015CD8012104A8FFF76EFE0446D0B9119B04A95A
S214015CE83B606F463846FFF7F7FA97E80F0086E8F5
S214015CF80F00119BAB4297BF01210324084AC8F83D
S214015D08003094BF1170C8F8005020461CB0BDE89A
S214015D18F0810022024B01241A70F6E7B6590400F6
S214015D28FA62002070B5084D00262B7853B1FFF7AC
S214015D38F7FB04461022002104482E7007F054FC95
S214015D48204670BD3446F5E7FA6200203C43002041
S214015D5808B50020064902F055FF064B00201A78C0
S214015D68054902F04FFFBDE80840FFF7A9BD00BF8F
S214015D78D5590400FA620020FF59040003460120A1
S214015D88024AC3E9032000221A7070470100FEFF89
S214015D982DE9F0410024264E264FDFF8A88088B06A
S214015DA800F0D4F9A5B2854202D308B0BDE8F08167
S214015DB8284603A923F044FCA2B23146002002F08B
S214015DC83BFF9DF80D2012B39DF81210BDF8103058
S214015DD8402914BF6E2179210020CDE900313946CA
S214015DE8BDF80E3002F028FFBDF814201AB10020C5
S214015DF8114902F021FF9DF80C00BDF8182070B972
S214015E08079B0E490093BDF81A3002F015FF0020D3
S214015E180B4902F0F7FE01342BF0DEFAC0E7BDF8B5
S214015E281C304146009300209DF81A30EDE700BF6C
S214015E38185A04001E5A0400415A04004B5A04001A
S214015E4892690400725A040010B500F0ABFABDE876
S214015E5810400346024A0020024902F0D3BE00BFA2
S214015E68ED6504000B250400D0E9023253F8223010
S214015E7810B5188800F086FABDE810400346024AB5
S214015E880020024902F0BEBE9A5A04000B250400FF
S214015E9810B5D0E90232002486B08DF8044053F8D4
S214015EA8221003EB8203097801A88DF805105A68B9
S214015EB81288ADF806209A681288ADF80820DA68C4
S214015EC81278ADF80C40A24214BF402280228DF809
S214015ED80A201A691288ADF810205A699B69128837
S214015EE8ADF812201B68059300F0D0FB034A034661
S214015EF80349204602F086FE06B010BD3C39040070
S214015F080B25040038B50024064D2BF051FA45F848
S214015F1824000634C02CF8D10020BDE838400249D8
S214015F2802F070BE80100020A15A040030B500208F
S214015F3887B0204902F066FE00201F4902F062FE83
S214015F4800201E4902F05EFE2BF032FA00240546B8
S214015F58A0B201A9013423F073FB202CF8D12BF051
S214015F6827FA1749421B002002F04CFE154900206B
S214015F7802F048FE2BF01CFA0446012000F09EF8B9
S214015F882BF016FA0E49021B002002F03BFE0E49C2
S214015F98002002F037FE2BF00BFA044623F041FBF3
S214015FA82BF006FA021B0020054907B0BDE8304071
S214015FB802F028BECD5A0400FC5A04002C5B0400EB
S214015FC8495B0400585B0400725B040010B50C467C
S214015FD803F07CFD08B9032C12D101F059F9042805
S214015FE80ED001F055F905280AD0064802F0BAFC89
S214015FF81C2801D124F0C2FABDE8104002F0C2BC48
S21401600810BD00BF359603002DE9F04F00274FF06D
S214016018FF36DFF8A4B0264C87B0BBF80030B8B21C
S214016028834209D8731C3BD03246FF21214807B06A
S214016038BDE8F04F22F052BD01A923F001FB9DF8FF
S214016048050001F05BFFF8B19DF80480B8F1000F78
S2140160581AD1BDF810A0BDF812902BF0A9F9182195
S2140160680246BBB24B43E018E158007C4FF47A7302
S214016078A2EB010C50B103FB0AF363450ED30B44A4
S214016088981A864228BF06460137C6E74D466B432F
S214016098FAD06345F5D31944881AF2E74046F0E783
S2140160A8FF21044807B0BDE8F04F22F028BD00BF25
S2140160B8801000204C4300207A5A00202DE9F04138
S2140160C8014688B058B1022810D023F0D3FA78B325
S2140160D8D221194808B0BDE8F0412BF070B9FF236A
S2140160E8164A17480093FBF7E1F9EEE700244FF04C
S2140160F801082746134EA5B2284603A98DF80D7048
S21401610823F09EFA9DF80D0068B101F0F7FE20B164
S2140161189DF80C300BB986F810800134202C06F156
S2140161281806E8D12546084B1D80FFF76DFFCCE71A
S21401613808B0BDE8F08100BF925B040079640100F5
S2140161484C430020801000207A5A0020014B188802
S214016158704700BF7A5A00202DE9F04F634A077D41
S21401616889B004466249002002F066FD002024F04A
S214016178DFFA20B12368218A588803F0F5FC00204D
S2140161885C4902F03FFD637DDFF87491002B2368BC
S21401619808BF08205988574B18BF00200093228A49
S2140161A84FF0090314BF4FF080084FF0400802F083
S2140161B889FBA289BB1C93420CDB24F053FB0346E4
S2140161C820B100204C4A4D4902F01CFD012009B0BF
S2140161D8BDE8F08FA068791C89B2C55D24F061FA24
S2140161E80337012D0646BFB213D8236832465988AD
S2140161F85879238A0093434623F09BFE824600285B
S2140162083ED1862002F026FC284602F023FC3046C2
S21401621868E08520F6E703A923F012FA9DF80C300A
S214016228AB4223D123689DF80D105A7991421DD1AE
S214016238BDF80E105A88914218D1BDF81020B24206
S21401624814D19DF81220424510D1BDF81410228AA7
S21401625891420BD1002D38D0BDF81810E288914232
S21401626804D19DF81A201B799A422ED00BF1010B06
S214016278B9F800305FFA8BF08342CCD88B20C1E79F
S2140162884FF0000BF4E79AF8020002F0E3FBBDF8C2
S214016298180024F0C9F9BDF81A0024F0C5F99AF8CF
S2140162A8020003F081FE002883D19AF8020001F06B
S2140162B8F7FC0546079E002D3FF47BAFF0B2013D83
S2140162C802F0C8FB360AEDB2F5E7002002F0C2FB81
S2140162D8284602F0BFFB304624F0A6F9012DD2D19C
S2140162E8BDF81C0024F0A0F963E700BF215C040098
S2140162F8F94F0400926904002E5C04004B5C04000C
S2140163087A5A00202DE9F04391B06946804623F079
S21401631897F90023194F8DF801303888431E98B233
S2140163288045388009D16946404623F091F9684688
S21401633823F075F911B0BDE8F0834FF0180905A9E7
S21401634823F07EF90E4C3E880AAD09FB06460FCEB1
S2140163580FC596E8030009FB084485E803000AAE62
S214016368404605A923F074F90FCE0FC495E803003B
S21401637884E8030069463888D7E700BF7A5A0020C0
S2140163888010002008B5064B1B88834205D9FFF705
S214016398B9FFFFF739FE002008BD2720FCE700BF3C
S2140163A87A5A002038B5074D2C882CB9FF210648A3
S2140163B822F0A5FB204638BD601E80B2FFF7A2FF7B
S2140163C8F2E700BF7A5A00204C4300202DE9F34734
S2140163D89A4618239DF82890244FCDE9001203FB0E
S2140163E809731446D3E9022324F01BFB064620460C
S2140163F80D4603F0D9FD04F0FD03382B80460FD176
S214016408009432462B460021DAF8100023F043F9AF
S214016418B8F1010F1BD135431ED102B0BDE8F08794
S214016428392CDAF810300BD107EE906A07EE103ADD
S214016438F4EEC77AF1EE10FAACBF01200020E7E7C8
S2140164489E4275F100032CBF01200020E0E7B8F159
S214016458000FE2D10028E0D0182303FB09770123B7
S2140164683B7402B0BDE8F047FFF7CEBD80100020B0
S2140164782DE9F04F00252E46A846AA462C46DFF8F9
S214016488BC91D1B0694BA8B21B88834209D81CB10C
S21401649861882079FFF79AFDFFF7B6FD51B0BDE890
S2140164A8F08F0BA923F0CCF82AF082FF1823AFB29D
S2140164B87B4309EB030B59F8033005909DF82D0033
S2140164C8049301F01BFD002800F0AE809DF82C1007
S2140164D8002940F0A980DDE90432D01A4FF47A7217
S2140164E8BDF838305343834200F29E809BF8103043
S2140164F843B9BDF83A30002B00F0968053438342E7
S21401650800F29280FD230022CDE9013210AB009300
S2140165180DF119020DF11A03E9B20BA8EFF7F8FE0F
S214016528002877D1BDF81A30DA1C0493D2B214B316
S2140165383F4B9DF82D101B8813442279914214D1A4
S214016548BDF82E10628891420FD19DF83220B8EB23
S214016558D21F0AD1BDF83420524506D1B3424DDDCB
S2140165680020344902F04EFB01E0B342F8DC6188B2
S2140165782079FFF72BFD02F041FA04469DF9320017
S2140165882D4BC043C00F0093BDF834200A23BDF835
S2140165982E10C0009DF8328002F094F99DF82D3037
S2140165A84FF0000B23714FF48A53FF26BDF834A031
S2140165B84FEAD818E38007A95FFA8BF024F0E0FBCE
S2140165C8C0B2B0B99DF81D109DF82D20914210D18A
S2140165D8BDF81E10BDF82E2091420AD122469DF81C
S2140165E829109DF81C0024F046F9B04228BF304611
S2140165F8C6B20BF1010BBBF1200FDCD1BDF83000A0
S21401660824F012F89DF8190002F024FA049910A84B
S21401661802F034FA182300225F4309EB07031A74C1
S2140166282AF0C6FE49F8070001352BE77A5A0020FA
S214016638845A00200A5D0400926904008010002034
S21401664870B500240126104D8AB02B88A0B283426B
S21401665804D80AB0BDE87040FFF7D6BC05A922F0F9
S214016668EFFF9DF8150001F049FC50B19DF8143074
S2140166783BB91A46CDE901360093E1B205A8EFF712
S21401668847FE0134E1E700BF7A5A00202DE9F043BE
S2140166980389DFF858818BB0B8F800900093044658
S2140166A8837982884188407823F043FC002800F0EB
S2140166B89580E78927B1A389BB4200F2918000271C
S2140166C8B8F80030BDB2AB4214D84D4601264FF695
S2140166D8FF73E2899A4226D146B9B8F80030AB4230
S2140166E802D92846FFF70EFEFFF78EFC00200BB0F6
S2140166F8BDE8F083284605A922F0A2FF9DF81430CC
S2140167087BB92268059B5340FF2B0AD86368069E0F
S2140167185E4036F07F4604D1BDF81C2023899A4294
S214016728D5D00137CCE7E2689A422BD0002E53D158
S214016738D4E90323CDE9082305A822F070FF002831
S214016748D5D1B8F80030AB4204BF6B1CA8F80030AE
S2140167582AF02EFE18236B43234AE9B2D050D418E8
S214016768002305A81A46CDE901330093EFF7D0FDBB
S21401677818B100220023C4E90223284605A922F0FD
S21401678867FFB1E7234605AA04F1100C17461868F7
S2140167985968083303C763453A46F7D1186838601D
S2140167A805A822F03FFF0028C0D01F2D1AD80023C5
S2140167B88DF8143063788DF815306388ADF8163087
S2140167C8A388ADF81830A3798DF81A302389ADF867
S2140167D81C300028B0D1ABE70020E6E7862086E724
S2140167E8872084E7892082E7801000207A5A0020D3
S2140167F82DE9F04FB04A90F814908DB00446AF4991
S214016808002002F019FA002023F092FF20B1236835
S214016818218A588803F0A8F90020A94902F0F2F95C
S214016828637DDFF8B8A2002B14BF802340230293B0
S214016838236808BF08205988A14B18BF0020009379
S214016848228A072302F03EF800230393A28909F15E
S2140168580305954211DB039B13B9184602F0FAF8B3
S21401686824F000F8034620B10020964A964902F023
S214016878C9F901200DB0BDE8F08FA06809F1010142
S21401688889B210F8096023F00CFF324680460346A9
S2140168988E490020ADB202F0B5F98EB1012E00F096
S2140168A88A808527384602F0D5F8304602F0D2F8B5
S2140168B8404623F0B9FE852FD2D00123039376E014
S2140168C8A06809F10401A28989B2475D23F0E9FEAF
S2140168D809F10601A289049089B2A06823F0E1FEB5
S2140168E83A4605900090049B3046794902F08AF9A9
S2140168F809F1080938461FFA89F503F055FB0028FF
S21401690857D1384601F0CCF9294603468146A28973
S214016918A06823F0B7FE6F498346304602F08CF92B
S214016928A1684A4629443346304602F0CFF8304635
S214016938634902F067F9A9441FFA89F523684246B4
S21401694859885879238A0093029B23F0F2FA18B1E2
S2140169588378BB4240F0AC80483FFFB2092F05D888
S21401696840F21133FB40DB0700F1A48000238DF8C9
S2140169781C30236807A85A798DF81D205B88ADF866
S2140169882080ADF81E30029BCDF82CB08DF8223051
S214016998238AADF82430049BADF82830059BADF862
S2140169A82A30FFF773FE074600287FF47BAFA94617
S2140169B84CE7B346C2E72946A289A06823F071FED0
S2140169C84FF0000B024607464349002002F01AF929
S2140169D809F10509BAF800301FFA89F5BAF8002056
S2140169E81FFA8BF94A4503D81F2B31D9892759E74E
S2140169F8484607A9049322F023FE9DF81C20049B11
S214016A08012A22D122689DF81D00517988421CD19D
S214016A18BDF81E005188884217D1BDF8201041459F
S214016A2813D19DF82210029881420ED1BDF8240098
S214016A38218A884209D1BDF82800E188884204D114
S214016A489DF82A10127991421BD00BF1010BC5E76C
S214016A58012299468DF81C20226851798DF81D105F
S214016A685188ADF82080ADF81E1002998DF82210D5
S214016A78218AADF82410E188ADF8281012798DF82E
S214016A882A2007A8ADF82C7022F0C9FD0746002871
S214016A987FF408AFBAF800304846994508BF09F1AF
S214016AA8010307A908BFAAF8003022F0D1FD7EE746
S214016AB88D27F7E68C27F5E6355D0400F94F0400C7
S214016AC892690400965D04004B5C04003D5D040079
S214016AD85A5D04007B5D0400865D04007A5A002036
S214016AE82DE9F04F074688469146002589B09A4613
S214016AF8BDF848B09DF84C60149C224B1A88A8B281
S214016B08824235D903A922F09BFD9DF80C201D4B26
S214016B18B2BB9DF80D10B94232D1BDF80E104145F1
S214016B282ED1BDF8101049452AD19DF812105145AD
S214016B3826D1BDF81410594522D13046029201F0EB
S214016B48AFF8A6F14103012B01460AD8204623F0E7
S214016B58AEFD0D4B0D4A204484420CD1042102930C
S214016B6802ACEDB232462046009503ABFFF72EFC89
S214016B7809B0BDE8F08F14F8011F4B405343EBE70B
S214016B880135BBE77A5A0020C59D1C819301000197
S214016B981FB50F4C2478C4B142EA03229DF8183079
S214016BA88DF8051042EA43220A4BADF80C201A78F4
S214016BB8094B8DF80610079903EB021300908DF820
S214016BC80400DB6868460291984704B010BD00BF10
S214016BD8FB620020FD6200206C43002073B51A4D4D
S214016BE8FF211A4821F08BFF2B7853B3184C194E06
S214016BF82378180106EB03131A7A5968305C24F0D7
S214016C084BF94D281DD0E0B1012300212278CDE9AA
S214016C1800311201B25CC0B2FFF7BAFF0A2223782C
S214016C280A480133DBB2B3FBF2F102FB1133FF2151
S214016C3823702B78013B2B7002B0BDE8704021F021
S214016C4856BF02B070BD00BFFB6200200C44002096
S214016C58FD6200206C430020F8B5104F3E780A2EDE
S214016C681AD00FC8DFF840C00D4D9CF80040013619
S214016C7805EB041585E80F000A230134E4B2B4FBDA
S214016C88F3F203FB12440748FF218CF800403E70DC
S214016C9821F02DFF0020F8BD0120FCE7FB62002053
S214016CA86C4300200C440020FC6200200021024AAC
S214016CB80248FAF731BC00BFE56B01000C4400201E
S214016CC8002337B50C46124D12492A78CDE9003310
S214016CD812018A5C01230146E0B2FFF759FFA4B905
S214016CE80D490A788AB10A202B78013A0133DBB2BA
S214016CF8B3FBF0F40A70FF2100FB143307482B702E
S214016D0803B0BDE8304021F0F2BE03B030BD00BF8D
S214016D18FD6200206C430020FB6200200C4400202A
S214016D2808B500F0BDF850B1054B064A06490528D6
S214016D3808BF1A46BDE80840002001F063BF08BD39
S214016D48AA5D040092690400CB5D040008B503201F
S214016D5824F0BCF810B90122014B1A7008BD00BF17
S214016D68FE6200200022024B18781A70704700BF96
S214016D78FE6200200246FF21014821F0AFBE00BF97
S214016D882C440020114B37B51D78C5B9FF21104892
S214016D9821F0B5FEFFF7DAFF044600900D4B2846B2
S214016DA80D4A0E4901F02EFF4CB10D4B1B78DB0640
S214016DB805D5284624F064F8204622F0A1FA094BA6
S214016DC8186803B0BDE83040FFF7D4BFFE62002064
S214016DD82C440020E85D0400165E0400DB35040040
S214016DE8EC6200204C6C0020FF21014821F087BE90
S214016DF82C44002070B51A4E054633780C466BB302
S214016E080020184A184901F017FF032C01D0652CF9
S214016E1820D11649002001F00FFF22460020144910
S214016E2801F0F0FE0020134901F006FF0123294670
S214016E380822002001F04AFE00200F4901F0E2FE78
S214016E48032C88BF0023204688BF3370BDE87040F6
S214016E58FCF7BEB8012CE0D00849DBE770BD00BFDF
S214016E68FE620020165E0400C5390400295E04008F
S214016E787C400400475E0400926904003F5E0400FB
S214016E88014B1860704700BF4C6C00200021024A75
S214016E980248FAF741BB00BF8D6D01002C44002063
S214016EA8054B10B51C782CB90448FF2121F01FFEAC
S214016EB8204610BD0520FCE7FE6200202C44002079
S214016EC8F8B50024074B084E1D68084FE3B29D42EB
S214016ED804F1010400D8F8BD394656F8230020F01D
S214016EE8C5FFF3E7B8D80400BCD80400186D002025
S214016EF810B5044C23780BB123F0D8FF0123237077
S214016F0810BD00BFBD7000202DE9F743254B0D4687
S214016F1816460446019350B14AB1042301AA12F851
S214016F28011BA94235D0013B13F0FF03F7D12120FD
S214016F3803B0BDE8F08317F8010F90FAA0F0000E31
S214016F4821F0D0F9014608EB07039945F3DCCAB2EC
S214016F58C1F30F2392FAA2F293FAA3F3120E1B0EB1
S214016F6803EB0223DB43621912F8020C99B2DBB277
S214016F7898420CD112F8013CB3EB112F07D13246D7
S214016F882146284603B0BDE8F04323F0EFBE232090
S214016F98CEE74FF6FF71671EA5F10209C4F1010895
S214016FA8D1E700BF080A0E12F0B515468FB00E4697
S214016FB807462AF0A9FA254B02A81C7823F07AFF7F
S214016FC815F0FD0F3BD028B9BDF808309B0701D551
S214016FD8032D36D01DF02EFE58B309A823F0D6FF90
S214016FE80323306871688DF824300AAB03C39DF813
S214016FF83130012D43F002038DF8313019D105A93E
S21401700809A823F0BBFF002818BF022423F064FB5D
S214017018032D18D80E4B0F4A0020CDE9004753F828
S214017028243052F825200C4901F0ECFD20460FB01B
S214017038F0BD032DEAD1042C08BF0024E6E703249B
S214017048E4E72C46E2E70324F0E700BFFF620020EE
S214017058ECBC0400DCBC04004E650400014B18704F
S214017068704700BF00630020024B1A6818608260F0
S214017078704700BF506C0020024B186800B140688A
S214017088704700BF506C002070B5044600250A4BB7
S2140170981B687BB100211E8807E05A6802EB0110C5
S2140170A8013145B9021B554255418AB29642F4D878
S2140170B89B68EEE7184670BD506C00202DE9F04F2E
S2140170C81E46002393B0022E074688461446DDF86E
S2140170D870909DF874A0ADF81A3040F2C08099F807
S2140170E800305A0729D5042E40F2B98099F804B021
S2140170F800255F4B33F83520002A00F0B6800135AD
S2140171080A2DF7D1209B002B40F0AD80FF250023E8
S214017118207908AA0DF119018DF8193023F054FACF
S21401712870B1BDF82C309DF81900238023F0CFFAF2
S2140171380790C0B113B0BDE8F08F99F802B0D7E751
S214017148207922F071FF0B28059000F28A802079B9
S21401715823F0CEFA07900028ECD1464A059B02EBAD
S21401716803135B8823804FF6FF73002F08BF43463F
S21401717862880021CDE9002358465246238802F04A
S214017188FDFD18B1E38843F02003E380209B07A99F
S2140171980DA8CDE90D34CDF83C90ADF84080ADF89A
S2140171A842608DF844708DF845A023F01EFA08B1A8
S2140171B80798BFE7484602F025FDA01D02F010FD1E
S2140171C822464146384623F056FBB04227D3E38889
S2140171D82246C3F30E03E3809DF87C3041460393B1
S2140171E8BDF87830384602930DF11A03CDE90093BD
S2140171F8F3B222F08CFC209B079003B3F8B9BDF8D4
S2140172081A2042B1092D06D81B4B03EBC5018A800B
S214017218209A43F83520112023F0B9F91CE0BAF179
S214017228000F0AD10DF11A03CDE9006322464B4639
S21401723841463846FAF778FFDDE73820DBE70528C8
S21401724807D1E388DB0607D5002301200793FFF75C
S21401725805FF079B002BDED023F03EFAA8E70120A6
S21401726868E7212066E71C2064E7EDB24FE700BF18
S21401727854440020C0440020504400204FF6FF72BA
S214017288024B1A805A809A80704700BF7C5A0020A9
S21401729810B5044C2379FF2B02D123F035FE20715B
S2140172A8207910BD7C5A002010B50C4C2379FF2B91
S2140172B808D1002023F00BFA20B923F025FE20710F
S2140172C823F00AFA2079022805D00438012894BF49
S2140172D80020012010BD0020FCE700BF7C5A0020DA
S2140172E84FF6FF7310B5044C22889A4202D123F058
S2140172F801FE2080208810BD7C5A002010B5FFF7BB
S214017308BDFF40F61D439842044607D8B0F5416FC5
S21401731805D2182826D8152848D829D010BDA0F592
S21401732841630D2BFAD801A252F823F079730100B4
S2140173387973010025730100257301002573010087
S214017348257301002573010025730100C973010027
S214017358DB73010075730100757301007573010015
S2140173687573010040F606439842D7D11C4920E0C0
S214017378FFF7B6FF1B490246002001F043FC152C17
S21401738805D123F0A1FDBDE8104023F037B9164B0F
S214017398164A1749B4F5416F08BF1A46002001F08E
S2140173A831FC23F02AF923F029F9ECE71628DDD178
S2140173B81049002001F026FCBDE8104023F043BA2E
S2140173C822F08CFCBDE8104002460B49002001F073
S2140173D819BC0020BDE81040084901F013BC00BFE5
S2140173E8726604001F660400926904001A660400A7
S2140173F83B6604005B66040087660400AF6604000B
S21401740807B5094A0346108831B9084A084903B03E
S2140174185DF804EB01F010BC0091064A064901F03C
S2140174280BFC03B05DF804FB945A002012330400E9
S214017438CF660400B6330400DB3504000D4B37B5C0
S2140174481B68044693B11D780389012D08BF0225E0
S2140174580093C37A084A0020084901F0D3FB214665
S214017468284603B0BDE8304023F006BD022003B02D
S21401747830BD00BF8C45002044670400F366040055
S214017488002010B523F023F90D4B1B6863B15A7819
S214017498052A03D862B1052402220AE0FF2AFAD097
S2140174A80020084901F0AEFBBDE8104023F014B9EE
S2140174B81446104623F03CFD204623F037FDF3E73B
S2140174C88C4500204967040013B5134C002023F0AF
S2140174D8FEF8FFF7D3FE23689BB101A822F0F1FB63
S2140174E878B923681A789DF804309A4209D0D91ECB
S2140174F8032906D9D11E012903D9012A07D1022B4E
S21401750805D1032301A8ADF8043023F0BBFC02B073
S214017518BDE8104023F0E0B88C450020002319464A
S214017528034A01330A2B918042F8081BF9D17047A8
S214017538504400207FB50E46054623F0A5FC2A4692
S214017548044603460D49002001F05CFB96B10C4B3E
S21401755836211A889B78ADF80C208DF80E30032357
S214017568002200934FF6FC7003AB8DF80D5023F004
S214017578CCFB0446204604B070BD00BF6A67040011
S21401758858BD0400FF2810B50C4604D10020044954
S21401759801F038FBFE202146BDE81040FFF7CABFC0
S2140175A883670400F8B51E460B8807460C46154641
S2140175B8002B64D14A88B1F9021000200029B8BF0F
S2140175C86B78304901F01EFB6288132A1DD002F53C
S2140175D8FF437F339BB2052B23D8A2F50042013A1D
S2140175E8052A1ED8DFE802F0193F1D033C09264A82
S2140175F82649002001F006FB13E0254A234900200E
S21401760801F01AFB2A792349F3E7022E94BF4FF6B5
S214017618FF72B5F801202049EBE700201F4901F069
S214017628F1FA33462A462146384624F0A8FC70B9B2
S21401763833462A462146384624F0A3FC48F221035D
S21401764862889A4203D13846697822F0C6FF638871
S214017658B3F5004F02D9082022F0D6FF0120F8BD65
S2140176682A790F49C5E70F4A0849002001F0E4FACC
S214017678032E94BF4FF6FF726A880B49B9E70020BC
S214017688EDE700BFBE670400E6670400ED67040087
S214017698FE67040004680400126804002A680400EF
S2140176A844680400666804006B6804002DE9F0412C
S2140176B816888AB0DFF88C80ADF80E300DF10E030F
S2140176C8C8F8002015460093324610AB07460C460C
S2140176D8FAF7BCFD90BB109B8DF824000693BDF805
S2140176E80E3004A8ADF81C30AB898DF81070ADF8D3
S2140176F820306B890594ADF81E60ADF8223022F073
S21401770872FFD8B921463046BDF80E30109A01F0FE
S214017718C9FF98B921463046BDF80E30109AFFF7D2
S21401772841FF58B9CDE9006039462046BDF80E300C
S214017738109A02F049FB08B9C8F800000AB0BDE87B
S214017748F08100BF4C440020F0B585B004AB03E9D6
S214017758030000231C469DF80D609DF80E70154A1F
S214017768D9B202EBC1004568EDB99DF80C30284640
S21401777800939DF80A209DF80B300F4901F05CFA3A
S21401778826B1324628460D4901F056FA0C4A002021
S214017798002C18BF2246BDF808300A4905B0BDE8D6
S2140177A8F04001F02FBA12F831100133B94208BF80
S2140177B82C46D5E700BD04007D6804008E680400E9
S2140177C881320400926804004FF6FF7310B5084C26
S2140177D888B062889A4207D102A90DF1070022F003
S2140177E86EFABDF810306380608808B010BD00BF1F
S2140177F87C5A00202DE9F04F85B0894692461C46F2
S2140178080746BDF83850BDF83C80109E002833D096
S2140178180346464A0020464901F00EFA2388002B03
S21401782876D040F20912934274D0424A4249B3F5DF
S214017838827F08BF0A46CDF804806188002000913F
S2140178483E4901F0F9F9238893B1B8F1020F0FD92F
S21401785833783B4913F0010F3A4A18BF0A465907CD
S2140178684FF000004CBF3379B378374901F0E4F99B
S2140178780020364901F0C6F90023354931F833208E
S214017888AA4249D1334A52F833B0002331F83300BB
S214017898DA00A84246D100202E490A44908041F8D1
S2140178A8330047B9238833B9B4F90230002B02DB19
S2140178B8082022F06CFE012022F0A6FE9EB1357843
S2140178C8EB0710D515F0040004D0424601213046D6
S2140178D822F0E7FECDE90170434622465146484666
S2140178E8009622F0FEFBBBF1000F06D04346224667
S2140178F851464846CDE90067D84743462246514691
S2140179084846CDE9006722F0B2F805B0BDE8F08F29
S214017918114A90E7114A8EE701330A2BAED14FF090
S214017928000BB2E701330A2BB0D1BAE7BE2904002F
S214017938B968040082320400A7680400C768040016
S214017948AA680400B2680400F86804009269040092
S2140179585444002050440020A0680400A468040091
S2140179680D4BF0B54FF00C0C1F88054600230B4E47
S214017978DCB2BC4201D30020F0BD0CFB04F4301984
S214017988345DAC4205D144888C4202D104799442D4
S214017998F2D00133ECE700BF5A700020606C00207B
S2140179A873B501262B4D2C4C2A462046FF23002171
S2140179B80096F9F77BFD2A462046FF23002100960C
S2140179C8F9F774FD2A462046FF2300210096F9F7A9
S2140179D86DFD2A462046FF2300210096F9F766FD2D
S2140179E82A462046FF2300210096F9F75FFD2A461E
S2140179F82046FF2300210096F9F758FD2A4620461F
S214017A08FF2300210096F9F751FD2A462046FF2359
S214017A1800210096F9F74AFD2A462046FF23002151
S214017A280096F9F743FD2A462046FF2300210096D3
S214017A38F9F73CFD2A462046FF2300210096F9F770
S214017A4835FDFF232A46002120460096F9F72EFD2C
S214017A5802B070BDA5930300A04400202DE9F843A9
S214017A6800244FF00C090C4B0C4F1E78DFF83080C1
S214017A783A88E5B2954202D33046BDE8F88309FB59
S214017A880585FF21A86821F041F818B9AB799E420F
S214017A9838BF1E460134EBE7016300205A70002008
S214017AA8606C0020014B1878704700BF0163002006
S214017AB8014B1870704700BF01630020F8B50646F1
S214017AC80C4622F07FFD0546C8B9304622F0ACFACE
S214017AD80B2815D80B4B03EB00131F7B87B95A8865
S214017AE8012122809A88304662809B79237100F0B2
S214017AF837FA39466071304600F032FAA07101252E
S214017B082846F8BDC044002070B504460E46154602
S214017B1822F08AFA0B2802D94FF6FF7070BD094B7E
S214017B2803EB00131A7B002AF6D146B9012229462F
S214017B38204600F03DFA0028EED00088EEE7012E38
S214017B48EAD1F4E7C0440020FF2313B50DF107017D
S214017B5804468DF8073022F033FD18B19DF807006A
S214017B6802B010BD074B03EB04131B7B0BB1FF20C0
S214017B78F6E7204600F03AF90028F8D0204600F04B
S214017B88E9F9EDE7C044002013B5F6F765FC0446AD
S214017B98F6F768FC224603461249002001F032F83F
S214017BA800F084FFFFF7BAFC00F0A6F802210846A9
S214017BB802F074FDFFF764FC41F2490023F0D2F9A4
S214017BC84FF0FF130093FF2368468DF8043023F027
S214017BD8A7F94FF4004023F085F9002023F0A2F915
S214017BE802B010BD4769040038B5054622F008FD05
S214017BF890B9284623F0C2F8044628B140F6044353
S214017C08984214BF88248D2423462A460020034917
S214017C1800F0F8FF204638BD8D24FBE75F690400B5
S214017C282DE9FF4705460E4617469846BDF830909B
S214017C38DDF834A0BDF83840CDF80090CDE9014A0A
S214017C48E4B2FFF7D7FD43463A4631462846CDE922
S214017C580094CDF808A024F05BF9FF21034B044AF1
S214017C68044804B0BDE8F04700F01ABE885A002060
S214017C78845A0020D9640020044B01461888102233
S214017C8840F0404040F48010F7F716BA52BA0400A4
S214017C98024B18685968FFF757BD00BF2A1505003B
S214017CA80123064AD15C814202D1054AD05C70475D
S214017CB802335F2BF6D10020704700BF5ABD04007F
S214017CC85BBD040070B500220446094B1D78094BBC
S214017CD8D0B2854201D8FF2070BD1E78A64204D1D5
S214017CE80029F9D05E7BF607F6D401321033EFE7A8
S214017CF802630020C04400202DE9F04198B06B468D
S214017D08304A1068516803C390680CAA18602E4B55
S214017D1814469C4603F11806154618685968083330
S214017D2803C5B3422A46F7D112AA1746274B03F1D1
S214017D381806154618685968083303C5B3422A4613
S214017D48F7D1234A03AB106851684FF0010E03C3FD
S214017D58906871681860DCF83000002206AB03C32F
S214017D680C21EC46B068CDE909221860194BDFF8FA
S214017D786C801970184B0DEB01060B9206AD09A91C
S214017D881CF8010B0132187034F8020B0C2A5880C3
S214017D9837F8020B83F80DE0988016F8010B03F10B
S214017DA8100303F80A0C15F8010B08EBC00043F89A
S214017DB8080C11F8010B03F8040CE1D118B0BDE862
S214017DC8F08100BF79690400CAC00400E2C004005B
S214017DD88669040002630020C0440020C4BD040074
S214017DE8014B1878704700BF02630020034B03EB72
S214017DF80013587B00F00100704700BFC044002004
S214017E08F0B504460846D9B100220E4B11461F7834
S214017E180D4B1D46D6B2B74201D8002010E01E7899
S214017E28A64206D09E68F688314489B201321033DC
S214017E38F0E75E7BF607F9D505EB02150180A86821
S214017E48F0BD00BF02630020C04400202DE9F347BF
S214017E58894690461D46074618B9002002B0BDE877
S214017E68F0870029F9D0002AF7D0002BF5D0002496
S214017E7800780DF10601ADF80640FFF7C1FF0028AE
S214017E88EBD039460DF10602BDF8066021F0C1FFB8
S214017E9807460028E1D00DF10602BDF806A021F03C
S214017EA8DFFF0028D9D0C9F80070C8F800000379A8
S214017EB813F0200219D1DB0614D4BDF806300C4A9B
S214017EC8564413FA86F612FA86F20BE01A790C3340
S214017ED8920642BF13F8092C891889B29842F5D838
S214017EE8044A0A4401202A60B8E72146024BF5E70E
S214017EF8256400200363002004C0040008B500219F
S214017F08FFF7E0FEFF2817BF044B084603EB0013F4
S214017F18587B18BF00F0010008BD00BFC044002010
S214017F282DE9F0410D4616461F4622F07DF80B282E
S214017F380AD8074C3B4604EB001032462946BDE8F2
S214017F48F041806822F03DB80020BDE8F08100BF0E
S214017F58C0440020014B0001185C7047C044002053
S214017F6870B50C4622F060F80B281BD80F4B03EBB4
S214017F7800139A68C2B10023142618461579D9B297
S214017F888D4200D870BD116806FB0311097B34B910
S214017F9811F0800F1CBF0130C0B20133EFE711F0BA
S214017FA8400FF7E70020EDE71046EBE7C044002056
S214017FB8F8B50D46164622F037F80B280BD80F4BA6
S214017FC84FF0140C03EB00139A6800231C4617792C
S214017FD8D9B28F4201D80020F8BD10680CFB030007
S214017FE8017B46B911F0800F03D0AC42F4D00134BE
S214017FF8E4B20133ECE711F0400FF5E7C044002086
S2140180082DE9F04F064600243A4B87B01B783A4FC5
S2140180180093009B9C4207D2FF2E08D0304622F0E0
S21401802803F80B28044606D907B0BDE8F08F07EB1E
S21401803804131B7B2BBB23014FF00008019307EBAE
S214018048041A14E014221B6802FB05352B89B3F5C4
S214018058967F01D929F0C0F94FF000094FF00C0BB3
S21401806829891FFA89F291420ED808F10108019B65
S2140180785FFA88F5FB189B681A79AA42E2D8FF2EA0
S214018088D2D10134E4B2C4E71FFA89F00BFB00F041
S2140180986B6819180A7912F0100F23D19AF800E0C4
S2140180A812F0400F8DF80CE0B5F800E0185AADF85C
S2140180B80EE00CBF4FF0400E4FF0800EADF81200E8
S2140180C828468DF810E021F070FE5307ADF814002D
S2140180D8C8780AD50228896800D90968002203A841
S2140180E821F03FFF09F10109BAE702288CBF896828
S2140180F80831F3E702630020C0440020052370B569
S214018108094A06881488B44208D19578047B2C401D
S2140181183F2C03D90D4201D0506870BD013B02F1D6
S2140181280802EFD11846F8E774C0040070B50024B9
S214018138074D084E2B78E0B2834200D870BD06EB97
S2140181480010437BDB0701D522F04DF80134F1E737
S21401815802630020C0440020F8B50C4600210546FD
S214018168FFF7B0FDFF2829D0154A060102EB0013D8
S2140181785B7B03F001016CB143F001031644A14295
S214018188737305D0C4B100B202EB001022F02BF8CD
S2140181980120F8BD2346F1E77B4311682846CA1833
S2140181A8127BC95AD20921F08AFC0134B268E3B2BB
S2140181B811799942F0D8EBE71427F7E70846E8E77C
S2140181C8C0440020F0B59446497D20B339B301294F
S2140181D818BF042100254FF6FF702F462A46144E75
S2140181E83488644511D196F803E01EEA010F0CD0D5
S2140181F8B4789C4209D30AB1BC4206D81EF0100FC7
S21401820803D08AB1BC420CD370B90135072D06F1EB
S2140182180406E5D1F0BD002908BF0821D8E70221E8
S214018228D8E727460020F0E727460122FAE700BFED
S21401823858C004002DE9F04F0A9FBDF824E09DF8C8
S2140182482C809DF830904C7D78B394B3012C18BFE0
S21401825804240025194800F11C0C068896421ED1F4
S21401826890F803B01BEA040F19D08678464516D352
S2140182781BF0100F91F80FA004D0BAF1000F0ED022
S214018288B1F810A0BAF1000F09D1A94513D0AE452F
S21401829811D95E553E88013501363E80ADB20430AF
S2140182A86045DAD10120BDE8F08F002C08BF08240C
S2140182B8CDE70224CDE70020F5E700BF58C004004B
S2140182C82DE9F04F0024B1F57C4F0E4638BF4FF02C
S2140182D8010BA246A1464FF6FF781F4628BF274B3B
S2140182E885B028BFB3F800B0009001925C4503D36F
S2140182F8404605B0BDE8F08FB6F57C4F0CD3204B51
S2140183083A4603EB840331465B880098FFF708FE7C
S214018318054680B300232AE03A463146009821F004
S214018328B3FEF5E70C229CB254436A680199105BC8
S21401833802EB040C884219D3B9F1000F01D050455D
S21401834814D861462846CDE9023221F02EFD029B5B
S21401835860B1039A125BB9F1000F03D0524501D3FD
S214018368804503D9924680464FF0010901332A8990
S2140183789CB2A242D6D80134A4B2B7E7BABD04006B
S214018388BCBD04002DE9F04F91461A4600238BB078
S2140183988DF82020BDF850208DF81C00ADF81E1071
S2140183A8ADF8242005460F461A4604A907A8159CC9
S2140183B89DF858609DF85CA09DF860B09DF86480B3
S2140183C80493ADF8229021F078FD049850B92B4615
S2140183D8CDE90079644A654900F014FC86200BB0A3
S2140183E8BDE8F08FBAF1000F14D18378B34206D0F6
S2140183F850465D4A5E4900F005FC8D20EFE703799B
S21401840813F0010306D11846574A5A4900F0FAFBF9
S2140184188820E4E703795B072CD583685A689B684C
S21401842805920693807822F0DEFA049B0546DF78EB
S2140184382146022F03463A4610D805A822F08FFA9D
S21401844881462B463A46214606A822F088FAB9F113
S214018458010F01D001300DD18720C0E7059822F021
S2140184687EFA0128F8D02B463A462146069822F08D
S21401847876FAEFE7BBF1000F6FD1049F4FF6FF7254
S2140184882146B87821F02FFC00286BD0BDF824309F
S214018498C5B20093CDE902549DF82030BDF82220DC
S2140184A8BDF81E109DF81C00019622F098F80028C9
S2140184B895D1BDF82430CDE902540093BDF82220A9
S2140184C89DF82030BDF81E109DF81C00019621F07D
S2140184D864FE002883D121469DF8682007A821F06C
S2140184E840FD00287FF47BAFB8F1000F07D03B466C
S2140184F82046BDF81E209DF81C1021F0D5FDBDF8BC
S2140185082430BDF82220BDF81E109DF81C000093EB
S214018518CDE901649DF82030FEF7E2FABDF8243073
S214018528BDF82220BDF81E109DF81C000093CDE969
S21401853802549DF82030019622F050F8BDF82430F8
S214018548BDF822200093BDF81E109DF820309DF836
S2140185581C0021F0FAFD002041E70020064900F042
S21401856851FBF8E701203AE7936904009F69040084
S214018578CB690400DF690400F36904007FB50025B0
S2140185888DF80830BDF820308DF80400ADF80610D7
S214018598ADF80A20ADF80C306946BDF82830099ABE
S2140185A801A80B9E009521F088FC044630B916B147
S2140185B8009B9B783370204604B070BD8928FAD199
S2140185C82846024900F01EFBF5E700BF106A0400C2
S2140185D82DE9F04F4FF0000AC7B0FFF701FC5FFA2C
S2140185E88AF6B04202D847B0BDE8F08F5B4B360139
S2140185F89A5D00205A4900F005FB0020594900F011
S21401860801FB00230593554B9DF8144033449B68A2
S2140186181A79A24202D80AF1010ADEE714224FF0BB
S21401862800091B6802FB043422891FFA89F39A425F
S21401863802D8059B0133E5E70C231FFA89F803FBEB
S21401864808F8D4F804B028F0C7FE0BEB08052B7918
S214018658454913F0400F3BF8083022884FF00000D8
S2140186680093424B18BF0B46414900F0E5FA2946EC
S214018678204621F09AFB074600283CD13D4900F0E8
S214018688DBFA2979DFF814C111F0010F3A4818BF4F
S214018698604611F0020FAA78EB7832D1DFF800C1F4
S2140186A811F0100F354918BF6146CDE900010020C9
S2140186B8334900F0C1FA2B793BF8082013F0400F34
S2140186C84FF0000B4FF0FD030DF118082188CDE996
S2140186D8023BCDE9007821480CBF40238023805D0A
S2140186E8FFF74CFF86280ED12649002000F08AFAAB
S2140186F809F1010998E702462349002000F09CFA8F
S214018708BFE72249D1E7A87821F03FFBD8B1404618
S21401871821F0CDFF421C92B201234146002000F011
S214018728D5F93946208801F001FA4FF6FF739842C9
S21401873807D0174B174903EBC0035A68002000F00F
S21401874861FA1549D1E7A87821F025FB20B1404602
S21401875821F0B2FF821CDEE7EA78DDE7C04400209C
S214018768626A0400706A04003A6A04003F6A0400F8
S214018778B06A0400275B0400476A04004A6A0400DA
S214018788C46A0400E06A0400816F0400526A0400A7
S21401879844C10400073A040092690400446A0400CC
S2140187A85A6A04002DE9F04FC7B0BDF844A1064641
S2140187B8BAF1040F0D4614461F46BDF840B163D9F9
S2140187C8CDE9013B00920B4602463049002000F0F5
S2140187D819FAFD230DF117090DF118083046029311
S2140187E822463B462946CDE900B8CDF80C90FFF75E
S2140187F8C5FE0646B8B9FD22414699F8000021F0A3
S21401880872FA0746C0B1AAF10403834238BF892623
S214018818204621F009FF8EB1304600F01BF930469C
S21401882847B0BDE8F08F009023462A460020184935
S21401883800F0E8F90027EBE78926E9E7DFF85CA00E
S214018848BA1CBAF80030C3F1FF039A4219DA304667
S21401885800F000F999F8000000F0FCF8BAF800906A
S2140188680C483A4641464844B94405F04DF8AAF83A
S214018878009023462A4630460749009700F0C2F979
S214018888CDE7892000F0E6F88926C8E7EC6A0400F7
S214018898276B0400D96400204E6B0400845A00201C
S2140188A810B5044C20600448018004490A60044A53
S2140188B8136010BD88450020825A00208445002098
S2140188C88045002030B587B00AAC0D4654F8041B25
S2140188D80093CDE901141346094902460948098857
S2140188E80068059421F0A0FD4FF48A52064B1B68D8
S2140188F81880064B1B685D80DA8007B030BD00BF64
S214018908825A0020884500208445002080450020A2
S21401891808B410B587B009AB0C4653F8041B00928F
S214018928CDE9011302460B490B4805930988002334
S214018938006821F079FD4FF48A52084B1B681880AD
S214018948074B1B685C80DA8007B0BDE8104001B0B1
S214018958704700BF825A00208845002084450020C1
S21401896880450020044A034611680448044A0988D9
S2140189781268006821F031B884450020804500203F
S21401898888450020044B054A1B6812681988044B61
S214018998186820F095BF00BF844500208845002050
S2140189A88045002007B5074B1B681B880192064ABD
S2140189B812680092054A126820F0E3FF03B05DF8DA
S2140189C804FB00BF84450020884500208045002020
S2140189D81FB51446064A12681288CDE9014300916C
S2140189E8044B05491B68096820F0A7FF04B010BDB1
S2140189F8844500208845002080450020014B1868E2
S214018A08704700BF80450020024B1B6818715971DA
S214018A18704700BF8045002010B50024084B1C7025
S214018A28FEF75EFC074BFF2218802146064804F035
S214018A38DBFD064B1C80064B1C605C609C6010BD11
S214018A48E3650020865A0020D9640020845A002055
S214018A58885A002007490B88FE2B9FBF064AD05428
S214018A68581C80B29DBF088000F1FF308018002096
S214018A78704700BF845A0020D9640020F8B5094F12
S214018A880D463B885C18FE2C0ADC074E0A46A4B243
S214018A980146F01804F0FAFD3C80641BA019F8BDE5
S214018AA80020FCE7845A0020D9640020024B034AC0
S214018AB800201A60704700BF8C450020C0BD040026
S214018AC8014B1878704700BFC044002030B4044DED
S214018AD8044C002B0CBF2B46234630BC21F010BE9D
S214018AE8AE2A0400216C040070B5054608460C46FB
S214018AF821F0DDFD611C0246024B2846BDE87040A8
S214018B0821F0FEBD4073040000B5037889B00693D2
S214018B1843783E220593837808490493C3780393E0
S214018B28037902934379019383790093C3790448BF
S214018B38008800F081F809B05DF804FB7C6B04003E
S214018B48945A0020024B02460249188800F05AB887
S214018B58945A00201A3104002DE9F04705460E46BE
S214018B6817460024DFF84480DFF844A0DFF8449075
S214018B78AC4201D1BDE8F087B8F8000006EBC401A5
S214018B885346082221F0BCFD0134B8F800003FB96D
S214018B98044AA54208BF4A46034900F04DF8E7E7EC
S214018BA84A46F9E79269040019310400945A0020EC
S214018BB8216C0400541B04002DE9F0410E4E0446B6
S214018BC8308821F0B5FDA8B100250C4FDFF83080BC
S214018BD8E3070AD518B94146308800F02DF83088E1
S214018BE82A46394600F028F8002001351B2D4FEAA1
S214018BF85404EDD1BDE8F081945A0020735704005F
S214018C08C46804000EB417B505A9044651F8040B48
S214018C18019103F0DFFB01210220054AF8F766FF00
S214018C28044B1C8003B0BDE8104003B0704700BF7A
S214018C3892690400945A00200EB417B505A9044693
S214018C4851F8040B019103F0C5FB034B1C8003B0DC
S214018C58BDE8104003B07047945A002013B5036866
S214018C680446587900F032FF90B923685A88032AD7
S214018C780ED0E17C5B79CDE900211649164AFFF74B
S214018C88C1FF0121204621F0F3FD012002B010BDED
S214018C98637D012B0AD0637D33B92368228A5988FC
S214018CA8587921F0CDF948B9C3200AE02368228A09
S214018CB85988587921F0CDF90028ECD0204621F0C2
S214018CC839FD064B1B78002BDFD110F5807FDCD0F1
S214018CD8C1B2D7E7A96B0400A16B0400DA650020CE
S214018CE8002970B50F491D460F4B14460CBF6E225E
S214018CF87922002808BF0B4600200C49FFF79CFF85
S214018D080B4E2544AC4205D1BDE870400020094908
S214018D18FFF778BF3146002014F8012BFFF78CFFC8
S214018D28F0E700BFE26B0400D86B0400EB6B0400AD
S214018D381F6C0400B04E04002DE9F04FC27C8BB0C6
S214018D480592427D0368002A14BF80224022077DCF
S214018D580446856886895879B846B3F8029006921B
S214018D6800F0B4FEA0B9059B052B05D86FF02D03BE
S214018D78059A1341DB070BD5B9F1030F08D0AB49A8
S214018D880020FFF73FFF0121204621F071FD76E024
S214018D98E37B1BB1228A002A00F0B781607D00229E
S214018DA8B0FA80F05B4203F00403DFF88CB24009A6
S214018DB843EAC000ABF80020FFF74CFEE37B1BB389
S214018DC8208A21F031FC8246A07CFFF743FE059AF3
S214018DD8162A00F29A81DFE812F019009E016C004B
S214018DE85600D2016C009201D9019A01E001E7010F
S214018DF8EE013901020298019801980114025802FD
S214018E0814027002390102029A46DDE700204B4639
S214018E18874A8849FFF7F6FE0120FFF71BFE08F18F
S214018E280207B74229D841463246284621F039FC7E
S214018E388046236842465879BBF800304946C3F154
S214018E48FF039BB20193238A0093069B23F09AF8AB
S214018E5810B11FFA87F8E2E7236842465879BBF84B
S214018E6800304946C3F1FF039BB20193238A00935E
S214018E78069BFFF797FC8928EBD121F0F3FC01202C
S214018E880BB0BDE8F08F4FF0000B0420FFF7E2FDB2
S214018E98F31E0893089B984552D3BBF1000FECD1FB
S214018EA8E37B94F81480002B0CBF02220422624B49
S214018EB81A804FF0000B0420FFF7CCFD5F4608F13F
S214018EC8030A564540F29D8032464146284621F01F
S214018ED8E8FB05EB08039B78F21EAA44A2EB0802FE
S214018EE807905146184692B2099320F0FCFE089066
S214018EF8002879D02268099B5079CDE901A3238AF5
S214018F0849460093DDE9063221F01CFA82464A46B4
S214018F180020079B4949FFF78FFEBAF1000F55D18C
S214018F280BF10103504646495FFA83FBFFF76AFED9
S214018F38089B08F1030813FA88F81FFA88F8BEE7B1
S214018F4832464146284621F0ACFB05EB08039F78DC
S214018F58089B08F10301A3EB08022944824692B252
S214018F683846099120F0BFFE079068B3236809992F
S214018F78587902970191238A524600934946069BDF
S214018F8821F030FA0746B8B10BF1010338465FFA0B
S214018F9883FBFFF75FFD504621F046FB53464A46E2
S214018FA800202649FFF72EFE3A4600202549FFF7FE
S214018FB829FE802F3FF471AF079B08F1030813FAC7
S214018FC888F81FFA88F865E78027DDE75046FFF737
S214018FD841FD079821F028FB013752460020194920
S214018FE8FFB2FFF70FFEA3E78720FFF733FD0798C9
S214018FF821F01AFB0137872212490898FFB2FFF7BA
S21401900801FE059B052B3FF43AAF002F7FF435AFE1
S214019018BBF1000F05D10C495846FFF7F3FD802137
S214019028B2E63846FFF716FD27E700BF6C210400B5
S2140190382C6C0400796C0400845A0020366C0400F9
S214019048796B0400526C04005C6C04000599A84A0C
S214019058A84B0020152918BF1346CDF80090A64A3C
S214019068A649FFF7CFFD059B0C2B14BF16200D2034
S214019078FFF7F0FC32462846394621F012FB059BDD
S2140190883D440C2B0646AD7835D1192D28BF192538
S214019098E37BB3B14FF6FF73278A9F4211D120684D
S2140190A832464946069B4079FFF70AF9B84208D086
S2140190B8BAF1000F05D020828AF80000000A8AF863
S2140190C801000020BBF80070FFF7C4FC2368324695
S2140190D85879059B4946A3F1150CDCF1000343EBCF
S2140190E80C03CDE90153238A0093069B21F09EF8D1
S2140190F8834BD855C1E6132D28BF1325C8E720464C
S214019108FDF776FB00287FF4BAAE81213CE62046BF
S214019118FDF722F8F6E7B9F10A0F05EB0708A6EB03
S214019128070A21D1DFF8DCB19BF80030E3B1E37B15
S214019138D3B9BAF1080F17D132463946284621F075
S214019148B0FA88B998F8023073B998F80320E22A79
S2140191580AD13246391D2846059321F09FFA21F097
S2140191686CFB059B8BF80030414648461FFA8AF28D
S21401917822F00AFF00287FF482AE002104E6F21BE3
S214019188484692B2E91921F049FAF3E7F21B484634
S21401919892B2E91921F005FAECE7F21B484692B2B9
S2140191A8E91921F028FAE5E7F21B484692B2E919CF
S2140191B822F0ECFEDEE72368EE5D5879238A013754
S2140191C8ED5D0193069B3246494600932B4620F0F7
S2140191D86CFF2A463146484621F0E5F94FE60598E0
S2140191E87A1CE95DB31AA0F116067042704100397F
S2140191F8009018BF012148469BB22A4421F0D5F9B0
S214019208B8E7059BEE5D112B3D446F7838D11220E7
S214019218FFF720FC0025E37BB3B14FF6FF73B4F8E4
S2140192281080984510D133464A4621462846FEF70F
S214019238C9FF404508D0BAF1000F05D020828AF848
S2140192480000000A8AF80100BBF80080DFF8B0A029
S214019258C8F1FE0292B208F10103009253444A464D
S21401926821462846CDE90267CDF804B0FEF7E2FFAD
S214019278BBF800300AF808000133ABF80030FCE50B
S2140192881420FFF7E7FB0125C5E77B1C9E422CD37C
S214019298EF5D1D44003F18BF0127F31A9EB23346FF
S2140192A82A4639460020FFF71BFD00962B463A460C
S2140192B84846218A21F07DF95CE77B1C9E4214D33F
S2140192C8EF5DF61A003F18BF01271D44B6B23346B4
S2140192D82A4639460120FFF703FD00962B463A46F3
S2140192E84846218A21F063F944E70020C8E500BF13
S2140192F892690400276C04006D6C0400776C040006
S214019308D9640020D865002038B54FF6FB750446A9
S214019318A9424FF001019DF8100098BF43F400439D
S214019328217023816260A07202230020084A09493D
S214019338FFF768FCE07A084B40F6CA0203EB4010D8
S214019348FF211FF0CBFBBDE83840042021F01FB9F0
S214019358876C0400926C0400D045002030B50546A1
S21401936885B028B91D4905B0BDE83040FFF74ABCAD
S2140193780024007B21F0ABF92046194A19492C70C4
S214019388FFF740FC184BE87AFF2103EB40101FF06B
S214019398B6FB2046154B02019A5C22B90130042817
S2140193A8F9D121F031F9696899B1B5F908302A89F6
S2140193B89B1303F002038DF80430C2F30E03ADF8D5
S2140193C806304FF6FF73ADF80830002301A8039363
S2140193D8884705B0BDE8304021F07EB9BD6C040071
S2140193E8876C0400EF6C0400D045002090450020EF
S2140193F80948037873B91946084AD3720133042B0E
S2140194081173117051601181917202F11002F4D139
S21401941801230370704700BFD965002090450020DE
S21401942808B5FFF7E5FF002305491A018A5C01EB39
S21401943803101AB10133042BF7D1002008BD00BF71
S2140194489045002070B50D460646FFF7D1FF00236C
S214019458094800EB0514A17AB14205D1217819B162
S2140194682B4400EB031070BD0133042B04F11004E8
S214019478F1D10020F7E700BF9045002010B504465B
S214019488FFF7B6FF0E4B9C4212D003F1200294421E
S21401949810D003F1400294420ED060339C420DD1A5
S2140194A80323084800EB0310BDE81040FFF756BF3A
S2140194B80023F6E70123F4E70223F2E70020F3E7A7
S2140194C8D04500209045002070B50024064D074E73
S2140194D82846324600210134F8F71EF8042C05F117
S2140194E82005F5D170BD00BFD04500208594010048
S2140194F82DE9F34105460C4617469846FFF790FFB7
S214019508064640B91C4A1D49FFF77CFB0224204643
S21401951802B0BDE8F0814FF6FB739D420AD94FF6BB
S214019528FD739D4204D00020134A1549FFF76AFBD4
S2140195384FF6FD75434621463A46284621F065F919
S214019548044600F02FFE804634B1234600200A4A1E
S2140195580C49FFF757FBDAE73B462046064A0A4915
S214019568FFF750FB062329463046089ACDF80080B7
S214019578FFF7CAFECBE700BF876C0400FC6C04004B
S214019588266D04005B6D0400846D0400F7B506467D
S2140195980C461746FFF744FF054638B9104A1149E5
S2140195A8FFF730FB0224204603B0F0BD21464FF4F6
S2140195B88A52304621F0F1FA044600F0F3FD34B140
S2140195C823460020064A0849FFF71CFBEBE70090F4
S2140195D804233A4631462846FFF796FEE3E700BFDE
S2140195E8876C0400FC6C0400AC6D0400F7B50646F5
S2140195F80F46FFF715FF054638B9104A1049FFF719
S21401960801FB0224204603B0F0BD00224023114688
S214019618304621F0A1FC044621F09CFC34B12346D7
S2140196280020064A0749FFF7EDFAEBE70090012309
S2140196383A4631462846FFF767FEE3E7876C04009B
S214019648FC6C0400DF6D040073B504460E46FFF794
S214019658E7FE054638B9104A1049FFF7D3FA02243F
S214019668204602B070BD00222046114621F076FC45
S214019678044621F06FFC34B123460020064A084907
S214019688FFF7C0FAECE70090234632464FF6FC7126
S2140196982846FFF739FEE3E7876C0400FC6C0400F4
S2140196A80D6E04002DE9F0418846107800219EB021
S2140196B814461D46FFF7C6FE0646002800F0FD8044
S2140196C80778002F7BD0B8F80010002940F0F58005
S2140196D80389B8F8022043F40040824240F0ED8046
S2140196E8617800296BD1A2F50042062A00F2E580CE
S2140196F8DFE812F0A100A100E300E3000700B800CC
S2140197086900E3880D3DADF82430238915F001057D
S214019718ADF8263063798DF82830E37A03F106022E
S21401972814F812208DF814308DF81C2042D10BA99C
S2140197388E46069104F10C005FFA85FC9C4500F103
S214019748020009D210F8018C10F802CC01350CEB96
S214019758082C2EF802CBEFE701EB43011A440891D7
S214019768D2B2590001F10D009A42C0B20BD02518A9
S2140197786D78205C7831694400EB0520013321F8C7
S2140197884C0CDBB2EDE7B6F908203389002AACBFEA
S21401979801220322C3F30E038DF808206288ADF870
S2140197A80A3005ABADF80C20049302A9304621F027
S2140197B817F804E0424A43490020FFF723FA3846DF
S2140197C81EB0BDE8F081042D02D83D4A3E49F3E7B4
S2140197D82379053DADB29D42B4F8028002D0384ADD
S2140197E83A49E9E73A4A3B4B0020002D08BF1346A1
S2140197F83949334ACDF80080FFF704FA05348DF865
S2140198081450B6F90830069485B1002BACBF012375
S21401981803238DF82C303389ADF83080C3F30E035B
S214019828ADF82E3005AB0D930BA9BFE7002BACBFE7
S21401983806230523EDE70B2DC7D9D4F80200D4F883
S214019848061013F4004F05AA03C20CBF0422032214
S2140198588DF82C206289C3F30E03ADF83020ADF8DD
S2140198682E30DFE7042DB0D96388ADF83030237980
S2140198780533DBB29D4206D00020114A17490095F0
S214019888FFF7C0F99BE70E4A00201549FFF7BAF91A
S214019898B6F908203389002AACBF01220322C3F394
S2140198A80E03ADF82E3005AB0D93631D0693237991
S2140198B88DF82C208DF81430B6E700277FE700BF17
S2140198C8876C04003A6E0400626E0400766E04002B
S2140198D82A290400926904009D6E0400BA6E0400E9
S2140198E8FB6E0400304BF0B5B0FBF3F24FF4616544
S2140198F803FB1200B0FBF5F3DCB205FB13033C25B2
S214019908B3FBF5F3DBB2A0EB04104B71C3EB031307
S214019918A0EB83004FF4FA630B8040F201134B80EF
S21401992801230C711F4600246425204E8871944239
S21401993800D1F0BD91F802C013B1BCF1020F2BD0D3
S21401994806EB0C0010F801ECC87870450BBF012037
S21401995801300CF1010CC0B208BF81F802C0C87012
S21401996888780D2816D10B888F7001339BB298071B
S2140199780B8014D1B3FBF5F005FB103080B280B92B
S2140199884FF4C870B3FBF0FC00FB1C339BB2B3FA70
S21401999883F35B090134CAE74FF01D0ED4E70023B1
S2140199A8F8E70123F6E700BF8051010006C104006D
S2140199B810B5044688B006A9FFF794FF9DF81E3037
S2140199C80A4803939DF81D30049402939DF81C30B1
S2140199D89DF81A200193BDF81830054900930088B0
S2140199E89DF81B30FFF70EF908B010BD945A0020F9
S2140199F8146F0400026808B51188154B1980518840
S214019A08598051791971117959714FF48A51D98050
S214019A18D28812F0200F0CBF0A464FF48B52816988
S214019A28DA800C4A137831B9C0880B4923F002034F
S214019A380880137008BD43F002031370074B152204
S214019A481846013103F022FE002200F8012CF1E746
S214019A58885A0020E3650020865A0020975A00207D
S214019A6810B5184C2368587920F0DEFA0B2822D84E
S214019A78154B03EB0010027B237F9A421BD1236808
S214019A88428819888A4205D04FF6FF70814212D162
S214019A98120410D42279023A012A06D9A37B63B9A3
S214019AA8BDE810400748FFF747B9198958791FF0EC
S214019AB8F1FB0028F2D1002010BD0248BDE8104095
S214019AC8FFF7CCB854460020C044002008B520F063
S214019AD8ABFA0B2896BF024B0020185C08BD00BFE6
S214019AE8E865002008B5002020F0F1FDFF2020F0F1
S214019AF8CEFA20F0F1FD20F096FCFEF771F901216F
S214019B080246064803F070FD054BFF21054A064844
S214019B18FEF7C6FEBDE80840FEF708BBE86500206C
S214019B28885A0020845A0020D9640020F0B5002203
S214019B3804464FF6FF750B4F90B237F83060034670
S214019B48AE4201D12846F0BDA64209D1B4F57C4FF4
S214019B58F9D307EBC3035B888B42F4D00029F2D014
S214019B680132E9E744C1040010B50446FFF7DEFFF9
S214019B78094A034610884FF6FF72934214BF074AF4
S214019B882246BDE8104017BF02EBC30304495A68D2
S214019B980449FFF751B800BF945A002044C1040095
S214019BA8376F0400073A0400034B18780130C0B237
S214019BB8187000F07F007047BF700020044A1378C1
S214019BC818B143F001031370704703F0FE03FAE778
S214019BD8E3650020014B1870704700BFE66500205A
S214019BE838B1074B1B78012B04D1038843F0400397
S214019BF803807047022BFCD1038823F04003F7E764
S214019C08E665002068B1074A1378012B07D1064B91
S214019C181B781370037843F01003037001E0022BDE
S214019C28F8D07047E5650020E46500207FB501217E
S214019C38264B274E197033780246D90744D425494E
S214019C48096881B10868C1888D0641BF224CE18840
S214019C5841F02001E180C1884C0641BF1E48C188F9
S214019C6841F04001C1801D4D1D49287809784007FB
S214019C784CBFE97069701B4913F00204098809D0C2
S214019C88164A194820F0A5FC337823F002033370EE
S214019C9804B070BD154B18884FF6FB73984208D868
S214019CA80B46CDE9005201460B4A20461FF069FED5
S214019CB8EEE74FF6FF73CDE9014200930A46074BDC
S214019CC805491FF03AFEE3E70020E1E7DA650020E0
S214019CD8E365002050460020885A0020D9640020F9
S214019CE8C0700020845A0020965A0020865A002008
S214019CF870B503790446012B0D46164631D883689C
S214019D081B78DB0600D561B3A37B13B9E37C0B2B69
S214019D1827D00022144B1A80637DB3FA83F35B09BC
S214019D28D800E37BABB9FEF795FEA07CFEF792FE62
S214019D380B20FEF78FFEE07CFEF78CFE2846FEF72A
S214019D4889FE2046FFF756FE3046BDE87040FFF70D
S214019D586DBF40F00400FEF77DFE208A20F064FC0B
S214019D68E3E7002070BD00BF845A0020024B0A4674
S214019D7801461868FFF7BCBF50460020F0B40546F8
S214019D8818460F4B0C461B78BDF81010012B0D4ECC
S214019D9801D0377827B1002333700020F0BC704714
S214019DA80CB9002AF9D143B14FF65743994204D06A
S214019DB82B462246F0BC20F0F2BB0120EEE700BF9E
S214019DC8C1700020E76500202DE9F04F684C4FF080
S214019DD8000A25468446964698460F46654B664EC3
S214019DE883F800A00FCE0FC596E80F0085B085E86A
S214019DF80F00DDF83C90BDF83830724600933946BE
S214019E0843466046CDE9019400F0DCF8DFF890811E
S214019E18064670B90025FEF7FFFD162200215748B1
S214019E2803F0E2FB00232846C8F8003005B0BDE879
S214019E38F08F534BA27CC8F800401A70514B1B7820
S214019E48002B36D020F0FBFC4F4902465046FEF761
S214019E58F3FE22685046537952884C490092A289EB
S214019E68FEF7EAFE504620F063FC20B12368218AFB
S214019E785888FFF779FEE37B23B10020228A4449FC
S214019E88FEF7DAFEA36800201A78E37C41490093BE
S214019E98A37CFEF7D1FE207DA289A168121A01448F
S214019EA80123002092B2FEF711FE00203A49FEF780
S214019EB8A9FE2F48FFF79EFD2D4822F05EF80546BD
S214019EC830BBB9F1000F25D12168E0880B880190D5
S214019ED84988BA1E032A00918CBF0022012201215B
S214019EE8E07CFFF74BFF38B923685B79FF2B3AD044
S214019EF8FFF7B6FD05468EE72368DB889A06F3D496
S214019F080121264C1A48217020F0B2FC84F80090F2
S214019F18354680E7B9F814309B07E5D47AE7584602
S214019F28FEF718F882465846FDF760FF88B12368A1
S214019F385046228A598820F07AF850B13846FFF7F9
S214019F4859FD236889F804A083F805A0FFF788FD62
S214019F5800B9284605460136FDF742FF5FFA86FB3B
S214019F685845DCD857E70026014FDFF83890F3E765
S214019F7854460020DA65002024C10400965A0020C1
S214019F88C0700020BE700020506F0400596F040096
S214019F987A6F0400866F04007B220400E7650020C0
S214019FA850460020885A00200023054AD15C814289
S214019FB802D31A44507870470233DBB2F6E700BF83
S214019FC812C1040073B515462E781A4616F0040F0A
S214019FD80CBF032605269E42089C08D9224A234917
S214019FE800960020FEF70EFE002002B070BDBDF8F8
S214019FF8183021712060E380A560A2812B7803F0D8
S21401A0080103A3732B7803F00403002B14BF01216B
S21401A0180021E1732978C1F3C00161754FF0010190
S21401A028217518D0284620F03CFB237D2082023378
S21401A0382375227D531CDBB22375A95C0232D2B28A
S21401A048A1742275EB5CE374A3899A4205D9009240
S21401A0580749054AC5E72382EBE7079B0120A36169
S21401A06800232377C1E700BFBE290400C96F040097
S21401A078E56F04002DE9F7430024204FDFF89C80A4
S21401A088DFF89C90E0B220F09BFEFF2805460FD132
S21401A0982346012102201A4AF7F728FD194B0134F5
S21401A0A818781EF01DF9152CECD103B0BDE8F08325
S21401A0B846B238EA260328BF4B4601210093022000
S21401A0C857F82430104AF7F711FD002EE6DA09236F
S21401A0D8E340DB070AD50D4A0D4B15F0010F18BFF3
S21401A0E81A4601210220F7F701FDD7E70A2CD5D138
S21401A0F8084A094B15F0010FF1E700BF5CC10400DF
S21401A1083E700400C27000206670040017700400D8
S21401A1180170040033700400297004002A29040021
S21401A1289269040008B554220021024803F05CFA3B
S21401A138002008BD845B002008B55422FF21024890
S21401A14803F052FA002008BD305B0020024B23F8CA
S21401A15810100020704700BF305B0020002310B4A9
S21401A168074ADCB2A14203D85DF8044BFFF7DABF11
S21401A1782A2BF9D032F8024B20F813400133F0E7C6
S21401A188845B0020002310B5054A994201DD2A2B7D
S21401A19800D110BD32F8024B20F813400133F4E722
S21401A1A8845B0020024B187800F07F00704700BFE0
S21401A1B8F4650020034B18780130C0B2187000F01F
S21401A1C87F007047F465002030B51C4600238BB02D
S21401A1D8ADF82220021D92B2012A0E9DADF820305C
S21401A1E8ADF81E10ADF81C3003D94FF6FF72904239
S21401A1F80FD10022CDE90352CDE90124094B0146CE
S21401A2081B784FF6FF70009307AB20F0F7FD0BB0F5
S21401A21830BD0146CDE901531846009407AA20F03F
S21401A22809FEF4E7C370002038B505464FF48050A0
S21401A2380C4603F0DFFB4FF480532860236030B9E7
S21401A24840F2A511BDE83840014827F0B8B838BD36
S21401A2585571040000487047625E0020014B18786B
S21401A268704700BFDF700020014B1888704700BF99
S21401A27862700020014B1878704700BFD870002024
S21401A288014B1878704700BFCF700020014B187833
S21401A298704700BFD2700020014B1878704700BF86
S21401A2A8F9650020014B1870704700BFF96500205A
S21401A2B8014B1878704700BFF8650020014B1870ED
S21401A2C8704700BFF8650020014B1878704700BF3B
S21401A2D8D3700020014B1888704700BF60700020BB
S21401A2E82DE9F74F414B424A0193424BDFF844911F
S21401A2F81B78DFF84481DFF844E1DFF844C13E4FBC
S21401A3083E4E3F4D3F49404802EB431A019B52459A
S21401A31803F1200309F1200908F120080EF1200EA7
S21401A3280CF1200C07F1200706F1200605F120059F
S21401A33801930FD100221146344B324D1C78344E0E
S21401A348344B314FD0B2844203F1200346D803B0D0
S21401A358BDE8F08F304B314C5360002349E9074381
S21401A3682F4CDFF8E0B048E907432E4CC2E902302B
S21401A3784EE907432C4C11604CE907432B4C1361FB
S21401A38847E907432A4C49E9050348E905034EE925
S21401A39805034CE9050347E9050349F8201C48F875
S21401A3A8201C4EF8201C4CF8201C47F8201C46F8A8
S21401A3B8201C46E90743019C45E907B3DFF888B046
S21401A3C846E9050345E9050344E907B344E90503F6
S21401A3D845F8201C44F8201C203297E743E9085624
S21401A3E843E9061743F8101C0132ABE79C490020E5
S21401A3F8BC4A0020E6700020FC490020DC49002009
S21401A408BC4900207058002092690400DD700020C5
S21401A41869E902003C4A0020C1920200F5D6030011
S21401A42821A70200493203004FE7030009CA0200C8
S21401A43873AD03009C4A00207C4A00205C4A002039
S21401A4481C4A0020795F0300C58F0200002208B568
S21401A458074B1A605A6020F06FFC064B187020F004
S21401A4686BFC054B1870054B1A78054B1A7008BD1E
S21401A478125800205466002053660020D070002031
S21401A48852660020002100B593B008466A460AF0D5
S21401A49885F90146C8B90E4B0E4A09930E4B0D9223
S21401A4A80A930E4A0E4B0E920B930E4A0E4BCDE9AB
S21401A4B80F230C930D4B6A4611930AF025FC0038BE
S21401A4C818BF012013B05DF804FB0120FAE700BFAE
S21401A4D809D20300BDA002000DD40300ED690200F5
S21401A4E8B5AD0300BDB702006DD403000D9B020095
S21401A4F8084B1878112806D8012809D9064BC340F5
S21401A50803F001007047A0F14303584258417047D1
S21401A51800207047566600203400020008B5064B36
S21401A5281B78013B022B05D80020FFF7E1FF013815
S21401A538C0B208BDFF20FCE757660020044B00F1B7
S21401A548100250F8041B904243F8041BF9D17047D7
S21401A55858660020044B03F1100253F8041B93427B
S21401A56840F8041BF9D170475866002030B500241E
S21401A57891B0114B0546214614220BA8CDE9094393
S21401A58803F032F8102209ABCDE900440693CDE971
S21401A5980452CDE90252094B09490AA8F2F77AFF93
S21401A5A804460AA821F092FA1CB1A021054826F013
S21401A5B806FF11B030BD00BF0024800000444004EF
S21401A5C858660020E071040070B5002490B0154B61
S21401A5D805460E46142221460BA8CDE9094303F089
S21401A5E803F8102209ABCDE9004406933146CDE9BC
S21401A5F80452CDE902520C4B0AA8F2F74BFF044667
S21401A6080AA821F063FA1CB1BA21084826F0D7FE39
S21401A618099B102B03D0BB21044826F0D0FE10B0AE
S21401A62870BD00BF0024800000444004E0710400AF
S21401A63830B50D4600218FB0124B0446142209A8E6
S21401A648CDE9071302F0D0FF102207ABCDE902428D
S21401A658CDE90042049329460B4B08A8F2F7CEFF32
S21401A668044608A821F032FA1CB1D121074826F081
S21401A678A6FE079B102B03D0D221044826F09FFE86
S21401A6880FB030BD0024800000444004E07104008F
S21401A698014B93F95A007047A85700200022034B34
S21401A6A81870034B1970034B1A70704769660020BF
S21401A6B86A660020686600202DE9F04FDFF8908072
S21401A6C8064698F800300D4685B0002B3AD04FF66E
S21401A6D8FB73984236D84FF0000B1C4FDFF874A076
S21401A6E83C7898F800305FFA8BF94B459AF80000E9
S21401A6F811D9484402AA0DF10601C0B216F0B2F902
S21401A708082229460DEB020003F0BAFA0BF1010BF9
S21401A7180028E6D14C463B78A34208D198F8002099
S21401A728631CDBB29A423B7004BF00233B7032467F
S21401A73829469AF800301C44E0B205B0BDE8F04F4F
S21401A74816F07EBA05B0BDE8F08F00BF6866002037
S21401A7586A660020696600202DE9F74F06460D4611
S21401A76814461F464FF0010BDFF8789003F10C0AE8
S21401A77815B903B0BDE8F08F102DA84628BF4FF0D5
S21401A78810083A46164B5FFA88F152F8040B524500
S21401A79843F8040BF9D101919AF8002011481A7070
S21401A7A8002389F80F4089F800B089F80E30FFF7C2
S21401A7B8DDFE324601340B480199E4B212F801CBAA
S21401A7C810F8013B83EA0C0302F8013C931BDBB249
S21401A7D88B42F3D3A5EB080816461FFA88F5C7E798
S21401A7E86C6600206B6600202DE9F04F9046914676
S21401A7F885B00090981A029383B20193009B0F4686
S21401A808354903F10C0453F8045BA34241F8045B91
S21401A818F9D11B78314E0B7049233370019BF073C5
S21401A8281B0A3046B373FFF7A1FE0221BB460D464D
S21401A838737888EA030373704FF0000A1DE0C5F1C8
S21401A8481004A9EB0A039BB2A4B29C4228BF1C467B
S21401A85800231FFA83FCE8186445C0B21FD82544B4
S21401A868EDB2A344102D54441FFA84FA05D10025ED
S21401A87830460391FFF77AFE0399D145DFD807EBF7
S21401A888080B25B115480391FFF770FE03990129B6
S21401A8984FF000050DD00121DDF80490CCE71BF838
S21401A8A803C016F800E001338CEA0E0C06F800C067
S21401A8B8CFE7029B09491F44094B38461C782246B4
S21401A8C803F022F82A4621463846009B05B0BDE823
S21401A8D8F04FFFF741BF00BF6C6600206B66002093
S21401A8E8E770002030B540780C4601284FF0110378
S21401A8F887B001F1100516D1144A01A90AF08CFF98
S21401A908234601AC224618685968083303C2AB428D
S21401A9181446F7D111230D4A002001A90AF07CFF3D
S21401A928002007B030BD0120094A01A90AF074FFCA
S21401A938234601AC224618685968083303C2AB425D
S21401A9481446F7D11123024AE6E700BF75E4010071
S21401A95879EB010030B50C46407887B001284FF0F6
S21401A96811030DBF0B4A0C4A012001A918BF01A902
S21401A9780AF052FF234601AA05AD144603CCAC42A1
S21401A98818605960224603F10803F6D1002007B083
S21401A99830BD00BF75E4010079EB010010B50C4627
S21401A9A888B01A230C4A01A901200AF035FF21466E
S21401A9B80DF10E0304F1100251F8040B914243F80D
S21401A9C8040BF9D11A230020034A01A90AF024FF2F
S21401A9D8002008B010BD00BF24E10100F0B58BB01F
S21401A9E804460D4622F081FBA8B101A813F00CFE1F
S21401A9F888B1667B271D16F0020F05D00822384657
S21401AA0801A903F03DF9D0B901AB46F0020603CB24
S21401AA186060796066731A230A4A03A901200AF05E
S21401AA28FBFE29460DF116030DF1260253F8040B19
S21401AA38934241F8040BF9D100200BB0F0BD2D204C
S21401AA48FBE700BF24E10100F0B50546071D00221B
S21401AA580C463846082193B022F0D9FA6A7B064696
S21401AA68D0070BD5687808A920F04DFEDDF83D30F3
S21401AA786B60DDF841307B6080B10BE0910709D54A
S21401AA88D2000121384602F0800220F049FEFF2854
S21401AA98687002D12D2013B0F0BDD6B1687801A92F
S21401AAA820F0C6FD9DF81C305B0604D54FF4C67130
S21401AAB80A4826F084FC234603AD07AC2A4603CA97
S21401AAC8A24218605960154603F10803F6D1002022
S21401AAD8E1E708A920F017FECEE700BF5E72040082
S21401AAE82DE9F04106468AB01F480F461546002450
S21401AAF8FFF730FD002C01A914BF4FF05C0C4FF096
S21401AB08360C10238846184A12F8010B013B8CEACA
S21401AB18000013F0FF0301F8010BF5D105A823F097
S21401AB28DCF84246102105A823F0DBF8C4B93946FB
S21401AB38324605A823F03DF92A460DF1140C0DF10D
S21401AB48240E634603CB7345106051609C4602F1A0
S21401AB580802F6D114B10AB0BDE8F0810124C9E7AC
S21401AB682A461021E5E700BF9B6600202DE9F0473D
S21401AB7891460D46C0B09DF82041DDF828811E4655
S21401AB88DFF87CA09DF82431074622464946404610
S21401AB988AF8003002F0B8FE9DB123463246414697
S21401ABA83846FFF721FEB44207D9A11B3B460122CE
S21401ABB889B208EB0600FFF7CFFD002040B0BDE8DC
S21401ABC8F087A11B3B46012289B208EB0600FFF776
S21401ABD8C3FD22464146684602F096FE324669465D
S21401ABE838462346FFF700FE9AF800200DEB0401CD
S21401ABF809EB040003F044F80028DED02C20DDE73A
S21401AC08E770002038B50346104601F1100451F8E4
S21401AC18045BA14242F8045BF9D104491BB1FFF772
S21401AC28D3FC002038BDFFF703FDFAE79B6600203A
S21401AC3830B5054689B0694620F06FFB6B8804ACD1
S21401AC48ABB122462946684620F007FB0E4A08ADF6
S21401AC58234603CBAB42106051601C4602F1080242
S21401AC68F6D10948FFF76AFC002009B030BD6B46EB
S21401AC78054D1A4603CAA24228606960134605F1C3
S21401AC880805F6D1EDE700BF9B66002050B10B4BD7
S21401AC980B4A03F1100153F8040B8B4242F8040BDC
S21401ACA8F9D17047064B054A03F1100153F8040B16
S21401ACB88B4242F8040BF9D1704700BF9B6600200F
S21401ACC87B66002008B51022024802F0DFFC00204F
S21401ACD808BD00BF8B66002008B508461022024949
S21401ACE802F0D4FC002008BD8B66002010B504468F
S21401ACF886B001A9114A112301200AF08DFD9DF89D
S21401AD08143001A8E37023F0DEFB80F001000C4A42
S21401AD1801A96070112301200AF07EFD9DF8143008
S21401AD2801A8A37023F0CFFB80F00100207011F07A
S21401AD38F7FF6060002006B010BD00BF75E4010093
S21401AD4879EB010010B5044686B01123134A012099
S21401AD5801A90AF061FDA3789DF814209A4207D04C
S21401AD688DF81430002011230C4A01A90AF054FD6D
S21401AD7811230B4A012001A90AF04EFDE3789DF83C
S21401AD8814209A4207D08DF8143000201123044A63
S21401AD9801A90AF041FD06B010BD00BF79EB01001C
S21401ADA875E401002DE9F04186B0064603A80C4675
S21401ADB814F078FC054600284AD1BDF80C309806F0
S21401ADC846D510222946204602F00EFC01A813F0AB
S21401ADD81BFCC0B1777B06F1040817F0020F06D0FA
S21401ADE80822404601A902F04BFF00282ED101ABEC
S21401ADF847F0020703CB7060C8F8041077732388FE
S21401AE0843F008032380238843F00203238012F0CB
S21401AE18CBFF606022F069F930B10E4B1B68A36066
S21401AE28238843F0040323800B4B1A68D1035EBFC3
S21401AE38238843F010032380130203D5238843F4A1
S21401AE4800632380284606B0BDE8F0812D25F9E782
S21401AE582425F7E7EC4A0020F04A002010B5D0E98F
S21401AE68023253F8223090B01C68402269462046C8
S21401AE7820F0BCFC034630B1224600200549FDF708
S21401AE88C1FE10B010BD012269460820FDF764FE18
S21401AE98F7E700BFF472040070B500F0B1F80028B7
S21401AEA80CBF6E22792200201349FDF7ABFE00F095
S21401AEB8A7F8F0B120F0AEFC00280CBF6E2279226C
S21401AEC800200E49FDF79EFE082200200C49FDF7DA
S21401AED899FE00250B4C0C4E234654F8042C31469B
S21401AEE800200335FDF78EFE182D04F10C04F3D16E
S21401AEF870BD3F22E4E700BF2C73040043730400CF
S21401AF0853730400144C00207273040070B520F0CB
S21401AF1866FC044621490020FDF774FE2CB920463C
S21401AF28BDE870401E49FDF76DBE00F0BBF805464A
S21401AF381C4B62690020002A08BF1A461A4926686F
S21401AF48FDF760FEA28800201849FDF75BFE184948
S21401AF58E2880020FDF756FEA388228913F0100028
S21401AF681ABF002013491449FDF74CFEE268002079
S21401AF781249FDF747FE226900201149FDF742FEF6
S21401AF88104A114B0020B6F5817F38BF13460F498A
S21401AF982A46BDE87040FDF735BE00BFA77304001A
S21401AFA8B4730400A4420400D5730400F3730400C8
S21401AFB814740400317404004E7404006C740400A4
S21401AFC88A7404009F73040095730400A87404002F
S21401AFD838B5014600230C25084A05FB03F4A018DA
S21401AFE81459013404D10C2202F050FB002038BD5C
S21401AFF80133082BF1D10120F9E700BF104C0020DE
S21401B008034B1878012894BF00200120704700BF21
S21401B018AD66002038B50446044D2878A04203D012
S21401B028214620F0BCFB2C7038BD00BFAD66002061
S21401B03800B58FB03422002101A802F0D5FA01A884
S21401B048EEF7D2FC0598D0B182680E4BB2F5803F78
S21401B05834BF92B2C2F38F2241881A81028828BF70
S21401B06841F010011A6042689980DA80C268DA6095
S21401B07802691A6142695A61027E18461A760FB049
S21401B0885DF804FB944B0020054B1B7820B1012B7F
S21401B09804D80220FFF7BEBF012BFBD8704700BFBC
S21401B0A8AD66002010B5084C237853B920F097FBFD
S21401B0B80123237028B10368B3F5817F24BF037E7B
S21401B0C82370207810BD00BFAC66002070B5184B01
S21401B0D81B78012B2BD820F065FB164D0246164926
S21401B0E80020FDF78FFD0120FFF7CEFF2E78FF2EFB
S21401B0F81DD1FFF79DFFC8B1848860223146C4F38D
S21401B10840040E482C7002F06FFA602231460C4853
S21401B11802F06AFA5CB1FFF7C5FF042807D9BDE853
S21401B128704040F22B11074826F049B9287070BDC7
S21401B138AD660020E8700020CB740400104C002097
S21401B148B04B0020DD7404002DE9F04FDFF884923F
S21401B1588DB003AB07468846144699E8070083E88E
S21401B1680700FFF7B3FFFFF79DFF944B06461D78D0
S21401B1784B46012D40F07081012840F27281B7FBE1
S21401B188F0F200FB1272002A00F06B818C49002253
S21401B1988B46D1F800C0BCF1FF3F04D0087A604462
S21401B1A8874200F019810132082A01F10C01F0D119
S21401B1B893E8070006AE0DF1240A86E807008AE838
S21401B1C80700FFF76FFFB7FBF0FB00FB1B7BA0EB4D
S21401B1D80B094A46414606460AA809978DF82C9057
S21401B1E802F092FB00224FF00C0E764902E0013283
S21401B1F8082A0ED00EFB02F000EB010C08580130AD
S21401B208F5D19AE807008CE807006F490A780132F9
S21401B2180A70A14504DD4FF4E2716C4826F0CFF8B8
S21401B228A41B5C444F44A1B217FA84F4B4FBF6F2AB
S21401B23806FB1242C8448E1A91B1A41A08EB0601FD
S21401B24807A88DF82020069402F05EFB06A8FFF7F3
S21401B258BFFEFF2804D140F2D9115C4826F0AFF8AA
S21401B268B6B2B6B10320FFF7D5FE802E0AD832460D
S21401B2784146574802F048FB32463846544920F0C2
S21401B28899FA05460220FFF7C5FE28460DB0BDE827
S21401B298F08F0025F9E74FF40E714C4826F08FF829
S21401B2A8464B1B78012B00F0E380002C36D0032098
S21401B2B8FFF7B0FE802C2FD822464146444802F0BC
S21401B2C823FB22463846424920F074FA05460220F6
S21401B2D8FFF7A0FEDFF8F09099F8003093B1039CD1
S21401B2E8FFF7E0FE374B002798461A68511C04D032
S21401B2F8197A411A521A944224D00137082F03F1B9
S21401B3080C03F2D1002DC0D1039B0133C1D003A891
S21401B318FFF75EFE0546B8E70125D8E72546D9E7D3
S21401B32840F26D21294826F04AF8012524E0012D2E
S21401B33830D0802E2FD832462549039820F03AFA85
S21401B348054628E0002DA0D10C247C4308EB040315
S21401B3589DF814A093F808B00AEB0B03802BDFDCEA
S21401B3681B4B524604A9184602F0CEFA211D5A462E
S21401B3784144504402F0C8FA0C2303FB07839DF8A6
S21401B38814201B7A13449E42D1D040F273210F48F1
S21401B39826F015F801250220FFF73CFE99F8003043
S21401B3A813B1013B89F800304FF0FF3308EB040274
S21401B3B848F80430C2E9013367E700BFE8700020A7
S21401B3C8104C0020B04B0020AB660020DD74040052
S21401B3D8144B0020C0C104004FF00C0A0AFB02B34C
S21401B3E8187AA6EB00095FFA89F9A14501D35FFA35
S21401B3F884F90AFB02FA0AF1040528444A4641463A
S21401B408584402F081FA0BEB0A031A7AA4EB0904F2
S21401B4184A44D2B2B242A4B21A7219D10320019395
S21401B428FFF7F8FD32460BEB05015BF80A0020F042
S21401B438C1F905460220FFF7EDFD4FF0FF32019BEB
S21401B4484BF80A20C3E90122002D7FF41EAFC84439
S21401B458002C3FF41EAF4F44104B1B78012B7FF492
S21401B46824AFB7FBF6F306FB1373002B7FF413AF79
S21401B478E319B3FBF6F506FB1535002D3FF415AFBA
S21401B488641B5B1B08EB04012A4604A80393A4B2B9
S21401B49802F03AFA8DF8145007E700BFE87000206A
S21401B4A870B5134B1B78012B0CD1FFF70FFE002646
S21401B4B8104D55F8043C013306D10336182E05F114
S21401B4C80C05F6D1002411E00320FFF7A3FD55F87B
S21401B4D8044CFFF7E7FD29460246204620F06AF9A4
S21401B4E804460220FFF796FD002CE6D0204670BDE4
S21401B4F8E8700020144C002070B505460C46FFF78E
S21401B508E5FD0520FFF786FD2146284620F060F96F
S21401B51806460220FFF77EFD00220A4B2C441968D6
S21401B528481C08D0A94206D3A1423EBF4FF0FF31BE
S21401B538C3E9001199600332182A03F10C03EED10E
S21401B548304670BD104C0020D0E9023253F8223044
S21401B55810B51C68204600F095FA28B12146BDE8CA
S21401B5681040024800F022BF10BD00BF5B75040002
S21401B57808B5D0E9023253F82230186800F06CF9A1
S21401B58820B1BDE80840024800F010BF08BD00BF62
S21401B5987D7504002DE9F041D0E9023253F82210F6
S21401B5A803EB82035B680F681D789AB0642D04D993
S21401B5B86421114800F0FAFE64252A46384601A996
S21401B5C800F002F9044698B90C4800F0EFFEDFF8DF
S21401B5D8348001AE013DA54202DC1AB0BDE8F08117
S21401B5E83919404616F8012B00F0E0FE0134F2E75F
S21401B5F8034800F0DBFEF0E7A0750400C075040000
S21401B608EA750400D77504002DE9F04700252D4F8B
S21401B618DFF8E080DFF8E0908CB0284603A900F058
S21401B628EFF810B10CB0BDE8F087049B2946039AE1
S21401B6380093384600F0BAFE404600F0B7FE05997A
S21401B64810290CD810290CD8DFE801F00F14320B9A
S21401B658340B0B0B360B0B0B0B0B0B0B3A00202981
S21401B6682CD0194800F0A2FE07E0184800F09EFE0C
S21401B6780135D2E7164800F099FE0699484600F0CB
S21401B68895FE0799134800F091FE134800F08EFEC8
S21401B6981024DFF868A00DF11F06504616F8011FA2
S21401B6A8013C00F083FE14F0FF04F6D10B48DDE7F9
S21401B6B80B48E0E70B48DEE70B48DCE70B48DAE720
S21401B6C80B48D8E705760400AA7604005A760400E3
S21401B6D86A760400D0760400E8760400551B040058
S21401B6E8727604007A760400837604008E76040067
S21401B6F8A576040049760400B9760400F9760400B4
S21401B70810B50B4C8EB023785BB9EEF7E7F8014617
S21401B71850B9012301A82370EEF766F9054B049A80
S21401B7281A6020780EB010BD034800F03FFEF8E717
S21401B738AE660020E44E0020FF76040000B58FB008
S21401B748FFF7DEFF002829D001A8EEF74DF9059B83
S21401B7581448198800F02AFE059B13485969134BAB
S21401B768002908BF194600F021FE059B1048598894
S21401B77800F01CFE059B0F48196900F017FE059B93
S21401B7880D48D96800F012FE059B0C48197E00F09A
S21401B7980DFE0B4B0B48196800F008FE0FB05DF85C
S21401B7A804FB00BF3C7704004E770400A442040063
S21401B7B86077040074770400887704009C77040097
S21401B7C8E44E0020B077040070B5064615460C46D0
S21401B7D879B172B1FFF794FF68B121462A4630461F
S21401B7E8EEF70CFA014618B1044800F0DFFD012017
S21401B7F870BD2120FCE71120FAE700BFC2770400DC
S21401B80837B505460C46FFF77BFFE0B1114B1B68C1
S21401B818AB421AD9CCB100212422204601F0E4FE1D
S21401B828214628461BF0EBFA88B9284601AA04F1F6
S21401B8380801EEF795F920B140F20643C01A18BF81
S21401B848012003B030BD1120FBE72120F9E70120D4
S21401B858F7E700BFE44E0020F0B593B00546FFF7C2
S21401B8684FFF002845D0254B1A68AA4207D8294613
S21401B8782348013A00F09AFD212013B0F0BD05A82F
S21401B888EEF7B2F8284603A91BF0B9FA98BB049A52
S21401B89822F4FF57C2F30C0327F01F072BB14FF40E
S21401B8A800532946174800F081FD039E7FB125F015
S21401B8B893FD30464FF40051EEF72CFA3346044612
S21401B8C806F5005650B9039BF31ABB42EFD32A4636
S21401B8D839460D4800F06AFD002406E000902A4625
S21401B8E84FF40051094800F061FD201E18BF0120E1
S21401B8F8C3E71120C1E70120BFE700BFE44E0020DF
S21401B908F07704009E7804005D7904000C79040041
S21401B91810B5044638B1FFF7F3FE30B10020044BEA
S21401B9281B68236010BD2120FCE71120FAE700BF41
S21401B938E44E002010B50446FFF7E2FEB0B10C4B0A
S21401B9481A68A24206D821460A48013A00F02EFD96
S21401B958212010BD25F040FD40F25122204606491F
S21401B968EEF7BEF8003818BF0120F2E71120F0E71D
S21401B978E44E0020F0770400904C002010B50446F1
S21401B988FFF7BEFE70B121460848EEF7C9F840F247
S21401B9980323984208D040F2012398420CBF0520A1
S21401B9A8012010BD1120FCE70020FAE7904C00208A
S21401B9B82DE9F0412D4D04462F68FFF7A1FE00281A
S21401B9C851D02968A14207D84A1E2948214600F0C5
S21401B9D8EDFC2120BDE8F0812648EEF761F8DFF896
S21401B9E894800246B0B943462E68964222D1BE429A
S21401B9F814BF3A4606F1FF3212BB31461D48C8F855
S21401BA080040EEF72DF8014600B31B4800F0CEFCC7
S21401BA180120DFE72046EEF703F8044638B1014671
S21401BA28164800F0C3FC201E18BF0120D2E7EDF728
S21401BA380BFEF8E753F8041B8C42DDD00132D4E73D
S21401BA480C499200081D01F021FED6E7296809482D
S21401BA58EEF726F8044610B101460948D6E7EDF791
S21401BA68F3FD2046B6E71120B4E700BFE44E0020F8
S21401BA78F0770400704C0020A3790400797904005B
S21401BA88D6790400F8B50446FFF73AFE002845D0F3
S21401BA98234B1A68A24207D821462248013A00F0E9
S21401BAA885FC21242046F8BD1F4800F07FFC25F0C0
S21401BAB893FC40F251221D492046EEF711F840F258
S21401BAC80327054625F088FC184E65B140F2032386
S21401BAD89D421AD02946164800F068FC01241548EC
S21401BAE800F064FCDEE725F077FC29463046EEF7E1
S21401BAF817F8B84209D040F20123984203D10E48FC
S21401BB0800F054FCE1E70546DFE721460B4800F064
S21401BB184DFC2046FFF74CFF0446E0E71124C1E739
S21401BB28E44E0020F07704000D7A0400904C0020C3
S21401BB382D7A0400551B0400B04E0400457A040013
S21401BB480322024B186019615A6370470000025CB1
S21401BB583F22034B1A631022DA6103229A63704765
S21401BB680000025C024AD36B9B07FCD4704700BFF7
S21401BB780000025C044B9B6A13F0240F14BF0120DB
S21401BB8800208000704700BF0000025C08B5FFF780
S21401BB98F1FF084BDB6B23F47F4323F0EF03003BF5
S21401BBA818BF012350EA83001EBF0122024BC3F8C7
S21401BBB8FC2F08BD0000025C00F0FF3F4368182B0D
S21401BBC80AD0202B1DD0102B2BD1174BD3F80434B9
S21401BBD8DB010AD401207047134BD3F804349A01C9
S21401BBE8F8D50B6843F008030B6003680F4A9342C5
S21401BBF810D10B6843F040030B600023436000201C
S21401BC087047094BD3F804345B01E3D50B6843F05E
S21401BC180403E9E7064A9342F1D10B6843F080032F
S21401BC28EAE70720704700BF0000025CB066002004
S21401BC38AF6600200B4607B50749D1F80414C907B3
S21401BC4808D5002100920246084600F043F803B0E2
S21401BC585DF804FB0120FAE70000025C0B4607B515
S21401BC680749D1F80414C90708D5009201210246EC
S21401BC78002000F02FF803B05DF804FB0120FAE776
S21401BC880000025C13B5084CD4F80444640709D5CF
S21401BC98CDE900230B4600210246084600F044F889
S21401BCA802B010BD0120FBE70000025C13B5084C8A
S21401BCB8D4F80444640709D5CDE900230B460246A7
S21401BCC80121002000F030F802B010BD0120FBE78A
S21401BCD80000025CF0B51C465B6815468DB01A0775
S21401BCE8129E1AD1CBB17268934216D10C4B0D4AEB
S21401BCF853F8217009AB07CA83E807001A46294694
S21401BD08CDE90533CDE90333CDE90163009447F462
S21401BD1880701FF0D0FD0DB0F0BD0720FBE700BF17
S21401BD28D8C10400CCC10400F0B51D4616466A68A1
S21401BD388DB0DDE91273E2B17868824219D15A688A
S21401BD48102A16D10C4A09AC52F821C00B4A07CA68
S21401BD5884E8070022463146CDE90544CDE9034487
S21401BD68CDE9017400954CF480601FF0A4FD0DB078
S21401BD78F0BD0720FBE700BFD8C10400CCC1040012
S21401BD8810B50A46044619B1024B00211B689847AC
S21401BD9810BD00BFE0C1040010B5114C2378580748
S21401BDA844BF23F0040323702378990705D500F0D0
S21401BDB85DF8237823F00203237063781BB1002310
S21401BDC8084A636053600023082106486370FFF73A
S21401BDD8D7FF2378DA0744BF23F00103237010BD89
S21401BDE8E84E0020EC4E002038B51A4C62782378CD
S21401BDF8022A01D1072B11D0DD0712D5237898071F
S21401BE0807D400F02BF82378054643F00203237085
S21401BE1880B96278237882B15A0716D50025284654
S21401BE2838BD1BF05EFE2378054643F001032370F8
S21401BE380028E3D0FFF7B0FFF1E7D907ECD50649AC
S21401BE4862604A6002226270E6E743F004032370E8
S21401BE58E4E700BFE84E0020EC4E00200122024B2A
S21401BE68002083F8F0207047F44E00202DE9F041B9
S21401BE780A4C002526464FF0010803272046C4F839
S21401BE881C80277601351FF004FE062D04F12804D0
S21401BE98F4D1002386F8F030BDE8F081F44E002096
S21401BEA82DE9F04F984691B00B1E0A93B44B914674
S21401BEB814BF83469B4600251A9E98F8000070B961
S21401BEC84D4538BF2A464B464FF000000A9928BF11
S21401BED809F1FF32D847284611B0BDE8F08F25286A
S21401BEE808F1010806D02A464B460A996C1CD84721
S21401BEF82546E2E70023414611F8012B2B2A16D0E6
S21401BF080AD8202A16D0232A17D0A2F130000928E9
S21401BF1834D800270A2418E02D2A05D0302AF4D16F
S21401BF2843F001038846E6E743F00203FAE743F0E5
S21401BF380403F7E743F00803F4E743F01003F1E7D7
S21401BF48884604FB0722A2F13007414611F8012B67
S21401BF58A2F130000928F3D998F800202E2A52D1E8
S21401BF6898F8011008F10102A1F13000092843F4FC
S21401BF7880633ED800244FF00A0E11E02A2A08D121
S21401BF8856F8047B8846002FBCBF43F002037F4265
S21401BF98E2E70027E0E702460EFB0411A1F13004B0
S21401BFA8104610F8011BA1F1300CBCF1090FF2D9AB
S21401BFB89046424612F8011B6C292DD025D86829CF
S21401BFC833D06A293BD04246904618F8010B6728B9
S21401BFD860D8572836D8452808D084D9462800F08E
S21401BFE8188147287FF47FAF43F4006343F02003AA
S21401BFF827E12A2906D156F8044B08F1020824EA53
S21401C008E474D6E790460024D3E7742901D07A2948
S21401C018D9D143F48073D7E798F801106C29F8D181
S21401C02843F4407308F10202CEE798F80110682934
S21401C03802D043F08003C7E743F0C003F2E743F4B6
S21401C0480073C1E7A0F158020F2A3FF64CAF01A1D1
S21401C05851F822F0FDC00100EFBE0100EFBE01005D
S21401C068EFBE0100EFBE0100EFBE0100EFBE01000A
S21401C078EFBE0100EFBE0100EFBE0100FDC00100EA
S21401C08869C20100FDC001003FC201001FC20100D4
S21401C0983FC20100A0F16901C9B20F293FF623AFDB
S21401C0A8012249F2410C8A4012EA0C0218D10A29E7
S21401C0B800F0158107297FF416AF43F02103059395
S21401C0C80823CDE903431023CDE9012356F8043BA1
S21401C0D82A46009358464B460A991FF0CAFDA8E01F
S21401C0E86F2800F05E8110D9782808D1102223F035
S21401C0F80C0310E0582839D0622800F054810A222F
S21401C10823F01003642806D0F1E769284FF00A02E5
S21401C11823F01003F6D1590548BF23F00103692817
S21401C12803F4007101D0642840D111B3073626F014
S21401C1380706B24670685AF8081BCDE9077300234C
S21401C1480593C30F0028029306940B46049202DA5D
S21401C1584B4260EB4000CDE900304B462A46584634
S21401C1680A991FF0C8FD05465646A6E643F0200381
S21401C178BCE7D90506F1040A04D5316805E000BF15
S21401C188DDBA030058060CD53178CDE90224CDE98D
S21401C198047300294FEAD1730193B8BF494200914D
S21401C1A820E01906E9D5B6F90010EEE779B1CDE930
S21401C1B807730023CDE9042306F1070A2AF0070AC4
S21401C1C806940293FAE80223CDE90023C5E7D805C9
S21401C1D806F1040A0DD5CDE90473CDE902240191CF
S21401C1E8336800934B462A4658460A991FF041FD84
S21401C1F8B9E7590607D53178CDE904730023CDE9A7
S21401C20802240193CBE7316813F0800F18BF89B277
S21401C218F2E743F02003CDE90173073626F0070657
S21401C2280094B6EC020B4B462A4658460A99EAF79A
S21401C238CFFA054641E600F0DF00472801D143F46E
S21401C2480063CDE90173073626F007060094B6ECBD
S21401C258020B4B462A4658460A99EAF7FDF8E8E7DC
S21401C26813F0020426D04FF0010A6B1C0B932A46E2
S21401C2784B460A9916F8040BD84774B354460B9ADA
S21401C28821E04B4620200A99D8470AEB05020AF115
S21401C298010A5745F5D83A1E18BF0122002A07F1A8
S21401C2A8FF3308BF002307F1010A1D4408BF4FF0FA
S21401C2B8020ADAE7A246E8E7551C4B4620200A9907
S21401C2C8D8472A460134BC42F6D3A7EB0A0357459A
S21401C2D838BF00230B9A1A440B920B9DEDE53246A4
S21401C2E8002C52F8046B14BF21464FF0FF310B9215
S21401C2F832463144107808B1914211D1A2EB060AB0
S21401C30813F480620C9202D0A24528BFA24613F00D
S21401C31802030D931BD1AAEB05032A460F9308E0E7
S21401C3280132E7E7531C0E9320204B460A99D8475B
S21401C3380E9A0F9BD318BB42F4D3A7EB0A035745B3
S21401C34838BF00230AF101021D4403EB020AAB1BA6
S21401C3580E9304E01C464B462A460A99D8470E9B7C
S21401C368F51816F8010B28B10C9B002BF3D0631EA9
S21401C378002CEFD10D9B93B12A46AAEB050405E0E4
S21401C388561C4B4620200A99D84732461319BB42F9
S21401C398F6D3A7EB0A03574538BF00231D440B9E67
S21401C3A88BE50822A3E60222A1E600BF0FB41FB55B
S21401C3B806AA52F8043B02A90392009204484FF0D9
S21401C3C8FF32FFF76DFD05B05DF804EB04B070476A
S21401C3D89FBD03001FB5034600914FF0FF3203A926
S21401C3E80248FFF75DFD05B05DF804FB9FBD03003D
S21401C3F81FB5CDE90201009302A9134603484FF081
S21401C408FF32FFF74DFD05B05DF804FBA7BD03003D
S21401C4181FB5094B094A1868094B01A91860094B49
S21401C4281360094A0192094A1268CDE902231BF0F2
S21401C4387BFB05B05DF804FB006D0020284000205A
S21401C4482C400020F46C0020AEB00400A45200205A
S21401C458014B18681BF07CBB006D002038B5F1F75E
S21401C46827FF0446064D2B68D3F8B002F1F714FFF0
S21401C47828681BF080FB2046BDE83840F1F70CBF62
S21401C488006D002010B5234CF0F702F8F0F70EF90E
S21401C498236F012023F0070343F003032367F0F714
S21401C4A82FF91D4B00209B6A9B075EBF01221B4B81
S21401C4B89A62D4F8203123F0030343F00203C4F848
S21401C4C82031D4F8243123F0070343F00203C4F8DB
S21401C4D82431D4F8403123F0030343F00103C4F8B0
S21401C4E84031D4F8603123F0030343F00103C4F864
S21401C4F86031D4F8403223F0030343F00103C4F853
S21401C5084032D4F8003223F0070343F00103C4F89D
S21401C518003210BD0080005000C0005000E00050FE
S21401C528064B1B681A7A022A01D81AB97047032AD9
S21401C53800D070471B68024A13607047046D0020DC
S21401C548A45200200022024B5A60DA601A60704733
S21401C558A852002008B501F011FD0022014B1A70FF
S21401C56808BD00BFB16600200A4601491FF07FBC1E
S21401C57801DA04000A4601491FF079BCFCD9040017
S21401C5880A4601491FF073BCF5D904000A46014959
S21401C5981FF06DBCF2D904000A4601491FF067BCBA
S21401C5A8EFD904000A4601491FF061BCEAD9040024
S21401C5B80A4601491FF05BBCE5D904000A46014951
S21401C5C81FF055BCE0D904000A4601491FF04FBCCC
S21401C5D8D9D9040081F0004102E000BF83F000438E
S21401C5E830B54FEA41044FEA430594EA050F08BF00
S21401C5F890EA020F1FBF54EA000C55EA020C7FEAC4
S21401C608645C7FEA655C00F0E2804FEA5454D4EB40
S21401C6185555B8BF6D420CDD2C4480EA020281EA0A
S21401C628030382EA000083EA010180EA020281EA42
S21401C6380303362D88BF30BD11F0004F4FEA013194
S21401C6484FF4801C4CEA113102D0404261EB4101A3
S21401C65813F0004F4FEA03334CEA133302D0524229
S21401C66863EB430394EA050F00F0A780A4F10104E5
S21401C678D5F1200E0DDB02FA0EFC22FA05F280181F
S21401C68841F1000103FA0EF2801843FA05F3594105
S21401C6980EE0A5F120050EF1200E012A03FA0EFC84
S21401C6A828BF4CF0020C43FA05F3C01851EBE371AE
S21401C6B801F0004507D54FF0000EDCF1000C7EEBCB
S21401C6C800006EEB0101B1F5801F1BD3B1F5001F09
S21401C6D80CD349085FEA30004FEA3C0C04F1010428
S21401C6E84FEA445212F5800F80F09A80BCF1004F51
S21401C6F808BF5FEA500C50F1000041EB045141EAD3
S21401C708050130BD5FEA4C0C404141EB0101013C9B
S21401C71828BFB1F5801FE9D291F0000F04BF01468A
S21401C7280020B1FA81F308BF2033A3F10B03B3F15C
S21401C73820020CDA0C3208DD02F1140CC2F10C02EC
S21401C74801FA0CF021FA02F10CE002F11402D8BF4A
S21401C758C2F1200C01FA02F120FA0CFCDCBF41EA16
S21401C7680C019040E41AA2BF01EB0451294330BDE5
S21401C7786FEA04041F3C1CDA0C340EDC04F11404C2
S21401C788C4F1200220FA04F001FA02F340EA030099
S21401C79821FA04F345EA030130BDC4F10C04C4F1DF
S21401C7A8200220FA02F001FA04F340EA03002946BF
S21401C7B830BD21FA04F0294630BD94F0000F83F409
S21401C7C8801306BF81F480110134013D4EE77FEAEC
S21401C7D8645C18BF7FEA655C29D094EA050F08BF38
S21401C7E890EA020F05D054EA000C04BF1946104619
S21401C7F830BD91EA030F1EBF0021002030BD5FEA5D
S21401C808545C05D14000494128BF41F0004130BD84
S21401C81814F580043CBF01F5801130BD01F00045D8
S21401C82845F0FE4141F470014FF0000030BD7FEA4B
S21401C838645C1ABF194610467FEA655C1CBF0B4646
S21401C848024650EA013406BF52EA033591EA030F5D
S21401C85841F4002130BD00BF90F0000F04BF002155
S21401C868704730B54FF4806404F132044FF0000588
S21401C8784FF0000150E700BF90F0000F04BF002101
S21401C888704730B54FF4806404F1320410F0004567
S21401C89848BF40424FF000013EE700BF42004FEA62
S21401C8A8E2014FEA31014FEA02701FBF12F07F43DF
S21401C8B893F07F4F81F06051704732F07F4208BF96
S21401C8C8704793F07F4F04BF41F40021704730B59D
S21401C8D84FF4607401F0004521F000411CE700BFE9
S21401C8E850EA010208BF704730B54FF000050AE06C
S21401C8F850EA010208BF704730B511F0004502D56D
S21401C908404261EB41014FF4806404F132045FEA6E
S21401C918915C3FF4D8AE4FF003025FEADC0C18BF17
S21401C92803325FEADC0C18BF033202EBDC02C2F109
S21401C938200300FA03FC20FA02F001FA03FE40EA9B
S21401C9480E0021FA02F11444BDE600BF70B54FF09F
S21401C958FF0C4CF4E06C1CEA11541DBF1CEA13557D
S21401C96894EA0C0F95EA0C0F00F0DEF82C4481EAE5
S21401C978030621EA4C5123EA4C5350EA013518BF05
S21401C98852EA033541F4801143F4801338D0A0FBF2
S21401C99802CE4FF00005E1FB02E506F00042E0FB9F
S21401C9A803E54FF00006E1FB03569CF0000F18BFA5
S21401C9B84EF0010EA4F1FF04B6F5007F64F540744D
S21401C9C804D25FEA4E0E6D4146EB060642EAC621E0
S21401C9D841EA55514FEAC52040EA5E504FEACE2E4D
S21401C9E8B4F1FD0C88BFBCF5E06F1ED8BEF1004F50
S21401C9F808BF5FEA500E50F1000041EB045170BDCC
S21401CA0806F0004646EA010140EA020081EA03010F
S21401CA18B4EB5C04C2BFD4EB0C0541EA045170BD0B
S21401CA2841F480114FF0000E013C00F3AB8014F185
S21401CA38360FDEBF002001F0004170BDC4F10004CE
S21401CA48203C35DA0C341BDC04F11404C4F120054F
S21401CA5800FA05F320FA04F001FA05F240EA0200AA
S21401CA6801F0004221F0004110EBD37021FA04F6E0
S21401CA7842EB06015EEA430E08BF20EAD37070BD9A
S21401CA88C4F10C04C4F1200500FA04F320FA05F0F9
S21401CA9801FA04F240EA020001F0004110EBD370FB
S21401CAA841F100015EEA430E08BF20EAD37070BD6B
S21401CAB8C4F1200500FA05F24EEA020E20FA04F344
S21401CAC801FA05F243EA020321FA04F001F00041F3
S21401CAD821FA04F220EA020000EBD3705EEA430E64
S21401CAE808BF20EAD37070BD94F0000F0FD101F093
S21401CAF80046400041EB010111F4801F08BF013CCC
S21401CB08F7D041EA060195F0000F18BF704703F009
S21401CB180046520043EB030313F4801F08BF013D90
S21401CB28F7D043EA0603704794EA0C0F0CEA13554C
S21401CB3818BF95EA0C0F0CD050EA410618BF52EA06
S21401CB484306D1D181EA030101F000414FF000000C
S21401CB5870BD50EA410606BF1046194652EA43061A
S21401CB6819D094EA0C0F02D150EA013613D195EA8E
S21401CB780C0F05D152EA03361CBF104619460AD1D6
S21401CB8881EA030101F0004141F0FE4141F47001E0
S21401CB984FF0000070BD41F0FE4141F4780170BDD0
S21401CBA870B54FF0FF0C4CF4E06C1CEA11541DBF35
S21401CBB81CEA135594EA0C0F95EA0C0F00F0A7F837
S21401CBC8A4EB050481EA030E52EA03354FEA013164
S21401CBD800F088804FEA03334FF0805545EA131377
S21401CBE843EA12634FEA022245EA111545EA10653F
S21401CBF84FEA00260EF000419D4208BF964244F1D6
S21401CC08FD0404F5407402D25B084FEA3202B61AF4
S21401CC1865EB03055B084FEA32024FF480104FF4C8
S21401CC28002CB6EB020E75EB030E22BFB61A75463C
S21401CC3840EA0C005B084FEA3202B6EB020E75EBCF
S21401CC48030E22BFB61A754640EA5C005B084FEA37
S21401CC583202B6EB020E75EB030E22BFB61A754604
S21401CC6840EA9C005B084FEA3202B6EB020E75EB0F
S21401CC78030E22BFB61A754640EADC0055EA060ED0
S21401CC8818D04FEA051545EA16754FEA06164FEA13
S21401CC98C30343EA52734FEAC2025FEA1C1CC0D1BF
S21401CCA811F4801F0BD141EA00014FF000004FF04C
S21401CCB8004CB6E711F4801F04BF01430020B4F10D
S21401CCC8FD0C88BFBCF5E06F3FF6AFAEB5EB030CC5
S21401CCD804BFB6EB020C5FEA500C50F1000041EBC2
S21401CCE8045170BD0EF0004E4EEA113114EB5C048F
S21401CCF8C2BFD4EB0C0541EA045170BD41F4801162
S21401CD084FF0000E013C90E645EA060E8DE60CEA69
S21401CD18135594EA0C0F08BF95EA0C0F3FF43BAF86
S21401CD2894EA0C0F0AD150EA01347FF434AF95EA3D
S21401CD380C0F7FF425AF104619462CE795EA0C0F21
S21401CD4806D152EA03353FF4FDAE1046194622E7EE
S21401CD5850EA410618BF52EA43067FF4C5AE50EAC8
S21401CD6841047FF40DAF52EA43057FF4EBAE12E7B8
S21401CD784FF0FF3C06E000BF4FF0010C02E000BF99
S21401CD884FF0010C4DF804CD4FEA410C7FEA6C5C7C
S21401CD984FEA430C18BF7FEA6C5C1BD001B050EA1F
S21401CDA8410C0CBF52EA430C91EA030F02BF90EA0A
S21401CDB8020F0020704710F1000F91EA030F58BFC9
S21401CDC8994208BF90422CBFD8176FEAE37040F02B
S21401CDD8010070474FEA410C7FEA6C5C02D150EAC9
S21401CDE8013C07D14FEA430C7FEA6C5CD6D152EA84
S21401CDF8033CD3D05DF8040B704700BF8446104649
S21401CE0862468C461946634600E000BF01B5FFF747
S21401CE18B7FF002848BF10F1000F01BD4DF808ED17
S21401CE28FFF7F4FF0CBF012000205DF808FB00BFE8
S21401CE384DF808EDFFF7EAFF34BF012000205DF842
S21401CE4808FB00BF4DF808EDFFF7E0FF94BF01208F
S21401CE5800205DF808FB00BF4DF808EDFFF7CEFF90
S21401CE6894BF012000205DF808FB00BF4DF808EDCF
S21401CE78FFF7C4FF34BF012000205DF808FB00BFA0
S21401CE884FEA410212F5001215D211D56FF47873E4
S21401CE98B3EB625212D94FEAC12343F0004343EA87
S21401CEA8505311F0004F23FA02F018BF4042704762
S21401CEB84FF00000704750EA013005D111F00040EC
S21401CEC808BF6FF0004070474FF00000704700BF82
S21401CED84A0011D212F5001211D20DD56FF47873EB
S21401CEE8B3EB62520ED44FEAC12343F0004343EA40
S21401CEF8505323FA02F070474FF00000704750EA8B
S21401CF08013002D14FF0FF3070474FF000007047F4
S21401CF1853B94AB9002908BF00281CBF4FF0FF3192
S21401CF284FF0FF3000F08CB9ADF1080C6DE904CE76
S21401CF3800F006F8DDF804E0DDE9022304B07047E6
S21401CF482DE9F04F099D0E4604460F46002B47D1A2
S21401CF588A429446B2FA82F35AD943B102FA03FCDA
S21401CF68C3F120029F409C4020FA02F217434FEA81
S21401CF781C461FFA8CFE220CB7FBF6F106FB11774E
S21401CF8801FB0EF042EA0742904208D91CEB020266
S21401CF9801F1FF3702D2904200F23C813946121A5B
S21401CFA8A4B2B2FBF6F006FB102200FB0EFE44EA22
S21401CFB80244A64508D91CEB040400F1FF3202D24C
S21401CFC8A64500F22A81104640EA0140A4EB0E0469
S21401CFD800211DB1DC400023C5E90043BDE8F08F00
S21401CFE88B4205D90DB1C5E9000100210846F5E7D0
S21401CFF8B3FA83F100294FD1B342C0F002818242CD
S21401D00840F2FF800846002DE8D0C5E90047E5E76D
S21401D018002B40F0AF808A1A4FEA1C4E1FFA8CF795
S21401D0280121B2FBFEF60EFB1620220C42EA004254
S21401D03807FB06F090420FD91CEB020206F1FF38F7
S21401D0482CBF4FF001094FF00009904203D9B9F1FE
S21401D058000F00F0DC804646121AA4B2B2FBFEF0BE
S21401D0680EFB102200FB07F744EA0244A7420FD939
S21401D0781CEB040400F1FF322CBF4FF0010E4FF0F9
S21401D088000EA74203D9BEF1000F00F0C980104672
S21401D098E41B40EA06409CE7C1F120048B4006FAEF
S21401D0A801FC00FA01FE22FA04F7E6408A401F4313
S21401D0B820FA04F34FEA174843EA0C031FFA87FCE1
S21401D0C84FEA1349B6FBF8F008FB106649EA06462C
S21401D0D800FB0CF9B1450ED9BE1900F1FF3A2CBF79
S21401D0E84FF0010B4FF0000BB14503D9BBF1000F10
S21401D0F800F0A2805046A6EB09061FFA83F9B6FB94
S21401D108F8F308FB136603FB0CFC49EA0646B4452C
S21401D1180ED9BE1903F1FF382CBF4FF001094FF0A5
S21401D1280009B44503D9B9F1000F00F082804346DF
S21401D13843EA0040A6EB0C06A0FB028C6645434674
S21401D148E14602D307D1C64505D2B8EB02036CEB1C
S21401D158070C0138E1465DB1BEEB030266EB090632
S21401D16806FA04F422FA01F3CE401C43C5E9004648
S21401D178002133E702FA03FCC3F1200299409C40E0
S21401D188D6404FEA1C4E20FA02F21FFA8CF7B6FB7D
S21401D198FEF00A430EFB1066110C41EA064100FB3D
S21401D1A807F68E420ED91CEB010100F1FF382CBFA1
S21401D1B84FF001094FF000098E4202D9B9F1000F6C
S21401D1C834D04046891B92B2B1FBFEF60EFB16110F
S21401D1D842EA014206FB07F191420ED91CEB020214
S21401D1E806F1FF382CBF4FF001094FF000099142B4
S21401D1F802D9B9F1000F16D04646521A46EA00413E
S21401D2080FE7841A66EB030201201746FBE6023E87
S21401D218624421E702396244C1E664440238D3E62F
S21401D2286444023834E7023E6244E6E70238614461
S21401D238C8E7023B3E447BE702383E445BE700BF53
S21401D248704700BF2DE9F04F924685B089461E46C5
S21401D2580D46554A0390294615F8014B135D13F000
S21401D2680803F8D12D2C7CD02B2C4ED04FF0FF3153
S21401D27802936FF00043CDE9001336F0100851D041
S21401D28837464FEAE6783A464346DDE90001FFF7B6
S21401D2983FFE002383468E4618461946A44613E0E9
S21401D2A8ACF13704A6421FDD002B09DB83457EEB74
S21401D2B8010305D38E4508BF83453BD1A24239DA1F
S21401D2C84FF0FF3315F801CBACF13004092CE9D93E
S21401D2D8ACF14104192CE3D9ACF16104192C03D83B
S21401D2E8ACF15704A642DFDC5A1C2FD0029A12B1C1
S21401D2F8404261EB4101BAF1000F03D0002B48D13F
S21401D308CAF8009005B0BDE8F08F4FF0FF300293E1
S21401D31836F010086FF000432C7801F10205CDE9CC
S21401D3280003ADD1302C25D0002E3AD10A27B046BD
S21401D3383E46A8E700FB08F307FB0133A0FB0701FD
S21401D3480B44201843EBE4710123BBE72223039A1D
S21401D3581360BAF1000F17D005F1FF39DDE90001B6
S21401D368CEE74FF00047009301232C788D1CCDE9BA
S21401D378017382E72B7803F0DF03582B0CD086B9AC
S21401D3880827B0463E467EE7DDE9000105B0BDE860
S21401D398F08FCDE90001DFE710276C7802353E46AD
S21401D3A871E710273E466EE709DA04004AE700BF30
S21401D3B810B4044C13460A46014620685DF8044B2F
S21401D3C840E700BF346D002010B4044C13460A46EB
S21401D3D8014620685DF8044B34E700BF346D002031
S21401D3E820F0030110F00300C0F1000051F8043BDF
S21401D3F800F1040C4FEACC0C6FF000021CBF22FAB5
S21401D4080CF213434FF0010C4CEA0C2C4CEA0C4C72
S21401D418A3EB0C0222EA030212EACC1204BF51F86B
S21401D428043B0430F4D0C2F1000102EA0102B2FA68
S21401D43882F2C2F11F0200EBD20070472DE9F047D5
S21401D44880460C464548264614F801EB10F80EC0EF
S21401D4581CF0080CF7D1BEF12D0F5BD0BEF12B0FD7
S21401D4683AD0654633F010003ED04FF0FF379A4663
S21401D478B7FBF3F703FB07F96FEA090900263046FD
S21401D4880EE0AEF1370C63451DDD002E04DBB84215
S21401D49802D833D1CC4531DD4FF0FF3614F801EB15
S21401D4A8AEF1300CBCF1090FEDD9AEF1410CBCF16F
S21401D4B8190FE6D9AEF1610CBCF1190F03D8AEF11C
S21401D4C8570C6345E1DC731C1CD005B140420AB118
S21401D4D8F6B91160BDE8F08733F0100094F800E063
S21401D4E8654606F10204C0D1BEF1300F17D06BBBFA
S21401D4F80A234FF005091A4F9A46BFE700FB0AC0F0
S21401D5080126CBE722233046C8F80030002AE1D0AE
S21401D518611EDEE794F800E00125B41CA2E7207836
S21401D52800F0DF00582807D083B908234FF0070911
S21401D5386FF060479A46A1E7102394F801E04FF090
S21401D5480F0902346FF070479A4697E710234FF099
S21401D5580F096FF070479A4690E700BF09DA040092
S21401D568999999196AE700BF10B4044C13460A46FC
S21401D578014620685DF8044B60E700BF346D002063
S21401D58810B4044C13460A46014620685DF8044B5D
S21401D59854E700BF346D00200F4B70B50F4DAB42FA
S21401D5A8A3EB050607D0B6100024013455F8043B52
S21401D5B89847A642F9D80A4D24F00EF9094B5E1B86
S21401D5C8AB424FEAA60606D00024013455F8043BC0
S21401D5D89847A642F9D870BD1C7100201C7100201E
S21401D5E81C7100202071002070B5860747D0541E94
S21401D5F8002A3ED0CAB2034601E0013C39D303F8FB
S21401D608012B9D07F9D1032C2CD9CDB20F2C05EB94
S21401D618052505EB054535D9A4F1100C03F1100EC7
S21401D6281A462CF00F064FEA1C1CB644C2E90055F0
S21401D638C2E9025510327245F8D10CF1010214F014
S21401D6480C0F04F00F0C03EB021213D0ACF1040319
S21401D65823F003030433134442F8045B9342FBD1DB
S21401D6680CF003042CB1C9B21C4403F8011BA342F5
S21401D678FBD170BD64461346002CF4D1F9E7034686
S21401D6881446C0E71A46A446E0E700BF88420ED90A
S21401D6988B1883420BD900EB020C002A6ED0624627
S21401D6A813F801CD994202F801CDF9D170470F2A36
S21401D6B80FD8034602F1FF3C002A5FD00CF1010C9B
S21401D6C8013B8C4411F8012B614503F8012FF9D170
S21401D6D8704740EA01039B0751D1A2F1100301F1FB
S21401D6E8200C70B523F00F0501F1100E00F110049F
S21401D6F81B09AC445EF8105C0EF1100E103444F8A9
S21401D708205C5EF81C5C44F81C5C5EF8185C44F807
S21401D718185C5EF8145CE64544F8145CEAD10133FB
S21401D72812F00C0F02F00F0C01EB031100EB0313C0
S21401D73829D0ACF1040C1C1F8E462CF003064FEAC8
S21401D7489C0C1E445EF8045B44F8045FB442F9D1AD
S21401D7580CF1010402F0030203EB840301EB8401DC
S21401D76802F1FF3C4AB10CF1010C013B8C4411F863
S21401D778012B614503F8012FF9D170BD704702F1FD
S21401D788FF3C03469AE76246EAE700BF2DE9F04FF9
S21401D79882468E463F4875461EF801BB10F80B4078
S21401D7A814F00804F7D1BBF12D0F5BD0BBF12B0F9A
S21401D7B86FF0004904BF9EF800B005F1020E33F081
S21401D7C8100010D1BBF1300F04D0002B5ED10A2314
S21401D7D81F4609E09EF8000000F0DF0058284ED0EA
S21401D7E8002B53D108231F460025B9FBF7F6284618
S21401D7F807FB16980EE0ABF1370C63451DDD002DCF
S21401D80804DB864202D321D1E0451FDA4FF0FF350B
S21401D8181EF801BBABF1300CBCF1090FEDD9ABF129
S21401D828410CBCF1190FE6D9ABF1610CBCF1190F2B
S21401D83803D8ABF1570C6345E1DC6B1C0AD004B185
S21401D84840420AB1CDB91160BDE8F08F07FB00C0B0
S21401D8580125DDE72223CAF800305AB10EF1FF315F
S21401D8684846F0E79EF800B04FF0004905F1020E71
S21401D8780124A4E74846BDE8F08F8146EEE7102369
S21401D8889EF801B00EF1020E1F46ADE710231F46A3
S21401D898AAE700BF09DA0400242B02D8012B00D01E
S21401D8A874E710B500F02EFA16230360002010BDA9
S21401D8B810B5242A084C1346246807D8012A05D02F
S21401D8C80A4601462046BDE810405FE700F01AFA0E
S21401D8D816230360002010BD346D002010B5242ADD
S21401D8E8084C1346246807D8012A05D00A4601467B
S21401D8F82046BDE8104049E700F004FA1623036005
S21401D908002010BD346D0020844641EA000313F060
S21401D918030349D1403A23D30B6803604B6843603D
S21401D9288B688360CB68C3600B6903614B6943618D
S21401D9388B698361CB69C3610B6A03624B6A436275
S21401D9488B6A8362CB6AC3620B6B03634B6B43635D
S21401D9588B6B8363CB6BC36340304031403ADBD279
S21401D96830320BD30B6803604B6843608B68836067
S21401D978CB68C36010301031103AF3D20C3205D39D
S21401D98851F8043B40F8043B043AF9D2043208D073
S21401D998D2071CBF11F8013B00F8013B01D30B88E5
S21401D9A803806046704700BF082A13D38B07B1D09F
S21401D9B810F00303AED0C3F10403D21ADB071CBF71
S21401D9C811F8013B00F8013BA4D331F8023B20F8DB
S21401D9D8023B9FE7043AD9D3013A11F8013B00F814
S21401D9E8013BF9D20B7803704B7843708B788370C0
S21401D9F860467047024B014618681AF07BBE00BFA6
S21401DA08346D0020024B014618681AF076BE00BF36
S21401DA18346D0020CAB384460B4630B50446084325
S21401DA28800719D09CF800000C78A04212D150B398
S21401DA38012A28D0E64603E01CEB030F23D010B3D7
S21401DA481EF8010F11F8014FA2EB0E03A04203F1D5
S21401DA58FF33F1D0001B30BD032A07D8E2E7043AAA
S21401DA6811D01EF0803F0ED1032A10D9206819461E
S21401DA7853F8045BA446A0F1013E0434A8422EEAFA
S21401DA88000EECD0CEE7002030BD10467047A44605
S21401DA981946C7E780EA010C1CF0030F37D110F0CE
S21401DAA8030C20F0030021F0030150F8042B08BFF3
S21401DAB851F8043B0ED08CF0030C6FF07F434FEA0D
S21401DAC8CC0C23FA0CFC51F8043B42EA0C0243EA5C
S21401DAD80C0300BFA2F1013C9A4201BF2CEA020CDA
S21401DAE81CF0803F50F8042B51F8043BF2D04FEA63
S21401DAF802604FEA1222012828BFB0EB036F08BF65
S21401DB081B0AF4D003F0FF03000EC01A704710F08A
S21401DB18030F0AD010F8012B11F8013B012A28BF80
S21401DB289A42F4D0A2EB030070474DF8045D50F812
S21401DB38042B01F0030521F0030151F8043B022DE3
S21401DB4826D04DD822F07F45B5EB132FA2F1013C24
S21401DB582CEA020C0DD11CF0803C08BF51F8043B9E
S21401DB680AD185EA0205B5EB036F0CD150F8042BF0
S21401DB78E8E74FEA13235BE03CF07F4C54D10B787F
S21401DB884FEA126554E04FEA126503F0FF034FE0CF
S21401DB984FEA0245A2F1013C4FEA15452CEA020C70
S21401DBA8B5EB134F18D11CF0803C08BF51F8043B65
S21401DBB807D185EA0205B5EB034F09D150F8042BC6
S21401DBC8E6E75FEA0C4C2FD10B884FEA12452FE0A7
S21401DBD84FEA03434FEA12454FEA134328E000BFD2
S21401DBE802F0FF05B5EB136FA2F1013C2CEA020C1B
S21401DBF80DD11CF0803C08BF51F8043B0AD185EAD8
S21401DC080205B5EB032F0AD150F8042BE8E74FEAD3
S21401DC1813630DE012F0FF0F06D051F8043B4FEAEC
S21401DC28122523F07F4303E04FF0000020BC704725
S21401DC3805F0FF0203F0FF00012828BF904204BF49
S21401DC482D0A1B0AF4D0A2EB000020BC704700BFC7
S21401DC5808B5064B044613B1002100F0AFF8044B93
S21401DC681B6803B19847204619F03AF9C5DD01004B
S21401DC78F0530020002301461A46184600F048B81B
S21401DC88032A30B415D941EA000484460B46A40792
S21401DC9804D0541E0FE0043A032A08D919466046F0
S21401DCA853F8044B5CF8045BA542F4D0F1E76046F0
S21401DCB81946541E7AB1431E0139021901E09A42E7
S21401DCC809D013F8010F11F801CF6045F7D0A0EB82
S21401DCD80C0030BC7047002030BC704738B5074D83
S21401DCE8074C2C1BA41005D0013C55F8043D984759
S21401DCF8002CF9D1BDE8384023F074BD247100200A
S21401DD0820710020014B1868704700BF346D002051
S21401DD18F0B5264C83B006460F46256805B36C68F1
S21401DD281F2C3FDCA6B1D5F8880048B3D0F80011FF
S21401DD384FF0010C40F82420022E00EB84020CFA66
S21401DD4804FC4CEA0101C0F80011C2F8803010D07A
S21401DD58631C002002346B6045F8247003B0F0BDE4
S21401DD6813491448216010B10068C1F88800104DA5
S21401DD78D5E7D0F8043143EA0C03C0F80431E7E7E5
S21401DD880D49CDE9002369B14FF48470FFF732FEDF
S21401DD9840B100216C68C0E94011DDE90023C5F8EF
S21401DDA88800C5E74FF0FF30D8E700BF8054002051
S21401DDB8F453002000000000FDD901002DE9F04FC2
S21401DDC8DFF8B49083B0D9F8006096B3884601901E
S21401DDD87568D6F888706C1E2BD4013507F1800B50
S21401DDE806EB8505B8F1000F26D173682A68013B52
S21401DDF8A3423BD000232B60BAB1D6F804A05FB388
S21401DE080123D7F80011A3400B4225D0D7F8040107
S21401DE1857F8241003422BD1019890477368D9F814
S21401DE28002053451ED1B2421CD1013C043D631C5F
S21401DE38D8D103B0BDE8F08F4FB15BF82430434525
S21401DE48D3D0013C043D621CF3D0002FF5D1013C30
S21401DE58EFD3013CFBD2ECE790477368D9F8002072
S21401DE685345E0D0002AE4D01646B1E77460C3E70C
S21401DE7808469047D2E700BF8054002013B50446F1
S21401DE8869461EF0E1F820461EF025FAFF280246EC
S21401DE9806D020469DF80010EFF764FA02B010BDD0
S21401DEA80048FBE70080FFFF2DE9F0418AB001AC8E
S21401DEB805460B462746194A02F1200C26461068E5
S21401DEC85168083203C662453446F7D1002B08BFAD
S21401DED83B46002710681C463060384603F10C069E
S21401DEE890B95FFA87F84246284621881EF015FB46
S21401DEF850B942462846E1881EF020FB20B9424622
S21401DF08314628461EF02CFB0137032F06F108067A
S21401DF1804F10204E4D10AB0BDE8F08120DB040074
S21401DF28F0B589B005460E4601F034FE044600BB3E
S21401DF3801AC06F10C070FCF0FC497E8070084E879
S21401DF48070001A9284605F0F1FC2846311D1EF0F8
S21401DF58A2FD044648B92846074901F05DFA044679
S21401DF6818B9284601F0E0FD044628463168FFF74F
S21401DF789BFF204609B0F0BD18DB040001491EF0DE
S21401DF88B6B800BF21FB010070B5164E032804463B
S21401DF980D4633781ED023FA04F202F00102AA4293
S21401DFA81DD053B10122A240A54023EA02032B4308
S21401DFB8DBB233704BB1012070BD2DB10A4B012085
S21401DFC81B6898473378EDE73570074B00201B68C8
S21401DFD89847F0E79A07DED003F0FC03E9E700204C
S21401DFE870BD00BFB3660020C0560020F8B50546D0
S21401DFF80C4623F050F9104F06463B7833B1012DF5
S21401E00804D01CB90D4821F067FE3C70214628460D
S21401E018FFF7BAFF0A4B04461B783BB93B782BB986
S21401E0281EF04FFA10B1074B1B689847304623F08D
S21401E0382DF92046F8BD00BFB4660020945600208E
S21401E048B3660020846D0020054A0B46117831B16D
S21401E05800211170034A0121526818781047704749
S21401E068B4660020846D002038B5074D04462B7829
S21401E078834207D001F0B8FC20462C70BDE8384032
S21401E088F0F708BC38BD00BFB266002038B50446B4
S21401E09880B123F000F901210446084621F090FAE0
S21401E0A801210B4A08461AF0F9FB2046BDE838401C
S21401E0B823F0ECB823F0EFF805462146012021F0BD
S21401E0C87FFA01202146024A1AF0E8FB2846EDE7C6
S21401E0D892B104001B4B022910B5187002D003290F
S21401E0E804D010BD184B1B78002BFAD105F08CFB19
S21401E0F80028F6D04FF00052144BC3F88020BFF327
S21401E1084F8FBFF36F8F01F047FC0028E9D001F06D
S21401E1183BFA0028E5D10E4B1C6834B123689847B2
S21401E128BDE81040002001F053BC1DF0DCFF094B90
S21401E138186023F09CF9084B1860204601F034FC5F
S21401E148EEE700BFEA700020B266002000E100E0BA
S21401E158E4560020BC560020B856002038B50446C0
S21401E1680D4605F051FB80B14FF00052124B1A6074
S21401E17801F012FC48B9012D07D8012001F028FC4E
S21401E1880E4B1B6823B15B6898470D4B1C7038BD56
S21401E19823F06DF90B4B1A68801A186021F04AFEB5
S21401E1A84FF47A72084B1B6802FB00301DF09DFF86
S21401E1B8012001F0F9FBE8E700E100E0E456002061
S21401E1C8EA700020B8560020BC560020F0B585B08D
S21401E1D823F061F8344D04462B7823B1334821F0F7
S21401E1E87BFD002852D121F001FE02AA03A91EF0E8
S21401E1F852F90346002838D01EF061F9029B98426E
S21401E2081CD100202A4B03991B682A4E994230706C
S21401E21820D90027C91A012324482B70264A3346D9
S21401E228CDE9007723F0FFF8002837D1234A137881
S21401E238D90701D53178F9B1204611E01EF03DF92C
S21401E248029B984228D0002318461949194A09689A
S21401E258137003910121FFF797FE002320462B70C8
S21401E26823F014F8002005B0F0BD20462B7023F0EB
S21401E2780DF8212005B0F0BD03F0FE031370002B46
S21401E288DAD10F4B1B6898472046E9E7204622F06B
S21401E298FDFF0E2005B0F0BD0220B3E7032320469C
S21401E2A82F703370F3E700BFB46600209456002041
S21401E2B8B4560020E970002051E00100B366002042
S21401E2C8C056002070B522F0E6FF184D04462B789C
S21401E2D823BB174A17491370174B184A18481A6070
S21401E2E8184A194E5A60F0F779FA18491848F0F79B
S21401E2F875FA184B80203360EEF730F8052804BF0E
S21401E308154B3360154B5B6F03F44073B3F5007F11
S21401E31802BF0222124B1A6001232B70F0F7C6FBCC
S21401E328204622F0B3FF002070BD00BFB56600206E
S21401E338B466002044DB0400846D0020D5E10100AA
S21401E34884560020F5DF0100C05600204CDB04008F
S21401E3588C56002071E0010095E001000040005055
S21401E368B45600202DE9F0438F7880460F2F0C46CF
S21401E37885B003D9212005B0BDE8F08327B901236C
S21401E388374A00201370F6E70D784E78EDB9002E5F
S21401E398F0D194F90310E08802F00CFE2128E9D0A8
S21401E3A855EA0603A088DFF8C89013D002F066FE87
S21401E3B84FF60403B9F8002001469A424BD1AE4203
S21401E3C8334638BF2B4600262DE0082DD2D8082E16
S21401E3D8D0D8DEE702F052FE4FF6040501464FF6A6
S21401E3E80500204A136E9BB2AB4208BF0346B1F53F
S21401E3F8803FA9F800300FD9022308251366802329
S21401E4080126C2F880302B4649084FF6FF720139BB
S21401E418914228BF114608E0802301260825166682
S21401E428C2F880302B460029EFD100220292012241
S21401E438013FFFB2009201972A4608F1F80002F060
S21401E448C7FC1EB14FF48012074B5A65074BA268EA
S21401E4581A60022394E703480266A9F80030AEE77B
S21401E468B666002000C001B800D001B8CC5600201E
S21401E4786A70002010B50446D0F818210B4B4FF4EB
S21401E4880061C3F8CC2090F82420D20102F400627F
S21401E49805F0D6F894F8243013F0100F4FF40073F3
S21401E4A814BF034A034A136410BD00BF003E00B000
S21401E4B8001002B8002002B8431C07D06FF0FF0214
S21401E4C8034B10405A62A3F580535862704700BF49
S21401E4D800E000B8F8B504460F46164622F0DBFE03
S21401E4E80546A047044620B1284622F0CFFE20461E
S21401E4F8F8BD04F05FFA04220549D1F8F03E23EA94
S21401E50807033343C1F8F03E024B1A64ECE700BF39
S21401E518003000B0002002B800F01803182B0AD00B
S21401E52803070AD440F2011310F0100018BF18466A
S21401E538034BD86770470020FAE70120F8E700BFC9
S21401E548003F00B0044B1868830654BFC0F30F2081
S21401E5584FF6FF70704700BF7057002038B1036848
S21401E568044A002B08BF1346034A13607047014B41
S21401E578FAE700BF3DC10300906D002010B4D0E952
S21401E588524122400B4052EA030104D003495DF888
S21401E598044B096808475DF8044B7047906D0020E6
S21401E5A80F2938B505460C460ED801F033FA01286E
S21401E5B80CD1074A2846936E23F00F03234393662C
S21401E5C81DF0DDFF002038BD2120FCE70220FAE718
S21401E5D8003F00B0014BD86E704700BF003F00B047
S21401E5E8014B0020D9667047003F00B003282DE98B
S21401E5F8F347884655D82C4B13F800902B4B1E5CD6
S21401E6082B4B13F800A022F046FE074604F01EF92D
S21401E618054640B100230022CDE90033012000233E
S21401E628002103F03FFF04F019F948B10023002246
S21401E638CDE90033002000234FF4004103F032FFF8
S21401E6486EB31C4BDC6C04F008041B4B3146DC64CF
S21401E658484604F00DFA52463146484604F096FA02
S21401E668164BDC646DB1164B1868D0F89010F8306C
S21401E67803F008F813490868FFF71EFF4FF0FF3349
S21401E6880B60B8F1000F04D00F4B002103205B6824
S21401E6989847384602B0BDE8F04722F0F7BD344641
S21401E6A8D3E702B0BDE8F0875CDB040058DB040062
S21401E6B854DB0400004000B8006000B8005000B801
S21401E6C87C5700208C6D0020846D00200F4A136C47
S21401E6D813F0A00F15D1506C10F0040013D10C4B99
S21401E6E8D3F8F03E23F07F4323F0FF035BB1D368F2
S21401E6F8C3F30362092A07D0B2F10C0018BF012040
S21401E7087047002070470120704700BF000002B81C
S21401E718003000B070B50D46064620B91A4B1B6886
S21401E728A3B10E2011E001F075F9012829D1174B84
S21401E73893F90040C4F12704641BC4F11C03002BA1
S21401E748B8BF5B42232B0CDD212070BDA1F10B0362
S21401E758002BB8BF5B42232BF6DC0C4B197000204C
S21401E768F3E786F8265022F096FD094AE402136A72
S21401E77804F4FF2423F4FF231C43146222F086FDCD
S21401E788EDE70220E1E700BF7C570020B7660020CE
S21401E79800C000B818B9034B93F90000704790F908
S21401E7A826007047B766002010B5FFF763FE03F032
S21401E7B8A7FB22F070FD0A4A0121D2F8C83E04469A
S21401E7C823F02003C2F8C83E0222064B08469A6088
S21401E7D8054B5B689847204622F058FD002010BD7F
S21401E7E8003000B0001002B8846D0020094B0846BE
S21401E7F85A6A91020BD4D3F80021D20708D4D3F869
S21401E808803013F4706F14BF012000207047012078
S21401E818704700BF004001B8F8B50D46D0F89030F3
S21401E82802EA010423EA01032343C0F890303D4A73
S21401E83801F00B0323EA0401D1642340A2F58052B8
S21401E8486F070646D36410D50121FFF7CFFF60B1E5
S21401E85804F0B0F84FF4007314F0040F14BF324AF2
S21401E868324A53620422324B1A64E90606D514F07A
S21401E878100F14BF00221B222E4B5A652A061DD5DF
S21401E888230616D54FF40012274B1A62012203F508
S21401E8988053C3F8002122F0FEFC0E210746032010
S21401E8A802F040FE40F20122224B3846DA6222F09C
S21401E8B8EDFC214606F1F80002F0E4FEEF0503D56B
S21401E8C8E00529D502F0FEFDA90503D5A20526D542
S21401E8D802F004FE15F0600F09D0D6F8E4103046B1
S21401E8E81DF029FC8022144B9867144B1A612B05DE
S21401E8F810D504F05FF8124A14F4006FD2F8F03E0F
S21401E90814BF43F0006323F00063C2F8F03E04220C
S21401E918074B1A640020F8BD02F0CEFDD4E702F0DA
S21401E928D7FDD7E7006000B8005001B8006001B80D
S21401E938002002B8004000B8003F00B0000002B84E
S21401E948003000B0014B1868704700BFD856002049
S21401E95837B522F0A0FC002401230022CDE90034BB
S21401E968002305461946104603F09CFD022002F0D6
S21401E97803F9064B21461C60054B02205B68984745
S21401E988284622F083FC204603B030BDE05600201E
S21401E998846D00202DE9FF4102290D46164698464A
S21401E9A8039004D1FFF7D4FF04B0BDE8F08122F04C
S21401E9B872FC1E4F04463B683BB1B34205D022F0B9
S21401E9C865FC002321203B60EEE7194B0022C3F8C3
S21401E9D800803E60002301264FF0000810461946C5
S21401E9E8CDE9006603F05EFD124B022083F8008035
S21401E9F802F0C2F843462A46022003A902F0DAF8D2
S21401EA080D4B039A1A6008B92046D8E70B4D2B68B8
S21401EA189847212804D0204622F038FC0020C3E776
S21401EA2831466B6802209847F5E700BFE05600209C
S21401EA38DC560020B9660020D8560020846D0020D8
S21401EA48044B5B6E5B054EBF0120034B187800F044
S21401EA580100704700C001B8B96600200A78022A8A
S21401EA6811D0101F4242424152004B781201022B2C
S21401EA780BD0191F4B424B415B000549054842EA3A
S21401EA888312FFF727BD0122EFE70123F5E700BF51
S21401EA98F0FFFF0065FA01000B78022B10D0181F53
S21401EAA8434243415B004A78022A0BD0111F4A426F
S21401EAB84A4152000F21044843EA8202FFF70ABD81
S21401EAC80123F0E70122F5E791FA01002DE9F84361
S21401EAD80E780446042E0D4690F824810BD10027A3
S21401EAE85FFA87F9484601F0BBFC08B14E4602E0DA
S21401EAF80137042FF4D1304601F0B2FC002849D082
S21401EB0894F82431B34209D1AA88D4F8A4309A4299
S21401EB1804D16A88B4F826319A4238D084F8246138
S21401EB28AB883046A4F828316B88A4F82631AB8820
S21401EB3804F59275C4F8A430FF2384F829301DF033
S21401EB489CFD84F82800284601F04AFC18BB284694
S21401EB5801F07CFCF8B9D4F8E03053B194F82411EC
S21401EB68414506D02046B3F91220EEF783FB84F818
S21401EB782D01204601F0B8FC0949A4F82801012313
S21401EB88084AD1F8FC1004F1F80003F083FA0020D3
S21401EB98BDE8F88321200C2384F82431F8E700BF68
S21401EBA8004F00B0A43F00B070B5054690F82401A8
S21401EBB80C460C281FD0FF2901D1212070BD1AB19F
S21401EBC84FF0FF320D4B1A601DF057FD064695F8BB
S21401EBD8240101F07BFC844228BF0446E4B2B44217
S21401EBE838BF3446E0B285F8290001F079FDFF28E0
S21401EBF8E3D00020E2E70220E0E700BF946D0020A2
S21401EC0810B590F8243104460C2B44D0D0F8E030E7
S21401EC1880F82810DBB3D0F8F020D2B990F82D315F
S21401EC288B421CD300222046FFF7BEFF48BB1B4B76
S21401EC381B7813F0FD0F23D1204601F055FC184927
S21401EC480123184AD1F8FC1004F1F80003F022FA5F
S21401EC5816E0B0F94020B3F912309A42E2DD0022FC
S21401EC68204694F82D11FFF79FFF50B9C4F8E0002D
S21401EC7820461DF0ACFE4FF6FF739842014601D1BF
S21401EC88002010BD2046BDE8104004F077BFFF23E2
S21401EC9880F82930F4E70220F3E700BF6E70002001
S21401ECA8004F00B0A43F00B0F0B51D46144B044613
S21401ECB81B780F46164685B05BB1D0F8E030E3B155
S21401ECC802AAB3F912300092002218F0FCFE05B031
S21401ECD8F0BD02A91DF0B8F99DF808103A4620467D
S21401ECE8EEF7C8FA014626B92A462046FFF75CFF22
S21401ECF8EDE72046FFF784FFE9E71846E7E700BF98
S21401ED0877B30400D0F89830012B01D10020704762
S21401ED1870B5054650498EB01DF002FDD5F8E06085
S21401ED280146AC8DC5F8E40026B1336813B15B68BB
S21401ED38002B6BD122F0AFFA22F0A8FA0123D5F8FE
S21401ED48E4108DF80E30B389D6E90120E31A9BB298
S21401ED5800FB03224148ADF80C3003680292994241
S21401ED6807D028461DF0E7F980223D493D4B8867C4
S21401ED781A613D4C3B4E00F04DFE0128FBD1236C39
S21401ED88D907F8D4336CDA01F5D4D5F8E410284657
S21401ED980D919DF80E20029908AB02F037FE002867
S21401EDA831D100F037FE0128FBD12E4A2E49136CCB
S21401EDB8DB01FCD40B6CDE07F9D408A901A803F023
S21401EDC847F800BBAA8D294B5A6495F8243060F39E
S21401EDD8410385F824301DF0F7FBD5F8E0300246EC
S21401EDE85B691968431EDBB2FD2B049114D9CC1C50
S21401EDF812D91F4B01311B6815D0D81C10D82846CC
S21401EE0804A904930AE002200EB070BD1A68032A0A
S21401EE1890D99B6A5B0E94E7284604A91DF0BEFBB1
S21401EE2800200EB070BDD91C04D8284604A9049346
S21401EE381DF0B4FBD5F84C319B0506D495F8243063
S21401EE4843F0020385F82430EAE728464FF4803178
S21401EE581DF0EDFDE4E700BFFC4F00B0C8560020EA
S21401EE68003F00B0000002B800C002B8008001B838
S21401EE78A06D002010B50C4619B11DF04BFB00B172
S21401EE880434204602F0FAF8024B4042C3F8E00E7A
S21401EE98002010BD003000B0438E70B593420C467A
S21401EEA815461CD3436C8B4208BF002422F0F3F9A5
S21401EEB84FF49C530B490646CA68C2F30362D34013
S21401EEC8DA0702D50B6C9B0304D401222946204697
S21401EED801F05CF8304622F0D9F9002070BD2120F7
S21401EEE8FCE700BF000002B82DE9F84F07461546B3
S21401EEF80B4611B92120BDE8F88F002AFAD003295C
S21401EF0805D8002201F0ACF903460028F2D01C8887
S21401EF189A78B4F5804F02F0070180F0CE80A1F10F
S21401EF28070C187993F805B0DE88DCF1000343EB8B
S21401EF380C0305292B7394BF0023C2F30013C2F3F5
S21401EF48801C6B73930985F810C003F00203C2F3A3
S21401EF58C00C43EA0C03C2F34012E8746B74AA743B
S21401EF68D7F89030AE82D80600F193800639012989
S21401EF7800F28F80B7F81290D7F81C8009F1FF3994
S21401EF884F4B083C04EA09045B6D18F8043000216D
S21401EF98802B0CBF6FF07F03323B04F1010418BFCE
S21401EFA85BB204EA0904AB73631D03EA09035A1C3E
S21401EFB8A96002EA090218F8022018F8036097F80F
S21401EFC825A046EA022636B2BAF1000F5FD1F1044F
S21401EFD856D5D7F8E43013B11B68022B05D841F291
S21401EFE84D724C21002004F0F7FDD7F8E420C6F353
S21401EFF80B0392F82420DB000AB1B3FBF2F39B451E
S21401F00808D83BB1CBEB0B2BBBFBF3FB6FEA0B0B27
S21401F0185FFA8BFAD7F8EC3023B1504695F90E1003
S21401F02898478246013485F80FA004EA090418F8BF
S21401F0380410013404EA090418F80430013404EA17
S21401F048090441EA032118F80430013404EA0904E2
S21401F05841EA034118F8043041EA036116F4804393
S21401F06805D0184BDB6EB3FA83F35B095B003846B1
S21401F0786A7C03F0CBF806232860AB7100203AE7D8
S21401F08818F804A04FEA4A0A5FFA8AFAC2E78A46DB
S21401F098C8E700230020EB730B4BDA69C2F307239A
S21401F0A8120448BF63F0FF035AB212F1800F1CBF67
S21401F0B8323B5AB2AA730346DEE702201BE700BFBB
S21401F0C8004000B8003F00B000C000B806238B71AE
S21401F0D890F8253043B1054BD3F8C4200B6802F0ED
S21401F0E81F0203EBC2030B6000207047003E00B00E
S21401F0F811F5004F1FBF01F30E01044BC1F30E01BA
S21401F108002014BF99642120704700BF008001B811
S21401F118F8B504460E4619B990F824305A0647D46D
S21401F1284FF6FF73218ED4F8E470994204D0354B1C
S21401F1381B680BB120469847334D2B68BB4255D008
S21401F148324B1B683BB11FB13A68002A50D0BF68E2
S21401F1583946204698470727204601F0C5F9002E6C
S21401F1683AD004F0C7FA0620294B94F9262093F9D9
S21401F17800302849C3F127039B1A0A6ADB0222F4E6
S21401F188FF2203F4FF2313430B62D4F8E420224B37
S21401F1982A60986701F01CFB002501211F4A204BB5
S21401F1A81170204683F884501DF0E9F92846F8BD09
S21401F1B84FF6FF71144DD0F8E4702A6866F386138B
S21401F1C89742018680F8243017D0104B1B68002B15
S21401F1D8B9D101F089F9072712493B46124AD1F8F5
S21401F1E8FC1004F1F80002F055FFBAE70127B3E76F
S21401F1F81746204639469847ADE701F075F90127C5
S21401F208EAE700BFD4560020C8560020D056002092
S21401F218B766002000C000B8006000B8B8660020D5
S21401F228003F00B0004F00B0A43F00B0054A126886
S21401F2381AB190F81E1119B91047084602F092B98A
S21401F24801487047C456002000FEFFFF334B2DE9E6
S21401F258F7431C6801F4007900F00103174653EAE6
S21401F268090206460D4632D04FF0000823B30023A4
S21401F278002201200021CDE9008803F013F9414658
S21401F2882046FFF7D3FF01224146E08510461DF0D0
S21401F29850FBD4F8901004F1F80002F0F3F9204975
S21401F2A80868FFF709F94FF0FF330B6094F824302C
S21401F2B843F0040384F82430B9F1000F07D0012184
S21401F2C820461DF0B4FB25F4007506430D432B4676
S21401F2D832462046FFF752F9FB070FD51149124A65
S21401F2E808680021136811600121104A117003B1E2
S21401F2F898470F4B002102205B68984717F00E0FBE
S21401F30808D04FF409723B21002003B0BDE8F04352
S21401F31804F062BC03B0BDE8F08300BF7C57002050
S21401F3288C6D0020DC560020E0560020B9660020CF
S21401F338846D002008B5582200210648FEF754F9C6
S21401F3481022FF210448FEF74FF904F0D3F90020F4
S21401F35808BD00BFF43E00B0383F00B073B5742155
S21401F3680C236D22A0F81411822180F824314FF65F
S21401F378FF734FF0FF35C0E941120026C0F800219F
S21401F38864220446838580F82A301E4BC0E943224E
S21401F398C36300F1480343641B4B80F82660C0E949
S21401F3A80C35C0F8A450058503F060FA2046FFF72F
S21401F3B8C1FF94F926102046FFF7ACF96023134ADB
S21401F3C840F6FF71D3644FF03A4211631167104A51
S21401F3D82946D36440220F4B20461A64D4F890205D
S21401F3E8FFF71AFA0E230022CDE9003340F2022372
S21401F3F81046194603F056F801F046F8304602B0B2
S21401F40870BD00BF0700FFFFFFFF4000004000B8C7
S21401F418005000B8002002B810B50C46FFF78AFF66
S21401F428CCB1A378082B18D8E278082A15D843EA6D
S21401F438021313F0FF030CBF19466168084AC2F8A5
S21401F448F410217882F84811617882F84B3182F8F5
S21401F458491104F04FF9002010BD2120FCE700BF38
S21401F468003E00B0012A10B512D8032B10D803EBC2
S21401F47882020123074C934094F84A01DBB221B17A
S21401F4880343002084F84A3110BD20EA0303F8E755
S21401F4982120F9E7003E00B0044BD3F8F03E13F004
S21401F4A8806F14BF23200020704700BF003000B0D3
S21401F4B80246F8B5B0F8284100F1F805FFF7ECFF69
S21401F4C80B688E68013304BFD2F800310B604B68B5
S21401F4D8013304BFD2F80C314B60771C3BD1D2F80C
S21401F4E80831CF688B607E1C3CD1D2F804610F6965
S21401F4F8CE60013704BFD2F8F8700F614F69013743
S21401F50804BFD2F8FC704F618F69013704BFD2F887
S21401F51810718F618F6967BBC0F1640408688C61DC
S21401F52810B16D2838BF6D20C2F808314B68C2E9A2
S21401F5384006C2E943340B692846C2F8F8304B69DD
S21401F5480F49C2F8FC30D1F8FC1007230D4A02F027
S21401F558A1FD0020F8BD04F16D031B1AB34238BFA4
S21401F5683346BEE704F17406361ABE4238BF3E4635
S21401F578BDE76D34241ABC4238BF3C46CEE700BF0F
S21401F588004F00B0A43F00B070B521F084FE0546D8
S21401F5980B4E00F03FFA012805D0284621F076FEEA
S21401F5A80224204670BDF36813F0706FF1D1F46839
S21401F5B814F08054EDD1284621F068FEF1E700BF2B
S21401F5C8000002B838B521F066FE4FF6FF710A4A08
S21401F5D813888B4203D121F059FE0E2038BD074C03
S21401F5E8074D1B046566A4F580546366118021F0F7
S21401F5F84DFE0020F2E700BF6C700020006001B8E5
S21401F6080000FFFF2DE9F74304460F4615461E4640
S21401F618FFF75CF838B3A38A2BB320461CF056FDD7
S21401F62878B9744BD3F8F02E1EB10E2003B0BDE89E
S21401F638F08302F03003102BF7D002F0C002402A04
S21401F648F3D0DFF8E08102F05BFCD8F81430DE076F
S21401F658EBD521F020FE0646032001F08BFB20B1F6
S21401F668304621F013FE0220E0E7D8F8142012F005
S21401F6780608F5D1304621F009FE5E4B4FF40061CD
S21401F6882046D3F8F09ED3F8D06E03F0EDFF40B1D4
S21401F6984FF400720121584B08461A6442461DF081
S21401F6A848F93946204604F069FA524BC3F8F09EE9
S21401F6B8C3F8D06E0028B9D194F82430980601D43E
S21401F6C8002D57D0C5F3400003F03AF9022315F48C
S21401F6D8807F1FBF494A002113644FF03A420BBF8F
S21401F6E8454A91611364536303F064F94FF48063E8
S21401F6F815F0040F14BF424A424A15F0400F5362F0
S21401F7084FF004023C4B28461A644FF0400314BFDE
S21401F7183D4A3E4AC2F88830FEF7FEFE20461CF0F7
S21401F728FFFD38B14FF4807315F0010F14BF334A4B
S21401F738314A1364A90646D54FF6FF72E38F934202
S21401F7480FD0334A3349526E100CC2F301120132FC
S21401F758B3FBF2F308802A4A2A492F481B04486655
S21401F7685366003D18BF012594F8243065F3451308
S21401F77884F8243020461CF0CDFEF0B120461CF05B
S21401F788CFFDD0B14FF40031204603F06DFF431C86
S21401F79803229BB2214801A91CF05CFF9DF80420B6
S21401F7A802F00703052B9DF8053015D112070DD475
S21401F7B843F480731A4AC2F8D830002003B0BDE873
S21401F7C8F0431CF054BFFFF7FDFECAE713F0040F21
S21401F7D809D19DF80630EBE703F03002202A05D15F
S21401F7E813F0010FF4E74FF48073E3E79DF8063052
S21401F7F8E0E700BF003000B0002002B8001002B8F1
S21401F808005001B8006001B800D000B800E000B8A8
S21401F818004001B86C7000200000FFFF0C0000BA21
S21401F828003E00B000C001B82DE9F34106468846FF
S21401F83815461F4621F02FFD0446032001F09AFACB
S21401F84838B1204621F022FD0E24204602B0BDE83C
S21401F858F081042001F08EFA0028F2D1204621F02A
S21401F86815FD01232A4641463046FFF7CBFE0446DE
S21401F8780028EAD1DFF8C8805FB388F80000394667
S21401F8883046FEF76FFD00284CD198F80030012B62
S21401F8981CD02022244B1A64244B9B6FB3F5817F1E
S21401F8A81FD201201CF0FCFE21F0F5FC204B064679
S21401F8B81B680193CBB901F0DDFA15F0800526D156
S21401F8C801F01CFB284603F00FF825E003F022F8A8
S21401F8D8BBE798F80030012BF8D0002BD9D12124AA
S21401F8E8B3E78022134B1A61DBE7042001F044F9E1
S21401F8F800230122042001A901F05CF90028DAD1CD
S21401F90803F070F82124304621F0C0FC9DE7002260
S21401F918094B9A6701F0F2FA084B01215B6800204F
S21401F9289847F0E7044690E7001002B8003F00B099
S21401F938CC560020000002B800C001B8846D002033
S21401F948B666002008B50B4BD3F84C114B1C10D0EB
S21401F95811F080410DD1084B1B6813B10320FEF747
S21401F96845FE4FF08062054BDA6401225A61022295
S21401F9789A6208BD0080E00F7C570020001002B88C
S21401F9884FF40022034B186C03F500531A64C0F3B6
S21401F998C0407047000002B8024B586900F00100E9
S21401F9A8704700BF00C001B8084B5A69D10707D590
S21401F9B808B901F0BDB85B69DA0706D401F0AAB840
S21401F9C85B69DB0701D40028F8D1704700C001B88D
S21401F9D84FF0806310B1024A53617047014AFBE752
S21401F9E8001002B8002002B8202350B1064AC2F817
S21401F9F8F433064B196C11F0010104D1032002F00F
S21401FA0893BA034AF3E77047001002B800C002B879
S21401FA18002002B80F4BDB68C3F30363013B0B2BD3
S21401FA280FD8DFE803F006060C06060606080A08DD
S21401FA3808080220704704207047052070470320F5
S21401FA487047054B5B6913F0060F0CBF01200420B5
S21401FA58704700BF000002B800C001B8094AD36861
S21401FA68C3F303630B2B08D06FF49050184100F0D2
S21401FA78010080F0010040007047106C10F48030DF
S21401FA88EDD17047000002B80C4AD368C3F303638C
S21401FA98062B07D8042BD8B20BD8C31E5842584198
S21401FAA840007047072B06D1D2F844010028ECD154
S21401FAB87047022070470020704700BF000002B858
S21401FAC8094BDB68C3F303639A1E012A8CBF002225
S21401FAD80122012B02701EBF4FF4026222FA03F3C1
S21401FAE803F001030B707047000002B8094AD36897
S21401FAF8C3F30363032B01D0072B08D1536CDB0632
S21401FB0805D4906C80F00800C0F3C0007047002050
S21401FB18704700BF000002B8024B002219681CF0AB
S21401FB28DCBC00BF9CDB040010B5FF224FF6FF715A
S21401FB3804461CF0F2FC68B9FF224FF6FF71204616
S21401FB481CF0FCFC30B92046BDE81040FF220249F3
S21401FB581CF006BD10BD00BF64DB040010B55B07D2
S21401FB6843EA02439DF8082043EAC163520502F0BE
S21401FB78BC621A43064942F4C872044603F060FDA3
S21401FB88002220461146FFF787F9002010BD00BF66
S21401FB989007E12D37B50C460546094A09490A4832
S21401FBA801F038FB94F828302846009394F82B3057
S21401FBB894F8292094F82A10FFF7D0FF03B030BD37
S21401FBC800DC040008DC0400D0DB040008B5FFF7FD
S21401FBD88DFF88B1094BDA6912030DD5186C10F43C
S21401FBE8003009D19B6C13F0100F4FF010030CBFB7
S21401FBF8034A044A936408BD0220FCE7000002B8E1
S21401FC08001002B8002002B8034610B500B3124A25
S21401FC18D16909031ED5546CC4F38114032C15D07D
S21401FC28022C17D122460D49B1F8D40001F1006122
S21401FC38801A01F5357101441846FDF765FE064A36
S21401FC480472926C120A4272002010BD0822EAE77A
S21401FC582120FAE70220F8E7000002B8003E00B0CB
S21401FC680A68064B12F0802F1CBF42F20101C3F846
S21401FC782812C3F88822C3F88C227047004001B8BE
S21401FC88F0B585B06C460E460B4B074615460FCBAE
S21401FC9884E80F00094BD3F84822009226B16B1E60
S21401FCA8DBB2FD2B88BF32602A46214638461CF057
S21401FCB875FC05B0F0BD00BF6CDB04000080E00FEA
S21401FCC8F0B585B06E460D4B07460D460FCB86E858
S21401FCD80F001CF079FC31460446024638461CF0F3
S21401FCE8BFFD4DB140B9FF2C1BBF04AB03EB840429
S21401FCF8009B54F8103C2B6005B0F0BD6CDB04008B
S21401FD0830B50823054685B080B9094AC2F8FC33E0
S21401FD1851B96C46074B0FCB84E80F00064B2A46B1
S21401FD2821461868FFF7ACFF05B030BD034AEDE77A
S21401FD38001002B87CDB04007C570020002002B8C3
S21401FD484FF03A43D3F81421D2031ED54FF480322C
S21401FD580E49C1F81421A1F58051C1F818215A6D30
S21401FD68D1B2C2F30722C3F8A410C3F8A420042210
S21401FD78C3F8A4200022C3F8A420C3F8A420C3F81B
S21401FD88A420C3F8A420C3F8A4207047002000BA12
S21401FD98F0220B4B01219A64A022A3F580539A64A2
S21401FDA84FF03A43426CC3F8F410FC21C3F8CC1068
S21401FDB8C3F8D0204FF40052C3F8F020704700BFB4
S21401FDC8006000B8F8B50D464FF03A4417460646A7
S21401FDD821F061FA01230421074A6363E76026617B
S21401FDE86561C2F81411054AC2F8843121F04EFA49
S21401FDF80DB102236363F8BD002000BA00E100E0FC
S21401FE082DE9F04105460124006800F00700063098
S21401FE1804FA00F3A868EC685E1EA04262D000EA05
S21401FE28060E6C6810441E430640A3EB0E000EEB4C
S21401FE38040C8242644618D9D31A0EEB030298B111
S21401FE48431E052B04D94B1CACEB0303022B59D8D4
S21401FE580B460844ACEB010E03EB0E0113F8014BFD
S21401FE6883420C70F8D101466C688AB1531E052B83
S21401FE7801F1010302D9E01A022812D80A44611EC8
S21401FE8800E0013313F8010C934201F8010FF8D191
S21401FE9821F001FA0223AE60AB62BDE8F04121F021
S21401FEA8F5B90B46204622F0030E8E4453F804CBD0
S21401FEB8734540F804CBF9D122F00303D01A920710
S21401FEC801EB030C04EB0307E2D0CA5C0128E254F9
S21401FED8DED09CF8013002287B70D9D09CF802301D
S21401FEE8BB70D5E7042A35D90878043AA86148785A
S21401FEF80431A86111F8020CA86111F8010CA86177
S21401FF08A8688CE70B4620F003070F44ACEB010EFC
S21401FF181C684EF803400433BB42F9D120F00303B2
S21401FF2810F0030F01EB030EA0EB03040CEB030721
S21401FF3828D011F80380012C0CF8038022D09EF8F3
S21401FF480130022C7B7018BF9EF80230084418BF97
S21401FF58BB7088E7013A032A12D8DFE802F00F15CA
S21401FF6807020B4613F8012B1946AA610A4612F82E
S21401FF78013BAB61114611F8013BAB610B78AB61F4
S21401FF88BDE8F08108446EE70A46F3E738B50B4644
S21401FF98154601464FF03A4468B101221048C4F8A4
S21401FFA8F4201A46FFF72CFF25B14FF03A430422F6
S21401FFB8C3F8F42038BD73B1D4F8D8209A4284BF68
S21401FFC80122C4F8F4204FF03A42C2F8D430022392
S21401FFD8C2F8F430E8E70123C4F8F430E4E700BFD8
S21401FFE8CC0000BA38B5044621F055F94FF03A422C
S21401FFF80121238F054651674BB3B3FA83F3C3F147
S2140200081903DBB2A069C2F8B410C2F88C30072311
S214020018C2F89000C2F8B0304FF4A02302F500529E
S214020028C2F81431A2F58052C2F8183100220C4BDD
S2140200381A600C4B1B6C5B0209D54FF480020A4B04
S21402004804F1F8001A64D4F8901001F01BFB0023A0
S214020058638707232846A387BDE8384021F016B9E8
S214020068E8560020000002B8002002B82DE9F8433E
S21402007805460C46B1B1D0F81880078F21F00BF967
S214020088B5F83AC0791E01EA0C0323F00702032CDE
S2140200980646DFF8F8E042445ED1DEF8004024B9AE
S2140200A821F0F4F80E20BDE8F88324F00104DEF807
S2140200B8000020F00100A04253D10023CEF8003001
S2140200C8238894426FEA43436FEA534323803ED120
S2140200D8AB8F08EB07091846083880B202F1080405
S2140200E84C4528BF4446082804D9B4F800E0BEF5B3
S2140200F8804F40D263440F431B1A3B409BB26B8728
S214020108A887947811884FF03A42C1F30C0191659A
S214020118C2F89830C2F8B0004FF48022174B04F0A9
S2140201280704C3F814210122154BC3F88421FFF7EC
S21402013807FE042C0BD14FF48002124B05F1F8008F
S2140201481B6C114B1A64D5F8901001F09BFA3046D6
S21402015821F09CF80020A6E7601E012898BF1446E6
S214020168A5E7A88F4344E31A48BFDB190838984224
S214020178A6DC304694E72246AEE700BF002000BA67
S21402018800E100E0000002B8002002B8E8560020AD
S214020198154B10B519688A8F4B8F088F1344013890
S2140201A8073B8C69034023F007031C4402F108034B
S2140201B84FF03A429BB28B87C2F8B0304FF4802297
S2140201C80A4BC3F814210122094BC3F88421A078EC
S2140201D800F00700042803D1064AD3681B03FCD4A0
S2140201E8054B1C6010BD00BF7C570020002000BADB
S2140201F800E100E0000002B8E856002010B5064C00
S214020208216839B1CB0703D4044B1868FFF72EFFD1
S2140202180023236010BD00BFE85600207C5700204C
S2140202284FF480320C4B0D49C3F818214FF03A436D
S214020238C1F81421D3F8AC10D3F88C20012302F0AD
S214020248070206329340C1F30C01083B994201D8D3
S214020258FFF776BD704700BF002000BA001000BA4C
S2140202682DE9F04780460C4616468769058F21F029
S21402027812F8B8F83A2005F1FF3C02EA0C0323F01C
S2140202880701032C82463944B8F83C0019D14A4C77
S21402029824689CB90244073A02EA0C0222F00702D2
S2140202A8BC183B44E31A48BF5B19834210DB50462E
S2140202B820F0ECFF00242046BDE8F08724F0010475
S2140202C8EFE7012C02D0022CEBD108380C46E8E7FF
S2140202D8002E3FD08C4241D14FF03A42D2F8589085
S2140202E84FF03A41D1F8AC20B8F81270C2F30C02BB
S2140202F8934247DA2588B5F5804FD8D2A378C5F356
S2140203080C0503F007037A1EA5EB09053A43052BED
S214020318337005EA02052DD82DB2E84340F2414271
S2140203280421C00F03F058FC7580E3783374D8F8BC
S2140203381C207B1E03EA0903D118B160A9B213FA7E
S21402034885F5AF422FBF0023FF1AB780F26024BF9D
S214020358B180F360504620F099FFACE7A4F108029A
S214020368974284BFED0802EBC502B2F80090C9F3C3
S2140203780C09B5E7114B5B6D003B18BF0123A5EBD3
S214020388C305C9E74B6D7A1EA3EB09033A431A4025
S2140203980B4915B2002DCB680BDCC3F30363D81EDA
S2140203A843424341DB0033708B6C72801B0A337402
S2140203B8BDE70823F7E700BFE8560020004000B86C
S2140203C8000002B8054BA822D3F84C013121431C81
S2140203D80CBF0120C0F3807003F0FEBB0080E00F64
S2140203E838B5134D0446297819B920221148FDF765
S2140203F8FBF86188104A23785180002113700F4A4F
S214020408022BC2F8CC104FF0FF010D4A0D4B1170AB
S2140204184FF007010C4A4FF00000C2F8FC130CBF5D
S21402042804220122C3F8FC2301232B7038BD00BF27
S214020438BA660020E03F00B06E700020004001B8A7
S214020448ED700020001002B8002002B8034B1A68AC
S21402045802609B8883800020704700BF6E70002071
S21402046810B5044600F03AFF064BD3F8F83724B91D
S21402047883F40033C3F3404010BDA31E58425841CC
S214020488FAE700BF000002B84FF63F720A4BD3F8ED
S214020498FC37934206D0094AC3F301131370E022CD
S2140204A8074B1A7041F66A02064B1B68B3FBF2F357
S2140204B8054A1360704700BF000002B8EE700020BD
S2140204C8EF70002008570020EC56002020B10228C2
S2140204D804D1034B18787047024BFBE7002070479D
S2140204E8EE700020EF7000202DE9F74FD0F8A42018
S2140204F84C21022A38BF0222064690F824B16B48DD
S214020508013A036AD0F8CC506948C3F38213D9403B
S2140205180368DFF8C0A19342DFF8BC91654BDFF8A9
S214020528BC8101F0010116D11C788C4213D19AF8CD
S21402053800405C450FD1D6F8A84064B1AC420AD157
S21402054896F8295099F80040A54204D1B8F8040054
S21402055803B0BDE8F08F98F8004002602046197094
S214020568FFF7B4FF002900F0888004234FF07F408D
S21402057800255149C1F8B830504BC3F8B80096F870
S21402058829301B06C1F8B8304FF080514A4B2C046C
S214020598C3F8B41040F27121494B1B68B3FBF1F360
S2140205A819215343182BB3FBF1F173D8002C7BD0D7
S2140205B8B4FA84F2C2F12002C2F10F03012B38BF4B
S2140205C80123D440A14201D2013B64086A1C03F00D
S2140205D81F0152008A403B4F121B9208C7F8B020F0
S2140205E81A0242EA03121343019305EB052305EBAD
S2140205F80325354B40F6970218682B21003818BF9A
S214020608012003F0E9FAFA222F4B02FB04F01B68DA
S21402061840F6FF72B0FBF3F00A2358432B4B00F563
S2140206287A74C3F8C420019AA3F58053C3F8C42089
S214020638A3F58053C3F8CC50D3F8CC3000F58C50D1
S214020648C7F8FC30C6F8A850214D14302C6001F0CB
S214020658ABFC4FF47A72C7F8A400C7F8F8002B6808
S214020668B4FBF2F0B3FBF2F3A8F8043096F829309C
S2140206788AF800B089F800306AE7002C14BF102503
S214020688202596F82930834294BFED182D1805F0D8
S214020698FF0579E7B1FA81F234B1B4FA84F3D21AD3
S2140206A8002A89DC0F238DE70F238FE7004001B865
S2140206B8946D0020BB660020001002B8002002B825
S2140206C808570020003F00B0EC560020006001B832
S2140206D8F0560020EC700020EB7000206E700020B0
S2140206E810B5114B01461B78104C0C2B02D1FF207B
S2140206F8207010BD18461BF0C0FF02461846FFF7CA
S214020708E5FE884228BF0846C0B2904238BF104667
S2140207182378C0B28342ECD0054B20701868FFF7E6
S214020728E3FE2078E5E700BF6E700020ED7000203B
S2140207387C57002010B5044603F066F878B1154BCE
S2140207481B786BB964B1144B1B784BB1134B1B78EF
S214020758013B012B04D84FF40042114BDA6410BD5A
S214020768104BDB6C1B04FAD420F095FD044602F00D
S21402077821F94FF400420C4B2046BDE81040DA64DB
S21402078802220A4BC3F87C240422054B1A6420F082
S2140207987DBD00BFBC660020BD660020F456002062
S2140207A8002002B8000002B8001002B800D00350B9
S2140207B80122024B00201A70FFF7BCBFBC6600205D
S2140207C80022024B01201A70FFF7B4BFBC66002055
S2140207D84FF48022014B9A64704700BF005000B85D
S2140207E8F7B50646544C00F079FD01213A20EBF79E
S2140207F857FC524B2578524F1E7085BB2846FFF78A
S21402080899FF2378013B012B19D8E37B01A88DF8C1
S2140208180430237C8DF80530E9F748FCC7F87C5489
S2140208284FF6FF72474BC3F88420F822A3F580538D
S214020838C3F884200022424BC3F87C240DE04FF60E
S214020848FF72404BC7F87C54C3F88420F822A3F5FD
S2140208588053C3F88420C7F87C543B4B5BE00020E7
S214020868FFF768FF2378013B012B08D8E37B01A832
S2140208788DF80430237C8DF80530E9F717FC002341
S214020888C7F87C34002ECBD062685AB32F4B1B684D
S21402089803EB5203B3FBF2F3013B1B0243F0F803EC
S2140208A826782849022E2A4A1ED0032E4FF6FF75AE
S2140208B8234826D0012E38D143F00203C1F88450CB
S2140208C8C2F884300723C0F87C34E37B01A88DF88D
S2140208D80430237C8DF80530E9F7BCFB0120FFF7CE
S2140208E829FF17E0F823DBE74FF6FF7043F0010312
S2140208F8C1F88400C2F884300622114BC3F87C245F
S214020908E3E743F00503C1F88450C2F884300423B1
S214020918C0F87C340F4B4FF080420020DA644FF464
S21402092880220B4B9A6403B0F0BDC1F88450C2F81B
S21402093884300023ECE700BFF4560020BD66002092
S21402094800C00350006000B8002002B80857002014
S214020958005000B8001002B8F0B52B4F06463D46C8
S21402096804460FCE0FC5336885B02B6000F0B6FC80
S21402097801213A20EBF794FB0022244BC3F87C248F
S214020988A17A627A42EA0142C3F88824217CE27B91
S21402099842EA0142C3F88424217B627B41EA024090
S2140209A8C3F880043B78032B2AD8DFE803F0220238
S2140209B80C178DF8041004218DF805200DEB0100A4
S2140209C80022E9F713FBE37B00228DF80830237C2C
S2140209D8042102A88DF80930E9F708FB637A012298
S2140209E88DF80C30A37A042103A88DF80D30E9F7A8
S2140209F8FDFA074B187805B0BDE8F040FFF7F0BEE1
S214020A08212005B0F0BD00BFF456002000C00350F8
S214020A18BD660020034BDB6C002BBCBF024BC3F841
S214020A2888007047000002B8004000B82DE9F04779
S214020A3800F0AEFC4FF47A762D4BB0FBF6F6186053
S214020A484FF4FA73734307462A48190E1B021818FE
S214020A58294A4FF0000341F10001FCF759FA274BE7
S214020A68A0F5807205461A6320B948222B2103F0A6
S214020A78B3F801254FF47A724FF0000A6A435346D8
S214020A8850083102FCF744FA1C4B1D4AB7F57A7F28
S214020A989A601C4B4FEA056819601B4B8946044648
S214020AA818604FEA152505D29B222B21504603F0E3
S214020AB893F801264FF47A73A8FB030103FB05118A
S214020AC87308C01841F1000100233246FCF720FAE9
S214020AD80E4B023419600E4B49F10009A40818603F
S214020AE844EA8974054B013C9C63BDE8F08700BF65
S214020AF80857002020A1070040420F0000C001B896
S214020B080211010018570020145700201057002021
S214020B180C5700201022044BC3F884215A60012285
S214020B28024BDA60704700BF00E100E000C001B87F
S214020B381022064BC3F88421C3F88420BFF34F8FD4
S214020B48BFF36F8F0422024BDA60704700E100E0C1
S214020B5800C001B810B50446A242A2EB0000A3EBFF
S214020B68010104D2034B01399B6B0133184401F08F
S214020B78030110BD00C001B838B501250A4B0201B1
S214020B889D504FF480730446084A8340536620F00B
S214020B9882FB074AA540137823EA05031370BDE8CB
S214020BA8384020F073BB00BF00E101B800E001B88E
S214020BB8C66600202DE9F84F164605468A461F46A1
S214020BC820F069FB022E00F09180804620F070FB30
S214020BD85A4B5B4AD3F8209092F891405A6EE4B288
S214020BE8520744BFD3F82090013404F0030420F0DF
S214020BF85AFB4846214600F02FFA8446DAF80000E7
S214020C08012E04BF01306044ACEB000C08BFCAF8E2
S214020C180000BCF1804F7DD300F030FA8145A1EB8D
S214020C28040188BF454BDFF838C188BF01F1FF31A0
S214020C3801F0030188BF9B6BA0EB090E0CF80510A8
S214020C48A1B1F90742BF41F61F723E4B5A67BA076F
S214020C5842BF3C4B3C4A5A677B0742BF0022374B8F
S214020C689A673C0742BF0022344B9A6511244FF01C
S214020C78010A324B05F11002120103EB051BCBF8F1
S214020C880C0132499C501A6A0AFA05F4586E0B7817
S214020C98A2EB0902E4B2234372450B7025D34FF444
S214020CA88073AB40034220D11CF80520002A40D1AD
S214020CB80EB3274AF807536607D541F61F7140F266
S214020CC80110204B596750675967B90706D51D4B5F
S214020CD81D4A1F491F485A6748675A677A0742BF1C
S214020CE801221D4B1A613B071AD4404620F0CEFA61
S214020CF80120BDE8F88F194A2D0142F805A042F8EE
S214020D089C3C20F0C8FA11490B7823EA04030B70BE
S214020D1820F0BCFA404620F0B9FA0020BDE8F88F69
S214020D282120FFF777FE4FF48032044B4046DA6004
S214020D38DCE7074A40465366D8E700BF00C001B85A
S214020D48003E00B000E001B800001F1FC666002083
S214020D5800D001B800000101000002B800E101B8A5
S214020D68BE660020024B1878003818BF012070476C
S214020D78C6660020034B10300001185800F0010028
S214020D88704700BF00C001B870B50646FEF704FEFD
S214020D98044608B1FFF7CCFE00230A4D3046AB6185
S214020DA8EB612B6200F06AF9074BC9B283F891101F
S214020DB828622CB1FFF7AEFE4FF08062034B1A642E
S214020DC8002070BD00C001B8003E00B0002002B886
S214020DD82DE9F0419DF818800D46B8F1000F08BFBE
S214020DE80022214EB5F5803FB168074621F470010E
S214020DF841F4A001B1609DF820409DF81C104FEA0E
S214020E08042444EA016444EA031444EA084444EA2B
S214020E1802044FF0180140F2E9222CBF00200120FC
S214020E28746502F0D9FE3564B8F1000F1AD00F4B7C
S214020E38BC68D3F888306D2C38BF6D245B0606D59F
S214020E4800F082FB18B10A4BB3FBF0F31C442046B1
S214020E5800F014F90130854238BF0022024B34BF35
S214020E685A645864BDE8F08100C001B800C000B8F2
S214020E7800093D0038B51A4B5D6C35BB102420209E
S214020E88FFF7C8FD174B9C6002F04EFB2022164B5C
S214020E98C3F8842101F0D2FC48B12A460020082172
S214020EA8FEF7D4F9114B5C66A3F580531C67104A0B
S214020EB8D36803F07063B3F1807FF9D9084B0D4A03
S214020EC85A6741F201429A6738BD01F0B7FC00281A
S214020ED8F4D0094B054A5366A2F580521367EDE72C
S214020EE800C001B8001002B800E100E000E001B856
S214020EF8000002B8011B01181000002008B52120C6
S214020F08FFF788FD4FF48032014BDA6008BD00BF58
S214020F1800C001B8F8B5184D04466B6A1B0426D5FE
S214020F2800F086FB6B6AA0FB044613F0787F4FEA54
S214020F389367C3F34450C3F3044505D140F25A42BB
S214020F482B2102F049FE0120AD01B5FBF0F010EBB3
S214020F58871005D140F25F422B2102F03DFE0120A8
S214020F680246002320463146FBF7D2FFF8BD00F0C2
S214020F78EBFAA0FB0401F9E700C000B8024601201C
S214020F8830B50B4CA0F12003C0F1200524FA05F574
S214020F9804FA03F32B4304FA00F595428B4100D377
S214020FA830BD0F2801D00130ECE7FF20F8E700BF7C
S214020FB840420F0010B50C46FFF7ACFFC30943EAE0
S214020FC84163C01A61EBD111FFF7D8FFFF2814D08E
S214020FD80F220C4B40F01000C3F88820A3F580536C
S214020FE8C3F88800A3F580535B6ADBB2802B06D071
S214020FF82046BDE8104000F007BB212010BD0220A5
S214021008FCE700BF00E000B838B520F051F9084BFD
S214021018084A1D6A92F891405A6EE4B2520744BFD3
S2140210281D6A013420F03FF9284604F0030138BD52
S21402103800C001B8003E00B00346064A103302EB71
S21402104800111B01D1F80C01D158C1F340011BF065
S21402105832BB00BF00C001B8064B1B68434303EB14
S2140210688171054B1B68A3FB003013F1004341EB6B
S21402107800007047105700200C5700200C4A20F03A
S2140210884043014610B5002014684FF00042E4FBC6
S2140210980320084A890F126802FB0300064B9B6B63
S2140210A8984204D901330131C01A01F0030110BD78
S2140210B8145700201857002000C001B8044B01F04E
S2140210C8F071103041F0030100011950704700BF5B
S2140210D800C001B808B52220FFF79CFC4FF4802216
S2140210E8014BDA6008BD00BF00C001B870B51646ED
S2140210F8054600B3F9B1F2B14268104B00680332F4
S2140211081B68920800F130409847044688B9EA6896
S214021118A86803323146920800F130401BF0E4FA20
S214021128044630B9D5E90402214600F13040FCF7FE
S2140211385BFA204670BD2124FBE700BF9C6D0020A9
S21402114870B50C68651C15D0C4F302669E42C4F3DB
S214021158074530D1A4B294422DD804EB8506B24294
S21402116829D2141BA50824F003040E59340F04D000
S214021178012C08D00022212402E06B1C51F82320FF
S214021188C0E9002470BD0E4C34F8133042EA03431B
S2140211981A686B1C51F8234001EB83014B68224006
S2140211A85E4036F0704404D11B0F032B04BF8B68D5
S2140211B81A430024E4E7013501EB8501C1E700BFC5
S2140211C894DB040007B501A8EBF766FF9DF8053027
S2140211D8022B02BF40220B4BC3F8FC23C8220A4B41
S2140211E85A650A4B0A4AD3F86032DBB2FF2B08BFAD
S2140211F803239B0043F47F53C2F8F83303B05DF829
S21402120804FB00BF001002B8008001B80080E00F9F
S214021218000002B8836810B4074C03F13043246810
S2140212281B689C4203D15DF8044BFFF75FBF0020A2
S2140212385DF8044B704700BFB06D00200022012104
S21402124808B51E4B1A645A649A641D4A51610221F3
S2140212589162DA68C2F303620D2A01D0002AF8D135
S214021268112218499A631848184AFFF73FFF00F0F8
S214021278E9FF174A93685BB9164A93689BB94FF019
S21402128880620F4B5A61012203F580535A6108BDEA
S2140212981149D268096803F13043032AECD943F8A6
S2140212A8041B043AF9E70C49D268096803F130438B
S2140212B8032AE4D943F8041B043AF9E7000002B803
S2140212C8001002B800E10400E8DB040004DC0400B5
S2140212D8D0DB0400B8DB0400B06D0020012341F621
S2140212E8FF710D4AC2F8803291660C4A53600C4A66
S2140212F853600C4A5360A2F580425360A2F54042FE
S214021308536002F5C032536002F580425360A2F57C
S21402131800425360704700BF0090005000D000B8EB
S214021328001000BA005001B838B50324FFF7D6FFFC
S214021338114A124B124DDA64FFF744FF114BC3F8F9
S214021348E0400123EB6400F0DBFD4FF460736B6151
S2140213584FF40073EB641BF037F90021FEF7D0FC5C
S2140213688022094B1C64A3F580535C64074BC3F8C0
S21402137884215A6038BD00BF0048F000000002B859
S214021388001002B8005001B800A002B800E100E060
S21402139808B51EF019F8044B1B6FC3F3004301335C
S2140213A8B0FBF3F008BD00BF0080005070B50446DD
S2140213B898B1B1B13A4A52F8043B834213D100239A
S2140213C8384A116CC907FCD4374800EB83001BF077
S2140213D894F9364B106001221A6470BD01330C2B47
S2140213E802D1334D2CE0012352F8041BA142F5D159
S2140213F8304A32F81330E3E7C2F3016335F81300D4
S214021408110C93B211F0FE0F43EA0043606820D035
S2140214180434CAB2022A216808D9D4E90160033A18
S214021428C3E9001698600C340C33F3E704D16268FB
S214021438C3E90012083403E0012A01D10434196012
S2140214482268531CD8D10022164B1A6003F5805323
S214021458C1E7120F072AEDD8DFE802F00704090DE4
S2140214681013181DC04303F500531860E2E71A6804
S21402147842401A60DEE703F58053F6E71BF010F9E0
S214021488D8E7012203F580538240F2E7012203F5EA
S21402149800538240EDE71A6830EA0202FBD1C9E738
S2140214A81C57002000C002B8404000B000D002B866
S2140214B894DB0400565F00200122014BDA64704771
S2140214C8001002B80122014BDA647047002002B805
S2140214D84022014BDA647047002002B84022014BD2
S2140214E8DA647047001002B80B4B1B68D3F8E43076
S2140214F823B11A68022A01D9186A7047074B9A6DEF
S21402150890B238B1064BC2F307421B68DB08534356
S214021518B3FBF0F0704700BF7C570020004001B8CC
S21402152808570020064BDB68C3F30363984206D1CC
S214021538044A936E23F0F00343EA0111916670475A
S214021548000002B8003F00B0054B1B68D3F8E43031
S21402155813B11A680A2A01D8FFF7C6BF186C704773
S2140215687C5700202DE9F74306461BF092F8002424
S2140215788046DFF890901FF08EFE0DF107010546B3
S2140215880DF10600FEF79CFA9DF806308BB9721C20
S21402159829D01BF07EF8A0EB080428461FF076FE3A
S2140215A89DF8063013B99DF807303BB3A642E2D839
S2140215B824E0D9F80C3013F4603FE8D0D9F81800C4
S2140215C81BF0EEF8731C074603D01BF062F8A0EB7C
S2140215D8080428461FF05AFE17F5007FE0D0384662
S2140215E803B0BDE8F08328461FF050FE9DF806308B
S2140215F8002BC0D19DF80730002BBCD1004FEEE778
S21402160800FEFFFF00C000B810F1800F04D04D287E
S214021618CEBF7F20323040B2FF22044BC0B25A629D
S214021628A3F5805358620020704700BF00E000B858
S2140216380B4A10B5136E0B4C116E03F00703E35CEE
S214021648C1F3CD0101FB0333126E0748C2F34542CC
S21402165802FB033300688001B0FBF3F010BD00BF45
S214021668004001B88CDB040008570020044BD3F86E
S214021678AC3010B1C3F30332027003F00F007047A8
S214021688000002B8094B01F080011B6C03F48003CA
S2140216980B4309D14FF40012054B1A62837F1BB124
S2140216A80122044BC3F80021704700BF000002B8AD
S2140216B8006001B8005001B82DE9F04F404F80464F
S2140216C885B038680C461AF001FD20B90024204679
S2140216D805B0BDE8F08F224600214046FBF784FF9E
S2140216E8384B5D6915F00105F0D102F019F9064686
S2140216F80028EBD03F6838461BF069F94FF6FF73AF
S214021708984234D04FF060512F4E304B304AD3F8BF
S2140217182090D6F88C3011624FF00061A2F5805204
S214021728116224220421C6F88C202A4A4FF4804BE0
S21402173891604FF480520027DFF8A4A0CAF868B078
S214021748F262A7421ED30421234A9160A2F5F03220
S214021758C2F88C304FF060521D4B1A6209EA020337
S2140217681E4A13624FF480421D4B9A66AFE7314613
S21402177838461BF0D0F80146384602F0FFF9002832
S214021788C0D0A3E7B26E5104FCD5B268D205F9D52B
S214021798CAF868B0D6F890200135012D0392D0D940
S2140217A8E21B042AA8BF042208EB070003A9019338
S2140217B80092FCF7A9F8009A019B3A4497B2C0E750
S2140217C87C570020000002B8004000B8004001B86C
S2140217D8006001B8001002B8002002B8005001B834
S2140217E8006000B84FF604014FF60502044B0120CC
S2140217F81B6C9BB28B4208BF1346024A136670479D
S2140218080080E00F00C001B82DE9F74F81460F4669
S2140218184FF0FF35FFF7F8FB002601908A462C4664
S2140218283046DFF8D8B006F110031B015BF8033028
S21402183803F00308B8F1010F15D13046FFF7FCFB99
S21402184802460B4601985146FFF784F9DBF86430E6
S21402185806F10802D340DB0739D5002F40D0002511
S2140218682C463E6040460136082EDCD160B3234A39
S2140218780027D2F808C0916B0CF440330131A4FB60
S2140218880141641941F10001B3F5003F30D1536BB1
S2140218980CF4405C013347F10006BCF5805F22D1A8
S2140218A8156B15F5807505FB06F647F1000203FB76
S2140218B80266A5FB03323244594304FB0212A3FB19
S2140218C804341444C9E9003403B0BDE8F08FA842D2
S2140218D871EB0403C6D207B13E6005460C46C1E763
S2140218E83D463C46BEE7320242EA13621B02E3E783
S2140218F8136B13F5807347F10002DDE700C001B8E9
S21402190808B51AF061FF0122054B93F88D300233B1
S2140219185B00DBB202FA03F3024A536108BD00BF5A
S214021928003E00B0002000B82DE9F34105460F46F8
S21402193868461146FFF768FF0646B0B1AFB1DDE963
S21402194800321B0A43EA0263A5FB0384094B120A08
S21402195805FB02441A6812B9FFF71AFD024600236D
S21402196840462146FBF7D4FA3860304602B0BDE856
S214021978F08100BF085700204FF00052014B1A6052
S214021988704700BF00E100E04FF00052034BC3F877
S2140219988020BFF34F8FBFF36F8F704700E100E0E0
S2140219A8F8B50B46002213F8044B944225D91D6855
S2140219B8854224D106245A791D79124B88181E6846
S2140219C804FB0503104F33F8063C7B43B3420ED99B
S2140219D800238A5A7A43964202D804FB0300F8BDCB
S2140219E89D42FAD9013304FB03F2825AF2E740F227
S2140219F844423D21002002F0EFF80020EFE70833CA
S214021A080132D2E74C57002040420F0000202DE951
S214021A18F84FA2FB018BC74EC74F18EB060699462E
S214021A286BF10003B74270EB030307D240F23E2283
S214021A380E2102F0D1F80220BDE8F88FD9F814A0DA
S214021A480C461546BAF1000F04D0DAF80030032B1C
S214021A5800F21B81B94BBA4A9F6BA3F58043D3F8B1
S214021A68EC30C7F314075E00B64B48BF47F40017BE
S214021A781B6ED2F8FCA058074EBF4FF440039B05D6
S214021A8803F0E0731F43B04BD3F8E430990748BF1E
S214021A9847F0807747EA45671DF0CAFC012D0646DF
S214021AA8C9D10028C7D0A94B984200F0FD8003F59B
S214021AB8122303F5F863984200F05A81A44B984221
S214021AC800F0A781002502462B4600204FF0007141
S214021AD8FBF71EFA2B46013008FB03F3C7F3130184
S214021AE800FB0B33A1FB0662A8FB008001FB052264
S214021AF8034420339B09C9F80030F60C954B46EA96
S214021B084236FA021C6058BF7642934B934D3444D1
S214021B181E602C60BAF1000F00F00881FB014FF03E
S214021B2800038F49C7F381528A5C194648BF640886
S214021B38002EB8BF764292066008C2FB060122460D
S214021B48FBF7E6F9DAF800100E2908D97D4B7B4A2E
S214021B58926BDE69D3F80C31F60600F12881C0F3E1
S214021B68130017F40017C9F8040014BFC42040F283
S214021B7807107C4ADAF81860A2FB04C24FEA52122F
S214021B8800FB02F24FF4FA73B2FBF6F218BF002714
S214021B9802FB03F3A4FB00C0FA33A3FB063604FBDE
S214021BA807006345864138BF0132D2B242F4006C60
S214021BB8C9F808C0002A00F0BB80DAF81C70A2FB3D
S214021BC8070624B1B4FA84F30E2B40F3D880E30355
S214021BD8002E40F0D180B3FBF0F6700000FB022026
S214021BE8A0FB07834FEA044EC6454FEA144474EB3B
S214021BF8030309D352001044A7FB0083C64574EBBF
S214021C08030306F10106F6D2C6F30E034CEA033CBA
S214021C184CF000630629C9F8083049D9DAF830309A
S214021C28002B45D00023C9F80C30C9F810301DF037
S214021C38FFFBDAF83010FFF7B3FE044618B18378D4
S214021C48002B40F0CC801DF0B9FBDAF83010FFF715
S214021C58A7FE0446002869D08378002B66D0407910
S214021C684FF4AE62003818BF01203D2101F0B4FFE0
S214021C78207940F2715200384FF03D0118BF01201A
S214021C8801F0AAFF237962794BE0042BDAF8287070
S214021C987FF402AFFB014CBF4FF4400307F0E0733A
S214021CA827F0E0771F43F7E600232F481D4613E781
S214021CB81DF0BEFB2C68002C00F0AF80B4FA84F34B
S214021CC8D3F1020358BFDC40284B9C4288BF640805
S214021CD8002875D0B4FBF0F3642100FB134201FB25
S214021CE802F2904203F1FF3200F2A6805D08530822
S214021CF8013D1B0243EA0515C9F80C501DF064FBAA
S214021D08002800F09080B4FBF0F2642100FB124435
S214021D1801FB04F4A04200F28D80531E52085B08B1
S214021D28013A1B0243EA0213C9F81030002083E680
S214021D38212081E6006CCA88807C814A008001B82E
S214021D48004F00B0004001B8000002B800F0490297
S214021D58005A620254570020505700204C57002061
S214021D68A0DB0400D34D62100A3BB2DF3FBE40251B
S214021D78002335481D46AFE61046002630E7C3F175
S214021D880F0E03F1110806FA08F820FA0EF040EAD8
S214021D980800AEF1200826FA08F840EA080026FAF3
S214021DA80EFE013004FA03F34EF1000610E702F4C1
S214021DB8801203F400131A4308BFC0F58010CEE65B
S214021DC8631EA51E5B086D08013B2D0245EA031536
S214021DD840F2C2422B21002001F0FEFE8CE7407939
S214021DE840F25552003818BF01203D2101F0F4FE9A
S214021DF8207940F25652003818BF01203D2101F0E2
S214021E08EBFE237962791B0243EA0213C9F80C3007
S214021E1819E700230D481D465EE66FF01F050028E9
S214021E287FF46AAFD4E740F2E5422B2101F0D4FEF4
S214021E38621E72E71446FBE79D1E6D085308013BB7
S214021E482D0245EA031557E7313641DCD694BFD64C
S214021E5810B5044686B059B9214B4168D3F8FC3010
S214021E68827A2048059300686B46FFF7CFFD6946DD
S214021E781D4B0A685A631A4BD3F8FC3033B34B68C7
S214021E8843B11A4B1A4AC3F80C214A68A3F5805381
S214021E98C3F80C218B6843B1144B164AC3F8EC20DE
S214021EA88A68A3F58053C3F8EC20134AC868D2F8A8
S214021EB8743123F4EE630343C2F87431D2F86C31FA
S214021EC8096923F4EE630B43C2F86C3100202289B9
S214021ED80A4B9A6203F5A033186406B010BD00BF19
S214021EE8004F00B07C570020008001B8006001B89F
S214021EF8FFFF0F00FFF8FF0F000002B8004000B80F
S214021F08064B9A6E920607D55B6E002B4FF48043FB
S214021F18B4BF034A034AD3640020704700800050C7
S214021F28002002B8001002B8064B1A6C9207FCD4BE
S214021F38022240EA01205860034B1A640122034B2E
S214021F481A70704700C002B800D002B8C7660020F0
S214021F5840B10368012B05D90069034B002808BF66
S214021F681846704700487047A8DB040010B590B1C1
S214021F780468012C0FD902696AB11168094B102C42
S214021F88196051685960916888BFD268996094BF91
S214021F98D960DA6010BD102200210248FBF724FB44
S214021FA8F8E700BF5C570020084BC1171A68A2FB67
S214021FB8000302FB013310F1807043F10003400E68
S214021FC840EAC310803820EAE07070476C57002059
S214021FD80722194B70B5DA63184B194A1D68194B54
S214021FE8EC08E005C0184FEA153141F1000100235C
S214021FF8FAF78EFF144B154E18601548FFF7D4FFF4
S2140220084042C6F8DC0049F65800FFF7CDFFC6F88E
S214022018A8001048FFF732F8024660B1E3015008FC
S21402202818184FEA15714FF0000341F10001FAF74C
S2140220386FFFC6F8B40070BD000002B8085700204B
S21402204865CD1D00B2E60E006C570020003F00B0BA
S2140220587011010040420F0010B5044698B10B4BB0
S214022068D3F8FC00FFF782FF4FF47A7303FB04F001
S214022078074BA0F57A60DA689B681044C01ABDE878
S2140220881040FFF791BF49F64040F8E7004F00B00E
S2140220985C5700202DE9F8430546084614461E46B6
S2140220A8FFF764FF05B306F0020716F004061DD113
S2140220B8D7B14FF47A706B685843002B40F08C8087
S2140220C8FFF772FF20636B69002B00F08C804A4A88
S2140220D8D0684FF47A7202FB0300A0F5FA50FFF7B5
S2140220E863FFE062002E58D1BDE8F883286900280D
S2140220F869D04FF47A7358433F4BA0F57A609B68D1
S214022108C01AFFF751FFA062A88B00285ED04FF4D2
S2140221187A735843384BA0F57A609B68C01AFFF763
S21402212843FFE061354BE968D3F80080002950D0B8
S2140221384FF47A735943304BA1F57A619A685B6813
S214022148891AC91A2E4BC8171A68DFF8BC90A2FB60
S214022158011302FB003311F1807143F10003490EAB
S21402216841EAC3118039274B2162D3F8C43063622F
S214022178D9F8003053B140461AF0CCF930B12246AD
S214022188D9F800301C49D8F8D80098470021A86921
S214022198FFF762FF6063002F8BD1A86830BB47F257
S2140221A83050FFF701FF60614FF47A702B6858438E
S2140221B82BB1114B1B6803F51C5310331844FFF759
S2140221C8F3FEA06190E749F640409AE749F6404098
S2140221D8A5E749F64041B5E7074B1B6803F51C53CC
S2140221E8103318446CE747F2305078E74FF47A73A6
S2140221F85843A0F5FA50D4E75C5700207C570020D5
S2140222086C570020003F00B05857002038B50546E6
S21402221808461C461AF060FA0246D5F8E400FFF7AC
S21402222897FE4368A018002B044AA8BF4FF4FA7218
S2140222381A44034B92FBF3F2104438BD0CFEFFFF20
S21402224818FCFFFF70B588B06D46124C0FCC0FC550
S21402225894E80F0085E80F00D82200210E48FBF705
S214022268C3F9AC2200210D48FBF7BEF92022002153
S2140222780B48FBF7B9F91AF057FC0A4B1B783BB127
S2140222886D46044E0FCD0FC695E80F0084E80F0082
S21402229808B070BDE03F00B07C3E00B0543F00B0CE
S2140222A8E04F00B0BA66002008B51EF0F4FF0E4BE9
S2140222B81A78A2B90D4A126812F4843F0FD10C4A52
S2140222C81021D1641B7863B9084B1B68DB0508D458
S2140222D8074B2022DA64BDE808401EF0D7BF054A3D
S2140222E8EEE7044BF5E700BFCD660020A8140020F1
S2140222F8002002B8001002B80A4B197801F0FF0253
S21402230829B10021197008499202C1F804215978A6
S21402231801F0FF0229B1002159709302024AC2F85D
S21402232808317047C8660020005000B8064BD3F83C
S214022338F00E064B5B6C1A0103D4054B9B6E1B040E
S21402234801D500F580707047003000B0000002B872
S214022358004000B810B51EF09EFF0E21044603206A
S214022368FFF7E0F840F20122034B2046BDE8104092
S214022378DA621EF08BBF00BF004000B838B51EF008
S2140223888AFF4FF00043244C0546C4F88030BFF35A
S2140223984F8FBFF36F8F0123C4F88430BFF34F8F7C
S2140223A8BFF36F8F0223C4F88430BFF34F8FBFF397
S2140223B86F8F0423C4F88430BFF34F8FBFF36F8F39
S2140223C80823C4F88430BFF34F8FBFF36F8FFFF72D
S2140223D8DBFA1023C4F88430BFF34F8FBFF36F8F36
S2140223E82023C4F88430BFF34F8FBFF36F8F402388
S2140223F8C4F88430BFF34F8FBFF36F8F4FF48063F8
S214022408C4F88430BFF34F8FBFF36F8F2846BDE8FA
S21402241838401EF03BBF00BF00E100E038B51EF0B2
S2140224283AFF05464FF000430A4C236001236360D7
S2140224380423636008236360FFF79EFA1023636031
S21402244820236360402363602846BDE838401EF0B8
S2140224581DBF00BF00E100E0012370B5074C2370E2
S214022468074B1E68074B3240D3E9005319402840F1
S214022478FCF7ECFE0023237070BD00BFCB6600207D
S21402248874570020A81400200022044B1A70044B2C
S214022498197811B11A70FFF707BF7047CC6600208B
S2140224A8CD6600202DE9F047DDF820A003EA0108F2
S2140224B8099B06460D4602EA000703EA0A09BAF12C
S2140224C8000F40F05281031F0B4300F012810528CB
S2140224D871F1000380F0E88050EA010300F0788189
S2140224E8431E0B4300F02881FFF748FFB94AD2E99A
S2140224F8004323EA050324EA06043C4343EA0807A2
S214022508B54BC2E900471E6826EA0A0646EA0906E5
S2140225181E60FFF7C9FE14F02A4F14BF48F20203E2
S2140225284FF40043AD4AB007D26EAD4848BF43F4F5
S214022538005383EA020122EA0302C266A94A0B4052
S2140225488166D366C4F380421203210348BF42F46D
S2140225588072E30648BF42F40052A34BA50648BF62
S21402256842F400726006D3F80C3248BF42F4806226
S214022578210648BF42F400629C4882EA030123EA25
S2140225880203C0F80C329A4B0A4017F4007FC0F8D0
S2140225980812C3F80C22974B07F4007200F0048165
S2140225A801224FF4802583F88820E30448BF45F4C7
S2140225B88035A00348BF45F48015A10748BF45F4F7
S2140225C8001514F4001FDFF8688206D0D8F8000059
S2140225D81AF0A8FA08B945F40025E20248BF45F4FD
S2140225E80035FB06844B48BF45F480051A6A8349C2
S2140225F885EA020323F001031A400A621D40CB61F2
S2140226087F4B16F0010F1D627E4B7F4A18BF1A4693
S2140226187E4B7D071B6F48BF42F000627C4882EA09
S214022628030123EA020303677A4B0A4041661A67E4
S214022638794A04F00103926CA0F5803083EA02011D
S21402264822EA03028264754A0B4041649364D8F80E
S2140226580020200248BF724B92F8F62058BF714BF2
S214022668610748BF43F4806322B114F4C06F18BFF1
S21402267843F4807332074FF03A42BDE8F047D2F887
S214022688181148BF43F0004383EA010222F4A0224D
S21402269865481140C0F818111340C0F81421634A5F
S2140226A8C2F81831FFF7BABEA0F580630B4306D00E
S2140226B820F48063A3F500730B437FF415AF1EF076
S2140226C8EAFD4449D1E9003223EA060322EA050272
S2140226D842EA08023B43C1E90032554A126892F8B8
S2140226E8F610514A09B313F4C06F1ED04FF4807324
S2140226F811E01EF0D0FD374AD2E9003123F0040378
S2140227083B4341EA080157EA0807C2E900314FF499
S2140227188063454A0BD0C2F81431A2F58052C2F83B
S2140227281831BDE8F0471EF0B1BD4FF48073C2F809
S2140227381831C2F81431F4E71EF0ADFD254AD2E985
S214022748003123F001033B4341EA0801C2E90031A4
S2140227580123384A57EA08071BBF5364A2F580527A
S2140227689364936408BF5364DBE750EA01037FF47B
S214022778BBAEBAF1010F7FF4B7AE1EF08CFD164A57
S214022788136823F0010343EA090313604FF48063D6
S2140227981F4AB9F1000F04D05366A2F58052136798
S2140227A8BFE713675366BCE793F8881071B183F8DE
S2140227B88820214BD3F8A41003F50053C3F8A410BD
S2140227C8C3F8A0104FF05023C3F8A4200025ECE667
S2140227D8BDE8F087A814002074570020004000B80F
S2140227E8006000B8005000B8004001B8006001B8A8
S2140227F8005001B8003F00B0000002B8002002B83E
S214022808001002B8041C00030418000300C001B834
S21402281800E001B800D001B800C000B800D000B887
S2140228280D0A0A09090A0A09002000BA001000BAA5
S2140228387C57002000E000B800400050024B586861
S214022848C0F3C000704700BFA8140020024B1868E7
S21402285800F00100704700BFA8140020024B586819
S214022868C0F3C030704700BFA814002010B5044655
S214022878FEF75AFDFFF782FD2046FDF789FAFEF7B6
S214022888DDFCFEF7D3F8FEF745F9FFF7A1FB13497F
S2140228980723134AD1F8FC1004F1F800FFF7FAFBF5
S2140228A84FF080710020FEF709FC4FF000720D4BC6
S2140228B84FF400110120C3F80021FEF7FFFBFEF7D4
S2140228C891FF20B940F29232142101F085F919F0ED
S2140228D884FFBDE810400120FDF782BF004F00B01C
S2140228E8A43F00B000D001B88023074A1364082327
S2140228F840B11364054AD2F8C83E23F02003C2F852
S214022908C83E7047024AF4E7001002B8003000B02A
S214022918002002B810B51EF0BEFC012104460020B5
S214022928FFF7E2FF044B1961044B5B6898472046A1
S214022938BDE810401EF0AABC000002B8846D002054
S214022948F8B5194C0546207840F2E442B0FA80F011
S2140229583E21400901F040F955B9607840F2E44258
S214022968BDE8F840B0FA80F03E21400901F034B9DB
S2140229784FF440660D4F0E4DD7F8043140F2E4424C
S214022988C3F381232370C5F8046160783E21B0FA48
S21402299880F0400901F020F9D7F80831C3F3812303
S2140229A86370C5F80861F8BDC8660020004000B824
S2140229B8006000B8F8B5084C084D236C0423084F8D
S2140229C82B64236C5B0300D4F8BD042602203E6405
S2140229D819F066FE2E64F4E7000002B8001002B88A
S2140229E8002002B8A82238B51A4B1D6C03F500530E
S2140229F81A6410229A60A3F5804302F100521A67FD
S214022A085A66FFF779FC144B1B7813B90320FEF7B6
S214022A18B3F80024114B9C67FFF7CCFF104A114B02
S214022A28D2F8F01E0B40C2F8F03E04220E4B1A648F
S214022A380E4BAA06C3F8D04008D503F580739B6FE1
S214022A48B3F5817F22BF8022024B1A61BDE8384067
S214022A58FCF7B8BD000002B8CA66002000C001B87C
S214022A68003000B0DF0000FF002002B8003E00B0D1
S214022A7810B551B920B3154BDB681B0E13F00E0FB9
S214022A881ED1134B1B6CD9071AD4FFF763FC0F4CE5
S214022A980020FEF7EBFD032801D0092805D1A36A1A
S214022AA8DA07F5D4636CDB03F2D4FFF783FF01225F
S214022AB8084B5A6102229A62042203F580531A646A
S214022AC84FF4C062044BDA6210BD00BF000002B8C1
S214022AD800C002B8001002B8006001B808B50321A9
S214022AE80920FEF71FFD2022014B1A6108BD00BF10
S214022AF8000002B80D4A10B5D2F8A030D2F8A410D9
S214022B080B40B3F1804F0CD34FF040400849094CB4
S214022B18C1F8A400D467C1F8A0004FF48021064A81
S214022B28D161034AC2F8A03010BD00BF0040005071
S214022B38006000500000FF01001002B838B50546D4
S214022B481EF0A9FB0E4B04461868FDF74BFA35B182
S214022B58FFF79AFC2046BDE838401EF097BB094BA3
S214022B681B78002BF6D0084B1D78002DF2D1FFF704
S214022B788BFC2A464FF480400021FFF76DFCE9E7FC
S214022B887C570020CC660020CB6600202DE9F84F43
S214022B985A4B06460D4614461B6C002A40F0AB807C
S214022BA813F0A00F14BF4FF001094FF00009FCF70D
S214022BB809FDA0234FF0000ADFF85C810320C8F85D
S214022BC84030FDF7D9FF0420FDF7D6FF4C4FFFF73C
S214022BD85BFC4C4B4FF0040B7B67C7F878A0FFF7FB
S214022BE8E9FE494B4FF48071D3F8C82E42F0200212
S214022BF8C3F8C82EFF22C8F80820404A1161D3F845
S214022C08F02E42491140C3F8F01EC8F840B0C3F887
S214022C18D0AE7B6913F0060F04D0FEF75BFA58466F
S214022C28FDF7AAFFB9F1000F08D04FF40062384B3F
S214022C381A644FF40042A3F5E0339A6666B1354B40
S214022C48DB6C180701D4FFF785FBFFF747FF042064
S214022C58FDF792FFFFF750FB284B5A69D10748D574
S214022C68DA6812F0706FFBD12B4B2C4A1A642C4A86
S214022C78936E23F0F003936615B12046FFF75EFFC6
S214022C88284BD3F84C315A1C01D05B0002D50122DE
S214022C98214B5A616CB31F4BDA6E03F500539A66E2
S214022CA803F5D0331B6A1C4A23F00103D3611E4B7B
S214022CB8D3F80C1203F50053C3F8081203F50053B1
S214022CC8D3F8841003F5005399674FF03A43D3F8C4
S214022CD8181103F50053C3F81411144B996C03F535
S214022CE800535964124903F5803359664FF6084370
S214022CF81364BDE8F88F4FF0000958E7000002B8E1
S214022D0800C001B800000101003000B0DF0000FF7B
S214022D18001002B8004000B8002002B810003000C8
S214022D28003F00B00080E00F004001B800C000B8C5
S214022D385000002F9D4B2DE9F04F9F6EDB6E85B03D
S214022D481F409B4B9F664FF03A43D3F81451D3F873
S214022D5818311D40974BC3F81451974BD3F80822E5
S214022D68D3F80C3202EA0309944BC3F8089203F527
S214022D782043DA691B6A02EA0308914B08F47702D1
S214022D88DA61904BD3F80422D20605D4D3F804317C
S214022D98C3F30016DB0653D51EF07DFA8A4B5A6932
S214022DA85E6E1B6F12F0060F06EA0306874A26F0C7
S214022DB8007314BF4FF0010A4FF0000A23F40063B1
S214022DC87407536606D5824A92F891300133DBB20D
S214022DD882F891301EF05AFA002F00F0E48017F4B9
S214022DE8004300F0D5801EF056FA0146FFF79EFA19
S214022DF80446784BD3F800B0DBF80020DBF8003046
S214022E089A42FBD0DBF800209A42FBD0FFF78EFAF4
S214022E18A04217D108461EF039FA6F4B1C606F4B5A
S214022E28D3F840B01BF4E0520ED124F07F4424F0CD
S214022E38DF040CB9FFF7D6FD4FF0807B002414E0C0
S214022E48B246C9E70446D7E70192FFF7CBFD5C4BCB
S214022E58019A1BF480541A6440F09C801BF4806F1D
S214022E680CBF4FF0805B4FF0806BB80715D55B4AF6
S214022E785348126C02F460410164002900F08D8008
S214022E88110400F18D8012F4005F0CBF4FF000525F
S214022E984FF0006200244BEA020BC7F340377F006C
S214022EA84F4A2A40002A4BD015F4206F0AD040F623
S214022EB8A3120621002000F08FFE0020FFF73EFE38
S214022EC825F48025EB0506D5FF213D4A4BF4C06B59
S214022ED89160FFF73FFA15F0090F0BD040F6B812CB
S214022EE80821002000F078FEFFF7F8FD4FF03A427E
S214022EF80121516315F0106F0CD040F6C11209215A
S214022F08002000F069FEFFF7E9FD00221146104690
S214022F18FDF73CF815F4202F0AD040F6C91207210F
S214022F28002000F059FE0020FFF708FE25F4802551
S214022F38E80301D5FDF774F9002DB8BF47F0080776
S214022F4869070ED54FF03A42126B12F4005F4FF43F
S214022F58005217BF174923490A634BF4000B08BFF0
S214022F680A636A0548BF4BF0040B15F480230193E5
S214022F7800F0A480FDF70CF90138062834D8DFE8FB
S214022F8810F01A011D011A0120012301260126014B
S214022F989B4653E74FF0804B50E74FF0007279E7B5
S214022FA84FF0004276E7BB463C4679E7004000B859
S214022FB8006000B8002000BA004001B8006001B8FE
S214022FC8002002B800E100E000C001B800E001B845
S214022FD8003E00B060DB040070570020000002B814
S214022FE8090B0B89001000BA40F6FA1203210020DA
S214022FF800F0F2FD4FF03A400121D0F88C20D0F8CC
S214023008AC3002F00702063201FA02F2C3F30C0CE5
S214023018A2EB0C0292B2072A12D9774A126C530212
S2140230280ED4764BC26CC06E5B6D5BB102F00702C3
S21402303806329140C0F30C00091A89B2072901D852
S2140230484BF4007B6E4A1278002A37D04FF03A4289
S214023058D2F8142112F4A02F30D16A4A6A4912789B
S2140230689AB9F20411D40A787AB14FEADB026748B1
S21402307842EA447282F00102D0F8F00E02F001022F
S214023088520020FA02F2930718D10420FDF774FDC5
S2140230985F4A60485067FFF7F7F95B490A784AB90A
S2140230A85D4A127832B15D4A5D4912680BEA02023D
S2140230B80A4201D14BF4804B26F48056B9F1000F30
S2140230C81DD019F4805F18BF4BF4802B19F4807F4B
S2140230D818BF4BF4002B19F4005F18BF4BF0100B07
S2140230E819F4007F18BF4BF0200B19F4806F18BF35
S2140230F84BF0400B19F4006F18BF4BF0800BB8F179
S214023108000F3AD018F4802F18BF44F4007418F44D
S214023118803F18BF4BF4805B18F4801F18BF4BF42F
S214023128003B18F4001F18BF4BF0020B18F4003FC0
S21402313818BF4BF4801B18F4800F18BF44F0100415
S21402314818F4002F19D0314AD2F8C82E12F0C00F40
S21402315813D02949CA68C2F30362032A01D0072A90
S21402316805D14A6CD00602D48A6C110732D54FF4C0
S21402317800212C4A28F40028D161002E00F018817C
S214023188320540F18A802848DFF88490C2782749B9
S214023198002A51D04FF40063013AD2B24B66C2708D
S2140231A832B9234A1278C2B140F60141214A516720
S2140231B8002200216EE04BF4803B1BE74BF4006BC9
S2140231C818E74BF4806B15E74BF4807B12E74BF05D
S2140231D8080B0FE74BF4001BCFE7D9F8782012F458
S2140231E8A05F15BF4FF4807240F60142C9F8582016
S2140231F8C9F87820DCE700BF000002B8004000B833
S214023208CD660020CC660020CF660020003000B0D5
S21402321800C001B800000101CE660020A8140020F4
S214023228088D0100002002B8BE66002000E001B842
S214023238CA66002000D001B80320FDF79DFCD9F825
S2140232481420A34B12F0060F04BF41F61F72A149C1
S214023258A14808BF4A674FF400619E4A5166D9F8EA
S214023268142012F0060208BFC9F87820B3F88E2098
S21402327812F400615DD022F40062A3F88E20027870
S21402328802F0FF09002A58D1FDF724FFFFF7AAFB30
S2140232984A4620214BEA020B0C43B30009D52E20DE
S2140232A8FDF7B8FB4FF000518A4A44F0080411674C
S2140232B85166F00606D52B20FDF7ACFB1021854A91
S2140232C81167516616F0306F05D1F1045DD5BAF173
S2140232D8000F00F0A780320111D52920FDF79AFBCE
S2140232E8FFF7ACFA48B17D4A7D487A494A660267D2
S2140232F800F54050C068430422D444F0040416F093
S214023308007A28D00420FDF737FC2720FDF782FB39
S214023318FFF768FB4FF000716E4A5166714AD2F8A1
S214023328F01E490678D4704A0221916044F00204DD
S21402333828E002784FF40052ACE74FF4004238E730
S2140233480A6720204A66FDF765FB2D2044F00C0428
S214023358FDF760FBD3E716F0807FDFF8909146D042
S2140233680420FDF709FC2820FDF754FBD9F878203D
S214023378002A39D1FFF736FB564A584944F0010469
S214023388116751660021594A9165320405D5584A93
S214023398126890474BEA000B0C43730508D555494B
S2140233A88A78002A00F08E80013A8A700022174333
S2140233B83A4658462146FFF74FF8019B0BB1FCF7F1
S2140233C81DFF01224C4B05F00435C3F814514B4B34
S2140233D818F4002FC3F884211EBF4FF40022424B74
S2140233E8DA6105B0BDE8F08FC9F878A0C4E7F00442
S2140233F8C8D50420FDF7C0FB414AC9F87420FDF77A
S21402340869FED9F8642012F0407FBBD12A20FDF766
S21402341801FBFFF7E7FA81E7D2F8C82E930685D4B0
S214023428384A81E733490A7952B1013AD2B20A7167
S21402343812B92B4A3449516700224BEA020BA4E719
S2140234480420FDF799FB0320FDF796FB274A2C4933
S21402345851671DF020FF81460DF10F00FEF706F9B1
S2140234682A4A824612780AB1FEF774FFBAF1030FA7
S2140234780ED1DFF8A0A00020FEF7F8F8032807D13F
S214023488DAF82820D007F6D4DAF84420D103F2D4A2
S2140234989DF80F20032A06D101211D4A48461170BD
S2140234A81DF0F4FEC8E74FF03A42D2F8142112F49F
S2140234B8A02FF1D1FEF7E8FF48461DF0E7FE4FF4CD
S2140234C88042BAE70220FDF757FB01226FE700BFEA
S2140234D8003E00B000E001B8CA66002010000020D6
S2140234E800D001B8003000B0002002B800C001B811
S2140234F8986D0020BE660020002000BA00E100E0B9
S21402350800000101001002B80000010DD06600207C
S214023518CC660020000002B80122024B1A62DA6169
S214023528704700BF002002B8094A08B5D369116A75
S2140235380B40084923F47F00DB07C86106D5D1682B
S2140235484FF0FF30C1F3036119F051F908BD00BF0F
S214023558000002B8002002B80C4A08B5536C926CF8
S21402356813400B4A5364DB070FD50A4B40F66342F7
S2140235781878122100F0010000F02EFBBDE8084082
S214023588002201200021FEF767BF08BD00C000B870
S21402359800E000B8A814002070B5174D2C6C6B6CB0
S2140235A81C40164B24F00202E1071A6405D540F6C1
S2140235B8CA420020296800F00FFBA2071AD5022289
S2140235C80E4B1A646B68DBB2A3B9FDF71DFD044601
S2140235D80D460B4ED6F8F433DB060BD5FDF714FD75
S2140235E802460B4620462946FDF7B4FA652871F1CD
S2140235F80001EFD370BD00BF008002B800A002B879
S214023608000002B838B50B4C0B4DD4F88430DB07F3
S21402361806D4A36FD4F884201340084A936738BDAB
S214023628D5F804311A06F0D5FFF7B6FF8023C5F899
S2140236388431EAE7008001B800E100E000A001B8A2
S21402364870B514460D461DF026FE064BD3F8C86E16
S21402365874402C407440C3F8C84E1DF017FE06EAA4
S214023668050070BD003000B0034BD3F8C83E99433E
S2140236780CBF012000207047003000B02DE9F04151
S21402368817460A43012A1D469DF818409DF81C60F5
S214023698DDF8208029D8B44227D2082E25D8032B55
S2140236A823D8B8F1000F20D00A460021FBF7DAFE2D
S2140236B8FF21EB009940C943DFF834C008F1FF3810
S2140236C8FF00E2B2964202D80020BDE8F0813D191A
S2140236D80CEB8505D5F8F82018F8010F0A40984033
S2140236E81043C5F8F8000134EBE72120EDE700BFE8
S2140236F8003E00B01E4BD3F8C83E13F001001ED0A1
S2140237081C4B93F84C001C4A40F08073C2F8CC302D
S2140237184FF480131949C1F8B430A1F58051C1F8A5
S214023728B830D2F80C31DBB2FF2B1FD0984294BFC8
S2140237380020012040F61F623C2100F04DBA1A060E
S214023748E1D40F4A92F84B1121B1DB0602D592F862
S2140237584801D8E74FF480120020084B0649C3F800
S214023768B820C1F8CC00C3F8B42070470120E1E7BE
S214023778003000B0003F00B0004000B8006000B85B
S214023788003E00B0034B1868034B002808BF1846D3
S214023798704700BF785700203C1405002DE9F8430F
S2140237A8DFF860900646D9F8008008461746B8F152
S2140237B8000F03D00E242046BDE8F88306B333680C
S2140237C801331DD1E1B100F073F805460028F1D0A7
S2140237D8C9F8000000F092F8284619F061F8044685
S2140237E840B14046C9F8008000F088F8284619F02B
S2140237F852F8E0E73560002FDDD02846B847DAE70A
S2140238082124D8E77C570020024B1868003818BFD6
S214023818012070477C570020002108B5024B084655
S2140238285B689847002008BD846D0020431E03335A
S21402383806D8044B984228BF1846642838BF642026
S214023848704700BF40420F0038B505460C4641B1E6
S2140238580B6833B11B68013303D0CB680BB18B6896
S2140238684BB918F000FF00204FF4C172412100F056
S214023878B3F9212038BD0846FCF7A4FD00230A4AFE
S21402388885F83031C5E93743C2E9003363694BB17D
S214023898064A422110684FF4D272C31A5842584157
S2140238A800F09AF90020E5E7B069002008570020E2
S2140238B8F8B504461DF0EFFC002607460E4B1B68BB
S2140238C893B19E68AEB196F82420D20711D4354635
S2140238D80FCC0FC50FCC0FC523682B6096F8243083
S2140238E843F0010386F8243038461DF0CFFC3046F4
S2140238F8F8BD1B68E4E700BFC06D002010B504469B
S21402390818B9054B054A136010BDFAF727FED4F816
S214023918E830002BF6D1F4E787C80300BC6D002018
S214023928014B1868704700BFB069002008B5024608
S2140239380868FFF77BFF08604868FFF777FF48606C
S2140239488868FFF773FF8860C868FFF76FFF0B6920
S214023958C860581C03D00B48834228BF03460B6135
S2140239684B69581C03D00748834228BF0346886918
S2140239784B61FFF75BFFBDE8084088611046FBF71E
S21402398897BD00BF40420F00D0F8E0302DE9F04165
S21402399805460C4613B1838D8B424CD0D5F8DC30E5
S2140239A8002B4BD09E68002E48D0D868002845D0F9
S2140239B8013800B200281ADB002106E0128A591CD8
S2140239C8A24217D209B2884211DB0B1803EBD37353
S2140239D85B1003EBC30206EB8202B2F80EC003F1D9
S2140239E8FF3EA445EAD90FFA8EF08842EDDA212086
S2140239F8BDE8F0814FF6FF7299B29142F7D09BB2BA
S214023A0803EBC30306EB83062846B6F9122095F89D
S214023A182411D5F8F080E9F72DFC0746B8F1000F17
S214023A2804D00023324628461946C047AC85C5F856
S214023A38E06085F82D710020BDE8F0810E20BDE813
S214023A48F08100BF2DE9F04782B004460F461646BD
S214023A58FBF796FF00285ED1454D2B68D4F8DCA00C
S214023A68D4F8E0800BB1534562D04FF00009AF603E
S214023A78FBF7D0FF0128074651D12B68DAF8001069
S214023A88D8F8002013B1186888425CD0204618F08F
S214023A98F6FCC5E900A8D4F8F0508DF80760002DAA
S214023AA858D00022204611460DF10703A8472046A3
S214023AB8FBF728F90546B9F1000F0FD076B9D4F806
S214023AC888300BBB012F05D025B12A4B00210320D5
S214023AD85B689847284602B0BDE8F087B5FA85F0D5
S214023AE840F207523321400900F076F83146204664
S214023AF8FBF70EFB204B05461B68414620469847B7
S214023B08D4F88830002BDDD000224FF4007320460C
S214023B18FAF734FDD6E70023154D6B609DE70021C2
S214023B280120FAF763FDFBF775FF0128FBD1A4E72E
S214023B386B68002B99D0434597D1AB689F4215D046
S214023B484FF0010993E7696811B109689142A0D05C
S214023B5859689BE794F8281094F82D313246994212
S214023B6828BF19462046FBF71FF8A0E70025B1E74D
S214023B78B0690020846D0020BC6D0020F8B50E46A2
S214023B8805461DF088FB314607462846FFF7FCFE29
S214023B98044620B138461DF079FB2046F8BDFBF7EF
S214023BA8D1FE224631462846FFF74CFF04463846E1
S214023BB81DF06CFB2046F8BD38B5044D044C054B89
S214023BC8286021601A601CF0BBFF38BD80570020B1
S214023BD8C46D00208457002010B550B90548064B1E
S214023BE80160064802601868054B18601868FFF7F7
S214023BF8E3FF10BDC46D00207C57002084570020C8
S214023C088057002010B51DF046FB084B04461B687B
S214023C183BB1984728B1002200204FF48061FEF796
S214023C281BFC2046BDE810401DF030BB885700201C
S214023C380023F0B585B0CDE901330393124B134D3B
S214023C481B78134E8DF804301DF032FB2A78337831
S214023C5804469A420F4F0CD03178386801AA297068
S214023C6818F0FAFD50B140F608210B481DF0A7FBE4
S214023C7804E0386818F0D0FD0128EDD020461DF083
S214023C8812FB05B0F0BD00BFC4700020F87000201B
S214023C98F9700020A457002097B10400F8B52B4B02
S214023CA81B7823B140F6FC3129481DF088FB1DF02D
S214023CB8FFFA284B07461C8814F0060409D001218F
S214023CC84FF480701CF0A8FA3846BDE8F8401DF09C
S214023CD8EABA21464FF480701CF09EFA204600F09D
S214023CE8ABFF022808D180221B4B8021186818F0E7
S214023CF84FF9FFF79DFFE7E7204600F09DFF0546D0
S214023D0838B1012807D040F6314111481DF057FB5B
S214023D18DAE70246E8E7FF220F4E104B30681A70C1
S214023D28FFF77AFD306818F077FD0128CCD02A46CE
S214023D382946306818F072FD21462C201CF098FAA5
S214023D4821460A201CF094FABEE700BFD666002079
S214023D5897B10400725F0020A4570020F870002074
S214023D68002101481DF09EB8186E00207F2837B53E
S214023D78044610D14FF6FF73022217480DF10601CA
S214023D88ADF80630EBF798F9BDF80640E2054CBFE9
S214023D986FF04A0464B21DF08BFA104B05461C708D
S214023DA80F4B1B88DB0710D50E4B1B78002B0E4BD0
S214023DB80CBF21466FF07F01186818F017F920B17A
S214023DC840F6786109481DF0FAFA284603B0BDE8BD
S214023DD830401DF068BA00BF641002C0F0700020C0
S214023DE8725F0020D7660020A457002097B104000F
S214023DF810B513F064FE60B113F063FE0B4A80B18F
S214023E0841F20D03BDE8104041F20D0107481CF0CF
S214023E1855BB074B1A781B799A4204D10022002315
S214023E28F0E70D23EEE7034AF9E700BF400D03006B
S214023E38C4700020488D0100F8B5164E0D4633783A
S214023E4802F0010423B140F2C53113481DF0B7FA57
S214023E58124B134F1D60134DA4B1134B997801B141
S214023E68012120201CF0D8F92B783B700F4B1C78C8
S214023E780F4B00211C70042333700E48BDE8F8402F
S214023E881DF010B8214620201CF0C6F92B783B708E
S214023E98EEE700BFD666002097B1040094570020CC
S214023EA8D3660020FA70002098570020D4660020B7
S214023EB8D5660020186E00202DE9F8431DF0F8F9A3
S214023EC8DFF8A0810546B8F80030614C13F4807F0D
S214023ED803D0237873BBFFF7E1FE002108461CF0E7
S214023EE8C7F95C4B1A78FF2A13D01A7802F0FF0635
S214023EF832BBFF221A702378052B0AD100232846E4
S214023F0823701DF0D0F9304618F00FFE1DF0D0F9D8
S214023F1805462378504E062B09D13378FF2B06D058
S214023F283378022B15D100214C481CF0BBFFFF2327
S214023F3833702BE000214FF480701CF06DF9CCE74B
S214023F481A78012A4FF0FF0214BF33264C261A703D
S214023F58D4E7337813B13378012B22D11CF0FCF95D
S214023F6807463E4896F8009001F0DCFBFF235FFA0E
S214023F7889F9337077B1B9F1010F44D16421374812
S214023F8884F800901CF08EFFFFF752FE28461DF0BC
S214023F988AF906E0284627701DF085F9384618F093
S214023FA8C4FDB8F800301B0605D5002180201CF099
S214023FB833F916F091FF01F0F1FA294E308000B37A
S214023FC82778012F42D11CF081FE054610B3013036
S214023FD81DF0D3FA00F44060B0F5006F1AD104223F
S214023FE8394628461CF0B2FD28441DF0C6FA4FF69C
S214023FF8FF7398420ED10020318800F0FFFC0023A0
S2140240083380BDE8F8830023284623701DF04BF959
S2140240183F20C4E7114801F085FB002108462170BD
S214024028012500F09DFC23780BB9FFF737FE002028
S214024038318800F0E3FC00233380002DE1D020789D
S2140240480028DED1BDE8F84318F0BABE0025EAE734
S214024058D6660020F7700020F6700020186E002042
S214024068705F0020725F002008B513460A4619469C
S214024078064B186818F047F830B1BDE8084040F219
S214024088F44103481DF09BB908BD00BFA4570020A1
S21402409897B1040008B513460A461946064B18682F
S2140240A818F02BF830B1BDE8084040F2FB4103484F
S2140240B81DF085B908BD00BFA457002097B10400BB
S2140240C8024B1878431E584258417047D66600205D
S2140240D808B5064B1B7823B140F2255104481DF05B
S2140240E86EF9FFF7DBFD002008BD00BFD66600208C
S2140240F897B1040008B5054B01EB81011868490021
S21402410817F076FF002818BF212008BDA457002004
S21402411808B5044B1868F9F7B1FE0A2390FBF3F0CA
S21402412840B208BDA4570020014B1878704700BF5C
S214024138F970002008B5044B186818F00DFCB0FAA0
S21402414880F0400908BD00BFA457002038B5124DBC
S2140241580C462B78012B04D940F246510F481DF025
S2140241682EF921460020FFF7E5FF90B10C4B1C7094
S2140241782B785BB9FFF792FD0A4B93F900100A4BAE
S214024188C901186818F051FC002038BDFFF750FD29
S214024198F2E72120F9E700BFD666002097B10400AF
S2140241A8F9700020D8660020A457002008B5074BEF
S2140241B8186818F0CFFB30B1054BB3FBF0F083B2AA
S2140241C80BB1184608BD0120FCE700BFA457002023
S2140241D840420F002DE9F3475C4E01201DF0ECF833
S2140241E83388990704D440F63F4159481DF0E7F84A
S2140241F8DFF8808198F80030053B012B04D940F699
S214024208414153481DF0DBF8524F3B6823B940F64C
S21402421844414F481DF0D3F8348814F0200478D06F
S214024228012122201CF024F84FF47A74FFF7BEFF0F
S2140242383B681B780933434304EBC30498F8003001
S214024248A5B2062B0BD11CF04FFC0446FFF7AEFFB7
S214024258602358430C2303FB0400284485B2D7F88E
S21402426800903D4B99F800801C7808F1FF381FFA39
S21402427888F8002C52D133885A0505D409F1010072
S2140242881DF07BF9C0F340143449354A8878127811
S2140242984B7812FB00F2334F93423B70A4BF9B1A33
S2140242A83B703B78CA78BD60934238BF13463B7072
S2140242B813F00DFC002833D013F007FC012814BFB6
S2140242C81025082525430023DFF8ACA0009380229A
S2140242D843464946DAF8000017F0BCFE20B14FF410
S2140242E83B611B481DF06BF81F4BDAF80000197883
S2140242F81E4B197033889B0614D52A461C4B00970A
S21402430818F0A8FAC0B9002002B0BDE8F0471DF0C0
S21402431853B8214622201BF0ABFF87E70024B3E7F9
S2140243282546D0E72A460F4B18F092FA014618B9E6
S21402433825201BF09DFFE6E7214626201BF098FF66
S21402434840F6F43102481DF03AF8DCE7725F0020C6
S21402435897B1040094570020D9660020C470002044
S214024368D3660020C86D0020F9700020F87000207F
S21402437898570020D6660020A4570020184B10B580
S2140243881B889B0704D440F6A66116481DF017F84A
S214024398154B1B78053B012B04D940F6A76111483B
S2140243A81DF00DF8114B1B6823B940F6A9610D489C
S2140243B81DF005F800240E4B0E4921201C701BF038
S2140243C857FF014618B9BDE81040FFF703BF022899
S2140243D804D12046BDE810401BF0E0BF10BD00BF68
S2140243E8725F002097B10400D6660020945700201A
S2140243F8D16600209D450200F8B55A4C23889A07D4
S21402440804D54FF43E7158481CF0D9FF574801F0BE
S21402441889F91CF04DFF238805465B070DD54FF03A
S214024428FF3017F05EFE524B1B68C01AB0F5717F5C
S21402443803D9002104201BF0EFFE28464D4D1CF040
S21402444832FF2B78042B32D11CF032FF2388064623
S2140244585F0708D5454800211CF024FD3046BDE814
S214024468F8401CF020BF1CF01EFF1CF021FF424B38
S21402447806461B78414F13B9238859050FD50523DD
S214024488012102202B701BF0C7FEFFF777FF30468C
S2140244981CF009FF3B68DA78394B1A70F8BD3868A1
S2140244A801301DF06AF88206E9D50623E8E7062BEE
S2140244B84DD1344B1B78FF2BF0D1334E13F009FB4A
S2140244C83378002B3DD01CF0F3FE238805465B07A5
S2140244D805D5264800211CF0E5FC2846BFE71CF057
S2140244E8E2FE3378013B33701CF0E2FE04460121FB
S2140244F802201BF091FEFFF741FF20461F4C1CF0DE
S214024508D2FE206801301DF038F800F44060B0F59D
S214024518006F13D124680121042220461CF016FBE2
S21402452820441DF02AF80146184B04201A783378DE
S214024538D21AD2B2BDE8F8401CF0E8BF4FF6FF71B7
S214024548F2E740202B70BDE8F84018F0EEBA012BCF
S214024558A4D100232B700E4B1868FFF75DF93F2095
S214024568F1E700BF725F002097B10400186E0020C2
S21402457890570020D6660020D9660020945700205F
S214024588D2660020F6700020D3660020FA7000205B
S214024598A457002008B50A4B1A7882B901221028B7
S2140245A81A7004D040F69D6106481CF008FF0021E8
S2140245B820201BF031FEBDE80840FFF70BBE08BD01
S2140245C8D166002097B1040008B5094B1B88DB06A4
S2140245D804D440F2C35107481CF0F1FE1020002113
S2140245E81BF01AFE044B1868BDE8084018F029B9F3
S2140245F8725F002097B10400A4570020012208B574
S214024608074B1146186818F009F900212C201BF0F0
S2140246182FFEBDE8084000210A201BF029BE00BF75
S214024628A4570020014B4008185C7047F27000201F
S21402463808B513460A461946064B186817F069FD68
S21402464830B1BDE8084040F6E94103481CF0B7BE61
S21402465808BD00BFA457002097B1040008B5044B54
S214024668186818F0D9F8013818BF012008BD00BF2D
S214024678A4570020054B10B54C0022460146186880
S21402468817F0A4FC031B5842584110BDA45700203B
S21402469870B505461CF00CFE0E4B0F4E1B880446E2
S2140246A8DA07357008D50D4B0D4D1B78012B08D946
S2140246B80121286818F032FA2046BDE870401CF03E
S2140246C8F2BD1BB113F0F9F9C305F1D4317881F0C4
S2140246D80101EEE7725F0020F1700020D766002025
S2140246E8A45700200C4B10B51B880446DB0711D5CF
S2140246F8FFF77EFB094B84F0010208211868D200F6
S21402470817F046FC30B1BDE8104040F63671044852
S2140247181CF055BE10BD00BF725F0020A4570020D3
S21402472897B1040008B5044B0146186817F0FCFC5C
S214024738003818BF012008BDA457002010B50A4C3F
S21402474823787BB1FFF75AFF002104201BF064FD93
S214024758002102201BF060FD00232370BDE81040F4
S214024768FFF79CBA10BD00BFD666002038B50948C8
S21402477800F0E8FC0024084D95F84430E0B2834285
S21402478800D838BD05EBC000043000F0DBFC01346D
S214024798F2E700BF48580020A857002008B5104680
S2140247A802494822F9F7B0F8002008BD0058002050
S2140247B808B505481CF077FF014620B9BDE8084051
S2140247C801481CF06FBB08BD386E0020002238B5C1
S2140247D81C4B15461C461A700132082A5D609D80DD
S2140247E843F8085FF8D1482200211748F8F7FCFE7C
S2140247F84FF6FE73A4F868306FF48033E365134B04
S21402480800211A88124B1868F8F7EEFE114BC4E915
S2140248181255C4E9283584F8445084F85050656522
S21402482884F8A850E9F792FFFF220B4B0121187073
S2140248380A4B00201A70E2F747F90020FFF7B8FF84
S214024848002038BDA85700200058002064700020B9
S214024858F06C00200000FFFFDA6600202F670020B9
S21402486810B5AC24084B04FB0030836C53B990F89F
S21402487850403CB931B1C0E912122046FFF798FF02
S214024888204610BD2120FCE7A8570020AC2370B5AF
S21402489803FB00F5094E731993F850405CB920469D
S2140248A810F0AAFC735D204643F002037355FFF727
S2140248B87FFF204670BD0120FCE700BFA8570020F6
S2140248C8AC235843024A135C23F00303135470477D
S2140248D8A857002070B516461F4A04461278C2BB6F
S2140248E8AC211E4D01FB00518A6C92BB91F85020F8
S2140248F83AB1022B2DD191F84410072907D91C206A
S21402490826E091F844100729F9D8012B08D0AC20E4
S21402491800FB0450CA00011D0C30F8F7B7FE002150
S214024928AC2303FB04F000249DF8143000EBC1010D
S2140249382944CB71049B8E808B602B1893F84420F5
S214024948204601328C7183F84420FFF731FF204657
S21402495870BD0120FCE700BFD9660020A8570020DA
S214024968F8B5234B04461B780F46002B3ED1AC23E2
S214024978204D03FB0053B3F8A03023B940F245316B
S2140249881D481CF01CFDAC2202FB0452D2F8A4609F
S21402499836B192F8A33039460020B2F8A020B047C4
S2140249A8AC2300216343EA18A2F8A010C2F8A410A8
S2140249B8482192F8A82001FB02322A44D2F898200D
S2140249C8964213D0EB5C9B070CD5AC226243AB5CD9
S2140249D8204623F0020343F00103AB54BDE8F84037
S2140249E8FFF7E6BE10F02AFC0028EED1F8BD00BF9D
S2140249F8D9660020A8570020EEB104002DE9F04F32
S214024A0889B0059008460D461CF060F9044618B9A8
S214024A18212009B0BDE8F08F28461CF073F9C0B211
S214024A280838215C221892F802A00491D1785268BC
S214024A38277803920022B4F80130ADF81E20434AC4
S214024A48029192F800B0BBF1000F08D0404B1B68E9
S214024A581BB120464FFA8AF298470020D9E703F09E
S214024A680703022B70D001340922594620461CF04F
S214024A786DF8023F3F1A3B0606465FFA87F8C7D428
S214024A88344FD7F89090B9F1000F27D100210DF1D5
S214024A981E0B434622460846CDF800B010F0E4FA4C
S214024AA8C3B20546002B4BD1BDF81E0018F081F89C
S214024AB8E0B9BDF81E0018F078F98146BDF81E0068
S214024AC818F077F8F0B906EB080201232146584693
S214024AD892B200F07BFDD0B119209AE75B465A469F
S214024AE801212846C8470028D0D191E7D7F8943044
S214024AF8BDF81E00002BDCD0A11998470028D8D193
S214024B08022086E742464846A119F8F7FDFEBDF898
S214024B181E001CF0DBF8029B059A0372049B80F8C1
S214024B2809A08372039B1BBAC360AC2303FB027300
S214024B3893F85020BDF81E0022B1DB6C03B19847EB
S214024B48E8B266E7BB6FF9E7012062E7D96600209C
S214024B588C570020A85700202DE9F84308460F4630
S214024B68164602F1010918F025F98046384618F06B
S214024B7819F8042856D1384618F038F848F6610568
S214024B884FF6FF7248F64103294C904208BF1D466D
S214024B98B4F85C10301D1CF0F2FC384618F026F803
S214024BA80146B01D1CF0EBFCB4F85E1006F10800D6
S214024BB81CF0E5FC06F10A0438460DF067FF10B152
S214024BC845F01005ADB2294648461CF0D8FC3846D2
S214024BD818F0EBF8424601462046F8F795FE3846A6
S214024BE801211CF0ABF84444074660B11CF08AF871
S214024BF8054638461CF06AF8EDB201462A462046B3
S214024C08F8F782FE2C440B4AA41B13780134591C6D
S214024C181170F37034703046BDE8F843092201215A
S214024C281BF094BF48461CF0A8FC4C460546C3E752
S214024C38A8570020DA660020AC2210B54824504354
S214024C48094B1A1892F8A81004FB0100034493F8BB
S214024C587700022806D092F850301BB9032818BFEE
S214024C68012010BD0020FCE7A857002070B508B147
S214024C78012070BD234C94F8A850002DF8D129467F
S214024C88B4F85C20FFF706FA29462846B4F85E20F0
S214024C98FFF7EAF92946284604F16002FFF7C8FC3E
S214024CA894F87730002BE3D0284694F85860FFF73C
S214024CB83BFA864215D1002094F95A50FFF728FA93
S214024CC8854216D10020FFF7B7FF044600201BF0E6
S214024CD8F3FE0028CDD02146BDE870400020FFF73D
S214024CE8F7B9284694F85810FFF730FA0028E2D0A9
S214024CF8BFE7002094F95A10FFF7FCF90028E1D024
S214024D08B7E700BFA85700200346AC2010B51446E4
S214024D18164A00FB032292F8770002280CD1E07F9D
S214024D28022809D141B112490978012913D992F802
S214024D385810227891420ED118462178FFF7FAF9D0
S214024D4890B1482221460B48F8F7DEFD00201BF0FA
S214024D58B3FE08B9002010BD044B93F8A80000283B
S214024D68F8D1FFF783FFF5E72120F4E7A8570020DC
S214024D78CA7000200058002038B5AC230D4C0546F2
S214024D8803FB004300205A6DD86483F8500012B122
S214024D985865FFF719FCF5F7C1FBFF281EBFAC23C1
S214024DA803FB054484F8A8000020FFF75FFF0020F5
S214024DB838BD00BFA85700207FB51D4C94F8A83010
S214024DC823B1002084F8A800FFF750FF94F85A3061
S214024DD8B4F8A0608DF80F3026B940F2FD211548C8
S214024DE81CF0EDFA144B31461D6800202A46FFF7E0
S214024DF8B3FEE46F02469CB10DF10F030193002344
S214024E08294630460093A04702462C7854B92046D5
S214024E182146FFF7A5FD2046FFF7CAFC04B070BD81
S214024E280122F2E729460020FFF706F8F6E700BF58
S214024E38A8570020EEB10400F06C002038B5494BA4
S214024E481C78002C58D1484800F06CFC20461BF011
S214024E5833FE002850D0454C2378D90733D594F82A
S214024E6850201AB123F00303237045E023F0010310
S214024E78237010F0CBF9237805469A0701D510F06F
S214024E88BBF9294600200FF053FF40B9237828467D
S214024E9843F001032370BDE8384010F0ADB9002393
S214024EA8482284F8A33094F8A83084F8A25002FB6B
S214024EB80343D3F89830A4F8A000C4F8A430BDE899
S214024EC83840FFF779BF94F84400B0B104F1A00364
S214024ED8251D95E8030083E80300FFF76DFF94F8A5
S214024EE844202846D20004F10C01F8F7CFFB94F8C8
S214024EF84430013B84F8443038BDA26C62B99B0743
S214024F0811D52378002023F0020343F0010323700F
S214024F18BDE83840FFF74CBC0123A06484F8503043
S214024F28904723789EE710F089F90028E9D194F88B
S214024F38A83073B1F5F7F2FA94F85030002BDBD1AB
S214024F48FF2818BF84F8A800BDE838400020FFF7FD
S214024F588DBED4F88C30002BECD098470028CBD1E5
S214024F68E8E700BFD9660020386E0020A857002060
S214024F7870B5044600201BF09FFDAC235C430B4E25
S214024F88351995F850300BB1002070BD0028FBD0BB
S214024F9807481CF088FB0028F6D1335D002BF3D1B6
S214024FA895F84400B0FA80F04009EEE7A8570020CA
S214024FB8386E002010B5084A034617F009FF146831
S214024FC84FF6FF7203EB40039C42184603D901884A
S214024FD802339142F8D010BD645800202DE9F047FC
S214024FE8204F05463B88A3B3B0F90230002B30DBCE
S214024FF8DFF87C801C49D8F80000F8F74BFD20B98A
S2140250084FF4EA7119481CF0DAF90026DFF85CA0BA
S214025018DFF860903A88B3B29A4204D84FF4EB713C
S21402502850461CF0CCF9D9F80030B2B253F8320028
S214025038D8F8001003EBC20468B943F83210A38804
S21402504828460133A38017F0C3FEE38803EB400328
S214025058E380BDE8F087F8F71DFD01360028D9D1B0
S214025068EDE700BF745F0020BBB10400C5B10400C1
S214025078586E00205858002038B5094C094D226849
S2140250882B689A4204D94FF4877107481CF097F99F
S21402509828682368C01A20F0010080B238BD00BF15
S2140250A8645800206C580020C5B1040038B5124C6C
S2140250B8124D21462846F5F7B7F823680BB12B6838
S2140250C81BB9DE210E481CF07AF92A680D4B0E49E8
S2140250D81A60236823F0010313440B600B4B1A6013
S2140250E82AB9BDE83840F82105481CF068B9FFF728
S2140250F8C3FF6428F5D938BD5C58002060580020E4
S214025108C5B10400685800206C5800206458002076
S21402511838B5094C094D22682B689A4204D34FF4D5
S2140251288A7107481CF04BF928682368C01A20F0D1
S214025138010080B238BD00BF685800206C580020B5
S214025148C5B104002DE9F0411D4B04461B78012B1E
S21402515824D100881BF09CFD0546D8B10426DFF84A
S21402516864802C461CF0A4F807462046FFF736FF54
S214025178638843EA08036380A05B1BF089FD044644
S21402518838461CF090F81CB1B4F90230002BE9DA64
S214025198062E01D1BDE8F0810626E2E7022BF9D1F8
S2140251A81CF086F8024620881BF072FD18B10388A8
S2140251B8C3F30E0323801046BDE8F0411CF073B813
S2140251C8DB6600200080FFFF2DE9F04F0024BA4B73
S2140251D897B006461C801CF06BF80123DFF8EC82B9
S2140251E8B64F3B70B8F80030A8F80040ADF8163055
S2140251F8B34B1B6801931CF056F8B24B21461A882B
S214025208B14BD2001868F8F7EFF90DF11600FFF760
S21402521899FF002E3CD1DFF8B8924FF0000B01251B
S214025228D9F80040019B9C4239D3BBF1000F39D113
S214025238002DF2D0D9F80040DFF898A2254622467B
S214025248019B9A4273D302230DF116003B70FFF7B7
S21402525879FF002E40F08F80D9F800603246AA42C5
S21402526880F0A28090881BF013FD18B10388C3F360
S2140252780E039380D0881BF00BFD18B10388C3F386
S2140252880E03D3801046FFF795FE0246E7E79847D7
S214025298E3B256F823300134002BF8D1BBE7BBF152
S2140252A8000F3ED00BF1FF335FFA83FB16AB03EB1E
S2140252B88B0252F8402CB2F9020051880028B1DA63
S2140252C84B04AFD4924641F48040931D2AF8020F4D
S2140252D802933AF8020F1BF0DBFCF0B1B0F902E0D9
S2140252E8B0F802C0BEF1000F17DB6FEA4C4C6FEA4B
S2140252F85C4CA0F802C00390FFF770FEBBF10F0FDC
S2140253088FBF002516AB039A03EB8B009EBF0BF1EB
S214025318010340F8402C5FFA83FB029B9A45D8D1DA
S21402532880E72046FFF746FE22460446C3E71046B5
S21402533817F04EFD8346B2F90200118800280AEAE1
S214025348010108DA20461BF099FC084381B204EBF7
S2140253584B0402EB4B0510461180FFF72BFE024664
S2140253686EE798475FFA8AF356F823300AF1010A7D
S214025378002BF6D170E74FF0000AF3E73046FFF746
S21402538819FE82467EB1B6F902307188002B0ADA17
S2140253983088C0F30E001BF07BFC864203462DD1F4
S2140253A8C1F30D0171805646AE42E7D3DFF81CA161
S2140253B81BF07EFF00210646504617F06CFD1BF0D8
S2140253C867FC0546002800F0878030461BF06BFF16
S2140253D8284617F0FDFC064620461BF04FFC814681
S2140253E87600324629462046F8F750F90022494602
S2140253F80DF116001CF02FF93444D9E71BD93046B4
S21402540817F0E6FCC1F30D014200718018463146DA
S21402541892B2F8F73BF9C6E75046FFF7CBFDD146FE
S214025428854203D9B0F90230002B01DA824603E03E
S214025438FFF7C0FDF4E7B146554507D9BAF80000AC
S214025448C0F30E001BF024FC8245E5D3B9F1000F29
S21402545830D0B9F80000C0F30E001BF019FC034662
S21402546838B93346CB46994513D8B1459BD0D94669
S214025478ECE7484617F0ACFCB9F802204946C2F3F6
S2140254880D02A9F80220420092B21846F8F7FEF872
S214025498E7E718460193FFF78DFD019B9B46854279
S2140254A803D9B0F90230002B01DA0346DBE7FFF72F
S2140254B881FDF4E7CB46DAE7765F0020DB6600205C
S2140254C864580020745F002058580020785F002037
S2140254D8685800200080FFFFBDF816303870A8F81C
S2140254E80030044B30461C601BF0DDFE17B0BDE8EA
S2140254F8F08F00BF645800202DE9F04105461BF0E6
S214025508C7FB0F460446D8B11CF08FF820B940F204
S214025518FB4120481BF053FF28461BF0F3FB0546C9
S2140255282046FFF747FDBD42064609D004D840F29A
S214025538035118481BF043FF2588ED0B02D027813C
S214025548BDE8F0816780204617F042FC074604EB68
S21402555840081BF0ADFE104B1A68B2420AD1C3F8D7
S21402556800801BF0A0FE2A464046BDE8F041FF2117
S214025578F8F73AB8A6EB0806B5B21BF094FE072D64
S214025588F1D90023083D44F81730C8F80430A8F8C3
S2140255980250D5E7C5B104006458002038B51BF0A0
S2140255A887FE00210546044817F075FC044628467F
S2140255B81BF079FE204638BD785F0020024B18881B
S2140255C8B0FA80F040097047785F00202DE9F74F5F
S2140255D8044600881F461BF05BFB884615460646AF
S2140255E81CF023F820B940F2FE613F481BF0E7FEA4
S2140255F83388DB0B009306D033892B443381002093
S21402560803B0BDE8F08F20881BF07CFB824630464C
S214025618FFF7D0FC01901BF04BFEDFF8D0B0019BE1
S214025628DBF8002081469A421DD1FFF725FDA842E5
S21402563804D248461BF037FE1A20E1E70AEB0503B8
S21402564873803FB120881BF041FB2A4641465044EE
S214025658F8F75AF93046FFF7ADFCCBF80000484693
S2140256681BF021FECBE71BF01EFE20881BF04AFB30
S2140256782844009980B21BF09DFB06460028DBD022
S2140256881BF024FB814620881BF020FB82462088DC
S2140256981BF038FB514602464846F8F735F93046BD
S2140256A8AFB11BF013FB074620881BF02BFB2A46DC
S2140256B841463844F8F728F9012120881BF03EFBBA
S2140256C80121024630461BF04DFB268097E71BF069
S2140256D8FDFA804620881BF015FB2A4639464044C8
S2140256E8F7F782FFE8E700BFC5B104006458002058
S2140256F8342101481BF063BED9B10400036910B512
S2140257085BB18268064B9A4201D1002010BD4469FB
S2140257181BF04EFE201AF9D5F7E74FF0FF30F5E7F3
S214025728F956020082681C4B70B59A420446056810
S21402573819D11BF0BDFD236923B1A34206D100226D
S2140257482A601A61BDE870401BF0ADBD1A461146C4
S2140257581269A242FBD12A68A24208BF29600B61DD
S21402576800232361EEE7036993B198426E6803D17A
S2140257789D210A481BF023FE2B46B44209D1226912
S2140257889D4218BF1A614FF0000308BF6A60236182
S21402579870BD33463669F0E7F9560200D9B10400FF
S2140257A82DE9F047074600254FF0010A154EDFF8A7
S2140257B858808AB0347914B90AB0BDE8F087D6F8AA
S2140257C8009087B900972A46B8F80010234603A81F
S2140257D81BF0D8FF2246484603A9E9F799FC254458
S2140257E8EDB20836E6E7224603A94846E9F764FC1E
S2140257F8CDF800A023462A46B8F8001003A81BF0E6
S214025808C1FFECE7741405007A5F00200148FFF731
S21402581899BC00BF7A5F00209C46174BF7B5054631
S21402582808461988164611B1144B1C78CCB10146A5
S21402583862463046BDB103B0BDE8F040E9F73CBC6D
S2140258481C44E4B208373B79002BF0D03A689642FB
S214025858F6D185F00105224600951BF093FF03B0AA
S214025868F0BD074FEFE7E9F753FCB0B203B0BDE867
S214025878F04015F035BB00BF7A5F0020FB700020B1
S2140258887414050010B5074C238843B10020FFF7AF
S21402589887FF0020FF22044B20801A7010BD0220CA
S2140258A8FCE700BF7A5F0020FB700020142810B5C2
S2140258B818D8082805D115F08CFBC401E4B2204696
S2140258C810BD0E2802D115F087FBF6E7064B53F8F3
S2140258D82040002CF3D00A282478F0D107F0C2FB27
S2140258E80443EBE7FF24EAE7C4140500014BB3F8C8
S2140258F868007047A85700200048704712580020D2
S214025908014B1878704700BF4F660020014B187885
S214025918704700BF52660020014B1870704700BFE0
S21402592852660020204B022810B5204C187002D070
S2140259380438012822D82378042B0BD000211C48CF
S2140259481BF0B0FA2378033B012B03D90021194830
S2140259581BF0A8FA184B1B689A0022D513F0805F32
S21402596840F6114418BF4FF44164204615F0E6FE8F
S214025978C8B92046BDE8104015F0B0BA0C48FFF783
S214025988D1FE0C48FFF7CEFE17F0FEFC2378033B49
S214025998012B03D815F0CCFE1624E6E70DF0BAFF65
S2140259A8FAE71524E1E710BD566600205766002080
S2140259B87C6E00205C4A0020F04A0020024B1878D1
S2140259C800F00F00704700BF56660020034B187899
S2140259D800F00F00831E5842584170475666002052
S2140259E808B517F0BCFCC0B117F0D2FCA8B10FF08E
S2140259F81BFD90B90A4817F005FA70B1094817F066
S214025A0801FA50B115F0EDFA38B115F099FE20B941
S214025A18BDE80840044817F0B8BA002008BD00BF21
S214025A287C5F0020B05F00207058002030B5054625
S214025A380C4693B081B910B9002013B030BD1023BC
S214025A48214A69460120FFF7E7FE9DF805305A1EEF
S214025A58052A28D91720F0E7182200212046F7F74A
S214025A68C3FD002DEBD1FFF7B1FF30B315F061F996
S214025A786A4601460020FEF791FEBDF8043020462D
S214025A8823819DF80230A3729DF80030E37217F066
S214025A9844FE002304F11401237304F1100004F0F9
S214025AA8F7FDE081C8E7094A9DF80410127891428A
S214025AB8D0D12B70002CD6D1BEE7054B1B78033B02
S214025AC8022BD3D9C6E700BF64EE0100D1700020CE
S214025AD85666002030B593B005460C46FFF776FFAB
S214025AE820B90C4B1B78033B022B10D815F021F972
S214025AF86A4601462846FEF751FE00209DF8023007
S214025B08607023709DF80030A37013B030BD172064
S214025B18FBE700BF56660020054B1878012805D01B
S214025B2800F0FD00A0F1310358425841704700BF0B
S214025B38566600202DE9F3410E46002105461BF065
S214025B4884FD0023124FADF806002B800DF10600E7
S214025B5817F058F9044610B102B0BDE8F0812146A4
S214025B680DF1060017F097F980461BF0AFF8438A46
S214025B78B34207D99B1B43822246414628461BF05E
S214025B886AFDE3E743895B07E0D53B88F3E700BF96
S214025B986670002008B50A48FFF7C4FD09484FF4A6
S214025BA87A71FFF7C7FF074817F02CF930B9BDE836
S214025BB808404FF47A7102481BF074B908BD00BF5A
S214025BC85C6E0020747000201FB50146002201A8F2
S214025BD81BF038FA064801A91BF09AFD20B11BF003
S214025BE875F84089C0F3400005B05DF804FB00BFB5
S214025BF87470002030B585B00D460022014601A813
S214025C081BF020FA084801A91BF082FD50B11BF0D0
S214025C185DF80446014608222846F7F737FD6089EC
S214025C28C0F3400005B030BD7470002010B5044CB7
S214025C38204617F01EF96388181A80B210BD00BFF6
S214025C4874700020F8B50546F8B100210F481BF01D
S214025C58FCFC0446A8B10D4F20461BF037F8064652
S214025C681BF0DCF9830705D4082229463046F8F7E4
S214025C7807F838B1214638461BF00BFD04460028C3
S214025C88EAD10024201E18BF0120F8BD7470002037
S214025C9810B50C46014606481BF03AFD30B11BF01B
S214025CA815F843891C4214BF0120002010BD00BF0E
S214025CB8747000201FB51446024601A81BF0C2F9EC
S214025CC8074801A91BF024FD40B134B11AF0FEFFC3
S214025CD8142201462046F7F7D9FC012004B010BD6D
S214025CE8747000201FB50146002201A81BF0AAF90D
S214025CF8094801A91BF00CFD58B11AF0E7FF4389C1
S214025D08024613F0020004D0507B80F00800C0F36D
S214025D18C00005B05DF804FB747000200146014817
S214025D2817F0CDB974700020F8B504460E46142054
S214025D3800211BF03FF80546204617F09AF86388BC
S214025D48834225D925B33146204617F0B8F908BB51
S214025D5828461AF0BBFF07460A223146F7F796FC92
S214025D68082206F10A0107F10A00F7F78FFC0A4B28
S214025D781B887B82238823B94FF47A7107481BF065
S214025D8891F82046002229461BF065FC0020F8BD43
S214025D981C20FCE72E20FAE7667000205C6E0020C6
S214025DA810B5044686B0B0B11BF038F910F0020000
S214025DB811D1CDF80E006168CDF81200ADF81600C4
S214025DC8206801AB03C32289044801A91A80FFF799
S214025DD8ABFF06B010BD2120FBE700BF74700020A1
S214025DE8F8B50D4616461F46044648B31BF016F984
S214025DF830BB2046FFF792FFE0B1214611481BF060
S214025E0887FC1AF063FF438905734673877343F06A
S214025E18020321894381204601F0F2F9FF2804464D
S214025E2806D001F0F3F818B10022074B43F82420F5
S214025E38002004E02046FFF7B3FF0028DDD0F8BDB7
S214025E482120FCE7747000202C480020F7B59DF846
S214025E5824400D4601949DF82040064600941F46AD
S214025E680DF076FC4FF6FF718842044610D0BB0749
S214025E7811D4284600F0CCFF20461BF047F9FF282D
S214025E881FBF084A32F8103023F4804322F8103035
S214025E98204603B0F0BD02462946304617F016F9EA
S214025EA8EAE700BF405F002073B50E460146144875
S214025EB81BF02EFC0546D8B11AF008FF43890446A3
S214025EC8334012D09B0736B20BD5002E09DAA17BD7
S214025ED8437B0289007B0191012100912146FFF74D
S214025EE8B5FF638923EA06036381628912B101203A
S214025EF802B070BD2946024816F0ECFFF7E700BF6D
S214025F08747000200148FFF71DB900BF74700020A6
S214025F181FB50C460B4A014601A81BF093F801A8C8
S214025F28FFF7FCFE60B101A907481BF0F1FB1AF067
S214025F38CDFE0368236043680020636004B010BD8A
S214025F482D20FBE7321505007470002013B53E4C71
S214025F5812F0C4F9D4F8FC311020C3F307430193B6
S214025F68FFF7A4FC000650D50020FFF79FFC0106A9
S214025F784BD5019B802B3ED1236A9A0704D440F660
S214025F881544204602B010BDE3699B07F7D52F4893
S214025F9816F07FFC012016F0E3FD12F0B2F9044673
S214025FA80028EED100F086F9294816F0C8FF00F05E
S214025FB8F1F9E8F7CBF912F090F90AF0F1FC0AF0D9
S214025FC843FDF4F78DF9F4F741FAF4F75BFA04F0B7
S214025FD803FD15F000F815F001F815F0B4FB1D489E
S214025FE80CF00CFC07F092FE15F06CFB0028C8D0EB
S214025FF815F06AFBC5E7019B812BC0D1D4F80C319A
S2140260085B00BCD5D4F80C31BFE71020FFF74EFC76
S2140260180006BCD40020FFF749FC0106B7D5019B51
S214026028802B05D1084B1A6AD207A8D5DB69ACE7DC
S214026038019B812BA3D1044BD3F80C21002A9EDAAC
S214026048D3F80C31A1E700BF0080E00F690345ECE6
S21402605870580020D15B020010B517F092F970B3A1
S21402606801F0B8FB80F00104E4B20020FEF7F6FA6D
S21402607844EA800424B217F072F910BB02200443E3
S21402608816481BF010FB44EA401415481BF00BFB9D
S21402609824B244EA001413481BF005FB24B244EA6F
S2140260A8801411481BF0FFFA24B244EA40240F4831
S2140260B81BF0F9FA24B244EAC02080B210BD0124CB
S2140260C8D3E70B4816F09EFE0028D7D0094816F0EC
S2140260D899FE80F00100C0B24000D0E7BC6E0020F6
S2140260E8A06F0020F44A0020206F0020806F002056
S2140260F87C5F0020B05F002008B501F047F90EF07B
S214026108DFF8FDF7D9FE154816F07CFE08B906F04A
S21402611865F9134816F076FE08B907F0E1FD03F0B4
S21402612859FC0CF01DFD0F4816F03BFF0E4B1B7872
S214026138043B022B09D80D481BF0B5FA28B1FFF725
S2140261488BFF102801D109F07DF914F04CFF16F0E8
S214026158CBFFBDE808400648FFF736B87C5F00204C
S214026168B05F00207058002057660020A06F0020FD
S2140261783C150500014B1868704700BFA45700205D
S214026188F8B54FF6FF77104B06461B780C46033BCE
S214026198012B0F8009D830460AF0BAFC4FF6FF7377
S2140261A8984220800ED000200DE00CF023FEB84264
S2140261B805462080F7D1304600F002FDA84220802E
S2140261C8F1D1E8E72D20F8BD576600204FF6F773A1
S2140261D870B5984204460D4686B05AD816F085FF22
S2140261E8A04207D108222C492846F7F74FFA002082
S2140261F806B070BD294EB6F86830A3420AD100220E
S214026208082106F16A0016F002FF18B9082206F1FC
S2140262186A01E9E7ACB1224B1B78033B012B1AD87B
S214026228002301221946204600930AF01BFBFF288A
S21402623823D1294620460AF0BFFC80F00100C0B2EE
S214026248D6E7184B1B689B07E5D4284608F0DCF906
S2140262580028E0D0CBE7204600F06AFFFF2806D1E8
S21402626829462046FFF754FE0028D9D1BFE729461B
S21402627800F080FF0028F3D0B9E702A918F063F906
S2140262880028D6D1DDF80D302B60DDF811306B60B2
S214026298ADE70120ACE700BFDC660020A857002067
S2140262A857660020F04A0020014B1870704700BF5E
S2140262B8D170002010B5054C082221460448E8F79C
S2140262C8FBFE204616F04BFF10BD00BFDC66002022
S2140262D834B608C000487047DC660020082208B5B5
S2140262E80349F7F7CDFCB0FA80F0400908BD00BFB5
S2140262F8DC660020014B1870704700BF4A66002013
S214026308074B44F6FF701A7840F6FF73012A18BF47
S2140263181846044B1B780BB140F40040704700BF88
S214026328576600204A660020F7B50D46044616460C
S2140263381F460021284601F0F1FF0B4B002183F887
S21402634859402A463346204600970EF0AFFC0146CF
S21402635830B10222204603B0BDE8F04000F006B88D
S214026368012003B0F0BD00BFA857002013B513469E
S2140263780C461AB1022A0CBF134601230021044A0E
S214026388019100922246FEF7A5FA02B010BD00BFA0
S2140263986DD4030000B5002093B0FEF717FA1E4B23
S2140263A818880CF031FA1D4B1D491A7800200EF099
S2140263B8A1FD342200216846F7F716F90B238DF85B
S2140263C800306FF4803301934FF6FE73ADF8103049
S2140263D803238DF81D30134B134A0893134B10688A
S2140263E80993134B51680D93124B6A460E93124B40
S2140263F80F93124B1093124B119302AB03C3002157
S2140264080846FEF781FC6A4601210020FEF77CFC5E
S21402641813B05DF804FB00BF5E700020E470002035
S214026428B0C1040045680200DC66002009D20300F9
S214026438BDA00200ED690200BDB702006DD40300DC
S2140264480D9B0200014B1878704700BFE4660020D7
S214026458014B1888704700BF787000202DE9F74F67
S214026468814610460E4690461BF087F8DFF840B184
S21402647805469BF8003033B94A4B1B681BB94A4B92
S2140264881B68002B7FD015F4406A05F040071BD125
S2140264989FBBB5F5804F61D24FF48074B9F1400FB7
S2140264A873D0B9F1800F63D0B9F1100F6BD1002306
S2140264B89BF800003D4AD9B2884264D932F8021BDA
S2140264C80133A142F7D166E008F103001BF055F844
S2140264D84FF6FF73984214BF0124022487B105279A
S2140264E805F44043B3F5004F44F0080425D0B5F54B
S2140264F8804F24D244F4807421E054460327EFE701
S214026508B5F5804F4FF00507F4D3BAF5406F14BFC0
S21402651802200820384440441BF02FF8019016F059
S21402652801FE019B05F4404598420CBF44F008045E
S21402653844F00404B5F5004F01D144F08004BAF5DE
S214026548006F0FD108EB07001BF017F8054616F088
S214026558CCFDA842A2D144F010049FE75446032774
S2140265680220D7E7BAF5406F08BF44F0200495E743
S2140265780C4B1B683BB10022D1B233F8110033F939
S2140265881110002903DA002008E0074BF1E7A042C1
S21402659802F10102F0D106B13480012003B0BDE851
S2140265A8F08F00BF8058002084580020DA5F002051
S2140265B82C670020034B1A78022A04BF09221A7095
S2140265C8704700BFE56600200C22034B1A211A709A
S2140265D80320002202F024B8E56600200C2208B543
S2140265E8054B1A211A700022104602F019F80022EA
S2140265F8024B1A6008BD00BFE56600208C580020D2
S2140266080C2270B50D4B05461E781A7030B9304606
S214026618BDE8704000221A2102F002B8084B1C7826
S214026628E1B21A29F3D825FA04F3DB0703D5442284
S214026638304601F0F5FF0134F2E700BFE5660020B8
S214026648FD7000200C22024B1A7015F072B800BFBB
S214026658E5660020F0B50C8805460E468BB0E4B910
S2140266684FF6FF77ADF8247015F076F810B90220C9
S2140266780BB0F0BDCDE90340CDE90544134A0294B8
S214026688B2F85C306032019300923B464CF6010148
S214026698FF2009AA18F0A0FA3080284616F0BBFE9A
S2140266A80B4C70B1237863B1013BDBB228462370EA
S2140266B816F0B1FE38B12078B0FA80F04009C0B2C0
S2140266C8D6E70523F2E70120F9E700BFA85700201E
S2140266D8FC700020034B11461B6803B1184714F0E0
S2140266E8BBBB00BF8C5800200C22024B1A700AF063
S2140266F8F1BC00BFE56600200148FEF723BD00BFD7
S2140267087E5F00207FB505460C4616461AF0AEFD9B
S21402671800286BD1062D03D85223EB40DB071AD488
S214026728B4F1006F05D3E30E1C3B032B18D94F2098
S2140267382EE000222F4B1A602F4B1D7016F090FC8D
S21402674803460A2D54D8DFE805F02D183E491825C9
S21402675818535341360002F03BFCB4F1006FE2D204
S2140267680022244B042D1A60234B1D70E6D102200A
S21402677801F02EFC16F074FC0346012202921F4A10
S21402678801921F4A00921F4A314620460EF088FEA2
S21402679804B070BD314620461B4A04B0BDE87040BE
S2140267A80EF066BE31462046184B194A04B0BDE8BC
S2140267B870400EF041BE00220292164A0192104A1A
S2140267C80092154AE0E702220B4B1A700022104686
S2140267D8124904B0BDE87040FEF742B800220292A1
S2140267E80F4A0192064A00920E4ACDE74D20CFE79D
S2140267F80120CDE78C580020E566002009660200D5
S2140268084568020059D40300F1660200E5650200F5
S214026818DD6602004D6602005D660200BD65020086
S214026828D16502001BD4030008B50EF069FE0C22DF
S214026838014B00201A7008BDE5660020F0B585B049
S214026848ADF8060018B9762164481AF0B8FDBDF806
S214026858060016F0A7F90446BDF8060016F0A2F9D7
S214026868082846D00C2CBDF8060042D116F09DFA30
S21402687807461AF082FE0DF10F010646BDF806001D
S21402688814F092FB002879D00922002138461AF023
S2140268985DF99DF80F301033C518BDF806001AF0DA
S2140268A831FAEDB2854269D22946BDF806000EF0E5
S2140268B835FF06F44C4416F44066054614D0F81C18
S2140268C81AF05BFE4FF6FF73984208BF44F0400486
S2140268D8B6F5006F08D1781D1AF04FFE4FF6FF7313
S2140268E8984208BF44F010049DF80F305BB3072D9A
S2140268F844D1BDF8060016F04BF90446BDF806006A
S21402690816F050F9082817D0A30615D524F020014A
S21402691889B2BDF8060016F026F9BDF8060016F08C
S21402692844FA002109221AF011F900F1100189B27D
S2140269380DF1060018F079FA0022BDF8061028486C
S2140269481AF089FE1AE0082D16D8BDB1013D072DAA
S21402695814D801A353F825F0BD690200C9690200DC
S214026968856902008969020085690200D569020004
S214026978FB680200DB6902007C2D24D005B0F0BD5E
S21402698824F48844A4B2B4F5084FF7D1BDF806003B
S21402699816F003F9BDF806100BF0D0FF0028A8D0B1
S2140269A8BDF8060016F064F90022014602201AF025
S2140269B8ADFDE3E724F48064A4B2B4F5484F97E744
S2140269C8B4F54C4F94E7B4F54C4F92D04CF65003BE
S2140269D801E04CF640439C428AE700BFE7B1040058
S2140269E87C5F00202DE9F7430F46904699460646F7
S2140269F81AF06CF9044630461AF084F9C5B2083D16
S214026A082C44E178094BA2781970094B31461A7062
S214026A18002043463A46CDF8009012F014F90038A2
S214026A2818BF012003B0BDE8F08300BF0967002045
S214026A38086700202DE9F04FDFF84081DFF8409123
S214026A4898F8002099F8003006469A4285B004D392
S214026A5840F2191142481AF0B2FC30460DF10F0105
S214026A681AF008FB20B14FF48E713D481AF0A7FCC5
S214026A7898F800709DF80F403D1B15F0FF0530D0C2
S214026A884FF0FF3C374B01211B78A140184699F876
S214026A9800304FF6FF790CFA03FC0023324A01F164
S214026AA8FF3E0193C1F1000A9DF80430984243D88C
S214026AB8122004FB00002D4BA0F1120105EBC502C3
S214026AC85200194404F101091844F6F7DFFD4FEAAB
S214026AD889092748A9F104010144AA004844F6F79F
S214026AE8D5FD224904EBC40201EB420321F81260E9
S214026AF8204A013712784FF6FF71DA731A745A74FD
S214026B0812025A801C4A0D2012781A7110225A71E3
S214026B1800229A73C3F80620C3F80A20144B43F8D7
S214026B28242088F800701AF0F1FC0EB908F05CFF11
S214026B38204605B0BDE8F08F13884B450AD0536847
S214026B480AEA030B03EA0E030B4403EB4B0343EA7E
S214026B580C035360019B083201330193A4E700BF7C
S214026B68FAB10400DE70002088480020305D00205C
S214026B782C48002009670020E666002050660020A0
S214026B88DC7000202DE9F041074600250A4B0B4E23
S214026B9893F80080ECB2A04503D8FF242046BDE84F
S214026BA8F08108223846B11DF7F76AF80135002841
S214026BB8F4D01236EEE700BF50660020305D0020A3
S214026BC808B5FFF7DFFFFF281DBF00B2044B00EB36
S214026BD8C0004FF6FF7018BF33F8100008BD00BF9C
S214026BE8305D002007B50DF107011AF043FA30B1FF
S214026BF89DF80730034803EBC30300EB430003B0DA
S214026C085DF804FB305D00202DE9F843294E044662
S214026C1833785D1E2D1A8342EDB204D84FF4A17163
S214026C2825481AF0CCFB0123A3404FF0FF305F1E25
S214026C383B4400214FF6FF7E6FEA03081F4A92F88C
S214026C4800C01F4A127890401E4ACBB29C4523D8F1
S214026C58BDB127B204EBC4041B48640005EBC502A9
S214026C6804F11201014452002044F6F70FFDBF005A
S214026C781648AA00391D014402F0FC023844F6F709
S214026C8805FD33780022013B33704FF6FF71BDE8ED
S214026C98F8430E201AF03ABC1388734507D0536897
S214026CA808EA03093B4003EB5903034353600832DF
S214026CB80131CAE750660020FAB10400DE700020EF
S214026CC8DC70002088480020305D00202C48002018
S214026CD810B50A4C207858B9094B1B781A2B03D9D9
S214026CE8992108481AF06BFB0322074B1A7010BD4D
S214026CF80138C0B2FFF788FFECE700BF50660020F5
S214026D08DC700020FAB104004C6600202DE9F0473A
S214026D1805461AF013FDFF28044624D1DFF88490AE
S214026D281E4B99F800201B789A422BD22846BDE8BB
S214026D38F047FFF77FBE38883B79504518D86F2B47
S214026D484FEA131214D85B0710D0123708F101085D
S214026D5899F800105FFA88F6B142ECD80023104A78
S214026D68DEB28E4214D32046BDE8F087022AECD95A
S214026D780DF0E2F90028E8D129463046BDE8F0478A
S214026D8816F08ABB4FF000084FF6F77A044FDFE793
S214026D98107901338F28EFD81232E1E7DC70002031
S214026DA8305D0020506600204FF6F773984210B503
S214026DB814D8FFF7ABFFFF2810D0134C00B200EB35
S214026DC8C00004EB400412F097F9104938B96288FB
S214026DD80B7802EB0313A3EB1213638010BD227C1D
S214026DE8637C09789A42E2732374617407D98B42EA
S214026DF803D213468B4228BF0B461B02EDE78A4294
S214026E08F8D31346F9E700BF305D00200967002073
S214026E182DE9F04106460F4600240E4DDFF838806D
S214026E2898F80030A34201D8BDE8F0810822294626
S214026E383046F6F725FF40B935F8063CBB4204D083
S214026E482046FFF7E1FE013CE4B20134E4B2123513
S214026E58E6E700BF365D002050660020F8B5054616
S214026E6808460E46FFF78EFEFF2830D01D4B2946F1
S214026E7853F820703046FFF7CBFF2846FFF746FF49
S214026E88FF28044625D10CF083F8FF280AD1164CB1
S214026E98207838B113F050FF2378B0FBF3F202FBE8
S214026EA81300C0B2294616F0F7FA044623B20F4D6D
S214026EB803EBC30305EB430508223146A81DF6F784
S214026EC8E5FB2B79204603F00F032B71F8BD00274C
S214026ED8D3E7074B1B78002B18BF0027014B43F854
S214026EE82070E3E72C480020DC700020305D00208C
S214026EF8FE70002038B50B4B04461B780D468342BD
S214026F0804D840F25A2108481AF059FA074804EBFE
S214026F18C40400EB44002946BDE83840082206307F
S214026F28F6F7B4BBDC700020FAB10400305D00202E
S214026F3870B5044608460E461AF000FCFF280546B9
S214026F4810D02046FFF71EFEFF2807D0084B1B78F6
S214026F5823B9084B53F8202043F825202146284613
S214026F68FFF7C8FF31462046BDE87040FFF750BF1E
S214026F78FE7000202C4800202DE9F84300248046A5
S214026F8801272646114DDFF84C9099F80030A342A7
S214026F9810D83E430134E4B21A2C4FEA470705F1EB
S214026FA81205F2D14FF0FF30094B1B789840304358
S214026FB8BDE8F8832B884345EBD0284616F0C4FA7A
S214026FC80328E6D82B796F2BE3D8E3E7305D002059
S214026FD8DC7000205066002010B5084C00EBC0009C
S214026FE804EB400423795B0707D1204616F0ACFA77
S214026FF8237923F007031843207110BD305D002063
S214027008014B1878704700BFFF700020014B1878B4
S214027018704700BFFE70002070B51A48FEF782FB64
S214027028194B1B78033B012B28D805F0A3FB03F06A
S21402703857FBBDE870404FF47A51124819F032BF38
S21402704823798F2B4FEA131111D80131204616F0F7
S214027058ABFA062901D8032909D12379002223F09D
S21402706807034FF6FF710F2023711AF04FFA1234F6
S21402707801353278EBB29A42E2D8D6E70025034CBD
S214027088034EF6E77C6E002057660020305D00202F
S214027098506600200022084B1878084BD1B2884266
S2140270A803F1120300D8704713F80D1C013221F0C1
S2140270B8100103F80D1CF1E750660020305D002031
S2140270C82DE9F04702261227DFF85C90DFF85C808D
S2140270D899F8004000250CE007FB05F338F803A0F2
S2140270E80021504616F045FA10B15CB1013CE4B2F4
S2140270F8013599F80030EAB29342EDD8A34204D19A
S2140271084FF6FF7A5046BDE8F08713F015FE99F859
S2140271180030012EA3EB040390FBF3F202FB1300EC
S214027128C4B2EDD00126D5E750660020305D0020B7
S21402713810B504461AF002FBFF2808D1204619F0BB
S214027148E5FFFF281FBF024B1B78C018C0B210BD50
S214027158DC700020044B00211A78044B04481B7884
S2140271681A449200F6F740BADC700020E37000205A
S2140271782C48002010B5134B0C461B7886B0834269
S21402718812D9114900EBC00001EB40010822204643
S2140271980631F6F77BFA00220821204615F037FF5B
S2140271A880F00100C0B206E0C01A01A9C0B20CF015
S2140271B82BFA10B1002006B010BD01AB03CB20603D
S2140271C86160E8E7DC700020305D002008B5074BF8
S2140271D8024653F820308B4206D915204FF6FF7127
S2140271E81AF094F9002008BD0120FCE72C4800207C
S2140271F8024B013143F82010704700BF2C4800208C
S2140272082DE9F34781460C4600272A4EDFF8ACA044
S2140272189AF80030FDB2AB4210D86946204617F0FD
S214027228C7FAC0B3082269464846F6F729FD90B35E
S2140272384946204616F05EFCFE2537E006F10608AB
S214027248082241464846F6F71BFD90B94FF6FF73EB
S2140272589C422BD03388A34228D0204619F056FFEA
S214027268FF2814D14946204602B0BDE8F047FFF78A
S214027278F5BD14B912360137CAE73388A342F9D1E5
S21402728800220821404615F0C2FE0028F2D1284600
S214027298FFF7BAFCCCE74946002019F007FFFF289B
S2140272A8054603D0044B1B780344DDB2284602B0D9
S2140272B8BDE8F087305D0020DC70002050660020B4
S2140272C808B5FFF7E7FE054B1B78013B012B03D8F1
S2140272D8BDE808400CF084B908BD00BF5766002018
S2140272E80F4B1B7883420CD8C01A0E4AC0B232F82B
S2140272F81030D90411D443F4805322F810300120F8
S2140273087047094B00EBC00003EB40035A79D106DD
S21402731803D442F010025A71F1E70020704700BF0A
S214027328DC700020405F0020305D0020F0B5134B73
S21402733806461B78FBB100251148DFF84CC090F8CA
S21402734800E0104807781F44E8B2864501D80020B6
S214027358F0BD7C1B94FBF3F003FB10440CEBC4005B
S2140273683CF83440B44204D1002AF1D184788C42E5
S214027378EED00135E8E71846EAE700BFDE700020DF
S214027388DC4A00204E6600208848002070B510F0BF
S21402739896FF14250F49104E0B78328830809B1AB8
S2140273A803449BB2B3FBF5F405FB14330B700B498D
S2140273B8E2B20B78934292BF00239B1ADBB2032AEF
S2140273C80B7088BF002306499EBFD2000B68D340C5
S2140273D80B6070BDE9660020805F00204D660020C5
S2140273E8DC4A0020084B1868084BC2B21B789A423F
S2140273F808D2074BC0F307201B78984234BF0020F8
S2140274080120704701207047DC4A0020DE70002009
S214027418E8660020F8B505461746FFF7E3FF064676
S21402742810B9184B1A783AB9212001224FF6FF7183
S2140274381AF06CF80020F8BD1348DFF854C0037839
S2140274480133B3FBF2F402FB143303700F48DCF883
S214027458002000EBC30420F8335002F10132A17079
S2140274683846CCF80020FFF787FDE670606015F016
S2140274783CFEA84201D10120DDE7E3780133E37040
S214027488F9E700BFDE7000204E660020884800201C
S214027498DC4A002010B50B4C0B4A2378063B1370C7
S2140274A810F00DFF0022094BFF211880084B0948EF
S2140274B81A602278D200F6F797F80422064B1A705A
S2140274C810BD00BFDE700020E8660020805F002046
S2140274D8DC4A0020884800204D66002048B139B1B1
S2140274E8044B1B780B70044B1B7803700120704703
S2140274F808467047E7660020007100202DE9F84329
S214027508074619F055FF05461A481AF0CCF81A4BE2
S21402751848B31C683C1B2C44A4B20022174BDFF865
S21402752864901B78164D99F8006005EB03155FFA10
S21402753882F8464509D9AB8805F11000A34215D949
S214027548B21A29461201F6F7A1F8013689F8006040
S214027558AC80B8F1000F03D13946064819F0A2FCF0
S2140275682846BDE8F8833C461D60D6E70546013244
S214027578DDE700BF9C6E002090580020EB660020D6
S2140275882C470020EC6600202DE9F74F19F010FF73
S2140275984FF0000E284D294F2978294C97F800A05D
S2140275A804EB011303EB0A120092F3465246DFF885
S2140275B898801FFA80FC0646B8F80000ACEB000973
S2140275C8A0EB0C001FFA89F901900098984217D18F
S2140275D8BEF1000F00D02970524503D200203A703F
S2140275E8FDF7E6F83B7823B32B78164804EB03142A
S2140275F8A188C8F8006003B0BDE8F04F19F052BC85
S214027608B3F804C0CC450FD84FF0010E93F802C069
S21402761801310CF1FF3C013AA3F804B083F802C02A
S214027628C9B2D2B21033D0E701988444A3F804C092
S214027638F8E703B0BDE8F08FEB660020EC660020A2
S2140276482C4700209C6E0020905800207FB56C4680
S2140276581E4B1F4D1E78013EF6B21E7095E80F00AF
S21402766884E80F001B4B28461A7805F110013244AD
S2140276781201F6F70BF89DF8026016F00F0511D105
S214027688BDF808000EF0C4F9360918BF29464FF0AF
S2140276980002BDF8000008BF039904B0BDE87040B8
S2140276A803F0F4BCBDF80400FFF728FF03468288FF
S2140276B804ADADF80420224603CAAA4218605960EF
S2140276C8144603F10803F6D104B070BDEB66002039
S2140276D82C470020EC660020F8B50024084D094F18
S2140276E8094E3B783178E2B20B449A4204F101041F
S2140276F800DBF8BD2846FDF725FD1035F1E700BF8B
S2140277082C470020EC660020EB66002070B5134B71
S21402771806460D46104612491A78124B09781B7807
S2140277280B44934206DB1F204FF6FF7119F0EEFE5C
S214027738002070BDFFF7E2FE01350680857004461C
S21402774819F031FEE0800EF069F940F60243208116
S214027758E3600020FDF72CF80120EAE7DB70002042
S214027768EC660020EB6600202DE9F84386460023E7
S214027778144FDFF85C803E7898F800501249721968
S214027788DCB294421CDA4FEA041C31F80C9001333E
S214027798F14501EB0410F3D1631CD21A0CF1100C5C
S2140277A812016144F5F772FFA5428BBF05F1FF355A
S2140277B806F1FF3688F800503E700CB9034B1C7071
S2140277C8BDE8F883EC6600202C470020EA66002015
S2140277D8EB660020044B054A1B781278D3420CBF8E
S2140277E801200020704700BFEB660020EC660020F0
S2140277F8024B1878003818BF01207047EB66002045
S214027808002108B5084B09481970094B1970094B2D
S2140278181970094B1A781201F5F7E6FEBDE808401A
S2140278280648FDF77FBF00BFEC6600202C47002005
S214027838EB660020EA660020DB7000209C6E0020C3
S21402784810B50B4C23784BB10A4803F0ABFD58B180
S214027858084B0121188815F08AFD08B9002010BDCA
S2140278680122054B1A70FAE7FFF7F0FEEAE700BFB7
S214027878EB6600202C470020EA66002010B50E4B67
S2140278881B78BBB10D4C238883424FF0000311D1FD
S2140278980B4AE160137049B9A3781033A37016F047
S2140278A85CF818B9A37823F00F03A370FFF7CEFE8F
S2140278B8012010BD1846FCE7EB6600202C47002086
S2140278C8EA66002070B592B00C46064613F031FA06
S2140278D8E17A05460020FCF72DFC28B394F90A0045
S2140278E815F0A3FB10BB134BE27A294683F85820FF
S2140278F8A27A83F85A206A46FCF750FF4FF6FE73C0
S2140279089E420CBF4FF6FF7323896A46294600201B
S214027918ADF80660ADF80430FDF7F6F940B92289ED
S214027928054B5A8012B070BD5520FBE75620F9E782
S2140279382120F7E7A85700209458002010B50446DF
S214027948014608220948F5F7A1FE237B022B0AD82E
S214027958002B14BF3122012205490B7017234B61F5
S214027968044B1A7010BD00230122F5E79858002030
S2140279789458002056660020014610230120014A2A
S214027988FDF74ABF64EE0100014B5861704700BF1D
S21402799894580020014B1878704700BF945800206E
S2140279A810B5054C2378112B03D0E221034819F0B1
S2140279B806FD4123237010BD5666002005B204005A
S2140279C8064B01461B78042B04D1054A137E053361
S2140279D813767047034819F065BA00BF5766002049
S2140279E894580020BC6E002008B50648FDF7AAFB8E
S2140279F80548FDF7A7FB13F0E3FABDE8084001F0D7
S214027A0803BB00BF7C5F0020B05F0020064B1878DF
S214027A18332806D000F0EF00A0F14303584258413D
S214027A2870470120704700BF56660020002208B53E
S214027A38074B4FF6FE701A7015F063FB4FF6FF7091
S214027A4815F07CFB034B5869BDE8084013F046BAAC
S214027A58566600209458002008B5064B187838B1A8
S214027A680548FDF74BFE4FF47A73B0FBF3F0C0B24D
S214027A7808BD00BF4B6600209C4A00202DE9F04353
S214027A888BB00746154698460E469DF8489049B963
S214027A98104605AC19F03AFB21460BF0B5FD17283F
S214027AA818BF2646B9F1000F0AD1124B1B781BB92C
S214027AB8284616F0A2FED0B92846FEF713F902E0C9
S214027AC8284616F09AFE80F00104E4B29DF850307B
S214027AD82A4602939DF84C303146CDE90093384643
S214027AE84346039415F0A1FD0BB0BDE8F0834C465F
S214027AF8ECE700BF526600202DE9F04F97B0994692
S214027B089DF88830BDF880B0219D08939DF88C308A
S214027B180E4658460FA90492079317F0E8FA05B3DB
S214027B28002800F0208195F801A00FACCAF3400A9D
S214027B388E4B19F0800F1B7814BF4F4649F080070A
S214027B48022B17D04FF6FF78002D40F087810225CA
S214027B58584615F022F82B464246214615F03EFBBB
S214027B68BCE0584615F09AF80446002800F0FB8058
S214027B78AA46DDE71EB97E4B1B78002BE2D00DF134
S214027B883A012046FEF7FCFA584615F09AF80128FC
S214027B9838BF0120C3B2059395B3281D19F0EDFC32
S214027BA8804609F002032046069315F079FA214624
S214027BB809908146002019F079FA069A099B12BBA9
S214027BC8FF2820D1F2F75CFB6A4A1278824200F05C
S214027BD832814FF6FF72099B934214D1FEF726F8BC
S214027BE8002800F028814FF6F773984523D915F038
S214027BF851FF11A98146FEF7E9FA0028F7D02EE0D0
S214027C08BDF83A80CDE74FF6F772904520D89342F2
S214027C1811D898450FD0194622460AA819F012FA22
S214027C280A980B9913AB03C3BDF83020022113A898
S214027C381A80FEF739F9404611A9FEF7C7FA024636
S214027C4828B9082111A815F0E2F9002866D0C1461D
S214027C584FF6F67209F1FF339BB29342C7D8BAF1D0
S214027C68000F03D1444B1B78002B60D1584614F002
S214027C7894FF059B4A4601930123214600933B46FF
S214027C88FEF7E4F84FF6FF739842804600F0D3807A
S214027C98014600220AA819F0D5F90A980B9913ABDF
S214027CA803C3BDF83020022113A81A80FEF7FCF899
S214027CB8002D3FF44DAF002E40F0D28045460123FA
S214027CC8C7F3C0074246CDE9016321462B4604980E
S214027CD80397CDF800A015F0A8FCA846BAF1000F45
S214027CE80FD04FF6FF7398450BD0404619F00EFAA0
S214027CF8FF281FBF214A32F8103023F4804322F8A7
S214027D081030089B7BB315F0F0F9249B01460093CC
S214027D184246234607980CF0EDFC24E0082220464B
S214027D2811A9F5F7ADFF00287FF461AF8FE7002DA4
S214027D3864D0134B1B68980727D5049B0F2B21D0BA
S214027D48281D19F01AFC02230121CDE9013100236E
S214027D58C7F3C0070246009321464FF6FF730498FE
S214027D68039715F062FC17B0BDE8F08F5666002040
S214027D784B6600204F66002052660020405F0020B7
S214027D88F04A0020079B012BDAD1281D19F0F5FBD3
S214027D98804619F0BBF90990404619F0CFFC4FF619
S214027DA8FF71BDF83A208A4256D04245099B53D104
S214027DB8FF2B4AD0184616F036FD784010F0EF0F23
S214027DC814BF01230023BDF83A00099319F09EF95F
S214027DD80690BDF83A0019F0B1FC099B66B14FF659
S214027DE8FF7CBDF83A10614506D0414504D0069A94
S214027DF80240D2B2FF2AA3D1002BA1D1224649467D
S214027E080AA819F01FF90A980B9913AB03C3BDF811
S214027E18302058461A8014F0C0FE3A460146059BA2
S214027E2813A8FDF7DDFF30B94FF6FF73BDF854808F
S214027E3898457FF43DAF4FF6FF789DB10126281D81
S214027E4819F09BFB4546804639E7FF2804D0069B77
S214027E58B3FA83F35B09B6E70023B4E70226EEE734
S214027E680026ECE7012573E60022014B1A767047D6
S214027E789458002008B50B4B1B78022B10D10A4BDE
S214027E881B78033B012B0BD9084B187800F001002E
S214027E98FEF730FA0023064AC2E90133538008BDCA
S214027EA80020F3E756660020576600204B6600203F
S214027EB89458002038B5174D2B78033B012B1CD855
S214027EC8154BB3F868204FF6FF739A4215D1032074
S214027ED8FDF728FD02F0CEFBFFF7CCFF2B78033B1D
S214027EE8012B01D909F0FCF8002018F0E5FD78B15D
S214027EF8BDE83840002014F066BFFDF7FDFC0446D6
S214027F08FDF7F4FC0146204608F05EFB0220DFE798
S214027F1838BD00BF57660020A857002008B5114A8A
S214027F28114B58611378032B1BD0D3B1332B01D0D6
S214027F38432B10D10D4B1B78033B012B05D803238B
S214027F481370BDE8084012F0C9BF12F0C7FFBDE8BB
S214027F580840FFF7AFBF21231370BDE8084002F0C0
S214027F689DB908BD56660020945800205766002022
S214027F7838B504461348FDF7D5FB134B1B78013B6F
S214027F88012B1DD8114D5CB92B7823B140F6194048
S214027F982C7012F0A3FF0024FFF76CFF204638BDB2
S214027FA8FF2C05D04FF47A710648614318F07AFF21
S214027FB82B78002BEFD1012340F618402B70E8E708
S214027FC80224E9E79C4A0020576600204B660020F8
S214027FD838B5114D04462B78834218BF287013F023
S214027FE8B3FB80B124B9204613F0B0FB02220DE0A1
S214027FF8012013F0ABFB2B781A1F012A05D9062B92
S214028008F4D1032202E0002CF5D10122BDE8384063
S2140280180021084615F02FBA5766002030B50446E8
S21402802885B068460D46FFF7A7FC94B1002128469E
S214028038144A02F043FB144B20681B7861688DF8DB
S2140280480430124B1B788DF8053002AB03C306F0DA
S214028058B1FA0F4B93F8582093F85A308DF803204C
S2140280688DF8023015F05EF8ADF8000015F03DF810
S2140280781023ADF8060069460020064AFDF7CCFB39
S21402808805B030BD00F8FF07D17000205766002003
S214028098A857002064EE010010B5144B04461A785F
S2140280A8134B002083F8582018F006FD10B1002064
S2140280B814F089FE00210846FFF7B0FF0D4B1B7827
S2140280C8033B012B0ED813F033FB2046FCF754FE75
S2140280D840F6174012F002FF0023074A1380074AA9
S2140280E8138010BD0BF016FCEFE700BFED6600200C
S2140280F8A857002057660020565F0020545F0020CD
S2140281081FB504466846FFF737FC54B100238DF8BE
S2140281180530102369460020064AFDF77DFB04B0A9
S21402812810BD14F0E2FFADF8060014F0FBFFADF840
S2140281380000EEE764EE010010B501460446002092
S214028148FBF7F8FF90B10C4B1B78023B032B0FD8BA
S2140281580A4B1C7019F08AF860B9094A0949FCF7F3
S2140281687FFB003818BF0120800010BD5520FCE7B1
S2140281780220FAE74D20F8E756660020ED66002052
S21402818865B80200A1800200F8B5064619F06EF836
S214028198044668B918F090FC50B1064D204695F88A
S2140281A8587085F8586014F00EFE10B185F85870AD
S2140281B84D20F8BDA85700202DE9F0418046184604
S2140281C8033B012B0E46174602D918B121243CE080
S2140281D8FFF7FEFE294B1B78012B4CD0284B1D7847
S2140281E8022D08D0032D46D1B8F1000F03D1254B36
S2140281F81B689B073FD43320FDF794FB01F0E8FC8D
S214028208B6F1006F34BF204B052231464FF0060008
S21402821838BF1A78FEF776FA044628BB1B4D287331
S214028228012000F029FF14F07DFF68802846B8F187
S214028238000F0DD0022300F8043B15F06EFA6C739B
S2140282482F613946304612F083FD2046BDE8F0819C
S214028258012300F8043B15F060FA6C732F61394667
S214028268304612F074FDF0E72846FDF75BFBB8F1DE
S214028278000FF4D0E5E70224E7E700BF57660020C0
S21402828856660020F04A002001710020945800200B
S214028298034B187818B9034B034A1B78D05C70470F
S2140282A855660020576600202F16050038B5174B6E
S2140282B804461B78033B012B06D8437BDB0703D512
S2140282C890F9090013F033FA0025114B83F8595038
S2140282D82079FFF759FFFFF7DBFF618824880346FA
S2140282E822462846FEF720F8044620B11720FFF754
S2140282F815FE204638BD1723064DC82106486B6171
S21402830818F0D0FD03232B76F3E700BF576600204C
S214028318A857002094580020BC6E0020F0B51A4DCD
S21402832806460C4693B0A5F8680005F16A0729BB0D
S214028338C5F86A10796012F0FCFC6A46014600200D
S214028348FCF72CFAD5F86A30ADF81060CDF8123082
S2140283587B68CDF8163012F0ECFC6A46014600201F
S214028368FCF7D2FC4FF6FF73B5F86800984203D0C4
S21402837814B1064912F0EFFC13B0F0BD08223846D5
S214028388F5F784F9D7E700BFA8570020125800204F
S2140283982DE9F041DFF8B8801F4698F80030054608
S2140283A80C4616461BB102252846BDE8F081531E28
S2140283B8052BF8D818F05AFF0028F4D13B7B032B7C
S2140283C814D14FF6FE739C4212D1012E09D0022E0A
S2140283D8E9D114F08AFE4FF6FB73984203D814F0DC
S2140283E884FE044604E015F055FBFAE7012EDAD0BF
S2140283F8EDB939462046FFF765FA05460028D3D177
S21402840898F80030332B03D0532B1CBF0E4B186141
S2140284183046FFF7DDFD00214FF6FF70FFF77EFFBF
S2140284280A4B1B78002BBFD00BF048FABCE7397B07
S214028438721ECB1E594259415042504107F054F918
S21402844805460028D5D0AFE79458002002710020D0
S214028458566600202DE9F84305468846914614F0EC
S21402846844FE3F4E04463378033B012B06D86B7B0B
S214028478DB0703D595F9090013F059F914F035FE10
S214028488384B394F188014F04DFE384B1880FDF7DC
S2140284982DFA374B1880FDF72FFA08220146354881
S2140284A8F5F7F4F814F0EAFD334B18702879FFF75D
S2140284B86BFE00216888FFF731FFFDF72DFB60B1E0
S2140284C84FF6F672631E9BB2934206D915F0E2FA8D
S2140284D8B7F8683004468342F8D0204614F011FEF6
S2140284E8288814F02BFE4946B7F86800C0470446A9
S2140284F828B91920FFF712FD1920BDE8F883B7F846
S214028508681014F089FB00231C4D87F859302B7825
S21402851803F0FB03022B02D0204615F076F8002261
S21402852820461146FFF7F2F80446A8B117236B61F6
S2140285383378042B09D1C821114818F0B3FC032359
S2140285482B7684F00100C0B2D7E74FF416710C48B8
S21402855818F0A8FC0023F3E71720FFF7DFFCF0E784
S21402856857660020865F0020A8570020845F0020F8
S214028578825F0020EE660020F666002094580020EF
S214028588BC6E0020F0B50C461E460B462049074630
S21402859889B004F1140053F8045B834241F8045B83
S2140285A8F9D11B8802AD0B80D4F80E00D4F812104D
S2140285B8238803C5ADF8103023798DF812208DF87C
S2140285C8133000233A468DF814304FF6FE71012018
S2140285D802ABFFF7DDFEC8B902A8FFF7AFF9237BA7
S2140285E84BB10C4D0C4B01AA29460120019313F0FE
S2140285F87AF82A781AB92046FFF758FE03E020468A
S2140286080199FFF727FF08B9044B1E7009B0F0BDA1
S214028618885F00209458002039D70300F7660020A8
S21402862801232DE9F341304E05460F4600202F4917
S2140286381446737300F0EEFC13F07BF8DFF8AC8098
S21402864838B9012D01D9042D0FD12146384612F02A
S21402865809FC102000210AF07FFC00283CD00020EC
S21402866802B0BDE8F041FCF7A3B8002CF1D1204BCC
S2140286781B78212B03D0062B01D0532B02D101F0F5
S2140286880DFEE6E7FDF748FA0028E2D000F0EEFC19
S21402869828B9307BC0F11800FFF740FCD9E7154B24
S2140286A841462046019300F0B5FC20B140F6190178
S2140286B8114818F084FE01AA0B4998F80C0013F02A
S2140286C812F832781AB90948FFF7F0FDC1E701999E
S2140286D80648FFF7BFFEBCE7FFF78AF80028BED1B8
S2140286E802B0BDE8F08100BF94580020885F0020E1
S2140286F85666002039D7030005B204001FB5144B8E
S21402870804461B88DB0707D44FF6FF700021FFF7E5
S21402871805FE002004B010BD0A230E4A012001A956
S214028728FDF77AF84FF6FF73BDF80C209A42EBD0A5
S2140287380822FF2101A814F06AFC0028E4D10CB92B
S2140287480120E7E7BDF80C0001A9FFF7E7FDF7E708
S214028758A05F002026E1010038B50C46154614F045
S214028768D0FC03F0AFFE29462046FFF7D7FD00F0FF
S2140287787DFC48B1074BDB790E2B28BF0E2301334D
S214028788DBB2054A137038BD044B1B78013B18BF91
S2140287980123F6E7885F00200D6700205766002051
S2140287A838B500220821044614F031FC0546C8B93B
S2140287B814F09BFC2A464FF6FF71FFF7CDFF2046C2
S2140287C8217CFFF72BFC6269E189207C01F076FFA9
S2140287D8054B1B78012B01D107F0F6F8FFF76AFB69
S2140287E8002038BD0120FCE75766002038B51D4634
S2140287F8FFF7CEFD0446C8B92B7B2846032B03D1C8
S214028808BDE83840FFF7CCBFFFF798F8084B254677
S2140288189C8114F033FC0121064B81401A7806200D
S214028828FDF770FF044608B1034B1D70204638BD9D
S21402883894580020017100205666002030B50120A9
S21402884887B0FFF75BFF6B460446144A1068516808
S21402885803C384B905F0BCFE02A8FFF78DF84FF6ED
S214028868FF752246BDF80E002946FFF775FF12F07F
S21402887878FA07B030BD6B46094AD2F86A00D2F8D1
S2140288886E10B2F8685003C305F0A2FE02A8FFF7FE
S21402889873F86A46BDF80E00E6E700BF6D3B0400B3
S2140288A8A857002073B53A4B04461B781BB102241E
S2140288B8204602B070BD18F0D9FC0028F7D100F0A7
S2140288C8E5FB14B12288334B1A8000210DF107000C
S2140288D8FDF7ACF8002856D114F010FF044600281D
S2140288E8E6D12D4D9DF80700FFF772FB2B785A1E2E
S2140288F8012A1FD8FFF7A2FF2B78033B012B01D8CA
S21402890801F014F9FFF7D6FA012014F07EFB0346AD
S21402891800283AD12A78033A012AC9D81D4A10886B
S21402892810F0020521D0052201201C49FFF744FC5D
S2140289380446BDE7033B012B04D82046FFF7DEFEBC
S2140289480028D7D12B78053B012BB1D8FFF776FF45
S214028958FFF7B0FA2B78052B0CBF04200520FCF78E
S214028968E1FF012014F051FBE2E70D4E02233146E7
S21402897801200C4AFCF750FF33885B0798D5284637
S21402898801F0E8F894E7172492E7044690E700BF58
S21402899856660020A05F00205766002000F8FF07F2
S2140289A8525F002027E101007FB50024184E194DBA
S2140289B83278E3B29A4201D804B070BD4FF6FF731C
S2140289C8B5F868209A421AD0134B1B88DB0714D5D1
S2140289D8124AB5F8683010685168ADF80C3001AB29
S2140289E803C30F4A0A23002001A9FCF715FF022336
S2140289F800200C4A0C49FCF70FFF0134D8E7002286
S214028A080821064814F003FB0028F6D1DCE700BF6D
S214028A18DD700020A8570020A05F00201258002012
S214028A2826E1010027E10100525F002010B501F09F
S214028A38CFF802F013F8D8B10E48FCF773FE0E48CA
S214028A480E4C017A0E30FFF7E9FA23781BB100F0D4
S214028A58BFFA002323700022094B1A73FFF72AFA7B
S214028A6808F056FD01F044F9BDE81040FFF79CBF38
S214028A7810BD00BFBC6E0020885F0020F76600208D
S214028A889458002010B52548FCF74CFE01F0E6FF86
S214028A9830B1234B1B781BB9BDE81040FFF7C6BFA1
S214028AA801F0DCFF78B11F4C237E83B1C8211B4836
S214028AB818F0F8F90021237E0846013B2376BDE824
S214028AC81040FBF7E3BEFDF727F80028EBD1FDF7C9
S214028AD823F8154B1B7858B9112B03D003F0FD0366
S214028AE8412B19D1BDE810400E4B5869FFF716BA4C
S214028AF8332BF7D10D4B188814F003FB0C4B188850
S214028B0814F01CFB0B4B0C491888FFF707FC0B4BA1
S214028B181878FFF739FBE5E710BD00BFBC6E0020EA
S214028B28526600209458002056660020865F002071
S214028B38845F0020825F0020EE660020F666002032
S214028B482DE9F04F0F4685B002AD04462946384651
S214028B58914616F0CCFA4FF0000B82463846CDF80E
S214028B6804B014F022F94678022C804606F0020673
S214028B7809D85CB1FCF7D0FF0446002848D1754BEB
S214028B8801241B7865E0043C022C3AD9FCF7C4FFA2
S214028B98384614F083F800240546A046DFF8D8A124
S214028BA8384614F002F950F809300DF10500019321
S214028BB818F0E3FC9DF807B00746B8F1000F4DD150
S214028BC8BBF1000F5BD0DFF88C9199F800300BB13F
S214028BD8002E63D0002C61D05F4B1B78022B5DD130
S214028BE8BBF1000F53D1384614F08BFA5846594653
S214028BF8FFF714FA08F08CFC40F6074012F06EF9FC
S214028C0834E014F04AFDFCF787FF0446F8B15C46E8
S214028C184EB1524B1B78012B02D0043B012B0BD8CA
S214028C2805B0BDE8F08F4B4B1B782BB14B4B1B782E
S214028C3803F0FB03022BF3D0BAF1000F404608BF3D
S214028C48002516F047FA4FF001088246A8E7414B7E
S214028C581B78002BF0D0002EEED1E1E7BAF1000F18
S214028C68AED05046FDF73AFB0028A9D1002017F0EF
S214028C7823FF0028D4D0002014F0A5F8D0E74FF63A
S214028C88F7739F429FD91720FFF748F9EEE7FCF7DC
S214028C9843FF48B13248FCF745FDF4E7FCF73CFFD2
S214028CA810B1BBF1000FF5D1FCF736FF0028DDD076
S214028CB82846FDF767FFFF28DFF89CA0294C03D05B
S214028CC89AF80030012B04D12946B4F86800FEF75A
S214028CD8C5F8FEF781F92A463846B4F86810FFF751
S214028CE83BFD214B214A93F906301B0213809AF862
S214028CF80030012B19D0312B14BF432311238AF8D5
S214028D0800301B4B1648196818F0CCF800F00EFF16
S214028D180023124C99F80010237641B9104818F02F
S214028D28C1F840F61B436361A0E71123E7E7B8F1F1
S214028D38000F03D016B1FFF779FEF2E70D4B1B784A
S214028D48042BEED10521064818F0ACF80923237641
S214028D58E7E700BF526600205666002094580020B7
S214028D68BC6E0020A8570020885F00209E5F002067
S214028D78DC6E002057660020DC6600202DE9F043F2
S214028D88084693B00E4614F010F8092200218046D1
S214028D9817F0DCFE0446304613F080FF052207462D
S214028DA80DF1090330460AA912F0F2F802288146A4
S214028DB81DD09DF8093031461C440023E4B204F164
S214028DC8100218F8045001200093D2B20FF03BFFAD
S214028DD868B1072D09D855B1013D062D07D8DFE839
S214028DE805F00918068A062541007C2D45D013B0E1
S214028DF8BDE8F0835B4B1B78013B012BF7D8304666
S214028E0813F0CBFE002332461946009414F049FCB0
S214028E18EDE7554B1B78012BE9D1544B18780028FF
S214028E28E5D122463146FFF78BFEE0E74D4B1B782D
S214028E38013B012BDBD8384609F0DCFF4FF6FF73FF
S214028E489842044606D0304613F0A7FE2246394614
S214028E5814F0B3F9444B1B78022BC8D1384611F0EC
S214028E68FFFFC4E73F4B1B78013B012BBFD849469F
S214028E7830460AAA00F01EF9B9E73A4B1B78013BBE
S214028E88012BB4D8A04498F8012098F80230652A35
S214028E98ADD16D2BABD1304617F034FF1334E4B2A4
S214028EA88442A4D20822394603A8F4F7EFFB2146E7
S214028EB830460DF10A0216F05DF8002897D1BDF883
S214028EC80A30002B93D005A809F0B0FA0123284DE2
S214028ED8BDF80A002B7017F015FF0446BDF80A0005
S214028EE817F0F4FEE2B2034605A903A811F052FFF2
S214028EF800232B707BE71B4B1B78013B012B3FF6AD
S214028F0876AF06220021404617F020FE404418F0AD
S214028F1834FB0746FCF758FE044600287FF467AF82
S214028F28304613F035FEC3047FF561AF46F20403FC
S214028F380121ADF8143038460223CDE9004405AACB
S214028F4816F067F8054600283FF451AF394613F085
S214028F5863FE304613F021FE22462946FDF706FA3E
S214028F6845E700BF57660020566600209458002042
S214028F782867002008B5084B187050B1074B1B88A5
S214028F883BB14FF47A710648594317F08BFF00201D
S214028F9808BD0120FCE700BF496600207A70002061
S214028FA89C490020014B1878704700BF496600208C
S214028FB8014B1880002070477A70002008B5FCF72D
S214028FC8B1FB0022014B1A7008BD00BF496600209B
S214028FD810B50024044B05481C80054B1C70FCF792
S214028FE8A1FB204610BD00BFA25F0020E06E002055
S214028FF80167002008B50348FCF794FBBDE8084063
S214029008FFF7E6BFE06E00200148FCF79BB800BFFA
S214029018A25F0020F7B5134B04461B780E46EBB149
S21402902883421DD90021104818F00FFB002501467F
S2140290380D4F09B9012009E0AC4209D100241623D4
S21402904822463046009418F09DFB204603B0F0BD39
S214029058384618F01EFB01350146EAE71820F5E700
S2140290682720F3E701670020A25F0020014B18784B
S214029078704700BF0167002025289DBF024B187065
S21402908800202120704700BF04710020012307B585
S2140290981846064A0DF10701FCF7BEFB9DF80720A5
S2140290A8034B1A7003B05DF804FB00BF29E1010008
S2140290B87C700020F8B507460E46144613F0EEFDFF
S2140290C81A4B05461B78022B2FD1194818F0EBFAD3
S2140290D858BB284611F079FF38B32246314638463F
S2140290E811F06FFF08B311F027FE0446384613F056
S2140290F854FD104B012E1A784FF00F0303FA02F3B1
S2140291089BB2B4FBF3F203FB124404F10104A1B2CE
S21402911806D1094B094A1E702B6813606B685360A8
S2140291280348BDE8F84017F0BDBEF8BD56660020F5
S214029138BC4A00200371002000670020F866002061
S21402914884B010B502AC84E80F00082227480DF157
S2140291581601089CF4F794FD08BB9DF815309A078B
S21402916805D4234B1B7803F0FD03312B1DD121496F
S2140291786378097803F00F028A4203D0012922D1C4
S214029188022A12D1227882B91B09022B0DD11A4B58
S214029198A0781B78022B1AD1C0F3800006E00022C2
S2140291A80821124813F033FF20B90020BDE810400A
S2140291B804B07047114BBDF808205B889A42CCD0A1
S2140291C8002BCAD0F1E70229EFD1012AD9E7030614
S2140291D809D40B4BB3F86820BDF80A309A42E4D19A
S2140291E8FEF714FCE2E70120E0E700BF98580020EB
S2140291F856660020D170002057660020945800203A
S214029208A8570020284BF0B55D88002387B08DF854
S2140292180830264B0DF10B001B7805F0010743F0CA
S21402922820038DF8093014F078FA6FF07F43ADF812
S21402923813308DF8153014F0EEFA1D4B8DF8160023
S2140292481B7805F01006DB00DCB2F1F719F8194BAB
S2140292581B7883422CBF44F0040344F084032FB1E6
S214029268A9061ED426B143F0020301E0AA07F9D4E0
S214029278002108468DF80A3017F09CFDADF8060066
S21402928858B101230F2202A90DF10600FCF79EF938
S21402929818B90DF1060012F023FABDF8060007B059
S2140292A8F0BD43F00103DDE77C700020D17000209A
S2140292B80D6700204F66002010B5FCF733FA0A4BFC
S2140292C81B78022B0CD1094B1B78033B012B07D9C1
S2140292D8074C207828B1002011F07AFE002323706C
S2140292E810BD13F03DFFF9E75666002057660020CA
S2140292F80067002084B02DE9F0478EB016AC84E8EB
S2140293080F00DFF878C1594BBCF802009DF85DA043
S21402931810F001049DF96220BDF870E09DF8759082
S2140293289DF976709DF878509DF97A109DF95E80C1
S2140293389DF860601B7835D09DF87D00C0F3400428
S214029348C0F38000002B4AD0494B1B78022B09D168
S2140293588A4244DB24D1A81BC0B280288CBF0020D6
S214029368012016E0434B1B78012B01D1002C7AD042
S21402937878B19CF800301E335BB29F42D4BF0027F8
S21402938801279845D4BF00230123BB4206D18A424F
S214029398E0DA0EB0BDE8F04704B070473846F8E7A2
S2140293A80020F6E710F0020F18D0C3B1490814BF20
S2140293B801200020520814BF012300238342E8D16B
S2140293C8AB1BDBB2802B0AD9AE42E9D1B84506DB25
S2140293D849D1CA452CBF00200120DAE70BB9012083
S2140293E8D7E7AE4216D002AC1CAF0FCF0FC497E831
S2140293F8030044F8040B2180DDE91A0116AB00903D
S214029408ADF804100FCB12F065F90028E7D1AE428A
S214029418A1D1BEE7BDF8583073451ED008AC0DF191
S214029428700CBCE80F000FC49CE8030044F8040B59
S2140294382180114C638873450FD10822211D0DF136
S2140294482E00F4F71DFC024638B90821201D13F039
S214029458DEFD10B96388002BC1D1B845BFDBC2D187
S214029468CA45BCD3BFE7204693E700BF0167002082
S2140294785766002056660020945800207C7000200C
S21402948884B02DE9F04F8FB06A4E18AC08AD84E868
S2140294980F00162200212846F4F7A6F833783BB9BF
S2140294A80024654B32781B789A4239D2002726E088
S2140294B80021624818F0C9F800270446B846DFF8C3
S2140294C87C91002C45D13FB1224639465B4813F0C1
S2140294D801FD3378013B33703378002BE0D000214E
S2140294E856484FF0000918F0B0F84F468046CA466C
S2140294F8DFF848B1B8F1000F6CD1002FD1D0162191
S214029508002218A813F06CFC014648B1002F00F0A0
S2140295188B802246494813F083FC33780133337034
S214029528454B32781B789A4207D94448002201886C
S21402953813F0D0FC3378013B33703378012B03D118
S2140295483F49404817F0AEFC0FB0BDE8F04F04B0F4
S21402955870470022214616232846CDF8008018F0C8
S21402956811F91622294618A8F4F78AFB0028EBD028
S2140295789DF864209DF824309A4225D1BDF86020D3
S214029588BDF820309A421FD108220DF12E010DF1A6
S2140295986E00F4F775FBB8B902AF0DF1600CBCE8C3
S2140295A80F000FC79CE8030047F8040B39800EAB80
S2140295B813E903000090ADF8041095E80F00FFF7D2
S2140295C899FE0028C0D027462146484618F061F87A
S2140295D8044676E71623002241462846CDF800A020
S2140295E818F0D0F802AF0DF1600CBCE80F000FC7F8
S2140295F89CE8030047F8040B39800EAB13E9030016
S2140296080090ADF8041095E80F00FFF773FE0746C2
S21402961820B1B9F1000F04BF444681464146584678
S21402962818F037F8804665E73A46044818F013F803
S21402963873E700BF0167002004710020A25F0020C4
S21402964820BF0200E06E00202DE9F04F00210446FC
S2140296589FB00DF14008162240460E91CDE90C1136
S214029668CDF83B10F3F7C0FF052220460DF11F0385
S21402967816A911F08DFC0228074600F0F88020464D
S21402968813F093FB064617F078FF8146F01C17F096
S21402969874FFADF84000701D17F06FFF012FADF88C
S2140296A84200204640F0E68013F07FFB054620463F
S2140296B817F00CFB0D3502232D1A0093214643465C
S2140296C80820EAB20FF0BFFA002800F0D080204641
S2140296D813F070FB012F83469DF84D3040F0E3806F
S2140296E800252F4643F001038DF84D3016AE338819
S2140296F8022B4DD1F178204602310CF00FF81B28C8
S21402970846D1F178204603310CF008F819283FD1E3
S214029718F178204604310CF001F84A2838D14FF087
S214029728050AF1782046013151440BF0F7FFF1782B
S2140297380590514420460BF0F1FF059B00EB0320F1
S21402974883B200F03F02932B059240F09B800023E1
S214029758F778214602375744FFB23A4600930CA8D8
S2140297680F2318F00FF807F10F01204615F098FBA3
S21402977807F111010546204615F092FBADF84200A6
S214029788059B023353445FFA83FA33795345C8D8A4
S21402979806360DF17603B342A9D19DF84D20C5F3DE
S2140297A8C03363F3410220468DF84D2013F094FA35
S2140297B88DF84400204613F084FA8DF845002046BA
S2140297C813F084FA9DF83230BBF1190FC3F3C302C3
S2140297D88DF84720DDF833208DF84600CDF84E2068
S2140297E8DDF83720CDF8522094BF00229DF83E209F
S2140297F88DF8482003F003028DF84A206E4A127844
S214029808022A9DF84D200CBFC3F38003DB0963F3DD
S21402981882026A4B8DF84D201B78022B57D1BDF871
S214029828406013F07FFC864251D108A813F075FFFA
S214029838BBF1190F48D908220DF14E0108A8F4F712
S2140298481FFA00283DD1B9F5004F02D0B9F5624F8C
S2140298580DD140F6FF7325F440459D4207D10022FC
S21402986808210DF14E0013F0D2FB00283FD01FB09E
S214029878BDE8F08F13F099FA0546204617F026FA47
S214029888073518E7412B7FF47BAFF1782046023183
S21402989851440BF043FF4A4B1B78C3F1B3031844F9
S2140298A88DF849006CE76FF30003F01D8DF84D3014
S2140298B817F063FE0CA90546204613F062FF0B2735
S2140298C86BE700F0B3FFBEE700F0B0FFCFE7B9F5ED
S2140298D8004F02D0B9F5624FC9D140F6FF7325F49E
S2140298E840459D42C3D1BBF1190FC0D9B7E7BBF1BA
S2140298F81A0F06D007F11F0142462046C9B211F0D8
S214029908F1FE304C304D637BDBB12B78012B1DD139
S214029918012323730CAB029314AC94E80300009063
S214029928ADF8041098E80F00FFF70AFC90B194E827
S21402993803000090ADF8041098E80F00FFF7A0FDAA
S21402994808E0FCF7E9F80028DFD0E1E703F0FD03BA
S214029958042BDDD02B78012B01D0042B87D11B4B8F
S214029968DDF84E001B78DDF852108DF82230BDF86F
S2140299784030ADF820309DF84D30C3F340038DF8E3
S21402998823309DF8313003F00F038DF82C309DF804
S21402999848308DF82D3009AB03C30D4B1B681BB13D
S2140299A8414608A8984762E79DF946209DF8451063
S2140299B808A811F053FA5AE75766002056660020A0
S2140299C80867002094580020E566002007670020F4
S2140299D8885800202DE9F043424B434C1B7885B04B
S2140299E8033B012B22D817F0E3FC2378022B31D154
S2140299F83E4A1468A0422DD03D4910600A68121BE0
S214029A0810443C4A0860127872B1013A93403C22EC
S214029A1853434FF47A72534398421BD9032005B036
S214029A28BDE8F043FBF77EBF0A23F2E717F0C0FC57
S214029A382378022B0ED12D4A1568A8420AD0002791
S214029A48DFF8BC802C4E1060451B98F80030FCB23C
S214029A58A34202D805B0BDE8F08356F82430204663
S214029A682B4446F8243017F0A9FBC3074FF0000929
S214029A7810D5204609F0FEF970B156F82430242B8A
S214029A8808D9102200232046CDF8009009F00CFAD7
S214029A9846F824900137D8E7184B1B5D13F00F03DE
S214029AA81FBF03F1FF32022393403C220CBF0A2356
S214029AB853434FF47A72534356F824209A42E9D90C
S214029AC8204609F067F902A914F072FE28B120466A
S214029AD809F060F902A911F03FF9204614F0FEFEDB
S214029AE8D8E700BF5766002056660020E84A0020DE
S214029AF8E44A0020CC70002000490020FB650020C4
S214029B08E3700020064B1B88DB0708D50022054BAE
S214029B1843F82020044A135C63F00F03135470477B
S214029B28A45F002000490020FB65002008B517F056
S214029B383FFC0022024B1860024B1A6008BD00BFA9
S214029B48E84A0020E44A0020014B1868704700BF24
S214029B58E44A002008B50C48FBF7E4FDFBF736FF9D
S214029B6880B10A4B0322B3F86810012011F0DCFD1D
S214029B784FF47A71064B04481B885943BDE80840DF
S214029B8817F090B908BD00BF006F0020A857002044
S214029B985C700020014B18800020704780700020FF
S214029BA8044A054B1870138823F0030318431080E1
S214029BB800207047A45F0020CD700020034B188851
S214029BC8C0F30E00003818BF01207047525F00200D
S214029BD808B5FFF7F3FF30B1002004490223044A10
S214029BE80880FBF719FE002008BD00BF525F002060
S214029BF827E10100024B1888C0F30E00704700BF29
S214029C08525F00200023084A01201370074A0849B9
S214029C181370084B084A1B7843F004031380022388
S214029C28064AFBF7F9BD00BF046700200367002059
S214029C38525F0020CD700020A45F002027E10100BB
S214029C4813B514468DF80710DAB9CAB20E2A18D810
S214029C580E4B1B881341DB0713D517F057FAFF285C
S214029C6811D09DF807200A4B0DF107011A5400F58A
S214029C788330012200F58070E5F74AFA204602B0E2
S214029C8810BD0124FAE70224F8E700BF807000201E
S214029C98FB65002030B5012100240B2385B0104D4A
S214029CA8019400918DF80C308DF80D000323B5F859
S214029CB8680003AA8DF80E4015F0ABF968B1B5F83E
S214029CC8681013F047FE40B10522064B64211A704D
S214029CD8054B06481C7017F0E5F805B030BD00BF06
S214029CE8A85700200367002004670020206F002082
S214029CF8064B1B78033B012B06D8054B1B781BB972
S214029D08044B1878FFF7C6BF704700BF5766002097
S214029D1802670020CC70002010B51548FBF702FD3C
S214029D28144B1978F9B9144A13787BB1013B1370AE
S214029D38124B1B78042B02D10846FAF7A7FDBDE89A
S214029D4810404FF496710A4817F0ACB80C4A1288BD
S214029D5802F00302022A0AD1BDE8104003220120BB
S214029D680849FEF729BABDE81040FFF7C1BF10BD83
S214029D78206F002004670020036700205766002033
S214029D88525F002000F8FF071FB50C238DF80C3031
S214029D980B4B0C461B88012123F004038DF80E306A
S214029DA800238DF80D00CDE900132046032303AAED
S214029DB815F02FF910B1214613F0CCFD04B010BDF2
S214029DC8A45F0020F8B5064612F052FF0546304654
S214029DD815F043F9411C044689B230460BF09EFC46
S214029DE802340746A1B230460BF098FC39460246C2
S214029DF82846FFF725FF022816D02946FFF7C4FF94
S214029E080A4B1B8803F00303022B0DD1284617F0D2
S214029E187DF9FF2808D00022054B43F82020054A82
S214029E28135C63F00F031354F8BD00BFA45F002051
S214029E3800490020FB650020084B1A785AB1022315
S214029E48013A93404EF66022534303210448B3FB7B
S214029E58F1F117F027B842F21073F6E7CC7000203B
S214029E68206F002070B505461748FBF75BFC0122F9
S214029E78164B28461A7015F0F0F8411C044689B2AB
S214029E8828460BF04BFCA11C064689B228460BF066
S214029E9845FC0F4C02232080214600200D4AFBF782
S214029EA8BBFC86B9238803F00303022B03D1FFF712
S214029EB83DFEFFF7C1FF23885B0704D5BDE8704067
S214029EC80548FFF747BE70BD206F002004670020D4
S214029ED8525F002027E10100006F00202DE9F043C1
S214029EE81F4C0546238889B0002B33D01D4E00210F
S214029EF84FF4807009F09CFA3378DB0728D50121E5
S214029F08208816F01BFF0746208812F04EFF023004
S214029F1817F033FB05A98046208815F0A4F9337894
S214029F28384613F0020F104B18BF0025B3F80090FE
S214029F3816F0E8FE0646384616F0C8FEF6B2029056
S214029F48424606212846CDE9009605AB10F044FFA6
S214029F5800232380054809B0BDE8F043FBF7E2BBBF
S214029F68AC5F002005670020A85F0020406F002035
S214029F782DE9F047304F80463D880E4614469946EE
S214029F88ADB3104612F01FFEB0F5006F2FD1204673
S214029F9812F02CFE824617F0B9F8FF2827D02EB109
S214029FA8264A32F810302B4322F81030B5F5007FD7
S214029FB836D0B5F5806F33D0B5F5807F17D1204BF4
S214029FC81B88A3421CD14FF6FF718A450FD0204644
S214029FD812F022FE284609F059FA50B93046FFF721
S214029FE87DFF0023174A1380174A3B801370BDE88B
S214029FF8F0870220002108F0AFFF0028EED1F0E734
S21402A008104D2B88A342F2D14FF6FF718A45EED047
S21402A01824B1204612F000FE00232B800023E3E73B
S21402A0280023094A3B80137031464B462246404677
S21402A038BDE8F04713F016BAA65F0020405F00207E
S21402A048AC5F0020AA5F0020EA66002010B504462E
S21402A05840F62140FFF742FF01214FF4807009F0D5
S21402A068E7F978B10022084B1C80084B1A700BF0EF
S21402A078D5FCBDE81040064B1880064B06481988E2
S21402A08816F010BF10BD00BFAC5F002005670020A9
S21402A098A85F00205E700020406F0020044A1378F4
S21402A0A818B943F001031370704743F00303FAE745
S21402A0B8056700202DE9F04FDFF84C9187B099F834
S21402A0C80060002E40F08C80DFF840B1DFF840A137
S21402A0D89BF80030F4B2A34207D80022424B1A80FB
S21402A0E807B0BDE8F04FFDF7ABBB20463AF8145070
S21402A0F808F0C0FE8046002860D0204608F04AFED7
S21402A10815F40071074645D001464FF6FF720E2039
S21402A11813F043FD0546002850D0394612F07CFD60
S21402A1284FF400730027304E204633803AF8142046
S21402A13822EA03032AF8143010220023009708F0B4
S21402A148B3FE2A4B1B88DB0707D5294B294A43F857
S21402A1582470135D63F00F03135518200021604323
S21402A168254B264C0093019101232A46205CFAF7D8
S21402A178B1FB002814BF0123002389F8003005D15B
S21402A1883388B3F5807F01D11D4B1880404607B04F
S21402A198BDE8F08F680513D5059113F07BFC012204
S21402A1A805990346009207203A46CDE90111FDF7C4
S21402A1B865FC4FF480630546002DB3D1013687E768
S21402A1C8104B18880028F9D0EA05F7D5394612F058
S21402A1D823FD0C4B1D880A4B1D804FF48073EBE75A
S21402A1E84FF00008D2E700BFA65F0020A45F002059
S21402A1F800490020FB650020799F0200801300209A
S21402A208AA5F0020AC5F0020EA660020E370002008
S21402A218405F0020042230B501F0400387B0002BCF
S21402A228054614BF012400248DF80C208DF80D1065
S21402A23804D004A914F0BCFA38B304ABCDE9004341
S21402A24801210223284603AA14F0E3FE0446F0B1CD
S21402A258104B1B78033B012B04D80F4BB3F868103E
S21402A26812F0DAFC4FF6F7739D4209D93222022120
S21402A2782046FDF74BFA80F00100C0B207B030BDA9
S21402A2882946204613F066FBF5E70120F6E7192073
S21402A298F4E700BF57660020A857002010B5FFF75E
S21402A2A897FC04F0DBFF13F0AEF9002014F07BFAFB
S21402A2B816F0DCFF08B1FCF7B7FA204C2378532BCC
S21402A2C812D1032323700023FF2219460120FDF72B
S21402A2D873FF002016F0F0FB10B1002012F073FD99
S21402A2E8BDE8104011F024BA062B01D0212BF0D17C
S21402A2F80120FDF705FF4FF6FE7012F002FF4FF63B
S21402A308FF7012F01BFF0020FDF732FE0020FDF75B
S21402A3185FFEFDF7AFFD00F087FB11F00CFA23781D
S21402A328212B02D1FDF782FBD3E70020FBF7FAFACE
S21402A33800214FF4004014F038F8CAE756660020A9
S21402A34810B50A4C0A48FBF7EDF92378062B02D11A
S21402A3580120FDF7D5FE2378062B01D0532B03D117
S21402A368BDE81040FFF79ABF10BD00BF5666002032
S21402A378606F00202DE9F84FDFF8CC8004460E46C1
S21402A3881746FFF725FC98F8005015B90220BDE8D5
S21402A398F88F212DFAD0DFF8B49099F80030012B07
S21402A3A801D1A306F2D4274817F07DF90028EDD18B
S21402A3B814F0200439463046DFF894B0DFF894A04B
S21402A3C805F00F051BD010F0C5FC012D8BF80070A8
S21402A3D8AAF8006033D1212388F80030FFF75EFF21
S21402A3E80020D4E7212388F80030FFF757FF002122
S21402A3F84FF6FE70FDF792FFFEF7D6FAF0E710F07A
S21402A408A8FC012D8BF80070AAF80060EAD0062393
S21402A41821464FF6FD7088F80030FFF7FBFE40F63F
S21402A428020240F2262199F800300648033B012B27
S21402A43888BF114616F036FD002CD1D1D7E7532334
S21402A448E6E700BF606F00205666002057660020C9
S21402A45806670020827000202DE9FF410F46054658
S21402A468511C38460BF05AF90446384612F09DFC41
S21402A4780646023017F081F8424B80461B7804F0F5
S21402A4884002022B02D0043B012B06D83E4B1B6827
S21402A498580205D5A10603D452B304B0BDE8F0812C
S21402A4A832B33A4A1278D11E012917D8384BB3F874
S21402A4B86830AB42F1D17378180714D5304614F0D9
S21402A4C809FEFBF70BFF0028E7D00122294604F015
S21402A4D8200004B0BDE8F041FFF74CBF022ADCD1E9
S21402A4E8DF01DAD4E7E712F000FE4045D5D1ECE703
S21402A4F8264B1B78013B012BCFD87378D906CCD5CF
S21402A50802A9384614F0F3FD002002A916F0CEFD83
S21402A518FF2806460BD0A20601D413F061F930468E
S21402A52808F038FC04F0BAFE304614F0D7F928468C
S21402A53817F004F9FF280DD0FCF766FB14F0200686
S21402A54808D112F0D2FD28B133460222284602A9C3
S21402A55805F0E0FF12F0C9FD00289ED1A3069CD4A0
S21402A56802A94FF6FF73022228460EF02DFB4FF67D
S21402A578FF72034600922846022202A910F0DCFC6B
S21402A5888BE700BF56660020F04A00205766002078
S21402A598A857002038B504460D4616F0B7FDFF2822
S21402A5A8034615D00B4A127842B10B4A32F81020ED
S21402A5B8520403D514F092F9002038BD184613F059
S21402A5C80FF9204645F04001BDE83840FFF722BEA5
S21402A5D80120F2E752660020405F002038B50546A3
S21402A5E812F0E3FB0446284614F037FD411C89B2F4
S21402A5F828460BF093F842060DD563781B070FD54D
S21402A608204614F067FD0146002016F04FFDBDE80F
S21402A618384014F063B90348BDE83840FFF790BEE7
S21402A62838BD00BF606F002038B54FF6FF75A842E8
S21402A638044617D012F076FDA04213D04FF6FD72EC
S21402A648094B198891420DD9084A1288AA4201D0A4
S21402A658A24207D11C804FF47A71BDE838400448FC
S21402A66816F020BC38BD00BF687000208470002039
S21402A6787C4A002008B50448FBF754F84FF6FF72E8
S21402A688024B1A8008BD00BF7C4A00206870002072
S21402A69837B505460C46082369460120064AFBF7E5
S21402A6A8BBF815B19DF806302B700CB1009B2360E1
S21402A6B8BDF8040003B030BD25E1010007B5082344
S21402A6C88DF80600ADF80410009269460020034A89
S21402A6D8FBF7A2F803B05DF804FB00BF25E1010012
S21402A6E8024A13780BB1013B137070474566002087
S21402A6F808B512F023FD00214FF6FF72054B0846F7
S21402A7081A80FDF78BFCBDE8084040F6164010F0AC
S21402A718E5BB00BF6870002008B5FBF703F80A4BD4
S21402A7281B78023B032B08D84FF6FE73074A10889D
S21402A73898424FF6FF7301D1138008BD9842FCD0A9
S21402A748BDE80840FFF7D4BF5666002068700020B0
S21402A75810B5084B1B78042B0AD012F0C6FC002151
S21402A76804460846FFF794FF231A5842584110BD7C
S21402A7780020FCE757660020F0B5002689B005469B
S21402A788CDE90566ADF81C6014F067FC0A2302469C
S21402A79804462946009605A816F0F4FF9DF81530DB
S21402A7A89DF814701F2B27D803A812F0B6FF0822AC
S21402A7B80DF1160103A8F3F763FA0646E0B9092F66
S21402A7C81CD1FFF7C5FFB8B1144B1B78A3B1144BC5
S21402A7D81A884FF6FD739A420ED9124C124A2378FB
S21402A7E80433DBB223701278013AB3EB820F03DD2F
S21402A7F858B20EF03EFC267009B0F0BD0A34E4B238
S21402A808214628460AF08AFF13F010F8611C2846EB
S21402A81814F046FBFFF708FFEEE700BFE5700020DE
S21402A8286870002045660020CB70002038B5134BB0
S21402A8381B78033B012B20D9114B4FF6FF711B786F
S21402A848ABB1104D2B888B4217D112F06BFC4EF62B
S21402A858602104460C4816F025FB4FF6FE73224686
S21402A8682B800021BDE83840092012F0EDBF074AC8
S21402A87813888B421CBF0133138038BD57660020ED
S21402A888E5700020687000207C4A00204E5F002099
S21402A89810B5044661B1FF2112F028FA00212046BD
S21402A8A812F02AFA12F058F90146204612F02AFA4D
S21402A8B82146BDE810400022014816F0CCBE00BF73
S21402A8C8B05F00202DE9F0410D461746044612F007
S21402A8D86CFA06782846FBF777F92946804620461A
S21402A8E812F09AF912F001FCA84206D1204601217C
S21402A8F8FFF7CEFF0120BDE8F0812846B8F1000F29
S21402A9080AD0FBF7EFF950B9144B3A462046BDE891
S21402A918F0411978FCF7FABE13F06FFFF3E706F07A
S21402A9280306012E08D012F0E0FB00232246294631
S21402A93802F030FF0028D9D1204612F029F9430543
S21402A94805D52046BDE8F041002112F010BD20468C
S21402A95813F026FFB0FA80F04009CCE7C970002051
S21402A96810B586B0044614F078FB104B02461868F9
S21402A97819790290D3F805005B7A01328DF8143003
S21402A98800238DF80C1004902146009392B20523FA
S21402A99804A816F0F7FE052204A902A8F3F770F930
S21402A9A8B0FA80F0400906B010BD00BF9815050041
S21402A9B808B50748FAF7B6FE064B1B78033B012B89
S21402A9C805D8BDE8084000210846F9F75FBF08BD6C
S21402A9D8806F00205766002008B5114812F0B4FAB6
S21402A9E8104B1B78012B06D8FF2009F0FDFBFCF75D
S21402A9F851FD08F09DFCFCF76BF902F06BF9FFF7C6
S21402AA0801F914F0C1FC0BF05BFBFCF7F9FE0BF046
S21402AA1885F810F0A3F9BDE8084003F0B1B900BF05
S21402AA2870580020CA70002008B5EFF777FDFF2897
S21402AA3803D0094B1B78012B06D9002009F0D4FB5A
S21402AA48FCF728FD08F074FCFCF742F902F042F91C
S21402AA58BDE8084003F094B9CA700020064B18787F
S21402AA68112806D000F0FD00A0F1410358425841D3
S21402AA7870470120704700BF566600202DE9F04156
S21402AA880446FCF7AFFC18B100263046BDE8F08154
S21402AA981D4B1B78033B012B09D81C4BB3F86810D7
S21402AAA84FF6FF739942EFD0204612F0B5F8184BCE
S21402AAB8022120461A88FCF729FE06460028E3D01B
S21402AAC8204612F072F990F807800546043016F010
S21402AAD854FD074612F009FB414602463846FCF783
S21402AAE899FCA81C16F049FD4FF6FF73984202D14E
S21402AAF82046FFF7ABFA2B789B07C6D101212046E2
S21402AB08FFF7C6FEC1E700BF57660020A857002019
S21402AB18AE5F00202DE9F04F002585B00746039565
S21402AB2812F043F90646043016F027FD8046B01C9C
S21402AB3816F023FD337804464046009316F0E6FAEC
S21402AB4882464046FBF740F83378BAF1FF0F0CBF4F
S21402AB5883464FF0010B9A070AD112F0C6FA40450F
S21402AB6814BFD9464FF00109B3791BB90320B9E0DF
S21402AB78A946F9E712F0B9FAA04205D112F0B5FAD9
S21402AB880446994B1B7836E0984B1B78052BF8D071
S21402AB98033B012B03D8964BB3F86840F1E72046EF
S21402ABA816F0E9FD737840B313F00402DFF8388232
S21402ABB80BD198F800301A4421463846D2B2FFF72D
S21402ABC881FE0028D2D000208CE0384614F007FA1E
S21402ABD80146054638460AF0A1FD421C520029469F
S21402ABE8384602F0FE0212F075FE737823F004036C
S21402ABF8737098F800300022DDE75B0726D53846E2
S21402AC0814F0EDF90146064638460AF087FD8246F4
S21402AC1806F101091FFA89F9494638460AF07EFD07
S21402AC28DFF8C481BAF1000F01D0FF2805D100224F
S21402AC38494638460AF086FDDBE7B11C01EB4001BF
S21402AC48C9B2384614F02CF90446D2E7204603AABD
S21402AC5802A913F022FF0546B9F1000F4AD0009B5D
S21402AC6803F0C003802B0ED1FF2320468DF809304F
S21402AC780BF03EFAFF281BD00DF109020DF10A016E
S21402AC880BF02AFC14E0402B34D19DF808308BB325
S21402AC98FF2320468DF809300BF02AFAFF2807D042
S21402ACA80DF109020DF10A010BF016FC2D281CD134
S21402ACB83378404603F03F03337016F05CFD10B954
S21402ACC812F013FA8046002342461946204608F038
S21402ACD84FFE00283FF44AAFC822072138460AF03A
S21402ACE855FF012005B0BDE8F08F9DF80930FF2B0F
S21402ACF8DED12546039838B99DF80820002A62D185
S21402AD08394B2C461B7856E709F032FA039AFF2885
S21402AD180346127908D1CDE900204FF4E17135488F
S21402AD2816F04DFBDDE90023B9F1000FE4D002F07E
S21402AD383002102A0AD0202ADED1BBF1000F24D016
S21402AD485146184609F016FC0028D5D1DFF8A89017
S21402AD5899F80030012B45D0204610F0C5FC28B9DA
S21402AD682A4621464046F37913F01AFEA54212D126
S21402AD78039A137923F00C0313719DF80830ABB9C4
S21402AD882C46194B1B78302215E7039B1B7913F0C8
S21402AD980C0FDBD1B0E799F80030022BE8D0039A03
S21402ADA8137923F00C0343F00403E5E70121204658
S21402ADB812F0DFFB20B920460BF09AF9FF280FD0D5
S21402ADC8094B1B78DFE70121204612F0D2FB002848
S21402ADD87FF4D7AE20460BF08BF9FF287FF4D1AE6E
S21402ADE802207FE7A542D9E7AE5F0020576600201B
S21402ADF8A85700207BB204000A67002038B50E4B1D
S21402AE0804461B780D46033B012B10D900F10803B4
S21402AE189BB2012B0DD812F068F900230246294688
S21402AE28204608F0A5FD80F00100C0B238BD01201A
S21402AE38FCE70220FAE700BF576600202DE9F0413A
S21402AE48064610460D4614F008F9A0F11004E7B2BB
S21402AE5856FA84F42146EA1B04F10E00F2F716FCB1
S21402AE682823DFF84480F35598F80030637301F01E
S21402AE7845FF611C0246012010F070FC08220949B1
S21402AE88601DF2F703FC98F8000013F0FCFA05F1CF
S21402AE980E0130463B460022C9B201F0E1FF1220FD
S21402AEA8BDE8F081DC660020516600202DE9F04FEF
S21402AEB889B0044611F079FF0546204611F0D8FEFF
S21402AEC80746281D16F059FB8146A81C16F055FBA6
S21402AED80390384695F807A016F04DFC2B78049098
S21402AEE8990761D12146042002F0C2F800285BD0F7
S21402AEF8204614F0B2F8014620460AF00FFC8207F4
S21402AF0852D1204614F0A9F8014620460AF006FC5B
S21402AF1810F00303059347D12046FFF721FD0028CA
S21402AF2842D0204614F08EF9461C204615F0EAFE5A
S21402AF38F6B206F10A0B834580F29F80504A06ABAA
S21402AF481068516803C3711C20460AF0E7FB3146B5
S21402AF58804620460AF0E2FB594600EB08282046BF
S21402AF680AF0DCFB8346059B2146B21C009306A822
S21402AF78082316F007FC1FFA88F8204611F078FE18
S21402AF885A46414610F0DEFB0122404606A901F069
S21402AF989BFB002871D102200BF036F8013003D152
S21402AFA8404606A9EFF788FB12F09FF848453A464E
S21402AFB8514608D112F00BFB00285ED109B0BDE855
S21402AFC8F04F01F077BB484612F001FB002854D137
S21402AFD82C4B1B781BB93946484612F095FC3A4664
S21402AFE851464846FCF716FA002846D0297811F04A
S21402AFF8030102D12046FFF74BFCAB79002B3CD06D
S21402B008214B1B78DA1E012A37D9062B35D06B78E6
S21402B018DB070DD503982E7A13F0D4FA10B3F3088B
S21402B02803F01C0326F01F06334343F001032B727A
S21402B0384FF6FF71204611F0EFFD049BDBB90FF0C7
S21402B0487BFE00F03F0202212046FCF75FFB4FF62C
S21402B058FF73039A9A4210D1204609B0BDE8F04F12
S21402B068FEF7F4BF06F01C031C2BE1D0042B04D910
S21402B078043E2E72DCE70022E5E709B0BDE8F08F51
S21402B0886D3B04004D660020576600202DE9F0430C
S21402B09885B004460E46174611F084FD0C28204655
S21402B0A87BD111F082FE0922002115F04FFD00F136
S21402B0B81005EDB2294620460AF030FB042853D084
S21402B0C806D8012815D0022822D005B0BDE8F0839C
S21402B0D87C28FAD1204615F015FE0546204615F0BE
S21402B0E8F5FD02463046E9B205B0BDE8F0430FF07A
S21402B0F84FBE46B91321204613F0D2FE05B0BDE86E
S21402B108F04312F01BB805B0BDE8F043FCF7ACBE3E
S21402B1189D4B1B78013B012BD7D82046E91C0AF029
S21402B128FDFA074686B978B9691C204613F0B8FEB8
S21402B1380546214613F095F93A462946102005B0E9
S21402B148BDE8F04316F0E2B9002508232146152289
S21402B15800950DEB030016F015FB284602A915F01C
S21402B168A5FF13F0BBFBB0E7884B1B78022BACD1CC
S21402B17846B9FEF73FFDC2070AD5FEF7D7FC002FF1
S21402B18808BF3F26304605B0BDE8F0430FF00CBEB8
S21402B198FEF714FD0028F0D0F1E711F006FE80460F
S21402B1A8043016F0EAF9074608F1020016F0E5F947
S21402B1B84FF6F773984205460CD8754A138801333A
S21402B1C89BB213800BB9734A13801EB1714A138857
S21402B1D80133138098F8009009F00309B9F1010FBA
S21402B1E840F08380204613F038FF014620460AF0D6
S21402B1F895FA043809283FF668AF01A353F820F0F9
S21402B20831B20200D3B00200D3B0020055B2020037
S21402B218D3B00200D3B00200D3B002003DB202009F
S21402B228D3B002003DB20200204605B0BDE8F043A6
S21402B238FFF7D4B9544B1B78042B7FF446AF002192
S21402B248084605B0BDE8F043F9F720BB4E4B1B781D
S21402B258013B012B3FF639AF404613F03BFF002770
S21402B2684D4B01465B898DF80A70ADF80830002808
S21402B2783FF42BAF384615F019FF0546204613F063
S21402B288ECFE421C03232146009792B202A816F04F
S21402B29879FA9DF80A30E6B93C4A1278022A18D199
S21402B2A8BBB9FF2DBDF808400AD03C4A214632F801
S21402B2B81530284623F4806322F8153013F0EDFA89
S21402B2C8204613F0CBFB00222146102016F01EF96A
S21402B2D8FBE6022B3FF4F9AE2BB9304B33F81530A8
S21402B2E85B053FF5F2AE28463BE7B9F1000F7FF45F
S21402B2F8ECAE3146204604F0BBF8002E3FF4E5AE2D
S21402B3084FF6F7739D423FF6E0AE98F8016028467E
S21402B31816F0040620D113F0EEFB044628467CB14C
S21402B32813F06BFA0346F0B90C2200902946384609
S21402B33812F048FC0C22002339462846009308E0FF
S21402B34813F05BFA0346B8B9154A009012782946F4
S21402B358384612F037FCB8E613F04FFA034678B9C7
S21402B3680B220090F3E70622334629463846009613
S21402B37812F028FC0622DEE7234600940622E6E7B9
S21402B3884B46CDF80090F9E757660020566600202F
S21402B398565F0020545F002098150500405F002085
S21402B3A8067100202DE9F04F05888BB00446284622
S21402B3B811F0FBFC8046043016F0DFF8074608F169
S21402B3C8020016F0DAF805A90190284613F08FFE57
S21402B3D8284613F042FE0146064628460AF09EF91B
S21402B3E898F80030029003F00303012B0CBF824644
S21402B3F84FF0FF0A15F0D7FFB4F806B0814611F0F1
S21402B40874FE98F8073000903846039301F08AF8DD
S21402B418002838D1019801F085F8002849D1FCF7B0
S21402B428B9FAA9EB0B0B1FFA8BFB8146FAF774FBEA
S21402B438002844D1FFF712FB002840D1A14B1B7805
S21402B448033B012B42D8BAF1060F00F0BE80BAF1D0
S21402B458040F00F0BA80FFF701FB20B1029B03F04D
S21402B4680303012B32D0FAF7B1FA28B9964B1B78A8
S21402B47803F00F03062B6FD1944B2846B3F86810D7
S21402B48811F0CAFB22E0284611F08FFC023016F0B3
S21402B49874F84FF6F773984206D9039B23B92846E1
S21402B4A8FFF75EFA0028B5D1A37823F00F03A3703E
S21402B4B854E0019816F05FF90028B0D1F4E7A9F134
S21402B4C804095FFA89F9B9F1020FB7D8BAF1010F80
S21402B4D840F0A280284611F089FB4FF6FF73984287
S21402B4E86AD100233146284607AA13F01AFA80467C
S21402B4F80028D9D042799DF82530934209D9711D82
S21402B508284689B20AF01EF9A37823F00F030233FD
S21402B518A3700FF011FC7E23B0FBF3F202FB1303B9
S21402B52803F58073A3809DF8263013F0180F0BD00E
S21402B538A378190708D1009BBB4205D0384698F86D
S21402B548052005A90FF040FC9DF82700003818BF13
S21402B55801200BB0BDE8F08F2823A3800020F8E76F
S21402B568584B1B78033B012B5FD940F6B8339B45F3
S21402B5789AD80FF0E1FBFF238DF81330002300F072
S21402B5883F00C0F5FA70A08007A90DF113008DF8E8
S21402B5981C30FBF7A3FF054698F80710384612F04A
S21402B5A80AF8002D80D09DF81C20013A032A7BD881
S21402B5B8DFE802F0807A697D4FF6F773019A9A42BD
S21402B5C824D898F80130DA0720D4284611F00EFB62
S21402B5D816F06EF8012808BF3D4BA27809BF1B7803
S21402B5E8FA2303EB830303EB830302BF9B00FA33BE
S21402B5F89BB212097FF458AF5B45FFF455AF0FF0C4
S21402B6089BFB00F01F001030A08053E02D4B1B78E8
S21402B618033B012BA9D8D8E74FF6F773019A9A424B
S21402B6289ED898F80130DB079AD4BAF1020F53D1A4
S21402B6380123314607AA284613F073F9074611F084
S21402B64854FDBDF82230984236D1002F3FF42CAF75
S21402B65801227B883146284608F00EFB1D4A1378DD
S21402B6680133DBB288F8073013707B88BDF81E20DA
S21402B6789A421FBFA37823F00F030233A3704FF436
S21402B688C873A38016E0009BBB4213D000283FF481
S21402B6980BAF426801323FF407AFC2789DF8133009
S21402B6A89A42BFF401AF05E0009BBB4202D0A278E3
S21402B6B81209EBD101204CE7184616F05CF8002870
S21402B6C8C3D182E75766002056660020A857002096
S21402B6D8DB70002054660020BAF1030F7FF475AFC2
S21402B6E8009BBB427FF471AF711C284689B20AF0F0
S21402B6F815F80C287FF469AFFBF7E2FC4FF6FF73E8
S21402B708984201463FF461AF284611F085FA5CE795
S21402B7182DE9F3410446008811F047FB054604303C
S21402B72815F02BFF0646A81C15F027FF074615F04E
S21402B7383AFE05463046B4F8068000F0F3FE0646A2
S21402B74848B9384600F0EEFE58B9194AA378127876
S21402B758033A012A0BD8A378002623F00F03A37016
S21402B76821E0384616F007F80028EED1F3E71B0961
S21402B778F1D1A5EB0805ADB2B5F5C86FEBD80DF15A
S21402B7880301384601AA019313F087F99DF803507E
S21402B798014645B94FF6FF73984204D00126208821
S21402B7A811F03AFAA580304602B0BDE8F08100BF33
S21402B7B8576600202DE9F04105460C4611F0F2F9CD
S21402B7C8082802D10120BDE8F081201D15F0D5FE1B
S21402B7D80646284694F8078011F04AFA074628468D
S21402B7E811F0D6F9010612D5184B1B78042B0ED188
S21402B7F8174B1B78022B0AD1164BB3F868204FF664
S21402B808FF739A4203D000210846F9F73FF8124B15
S21402B8181B78002BD6D1A01C15F0AFFE4FF6F77397
S21402B828984202D86378DA070DD523789B070AD19F
S21402B8383A464146304611F0CAFE80F00100C0B2D0
S21402B84800F00100BFE70120FAE700BF57660020B4
S21402B85856660020A85700200C6700202DE9F04FF6
S21402B8689DB0044611F09EF90546204611F09AF955
S21402B87808285AD14FF40043102200212046ADF87A
S21402B888503012F027F8204615F020FA0DF016FC74
S21402B898002321461A460C2000930DF0D4F998B3DB
S21402B8A8204615F013FA14A902461020FAF7D6FD18
S21402B8B80501204615F00AFA14A902464020EDB200
S21402B8C8FAF7CCFD10B120460FF04AFA204615F0DA
S21402B8D8FDF914A902468020FAF7C0FDB8B99DB151
S21402B8E8102517A806F0A2FD2046BDF8507015F0E0
S21402B8F809FA0646204615F0E9F929460090F3B2F9
S21402B908384617AA0FF0CAFA1DB0BDE8F08FBDF880
S21402B918503017A8ADF85E40ADF85C300FF00CFF5B
S21402B9280028DCD145F08005DBE7204611F08DF9CA
S21402B938B0F5006F40F00581204611F099F90646E9
S21402B948042D40F00181204611F022F980F40060AF
S21402B958C0F3C02000223146400015F0D7FD954BB3
S21402B9681A78022A0DD0FFF779F850B902F0FD03CB
S21402B978312B06D0043A012A03D98F4B1B78002BA9
S21402B988C2D02146022001F073FB05900028BBD0E6
S21402B9982046ADF8464011F008FA0446BDF84600BF
S21402B9A811F066F90546201D15F0E7FDA31C83462F
S21402B9B81846039315F0E1FD12A90746BDF846009E
S21402B9C813F095FB63780690BDF8460094F800805D
S21402B9D8099313F042FB6378064608F003082846E4
S21402B9E80C93FAF7F1F8B8F1010F0CBF0323022300
S21402B9F80E93724B08BF4FF00B091D80237818BFB1
S21402BA084FF00A0903F03C03082B0D907FF47CAF35
S21402BA18BDF8460015F076F9B0427FF675AFB8F174
S21402BA28010F03D0237898077FF46EAF644BB3F800
S21402BA386830AB420DD1634A634BB2F9001093F9F2
S21402BA480030002900F0A58001EB0313A3EB2113B5
S21402BA5813804FF0010AA6F11003DBB207938DF8A4
S21402BA68453010224846BDF84610CDF800A00DF124
S21402BA7845030DF0E8F800283FF446AF099B13F09B
S21402BA8802030A9300F00A81504B1B78002B3FF4FE
S21402BA983BAFBDF84690484613F0DFFA00230890FD
S21402BAA84846CDE917331993ADF8683011F0E0F837
S21402BAB8089B039003F10E01484689B213F0A0FAD8
S21402BAC8002870D000234946089A009317A80E2328
S21402BAD815F058FE50460DF15D010FF04DFE9DF82B
S21402BAE869300B9004939DF85C30282B5BD10DF1DE
S21402BAF86100FAF7F3FB0F90002854D1049812F06D
S21402BB08C2FC0F9B002867D1314B049A1B78D31AC4
S21402BB18190648D404F04CFD50453CD115F048FCB3
S21402BB282C4E0546346824B104F048FD2C1B84428A
S21402BB3839D30023FF2219461846FCF73DFB356029
S21402BB4831E04FF6FD76FBE64FF6FF70301A18BF67
S21402BB58012000223146400015F0D8FC0C2D0DD1EC
S21402BB682146012001F084FA00283FF4CDAE214692
S21402BB7800201DB0BDE8F04FFDF700B92DB92046EC
S21402BB881DB0BDE8F04FFDF75FBD042D7FF4BCAED7
S21402BB98E5E61B025CE704F00BFD022803D104F07D
S21402BBA8E9FC0028BAD000221920039915F0AEFC49
S21402BBB8AAE600BF566600200C670020CC5F00206D
S21402BBC8A85700209E5F00200867002052660020C3
S21402BBD851660020B858002010214846089ACDF829
S21402BBE800A012F08EFA0028DDD0A64B049A1B7825
S21402BBF8934240F0AA8003990DF1610214A815F049
S21402BC0821FA012114A8FAF743F8824648F20301FA
S21402BC1814A8FAF749F9BAF1000F03D0082114A8B4
S21402BC280FF045FD484613F036FA03990DF1610008
S21402BC38FBF7E6FAFE288246B5D0FF280AD1039813
S21402BC4815F07CFDFF28824600F087800DF1610121
S21402BC58FBF750F98B4B049A1B78934200F0A380AB
S21402BC6850460B99FBF7B2FA00283FF44DAE504601
S21402BC780B99FBF7BDFA23789A070FD1484613F0BB
S21402BC88ECF90146484609F049FD00F00300012890
S21402BC9804D103980DF16101EEF70EFDBDF84600DA
S21402BCA810F076FF030440F18580204615F065FC07
S21402BCB840F4007189B2204615F061FC00224FF468
S21402BCC80041BDF8460010F054FFDDF81490012339
S21402BCD810220093BDF846100E980DF145030CF09D
S21402BCE8B2FF00283FF410AE032866D1204615F0AE
S21402BCF844FC40F4007189B2204615F040FC284600
S21402BD0815F039FD002840F0B780DDF81490B8F138
S21402BD18010F40F0C1800320BDF8461001F0A8F9D3
S21402BD28002840F0B9803146BDF8460009F0F6FC16
S21402BD380F2801467FF6E8AD4FF6F7739F423FF6A7
S21402BD48E3AD284611F02AFEDEE55046049903F0D4
S21402BD5849FD00287FF44FAF25E7237803F0030355
S21402BD68012B08D1484613F078F90146484609F0EF
S21402BD78D5FC082892D0444B1A78444B1B789A4232
S21402BD8809D20DF161010398FBF768F8039815F0DC
S21402BD98D5FC82465EE7A01C15F0EFFB4FF6F7735C
S21402BDA89842EED9FFE65046FBF79AFA00283FF487
S21402BDB857AF5CE74FF0000989E7284615F0DBFC29
S21402BDC80028A4D00A9B002B58D1B9F1000F53D1F2
S21402BDD8B8F1010FBDF846009DD0314609F09EFC29
S21402BDE88246DFF8B09099F80030002B5FD011F049
S21402BDF87CF987427FF488ADB8F1010F40F0828063
S21402BE08BAF1070F78D8BAF1050F7FF67DAD204B49
S21402BE181B78022B02D0043B012B03D899F800307A
S21402BE28002B4BD00C9B980640F1BB800D9B002B39
S21402BE3840F0B380284615F069F9FF2840F0AD8037
S21402BE485D457FF461AD069B002B00F0A48012AB23
S21402BE5846F204020124ADF85C200193214602232F
S21402BE682846009417AA13F0D4F800283FF44CADDD
S21402BE78214611F07CFA47E5DDF81490284607F0CB
S21402BE8853FD44E75166002050660020DC7000200F
S21402BE9856660020526600203146BDF8460009F074
S21402BEA83DFC0A9B824613B9B9F1000F99D0A84BFC
S21402BEB81B78022B02D0043B012BB3D8284600F08D
S21402BEC831FB814600287FF41FAD11F00EF985423A
S21402BED822D1A04B1B78033B012B19D89E4BB3F8F3
S21402BEE8684011F002F94B4601460D222046CDF86D
S21402BEF8009011F067FE07E5AAF10E03DBB2012BEC
S21402BF0885D901E50AF00303012B7FF4FDAC7EE731
S21402BF18012000F0A5FBF7E4284615F02CFC58B9DA
S21402BF2811F000F94FF6FF73984205D015F09EF906
S21402BF3810B92846FAF738FF284615F01CFC88B1CF
S21402BF4811F0F0F84FF6FF7398420BD015F08EF901
S21402BF5840B9B8F1010F02D1BAF1060F02D028464D
S21402BF6807F04CFA069BA3B919460122584600F078
S21402BF78ABFB814600287FF4C7AC204613F0AAF82C
S21402BF884A460146384600F09FFB00283FF44AAF6F
S21402BF98BAE412A9E9E7069B5AE7637823F0200376
S21402BFA863704FF6FC739F4275D16A4B1B78033B4E
S21402BFB8012B7FF6A9ACA3790BB1013BA371637879
S21402BFC8590727D50023584617AA14A9179312F01B
S21402BFD864FD1798F0B108F0CBF88146384615F09C
S21402BFE895F8179A0146137903F03000102806D000
S21402BFF803F00C0008281CBF23F00C0313711379F6
S21402C00803F03303202B05D1FF2903D0012248462B
S21402C01808F078FA284615F079F8FF281EBF00229D
S21402C0284E4B43F82020099B03F001094FF6F7739D
S21402C0389F4200F21381B9F1000F40F01C81294695
S21402C048584611F061FC11F050F8874200F0DF8084
S21402C058384615F090FB00284AD0B8F1010F30D1C7
S21402C068BAF1010F20D14A463146BDF8460007F01C
S21402C0785FFE384615F07FFB394B1B78002B78D1CC
S21402C088584615F078FB002870D1384615F073FB31
S21402C09800286BD138E44FF6FD739F428BD12D4BA7
S21402C0A81B78042B87D12FE4384615F064FB50B36F
S21402C0B8BAF1030F27D13146BDF8460011F0BAFD92
S21402C0C822E4384615F057FB384612F096FB00284D
S21402C0D848D0002339465846BDF8462001F05AFB98
S21402C0E800283FD00021BDF84600FEF7D1FB0BE43E
S21402C0F8384615F040FB18B1B8F1010FD8D0E3E77F
S21402C108B8F1010FE0D1164B1B78002BB8D0BAF164
S21402C118050F2ED110F0E9FF8DF85C0010F0E5FF50
S21402C128000A8DF85D000123022217A90DF14600C8
S21402C138F9F74CFA00287FF4E7AB711CBDF8460005
S21402C14889B209F0D9FA03780133037011E000BF07
S21402C1585666002057660020A8570020004900208F
S21402C168E27000209A4B1B78002B89D0B8F1010F99
S21402C178CDD063785A070CD5BDF84640204612F053
S21402C1882EFF411C89B2204609F0B6FA0378013B15
S21402C1980370904B1B78033B012B30D8B8F1010F84
S21402C1A806D1BAF1050F1FD110F09FFF834522D1A1
S21402C1B8BDF84600FEF7AEFC02281CD10021584600
S21402C1C817AA08F021F930B10379458003F03C0339
S21402C1D843F04003037100237F4A009339465846CA
S21402C1E8127811F0EFFC06E0BDF84600FEF792FC66
S21402C1F8BAF1030FE0D1002239461C20D6E4BDF876
S21402C2084600FEF787FCB8F1010FD5D1F0E7B8F182
S21402C218010F7FF467AF0AF1FF330C2B00F2AA80F6
S21402C22801A252F823F000BF93C2020093C2020092
S21402C238BFC00200A9C20200B9C20200DDC20200E3
S21402C248FFC202002BC3020041C3020041C3020020
S21402C2584DC3020065C3020071C30200B8F1010FA4
S21402C26800F09480B9F1000F08D1BDF84600FEF739
S21402C2781DFEFFF749BBB8F1010FCCD0237A03F0B5
S21402C2880303012B7FF440ABEFE7AAF102035A42FD
S21402C2983146BDF846005A4107F04AFDFFF734BB5F
S21402C2A832465846BDF84610FEF7D6F8FFF72CBBBE
S21402C2B8711CBDF8460089B209F030FA0236F6B2A9
S21402C2C80246BDF846305846009612A90AF054F8B7
S21402C2D8FFF71ABB3F4B1B78013B012B3FF614AB0B
S21402C2E8079B0121009300202346BDF8462011F043
S21402C2F8D8F9FFF709BB374B1B785A1E012A07D90C
S21402C3080120079ABDF84610FCF71AFCFFF7FCBA9C
S21402C318022B7FF4F9AAF9F7FFFB0028F0D1FFF702
S21402C328F3BABDF8460006F069FEFFF7EDBABDF8A7
S21402C3384600FEF721FA98E7BDF84600FEF71CFA13
S21402C348FFF7E2BA234B1B78013B012B3FF6DCAA28
S21402C358BDF84600FDF736FDFFF7D6BABDF846002B
S21402C368FDF780FDFFF7D0BABDF846000FF0DEF9FC
S21402C378FFF7CABA334622465046BDF846100FF0B3
S21402C388A7F900287FF4C0AA5146DAE40AF1FF3377
S21402C3980C2B3FF6B9AA01A252F823F093C2020068
S21402C3A893C20200BFC00200A9C20200B9C20200BC
S21402C3B8DDC20200FFC202002BC3020037C302001E
S21402C3C837C302004DC3020065C3020071C30200F0
S21402C3D8E2700020576600200671002010B5002182
S21402C3E8114810F058FD0446E8B110F06AFC0F4BED
S21402C3F81870204610F06AFC0D4B1870204610F094
S21402C4086BFC0C4B1870204610F06BFC0A4B18603D
S21402C418012014F0D1FF2046FFF720FABDE81040AD
S21402C428002014F0C9BF10BD7C5F002009670020F9
S21402C4380867002007670020B058002070B5164E1F
S21402C448044633680D46E3B110F0ACFB0C2818D14D
S21402C458204610F0AAFC09220021044614F076FBB6
S21402C468235C042B0DD10D4B1B78033B012B08D8FC
S21402C4780B4C25B10B4B22781B789A4203D3002328
S21402C4882370002070BD0848316814F00BFD23782D
S21402C498012001332370F5E7B458002057660020C0
S21402C4A80B67002005710020806F0020014B93F96E
S21402C4B8010070479E5F0020014BB3F86800704782
S21402C4C8A857002070B50024124D2C70EDF7D8FE40
S21402C4D8E6B2B04212D8104B1B78013B012B04D8A7
S21402C4E800214FF6FF70FBF719FF00220B4B1A705C
S21402C4F80B4B198801B11A80012070BD304614F022
S21402C5085DFEC30748BF2B7804F1010444BF01331C
S21402C5182B70DBE74F660020576600204666002031
S21402C528505F002038B50B4B05461B7873B10133B4
S21402C5385C08094B188814F0C9FB002330F813204E
S21402C548AA4205D00133DAB2A242F7D3002038BD98
S21402C5580120FCE746660020505F002030B50546FD
S21402C56885B008460C4615F002F9FF280CD011F0E3
S21402C57891FA012200210346CDE9011200922146D2
S21402C5882A460720FBF77AFA284614F0BFFDFF284A
S21402C59804460FD014F012FEC2070DD5204614F03A
S21402C5A80DFE830708D40B4A32F8143043F480632E
S21402C5B822F8143005B030BD11F06CFA01220021C1
S21402C5C80346CDE90112009207202A46FBF756FADF
S21402C5D8F0E700BF405F00204FF6FA72431E9BB298
S21402C5E8934270B504462AD8FFF79CFF38BB194B0E
S21402C5F81B78042B23D0204615F0A0F8FF2801D07C
S21402C608FAF702FB204612F021FA08B107F0C6FD37
S21402C6182046114E04F046FA20460EF0D3FB317837
S21402C6280E4D69B1288814F051FB054601461E22B4
S21402C6380230F1F72BF82C8033781E2B07D970BD01
S21402C648202014F0B7FB28800028EBD1F7E7023346
S21402C6583370F4E75766002046660020505F0020D5
S21402C66837B5134B05461B78022B1FD110F03DFD3C
S21402C678044610F03AFDFFF7AFFF11F00BFA10F080
S21402C68840FD0020FBF73CFD40F607400EF026FC76
S21402C6983DB100230D2221464FF6FD70009311F09E
S21402C6A891FA03B0BDE8304004F032BF03B030BDA3
S21402C6B857660020034B1B7813B90120FFF7D0BF3B
S21402C6C8704700BF4D660020F7B504460D4617466C
S21402C6D810F00BFD0646002D47D04FF6FB739C4222
S21402C6E843D82046FFF71EFF30B1A64204D1204B9E
S21402C6F81B78033B012B38D92046FFF713FF10B1EE
S21402C708012003B0F0BD20460EF02CFBC0B1A642B5
S21402C718F6D00CB369462046F9F758FD0246D8B952
S21402C7280821684610F073FCB0B908226946284604
S21402C738F1F7A6FA80B12946204611F0DBF9DFE7C1
S21402C748A642E6D12846F9F7C9FD28B90120FFF71F
S21402C75887FF06F0DFFDD3E73FB121462846FAF702
S21402C768E7FB2146284604F0B9F90020C9E700BFCE
S21402C77857660020044A13782BB1013BDBB21370CC
S21402C7880BB9024A1380704746660020505F0020A5
S21402C7980148F8F7D7BC00BF505F00202DE9F047E4
S21402C7A8804617460D468CB061B903AE00211B4879
S21402C7B814F04BFF4FF000090446DFF860A01CB9DE
S21402C7C820461DE00E46F1E7002221462423304685
S21402C7D8CDF8009014F0D6FF082241463046F1F70D
S21402C7E84FFAA8B9337C9BB96FB945B92A46214690
S21402C7F80A4810F06FFB0A4A1388013B138001208F
S21402C8080CB0BDE8F0873B88B28953405B06ECD58E
S21402C8182146504614F03DFF0446D0E7B45F002098
S21402C828B25F0020024B1888003818BF01207047F4
S21402C838B25F002040232DE9F04397B0074611A8BF
S21402C8488946ADF80E300EF0D3FB02238DF844303D
S21402C858002304AE3146384604937360F9F7B6FCF3
S21402C8680546002840F0958038460EF03DFF804683
S21402C87810F03BFC0446002840F0BB8099F80130D3
S21402C888042B40F0B980EDF707FD022840F08480BB
S21402C898EDF702FD022840F08B8096E8030003239A
S21402C8A88DF8443012AB83E803009DF8513000211E
S21402C8B843F00603102209A88DF85130F0F794FECB
S21402C8C809A911A80EF029FD40B111A80EF090FB97
S21402C8D830460DAB09AA11A90EF024FEBDF8463063
S21402C8E80DA943F0040311A8ADF846300EF06EFD0C
S21402C8F8102209F10A010DA8F1F7C2F90546002827
S21402C90872D1EDF7C9FC022806D13146FF2009AAE2
S21402C9180EF02AFD00286AD134240025EDF7BCFC67
S21402C928022808D19DF851301B0704D430460DF171
S21402C9380E0111F0FFFA2146304611F024FB1023AF
S21402C9488DF8183004238DF81A303346002203CBAC
S21402C958CDF81B00CDF81F1006A80B218DF819502C
S21402C96810F03EFA024638B1002D14BF0123032305
S21402C9783146384603F078F8B8F1000F09D0342C5F
S21402C98807D106A83246394614F05CFB06A80EF014
S21402C99891FE17B0BDE8F083234621463046009440
S21402C9A811AA01F05FFE00283FF472AFAD25C6E774
S21402C9B8EDF772FC012891D1104B1B6803F0840333
S21402C9C8842B8BD196E8030002238DF8443010237B
S21402C9D8ADF8463012AB83E803009DF8513043F0B9
S21402C9E802038DF8513079E73324AD2596E70524FE
S21402C9F894E72C46A325A2E7AA25A0E7F04A00203A
S21402CA082DE9F04336488DB0F8F78CFE14F0D0FCCA
S21402CA18344D2B68C41A4FF47A73B4FBF3F4A4B2F9
S21402CA2814B114F0C5FC28602F4F4FF6FF763B88EA
S21402CA38DFF8B880ADF80A3000233B8000210DF1FC
S21402CA480A0010F028FA054658B9284B1B882BB15D
S21402CA584FF47A712248714314F024FA0DB0BDE8F7
S21402CA68F0834FF0000924234A462946CDF8009061
S21402CA7803A814F087FEBDF81A30A34294BFDB1A47
S21402CA881B1B9BB2ADF81A30CBB910F02EFBBDF8C3
S21402CA98183003F04003184380B218B9322103A8AD
S21402CAA80EF002FABDF818301B0602D508980EF0EA
S21402CAB808FCB8F80030013BA8F80030BEE79E42F2
S21402CAC828BF1E4601234A462946009303A8242364
S21402CAD814F058FE4A462946384614F0BCFDADE71F
S21402CAE8FC490020BC580020B45F0020B25F00203A
S21402CAF8F0B50446304A8DB01068516801AB03C3DE
S21402CB08A378012B54D1162200210DF11A00F0F752
S21402CB186BFDD4F82110D4F81D0003AB03C3238899
S21402CB28190644BF62680892DA050BD5221D08AEBC
S21402CB3804F11407354610685168083203C5BA422C
S21402CB482E46F7D1ADF8183013F0040318BFA369C0
S21402CB580593EDF7BFFB0023ADF81A008DF81C30DD
S21402CB6810F0C3FAE0B906A903A811F0E3F9002207
S21402CB78242103A810F034F90446D8B10020FFF7A0
S21402CB883FFF002221460D4814F065FD0C4A00209E
S21402CB98138801331380FFF733FF00200DB0F0BD72
S21402CBA8082201A903A8F1F76BF80028DFD0DAE714
S21402CBB80220F3E71920F1E76D3B0400B45F00207A
S21402CBC8B25F0020F7B5044600200E46FFF718FFAE
S21402CBD8104B1B88A34202D8212003B0F0BD0021C7
S21402CBE80D4814F032FD002501460B4F0029F3D0FC
S21402CBF8A54208D10024242322463046009414F085
S21402CC08C1FD2046E9E7384614F043FD01350146E2
S21402CC18ECE700BFB25F0020B45F00200148F8F7D7
S21402CC2891BA00BFB45F0020014B1888704700BF56
S21402CC38B25F002030B5154A8DB0516805461068B7
S21402CC4801AB03C307A80EF0D3F9DDE901010323FC
S21402CC5808AC84E803008DF81C309DF8293003A937
S21402CC6843F0020307A88DF829300EF056FB10B1E0
S21402CC782D200DB030BD23462868696803C303A972
S21402CC8807A80EF02FFB0028F3D0F1E76D3B04004F
S21402CC9870B50C4611460E4A23781278064613F0EB
S21402CCA8200542EA0302227018BF611D0822F0F727
S21402CCB8EDFC002D0CBF05200D20D4F80130B36022
S21402CCC82378337303F01803082B08BF013070BDAE
S21402CCD852660020042307B501200DEB0301054A1E
S21402CCE8F8F79AFD019B044A1B03136003B05DF82C
S21402CCF804FB00BF63E51100E04A002010B5064CAD
S21402CD082368C3F30B0313B90448E2F7C5F920688E
S21402CD18431C236010BD00BFE04A002063E51100F3
S21402CD28014B1868704700BFE04A002007B500208C
S21402CD38054B064A186004230DEB03010190F8F729
S21402CD486BFD03B05DF804FBE04A002063E51100C2
S21402CD587FB511230A4A012001A9F8F75DFD094BA0
S21402CD689DF814201A70084B1B780BB1052B05D1B9
S21402CD780DF0E1FF012007B05DF804FB0020FAE79A
S21402CD8879EB010051660020526600202DE9F04F2B
S21402CD980646CBB0884600880121174613F0CEFF18
S21402CDA82E4B3A463188ADF8160006A811F07EF9E1
S21402CDB80DF1280B5A464146C419308811F000F97D
S21402CDC8E4B208EB0003A34208BF044605464FF048
S21402CDD804091CBFA4EB0804E4B223465A46012100
S21402CDE8CDE900090BEB050ACDF808B02D1B06A8FD
S21402CDF8EDF7BCFEEDB20BEB040300930195234658
S21402CE085A464146308811F009F934883946204690
S21402CE1808F084FC394600F0F802204608F092FC36
S21402CE280121308813F08AFF01234A46514680B111
S21402CE380DF11600F8F7CAFB01210446BDF81620C4
S21402CE48308813F08FFFB4FA84F040094BB0BDE87F
S21402CE58F08F3046F8F7BAFB0446F4E7DC660020A3
S21402CE682DE9F04FC9B0044688469246C118224AB0
S21402CE7804A81F46FFF70CFF4FF00409C519EDB2C8
S21402CE8808AB0293A5EB0A0BA8EB0A035FFA8BFB27
S21402CE98A8EB0506DBB2F6B204EB0A020093012100
S21402CEA85B46CDF8049004A8EDF760FE06F590738D
S21402CEB80DEB03025A44A2F58072136808A844F8D8
S21402CEC80830E35D324623F00703E3552C44214637
S21402CED8F0F71AFD08ABCDE9019308AA0023012151
S21402CEE8009604A8EDF742FE3246204608A9F0F757
S21402CEF80BFD49B0BDE8F08FDC660020F8B50646A3
S21402CF0812F0A0F9811C054689B2304612F078F86C
S21402CF18F0B1EDB12946304608F000FC1228074663
S21402CF2816D80C4B691C1C5C89B2304608F0F6FB16
S21402CF382C44052FE4B205D1052809D8064B1B5CFC
S21402CF481C44E4B221463046BDE8F84012F058B810
S21402CF580020F8BDDE150500D8150500F8B505460B
S21402CF6812F07BF8044628460FF01FFFA11C07465E
S21402CF7889B2284612F044F800283ED0002C3CD04D
S21402CF882146284608F0CAFB0646611C284689B28E
S21402CF9808F0C4FB0F2E30D8194B9B5DE118731EA0
S21402CFA889B2092B0ED8DFE803F009050D0D120D1C
S21402CFB80D181E1EC40644BF083189B2820601D562
S21402CFC8083189B22846BDE8F84012F019B87B78CD
S21402CFD8DB0612D501EB4001F3E700F01F0000EB79
S21402CFE840000144EDE71F2805D8092E0ABF400075
S21402CFF8022080B2F5E7C828E4D00020F8BD00BFBA
S21402D008F1150500F8B506460FF0CFFE09220021F5
S21402D018054613F09BFD00F11004284614F0ADFAFD
S21402D028E4B207462146304608F078FB0546304605
S21402D03813F068FEBA05A0EB0403DBB20AD47C2D13
S21402D0480AD0082D0AD8064A505D98428CBF00209E
S21402D0580120F8BD1220F8E70320F6E7FF20F4E7E0
S21402D06802160500014B1878704700BF07710020AA
S21402D07838B5114B04461B7808469BB9012038BDC3
S21402D088A24205F101050FD103EBC1035B6898477D
S21402D0980028F3D11E2022464FF6FF7114F036FA06
S21402D0A80020ECE70025054BE9B213F83120002AE8
S21402D0B8E6D11446EEE700BF07710020A815050062
S21402D0C84FF6FF7307B502220DF106010348ADF8C5
S21402D0D80630E2F71DF803B05DF804FB603202E0A2
S21402D0E8002307B5ADF80430134B984221D10B88BC
S21402D0F8DA0703D5232003B05DF804FB9B0748BF75
S21402D1084FF47F434FF002020C480DF1060148BF68
S21402D118ADF80430E1F7D0FF4FF6FF73BDF80620EE
S21402D1289A42E7D10222054801A9E1F7F1FF002059
S21402D138E1E72120DFE700BF1FD1BACA603202E06A
S21402D148002313B50222038004460DF106010F4898
S21402D158E1F7B2FF2D2801D0112805D14FF6FF734B
S21402D168ADF80630FFF7ACFF9DF80630BDF806208E
S21402D1781BB1238843F0010323800020FF2A82BFC5
S21402D188238843F00203238002B010BD603202E017
S21402D198034B1B78002B14BF442056200E307047D2
S21402D1A8526600202DE9F04F8DB0179C0646894638
S21402D1B8CDE90223BDF85870D588ADF816103CB9EB
S21402D1C8EC0605D500970DF00AFF0DB0BDE8F08F06
S21402D1D8C5F380242B054FEA043448BF44F40064A0
S21402D1E8A80511D544F080040A2E00F26981DFE80A
S21402D1F816F09A002F0017003700670167013700FC
S21402D20810009A0037009E00E90548BF44F0400423
S21402D218EAE74FF001084FF0020B4FF0000A14E05D
S21402D22808A95FFA89F011F08EF9DDF82500DDF815
S21402D238291006AB03C3A44B33F81930ADF81630E1
S21402D2484FF00008C3460DF1180A002F5DD125E0FD
S21402D25806AA0DF116015FFA89F003F003FCEFE760
S21402D2684FF6F773994540F22B8115F4026F40F09A
S21402D2782781964B1B78022B03D0043B012B00F226
S21402D288218147BB032E4FF001080CBF4FF00C0B51
S21402D2984FF0080BBA4624F4C074A4B28C4B188814
S21402D2A84FF6FF73984206D08A49F8F78FFF10B1F7
S21402D2B824F48054A4B2039B38460093BDF8162083
S21402D2C8534644F4027108F051FAADF820000028DB
S21402D2D838D1192079E7384613F014FD0246FFF7CD
S21402D2E857FF032E08BF0138824201DD38206CE75B
S21402D2F8032E4FF001080CBF4FF00C0B4FF0080B33
S21402D3084FF0000A24F4C074A4B2029B1B889BB98F
S21402D3181A463946062000930BF0B8FC0028BDD101
S21402D32840F6014051E74FF00008C34675E74FF054
S21402D33801084FF0030B70E7002339461A46072008
S21402D3480093E9E74FF6FF73614A118899421CD0A9
S21402D3580FF02BFD03465E4A04301188039314F03F
S21402D3680EF95D49039B097814F4805FD97159490F
S21402D378574A1FBF086898604868D8604FF6FF7318
S21402D38813804FF0FF330B604B605946029A08A889
S21402D39808F0A8FA00289CD0504C2378002B3CD1E1
S21402D3A8A7B1384613F0AEFC0746BDF8200013F0C6
S21402D3B8A9FC23780744002B14BF12220022EB1084
S21402D3C803F0040317443B44842B8FDC15F4005700
S21402D3D80AD0BDF8204020460FF0DAFB40F4806100
S21402D3E889B220460FF0BFFBA6F10803012B05D829
S21402D3F801221021BDF820000FF0BBFB179BBDF8D9
S21402D408204043B32046BDF816100FF005FCBDF8C1
S21402D4182030179A00201380D7E6AA06C0D56B01DB
S21402D42803F020030A2E14BF43F0010363F07E03C1
S21402D438DBB2B8F1000F08D000215246009108A8C6
S21402D44800F086FE0028ABD0BFE61A46514608A86A
S21402D45810F057FFF6E7204611F0FFFD179B02462D
S21402D4682146042000930BF011FC00283FF458AF25
S21402D4780A2E18D84FF4D963F340DB0713D5072EC4
S21402D4880AD00A2E08D0BDF8200010F04DFA80F017
S21402D4980100C0B2800098E608A80EF028F9002815
S21402D4A8F1D0042091E617B125F04005ADB22B461F
S21402D4B83146BDF820005FFA89F201F01BFF84E6C8
S21402D4C8012082E6162080E6985C00205666002038
S21402D4D88670002008710020176700205266002018
S21402D4E8F7B50F469DF828100446DDE90B061D46DB
S21402D4F8F1B94FF6FF739C421CBF174B1C804FF0C6
S21402D50800041CBF154B1A70BDF8240008F080FAF8
S21402D51800232A46CDE90043394606209DF82030E6
S21402D528FFF740FE10B90EB1AB7A337003B0F0BD08
S21402D53878B14FF6FF739C421FBF074B1C80074B00
S21402D5481A7000220FF04CFC04460028DCD1192081
S21402D558ECE72120EAE700BF867000201767002064
S21402D5682DE9F04788469DF82810074616461D46B8
S21402D5789DF820A0BDF824900B9839B158B3002224
S21402D5880FF02EFC044610B9192025E00C464FF67B
S21402D598FF739D421FBF114B1D80114B83F800A0DD
S21402D5A84FF6F7739E4208D80E4B4FF6FD761A785A
S21402D5B84FF6FF73002A18BF1E46484608F028FA98
S21402D5C800233A46CDE9084331464346BDE8F047CC
S21402D5D80320FFF7E7BD2120BDE8F087867000200C
S21402D5E817670020F56500202DE9F04786B09DF8FC
S21402D5F838600546DDE90FA80C4617469946B6BBBD
S21402D608374B1B78022B1DD125BB4FF6F7739C426E
S21402D61814D80026484608F0FBF900233A46CDE916
S21402D62800632146FF232846FFF7BCFD38B9B8F148
S21402D638000F04D0BB7A88F8003000E0012006B05C
S21402D648BDE8F087043B012BDED908460EF04CF8FD
S21402D65810B31DB3022D31D1ECF70CFEA042EDD962
S21402D668204B33F814204FF6FD739A4219E0BAF1AC
S21402D678000F32D01A4B1B78022B05D1FFF788FD14
S21402D688B042E6D23820DAE7043B012BF6D9084640
S21402D6980EF02AF80028F1D11620D0E74FF6F773D5
S21402D6A89C42CBD8002EB4D03146002250460FF00A
S21402D6B897FB06460028ADD11920C0E7012DBDD13B
S21402D6C804AA0DF10E01E0B203F0CCF9064B1B7862
S21402D6D8A342B3D9BDF80E20C5E72120AFE700BFA5
S21402D6E856660020985C0020D670002030B5104B95
S21402D6F887B005460C461868596803AA03C2986894
S21402D7080C4910609A88DB8852BA23F04003ADF8B9
S21402D71812300023CDE90043ADF81020FF23098814
S21402D72803AA0720ADF80E50FFF73CFD07B030BD40
S21402D738C05F0020CC5F002038B50C461146124A5E
S21402D748124D108022682A6062686A60A268AA601F
S21402D758E288500616D5EA88520613D561B1002229
S21402D76818460FF03DFB014650B16088FFF7BEFF32
S21402D7780522074B1A7038BD084611F0AFFBF2E7D0
S21402D7881920F5E70220F6E7CC5F0020C05F0020EC
S21402D798286700202DE9F04F074689B0104615463F
S21402D7A81C468A4611F059FC0146284607F0B6FF81
S21402D7B8064628460FF0F9FA043013F0DEFE8046D5
S21402D7C80FF093FC804550D0B2074ED1DFF8AC80FC
S21402D7D8284605A9B8F800B011F045FD9DF819309D
S21402D7E8A8F8007003BBBDF81430EBB928460FF052
S21402D7F8DCFA023013F0C1FE4FF6F773984294BF74
S21402D8084FF000094FF0010901230134E4B22A4619
S21402D8183846CDF8009005A9039303F0C5FE039B8E
S21402D82840B901339C421ED20020A8F800B009B0C5
S21402D838BDE8F08F022CF8D1012BF6D10C4A0D4B1D
S21402D848A3F800A01378591C11700B4A7F3B16F0F8
S21402D8580C01137007D1BDF81A305B0603D5BDF864
S21402D8681600FFF743FF0223D1E70020DFE700BFD9
S21402D878546600208670002017670020CC5F0020C0
S21402D8882DE9F04FABB00F46ADF81E000FF08DFA3B
S21402D89800F1020A0646504613F06FFEBDF81E4017
S21402D8A80546204611F0D9FB0146204607F036FF0A
S21402D8B8814600F00308301D13F05FFE434C2080BB
S21402D8C80FF013FCA8422DD04FF6F7739D4229D8C5
S21402D8D87378DA0726D4284610F08FFF30B1012372
S21402D8E82946BDF81E202088FFF754FF0FF0FDFBDF
S21402D8F8364B1B8883420FD1BDF81E40204611F0D6
S21402D908ACFB0146204607F009FF10F00C0103D1D4
S21402D918BDF81E0001F0ACFD00222D4B1A602BB09C
S21402D928BDE8F08F2B49BDF81E0011F09CFC2A4971
S21402D938BDF81E0011F0DBFB0028274B08BF0023AA
S21402D948234ABDF81E0013600FF0BBF9234B18706C
S21402D958BDF81E000FF0BAF9214B1870BDF81E006C
S21402D9680FF0BFF91F4B186000238DF82230002FE6
S21402D9783ED0184BDB889B063AD50FF0B6FB10B3A1
S21402D988194B1B689D071ED4B8F1010F14BF082354
S21402D99818230DF12202009200220DF11E001146F4
S21402D9A800F0D6FB20B3B8F1010F9FD10F4B1B78BE
S21402D9B8112B9BD110F044FD002897D140F61D404C
S21402D9C8F9F7E2FF92E70823E3E700BFCC5F0020FF
S21402D9D8C4580020C05F00200F6700200967002097
S21402D9E808670020B0580020F04A0020566600203B
S21402D9F8504613F0C2FD8246BDF81E0013F082F9A7
S21402DA08A0F11005EDB22A4631460AA8EFF77CFFC8
S21402DA18FF238DF82F304FF6F7739A4540F2DF80D2
S21402DA28B8F1010F00F0E780B8F1020F00F0468166
S21402DA38B8F1000F7FF45AAFA44DBDF81E00EB886C
S21402DA48ADF8240004930FF0B0F9BDF82460074639
S21402DA58304611F002FB0146304607F05FFE8DF8AD
S21402DA682300B81C7E7813F088FD07460FF03DFBAE
S21402DA7806F00106B4F8009003906C88002E7FF436
S21402DA8835AF4FF6F77A4246494657458CBF0620C9
S21402DA98082013F03BFDBDF824B0584611F0DDFA15
S21402DAA85946024643460420CDF800800BF0CBF8D0
S21402DAB8574583460AD8B5F90620EB88002A05DBBF
S21402DAC8580603D541462046FFF710FEBBF1000F65
S21402DAD83FF40CAF2B88002B5AD16B79002B57D109
S21402DAE84FF6F7730DF126019F42BDF8240094BF46
S21402DAF84FF0000B4FF0010B10F084FDDFF8D8A1B1
S21402DB0800F1FF38BAF800301FFA88F10593EB885F
S21402DB18BDF82600069307F001FE069B04990190BD
S21402DB28009322465B460598C1F340110DF0E9FDC5
S21402DB3800283FF4DBAE042306200093BDF8261027
S21402DB48624B5FFA88F20BF07EF800283FF4CEAEFE
S21402DB5848F202036A889A4205D1BDF82410BAF838
S21402DB68000000F08DFF594D09AA29460DF1230041
S21402DB780DF0C5FD034600287FF4B8AE2104BAF8B6
S21402DB880000BDF8242060D52346294610F04FFD34
S21402DB989DF823304D4D03F00C030C2B75D12889C4
S21402DBA810F010FD00283FF4A1AE039B002029893F
S21402DBB84B4514BF0226032602F02CFE444B18706F
S21402DBC84FF6F7739F42BDF8240075D8A4F13802C1
S21402DBD85342534132463D4904F066FC86E6B8F1A4
S21402DBE8020F6BD0394BB3F90630002B26DAB8F1A0
S21402DBF8010F7FF41DAF0FF078FA238883423FF4B3
S21402DC0875AE0520BDF81E10FFF732FA00283FF45D
S21402DC186DAE2E4AD3885B0607D50023CDE90033BE
S21402DC280A20FF232188FFF7BDFA3A469DF82230DC
S21402DC382188BDF81E0002F023F957E629460AA8ED
S21402DC4800F070F80028D2D050E60221DFF88C8067
S21402DC5888F800102946CDF800B003F0A5FC132C6E
S21402DC6896D0EB885D0493D41A4B1B78D80703D555
S21402DC7898F80020022A8BD099077FF537AE98F8D5
S21402DC880030012B7FF432AE82E700222B7912484D
S21402DC9800936B791146008802F0E4FD0C4B18706D
S21402DCA89DF8233003F00C03082B89D1039B4B45C0
S21402DCB814BF0426052683E701238BE74846BDF8EA
S21402DCC81E20024901F048FB10E600BFC05F002094
S21402DCD827670020F7650020CC5F00201867002021
S21402DCE810B5002108480FF0D6F8044650B1014690
S21402DCF80420FFF7BDF928B12046BDE810400121EF
S21402DD08FFF7BEBD10BD00BFB05F0020034BFF216A
S21402DD181A7803489200EFF767BC00BFD770002056
S21402DD281847002070B5451804464FF0FF31AC423C
S21402DD3812D1104B10481A7805460023934211DB7D
S21402DD480E4C2078431CB3FBF2F602FB163345F85A
S21402DD582010237000200CE014F8010BE0F70CFBEF
S21402DD680146E4E750F8044BA14201D00133E5E747
S21402DD78012070BDD77000201847002019670020C0
S21402DD88042307B501200DEB0301054AF7F744FD06
S21402DD98019B044A1B03136003B05DF804FB00BF33
S21402DDA823E11100C0580020014B1868704700BFD5
S21402DDB8C0580020014B1868704700BFC0580020A2
S21402DDC810B5064C2368C3F30B0313B90448E1F7EE
S21402DDD863F92068431C236010BD00BFC0580020AA
S21402DDE823E111002DE9F04F93B003930023DDE9F8
S21402DDF81C79069399F8003083460DA804930E46BC
S21402DE0815460DF0F5F899F8003013F003043ED0E5
S21402DE18039B0DF1250A8DF8243000220821384686
S21402DE280FF0F5F8002870D028880EF0BEFF99F893
S21402DE3800301C074CBF0430023013F09EFB07A9C3
S21402DE488046F7F7D7FE9DF824300446980633D561
S21402DE58288806F10D0111F0D3F8A8B10023009323
S21402DE68384608232988721D13F08CFC99F800306E
S21402DE7803F01803182B4AD1B8F1000F47D0A94B64
S21402DE88B3F86830434542D040F60A4327E028886C
S21402DE98711D11F0B5F80028F6D000940523324615
S21402DEA8298809A813F06EFC9DF824300DF1240A7F
S21402DEB803F018030393B0E714BB39464046F8F755
S21402DEC885F90028D2D099F800309907DCD040238B
S21402DED822462146404610F058FC40F6094399F877
S21402DEE8002012F0030440F0F780288803930EF00F
S21402DEF8BFFE224601461A2013F008FB039BEBE0FE
S21402DF0807AB03CB38607960B0E74FF6FF780DF0C1
S21402DF18D9FB044620B104213846F7F793FE044697
S21402DF281E9B002B5AD009231E990DA88DF8343053
S21402DF380DF0D8F9209B0BB1209B0693039B002B70
S21402DF4840F08E800DA8ECF773FE99F800309A0719
S21402DF5800F09880FFF734FF5146024601200DF084
S21402DF68FDFB99F800309B0710D55946288811F012
S21402DF7840F90BF1090350FA83F35FFA83FB59461B
S21402DF88288811F00DF900EB0B06F6B299F8003066
S21402DF9813F0C20F0AF104030DD09DF8242062493B
S21402DFA842F020028DF824200A68CAF804204A683B
S21402DFB85A600AF10C03012209A800921B1A32467B
S21402DFC829889BB213F0DEFB324659462846FEF7EE
S21402DFD8DDFE002800F0A48000237DE01F9B5BB1D5
S21402DFE89E460DF1340CBEE80F00ACE80F00DEF8D2
S21402DFF80030CCF800309DE7049B594603F0200316
S21402E0082888049307F08AFB10F0030F0CBF01233D
S21402E01800230593049B059A003B18BF012342EA96
S21402E028430300930DAA06AB38461F9900F01AFB65
S21402E038049A034682B1002880D0059B0DAA009355
S21402E048384606AB1F9900F00DFB034699F80020E8
S21402E05822F0200289F80020002B3FF46FAF3EE73B
S21402E068039B102B06D1BDF8363043F00103ADF8FA
S21402E078363067E7039B182B4FD1BDF8363043F08E
S21402E0880203F4E701200DF125010DF075FB99F85E
S21402E0980030824613F0040F288821D1069B1BB352
S21402E0A8002C35D00EF0E4FD00220146162013F0AF
S21402E0B82DFA84B17FB14FF6FF7398450BD0002333
S21402E0C80DA91A4638460DF02DFA394640469DF8EF
S21402E0D835200DF00FFB0123184613B0BDE8F08F6C
S21402E0E8002CDFD1104F01E0002CDBD10023324692
S21402E0F8009359463B4610F004F800283FF4C4AE95
S21402E108002C3FF469AF069A0AF10103136063E72D
S21402E1181B685345C6D80124E8E740F60A43DBE7FE
S21402E1281923D9E7A8570020DC660020002307B584
S21402E138054A0648136004220DEB02010193E0F734
S21402E148E7FF03B05DF804FBC058002023E1110086
S21402E1582DE9F04F0446B1B000888DF82F301646E8
S21402E1688A4610F07AFF01468146208811F018F890
S21402E17800EB0908208811F065F800239DF82F5057
S21402E1885FFA88F815F001070790ADF8363008D11F
S21402E19801460DF13602208810F0ECFE08B1ADF803
S21402E1A8367016B9CDE90E660EAEFEF73BFB18B111
S21402E1B845F020058DF82F500023CDE9033302934E
S21402E1C80DF12F03CDE900632246534641464846E1
S21402E1D8FFF708FE0546002800F0CA809DF82F3093
S21402E1E813F0010747D123F020038DF82F300EF0E5
S21402E1F87CFF68B17C4A10AB1068516803C31846A6
S21402E20800F002FA0546FEF70FFDBBB298423BD86D
S21402E2183A9B13B100233A9A1370BDF83630CBB145
S21402E2280121208812F08AFD27880546002800F07A
S21402E238CA800121384612F081FDBDF836700546BF
S21402E248384612F05FFD002300903A4619462846E3
S21402E25810F013FE0023CDE9033302930DF12F03CA
S21402E268CDE900632246534641464846FFF7BAFDC3
S21402E278054600287CD00EF038FF002840F0BA8009
S21402E288284631B0BDE8F08F18AB14AA26A9F8B212
S21402E2980DF09DF9002840F09480082210A927A8BE
S21402E2A8EFF7EEFC8346ADB19DF8A53013F0020FEA
S21402E2B808930FD0082212A927A8EFF7E1FC48B95D
S21402E2C8089B590706D53A9B13B101233A9A13704D
S21402E2D8089507E03A9B002B61D1BBF1000F70D17D
S21402E2E8002308930DF1740C14AB0FCB8CE80F00C7
S21402E2F8BDF83630CBB10121208812F01FFDB4F8E4
S21402E30800B000284FD00121584612F017FDBDF87C
S21402E318362083461046099212F0F4FC002319466A
S21402E328099A0090584610F0A8FD304B0DF1740B70
S21402E3380493002303930DF12F03CDE900632246CD
S21402E348534641464846CDF808B0FFF74BFD00282D
S21402E35837D1002D33D012AA5B464FF482714FF4A0
S21402E368005000F0D9F8089B13B126A80CF03BFF22
S21402E3780EF0BBFE88B11E4B1B689A070DD4FEF73B
S21402E38851FA50B1184A18AB1068516803C30022F4
S21402E39826A918A80FF092FD00BB002570E70023F7
S21402E3A83A9A137099E7BDF836200A9010460992F1
S21402E3B812F0A8FCDDE9092307990090B2E72A467D
S21402E3C8CAE701371FE7BDF836B0584612F09AFC7E
S21402E3D82B4600905A463846079939E726A918A8C0
S21402E3E80FF0A8FDD3E700BF6D3B0400EC4A0020FF
S21402E3F8F04A00209DF82F3003F01103102B7FF40B
S21402E4083FAF3E4B1B78432B7FF43AAF3C4B1B681F
S21402E4185B067FF535AF208808F1050110F0F0FDA0
S21402E428834600283FF42CAF4146208807F076F949
S21402E438344B10F0200F08BF1E4612A800F0E4F86E
S21402E4480822314612A8EFF71BFC002852D03146A4
S21402E45812A80DF010F9012326AE009332460023C7
S21402E46814A912A800F0FEF800287FF409AF12AB30
S21402E4780DF12F07CDE9036002900093224653461A
S21402E488414648460197FFF7ADFCA8B3BDF89A3057
S21402E498102043F0080318AA14A9ADF89A300FF012
S21402E4A8EAFC00287FF4ECAE12ABCDE90360CDE9B6
S21402E4B8017000932246534641464846FFF792FCAF
S21402E4C8054600287FF4DCAE18AB4FF490710020A6
S21402E4D812AA00F021F84FF0005100200FF065FF55
S21402E4E8BBF1000F3FF459AF4FF0805100200FF0F8
S21402E4F85CFF52E78346AEE714ABE6E756660020B3
S21402E508F04A00201258002001461A230120014A28
S21402E518F7F782B924E10100F0B5164691B007462E
S21402E52809A80D461C46FFF7EFFF3EB1336845F0D3
S21402E5384005CDF826307368CDF82A301B4B1A688A
S21402E54822EA070242EA050119604B040DD5BDF816
S21402E55824200B0A03F4E243C9B222F4E3420B4333
S21402E56822F07F021343ADF824301A230020104A03
S21402E57809A9F7F751F9B4B104A80CF039FD02233A
S21402E5886A468DF810301546234604F110061446DE
S21402E59818685968083303C4B3422246F7D1294695
S21402E5A804A80CF09FFE11B0F0BD00BFF04A002090
S21402E5B824E1010047F2FF10044B196841F4804237
S21402E5C8014041F480411A600FF0EFBEF04A002085
S21402E5D800B589B0FEF7BCFB01A8FFF795FF09480E
S21402E5E8BDF804200168130221F0FF0103F4E203D8
S21402E5F80B43D2B2134343F48043036009B05DF879
S21402E60804FB00BFF04A002010B50C4B04461868FD
S21402E61888B0830706D54FF0FF3323600120636076
S21402E62808B010BD10F04000FAD001A8FFF76CFF42
S21402E638DDF806302360DDF80A30EFE7F04A0020FE
S21402E64808B5074B02461B6813F0400305D1184667
S21402E6581946FFF761FF012008BD0020FCE700BF4E
S21402E668F04A00202DE9F0479EB080460C461D462B
S21402E67891469DF898A0A2B1164630460CF0B8FC12
S21402E6881AF0020F0FD004B917AC2246314640469C
S21402E69801AB0CF07AFF0DB100232B601EB0BDE86B
S21402E6A8F0870DAEE9E701AB3146404605AA0CF005
S21402E6B839FF73780AF0010AFF2B26D0002840F0AB
S21402E6C8B68054B105AA09AF134603CBBB422060F5
S21402E6D861601A4604F10804F6D125B17278554BE2
S21402E6E803EB82032B60BAF1000F01D10020D5E7B5
S21402E6F8BDF80430D906F9D418204FF6FF7172789F
S21402E70812F004FF40F60E40C8E74B4F3DB10EF03C
S21402E718ECFC10B13B689A072BD500232B603B68AC
S21402E72803F03003102B01D0202B24D117A8FFF7B3
S21402E738EBFE082240460DF15E01EFF7A1FA20B182
S21402E7483B6803F04403402B15D0BAF1000F15D1ED
S21402E75809A80FF02EFE02233370002C4CD1B9F113
S21402E768000FC3D00EF0C1FC60B3301DFFF74CFF9C
S21402E778BCE7324BD2E740F60A408FE73B68DB033A
S21402E788E6D509A80FF015FE0223337074BBB9F15B
S21402E798000FB1D00EF0A9FCF0B1301DFFF734FF20
S21402E7A8AAE73B6803F08403842B2CD009AB0DAF91
S21402E7B81A4603CABA4220606160134604F1080486
S21402E7C8F6D105E025463B6803F08403842B28D05F
S21402E7D8301DFFF719FF26E03B68012503F0840386
S21402E7E8F4E73B68012503F08403DDE70EF07DFCC1
S21402E7F80028F6D00125D9E70EF077FC0546002852
S21402E808CFD00025D2E712A80CF0F2FB022312A8FA
S21402E8188DF84830ECF70CFA224608214046ECF709
S21402E8285FF910237380002D3FF460AF64E72D2054
S21402E83834E700BF74460020F04A0020EC4A002065
S21402E84849B9084B197849B14EF66023594328B19D
S21402E858054812F027BB41F28831F8E70248F6F776
S21402E86861BF00BFF66500203C4A002070B586B03E
S21402E87805460EF03AFC10B9022006B070BDF7F74E
S21402E88845F80028F8D001A8FFF7BEFE064600287D
S21402E898F2D08DB92E4B1C6814F0020406D02D4B0C
S21402E8A81B78112BE8D12C4BB3F868404FF48163E0
S21402E8B80221ADF80C3023E02846F7F70FFD0028B2
S21402E8C8DAD1234B1C6814F0020406D0214B1B78BD
S21402E8D8112BD1D1204BB3F868400822294601A84B
S21402E8E8EFF7CEF90028E1D04FF4027300260A218A
S21402E8F8ADF80C302B68CDF80E306B68CDF81230B8
S21402E908002203A80EF06CFA024608B91920B4E7EA
S21402E9180F4B196801F03003102B17D0202B14BFA9
S21402E92801230323490001F004010B43204600217A
S21402E93801F09AF80028E9D000210120FFF780FFAD
S21402E94816B10122054B1A70002096E70323E9E761
S21402E958F04A002056660020A85700200E670020BE
S21402E96830B5002585B0CDE90055F6F7DBFE0EF08A
S21402E978BCFB1E4C60B905F0AFFF0D25002108460A
S21402E9882170FFF75DFF294668460CF08DFA18E0FD
S21402E99823784BB3164917480A780078904223D949
S21402E9A80132012B0A700ED12A464FF4A07128466E
S21402E9B802F012FDC0B2B8B941F288310E4812F020
S21402E9C871FA05B030BD022B09D1284602A9F7F71D
S21402E9D8FDFB0028EED102A8FFF748FFEAE7032B63
S21402E9E802D101F0FBF9E5E70425C7E71A6700201C
S21402E9F81B670020107100203C4A002070B51B4A95
S21402EA081B4D04465168106886B02E7801AB03C3C6
S21402EA181EB10224204606B070BDF6F7CFFF0228C4
S21402EA28F7D10EF062FB0028F3D003A800F03AFEF6
S21402EA38082201A90DF10E00EFF722F9A0B10D4B3D
S21402EA4832464FF4A07130461C7002F0C5FC0446EC
S21402EA580028DFD10123084A41F2883107482B7083
S21402EA68137012F01FFAD5E72324D3E70B16050016
S21402EA781A670020107100201B6700203C4A0020FD
S21402EA88F0B50C4600219BB02B4F0646492207A834
S21402EA980691EEF7A9FD3B78012B34D19EBB0DF10A
S21402EAA80E0120460FF0AEFD0546BDF80E0012F028
S21402EAB829F9441BE4B2BDF80E1023462A460096EE
S21402EAC806A812F05FFE304604A9F7F77FFBD0B916
S21402EAD8CCB19DF81920B2B9BDF8233003F47E43B1
S21402EAE8B3F5285F1ED3B3F5385F0ED31349BDF8C6
S21402EAF80E000B6843F400030B6029460CF0D5FDA4
S21402EB0818B104233B701BB0F0BD01220C4B04A8BD
S21402EB181A70FFF7ABFE41F288310A4812F0C2F9C2
S21402EB280223EFE711463A70FFF78AFE1E2104A871
S21402EB380CF0BAF9E7E700BF1A670020F04A00208F
S21402EB481B6700203C4A0020014B1870704700BF24
S21402EB581B670020014B1878704700BF1A67002011
S21402EB68014B1870704700BF1A6700202DE9F04F56
S21402EB780446408891B00E298846ADF81A0079D026
S21402EB8894F80890A7790EF010F909A90546BDF879
S21402EB981A00E67910F067FBBDF81A000DF0F8FFC8
S21402EBA8420542BFBDF82A3043F40053ADF82A3076
S21402EBB8E379DB0642BFBDF82A3043F48053ADF84A
S21402EBC82A30BDF82A30980613D5022F57D10CA939
S21402EBD8207A0FF0B8FCDDF83500DDF8391007ABFF
S21402EBE803C307AA0021042300910DF11A00FFF7B8
S21402EBF8AFFA0121BDF81A0012F0A0F8022F8246D9
S21402EC0849D1474B33F81950B8F1000F7ED0BDF8FA
S21402EC182A2051067AD54FF6FB739D4276D8414B89
S21402EC281B78033B012B04D83F4BB3F86830AB4242
S21402EC386CD0D30502D528460FF067FEBDF82A30F9
S21402EC48D80463D5002F33D1BDF81A000DF0A0FF03
S21402EC58C10663D548F23403BDF826209A4209D184
S21402EC68324E3078FF2805D003222946FBF782FB6E
S21402EC78FF2333700023236011B0BDE8F08F012F05
S21402EC8801BF237A2A4A03EB430302EB830314BF2A
S21402EC9800229A1CA6E7012F05D10C2303FB09F3D1
S21402ECA8234AD55AB0E7A81C12F067FC0546ABE71C
S21402ECB8284601F0F7FEBDF81A000DF069FFC206F5
S21402ECC8C8D463895046059312F01CF8834650460A
S21402ECD811F0FCFF059B02905FFA8BF04A46394614
S21402ECE801900093404609AB0CF076F8B8F1000F95
S21402ECF814BF0B20092016F0030218BF02F1FF32D8
S21402ED08294618BFD2B212F001FCA3E7BDF81A00D2
S21402ED180DF03EFFC3069DD4002FD2D1A946D0E7F8
S21402ED28985C002057660020A8570020147100201F
S21402ED38D85B002038B500240F4B104D2A78A24223
S21402ED4805D8C2B9BDE838400D48F6F7EBBC598875
S21402ED5869B9013AD2B2A2422A70EFD0121B1846FB
S21402ED6803F110011201EEF791FC0346E6E70134BF
S21402ED781033E4B2E2E738BD784600201E6700206A
S21402ED88A06F002070B51A4B1A4A1D780023DCB211
S21402ED98A54200D870BD144666880133864202F141
S21402EDA81002F4D1E379A588E16003F040028DB938
S21402EDB8CAB123F00403E3710DF0F7FF037803F0FA
S21402EDC87F03037021880029E4D1BDE870400A4811
S21402EDD812F068B800216580A180002AE9D1BDE852
S21402EDE87040FFF7A7BF2046FFF7C0FEF7E700BF51
S21402EDF81E67002078460020A06F00202DE9F04705
S21402EE08044686B040880F4615460DF0CEFFA37915
S21402EE188046082B52D8DFE803F0052E18515151C8
S21402EE2851510500023012F0A8FB002D4ED069465B
S21402EE38F7F7CCF9002841D1684601F0DDFEB0FAB2
S21402EE4880F0400906B0BDE8F08702A9207A0FF0E4
S21402EE587AFB6B466E46DDF80D00DDF81110334A74
S21402EE6803C3237A32F81390314AD05C75B131461F
S21402EE780FF08DFBE6E7237A2E4903EB430301EBFB
S21402EE88830231F82390907A961CEFE74FF6FB7AC6
S21402EE98D14515D9304603F0ADFF4FF6FF739842B9
S21402EEA8054615D00146304601F018FE554508D9E4
S21402EEB8E379DA060ED440F62243E3600020C1E77F
S21402EEC84D46294608F1020012F059FB0120B9E71F
S21402EED84D46EDE74FF6FC78454512D103F00C0394
S21402EEE80C2B1CD1DFB130464FF6FD7101F0F6FD52
S21402EEF840F61F412046E160FFF738FEFFF71AFF8B
S21402EF08DCE74FF6FD739D4209D1002330461946C9
S21402EF181A4602F02DFB4146304601F0DFFDE37942
S21402EF2843F00C03E37140F62343C6E7985C0020DF
S21402EF3802660020D85B002073B5044640880E4659
S21402EF480DF033FF023012F018FB0CF0CDFB18B1AF
S21402EF58A11C201D0CF0CDFBE6B1E5790135EDB21A
S21402EF68E57115F0400514D0EBF77EF90122054647
S21402EF7800212046FFF742FF18B1394B1B882B4465
S21402EF889DB2384B1B78042B01BF354B1B885B1987
S21402EF989DB22580002231462046FFF72FFF20B378
S21402EFA860880DF002FFE2792F4922F00C03E37124
S21402EFB80B7805460133DBB20B70C3712B4BA61CCC
S21402EFC81B780BB3E37998061ED52949097871B1DF
S21402EFD859060CD592070AD5002204231146304654
S21402EFE80092FFF7B5F810B1E06002B070BD0022DB
S21402EFF80123114630460092FFF7AAF820B1E379BA
S21402F00843F00303E371EFE730460CF070FB002889
S21402F018EAD16088FBF77EFD0328E6D8DFE800F031
S21402F028020D1D19E37943F00403E3711B06DCD5D0
S21402F038104B1A78104B1A70D7E740F62443E36051
S21402F048E37943F00803E3712B7803F07F032B7010
S21402F058CBE740F62543E360C7E740F62643FAE7E0
S21402F0685E70002057660020546600205266002014
S21402F07811710020FA6500201D6700202DE9F74F60
S21402F088064612F090F95F4B0546B3F800901880D2
S21402F0985D4BA0EB09041B78A4B2A34298BF0023D9
S21402F0A84FF000084FF6FF7788BF1B1B564A88BFEB
S21402F0B8DBB21370DFF864B1A9EB00030093534B7D
S21402F0C85FFA88F2197891420ED80EB1FFF732FE2F
S21402F0D84FF6FF739F4200F08E8039464C4803B0C5
S21402F0E8BDE8F04F11F0DEBEBBF80220002A3CD085
S21402F0F8484B9BF807201878BBF800A0042818D0BD
S21402F1080020BAF1000F08BFA2462044504523D279
S21402F118BBF80010009B1944ABF80010002E4ED026
S21402F12802F04802482A4AD100215846FFF704FF4F
S21402F13845E00192F6F790FF30F01003019ADFD10E
S21402F148FAF702FD344B019AB3F800C08445D7D9C2
S21402F158ACEB000080B2D4E702F00C00042807D11A
S21402F1680022ABF800200BF1100B08F10108A6E705
S21402F178510602F0030C02F008000ED528B3BCF1C3
S21402F188030F25D1DEB1DBF80C105846002908BF5C
S21402F1984FF44261FFF7EAFC11E040B3BCF1010FFD
S21402F1A825D11206EED44FF4C862ABF800209BF8BD
S21402F1B8072022F0030242F002028BF80720BBF86F
S21402F1C80020974228BF1746CDE703208445D9D2A8
S21402F1D813060ED50C4B1A780AEB0200844208DA9C
S21402F1E84A44521B0AEB0201ABF80010E7E701207B
S21402F1F8ECE7012199E7064803B0BDE8F04FF6F7B9
S21402F20891BA00BFB65F00201D6700201E67002067
S21402F218A06F0020576600205E7000207846002007
S21402F228F8B500250A4E0B4F3378ECB2A34204D841
S21402F238BDE8F8400848F5F785BF07EB0414A01C9C
S21402F248F5F780FF201DF5F77DFF0135ECE700BFD7
S21402F2581E67002078460020AC5F002070B50024A8
S21402F2680B4D0C4E2B78A34208D81B1BDBB22B7017
S21402F2786BB9BDE870400848F6F754BA06EB0410B6
S21402F28840F621410134FFF771FCE4B2EAE770BDAB
S21402F2981E67002078460020A06F00202DE9F04166
S21402F2A8002506462F46114CDFF8448098F80020C1
S21402F2B8EBB29A4203D8BDE8F041FFF73BBD60883F
S21402F2C80DF073FD023012F058F9B0420AD1608888
S21402F2D8F8F74AFA00230E211846628803F086F9E0
S21402F2E82780678010340135E0E700BF78460020A3
S21402F2F81E670020F8B5154EDFF858E035789EF8F8
S21402F30800E0134FAE454FEA051C07EB051419D06B
S21402F318002503F4835343EA1323A1712272E3718F
S21402F328608027F80C50A58006F078FB40F602436A
S21402F338E36033786081013328463370FFF79EFE18
S21402F3482846F8BD40F60340FBE700BF1E670020CC
S21402F35878460020D57000202DE9F04F344B0D4634
S21402F3681C78174685B05CB9B1F90680DFF8C890F4
S21402F378DFF8C8A0DFF8C8B099F80030A34202D870
S21402F38805B0BDE8F08F0AEB0416B08800B970889D
S21402F39801A90FF068FFAA7A9DF80E309A4244D166
S21402F3A8B8F1000F0FDA297A9DF80C202B899142C2
S21402F3B809D8204800780844824236DA521A1B0ACC
S21402F3C81341D90731D538460FF03CFFBDF80A304D
S21402F3D804469A0602D5EB889B06D1D5F37903F044
S21402F3E80C03042B08D17088F8F7BEF9002372883C
S21402F3F81946184603F0FAF800213046FFF7B6FB1E
S21402F408FFF798FC384611F07DFC844208D2337A1E
S21402F41801228BF8003029460023384603F044F8C8
S21402F428B8F1000FACDA0024A6E70134E4B2A3E789
S21402F4381C670020D47000201E6700207846002033
S21402F4482767002008B511F0AEFF074B1B88C01AC5
S21402F45880B2B0F5807F05D9BDE808400021034890
S21402F46811F020BD08BD00BFB65F0020A06F0020C7
S21402F4782DE9F04788B004460D460FF0EEFD01462A
S21402F488204606F04BF910F0030340F0848010F093
S21402F4980C0F06D12946204608B0BDE8F047FFF70C
S21402F4A871BC20460DF074FBC10659D420460FF0F5
S21402F4B8D4FD0146204606F031F9074620460DF0EF
S21402F4C874FC0646023012F058F805A98046204613
S21402F4D807F00C0796F806A00FF0C5FE73780C2FF7
S21402F4E80CBF03270627012113F0010F204618BF79
S21402F4F8032711F023FC2B4B81461B78033B012B79
S21402F5081DD9BAF1010F1AD94FF6F773984502D8E2
S21402F518337A1F2B13D9301D12F02FF8F179824651
S21402F5280EF049F806465046F7F726FDDEB1736830
S21402F5385A1C04D0834340F6284308BF1D461A4B7C
S21402F5481B88A34212D1B5FA85F04009FAF7A6FD40
S21402F55820460DF04BFB00220146072011F0D6FF8D
S21402F56808B0BDE8F08740F62845E8E706F056FA00
S21402F5788246484611F0C6FB0646484611F0A6FBE8
S21402F588F6B20290424639462846CDE900A605ABB1
S21402F5980BF022FCDCE7012BE2D110F00C0FDFD1D6
S21402F5A878E700BF57660020AC5F0020002210B53F
S21402F5B8094B1C78094BD1B28C4201D8002010BDE9
S21402F5C8197A814202D19979022902D0103301327E
S21402F5D8F1E70120F3E700BF1E6700207846002007
S21402F5E80146002210B5084B1C78084BD0B284425C
S21402F5F801D8002010BD187A884202D198790128CD
S21402F608F8D010330132F1E71E6700207846002052
S21402F618002210B40A4B1C780A4BD1B28C4203D88B
S21402F6285DF8044BFFF786BB197A814205D19979B2
S21402F638012902BF00211980598010330132ECE7F4
S21402F6481E67002078460020044B1B6813F0300F14
S21402F65803D0202130200EF0A8BE7047F04A0020C2
S21402F668002310B5044608491A4601EA00414FF03D
S21402F6787F60FEF751FFE30703D5002130200EF026
S21402F68894FE002010BD00BF00007207044B5B8882
S21402F69823F4784323F08D0303800020704700BFCD
S21402F6A8F04A002008B500220346C3F80220C3F831
S21402F6B806200B4A02301268D1B212F0200F18BF89
S21402F6C841F010011980930701D4FEF79DFF054B00
S21402F6D81B78023B032B8CBF1720002008BD00BFF7
S21402F6E8F04A00205666002038B505460C46FDF757
S21402F6F82FFB98B10E4B187878B10E4B1B681A047C
S21402F7080FD58CB113F0420F00D17DB103F44073CC
S21402F718B3F5407F0CBF0020232038BD40F60840D2
S21402F728FBE740F60B40F8E72046F6E72320F4E727
S21402F73852660020F04A0020F0B504468DB007A8AD
S21402F7480D4616460BF054FC1022002103A8EDF7CE
S21402F7584BFF5CB1234603AC03F110072246186838
S21402F7685968083303C2BB421446F7D1012703A9D6
S21402F77886EA070307A88DF81C708DF81D300BF073
S21402F788A2FD80EA070401A8E4B2EBF7AFFAB6B125
S21402F79801A88DF80650EBF7D5FA64B1002303A941
S21402F7A807A88DF81D300BF09DFD0C4B1B78432BDC
S21402F7B801D1F7F7CFFC0A4B1D700DB0F0BD01A8BA
S21402F7C88DF80750EBF7BEFA002CF6D003A907A867
S21402F7D88DF81D700BF086FDEFE700BF5666002019
S21402F7E851660020F0B5012593B007460DA80C46D1
S21402F7F80BF0FEFB05A90DA8ADF834500BF08DFDF5
S21402F80801A8EBF773FA09A90DA88DF835509DF8EB
S21402F81806600BF082FD0DA89DF807500BF013FD4D
S21402F82870BB731BDBB2802B28D91FB1A64225D02A
S21402F838A54223D105A90DA80BF054FD03A8EBF7A2
S21402F84855FA03A88DF80F60EBF77CFA01222946D1
S21402F85809A8FFF771FFF7F733FD01214FF400708F
S21402F86803F0E6FDFDF75CFAB0F1004F01D9FDF7AB
S21402F8785DFA044B18780BF015FB012013B0F0BDA7
S21402F8880020FBE75166002070B50E461446054672
S21402F8980320FFF765F946F00402294620460BF0D6
S21402F8A87BFD0022014B1A6070BD00BFEC4A0020A7
S21402F8B8F0B587B0078805461022002102A8EDF7A2
S21402F8C893FE3E4B1B78002B76D1BC055ED407F020
S21402F8D88403842B63D00022394C11461046FFF766
S21402F8E82BFF17F4045F276005F102061CD0B90443
S21402F8F80AD5304605F0A4F900284ED1236823F429
S21402F908005343F48073236030460EF0DCFD002873
S21402F91842D10BF069FB18B9236843F4803323609D
S21402F928236843F02003236022680DF1060042F4A0
S21402F93800432360FFF7AAFE12F4805FBDF8063084
S21402F94831D043F02003ADF806302168334611F073
S21402F958400218BF05F123024FF07F60FEF7DCFD78
S21402F968BDF80630DA0703D5002130200EF01DFD5B
S21402F97823689B0506D5012295F8221005F1120088
S21402F988FFF7DAFE00200F4B186006E005F11200BA
S21402F9980EF099FD00289AD0292007B0F0BDB807C6
S21402F9A899D52320F9E723F02003ADF80630FDF7B2
S21402F9B8BDF9FEF7BBFBC8E70220EEE75666002055
S21402F9C8F04A0020EC4A002008B5054B1B7833B1F4
S21402F9D8FFF73AFEBDE808400248FEF731BE08BD0A
S21402F9E852660020DC66002010B5154B1B78D3B192
S21402F9F8144B1B78033B012B15D900200FF026F871
S21402FA08044698B1EAF760FC237913F0300F0AD15E
S21402FA1848B1012803F0CF0206D0811E4B424B4163
S21402FA285B011343237110BD1023FAE7F7F7DAF8E0
S21402FA380028F8D021462046BDE8104004F096B8C3
S21402FA48526600205766002008B50DF04EFB054B9F
S21402FA5818B91868C0F3800008BD1868C0F30050CB
S21402FA68FAE700BFF04A00202DE9F04F064689461D
S21402FA781046002189B01546984605F04FFE102814
S21402FA8807460AD86A4B0341DB0706D4C8F3400484
S21402FA989DB9002009B0BDE8F08F664B1C78002C93
S21402FAA8F6D0FFF7D1FF00280CBF4FF4F0744FF4DE
S21402FAB8D074FC4004F00104EAE74FF0000A18F09C
S21402FAC8010F5346524629464FF00500CDF800A0CE
S21402FAD80CBF4FF0080B4FF4027B09F0D7F800284A
S21402FAE8D7D0C8233246009359465346284605F0CF
S21402FAF83DFEADF80E000028CBD018F0080A4AD111
S21402FB084FF6F773A7F10F02D2B29E428CBF0923B3
S21402FB180123012A01D843F04003474A8DF81030E2
S21402FB281378591C11708DF81130002C4FD09DF89F
S21402FB381030052F43F020038DF8103033D03F4B9A
S21402FB481D78002D5AD04FF6F77300259E424FF0C7
S21402FB580F0248D9012304A90DF10E00F5F736FD68
S21402FB68002896D1002C4DD1BAF1000133463A4608
S21402FB7818BF0121BDF80E00CDF800900BF0BEFDAF
S21402FB88ADF80E00002884D018F0040F4DD0314688
S21402FB980DF0E0FE7EE749460DF10E0005F02AF864
S21402FBA80028ADD175E70121BDF80E0011F0C6F8A0
S21402FBB8012105F0B3FD0123834013F0620F1CD127
S21402FBC81E4B1B78E3B14FF6F7731825BEE71B4B9F
S21402FBD825461B780222002BBCD04FF6F7739E42AE
S21402FBE8B8D8052FB6D0BAF1000FB3D19DF81030A9
S21402FBF843F040038DF81030ACE710250F22A9E732
S21402FC081825FBE7BAF1000F0AD002234A460090ED
S21402FC1829460DF10E00FEF79BFA0028A4D038E715
S21402FC2841235246CDF800A0F2E70DF07DFE31E7FB
S21402FC389FFEFEFF526600205366002044660020A0
S21402FC482DE9DF431E46144B80461B680F469B076A
S21402FC5891460A9C1BD4204614B10BF037FDC0B25D
S21402FC680622CDE902403B460020CDE900890B4931
S21402FC780FF073F9024650B10021002E0CBF012383
S21402FC880323084604B0BDE8D043FFF7EDBE0020C4
S21402FC9804B0BDE8D08300BFF04A002013B20400C7
S21402FCA82DE9F04F8DB081468A461F4693469DF849
S21402FCB85C803AB903A8FEF7A7FCB0BB00200DB0DB
S21402FCC8BDE8F08F15460022232110460DF088F86D
S21402FCD8ADF80A000028F1D010F0F8FF0523044614
S21402FCE818F0100F00F8023B677020D0112200218E
S21402FCF8EDF77AFC04F11306032F4FF0080237D10A
S21402FD0859463046EDF7C2FCC8F3801306F10905DA
S21402FD1833720BF0D7FC00283ED000232B706B7092
S21402FD280123033505F8013C36E003ADCBE701268F
S21402FD3810221699EDF7AAFC06FA07F313F0620FDB
S21402FD4802D104F11206D7E707A80BF051F905A865
S21402FD588DF81C60EAF7CAFF9DF8162018F0200FE7
S21402FD689DF8173008BF134604F11306A374C3E7B9
S21402FD7851463046EDF78AFC012306F10802121BAB
S21402FD8828460093BDF80A10082392B211F0FAFC2E
S21402FD98042F06F11005BCD02D1BA9B20DF10A00DE
S21402FDA80FF043F8002889D118F0040F0BD0484604
S21402FDB811F0ACF9FF281FBF074A32F8103023F4B7
S21402FDC8804322F81030434651464846BDF80A207A
S21402FDD8FFF74AFE73E700BF405F002070B50326B0
S21402FDE890B08DF807600DF080F918B90224204605
S21402FDF810B070BDF5F78AFD0028F7D002AD284688
S21402FE08FEF702FC0028F1D01B4B1C6814F0020413
S21402FE18ECD140F20F43194AADF82430136804A80F
S21402FE28CDF826305368CDF82A300BF0E1F895E87D
S21402FE38030005AB83E80300062304A88DF81D30EB
S21402FE488DF81060EAF7F4FE01210DF12E020DF18D
S21402FE580700EAF745FE22461A2109A80CF0C0FF59
S21402FE68024608B91924C2E7012329462046FFF7A5
S21402FE78FBFD0028BBD1F5E7F04A0020DC6600202F
S21402FE882DE9F04F06460F46002199B01F2210A80A
S21402FE9803930F91EDF7A8FB30460FF0DEF8014604
S21402FEA8304605F03BFC8DF81B0030460CF07DFF13
S21402FEB89DF81B3045788146C5F3400598063046BE
S21402FEC848BF45F002050FF0BDF90446304610F06B
S21402FED819FF0023001B5FFA80FA00935346232B70
S21402FEE828BF2323224631460FA811F04BFC0028D0
S21402FEF840D19E4B9DF83C801B789DF83DB0002B68
S21402FF083BD0FFF7A1FD00280CBF4FF4F0734FF467
S21402FF18D07323FA08F3D9072FD5AA072DD4B8F138
S21402FF28080F24D1BBF1040F24D1FAF797FD08BBBA
S21402FF38012322460093314605200DF11B0308F0E3
S21402FF4882FEB8B1A8F10508B8F10D0F12D8DFE89D
S21402FF5818F02800A001C701EC01F50111001100F4
S21402FF6811001100FB019D02A902D702D702B8F1BF
S21402FF78050F08D019B0BDE8F08FB8F1100F05D1FB
S21402FF88039B002BF6D0FAF769FDD1E7FAF766FD70
S21402FF980028CDD0B8F1050FCAD0B8F1110FC7D0D6
S21402FFA8E8E7BBF1050FE5D830460CF061FE059090
S21402FFB809F1020011F0E1FA81460DF11E00FFF781
S21402FFC865FB01239DF83D70BB4013F06203039363
S21402FFD805D0BDF81E309B0701D5AE07CAD50DF071
S21402FFE884F80028C6D0FAF739FD08B9002DC1D022
S21402FFF80DF13E0A50460EF066FA039B0490BBB11A
S214030008032F9DF84EB01AD10DF14F040DF06DF87D
S214030018814540F01781032DACD19DF85610524602
S214030028003918BF01210DF14E000BF074FBA1E750
S214030038032FDDF80CB07BD10DF14E04E6E74C4BED
S2140300481B689C0729D5FF2208210DF157000CF0E1
S214030058DEFF804608BB034601460DF15702022021
S214030068FEF75AFA0DF041F881450DF157060DF1E2
S2140300784F0422D04FF6F773994540F2E8800022E2
S214030088082120460CF0C3FF002800F0E080002279
S21403009859465046FFF750FB6CE70DF157060DF12E
S2140300A84F0430460EF0A9F9002846D00DF01DF887
S2140300B8814540F0C8804FF000082046F6F70EF951
S2140300C8002800F0C080012F58D0042F7FF452AFC9
S2140300D80EF0B6F910B1032D7FF44CAF049B002B3A
S2140300E87FF448AF324602215046FFF7CDFB214B3B
S2140300F81B7863B1FFF772FEFEF72CFD022806D1C4
S2140301080120FEF721FD01210846FEF799FB1A4B4D
S2140301181B78022B1FD1032130460AF0C5FEFEF7D3
S21403012819FD014600287FF425AFFEF789FB21E772
S2140301380DF156060DF14E04B3E70F4B1B78432B10
S2140301487FF418AF012F7FF415AF0CF0CEFF81456F
S21403015879D1B846B1E7412B7FF40CAF044B1B6843
S21403016858057FF507AFF8F761FC03E752660020EA
S214030178F04A00200E67002056660020B64C237807
S214030188022B22D02378412B3FF4F4AE049B33B9D9
S214030198FAF764FC594602465046FFF7CDFAFAF7D3
S2140301A85DFC00283FF4E6AE0EF04AF9AB4F98B173
S2140301B83B681A0502D42378432B0DD1AB070BD41F
S2140301C840F61A40F7F7E0FBD4E60EF039F90028B4
S2140301D8D8D0A907D6D4CDE6386810F0020002D1E5
S2140301E8059903F0C3FC2378112B16D13B685F05EA
S2140301F813D50020FEF73AFB044600287FF4BAAE70
S2140302080DF04BFA40F61C40F7F7BEFB2146204696
S214030218FEF716FBF7F7C4FBACE6AC0701D5FFF70A
S21403022813FAB8F1000F9ED00AF0DEFE18B94FF4A1
S21403023880310EF0BAF80022894B30461A600EF069
S214030248D3F890E70026039B002B7FF413AF4FF6F3
S214030258FF73204608A9ADF82030F5F791FF20B1C3
S21403026820460CF01DFFADF820004FF6FF73BDF8CF
S214030278200098423FF47EAE049B3246002B0CBF08
S214030288042315232146CDE900A33B46FFF708FDC3
S21403029870E60CF02AFF00287FF46CAE714B1B78CF
S2140302A8002B3FF467AEA80704D46C4B1B68990170
S2140302B83FF560AEBAF10C0F0DF1450094BF00246C
S2140302C812AC11F05AF902469DF8470003283FF688
S2140302D851AE394600940DF13D0304F00BFA49E696
S2140302E80DF13D00F5F7FAFF28B102223946002042
S2140302F8FAF740F83EE65C4B1B78013B012B3FF6CA
S21403030839AE0DF13D0002F075FD4FF6FF739842C6
S214030318044606D10DF13D000CF0C2FEA0423FF4A0
S21403032829AE0021FAF736F924E6EA077FF522AE66
S2140303382A4638460FA904F0DBFA1BE69DF83D105B
S2140303480120FFF74FFA15E6474B1B78013B012BB5
S2140303583FF610AEEB077FF50DAE0DF13D0002F04C
S21403036849FD4FF6FF7398420546804640F0808065
S2140303780DF13D000CF094FE40450546074677D13F
S2140303880DF13D00F6F71CFCB84205463FF4F2AD06
S214030398304610F0B7FC00220934E4B2071BFFB25C
S2140303A8394610460CF01CFDADF81C0000283FF437
S2140303B8E1AD4FF0010900232A460821CDF8009045
S2140303C805F0D4F9ADF81E0000283FF4D3AD214656
S2140303D830460EF00EFF4FF0000A804616225146AE
S2140303E809A8CDF820A0EDF7FFF843462246314684
S2140303F8CDF800A008A811F0C5F94B46424608A94F
S2140304080DF11E00F5F7E2F800287FF4B3ADA7EB6D
S2140304180807FFB2394607A80EF007FD284610F06E
S21403042875FEFF2818BF114A444418BF32F8103027
S214030438E4B21CBF23F4804322F81030BDF81C0036
S21403044823463246002100970EF017FD2946BDF8CD
S2140304581E000DF07FFA8DE556660020F04A002050
S214030468EC4A00205266002057660020405F0020B2
S214030478284610F04BFEFF28074689D0F6F7C6FD38
S214030488002885D0384603F099F881E71E4B1B7879
S214030498013B012B3FF66EAD2A4638460FA9FCF7FB
S2140304A8C9F967E5194B1B78022B20D1002F7FF477
S2140304B861AD08A8FEF7A8F800283FF45BAD144B17
S2140304C81F709DF83D30002B14BF64246524FEF787
S2140304D841FB032806D138463946FEF7B1F93846B4
S2140304E8FEF73EFB214608A80AF0DEFC42E5043B7D
S2140304F8012BDBD938460BF0F7F80028D6D139E5B7
S21403050830460BF0F3F835E55766002056660020AC
S2140305180E6700202DE9F34105460E461746984612
S2140305280DF08EFF044640B101233A46314628466D
S214030538CDF80080FFF784FB04460DF081FF30B149
S214030548FFF782FA78B10A4B1B689B010BD400238A
S2140305583A4631462846CDF80080FFF771FB002C53
S2140305680CBF0446012404F0010002B0BDE8F08184
S214030578F04A002070B58AB005A80AF039FD0223B0
S21403058801AA15468DF81430084B03F110061446D5
S21403059818685968083303C4B3422246F7D1294674
S2140305A805A80AF090FE0AB070BD00BF1316050032
S2140305B8014B1878704700BF12710020014B18884A
S2140305C8704700BF887000204FF6FF732DE9F0438D
S2140305D8994280460D4685B00BD000274FF6FD7925
S2140305E81C4EE9F747FEFCB2A0420BD84FF6FF7045
S2140305F81DE0F5F773FE0028EFD005B0BDE8F0431D
S2140306080CF073BD36F814304B4517D869462046A8
S2140306180DF05DFF082241460DF10500EDF730FBAE
S2140306284FF6FF7360B99D4204D136F8140005B03F
S214030638BDE8F08326F814500DF012FF0137D0E713
S2140306489D42FBD036F81430AB4208BF26F8149008
S214030658F4E700BF985C00202DE9FF4706460F46DF
S21403066800254FF6FD79DFF83C80DFF83CA0E9F774
S21403067801FEECB2A04202D804B0BDE8F08738F811
S21403068814304B450CD8694620460DF020FF082247
S21403069831460DF10500EDF7F3FA08B90AF80470C8
S2140306A80135E4E7985C002002660020014B33F826
S2140306B810007047985C0020F0B5064600250D4FDD
S2140306C885B0E9F7D7FDECB2A04201D805B0F0BD76
S2140306D837F81430B3420BD1694620460DF033FF82
S2140306E89DF80030022B1CBF4FF6FD7327F8143015
S2140306F80135E6E7985C002030B585B004460D461C
S214030708E9F7B8FDA0420FD9084B33F814204FF683
S214030718FD739A4208D8694620460DF014FF294609
S2140307280DF10500FFF750FF05B030BD985C0020BB
S21403073830B585B00446E9F79DFDA04219D9204691
S214030748FEF734FF0546B0B9694620460DF0BFFEEE
S2140307589DF800302BB1694620468DF800500DF001
S214030768D4FE4FF6FF720020044B23F8142005B07E
S21403077830BD2820FBE740F60440F8E7985C0020E5
S2140307882DE9F0410B7805460E461BB9BDE8F04146
S214030798FFF7CEBFE9F76EFDA84231D92846FEF724
S2140307A805FF78BB374617F8058B4FF6FF713846B3
S2140307B8FFF70AFF0446384600F01EFAB0FA80F040
S2140307C84009B8F1000F15D0B8F1030F15D04FF64E
S2140307D8FF724FF6FD73944208BF1C460B4B314617
S2140307E823F815400A4B585528460DF08EFE002070
S2140307F8BDE8F0814FF6FF74F0E74FF6FE74EDE7B9
S2140308082820F5E740F60440F2E700BF985C00208E
S214030818026600202DE9FF410D4604464FF6FE7892
S2140308280F4F0E0AE9F726FDA04204D8FF242046F8
S21403083804B0BDE8F08137F8143043450CD1694657
S21403084820460DF044FE9DF80520EBB29A4203D1EC
S2140308589DF80630B342EAD00134E4B2E2E700BFBB
S214030868985C00202DE9F04F0C461746984600255D
S2140308784FF6FD7B87B09DF840A0DFF85C900190AB
S214030888E9F7F8FCEEB2B04201D8FF2616E039F8CD
S21403089816205A451ED8304602A90DF018FE3FB951
S2140308A89DF80920424515D19DF80C20524511D1D3
S2140308B844B939F81620019B9A420BD1304607B043
S2140308C8BDE8F08F082220460DF10D01EDF7D8F9A3
S2140308D80028F3D00135D3E7985C002010B51446FA
S2140308E80DF0F5FD2046BDE8104008220149ECF757
S2140308F8CDBE00BFDC6600202DE9FF470746154638
S2140309080846082224491E46EDF7BAF90446002885
S2140309183FD14FF6FF7ADFF88490E9F7ABFC5FFA2E
S21403092884F880450BD385B3384608F06DFA01255D
S2140309380C9B18700120357004B0BDE8F08739F8B1
S214030948183053451FD0694640460DF0C0FD7A78E7
S2140309589DF801309A4216D17A88BDF802309A4239
S21403096811D13A799DF804309A420CD108220DF138
S2140309780501781DEDF784F928B9002DD7D140462F
S21403098808F05DFAD3E70134C7E7FF2008F057FA03
S214030998CEE70020D0E700BFDC660020985C002086
S2140309A8F0B50025154E164F85B0E9F763FCECB293
S2140309B8A04201D805B0F0BD694620460DF087FD74
S2140309C89DF80030032B06D90023694620468DF888
S2140309D800300DF09AFD9DF8002062B14FF6FD73C6
S2140309E84FF6FE71032A08BF0B4626F81430002379
S2140309F801353B55D9E74FF6FF73F6E7985C0020B9
S214030A0802660020F8B50E4604464FF6FF770C4BF1
S214030A180C4D1B7803EB430305EB8305A54202D86D
S214030A2800242046F8BD2388BB4206D00822314658
S214030A38A01CEDF725F90028F3D00C34EEE700BF29
S214030A48D6700020D85B0020044BFF211A78044890
S214030A5802EB42029200ECF7C7BD00BFD670002037
S214030A68D85B0020F8B504460C4B0D461B78104699
S214030A78A3420DD90C27022117FB04117C43084E09
S214030A8808223144ECF702FE335B00202B80F8BDC6
S214030A980023136053604FF6FF73F6E7D670002003
S214030AA8D85B002038B504464FF6FD75FFF704FEFD
S214030AB80022084B1878084BD1B2884200D838BDB4
S214030AC833F80C1C0132A14208BF23F80C5C0C3324
S214030AD8F2E700BFD6700020E45B002070B5054639
S214030AE80E460846FFF7DEFF31462846FFF76CFD3D
S214030AF829460648FFF786FF00B970BD044624F862
S214030B080C6B0DF0ADFC29462046F3E7D85B0020B6
S214030B1810B5082286B023490446EDF7B1F820B984
S214030B2806B0BDE810400CF0E0BA082220461E497D
S214030B38EDF7A6F820B91D4BB3F8680006B010BD4C
S214030B480023012221464FF6FF700093FFF78AFE23
S214030B58FF2806D0164B33F810004FF6FB7398425F
S214030B68ECD903A8FEF79EFD58B9BDF80C305B0612
S214030B7807D5082221460DF10E00EDF781F8002867
S214030B88DCD021460B48FFF73DFF40B14FF6FB721A
S214030B984FF6FF730088904288BF1846CEE74FF695
S214030BA8FF70CBE7DC66002012580020A857002009
S214030BB8985C0020D85B002070B5002204464FF6E8
S214030BC8FB7608460A4B1D780A4BD1B28D4201D8EC
S214030BD8002009E01988B14207D8A14205D10822A6
S214030BE8991CECF753FD012070BD0C330132ECE77A
S214030BF8D6700020D85B002037B5014605460E4858
S214030C08FFF700FF044640B1807A29460DF0BFFC83
S214030C1880F00100C0B203B030BD03460090012245
S214030C2829464FF6FF70FFF71DFEFF2816BF034B36
S214030C382046185CE9E700BFD85B00200266002060
S214030C482DE9F341224B04461B780F46834215468B
S214030C5838D9FEF7C5FCB8BB4FF6FD739D421D4E4B
S214030C680ED004EB440326F823504FF6FF739D4239
S214030C781FD12046FEF7CCFC002002B0BDE8F08169
S214030C880DF106013846F5F77BFA4FF6FF72BDF805
S214030C9806303846934218BF1D460C236343F55265
S214030CA806EB0308FFF7A8FFB0FA80F0400988F8B8
S214030CB80A000C2303FB0460082239460230ECF7CB
S214030CC8E5FCD9E72820D8E740F60540D5E700BF76
S214030CD8D6700020D85B002038B504460D46FFF7CB
S214030CE8BBFC21460448FFF78DFE00B938BD857264
S214030CF821460C30F7E700BFD85B00200023074ADD
S214030D081370074A1370074A118801B11380064BFC
S214030D181A880AB100221A80704700BF206700208D
S214030D281F670020BC5F0020BA5F00202DE9F04F44
S214030D384C4C9846238889B005900F4610469DF874
S214030D4848A05BB952B10EF089F820804FF4FA61D7
S214030D58454809B0BDE8F04F10F0A4B8DFF81C9179
S214030D68B9F80050002D69D028460FF0CBFFC0F322
S214030D78470428460FF0AAFFDFF804A10294BAF83E
S214030D880030DFF800B10193BBF800300546009346
S214030D9800224346012035490EF0DFF8ADF81E0061
S214030DA810B305EB44080124454512D1E4B9BDF850
S214030DB81E50CDB12E4B1B782BBB2B460022394633
S214030DC8059800F043FA0023ABF80030AAF8003081
S214030DD80AE0012329461A460DF11E00F4F7F6FB2E
S214030DE8023504460028DFD00023224AA9F800303B
S214030DF81378013BDBB21370002BA7D109B0BDE80B
S214030E08F04FFFF77BBF0CF039F90146284604F08C
S214030E1885FC0A218046284604F080FC0646A6423E
S214030E2802D8FF2CCFD1C8E7284604F10B0104F0FB
S214030E3875FC8045C1D80134E4B2F0E70E4C23783C
S214030E4823B910F013FA08B9012323705246414612
S214030E580520F5F757FC0028D0D1207009B0BDE867
S214030E68F08F00BFBC5F0020C06F002019B20400DB
S214030E7821670020206700201F670020BA5F002034
S214030E88545F0020565F002030B5154D87B02C8878
S214030E989CB923464FF4A07248F2380103A80DF014
S214030EA859FC21462046F9F7F3FB22460D4B0094DE
S214030EB803A9FFF73BFF07B030BD20460BF075FFCD
S214030EC8043010F05AFB03A9044628880EF0CBF921
S214030ED80023009320462A8803A900F065FBEAE767
S214030EE8BC5F002000F8FF0737B5002001A9F9F713
S214030EF8CFFB0D4C014623780C4D7BB10C4B019A66
S214030F081878F9F7DBFB2078F7F716F90023237030
S214030F182B700848F4F706FC03B030BD2B78002B7B
S214030F28F7D0FFF7B1FFF4E7236700202067002018
S214030F3822670020C06F002008B50548F4F702F9B9
S214030F480448F4F7FFF8BDE808400348F4F7FAB88E
S214030F58BC5F0020BA5F0020B85F00202DE9F04F81
S214030F6889B089460446CDE905239DF84870139E43
S214030F7830B316F801ABBAF1000F23D00AF1FF34E9
S214030F88A400E4B2314601200AF0F6FBC00E1BD1DA
S214030F98DFF838B1314601200AF0EEFB9BF8005023
S214030FA834442279BDB1002F47D180234846CDE982
S214030FB80277CDE900773E4A059900F047F93CE009
S214030FC88246DFE75446DDE71B28ECD93146012085
S214030FD80AF0D2FBE7E7DFF8F880FF2A00EA0808FA
S214030FE80BD14246E379A179607901EB032189B2F3
S214030FF809B0BDE8F04FF9F761BB2E4909688B07BE
S2140310080AD5FE2A35D101230135EDB2202D4FEA44
S21403101843030AD1FF250AE0294628460792F9F72B
S21403102837FB4845BFD1079AEBE79845ECD1224BE7
S2140310381B78FF2B04D0AB4204D009B0BDE8F08F71
S214031048FF2DFAD029460020F3F774F80028F4D0C9
S2140310589BF800306479002BEFD1FFF74FFE174853
S2140310684FF410510FF01EFF154B8BF800501C70F1
S214031078E3E7052A97D8BAF1010F94D8B8F1000F19
S21403108891D0002FD9D17379002BD6D00D49098872
S21403109821B9082B28BF08230B490B70434648463B
S2140310A81292DDE9051209B0BDE8F04FFFF73EBE20
S2140310B819B20400F04A002013710020C06F002004
S2140310C822670020BC5F00202067002023670020DB
S2140310D800F8FF07014B1880FFF7D6BEBA5F00205B
S2140310E837B5184B1B78022B03D01725284603B0B1
S2140310F830BD00210DF10700F4F798FC05460028DB
S214031108F3D1114B1B78013B012B01D90225EDE7DF
S214031118F4F7F6FB0028F9D009F00EFE0446F4F7B8
S214031128EFFB0A4B4FF47A7118700B23B4FBF3F2F8
S21403113803FB12440A34A4B2614305480FF0B2FE17
S214031148D4E700BF5666002057660020476600208F
S2140311581C4A00202DE9F043384B00241E784FF430
S214031168F813374FA5B003933D78ADF81040F7F75B
S2140311788FF8BDF90E30ADF81200A342ADF814404F
S21403118806DB304B1C780134E4B21C7044F0800450
S2140311988DF82C40A94602244FF000088DF82D60E0
S2140311A8B14529D3002221460BA83D708DF82D8022
S2140311B80BF016FEE8B1B8F1000F09D000234FF67E
S2140311C8FC71CDE9000303AAFF230620FBF7EAFF19
S2140311D8B5422FD209F0B0FD0B23B0FBF3F24FF460
S2140311E87A7102FB13000A3080B2414316480FF0A7
S2140311F859FE25B0BDE8F083484606A902F004FA6E
S21403120898B9512C11D804F190030DEB0302083456
S21403121806AB013508F1010803CBE4B242F8640CC7
S21403122842F8601CEDB25FFA88F809F101095FFA23
S21403123889F9B5E70448F4F775FADAE7476600204C
S21403124848660020256700201C4A00200CB42DE9B8
S214031258F04F8BB014AA0E4652F8041B07460992A1
S214031268002940F08F80BDF85400ADF8220000280E
S21403127800F0A18033794FF6F778002B40F086808C
S21403128847458CBF4FF009084FF008084C4B1C78AD
S214031298FF2C40F08380B6F90230002BA9BF494BD8
S2140312A8347A1C780134A2BFE4B21C7044F080047C
S2140312B8DFF81CB12246002104F044FA9BF80030FC
S2140312C8BDF82200002B6CD0DFF808A14FF0000908
S2140312D8BAF8003007930FF015FD0546BDF822004F
S2140312E80FF0F4FCEBB2CDE90193FF23CDE9030934
S2140312F800932246334639460798FCF7F1F84FF62B
S214031308FF7305468BF80090AAF80030382D33D1C2
S2140313183246394640460DF122030AF0EDF9002815
S2140313284BD04FF6F7739F4226D8B6F9023070882B
S214031338002B21DA48F204022349244B4FF0000815
S214031348904214BF894699460BF0CFFE494603469A
S2140313588A220120CDF800800DF0FFFD814658B1A2
S2140313682246414604F0EEF9FF2332463946404604
S214031378CDE90098FBF716FF28460BB0BDE8F04FFB
S21403138802B0704701200DF0C5FD6EE70023474500
S2140313988CBF4FF006089846337177E7FF221A701A
S2140313A886E7CDE900033246FF2339464046FBF776
S2140313B8F9FE0546AAE71925DEE70546DCE700BF7A
S2140313C815710020256700202AB204001FB2040006
S2140313D824670020BE5F002070B54FF40033002456
S2140313E80546164688B0ADF81A100DF10F0204A983
S2140313F80593ADF81840ADF81C4004948DF80F40DB
S2140314080AF051F99DF80F3028460193049B044AC5
S214031418009305A93346FFF719FF08B070BD00BF50
S21403142823B2040030B54FF48035002487B0039503
S214031438BDF82850CDE900128DF81030074A034648
S21403144803A9BDF82C008DF81140ADF81250ADF87D
S2140314581440FFF7FBFE07B030BD00BF2FB20400F1
S214031468B1F1006F2DE9F04314462CBF3922382218
S2140314788BB01D464FF00003ADF81E204FF48002D4
S2140314882CBF4FF001099946FF2C0646ADF81C30D1
S2140314980892ADF824304FEA11471FFA81F80FD1A6
S2140314A80CF0B9F9B9F1000F19D1154ACDE90205BF
S2140314B843463046CDE9007407A9FFF7C7FE1AE08E
S2140314C8FE2C0AD10CF0A7F90130C0B20CF0AEF925
S2140314D8B9F1000F12D00B4A02E0E8B2F8E70A4A5D
S2140314E8CDE9030501233046CDE90174CDF8008024
S2140314F807A9FFF7ABFE0BB0BDE8F083034AD5E7B1
S21403150827B204002DB2040026B204002EB204004B
S2140315184FF498124FF0806310B586B0CDE90323D5
S2140315280023ADF814300BF0E0FD0446F6F7B0FEE2
S214031538054B01900093054A234603A94FF6FD7011
S214031548FFF784FE06B010BDDC66002033B2040045
S21403155808B5064B1B78022B02D0043B012B03D895
S214031568FFF7D6FF002008BD0220FCE756660020DA
S21403157830B500244FF4806587B0CDE900128DF8A6
S2140315881030084A034603A94FF6FD708DF811403C
S2140315980394ADF81250ADF81440FFF757FE07B0A2
S2140315A830BD00BF37B204002DE9F04F9BB00E469E
S2140315B805460EA91046CDE90A329DF890700DF03F
S2140315C821F8BDF838A0804650460FF09BFBB6F9C5
S2140315D802300446002BB6F80690B6F802B004DAD2
S2140315E80022B24B1A70002049E050460FF08AFBDF
S2140315F84045F5D3A4EB0804E3B2002F18BF4FF415
S214031608A079152B099328BF15230024013308F165
S214031618FF325146DBB292B2009414A810F0B2F827
S2140316286FEA4B436FEA5343A1499DF85020086875
S2140316384968ADF846300FAB03C3ADF84840ADF87C
S2140316484440ADF84A90ADF84C20BBF1000F24D1C6
S2140316580DF15100F4F742FEA0B10BF046FD5C46CF
S21403166806460DF1590A0DF151030A9A9AF80080B5
S214031678012A2DD157B384F0010404F001001BB0EE
S214031688BDE8F08F0DF1510001F0B4FB4FF6FF747F
S214031698011B4C4206464C41E3E7BBF1010F40F001
S2140316A89480BDF851600BF020FD86420AD0304680
S2140316B80FA90DF07DF880F00104E4B20DF1530A8A
S2140316C80FABD2E77B4B0DF1530ACEE70A9CD4E760
S2140316D897B3002C75D1B8F1010F72D837D10BF038
S2140316E804FD0BF002FD224606469AF80170714B7C
S2140316F800210120CDE9006102976F490DF02DFC0A
S214031708ADF83A0000285CD0002C53D1B8F1010F8D
S21403171850D12646DFF8B8A19AF800305FFA84F865
S214031728434538D940460FF049FDC20702D5BFB135
S214031738013FFFB20134EFE7B8F1010F05D1002CE2
S214031748CDD081229AF80170D2E7002CF9D1B8F1EE
S214031758010F94BF002201229AF80170D201C7E74D
S214031768404601F017FB0123ADF8340002220DA909
S2140317780DF13A00F3F72AFF18BBBDF83A000FF04D
S214031788C1FA804648460CF0AFFD08F10108013659
S2140317988045F6B2CEDBB6B132460C21BDF83A0028
S2140317A803F0D0FF00222846BDF83A3011A9FFF708
S2140317B84DFD06E00C210DF13A000DF036FB00282E
S2140317C8F0D001205BE70D21F5E70A9B002B7FF499
S2140317D80AAF7388342B57D1099B092B7FF403AFC1
S2140317E8002F7FF400AF9DF959603A46B4100821DC
S2140317F80DF1510004F020040BF009FCD0B12F4B77
S2140318081B78012B3FF4EFAE022B27D12C4B1B681A
S21403181813F0807F25D12A4B1B685B0201D5002E67
S21403182830DA00232846274A11A9FFF70FFD264B6F
S2140318381C70D8E60DF15100F4F750FD0028DED1F0
S2140318480DF1510001F0D6FA4FF6FF73984208D00F
S2140318582146F8F79FFE034618B903E0033B012B1E
S21403186806D9C8232846174A11A9FFF7EFFCBAE694
S214031878164BB3F86830AB42CDD0114B1B6813F048
S214031888805FC7E78D23EDE7099BCDE905920493AF
S2140318980DF15103CDE9028331462846CDE9007A96
S2140318A80B9B11AA00F058F89DE600BF18670020A6
S2140318B86D3B0400DC6600203BB20400576600203C
S2140318C8F04A00201D69040014710020A857002060
S2140318D8E3700020024B187840F08000704700BF82
S2140318E82567002038B50A4B05461C7824B10BF04B
S2140318F8FCFBB0FA80F46409F8F72AFF08B144F051
S2140319084004E8F7C3FC44EA4020284038BD00BF3B
S21403191852660020014B1880002070479070002004
S2140319284FF6FF71034602881B798A4217BF074999
S21403193801200A8041881EBF054A00201180FF2B1C
S2140319481EBF044A00201370704700BF8C70002027
S2140319588A700020266700202DE9F04FB7B0994615
S214031968BDF80431439C0D939DF8083183460E93C6
S214031978BDF8143120460F939DF81831B1F802A02C
S2140319880F4690469DF8005110930FF0F6FDBAF1F6
S214031998110F064600F28A800BF0A7FBB04200F050
S2140319A88F80BAF1060F19D14FF6FD739E423ED0CB
S2140319B8DDB9BC4B1B78033B012B36D930460FF0F9
S2140319C8A5FBFF2814BF8923812300224146CDE9BE
S2140319D800625846B44AFFF739FC06E02DB9BAF157
S2140319E8030F08D8BAF1010F0AD80022AF4B1A70B2
S2140319F837B0BDE8F08FAAF10403022BF5D8D8E771
S214031A08A84B1B78033B012B0DD930460FF07EFB02
S214031A18FF2814BF8923812341465846A44A0096C3
S214031A28FFF714FCE1E78023F6E78023CDE7A14B15
S214031A381B7859074CD40BF058FB0026034632464E
S214031A480120994900960DF088FA2379ADF86C00C1
S214031A580F930028CCD0DDE90E320D9803EB42092C
S214031A680FF050F95FFA89F909F10507FFB28742C3
S214031A78BED239460D9803F051FE109007EB400787
S214031A880D980FF03FF98742B2DADDE90F321343B8
S214031A98DBB2002B40F03282002DA9D12F463A46FE
S214031AA80421BDF86C0003F04DFE76E1814BBAF1D4
S214031AB83A0F1B7811D948F23B039A4508D014E02D
S214031AC87C4B1B785A070BD5AAF10403022B07D8BD
S214031AD8FB8843F48043FB808AE7BAF11B0F1ED8C2
S214031AE8AAF102039AB2132A5ED9109B49460293B7
S214031AF80F9B5046CDE900530E9A5B4609F0E0FD6E
S214031B080F287FF475AF0122684B1A70694B1B7850
S214031B189B0740F1D982002D7FF46AAFD8E7AAF174
S214031B281C021E2AE1D801A151F822F0592303000A
S214031B38F31A0300F31A0300791F0300F31A0300CA
S214031B485920030059200300F31A0300F31A03006D
S214031B58F31A0300F31A0300F31A0300F31A030035
S214031B68F31A0300F31A0300F31A0300F31A030025
S214031B78F31A0300F31A0300F31A0300F31A030015
S214031B888920030089200300F5220300F31A0300C3
S214031B98F31A03000F230300F31A0300A923030011
S214031BA8BF230300CD230300132B9ED801A252F8AC
S214031BB823F000BF0D1C0300D51C0300F31C030011
S214031BC8D11D03003F1A0300F31A0300F31A030098
S214031BD8F31A0300F31A0300F31A0300F31A0300B5
S214031BE8F31A0300F31A0300F31A0300F31A0300A5
S214031BF8F31A0300F31A0300131F0300F31A030070
S214031C088523030000241BAB5A4648460E990093C7
S214031C181DAB1D948DF86C4009F046FD0BF065FA74
S214031C28204B05461B78012B03D0022B14BF022436
S214031C380124E8F72BFB162894BF0020012044EA6A
S214031C484014F6F725FB1C4B0646B3F800A0FBF733
S214031C589FFA1A4B07464FF6FF70B3F80090FFF744
S214031C6841FE174B9DF86C201988124B1B7813F00E
S214031C7802031CBF134B1B780B921D9ACDE9070171
S214031C88CDE9093240234146CDE9014358460023AE
S214031C98CDE90579CDE9036A0B4A0095FFF7D6FA2D
S214031CA8A6E600BF576600201FB204001867002088
S214031CB82AB20400F7650020907000208C7000207C
S214031CC88A7000202667002041B204000BF00DFA44
S214031CD8A34BA44A1B88CDE9400300234146584634
S214031CE837B0BDE8F04FFFF7B1BAA4781DA9631E55
S214031CF8DBB2EF2B204610D9F22C0ED007F0D0FF1C
S214031D0882240BF0F2F900234146CDE90003964AF4
S214031D1823465846FFF79AFA6AE607F0C1FF0028F3
S214031D2850D00BF0E2F99DF878209DF87A100492CB
S214031D38BDF8762049000392BDF87420C9B2CDE9F0
S214031D4801429DF8792003465200D2B208320A446B
S214031D5800920120002285490DF0FFF89DF879309E
S214031D68ADF86C008DF8673000283FF441AE0026C6
S214031D7801230DF167011A461BA8F3F727FC05464E
S214031D8800287FF435AE9DF86730EAB2934209D847
S214031D989DF87A308DF8673016B1BDF86C3033E0AD
S214031DA80126E5E73146204607F07CFF0123ADF818
S214031DB8680002221AA91BA8F3F708FC01350028B5
S214031DC8E1D015E683249CE70BF08FF9044607F069
S214031DD888FF234600900022012063490DF0BDF8D2
S214031DE800283FF405AE00252C46ADF8740007F02E
S214031DF878FFEEB2B0420DD822460421BDF874002F
S214031E0803F0A0FCBDF87430002241465846FFF79D
S214031E181DFAEDE5304607F041FFFF288DF86C0004
S214031E280AD0012301341A461BA91DA8E4B2F3F706
S214031E38CDFB00287FF4DCAD0135D8E75046B4F86F
S214031E48029007F02BFFFF288DF8680000F0CF827A
S214031E581DA907F025FFBDF874304B4507D04FF68C
S214031E68FF72914540F0C3821B0400F1C0829DF8BF
S214031E78793012930E9B0533DBB213930F9B14939F
S214031E88002311934FF000094B4613E017934900BC
S214031E98139BC9B219440D9889B20DF001F84FF097
S214031EA8000A179B159012995FFA8AF28A4217D38B
S214031EB809F10109149A5FFA89F19142E6D39DF86C
S214031EC87A201292169A1392002B40F08582119B61
S214031ED8002B40F08C8201231193109B1493D1E7B7
S214031EE811999DF86800179307F0DCFE159A179B5F
S214031EF80AF1010A824208BF0123D4E709F1060959
S214031F085FFA89F33746169372E2A71C39463046BA
S214031F18A57A08F029FF012239463046FAF7D4FB9A
S214031F2830460CF09BFD384600F064FF2288824258
S214031F3807D04FF6FF72904203D00FF0E7F80CF085
S214031F48CDFC85F00804C4F3C00421463846FEF7E2
S214031F58C3FE2146384637B0BDE8F04F09F0DDBB6F
S214031F688E7000204EB204001FB2040052B2040062
S214031F78AD4B1B78033B012B7FF63AAD0BF0B5F858
S214031F8858453FF435AD08F0D7FE0B23B0FBF3F204
S214031F984FF47A7102FB13000A3080B24143A34818
S214031FA80EF080FFF3F7ACFC00283FF421AD0123C5
S214031FB8002218469E4994F800A00CF0CEFFADF810
S214031FC8680000283FF414AD0026354634460E9BB9
S214031FD81BAF01330E93F2B2524514D3002C3FF4D1
S214031FE807AD01232A461DA91AA8F3F7EFFA002816
S214031FF87FF4FEAC22460221BDF8680003F0A2FB7C
S214032008BDF8683000E74FF000090E99D200D2B247
S2140320180A4408230D993846CDF800900FF0B2FB12
S214032028394648460FF042F8FF280FD0814B1B5C11
S2140320380F2B0BD997E8030005F1D8036B44643BD1
S21403204883E8030008350134EDB2E4B20136C2E78B
S214032058002D7FF4CDAC18073FF53AAD534622461C
S2140320684146584603F066FE00287FF4C1AC842335
S21403207841465846704A37B0BDE8F04FFFF7E6B812
S21403208823780F9810930CF02FF90021064658462C
S21403209804F0BAF9644BBAF1310F1B780746A3F17B
S2140320A803030BD1012B13D9644B654A1B781278AB
S2140320B81344DBB20D9316230E930DE0012B03D9BD
S2140320C8604B1B780D9353BB002D7FF491ACCEE782
S2140320D801231621CDE90D310024109B22460093D7
S2140320E801202346584901940CF037FF00283FF493
S2140320F87FACF61BF3B22646544FDFF85C91119378
S214032108ADF86C000F940D9BE5B2AB4209D8324686
S2140321180221BDF86C0003F015FB0F9AC0E40523F3
S214032128CAE7162200211DA8EBF75EFABAF1320FAA
S2140321383DD13B7903F00302032A21D18DF876209B
S214032148109B0136F6B2B34215D2BDF86C000EF0FA
S214032158D9FD0E9B1844119B98420CDC01230E9A5A
S2140321681DA91BA8F3F732FA00287FF441AC0F9B8E
S2140321780133DBB20F930134083709F11209C2E7BA
S214032188B9790029DCD13249C3F3C203CB5C1DA855
S214032198012A08BF43F0010339888DF876300FF01B
S2140321A8EEF979880DF177000FF0E9F9C8E71DA86D
S2140321B80BF0B3FA4FF0FF33CDE91F331F4B1B78F1
S2140321C8AB4261D999F804306F2BD4D828461FA997
S2140321D8F4F7D0FF0028CED01E4BB9F80020B3F88A
S2140321E8683092B9003B18BF01235B0143F0040330
S2140321F88DF8863002238DF88730B9F802301B0A2B
S21403220811468DF8893021A8CEE79B1A18BF0123FB
S2140322185B0143F005038DF8863002238DF887307B
S2140322280F238DF88830E8E7576600201C4A0020FD
S2140322385CB20400FB6500201D690400506600209C
S2140322484F660020E17000205AB20400AA5E002000
S21403225824160500A8570020305D00200132D2B2AC
S214032268551EEDB22846139312920EF0A7FFDDE92A
S214032278122310F0010FF1D063490978611A9942C5
S21403228805D00133DBB2E9E701220023E8E75F4B19
S2140322981FA918782844C0B2F4F76CFF00283FF447
S2140322A86AAF284600F076FD129028460EF086FFA1
S2140322B810F0010F129A0FD116238DF88630544B5F
S2140322C81B780133DBB20F2B28BF0F238DF888301A
S2140322D8504B33F8153092E7284612920EF06EFFED
S2140322E810F0020F129AE7D11223E6E71A073FF512
S2140322F8EFAB23465A4641460F9803F073FD002872
S2140323087FF476ABE0E695B1434B1B78033B012B92
S2140323187FF66EAB0AF0E9FE18B9BBF1000F7FF43F
S21403232867AB207837B0BDE8F04FF5F721BE0AF063
S214032338DCFE20B1384B1B78033B012B01D88023E6
S21403234896E62B4641465846344AFEF77FFFE8E7AB
S2140323580AF0CBFEB0427FF44BABA01CF3F7BEFFEC
S21403236800283FF445AB0AF0C0FE04460AF0BDFE5B
S2140323782B4B2C4ACDE940032346AFE420460FF007
S214032388FCF8FFF7AFFA00283FF432AB409000237F
S21403239841465846244A37B0BDE8F04FFEF756BFC5
S2140323A84B46424659460020CDE9405437B0BDE86F
S2140323B8F04FFEF7D3BD4B46424659460120CDE9BA
S2140323C84054F3E72B464A4641465846409437B0AE
S2140323D8BDE8F04F09F0A6B901231AA91A461BA8A7
S2140323E8F3F7F4F800287FF403AB0137FFB201369E
S2140323F807F077FC5FFA86FA50453FF61FAD002FC5
S2140324083FF44AABFFF74BBB50660020DC70002056
S2140324180D670020325F0020576600201D69040000
S214032428DC6600205FB204002AB20400F8B5164B37
S21403243804461D88154B20F8025B196879B10822F3
S214032448EBF724F9124B0C201B78124EA372124B8F
S21403245819780023DAB2914205D8FF2209E0C4F8B6
S21403246802104160EEE7013300FB03F7F75BAF4268
S214032478F0D10A4BE2721B782373094B1B786373FC
S214032488084B1B682361F8BDCC5F0020C4580020A6
S21403249827670020CC5B0020D67000200967002041
S2140324A808670020B0580020F0B589B006460C46E9
S2140324B815460CF0C7FE0DF10A02014630460CF02D
S2140324C859FD144F0346F0B901223A702288BDF825
S2140324D80A102AB102460090072006F0B4FB90B112
S2140324E803A8FFF7A3FFBDF80A000EF00BFC064689
S2140324F8BDF80A000EF0EAFB21460090F3B2284620
S21403250803AA08F063FC0023034A3B70136009B070
S214032518F0BD00BF28670020C458002073B5ADF887
S21403252806000DF106000AF06DFC014608B102B07C
S21403253870BD0DF106000AF0AEFC04460EF0C6FBAD
S214032548C67A002EEDD120460CF043F9FF28E8D0D2
S2140325580EF01CFE054BD3F88850002DE1D0334609
S214032568224641213046A847DBE700BFA85700208C
S21403257873B5002200210C2000F0C2FC0021194884
S2140325880FF063F801250446164E84B120460CF076
S21403259820F9FF2805D1214630460FF07AF804467D
S2140325A8F3E704220023009500F07EFCF3E72146B8
S2140325B80D480FF04AF8012504460B4E0CB902B035
S2140325C870BD20460CF005F9FF2804D00822002326
S2140325D8009500F069FC214630460FF05AF8044689
S2140325E8ECE700BFD05F0020D25F00202DE9F84F4C
S2140325F810460E46174699460AF0E5FA254A264B2C
S2140326080021B0F5006F14BF9046984640460FF079
S2140326181CF84FF0000A0446DFF880B00CB9BDE892
S214032628F88FBC4228D120460EF050FB857A80F8F6
S2140326380BA0013DEDB2857216B13F2E00D02DBB1F
S2140326480EF036FE054620460AF0BDFAB0F5006FD2
S2140326584FF00002214615D10F480AF03BFCFFF75E
S21403266887FF28460EF01FFEDBF8885025B14B4639
S2140326783A4631460020A847214640460FF009F857
S2140326880446CBE703480AF025FCEAE7FFF770FFA2
S214032698F2E700BFD25F0020D05F0020A8570020D3
S2140326A800232DE9F34706460F464FF6FF78284CD6
S2140326B8DFF8A090ADF8063020460AF0A3FB0546DF
S2140326C848B9294620460EF0C0FF82460EF0FEFAA9
S2140326D80389B34217D94C4501D1FFF749FF0021B7
S2140326E820460EF0B2FF054607F1FF3A5FFA8AFA6C
S2140326F8D5B94C4516D1BDF80600FFF70FFF40467F
S21403270802B0BDE8F0877B1EDBB2FD2BD4D9294681
S21403271820460AF0C0FB2A4651460DF106000EF085
S2140327289AFFC9E74C46C7E7BAF1FD0F09D9284609
S2140327380EF0CCFA03899B1B9BB2984528BF984694
S2140327480381294620460EF0A4FF0546D0E700BFBE
S214032758D25F0020D05F002008B50EF024FE0B4A97
S214032768FF2113881080C31A98B2FFF799FF4FF614
S214032778FF7301469942064803D1BDE80840F2F7BD
S214032788D1BFBDE808400EF08DBB00BFD45F002064
S214032798E06F0020174B00282DE9F041164D18BFAF
S2140327A81D460F4628464FF000010CBF4FF0080899
S2140327B84FF002080EF049FF044610B92046BDE85C
S2140327C8F08120460EF082FAC37A064623B12146E4
S2140327D828460EF05EFFEFE720460AF023FA424645
S2140327E801463846EBF74CFA0028F0D1B378002BAD
S2140327F8EDD1E3E7D05F0020D25F0020014B1860DD
S214032808704700BFC858002010B504460548F2F7BD
S21403281889FF0023044A1380044A1380044B1C8050
S21403282810BD00BFE06F0020D25F0020D05F0020FD
S214032838CE5F002008B50448F2F784FCBDE80840DC
S2140328480248F2F77FBC00BFD25F0020D05F0020AB
S2140328582DE9F341044688460EF0A5FD324B07469C
S21403286820461E880BF0B5FF054620460AF0ABF94E
S214032878B0F5006F32D1FF2D06D001230422009352
S2140328882846002300F010FBB8F1000F1DD10EF008
S2140328980FFD2146054625480AF0B9FA28460EF0E4
S2140328A802FD23480EF0FFFE224BA8B31988711ABF
S2140328B817FA81F086B220460EF008FA032306813B
S2140328C88372002002B0BDE8F0810EF0F1FC00220E
S2140328D82146054615480EF0BEFEDFE716480AF001
S2140328E8C8FA04281ED8FF2D06D001230822009311
S2140328F82846002300F0D8FAB8F1000F05D10EF0E9
S214032908D7FC214605460C48C6E70EF0D1FC002244
S214032918054621460848DEE7314605481F800EF07F
S214032928C1FAC8E71C20CDE7CE5F0020D05F0020A1
S214032938E06F0020D45F0020D25F00202DE9FF4718
S21403294808460C460AF024F900F4805820460AF094
S214032958A5F9054620460AF078F9B0F5404F1BD18D
S214032968B8F1000F14D029460020FFF713FF0546D9
S21403297870B10EF0ABF90023404A81780446009202
S21403298818462A460193F1F7A5FF08B90123E3720F
S214032998012004B0BDE8F08728460EF0EEFD814618
S2140329A80EF0B4FBFF28074637D00125A0F1200612
S2140329B8C0F12003324925FA03F305FA06F61E4347
S2140329C88540D1E900232A433343C1E900230EF0A7
S2140329D8B7FB044638B138460EF0F0FB10F00C0F80
S2140329E814BF01240024B8F1000FD1D04FF0000A19
S2140329F803A90120ADF80C90FFF7CCFE81460EF034
S214032A0865F98046B9F1000F1ED1BAF1000F14D14B
S214032A18FF2FBDD0002CBBD128E01A4B1B684BB147
S214032A2848469847044628B1B8F1000FB0D00025A9
S214032A382E46DBE7B8F1000F01D10020A9E70025F1
S214032A4801242E46A246D3E774B100230B4A8178A5
S214032A58009218464A460193F1F73CFF002897D19F
S214032A68012388F80B3093E7FF2F91D0064BD3E961
S214032A78001229433243C3E9001289E7F525030008
S214032A8868160020C85800206016002038B504468B
S214032A980AF099F8054620460AF0C4F8A5F5006337
S214032AA80446014658425841FFF774FEB0B9B5F5D7
S214032AB8006F01D0002038BD20460EF05EFD0EF0F4
S214032AC825FBFF28F6D0064B00B21B6833F8100028
S214032AD800F4E260003818BF0120ECE70120EAE7BB
S214032AE8CC5800202DE9F7434FF000090746ADF808
S214032AF804900EF063FB10F00C0F29D04FF0020879
S214032B08154D2B88A5F80090ADF806300DF1060094
S214032B180AF078F9044630B1B8F1010F14D04FF033
S214032B2801080E4DEDE721460DF106000AF0B3F94C
S214032B3806460BF04EFEB8422246314614BF2846D8
S214032B4801A80EF088FDE1E7BDF80400FFF7E6FCF0
S214032B5803B0BDE8F08300BFD25F0020D05F00203B
S214032B682DE9F04FDFF8208185B0D8E9003213430A
S214032B787CD105B0BDE8F08F02EA040103EA07003A
S214032B88014327D022EA040223EA0703C8E90023FD
S214032B98DAE9002304EA020507EA030C55EA0C05FA
S214032BA86FEA04006FEA070124D130460EF006FBED
S214032BB8C2070FD530460EF0E9FADBF89C30002B37
S214032BC845D11D46304600F0E5F8DBF884300BB1F6
S214032BD82946984724197F4109F10109284B5FFACA
S214032BE889F61B78B342C4D9D8E9002352EA03010D
S214032BF8C2D1BEE702400B403046CAE900230EF0B6
S214032C08DDFAC307E6D51F4B30461B6833F8163084
S214032C1803F48873102B10D00EF0B8FADBF89C3048
S214032C2813BB1D460123102200933046002300F0F1
S214032C383BF90020F1F7BCFDC4E70EF0A7FADBF872
S214032C489C300125002BBDD00122039502E0002508
S214032C582A4603950392002130469847039A002A8A
S214032C68B0D0002DAED1DDE70025EDE74FF0000923
S214032C7801244F46DFF814A0DFF814B0AEE700BF10
S214032C8816710020CC580020681600206016002015
S214032C98A8570020F8B50346084613B309B3402AD5
S214032CA81FD8114900260B601049002708601049F1
S214032CB84FF0FF350A7000210C460433914205DBBA
S214032CC800215200EAF790FC0020F8BDC3E9036729
S214032CD803F8044C23F8024C1D605D600131183379
S214032CE8ECE72120F1E700BFD0580020CC5800209D
S214032CF816710020F0B5144CDDE905672568EDB1BB
S214032D08F0B91248007888421AD901EB41014FEA14
S214032D18C10C05EBC10415F8311011B92169C907AF
S214032D2810D4002005F80C0062801A6846F00106E5
S214032D3862605A68C4E90467A260F0BD0220FCE733
S214032D482120FAE72E20F8E7D05800201671002035
S214032D580E4B30B51A68A2B10D4B1B78834212D9B5
S214032D6800EB400002EBC003C1000024002000254E
S214032D78C3E9044550544FF0FF3258805A609A60AE
S214032D8830BD0220FCE72120FAE700BFD058002018
S214032D9816710020094B1B6863B1094A12788242F0
S214032DA808D900EB400003EBC0031A69D20701D524
S214032DB8588870474FF6FF70704700BFD0580020FA
S214032DC816710020094A0346106870B1084A12783B
S214032DD89A4209D903EB430300EBC303186910F0BF
S214032DE8010002D0181D704700207047D0580020F5
S214032DF816710020F8B50E4B05461C6834B128B189
S214032E0800260C4B1F78F3B29F4202D84FF6FF708A
S214032E1809E008222946201DEAF732FF20B923696C
S214032E28DB0701D56088F8BD01361834EBE700BF29
S214032E38D0580020167100200C4B1B689BB14FF628
S214032E48F77291420DD80A4A1278824209D900EBE2
S214032E58400003EBC0031A69D20704D50020598043
S214032E687047212070470220704700BFD0580020C3
S214032E78167100200A4A0346106878B1094A127880
S214032E889A420AD903EB430300EBC300036913F022
S214032E98010003D0C3F3001070470020704700BF3B
S214032EA8D05800201671002070B51C46124B9DF8AA
S214032EB810601968D1B1114B1B78834218D900EBFF
S214032EC84000551E01EBC0012543D1E9040301D098
S214032ED8C5070FD52EB110432343C1E904030020C9
S214032EE870BD20EA020023EA0403F6E70220F7E7A8
S214032EF82120F5E72D20F3E7D0580020167100208F
S214032F08134BF0B51B6803B300266FEA000C6FEA91
S214032F18010E104C2778F4B2A74201D80020F0BD62
S214032F28D3E9044514F0010F07D014F0020F04D1B7
S214032F3832B104430D43C3E9044501361833EAE7BF
S214032F480CEA04040EEA0505F5E70220E7E700BFE6
S214032F58D0580020167100200B4B70B51B682BB198
S214032F6800240A4A1678E2B2964201D8002070BDB9
S214032F78D3E9042502400D402A4304F1010403F172
S214032F881803F0D00120F2E7D0580020167100206D
S214032F982DE9F0470026FF27B246164DDFF858807E
S214032FA898F800305FFA86F94B4502D83846BDE8EC
S214032FB8F0872B792F2B0FD928460AF0C5FA2B79D9
S214032FC86C7903F0070304F0030483422CBFE41868
S214032FD82418E4B2A24506D95446B946A2464F4633
S214032FE812350136DCE7288801F0A6F80028F3D165
S214032FF8F4E700BF305D0020506600202DE9F04F4F
S21403300889B0814609F034FE029048460CF025F84C
S2140330180024411C054689B2484602F07FFBA246B7
S214033028A346A046274600F01F00023500EB4000E3
S214033038EAB27D4E50FA85F5EDB2AA4274D9DFF8A6
S214033048FCA19AF8003033B1A400E4B2B4FBF3F45D
S214033058042C08BF03240298F3F7C4FD054600288A
S2140330683CD1FFF795FFFF285BD0704B05B2049061
S21403307818780AF050FA87422CBFE1192118002F56
S21403308814BF01230223684E05EBC50506EB450569
S21403309853FA81F3284603930AF056FA95F804C0C0
S2140330A86B790CF0070103F0030388422CBF1B1847
S2140330B85B18039ADBB29A4233DA049A2FB921B122
S2140330C89AF80030033B5B452BDC104602990AF05E
S2140330D8E3F905B205EBC50506EB45052B791E098D
S2140330E8002F00F08180394628460AF057FA032154
S2140330F828460AF059FAB8F1000F09D1002E40F015
S214033108868007F019FEC0F30B0149480DF0CAFE86
S2140331186B79484623F003031C446C7109F03DFDA4
S214033128A87309B0BDE8F08F50D0424B49461B88B8
S21403313807A8ADF81C304FF000038DF81E300023A7
S2140331480093032303920EF01DFB9DF81E30BDF873
S2140331581C101B09039A18BF08F10108CDE90413CC
S21403316818BF5FFA88F8039209F0BFFF0499039A19
S2140331788842059B03D19DF81E7007F00F072E485B
S21403318890F800C016E016F80E0C10F0070003D0EF
S2140331980BF1010B5FFA8BFBAA4207D036F812EC49
S2140331A88E4503D113B108B10134E4B20AF1010A1A
S2140331B85FFA8AFAAA4206F112060BD1D4450FD94A
S2140331C816F80E0C10F00700E2D1EFE700234FF6CF
S2140331D8FF71D4E736F8120C884201D8D445D2D802
S2140331E80332123ED2B228E7022E14D95B0707D061
S2140331F8394628460AF0D8F9B8F1000F81D087E790
S214033208032128460AF0D0F9B8F1000F80D1062E1C
S2140332183FF677AF7CE7314628460AF0C5F958EA01
S21403322806063FF46EAF73E7305D0020096700209B
S2140332385C4A00202C16050050660020DC7000202F
S2140332482DE9F0430823002485B08DF80830064698
S214033258022301214FF6FC70CDE9004402AA0BF0C5
S214033268D8FEADF80A00D8B12746DFF8A080DFF805
S214033278A09099F80020E3B29A4224D8BDF80A40F1
S21403328820460BF0EAFE411C47F06002204689B24E
S21403329802F058FA0022BDF80A001146F4F736FA87
S2140332A807F04AFD184AC0F30B01137801F55A5183
S2140332B8013113B1013B89081370304605B0BDE8E8
S2140332C8F0430DF0EFBD18F80E5C6F2D17D8404687
S2140332D830F8123D2D01ADF80C300AF035F905F03B
S2140332E8700528448DF80E000123032203A90DF167
S2140332F80A00F2F76BF90028D2D10137FFB201347E
S21403330808F11208B5E700BF4C660020425D0020AE
S2140333185066002010B5054C2046F2F703FA2046FF
S214033328BDE8104000210DF0BDBD00BF5C4A00207B
S2140333382DE9F0432A4D87B0F6F7F8FB2A78294992
S2140333482948FFF7A7FC09212A782848EAF74CF901
S2140333580026244FDFF89C80DFF89C902B78F4B285
S214033368A34202D807B0BDE8F08304F582300B22E7
S21403337803A900F5C070DBF79FFE4FF6F670BDF89D
S21403338814209DF81630511E89B2814215D80020A4
S214033398C3F3C003DB1840EB0001CDE90031214637
S2140333A803ABFFF7A7FC0028DCD14FF4805327F8BC
S2140333B8143048F8240029F8140004F58330012251
S2140333C80DF10A0100F58070DBF776FEBDF80A20DA
S2140333D8064B01361A558022054B1A55BEE700BF21
S2140333E8E3700020405F002080130020FB65002068
S2140333F83D66002000490020325F002010B50A4BC6
S2140334081C780DF083FEFF280DD0012C38BF01244D
S214033418064A230232F8101019B101EB1313A3EB73
S214033428111322F8103010BD09670020325F002000
S2140334382DE9F047002506460F46AA46DFF84490CE
S214033448DFF8448099F80030ECB2A34202D850461D
S214033458BDE8F08720460DF0B1FEC2070CD520461E
S2140334680DF0ACFE830707D438F8143037B133436E
S2140334784FF0010A28F814300135E3E723EA060378
S214033488F6E700BFE3700020405F002010B5084B46
S214033498084A1C780023D9B28C4201D8002010BDF4
S2140334A832F8021B013330EA0101F4D10120F6E7B2
S2140334B8E3700020405F0020F0B50C464FF6F77126
S2140334C887B08A4286461D469DF8306002D900209A
S2140334D807B0F0BD596818680DF10C0CACE803008A
S2140334E82C49ADF814200978A142F0D900218DF8AB
S2140334F81660B61006F0020601917046214600963D
S214033508FFF7F8FB0028E2D1234B244A43F82400AC
S2140335189DF83830224E1B0222F814304FF4A0438D
S21403352804F582300B2226F8143003A900F5C07080
S214033538DBF7EEFD9DF834301A4913F0040F17BF76
S2140335480123194B0B5536F814300CBF1B7843F080
S214033558080304F583300CBF0B5526F814300122F4
S214033568214400F58070DBF7D3FD00210F4B104A8A
S2140335781B782846234442F82310E7F789F80D4BAF
S2140335881855284607F023FD0B4A01201378013304
S21403359813709DE7E370002000490020325F002087
S2140335A8405F0020FB650020CC700020DC70002004
S2140335B82C4800203D6600204F660020054B1B78EC
S2140335C8834206D90021044B044A1B78034442F875
S2140335D823107047E3700020DC7000202C4800207E
S2140335E8074B084A18780023D9B2884200D8704790
S2140335F81188013321F4805122F8021BF4E700BF37
S214033608E3700020405F002030B585B004460D46C1
S214033618E6F736FEA04202D8172005B030BD20468E
S2140336280DF0CCFDC007F7D504F582300B2201A9AF
S21403363800F5C070DBF740FD9DF80E2001AB03CB09
S21403364869609107286030D412F0080F0CBF042372
S21403365803232B722046FFF79DFB154B68811B5DE2
S21403366820466B730DF092FD124A2873135D4FF4D0
S2140336787A7103F00F03AB73135D002013F00F0387
S2140336881FBF03F1FF32022393403C2218BF534364
S214033698094A08BF0A2352F82420B2FBF1F29A42D9
S2140336A82CBF00239B1A2B61B7E70223D1E700BF81
S2140336B83D660020FB65002000490020F8B51F4E34
S2140336C804463378834237D0FFF764FB4FF6FF7719
S2140336D8B84231D020463470FFF704FA2046FFF785
S2140336E859FB054609F001FD012301461A462846FB
S2140336F80BF04CFE2046FFF72BFB0546E0B9104AB5
S2140337081378013B1370F4F7B5FB294620460BF0F4
S214033718C4F880220B4B204623F814500A4B1A553C
S2140337280A4B23F8145009F06BFC2A463946112035
S2140337380DF0ECFEFF233370F8BD00BF17710020B1
S2140337484F660020405F00203D660020325F002061
S2140337582DE9F04F0E4615464FF000098BB01F466D
S2140337689DF854309DF850A0DFF84CB104900593AB
S2140337789BF800205FFA89F4A24207D84FF6F7733E
S2140337889D421CD817F0020B3FD01AE02046FFF7DD
S21403379801FB804604F582300B2207A900F5C070AA
S2140337A8DBF78AFC4FF6FF727EB9904516D14FF6C3
S2140337B8F7729DF82630954203F0EF0311D94FF6BA
S2140337C8FF7528460BB0BDE8F08F904506D0082253
S2140337D8304607A9EAF754FA0028E8D009F10109A0
S2140337E8C6E79F4207F002082CD0F3F70FFC002821
S2140337F857D12D4B2D4A1B78234412F823B0204665
S2140338080BF06CF8B8F1000FDBD1E6F739FD284B5F
S2140338181B788342D3D0002108460DF047FCFF28C7
S2140338280446CCD0059B0146CDE901A32A46334678
S21403383804980097FFF740FE0028C0D0F4F71AFB59
S214033848D8460FE02046FFF7A5FAA842CDD1B8F12F
S214033858000FB6D13046E6F71BFF164B1855304611
S21403386807F0B5FB514620460AF0EBFF2046FFF764
S21403387891FA054609F039FC002301460122284639
S2140338880BF084FDF3F7C2FB28B9074B074A1B78EE
S214033898234442F8238020460BB0BDE8F04FFFF7D9
S2140338A879BA4FF0000BAAE7DC7000202C480020FA
S2140338B84F6600203D660020E3700020F8B500261A
S2140338C8104F3C78F5B2AC420FD800250E4B640077
S2140338D8224629460D481D70E9F786FE22462946E4
S2140338E8BDE8F8400A48E9F77FBE2846FFF7FAF826
S2140338F8002128460AF0D1FF2846FFF729FA0136A1
S214033908DFE700BFE37000204F660020405F00201B
S214033918325F0020024B80211A780248E9F764BE1A
S214033928E37000203D66002038B50DF0EFFBFF2856
S214033938044616D00B4D35F810301B0711D50A4B25
S2140339480A491B7801220B54014400F5833000F51D
S2140339588070DBF7DDFB35F8143023F0080325F811
S214033968143038BD405F0020CC700020FB65002073
S2140339782DE9F04F794B05461B788946022B1746E7
S2140339888BB004D0002630460BB0BDE8F08F0DF0A0
S214033998F2FE06460028F5D14FF6F9739D4262D02B
S2140339A84FF6F8739D4276D02B0A28460DF11E0172
S2140339B88DF81C308DF81B50F2F708FC002814BF4E
S2140339C8B0464FF02008B34614BF06230E23022240
S2140339D829463846039300F0EBFC01220446039B72
S2140339E8002840F0B880DFF880A18DF818209AF8F0
S2140339F800204946CDE900008DF81A208DF81D00F1
S214033A0806AA4FF6FC708DF819800BF002FB814668
S214033A180028B7D009F069FBB8420FD0484609F02A
S214033A28C4F9394604300DF0AAFD384604A90AF04D
S214033A38BFFE70B1484604A90BF079FB484B1B78C8
S214033A48033B012B2BD84FF6FF71484609F082FF3C
S214033A5806469AF80030FF2B0EBF01230133DBB26C
S214033A688AF800308FE74FF008084FF0200B3C4BDE
S214033A781B78033B012B85D909F037FBB84281D164
S214033A8809F033FBFC238DF81B30FF2305468DF81E
S214033A981C3006239BE74FF01008C346E7E70AF0F7
S214033AA8E6FF80460028D4D009F01FFBA8422DD194
S214033AB82C4B1A7852BB03214846F3F727FE0028F7
S214033AC8C7D09AF80030A8F8007088F804300023A6
S214033AD888F8053088F8083009F007FBA84202D1B1
S214033AE8204B1B7853B109F000FBB84206D12CB122
S214033AF8237923F0030343F00103237100224FF6CF
S214033B08FF710C200DF002FD0126A2E75946284650
S214033B1808F1070200F078FC0446002899D0002232
S214033B2803214846F3F7F2FD0028CAD1237903F0A8
S214033B380303012B8DD109F0D8FAA84203D1094B08
S214033B481B78002B85D0237943F0030323714FF6A4
S214033B58FF7323807DE7164615E700BF56660020E9
S214033B6857660020187100202967002037B50E4BCA
S214033B7805461B780C46033B012B11D9E6F7A4FB35
S214033B8801280FD0821E53425341590128460DF18E
S214033B98070200F039FC18B1002144800AF04EFFF2
S214033BA803B030BD1021F1E7576600202DE9F04336
S214033BB88BB0857AB0F8069004460E46174609F089
S214033BC894FA8145804605F0400541D10021608876
S214033BD809F0CFFC0246002E44D1082304A9C145A8
S214033BE801EB03060CBF234902A90868496803C604
S214033BF8A2B3022100268DF8172001228DF8101093
S214033C08217A45F020058DF81210A18808338DF81F
S214033C181310090A8DF81410E188CDE900268DF8EB
S214033C281510090A8DF816106088314604AA8DF80F
S214033C3811500BF0EEF9054680B1618808F0ECFFE9
S214033C4879003246284601F0FE01F3F75FFD06E0E9
S214033C58E08802A90AF0ACFD0028B7D100200BB013
S214033C68BDE8F0833068716806AB03C345F01005FA
S214033C781023B3E7DC6600202DE9F74389461E4682
S214033C880746904609F091F800210446304609F0A5
S214033C9870FC054609F10701384601F02DFD7DB194
S214033CA8B8F1000F02D103781D44EDB205706378AE
S214033CB81A0716D569463046F2F788FA024618B147
S214033CC8002003B0BDE8F0830821684609F09FF991
S214033CD80028F5D120460BF0FDF908226946E9F7D6
S214033CE8D5FC09F002FA0146201D0DF048FC63785E
S214033CF8DB0603D538460C490BF019FA3146A01CE7
S214033D080DF03DFC3146384608F086FF074A13781F
S214033D180133DBB21370E371A3790BB10120D0E74B
S214033D280123A371FAE700BFDC660020546600206F
S214033D38FF232DE9F04F8FB08146164605918DF87F
S214033D4822301AB301230BAA0AF0EBFD9DF836506E
S214033D580446EF0625D50027059BBDF8308003F1FA
S214033D6808024946D2B20823009709A8CDE909777D
S214033D780DF008FD3A46404609A9F8F7A5FC0028C1
S214033D8840F08C80A90627D510220DE013460BAA0F
S214033D980AF0C7FD9DF836500446A80663D50622E2
S214033DA802E0AA0618D5082200230599BDF8327042
S214033DB80A44CDE9093349460093D2B2082309A831
S214033DC80DF0E0FC384686F0010209A9F8F77CFCFA
S214033DD8002863D1002E46D0BDF8307009F085F967
S214033DE8874249D038460DF0C6FC8046002E45D19A
S214033DF8BDF82EB00021584609F0BBFBBDF82C30A1
S214033E080390184606930DF0B6FC064609F06DF9BE
S214033E18069B834242D0B64B1B78033B012B3DD906
S214033E2815F04003049339D1039B0BB9002E35D004
S214033E389DF83570039B05F018051F44FFB2082D3F
S214033E488DF835706CD120230493002C40F0418103
S214033E580AF00DFE054608B3002E40F0B28033463E
S214033E680126B24674E0BDF8327009F03EF987427F
S214033E78B8D14FF00108BBE74FF00108002C43D038
S214033E889C4BE279678803EBC20633F83220BDF809
S214033E9832309A4205D04FF6FF7323800FB0BDE841
S214033EA8F08FBDF82EA0B8F1000F08D000213046D9
S214033EB80AF0C4FDA6F802A00AF0D2FAEEE7BDF8A7
S214033EC830000AF0C3FD0546414630460AF0B6FD03
S214033ED8A6F802A0884E2DB1414628460AF0AEFD44
S214033EE863886B800AF0BCFA3378002BD6D03B463F
S214033EF8002248460599FFF7BFFE0028CED039466C
S214033F08484609F027FDC9E70AF0AAFA7A4B1B7850
S214033F18002BC3D0B8F1000FC0D14FF6FF77E6E702
S214033F28102D01D1049590E7B8F1000F8DD1002C20
S214033F383AD0C2460021BDF832000DF1220200F045
S214033F4863FA03460028A9D0002E40F0CA80254607
S214033F580499BDF830000DF12302079300F054FAD4
S214033F68044600289AD0644A079B1278002A78D019
S214033F78BAF1000F26D102462C466179B9427ED99A
S214033F882546A4F802B067711446002B00F09E80FD
S214033F989DF82230EA799A4200F09880002E40F085
S214033FA88E80EB7100253FE00AF061FD0446002889
S214033FB83FF474AF4FF0010ABCE70022012613460C
S214033FC8DBE70126B8F1000F1ED106F0B5FE7E2307
S214033FD8B0FBF3F202FB130005993A4605315FFA84
S214033FE880FA484601F0AEFB4FF6FF71484608F0E4
S214033FF813FE039B032B2CD9AAF17E0A02214846FB
S2140340085FFA8AF2F3F782FB069BA5F802B02B80C9
S2140340189DF834306F712B7100232B72002E42D11A
S2140340289DF82230EB710125B8F1000F3FF436AF47
S214034038484609A90BF05BF800283FF42FAF2A4639
S21403404809A90BA8FFF7B2FD28E70026254634463C
S214034058BBE7039B012B94BF0AF1020A0AF1420A43
S214034068CCE7BAF1000FCFD16979B94209D9A5F8D7
S21403407802B06F71002B8BD1002E93D024E0254617
S2140340881446049A002A3FF409AF8F427FF406AF1A
S214034098039306F051FE83077FF400AF039BA5F84E
S2140340A802B06F7171E7FF23EB71002CBBD00125BB
S2140340B82379A4F802B023F003032371B4E7FF239C
S2140340C8EB71002C3FF46EAF0025F1E7002CD3D13B
S2140340D868E7002E7FF471AFB2462546012653469D
S2140340E836E7BAF1000FB0D15646524645E700BF49
S2140340F857660020AA5E0020E270002070B50C4BBD
S2140341084FF6FF751C78002302460A489C4201D1E5
S214034118002005E00688964206D1AA4201D10B7014
S21403412870BD8679002EFAD001330830DBB2EDE78E
S214034138E1700020AA5E0020002210B50A4B1C7806
S2140341480A4BD1B28C4201D8002010BD598881424F
S21403415804D11979890701D1997911B10833013244
S214034168EFE70120F1E700BFE1700020AA5E002018
S21403417810B5084B01461C780023074AD8B2844278
S21403418801D8FF2010BD914203F10103FAD008328B
S214034198F4E700BFE1700020AA5E002038B50446A5
S2140341A8FFF7E6FFFF28054603D13F210B480DF02E
S2140341B806F94FF6FF7320462380A37103210AF0FE
S2140341C83DFC074B07481A7800210732D21002FB3A
S2140341D80500BDE83840E9F707BA00BF63B2040034
S2140341E8E37000202C660020F8B504460026124D1E
S2140341F8124F3A78F3B29A4209D800224FF6FF7163
S2140342080F4B1D780F4BD0B285420BD8F8BDFF2C49
S21403421802D0AB79A34202D12846FFF7BFFF083581
S2140342280136E6E7FF2C02D0187AA04201D119809E
S21403423819720A330132E6E7AA5E0020E17000200D
S214034248E0700020825E0020FF28F8B504462CD0D4
S214034258164B1B78834203D8802115480DF0AFF818
S2140342684FF6FF75134A32F8341002EBC40003798D
S214034278A94203F0030318D0012B16D100220E4BD4
S2140342881F780E4BD6B2B74203D8BDE8F840FFF7FF
S21403429885BF1E88AE4205D093F807C0A44504D050
S2140342A8B14202D00A330132ECE7F8BDE1700020D0
S2140342B863B20400AA5E0020E0700020825E00203D
S2140342C82DE9F74303F0FBFF324B1B78033B012B27
S2140342D821D9314B1D88451BADB2E5B118804FF681
S2140342E8FF7700202D4A13782B44C3F3C81403F032
S2140342F87F0313702A4B2B4A1E78C3B29E420DD8EF
S21403430800264FF6FF77284CDFF8A09099F8002090
S214034318F3B29A4216D803B0BDE8F0831388BB42BB
S2140343280DD0137999070AD104EB9311022928BFF4
S214034338022103F03F0389B243EA8113137108325B
S2140343480130DAE734F80A8CB84506D014F8043C8A
S214034358AB4205D95B1B04F8043C01360A34D5E79F
S21403436808F0C3FE804534F80A3C04F8027C24F8B7
S2140343780A7C09D018460DF10701FFF7BFFE18B1EE
S2140343889DF80700FFF760FF14F8030CFFF75CFFC0
S214034398E3E700BF57660020D65F00202A670020A1
S2140343A8E1700020AA5E00208C5E0020E0700020EA
S2140343B8F0B500244FF6FF7703461048DFF844C0ED
S2140343C806780F48E5B2AE4201D800200FE005880C
S2140343D89D4210D13AB1012A16BFC57905793CF832
S2140343E83550A94207D1BB4202D114238371F0BDCD
S2140343F8057A002DFBD00A300134E3E7E07000208D
S214034408825E0020AA5E0020F8B50D4611460746D0
S2140344181646FFF773FE002836D102464FF6FF7C92
S2140344281E4B1F4C1978D3B2994206D800231C4C4E
S2140344388B4221D1F8BD0834F5E7B4F800E0013221
S214034448E645F8D133700123278023710021A17133
S21403445865B1144B45F008051A782571D31DDA1093
S2140344683078114B02FB0030E9F7BEF82379204673
S21403447803F03F032371DDE722799209022AE1D08C
S21403448801330834DBB2D3E7037904469A071EBF21
S21403449823F0030343F001030371D7E7E170002019
S2140344A8AA5E0020E37000202C66002073B50DF189
S2140344B807010546FFF722FE40B103799A0705D19F
S2140344C813F0300404D043F00303037102B070BD45
S2140344D828460AF0C3FA094B4FF6FF711D782346A0
S2140344E89DF80760064AD8B28542EFD9D0790133DA
S2140344F8B04204BF118011720A32F4E7E07000205C
S214034508825E002030B50A4BCC081B78094D07336A
S214034518DB1000FB0340012301F007018B402C5CF2
S214034528DBB212B11C432C5430BD24EA0304FAE769
S214034538E37000202C66002070B50B4B04461B78EE
S214034548834204D840F24B2108480CF038FF002574
S214034558074E3378E8B2834200D870BD002221465E
S214034568FFF7D0FF0135F4E7E370002063B20400D9
S214034578E1700020FF2810D0FF290ED0084BCA0888
S2140345881B7801F007010733DB1000FB0323054AFA
S214034598D05CC84000F0010070470020704700BF99
S2140345A8E37000202C6600200148F0F7CBBD00BF5F
S2140345B8D85F00202DE9F0471E464D4B8CB01B688C
S2140345C81546074688469DF8509003F0080A08F0F3
S2140345D88CFDA8423FD1B9F1000F14D06EB9ADF8DF
S2140345E806603D4604242246414628460AF0D2FA87
S2140345F800F001000CB0BDE8F0870023ADF80630E4
S2140346083D4606243AE038460CF080FDFF2804466B
S21403461805D0F2F7FBFC10B12046FEF7CFFF96B1A4
S2140346280023ADF80630F8F7FDF80028E8D006248E
S21403463840460DF1060202A909F040FCD8B94046E7
S214034648F8F7F8FA17E0ADF80660F8F7EBF800287D
S214034658C7D00424ECE73EB3BAF1000F2ED00023EC
S2140346680B24ADF80630B9F1000F0AD1F8F7DAF8DB
S2140346782F460028DCD13D46002EB4D0BAF1000FF1
S214034688B1D004F00402414642F0110228460AF06B
S21403469881FA22460646414628460AF07BFA00284F
S2140346A814BF30460020A3E7BAF1000F14D0012444
S2140346B8ADF80660B9F1000F95D1D7E70B24284665
S2140346C802A9F1F783FD074668B902A806F0A3FF17
S2140346D820B9ADF80600EDE70124F0E744F002043C
S2140346E8ADF80670E6E70023ADF80630E2E700BF4C
S2140346F8F04A00202DE9F0471E46744B8CB01B7811
S21403470807460D461446DDF85080002B3ED008F0C9
S214034718ECFC30B36E4B1B68980722D44FF6F7733E
S2140347289C4233D843463A4631462046FBF7F2FEC8
S21403473808F0DBFC854200F0C5803046FEF75AFBDE
S214034748A04203D10CF0E2FC0AF0C8F8BA1E5342A2
S21403475853412946002220460CB0BDE8F0470AF02C
S21403476815BEE7B1F91ED1F1000949EB01094FF669
S214034778F7739C4216D90321204606F0EEFA032364
S2140347883A4631462046009506F0D6FB08F0ADFCBF
S214034798A84200F097804FF6FF739C42CBE74FF092
S2140347A80109E4E72B463A463146204604F00CFA5C
S2140347B82146CDE900082B463246384606F07BFFED
S2140347C880460146204606F0C8FAB8F1000F61D1C4
S2140347D8B9F1000F12D100233A4631462046009518
S2140347E806F0AAFB88F001032A4631462046CDF890
S2140347F8009003F00103FFF7DDFE99E7002FEAD0E8
S21403480803AA9246334B03F1100E94461868596868
S2140348180833ACE8030073456246F6D107A806F0EA
S214034828E7FB0323306871688DF81C3008AB03C3B5
S2140348389DF8293007A843F002038DF8293006F0BF
S21403484802FD90B13068716808AB03C3042307A858
S2140348588DF81C3006F0F7FC38B1022307A88DF84C
S2140348681C3006F0F0FC0028B5D1514607A806F020
S2140348782AFD0028AFD0F4F795FB0028ABD1032315
S2140348883A4631462046009506F056FB08F02DFCBE
S214034898A84250E743463A4631462046009506F076
S2140348A84BFBB8F1010F9DD0B8F1020F7FF440AF70
S2140348B8284607A9F1F78AFC20B93246284607A9ED
S2140348C80AF02FF90CB0BDE8F08700BF5266002047
S2140348D8F04A002036160500044B1A880AB100224F
S2140348E81A8000210846F9F7ABBF00BFD85F00203F
S2140348F800232DE9F0478EB004460D46CDE9033371
S2140349084F7808F0F2FB50B1B64B1B689A0706D4EB
S214034918092103A806F0C8FA0EB0BDE8F0872046BA
S21403492803A9F1F753FC0646002840F05781022FE7
S2140349383DD0042FECD1E5F7AFFC002846D0E5F7C9
S214034948ABFC022840F022810DF124083346324698
S2140349584146304606F0E6FD012103A89DF825509A
S21403496806F0D3FE2840FF2800F0348105AD28461C
S21403497808F058FB002840F02F8195E80F0088E8D8
S2140349880F003A46414603A806F006FD02460028ED
S21403499840F02081032303A9CDE9005320463B4674
S2140349A8FBF77EF900280CBF13210621B1E78D4BD0
S2140349B81B689B07ACD40235082229468A48E9F7C0
S2140349C85FF90028A4D0E5F773FC08B91121A0E71E
S2140349D8864B874E1B78FBB9FFF77EFF3088002887
S2140349E860D103AF2946384606F000FB002800F0DE
S2140349F8CA8028460DF10A01F1F7C2FB40B90DF14A
S214034A08240A504608F00EFB8046002800F08780EC
S214034A18FFF762FF0F217CE73088002842D1014662
S214034A280CF0C8F9308000283AD001230822304613
S214034A3803A9F0F7CBFD98BB012308222946304685
S214034A48F0F7C4FD60BB01230222694809A9ADF843
S214034A582440F0F7BBFD0346308823B1002848D02E
S214034A684FF0100920E00CF04DF96149074620463F
S214034A7801F0CAFC30880CF045F9FFB2874209D129
S214034A88FF238DF82430012359481A4609A9F0F75D
S214034A989DFD28B900210120F9F7D2FE0C2138E73D
S214034AA83088DBE74FF007090CF010F90746308823
S214034AB80CF00CF93488112100F10808204600F0A0
S214034AC82DFE10218246204600F028FE08220446C2
S214034AD803A94046E9F7D4F8002840F08180082265
S214034AE829463846E9F7CCF8002879D1B9F1070FF3
S214034AF801D010210DE704EB0A244546A4B271E75A
S214034B0830884FF0010828B1122100F007FEFF286D
S214034B1881461ED12A46B9462046402304E03A4633
S214034B28A9464346BDF80A0043F00303CDE900A3AC
S214034B3849460323FBF7B4F800283FF469AF072177
S214034B48484606F0B1F9B8F1000FD9D0FFF7C4FE0E
S214034B58E2E6002108460CF02DF9ADF8140048B13A
S214034B68204605A901F050FCBDF814000CF0CAF85D
S214034B780028CFD1142300934A4639462046338863
S214034B8801F0FAFBC6E7FFF7A7FE1FE7E5F784FB86
S214034B98012801D00621BCE605AD32463346294630
S214034BA8009603A8F9F75EFD024608B10A21B0E6A7
S214034BB80C4B20461B6803A95B0003F0040343F071
S214034BC80303CDE900533B46FBF76AF80028E1D117
S214034BD813219EE605219CE612219AE60B2198E608
S214034BE80E2196E6F04A0020DC660020F6650020D3
S214034BF8D85F0020012330B50D4C85B022788DF898
S214034C080430D5188DF805200E228DF806200A687C
S214034C182570CDF807204A6801A9CDF80B200B228A
S214034C28F0F7D4FCB0FA80F0400905B030BD00BFF9
S214034C3853660020014B1878704700BF2B67002087
S214034C48142230B58BB005460DEB02011548DAF78A
S214034C5833FA10BBBDF81430DA0720D413F0060F66
S214034C68C3F3410208BFC3F341220F4B0DF11601EC
S214034C789C5C68462246E8F747FEBDF8263004F1F2
S214034C8828026A4402F8283C02341B0A02F8273C26
S214034C9869462A46E0B209F0EEF80BB030BD232089
S214034CA8FBE700BF703214E04616050010B58AB05D
S214034CB8ADF826200022CDE9052204920CAA02921A
S214034CC84FF6FF720446AC2101200192064A039070
S214034CD804FB0122603200924CF620010DF12602F5
S214034CE809F07AFF0AB010BDA857002000B58BB0AC
S214034CF8ADF824309DF8303003208DF82630002395
S214034D0803900A4909A8CDE90130CDE90533049390
S214034D1801F160030093B1F85C3002204CF6604161
S214034D2809F05AFF0BB05DF804FB00BFA857002034
S214034D3810B54FF6FF741E4A8AB0B2F86800B2F888
S214034D485E10A042ADF82600B2F85C304FF6FD7050
S214034D58ADF8241018D081424FF0000094BF48F6EF
S214034D6860014CF66001CDE90500CDE90300CDE905
S214034D78010094BF09AA603200920DF126020420AE
S214034D8809F02AFF0AB010BD81424FF000008CBF1D
S214034D98603209AA00928CBF4CF6604148F660411F
S214034DA8CDE90500CDE90300CDE90100014AE6E7B0
S214034DB8A85700201258002000B50E4B0022B3F85F
S214034DC85E308BB0ADF824304FF6FF73CDE905227D
S214034DD8CDE90322CDE9012209AA00924FF4006126
S214034DE80DF126020720ADF8263009F0F5FE0BB0C4
S214034DF85DF804FBA857002030B58BB08DF8253036
S214034E081B0A8DF8263000230D4991F85840CD6DBE
S214034E18B1F85C00CDE905330493072360310393A7
S214034E2808ABCDE9010300914FF6FF734CF620411A
S214034E38082008958DF8244009F0CEFE0BB030BD47
S214034E48A857002070B54FF6FE76294C1D46B4F8D1
S214034E585E10B4F85C30B14294F85C00A2B04FEA36
S214034E68132321D14FF440416034ADF808108DF870
S214034E780B008DF80C3003CC0DF11504CDF80D009E
S214034E88CDF811102270120A6270002211461046DD
S214034E98A270E270ADF8062007F065FFADF80600CD
S214034EA890B9002022B070BD4FF400448DF80D1061
S214034EB8090AADF808408DF80B008DF80C308DF80C
S214034EC80E100DF10F04DDE7043402A9621A01235C
S214034ED892B20DF10600F0F779FB0028E1D1BDF890
S214034EE806002A4601210BF03DFFBDF80600D9E768
S214034EF8A8570020202A10B5144614D8012A04D12E
S214034F080C88B4F5004418BF0124620030B1074882
S214034F18E8F7BCFB064B00201C7010BD0548E8F7F5
S214034F28B5FB054BF7E72120F7E700BFDA5F00205C
S214034F382C6700201A6000202D6700202DE9F04713
S214034F48104617460CF019FBDFF814A1DFF8149186
S214034F589AF8003099F800200546134302D100203A
S214034F68BDE8F08710F4406800F0400619D186BB08
S214034F78B0F5804F5CD24FF4807400239AF8000093
S214034F88344AD9B288425DD8002399F80000324AD9
S214034F98D9B28842E3D932F8021B0133A142F7D1CA
S214034FA855E0F81C0CF0E9FA4FF6FF73984214BF65
S214034FB80124022486B1052605F44043B3F5004FC1
S214034FC844F0080424D0B5F5804F23D244F4807403
S214034FD820E044460326EFE7B5F5804F4FF0050675
S214034FE8F4D3B8F5406F14BF022008203044384481
S214034FF80CF0C3FA194B05F44045B3F85C3083420A
S2140350080CBF44F0080444F00404B5F5004F01D17E
S21403501844F08004B8F5006F0ED1B8190CF0ADFA59
S2140350280E4BB3F85E308342A7D144F01004A4E7CE
S214035038444603260220D9E7B8F5406F08BF44F074
S21403504820049AE732F8021B0133A14299D10120C2
S21403505886E700BF1A600020DA5F0020A857002002
S2140350682D6700202C6700202DE9F04F104685B0E9
S214035078164698460CF081FA5D4F00F00803B7F819
S2140350885C10044600F00709F01C02930391B7F876
S2140350985EB00CF072FA06F1050A054650460CF0A7
S2140350A86CFA03464FF6FF70854218D00399A1EBB6
S2140350B8050CDCF1000545EB0C056D004FF6FF719A
S2140350C88B420ED145F004050CF0D0F8029B6BB169
S2140350D8B9F1000F11D0422005B0BDE8F08F0125C5
S2140350E8ECE79B4508BF45F00805EDE7B9F1030F64
S2140350F8F1D8DFE809F0021B795D0CF0B7F808B9B8
S214035108A807E8D524F00804A4B2B4F5004F05D0E0
S214035118B4F5624F02D0B4F5404FDCD100252946DA
S21403512897F8A820002007F01EFE3CE0D7F880304A
S214035138E3B9002132460846FFF700FFD8B948F618
S214035148410224F038039BB29342C4D10A2D49D0B6
S214035158062DC0D197F87730023B012BBBD8EEF764
S214035168AFFF0028B7D140F6040505E041463046B0
S21403517898470028DDD00825E20648BF45F0800595
S214035188A30648BF45F4805505F00C03042BC6D187
S214035198F01D0CF0F2F997F8A83032460093414612
S2140351A82B4607F0B5FD08B30E9B1880002093E73F
S2140351B8A90705D14FF6FF73B7F85C209A428AD140
S2140351C804F44063B3F5006F0AD0B3F5406F82D199
S2140351D8082250460749E8F753FD00287FF47BAFBB
S2140351E80C25C9E70425C7E7432075E7192073E7A5
S2140351F8A857002008580020034B1A781AB1FF2A2C
S21403520804BF00221A7070472F67002070B5084C39
S214035218084E2378F55C1DB13E2107480CF0CFF8FD
S214035228FF2223782846F2540023237070BD00BF5C
S2140352382E6700202F67002071B20400034B044A30
S2140352481B78D05CFF3818BF012070472E670020F4
S2140352582F6700200023074A07491360074A13608D
S214035268074A1360074A11600121074A1170074A63
S21403527813607047E05800206BED0300DC580020ED
S214035288D85800200070002019710020E858002024
S2140352980E2A70B50C4606461546194603D9FFF777
S2140352A8D9FF502070BD012807D10020EEF722FF52
S2140352B8B0B1FFF7CFFF2120F4E780220021224B6D
S2140352C81A70224B1960224B1B684BB134200BF023
S2140352D871FD204B188018B9FFF7BCFF0120E1E7E2
S2140352E824F0FF6323F4FF231BB1FFF7B3FF4F201C
S2140352F8D8E774B92046EEF717FF0124032510F004
S214035308800F43B21BBF00F01F039C409C4044F031
S21403531878440020104B24F078441E700F4B104935
S2140353281D70104B1C60104B1870104B1A68EFF763
S21403533897FA18B1FFF78EFF0420B3E79DF81020FD
S2140353480B4B1A70AEE700BF30670020E458002006
S214035358D85800205A60002035670020336700209D
S2140353685D560300E858002034670020E058002004
S214035378316700207FB5244B00251A78012323487C
S214035388234903FA02F200781A440A60ADF80E506D
S21403539820B3984236D11F4C1F4B20781B680DF15B
S2140353A80E0198471D4EBDF80E20307092B11C4B67
S2140353B829460093284602230195EFF78BFA32789D
S2140353C8237822B1012A12BF1B230133DBB22370D1
S2140353D804B070BD013818BF0120F0E778235A439C
S2140353E8013A0A6008220F490BF02AFC0B49094ABE
S2140353F80978137821B1012912BF1B230133DBB2C5
S2140354081370E5E71846E3E733670020356700209F
S214035418EC58002034670020007000201971002023
S2140354289956030001120400024B1868003818BF87
S21403543801207047D858002037B505461C460BF0A0
S21403544815FF68B974B1084B1A60084B0A461C6006
S2140354580123294600930323FFF71AFF03B030BD41
S2140354684D20FBE72520F9E7D4580020DC58002018
S21403547813B504460BF0FAFE58B962B1074B1A6027
S21403548801230A46009321460323FFF701FF02B0D0
S21403549810BD4D20FBE72520F9E700BFD8580020AC
S2140354A82DE9F0410446DDE906861D469DF8207081
S2140354B80BF0DCFE88B99EB1A2B10B4B01201A6033
S2140354C80A4B0A46C3F80080094B21461E602B4642
S2140354D80697BDE8F041FFF7DBBE4D20BDE8F08137
S2140354E82520FBE72120F9E700700020E05800207C
S2140354F8DC5800200148EFF725BE00BF5A6000209D
S2140355082DE9F0410020EFF719F9114B114C1E68ED
S214035518114B20881D68114B114FD3F8008010B12A
S2140355283978EFF7E9FF00203870FFF793FEEFF7B7
S21403553823FC0EB14046B0473DB12088A847002358
S2140355482380BDE8F0410BF0B5BFBDE8F08100BF8E
S214035558DC5800205A600020D8580020E85800205D
S21403556836670020F8B52F48F0F7DCF82E4B187886
S21403557830BBEEF7D9FD2D4F06463B6803B32C4BDD
S2140355882C4D1C6824B195F900301A461946A047D5
S214035598294B1B6883B1294C2378312B0CD8284B0D
S2140355A818880BF093FB23785A1C22702A78C25467
S2140355B823785A1C2270C65480232B7000233B6022
S2140355C8204C23781A2B22D81F4A1278012A09D18D
S2140355D800211E4A156825FA03F0C007DAB20ED56D
S2140355E801B122700020EEF79FFD2178884212D180
S2140355F80022174B1A70FFF7BDFE40B9F8BD0133FA
S214035608D8B21A284FF00101E5D90A442270BDE83A
S214035618F840FFF775BF0020EEF798FD0028E7D09F
S214035628F5E700BF0470002035670020E458002023
S214035638D458002030670020D8580020366700204A
S2140356485A6000203467002019710020E8580020AB
S2140356583267002008B50B4B187880B90221EEF79D
S21403566837FD094B1B782BB100214FF6FF7208460E
S214035678EEF710FDBDE808400448FFF773BF0021A6
S2140356880846ECE7356700203167002004700020E1
S21403569838B5144B0C461D78012D21D181B908461F
S2140356A8EEF742FD104A05FA00F013680F4923EA9D
S2140356B80003136020462A46BDE838400BF0C0BAFC
S2140356C80B4A13780133DBB2022B137004D9BDE8F7
S2140356D838400848FFF746BFFFF74CFE0028F6D1C8
S2140356E838BD00BF35670020E858002001120400C3
S2140356F8326700200470002038B50C4605460BF0C8
S21403570801FBA04203D82D2103480BF058FE284678
S2140357180BF0DCFA204438BD85B2040070B50646A3
S2140357280D460BF0D3FA044648B130460BF0EAFAB6
S214035738A84203D8352102480BF041FE605D70BDD0
S21403574885B2040070B50C46064615460BF0DAFA21
S214035758A04203D83E2104480BF031FE30460BF036
S214035768B5FA00B1055570BD85B204002DE9F043BE
S2140357781E46574B8FB01B780746033B012B0C4638
S21403578815469DF8588007D8F4F718FA20B1F0F7AD
S2140357981DF908B144F400544E4B1B7813B924F48E
S2140357A80074A4B2200509D546B9284604A9F0F71B
S2140357B80DFD002846D024F40064A4B2ADF81840C2
S2140357C8ADF81A5007F091FC434BADF81C00B8F13E
S2140357D8000F02D01A78424501D293F800803F4A58
S2140357E8E105137848BF0DF1210103F10103DBB28C
S2140357F8137058BF08A922058DF81E808DF81F3030
S21403580806D53368083141F8083C736841F8043C08
S214035818E30407D5324A0831136841F8083C53684D
S21403582841F8043C0DF11808A1EB08005FFA80F96B
S214035838002148460BF0BEFA064628B900200FB0EA
S214035848BDE8F08304AEB9E70BF040FA41464A4692
S214035858E8F75AF830460BF055FA804630460BF010
S21403586835FA0023024600934FF6FF7004235FFAC7
S21403587888F107F04DFAADF80E000028DED040F2A6
S21403588801131C421AD14FF6F7739D4216D80BF034
S21403589839FA0DF10E010446284600F0B5FDBDF8A9
S2140358A80E000BF02FFAE4B2A04207D9BDF80E009B
S2140358B807F07BFA437843F004034370BDF80E0001
S2140358C83A4601210BF04EFABDF80E00B7E700BFC3
S2140358D85766002052660020CE70002054660020CB
S2140358E8DC660020F0B50829D58889B028D00C29AD
S2140358F826D0AE0424D405F040030B43424C267846
S21403590816B105F0200423432FB2002FB8BF43F087
S2140359188003032920D11223AC068DF80430937A2A
S21403592810D48DF805300DF1060401A9621A012377
S21403593892B2EFF74BFEB0FA80F0400909B0F0BD1B
S2140359480B46DBE732228DF805308DF80420002E4F
S214035958E9D00DF11304E8E70C298DF804300ABFE3
S214035968138953798DF80530548805BF1B0A8DF8BB
S21403597806308DF805300DF1070318BF0DF1060341
S2140359881C70240A5C70148802399C70240ADC7024
S214035998147901291C7111D8917A002F597131DABB
S2140359A8022112899971DA71120A03F109041A722B
S2140359B8002EBAD0AB06B8D50534B6E7A9071AD46D
S2140359C8002F0CDA117A51B1917A59711189127A2A
S2140359D803F1080492B102229A71D971E8E70B4CD5
S2140359E8217801F1010C84F800C091729C1D002FE8
S2140359F85971DDDAEAE7917A9C1DF8E70122090A6C
S214035A089A71EAE79C1DD3E7526600205366002086
S214035A18014B1880704700BF5C600020014B188854
S214035A28704700BF5C6000202DE9F84307460BF07B
S214035A38BFFC05461B480BF036FE1B4B60B31C68C1
S214035A483C1B2C44A4B20022184BDFF868901B7842
S214035A58174D03EB830399F8006005EB43055FFADC
S214035A6882F846450AD9AB8805F10A00A34216D937
S214035A780A23B21A29465A43E7F708FE013689F875
S214035A880060AC80B8F1000F03D1394605480BF027
S214035A9809FA2846BDE8F8833C461D60D3E7054661
S214035AA80132DCE724700020F05800203767002016
S214035AB8FE5C0020386700201FB5154A154C13787E
S214035AC8013BDBB213706168206801AA03C221890F
S214035AD81180114A1278D21805D00A2320465A4351
S214035AE8E118E7F7D3FD9DF806301B070DD0BDF880
S214035AF80C00FFF799FF03468288ADF8082001AA31
S214035B0803CA1288186059601A8104B010BD00BF12
S214035B1837670020FE5C002038670020002108B5A0
S214035B28084B09481970094B1970094B1A7802EB88
S214035B3882025200E7F758FDBDE808400548EFF72C
S214035B48F1BD00BF38670020FE5C002037670020E1
S214035B58DA70002024700020F8B50024084D094F99
S214035B68094E3B783178E2B20B449A4204F10104B9
S214035B7800DBF8BD2846EFF7E5FA0A35F1E700BF7C
S214035B88FE5C00203867002037670020F8B5164605
S214035B980C4B0D4A1B781278074613440B4A0D46DE
S214035BA8127893420CD03046FFF73EFF0135068144
S214035BB80780857004460BF0F6FBE0800120F8BDED
S214035BC80020FCE73767002038670020DA700020DB
S214035BD810B5064C207828B10548F5F799FD10B19D
S214035BE8034B188810BDFFF767FFF3E737670020F6
S214035BF8FE5C002008B50A4A0346107860B1094AD5
S214035C081088984209D121B99378103323F00F03EB
S214035C189370FFF751FF012008BD0020FCE700BF83
S214035C2837670020FE5C00202DE9F74F00260BF0AF
S214035C38BFFBDFF8F890B24699F80070B3463A46C9
S214035C48DFF8EC801FFA80FEB8F800C0344CAEEBE1
S214035C580C039BB201932378324D009303EB830323
S214035C6805EB4303ACEB0E0C5FFA86FEBE4515D375
S214035C78BAF1000F01D0009B2370BA422AD3002F33
S214035C8837D00A222378C8F8000002FB03532648B5
S214035C98998803B0BDE8F04F0BF004B9B3F804E0F5
S214035CA801998E4512D84FF0010A009993F802E03D
S214035CB801310EF1FF3EC9B2013AA3F804B083F8E6
S214035CC802E00091D2B20A330136CDE7E644A3F8E0
S214035CD804E0F8E789F800204AB10A222378C8F8CE
S214035CE8000002FB0353104899880BF0DBF823786F
S214035CF813B903B0BDE8F08FFFF76AFF064600281E
S214035D08F5D006F073FF0146304607F023FE20B1B0
S214035D1800212888FFF76EFFE9E740F60241F8E717
S214035D2837670020FE5C00202470002038670020B8
S214035D38F05800202DE9F04192F808801F4608F134
S214035D48FF33DBB2EF2B05460E46144688B00BD955
S214035D5882238DF80E30314628469DF80E30204AA9
S214035D68FBF774FA012037E00E22002104A8E7F7B0
S214035D783BFCB4F809308DF81180ADF81230E37A9D
S214035D8803F07F02032A08D0012B24D103238DF8BE
S214035D981030A389ADF815300EE0032B14BF022389
S214035DA801238DF81030E368CDF815302369CDF854
S214035DB81930237D8DF81430A7F121014A420DF1DD
S214035DC80E034A41009321460DF10F0304A8FAF780
S214035DD893FD0028BFD1002008B0BDE8F08100BFBE
S214035DE81D6904002DE9F04F00241D7895B0CDE910
S214035DF802010492234622460120CDE90054404975
S214035E0809F0ABF8ADF81E00F8B1A34626462746B8
S214035E180DF120090DF1380AE4F72CFA5FFA84F835
S214035E28404516D83A460221BDF81E00FFF78AFCFD
S214035E3832460421BDF81E00FFF784FCDDE9031093
S214035E480022BDF81E30FBF701FA012015B0BDE8A5
S214035E58F08F4A4640460AA9FAF740FD9DF82820DF
S214035E6822B12DB1013DEDB20137FFB20134D3E7BC
S214035E78BBF1000FF8D199E803009DF829308AE8AA
S214035E8803008DF84030BDF82A30032A8DF84130D8
S214035E984FEA13238DF8423017BF032301238DF8E7
S214035EA843309DF82C30DDF83110DDF82D0014BF93
S214035EB88DF84C308DF8433011AB03C302980CBFF2
S214035EC84FF00E084FF0150808F00EFA0590BDF8C7
S214035ED81E000AF017FF059900EB080399420BDB2F
S214035EE80123424651460DF11E00EFF76FFB0028CB
S214035EF8ABD10136F6B2B7E74FF0010BB4E700BFF4
S214035F085AB2040038B505460D4B0E481C88EFF701
S214035F18F5FB012D0CD10C4B1C88FA21614358B1B3
S214035F28884209D28408012C204638BF012038BD90
S214035F38022D08BF0224F0E702480AF0B3FFF2E78F
S214035F48FA5C0020BC490020F85C0020012208B552
S214035F58054B06481A7000210AF0A4FFBDE808405E
S214035F680020FFF7CFBF00BF23660020BC490020F0
S214035F781E4B73B51A8802F108039BB2012B02D88D
S214035F881B4B1B7823B902B0BDE87040EFF7CABBBA
S214035F980024184B184D1C70184B1C702B787BB1BB
S214035FA84FF6FC73164E0093224623462146308846
S214035FB808F0D8FB4FF6FD732C70338001200FE0F2
S214035FC8104B10461978F4F719FF0028F6D10C4B36
S214035FD81A884FF6FD739A42F0D0012302202B70DD
S214035FE802B0BDE87040FFF78DBF00BFFC5C002021
S214035FF823660020266600202466002025660020E7
S214036008F65C002027660020012808B50AD0022877
S2140360180CD020B9084B18700848EFF783FB4FF0ED
S214036028FF3008BDBDE80840FFF790BF0020BDE875
S2140360380840FFF767BF00BF23660020BC4900205F
S21403604802280CD859B1064A13780133DBB2137009
S214036058044A12789A4202D80220FFF7D5BF70473F
S214036068256600202866002038B5A0F61343012BC2
S21403607804460D4615D80E4A13780133DBB213705F
S2140360880C4A12789A420CD84FF6FD720A4B002037
S2140360981988914201BF00221D80084B1A70FFF72A
S2140360A831FF29462046BDE8384004F093BE00BFBA
S2140360B82666002029660020F65C00202466002059
S2140360C800234FF6FD71054A1370054A1370054AF7
S2140360D81180054A1370054A137070472666002018
S2140360E825660020F65C0020246600202366002030
S2140360F830B5094B02461B7833B1084B084C197860
S2140361080023D8B2884201D3FF2004E0013334F8D1
S21403611823509542F5D130BDD97000202B66002058
S214036128D65C00200022FF21044B05481A70054B55
S2140361381970054B1A789200E7F756BA2B660020B3
S214036148DA5C00202A660020D9700020F7B58DF89F
S21403615807100DF10701044602F0E1FD234B1D78F5
S214036168002D41D02046FFF7C3FF214EFF28317884
S214036178204B05D1204A107885422DD9451C157029
S214036188884219D01C4A1B4D92F800C00022D7B289
S214036198BC450CD92F4697F803E00132864505F12E
S2140361A80405F4D102B203EB8202D278FA7002B283
S2140361B803EB8202D170307002B203EB820123F83C
S2140361C82240FF228A709DF80720FF2A02D003EB9D
S2140361D88203987003B0F0BD0A46104603EB8202AA
S2140361E8D278FF2AF9D1CBE7FF20F3E7D97000204E
S2140361F82A660020DA5C00202B6600202DE9F84387
S214036208FFF776FFFF28044669D04FF6FF72354F2F
S21403621803B2DFF8DC80344E27F8232098F80050C2
S214036228A54202D10020BDE8F883337820B2810066
S214036238A34207EB800090F803E010D00023294A16
S2140362485FFA83F94D45944606D99CF803900133C3
S214036258A14502F10402F3D18CF803E001E086F8C5
S21403626800E0013DEDB22A1BD2B204319200394454
S214036278E7F70CFA88F800503378FF2B04D0A342CC
S21403628824BF03F1FF33337000214FF6FF70154B1D
S214036298CAB2AA420CD300234FF6FF71134ADCB2E4
S2140362A8AC42BBD2013332F823008842F7D1B5E7B4
S2140362B89A78A2420BD11880DA78FF2A04D0A24231
S2140362C824BF02F1FF32DA7001310433E0E7FF2A14
S2140362D8F2D0A24224BF02F1FF329A70ECE72D20D7
S2140362E8A1E700BFDA5C00202A660020D65C0020FF
S2140362F82B660020F8B51C4B05461B78084673B377
S214036308FFF7F6FEFF28044629D02846FFF7F0FED7
S214036318FF2806D0154B164E1A780023D9B2914299
S21403632818D3FF212846FFF711FFFF28014616D08A
S2140363380546104F23B207EB830237F823009678F7
S214036348FFF704FFA84208BFFF25FF2E214608D102
S2140363582846F8BD013316F823108142DED1FF25FF
S214036368F6E73446E6E700BFD97000202B66002020
S214036378D85C0020DA5C00202DE9F04180460E4602
S2140363881F46002386B001A814469DF830508DF8A2
S2140363980330FCF74BF8ADF804802EB13368CDF81C
S2140363A806307368CDF80A3038460AF08FFC0DF1CC
S2140363B803034219214601A804F018FD9DF803308B
S2140363C893B931464046E4F777F90E4B1B785BB131
S2140363D80B2C09D8FF214046FFF7B8FE064605EB07
S2140363E84404E4B2A54202D106B0BDE8F0812946CA
S2140363F8384608F055FD3146FFF7A8FE023506462F
S214036408EDB2EFE7D970002000232DE9F3470DF12D
S21403641807028DF8073004460E4602F06BFC9DF81B
S2140364280730054663B92046FFF762FE04465EB1A9
S21403643830880AF067FC5FFA80F8FF2C45D1002500
S214036448284602B0BDE8F087B046F6E701320C2AC4
S214036458F5D02DB207EB8505AD78FF2DF6D112F0F2
S214036468FF0AECD04FEA4A050235EDB2002EE7D014
S214036478304605EB080108F0D8FC0028DFD1524661
S21403648841463088FFF75EF90AF1FF3208F1010149
S21403649808F102093088D2B2C9B25FFA89F9FFF760
S2140364A851F924B207EB8404A478FF2CC8D023B28E
S2140364B8494637F82320308808F002FD0028BED165
S2140364C809F102095FFA89F9EBE725460022014F2D
S2140364D8BFE700BFDA5C0020FF2818BF064B10B5DD
S2140364E81BBF03EB800433F820302D200B801EBF20
S2140364F8A3780020137010BDDA5C002008B5D1F726
S21403650807FBD0F77FFE00F046FAD2F735FBBDE867
S2140365180840D0F73BBC10B5044601880120D1F7E4
S214036528B7FBE3880BB9C823E38010BD37B5044629
S214036538D1F7BCFB658885420ED8A188E2888142DC
S21403654805D3431B5343491BB3FBF1F39AB280B2FB
S21403655840EA024003B030BD0022F8E770B50C46A7
S214036568088800F062F994F84430054683420FD051
S21403657804F11C06304600F093F984F8445000F002
S21403658893F9618BA0643046BDE8704000F083B988
S21403659870BD38B5044690F844108378826CCB1ADD
S2140365A859425941D0F758FCE37893B1257985B910
S2140365B800F07AF90346A268218A04F11C009C1AA3
S2140365C88C4236BF52182946D11ABDE8384000F027
S2140365D862B938BD09B100F014B900F01CB9838854
S2140365E810B50446DBB1E3780088A178C3B100236D
S2140365F8B1FA81F1E3704909FFF7ECFF4FF6FF7232
S214036608A388934206D1218904F10C00BDE8104003
S21403661800F041B9013B9BB2A380002BF3D110BD18
S2140366280123E370FFF7D6FFE188EDE710B50446CC
S21403663881780088FFF7CEFF0123E3700023A38049
S21403664810BD10B581780446B1FA81F1008849096E
S214036658FFF7C0FF0023E370A38010BD70B51E4686
S214036668838804460D46C18002810BB1868070BDBF
S21403667881780088FFF7AEFF0123E3702946A680DA
S21403668804F10C00BDE8704000F005B970B5044687
S214036698054600262B4655F8040B10B11B1B0C2B7E
S2140366A800DD70BD237C8680002BF3D0637C13B19A
S2140366B8FFF7BCFFEEE7FFF7C4FFEBE7FFF7E6BF1E
S2140366C870B5044605464FF6FF762B4655F8040B79
S2140366D810B11B1B0C2B00DD70BD8388B342F4D0AE
S2140366E84FF4FA724FF6FF731146FFF7B7FFECE75E
S2140366F809B100F086B800F08EB810B50446C0603D
S2140367080830D1F737FC21792088B1FA81F1490995
S214036718FFF7EEFFA37943B121796088B1FA81F1D7
S214036728BDE810404909FFF7E3BF10BD00F0A9B85C
S2140367380346184613F8012B8A4201D0002AF8D1DB
S214036748704710B53B2104460068FFF7F1FF0022A7
S214036758034603F8012B2068236010BD10B540B12B
S214036768421E0A24002012F8013F303BD9B20929F9
S21403677800D910BD04FB0030F5E708B500F07EF835
S21403678808B540F2BA4200211020D1F7FDF941F2CC
S214036798E823584340F6FF7300F2FF70B0FBF3F0AC
S2140367A880B208BD50F80C3C23B150F8041C30F8EE
S2140367B80E0C18477047084619B1FF21103002F02F
S2140367C896B9704773B505460E466DBA1446D1F7A3
S2140367D807FBADF804507EB1012C04D0032C09D076
S2140367E80022012101E02246022101A8D3F7FEFB7D
S2140367F802B070BD0022F7E7042132460DEB010014
S214036808F4E707B540BAADF8040001A8D3F722FCAD
S21403681803B05DF804FB07B540BAADF8040001A859
S214036828D3F744FC03B05DF804FB002307B540BA6E
S214036838ADF804000DF1030101A88DF80330D3F772
S21403684861FC9DF8030003B05DF804FB007800F0D4
S214036858DF03552B07D0642807D0663818BF4FF0D8
S214036868FF30C0B27047012070470320704718B145
S2140368782D280CBF012002207047704708B501F089
S21403688828FD08B500F04FF8BDE8084004F074BAD0
S21403689850E9023018470A460830FF2102F01EB9AD
S2140368A8FF21083002F02BB908B50AF0E0FDBDE871
S2140368B8084009F0BFBA2DE9F041044600274FF017
S2140368C80C0E8F4202DB0020BDE8F0812078904250
S2140368D804D1002594F80780454502DB01370C34BC
S2140368E8EFE70EFB05F6D4F808C00CEB06003CF8F9
S2140368F806609E42E8D00135EEE708B51288D1F760
S2140369088FFB50B10279BDF80C309A4207D88168DC
S2140369180298E6F7BBFE002008BD8620FCE7892020
S214036928FAE7D1F77BBC002004F0AABA2DE9FF41A9
S21403693805460E4617469846D1F772FB044680B1BD
S21403694831462846D1F724FBA378A268B8F1000F8E
S2140369580AD021792846CDE900213A463146D1F7AF
S214036968C9FC04B0BDE8F0818178CDE9013200297D
S2140369780CBF802340233A4631462846CDF800808C
S214036988E0F7AEF8EDE708B504F0EAFA002814BF16
S2140369980320002008BD704708B501F084FFFFF701
S2140369A8ADFDD1F7DDFC642003F033FE642003F06D
S2140369B82FFE01F07AFFD0F715FA08F065FEF8E720
S2140369C82DE9F041D0E90176437B04460D4613B121
S2140369D833463E461F46FFF767FF012D20643846B9
S2140369E80FD1D0F7E3FA3046D0F704FB2573607867
S2140369F80023BDE8F0414FF47F424FF48171FFF75F
S214036A0895BF022D05D1D0F7F5FA3046D0F7CEFA62
S214036A18ECE7D0F7EFFA3046D0F7ECFA0025E5E7CF
S214036A2838B5037B04468B420D4607D190F84430AD
S214036A385BB3BDE838404830FFF732BFFFF734FF93
S214036A48216C431AC72B0CD80123C83184F8455048
S214036A5884F84430091A04F14800BDE83840FFF7C3
S214036A681ABF0DB1237B2BB929462046BDE838400B
S214036A78FFF7A6BF00212046FFF7A2FF0123C82180
S214036A8884F8455084F84430E5E738BD90F8451057
S214036A98FFF7C6BF0121FFF7C3BF0221FFF7C0BF39
S214036AA80021FFF7BDBF4FF60173994210B50446A0
S214036AB802D10021FFF7B4FF2046BDE81040D1F706
S214036AC8F1BD032910B504462BD0007B30B9012944
S214036AD803D002290CBF0120FF2010BD032A07D8C4
S214036AE8DFE802F00208101401291CD002291FD07F
S214036AF8FF20F2E70029FBD1B4F85C20012A12D064
S214036B08022AF4E704290ED00529F0E7042914D04D
S214036B18052914D00029EBD1B4F85C20111F0129EC
S214036B28ECD80220D9E75A1E534253415800D4E7FB
S214036B38022B0CBF02200120CFE70020CDE701205F
S214036B48CBE730B587B005460C46D1F755FB012889
S214036B5820D11CB1611E4B424B4158006B784FF451
S214036B6880728DF804304FF48273ADF806304FF414
S214036B788173ADF8083001238DF80B30002385F8B0
S214036B88900001A8CDE903238DF80A408DF8143048
S214036B98D1F76AFB07B030BD41680346C978027B64
S214036BA899B98168C97899B9002A08BF0321D1F72A
S214036BB83FBE9B7B002B0CBF01210221F7E79B7B83
S214036BC8002B0CBF02210121F1E7012AF1D17047FE
S214036BD8012AF4D17047042910B50B46044604D895
S214036BE831B1BDE81040D1F7A7BE05290ED010BDB8
S214036BF8027B002A08BF03235522A0F85C300B4605
S214036C0840781221FFF792FE2046EAE743681A8A7D
S214036C1883681A82E5E70123037303780133437312
S214036C284FF44073C381032303740023A0F85C3036
S214036C3880F89030704710B50446806BE0B1E27870
S214036C48022A04D0636B5B797AB984F83C3094F8EB
S214036C583C3073B1FFF7EAFC60780023BDE81040C8
S214036C684FF602720621FFF761BEB3FA83F35B0998
S214036C78EBE7FFF7E6FCEFE710BD10B50446406BFD
S214036C88D0F794F92046BDE81040FFF7D4BF10B5F7
S214036C980446406BD0F7AEF92046BDE81040FFF730
S214036CA8CABF10B50446406BD0F7CAF92046BDE8FC
S214036CB81040FFF7C0BF002310B504461A46062146
S214036CC84078FFF733FEA378022B01D0FF2B04D1BD
S214036CD82046BDE81040D1F7CFBF10BD4FF602736C
S214036CE8994210B5044601D1FFF7A5FFE378022BB6
S214036CF802D02046FFF79FFF2046BDE81040D1F795
S214036D08BBBF10B5D0F8A4407CB103791BB140795A
S214036D18D2F772F848B9A3883BB932222046BDE8B1
S214036D28104001231146FFF799BC10BD4279C1787C
S214036D384078D2F7C7B810B58278044603799AB96B
S214036D480BB1D2F77FF82046FFF7F0FF0323A4F82A
S214036D586C300123607855221221FFF7E7FD2046A1
S214036D68BDE81040FFF7CDBF012B01D1D2F76AF873
S214036D78A379012B04D16279E1786078D2F7A2F877
S214036D880123A4F86C30E5E7C17831B1012908BFBF
S214036D98002142794078D2F795B80121F9E782783D
S214036DA8836862B9DB78002B14BF03230423A0F897
S214036DB86C305522002312214078FFF7B7BD1A79A5
S214036DC822B9DB78003B18BF0123F0E70223EEE77E
S214036DD87FB500239E6A0446B6F5C04F0D460CD20F
S214036DE801A8D2F71BFC039B5B0506D5294620465C
S214036DF8336C04B0BDE87040184704B070BD002378
S214036E089B6AB3F5C04F05D21B6BB3F5C04F01D2CF
S214036E189B6818474FF4817070471FB500239A6A1A
S214036E28B2F5C04F04D340F2011005B05DF804FB79
S214036E38126BB2F5C04FF6D2012201A8CDE9023390
S214036E488DF80420D2F7EAFB039BDB03EBD5029B02
S214036E581A0EE8D0012A03D1C3F307430A2BE2D953
S214036E6800239B6A1B6B1B6C9847DEE700230360B3
S214036E78704703680B600160704710B538B132B1CC
S214036E8829B100230139D45C14B90023037010BD5B
S214036E988B42FAD200F8014B0133F4E7034638B1C4
S214036EA80020814204D01A5C02B970470130F8E723
S214036EB870474FF0FF31FFF7F1BF70B50C46164623
S214036EC8054660B15AB151B1FFF7F3FF844206D9BC
S214036ED8211A32462844BDE87040FFF7CEBF70BD7E
S214036EE8FEE7FEE700239A4200D1704710B550F834
S214036EF8234041F8234001339A42F8D110BDD3F713
S214036F0859B84369426CD91C143AB1FBF2F103EB46
S214036F18C1000330B0FBF2F00230704738B50546BF
S214036F280C46FFF7EEFF6A6CE31D143AB3FBF2F365
S214036F38013304EBC30402FB004038BD38B50546ED
S214036F4844692146FFF7EAFF6A6CE31D143AB3FB6C
S214036F58F2F3013304EBC304204438BDF7B5074600
S214036F680E4600257C6CA819644280EA06031C407A
S214036F7803D02C46204603B0F0BDFB6B01225B69A9
S214036F8801A99847019B0133F4D10435EAE770B5A4
S214036F9805460C46D4F7E8FDEB6B2046BDE8704083
S214036FA8DB68184770B50025044686B00562E369B2
S214036FB8AB4202D8206A06B070BD666C2068E36BE5
S214036FC805225B6901A906FB0500984701A800F09E
S214036FD823FC00F046FC10B1236A01332362013513
S214036FE8E5E738B50446456C006804F1400305FB3D
S214036FF80101E06B00F042FC05462046FFF7D2FF8E
S214037008284638BDF0B50546002687B0EC69013C2E
S214037018B44203D80C46204607B0F0BD01B14C1E57
S2140370286F6C2868EB6B05225B6901A907FB0400F4
S214037038984701A800F0F0FB00F013FC0028EAD1FB
S21403704821460136E2E7F0B504460D46466CE36B87
S214037058006887B005225B6901A906FB0500984707
S21403706801A800F0D9FB00F0FCFB20B101A800F052
S214037078AAFB07B0F0BD29462046FFF7C3FF06461E
S214037088676C2068E36B05225B6901A907FB0600AA
S214037098984701A800F097FB431CEAD0B54238BFCF
S2140370A80130E6E72DE9F0434FF6FF79D0F8248060
S2140370B804460E46C84514BF45460025002787B034
S2140370C8E369BB4202D807B0BDE8F083E26B2368E6
S2140370D8606CD2F814C000FB0530052201A9E0470E
S2140370E801A800F099FB022806D0C8450CD1721CEB
S2140370F829462046FFF775FFE3690135B5FBF3F22A
S214037108013703FB1255DBE729462046FFF79BFFAB
S214037118B0F1FF3F14BF024632460132E8E7036880
S214037128F0B5CC1A436C0646B4FBF3F4002587B0D7
S214037138F36937685A1E9542706C08D3706C3368C7
S21403714800FB043007B0BDE8F04000F095BB0134FF
S214037158B4FBF3F203FB1244F36B05225B6901A944
S21403716800FB0470984701A800F056FB00F079FB73
S2140371780028E3D10135DBE710B423F003042244E7
S2140371889B070A44436C18BF04325B4281EA020435
S214037198234203D05DF8044BFFF7C1BF10465DF8E2
S2140371A8044B70472DE9F041D0E90A369E4204465F
S2140371B886B028D11422C369456802FB13552846AE
S2140371C806B0BDE8F0812068676C331AB3FBF7F3A3
S2140371D8E26B07FB0300D2F8148001A90522C04717
S2140371E801A800F019FB012804D0636C1D44013B79
S2140371F83340ED1A31462046FFF791FF0646A36A49
S214037208B342E0D1DBE70025F9E708B508301346B3
S214037218D1E90012D4F72EFC012008BD13B50C469D
S214037228002121760093616813462246D3F71CF89B
S21403723818B1E37D03B1A07EA075A07D02B010BD92
S21403724873B5164600F108050C46284609680DF17D
S214037258070200F098F9032E06D16368834203D128
S2140372682846216800F076F9012002B070BDD01ECA
S214037278009B42424241187E824211D11A688A42D2
S2140372880ED85A688A420BD35A6901325A61D3E92F
S214037298030282423FBF986840F8221001321A61FF
S2140372A80120704710B5032A029C07D1A26A5340EF
S2140372B8626C5242134201D100F04CF9012010BD12
S2140372C808B5C36800209847BDE80840D4F754BCFF
S2140372D8012814BF0420022070B5002442431C7002
S2140372E8CC7D101D02F002024CB91AB1012220F01F
S2140372F803001A7000F108034868184470BD1AB1F1
S214037308012220F003001A7000230C7E01F12005E9
S214037318DAB2A24201D30020F0E735F833205E1C28
S214037328824206D901EBC30300F10802D869104468
S214037338E4E73346801AEBE773B5054690F84260F0
S2140373481C4630460DF10303FFF7C2FFEB6B012E15
S2140373585B690DD1324601A998479DF8033013B1EE
S214037368BDF806300193BDF80430236002B070BD43
S2140373780122214602B0BDE870401847F0B505461D
S21403738800244868EB6B87B00E4601225B690294BB
S21403739802A908309847274695F84230012B40F053
S2140373A8AC80632C00F2AB80612C08D805AB224670
S2140373B831462846FFF7C0FF9DF814305BB305AB8C
S2140373C82246314628468DF81070FFF7B5FF95F824
S2140373D84230012B059B7FD14FF6FF72934256D05E
S2140373E8082205A904A800F063FA059B9DF8101067
S2140373F8C3F3072291424AD1DBB2029A1A44029295
S21403740845E0DCD005AB224631462846FFF794FF15
S214037418BDF81430D2E795F84230012B39D1612CE8
S2140374282ED822463146284603ABFFF785FF31465A
S214037438284604AB621CFFF77FFF3146284605AB98
S214037448A21CFFF779FF102208230DEB02010DF1AA
S21403745807008DF8073000F02BFA102205A90DF166
S214037468070000F025FA039BDAB24AB99DF807200D
S214037478B2EB132F04D1DDE9043203EB0243029384
S21403748895F84230012B14BF012302231C44013410
S21403749882E7302CF4D822463146284603ABFFF75A
S2140374A84BFF3146284604AB621CFFF745FF102303
S2140374B820220DEB03010DF107008DF8073000F0CD
S2140374C8F7F9039B9AB2002ADAD19DF80720B2EBA4
S2140374D8134FD5D1049BD2E70133D8D0102205A980
S2140374E80DEB020000F0E4F9059B9DF81010C3F3BA
S2140374F807429142CBD19BB27FE7312C81D90298C0
S21403750807B0F0BD13B500240194049C0094D3F788
S21403751887FB02B010BD13B501240194049C0094A4
S214037528D3F77EFB02B010BD00234FF0FF3230B511
S21403753844689C4202D10023037230BD016801EB04
S214037548C30541F833206A600133F2E7C0E9001245
S214037558FFF7EABF0023F0B545689D4210D00468DC
S214037568DF0054F8332004EBC306B2F1FF3F08D01C
S214037578C2F31302914204D14FF0FF33E351736011
S214037588F0BD0133E9E70023F0B545689D4202D113
S2140375984FF0FF300EE00468DE0054F83340671CF3
S2140375A809D0C4F31307B94205D1240D1470036830
S2140375B833445868F0BD0133E8E7704770B5940064
S2140375C8224605460E460AF017F9431C0AD058B950
S2140375D8224631462846E6F753FB002814BF3D20CB
S2140375E8002070BD6E20FCE77120FAE713B5044649
S2140375F801A8D5F751FD9DF8063023804FF4807314
S2140376086380D5F763FD6060002002B010BDD5F730
S214037618C3BC08B5D5F7B0FC002008BD10B50446B2
S21403762844EA010313F00303084609D1934201D140
S214037638002010BD54F8231040F823100133F5E753
S21403764821469200E6F760F9F2E710B504460AF019
S214037658CFF8431C10D088B9D5F738FD234620F059
S21403766803002044984201D1002010BD53F8042B90
S2140376780132F7D03E20F8E76E20F6E77120F4E7EC
S214037688704713B50023044601461B220DF1070075
S2140376988DF8073000F00CF922689DF80730B3EB35
S2140376A8D26F0CBF0120002002B010BD13B5002313
S2140376B80446014620220DF107008DF8073000F036
S2140376C8F7F80DF107001A22211D00F0F1F8626899
S2140376D89DF80730B3EB926F0CBF0120002002B071
S2140376E810BD0068431C584258417047006810F0A4
S2140376F87E0F0CBFC0F3C160002070470068C0F35C
S214037708D3107047006800F07F0001288CBF002064
S21403771801207047036813F07E0F14BF0420082067
S2140377287047036813F07E0F03D1406820F07C404F
S214037738704713F078001CBF03F07F03D81F704709
S214037748006800F07F007047032809D0022803D199
S214037758C1F10201C8B2704700290CBF07200020F8
S214037768704737B5054601F10C044369694601229B
S21403777820469847BDF80030012201932046AB699E
S21403778801A9984703B030BD37B501F10C04436926
S214037798012269460546204698474FF6FF72009B26
S2140377A899B291420DD16FF30F0343F4254343F087
S2140377B8A503019301222046AB6901A9984703B0A4
S2140377C830BD0020FBE737B5044600251B22011D04
S2140377D80DF107008DF8075000F06AF860689DF809
S2140377E80720B2EBD06F03D120F0784003B030BD4A
S2140377F80DF107001B2204F108018DF8075000F06D
S21403780857F8A0689DF80730B3EBD06F01D1C04393
S214037818EAE74FF0FF30E9E74BF29A22036810B520
S214037828B2EB134F044613D19BB2012B13D1FFF7C8
S214037838CAFF01300CD04FF6FF72E068B2EB104F68
S2140378484FEA104309D180B2C01A18BF012010BDF1
S2140378582368013303D00420F9E70220F7E703205F
S214037868F5E701288CBF002001207047033801285C
S2140378788CBF002001207047143070472DE9F04173
S21403788805469846036908460E461746984704462B
S21403789838B943463A4631462846D4F7DDF904460E
S2140378A818B131462846FFF75CFF2046BDE8F0814D
S2140378B81F2A0B689EBF4FF0FF3191408B43590830
S2140378C801F055315B1A03F033319B0803F0333369
S2140378D80B44017803EB13130A444FF0013103F00A
S2140378E80F334B43A2EB13620270704708B507F0D9
S2140378F897FDBDE808400021D4F7ACBB0029CCBFF0
S21403790801210021D4F7A6BB02214FF42070D4F737
S21403791877BE704770470020D4F712BF0120D4F70C
S2140379280FBF704770B5054614460E4609F0B3FCFC
S2140379382B685C4034405C402C60BDE8704009F01E
S214037948A5BC4369DB01FCD4012300F50050436062
S2140379587047022A10B54FF0000405D9033A022AE5
S2140379680CD90360047110BD11F4000218BF4FF060
S2140379787F4221F07F4313430C0EF2E721F0FF0307
S214037988CCB2EEE730B4012500F5805344685D6059
S214037998CB784D785B0443EA05230D7889782B4327
S2140379A8090401F480310B43C0F89830E30702D486
S2140379B830BCFFF7C6BF30BC704738B50C46054623
S2140379C8FFF7BFFF23781146627803F0070343EAFD
S2140379D8C203E278284643EA0223A278120102F099
S2140379E8300213432B67EB6AA27923F48B3323F411
S2140379F8807343EA02432279120202F4E0621343D5
S214037A086279120302F480521343EB62FFF7BAFF5C
S214037A18012305F580525360E27902B1EB6038BD65
S214037A2808B50A6FC96F02F00702FFF792FF08BD91
S214037A384FF050234FF400321A6770474FF0B043A5
S214037A485A6812B19A6A002AFAD1704770B5054681
S214037A5814460E4609F01FFC2B685C4034405C4015
S214037A682C60BDE8704009F011BC01224178037808
S214037A788A4030214B4342F2100103F1A04303F539
S214037A8870335A50704721FA00F2D20730B50346CE
S214037A9800F0FC040FD500220132D2B2042A02D128
S214037AA84FF0FF3008E0831803F00303234421FA5A
S214037AB803F5ED07F0D4184630BD002070470020C4
S214037AC87047002070470020704701207047012048
S214037AD870470F207047E6F7F5BB00207047FFF79F
S214037AE8FCBF00207047704700207047002070478F
S214037AF8C3681944836853F8210030F8023B1360BF
S214037B087047012310B580F888300378044653B1CC
S214037B1800F061FA21462046D5F73CFE2046BDE82C
S214037B28104000F04DBA10BD38B50D460446D5F7DB
S214037B3819FE6B682046C4F8B032A96800F096F9B7
S214037B484FF0FF332046C4F8B432FFF7CDFF38BDF5
S214037B58D0F8B43210B50133044601D0002010BD66
S214037B6800F0BCFAC4F8B4020130F7D194F8B802AE
S214037B7880F00100F3E708B5D5F730FE08BD0A78AC
S214037B8801382D2A0ABF012200228918D5F782BE9A
S214037B9807281BD8DFE800F0060A0D10131504178C
S214037BA80120704700220820D5F774BE0022102053
S214037BB8FAE700222020F7E70820FFF7E0BF1020A7
S214037BC8FBE72020F9E70846D5F7C6BE002070472E
S214037BD82DE9F74307280C46DDE90A7690461D4645
S214037BE808D8013806280AD8DFE800F01D27303AF7
S214037BF844574A00212850D003B0BDE8F08300223A
S214037C0820461146E5F7BCFC3368C0B205EB830192
S214037C183A6845F82300013348F8221033603B6876
S214037C2801333B60E8E7002220461146E5F7A8FC47
S214037C38336880B205EB8301EAE700222046114643
S214037C48E5F79EFC336805EB8301E1E7002220464F
S214037C581146E5F743FE336840B205EB8301D7E7E1
S214037C68002220461146E5F739FE336800B205EBD5
S214037C788301CDE7002220461146E5F72FFEE1E70C
S214037C88002389461E461D468DF8063019F8013F1F
S214037C987D2B06D125702D0A65703B6848F823406E
S214037CA8BDE7202BF2D006F00102013612B98DF893
S214037CB80430EBE71022002101A88DF80530E5F71C
S214037CC80DFE631901359870ADB2DFE72DE9F04F65
S214037CD89B46002385B08B45814688469246CDE968
S214037CE802336BDC1A461E4619F80340212C09D8C2
S214037CF81F2C04D8103C072C98BF012200E001264D
S214037D080133F1E7FF2CFBD15B4436B1013B434516
S214037D180ADD2B2005B0BDE8F08F62B1013B434571
S214037D28F7DC3546374602E000252F462E464545FE
S214037D3804DB0020EEE79845F3D0EAE75D453BDB36
S214037D4819F80730202B18D109EB07035B78FF2BAC
S214037D58DFD1CEB920465AF82510FFF719FF78B3B6
S214037D6803AB019302AB00932046DDE90E235AF8D2
S214037D782510FFF72DFF0135D9E7212B0ED109EB87
S214037D8807035B78FF2BC4D1029B5AF825200E996C
S214037D98012641F8232001330293ECE7A3F11004EC
S214037DA8072C02D91C460137D3E709EB07035B7890
S214037DB8FF2BAED1E4B2CCE70624CAE72120A9E715
S214037DC82620A7E72DE9F04F07460E4615469846A0
S214037DD8044685B0DDF84490DDE90FAB206808B3A8
S214037DE8DAF80020D8F800108A421BDA0E9B53F8FC
S214037DF82210D2F713F848BBDAF800200132CAF883
S214037E0800206268117BFE291BD10E9B1068012196
S214037E1800932A464346CDE902B9CDF804A0FFF7F6
S214037E28D1FF04462B7843B999F800302BB97EB1B5
S214037E3801233C4689F800302B70204605B0BDE880
S214037E48F08F01238BF800302B70EBE70C34C5E773
S214037E583446F2E710B50446236803B910BD237AFF
S214037E6813B92046D5F7AEFD0C34F5E710B541B186
S214037E780A7932B901249C300C71FEF7FAFF2046C2
S214037E8810BD0020FCE72DE9F041BAB005460AAA62
S214037E98084603A900F05FF90446B0B90DF10A03D2
S214037EA801930DF10B038DF80A0000930AAA2846DE
S214037EB804AB03A9D5F736FF9DF80A20B2B19DF89F
S214037EC80B2048B12AB1D5F77DFD20463AB0BDE868
S214037ED8F081FFF7BFFFF8E7D5F89C50002DF4D0E4
S214037EE8A86808B1FFF7B6FF2D68F7E700B346683A
S214037EF81AAB06F10C082AAF01934046049B039974
S214037F0800970AAAFFF7E2FE04460028DDD1039B82
S214037F1805A8CDE90637049B0595CDE90838D7F7B4
S214037F28F1F905A83368984705A800F03FFDCCE7A4
S214037F382D24CAE710B50446AC30E5F751FA04F128
S214037F48AB031A180020934200D110BD13F8011F83
S214037F580029FAD00A2908BF0130F4E70023F0B550
S214037F680B6013600646D0F8AC0278B196F8AC00FE
S214037F7860B1012406F1AC07D6F8AC02844210D3EC
S214037F8806F1AC00B3F5007F10D30120F0BD0D68F1
S214037F9801350D60156801351560F85C01330A284C
S214037FA802D0B3F5007FF2D30134E5E7C15C0A29B2
S214037FB8EBD00029E9D01168013301311160E1E7FC
S214037FC810B50021D0F88C200446E5F70DFB0023F6
S214037FD8C4E9243310BD73B5044600F1AC0580210B
S214037FE82046FEF75BFF4FF4007106462846FEF769
S214037FF855FF0136C0F50070864220461FD8E5F7C0
S214038008EFF906462846E5F7EBF901362946421CFA
S214038018A819E5F73BFB2046E5F7E2F921460246B1
S2140380282846E5F771FC2046E5F7DAF90A232044E3
S21403803880F8AC300023C4F8AC3202B070BDFFF74A
S21403804879FF01AAC4F8AC0269462046FFF786FF03
S2140380580022009B234483F8AC20C0E773B50D4683
S2140380680446FFF767FF6B1C19D1D4F8AC3213B17B
S214038078013BC4F8AC3200252046E5F7B1F9A8421F
S21403808815D82046FFF79CFFD4F8AC322BB16946C7
S214038098204601AAFFF762FFA0B902B070BD012D02
S2140380A8FBD1D4F8AC328342F7D20133E1E7082098
S2140380B800F023F8202000F020F8082000F01DF830
S2140380C80135D9E7009D04F1AC06019BAB42E4D920
S2140380D8715D2046D5F754FF0135F6E707B500204E
S2140380E80DF1070100F0E7F820B99DF8070003B083
S2140380F85DF804FB4FF0FF30F9E710B5C1B204464C
S214038108002000F0C8F800280CBF20464FF0FF30C8
S21403811810BD0FB407B504AA52F8041B0020019239
S214038128D6F7D2F8002003B05DF804EB04B0704726
S21403813810B54C1C0B460119045D222C03D07B2C6E
S21403814801D05C2C05D1D21A1844E5F79FFA012012
S21403815810BD0020FCE72DE9F04705469146884602
S214038168E5F73EF92A4606461346197801322029CA
S214038178FAD0C9F800305C1B01236FF0404AC8F8F0
S2140381880030A64201D8002014E02F5D29197B2F62
S21403819812D0222F2ED1D8F80030621C53442A441A
S2140381A849F82320012C09D911F8013C13F0DF0FF5
S2140381B804D02120BDE8F0877D27F3E701342B5D43
S2140381C8BB4209D12B195B7813F0DF03F1D1222FB9
S2140381D800D12B550134D4E75C2B07D13246214610
S2140381E82846FFF7A5FF0028E3D0013E0134A64240
S2140381F8E5D8DEE75C2F08D1324621462846FFF746
S21403820897FF0028D5D0013EE4E7202FE2D10022CD
S214038218631CB3420A70DDD2EA18EB5C202BD9D074
S214038228D8F800300F2B05DC49F823200133C8F8AB
S2140382380030CFE71E20BDE700F000B800207047E7
S214038248D1F7DABD70B50C46154610B9D6F730F82F
S21403825838B143682BB12A462146BDE8704000680A
S2140382681847232070BDF7B50D4616461C4638B981
S214038278D6F71EF804B901AC20B9232003B0F0BD25
S21403828803B901ACC768002FF7D023463246294600
S2140382980068B847F2E707B501228DF807100DF115
S2140382A80701FFF7CFFF03B05DF804FB0B46014653
S2140382B81846FFF7F0BF00230122FFF7D4BF08B51F
S2140382C809F076F8FA23B0FBF3F080B208BD042071
S2140382D8704740F20160D6F7E1B87047012070474F
S2140382E80020704749BA89B280EA0103C3F3031230
S2140382F85340180380B258405B0103F4FF535840B9
S214038308704708B5D6F7CCFC58B1A0F15903042B2F
S21403831806D8042B04D8DFE803F004040403040097
S2140383285C2008BDD6F7FEBD7047F8B50C468D1819
S214038338073552421540A5F108070646384600F0A9
S214038348DFF9A188381B628801EBE00189B2A2EB4A
S214038358E00225F8041C25F8062CA288C310AAB147
S214038368A4EBC202B2F802C0D18003EB0C01518021
S214038378E28892B1D31A9BB204EBC20425F8023CF6
S214038388A380B3680344B3603846F8BD15F8082CD1
S21403839842F0020205F8082CEAE725F8022CF0E773
S2140383A82DE9F04F4FF0000887B09946531C109BF1
S2140383B80546174614BF14460824CDF81480002B28
S2140383C800F0C580C3F80080002900F0C280426828
S2140383D88A4240F2BE80073121F0070608F068FF9C
S2140383E805AACDE9008282463A464B4631462846D8
S2140383F800F08AF9059F834607B130B9504608F05E
S21403840852FF192007B0BDE8F08FB7F80280296934
S2140384184FEAC802C0EBC8080139B8F1270F29612B
S2140384287AD9B9F1000F51D1864206F1080848D027
S214038438224639462846FFF778FF04460590059BEB
S2140384489844404600F05CF9059906F10F004A88FF
S214038458C308A2EBD002A8F80220CA88A8F80430FA
S214038468002A30D0D31A9BB201EBC202A8F8063012
S21403847893808B88F608A380B8F804303A46E380DE
S214038488414600232846668000F0A6F9AB68083301
S214038498AB60237843F0010323702B6901332B6108
S2140384A86288AB68504603EBC203EA68AB60934244
S2140384B888BFEB6008F0F7FE109B083400201C60AA
S2140384C8A0E73C46BBE7A8F80620D2E707EB080474
S2140384D82046039200F014F90BF10703DB0805990D
S2140384E8638008F10703DB08A380CB8893B1DB001E
S2140384F8039AD81D821A5A44C2F3CF020B44E28069
S2140385089A80A38808F1FF384FEAD808A1F80280B2
S214038518CB80BBE7E380F4E7B9F1010F1BD107F182
S2140385280803B3FBF4F204FB1233B3B1224639460D
S2140385382846FFF7FAFE044623783A4643F0010333
S214038548237021460123284600F046F9A8E722208F
S21403855858E7212056E78642E8D13C46ECE707B5BC
S21403856800224FF0FF3101AB0192D6F71BF90198B1
S21403857803B05DF804FB2DE9F74F04460D460029C2
S21403858800F0AB80D0E9056808F092FE15F8087C81
S21403859835F8061CFB07009000D531B9009808F09B
S2140385A882FE012003B0BDE8F08FA368D4F81090CC
S2140385B835F804ECA3EBC10B09F10103A5F1080C8C
S2140385C84A1CC4F808B02361BEF1000F7BD0ACEB9D
S2140385D8CE03D888B3F802A00190187807F00207EC
S2140385E8C00765D4002F64D10198A0EB0A07012FB2
S2140385F869D18A1CABF108075244C4F81090A760E7
S21403860835F802ECBEF1000F61D0D4E900700CEB2C
S214038618CE0A07EB0009CA4559D21CF83EC057468E
S2140386281CF0010C15D1AEEB0101012911D1BAF8E2
S2140386380210AAF802C001310A44BAF80610002943
S21403864843D00AEBC107216901392161A1680839BA
S214038658A16015F8081C013A21F0010105F8081C69
S214038668002125F8061C5A801A7861F300021A704E
S2140386787FB3C3F107023A44C2F3CF02DA80BA8063
S2140386884EB3B34227D37288002A08BF1E46B8F1F2
S214038698000F06D0434504D8B8F80220002A18BFAE
S2140386A843460098C4E9056308F0FDFD002079E712
S2140386B84FB115F8087C724427F0020705F8087CC2
S2140386C800279F809CE763469AE70F46BBE7002789
S2140386D8BFE7DF80D4E71E46D9E7222062E710B556
S2140386E80446D6F777F82146BDE81040FFF743BFA0
S2140386F8FFF7F5BF0846FFF732BF0846FFF7F8BF90
S2140387080023036043607047F0B5D0E90554561C50
S21403871808BF0822002B4FF0000008BF2C46DDF8E0
S21403872818C0CCF80000002C37D09DF81470658864
S214038738FF0007EBC505C2F1000E2078C00708D571
S2140387481BBBE088A0B104EBC004658807EBC5052E
S214038758F3E78D42F4D363B904F10806B6FBF2F0E7
S21403876802FB106670180EB1A842EAD8CCF800408F
S214038778F0BD082A0FD06088013004EBC000461A03
S21403878806EA0E06801B8542F0D2A0880028EFD0A2
S214038798A4EBC004D9E70846E8E72046E8E703461B
S2140387A80069C0B10AB951B91A6810460378DB07DD
S2140387B811D531B9C3885BB100EBC300F6E79A69F4
S2140387C8F3E7012904D1838823B1A0EBC300EDE7BF
S2140387D800207047184670472DE9F041D0E9055444
S2140387E8074688461646ABB1954200D00ABB4246B2
S2140387F800213846FFF7D3FFB442054600D02EB90A
S214038808424601213846FFF7CAFF0446C7E905541E
S214038818BDE8F081954208D08D4228BF0D46B44284
S21403882805D0444538BF4446F0E70D46F7E74446C7
S214038838ECE79442EAD1E3E770B500261C46C3E9A1
S2140388480001C3E90266C3E905001E611A775E6282
S214038858FFF756FF23690139C908013341802361AD
S214038868A36830460833A360E3680833E36070BD43
S214038878002307B5684600938DF80430D3F7F2FF54
S21403888803B05DF804FB10B508F005FD044606F0D2
S21403889835FE2046BDE8104008F0F8BC70474FF494
S2140388A8C870D6F71FB8D6F707B900F01CB87047D4
S2140388B8704708B503F08FFA03F097FA03F09EFAA9
S2140388C803F0ADFABDE8084003F0BABA704708B536
S2140388D803F07CFA03F07BFA03F07AFA03F07AFAE9
S2140388E8FFF7F4FF08BD08B503F0ABFA03F0AAFADE
S2140388F803F0AAFABDE8084003F0ADBA70470120B2
S21403890870472DE9F34112F001050446884622D143
S21403891810F0030525D12F465208BA4209D1D4F7D9
S2140389282BFB0026B74204EB860008D1D4F734FBAA
S21403893811E054F8273001330CD10137EDE7042250
S21403894858F826300DEB0201019308F055FF30B1B5
S214038958D4F722FB3D25284602B0BDE8F081013650
S214038968E0E70125F7E77047B0F1006F0FD300F093
S2140389787843B3F1006F0CD000F06040B0F1404F7D
S21403898809D0B0F1604F14BF0420032070470020BD
S21403899870470120704702207047002070471AB1BD
S2140389A811B180B2D6F7BEBA2120704701F094BE43
S2140389B8DFF76EB9FFF78DBCD0E9023253F82230E1
S2140389C800211878DEF7B6BD704702F0D5B901F076
S2140389D815BEC3688268013BDBB252F823305B7866
S2140389E8652B02D10020E1F7F5B86E2B01D10120E3
S2140389F8F9E7662B01D10220F5E7704710B5D0E9F1
S214038A080232044653F82230187802F09FFAE368D5
S214038A18A268013352F82330BDE81040187802F0F4
S214038A2893BA10B50446C0B2D7F74AFC200ABDE885
S214038A381040D7F745BCD0E9023253F822301878ED
S214038A48D7F746BD02F032BADFF7C2BD08B501F064
S214038A58F6FEBDE80840E0F7ABBFD0E9023253F8AC
S214038A682230186801F0E9BE0020E1F7A7B8012014
S214038A78E1F7A4B80221D7F7C1BC0321D7F7BEBCD8
S214038A880521D7F7BBBC08B501460C20D7F792FCDF
S214038A98BDE80840D7F720BC08B501460020D7F73D
S214038AA889FCBDE80840D7F717BC07B5C2688368D2
S214038AB8043253F8223001211B880DF10602ADF863
S214038AC806300023D8F71EFA03B05DF804FB08B592
S214038AD808F082FCBDE80840EDF70EBB10B5144657
S214038AE8D8F72CFD2146BDE8104008F0DBB908B5D9
S214038AF8D8F724FDBDE80840002108F0D3B908B527
S214038B08D8F71CFDBDE80840ECF70CBE08B5D8F747
S214038B1815FDBDE80840ECF7F1BD7047704708B58A
S214038B2808F05AFCFFF7FAFF03F0EFF9BDE8084030
S214038B38D8F750BD7047012070470120704708B525
S214038B48D8F7E4FD00280CBF0420012008BD7047B1
S214038B582DE9F34104460D4616461F46DDF82080E8
S214038B6808F0D2FC3B46324629462046CDF800801C
S214038B7803F0CCF93B46324629462046CDF800801A
S214038B88FFF7E5FF02B0BDE8F04101F0A5BD2DE90A
S214038B98FF4704460D4616461F46BDF830809DF827
S214038BA83490DDF838A008F0AFFC3B463246294639
S214038BB82046CDE9019ACDF8008001F040F804B0CC
S214038BC8BDE8F04701F088BDF8B504460D461646DD
S214038BD81F4608F099FC3B46324629462046DEF7F0
S214038BE8E3F9044601F078FD2046F8BD70472DE901
S214038BF8F34104460D4616461F46BDF8208008F086
S214038C0883FC3B46324629462046CDF8008003F0CF
S214038C1880F933464246294620460097FFF7E6FF83
S214038C2802B0BDE8F04101F057BD704708B508F03B
S214038C386BFC03F06FF9FFF7F8FFBDE8084001F097
S214038C484BBD012070472DE9F74304460D461646EB
S214038C581F469DF8289008F057FC3B46324629469F
S214038C682046CDF80090FFF7ECFF80463B46324699
S214038C7829462046CDF8009003F04DF901F02CFD67
S214038C88404603B0BDE8F083012070472DE9F7435B
S214038C9804460D4616461F469DF8289008F034FCF1
S214038CA83B46324629462046CDF80090FFF7ECFFB0
S214038CB880463B46324629462046CDF8009003F0C8
S214038CC82BF901F009FD404603B0BDE8F083F8B57B
S214038CD804460D4616461F4608F016FC3B46324623
S214038CE82946204603F019F9BDE8F84001F0F4BC1C
S214038CF800207047F8B504460D46164608F004FCEF
S214038D08324629462046FFF7F3FF074632462946EA
S214038D18204603F003F901F0DFFC3846F8BD38B502
S214038D2804460D4608F0F0FB2946204603F0F7F8FC
S214038D38BDE8384001F0D0BC10B5044608F0E4FBA3
S214038D48204603F0EDF82046FDF7EBFDBDE810409E
S214038D5801F0C2BC704738B504460D4608F0D4FB8C
S214038D682946204603F0EBF829462046FFF7F2FF8C
S214038D78BDE8384001F0B0BC704770B504460D46F0
S214038D88164608F0C1FB32462946204603F0D9F8B2
S214038D98324629462046FFF7EFFFBDE8704001F04C
S214038DA89BBC704738B504460D4608F0ADFB29460C
S214038DB8204603F0C8F829462046FFF7F2FFBDE829
S214038DC8384001F089BC70472DE9F34104460D4647
S214038DD816461F469DF8208008F096FB3B4632460B
S214038DE829462046CDF8008003F0AFF83B463246C6
S214038DF829462046CDF80080FFF7E5FF02B0BDE818
S214038E08F04101F069BC704738B5054608F07CFBAD
S214038E18284600F0E1FE04460146284601F0AAFF6C
S214038E2801F05AFC204638BD38B504460D4603F013
S214038E388DF829462046FFF7E6FF38BD704738B554
S214038E48054608F061FB2846DEF7CEFE04460146D3
S214038E58284601F08DFF01F03FFC204638BD38B5A3
S214038E6804460D4603F073F829462046FFF7E6FF47
S214038E7838BD704710B5044608F046FB204603F095
S214038E8867F82046FFF7F5FFBDE8104001F024BC5D
S214038E98704738B504460D4608F036FB2946204683
S214038EA803F057F829462046FFF7F2FFBDE8384097
S214038EB801F012BC704770B504460D46164608F016
S214038EC823FB32462946204603F044F83246294611
S214038ED82046FFF7EFFFBDE8704001F0FDBB704783
S214038EE838B504460D4608F00FFB2946204603F01E
S214038EF832F829462046FFF7F2FFBDE8384001F06E
S214038F08EBBB704738B504460D4608F0FDFA29460C
S214038F18204603F021F829462046FFF7F2FFBDE86E
S214038F28384001F0D9BB704710B5044608F0ECFA90
S214038F38204603F012F82046FFF7F5FFBDE8104079
S214038F4801F0CABB704710B5044608F0DDFA2046A0
S214038F5803F004F82046FFF7F5FFBDE8104001F0DC
S214038F68BBBB7047704770B504460D46164608F0F7
S214038F78CBFA32462946204602F0F3FF3246294604
S214038F882046FFF7EFFFBDE8704001F0A5BB70472A
S214038F9810B5044608F0B8FA204602F0E3FF204668
S214038FA8FFF7F5FFBDE8104001F096BB704738B5EC
S214038FB804460D4608F0A8FA2946204602F0D3FFD1
S214038FC829462046FFF7F2FFBDE8384001F084BB88
S214038FD87047F8B504460D4616461F4608F094FA39
S214038FE83B4632462946204602F0BFFF3B463246FA
S214038FF829462046FFF7ECFFBDE8F84001F06CBBB6
S214039008704770B504460D46164608F07DFA324694
S2140390182946204602F0AAFF324629462046FFF78D
S214039028EFFFBDE8704001F057BB70472DE9F341E9
S21403903804460D4616461F46DDF8208008F064FAF7
S2140390483B46324629462046CDF8008002F08FFF7D
S2140390583B46324629462046CDF80080FFF7E5FF13
S21403906802B0BDE8F04101F037BB0E2070470E2072
S214039078704738B5044608F047FA2046FFF7F7FF67
S2140390880546204602F074FF2046FFF7EEFF01F080
S21403909823FB284638BD704710B5044608F034FA53
S2140390A8204602F066FF2046FFF7F5FFBDE81040AE
S2140390B801F012BB002070470020704738B50446FD
S2140390C808F022FA2046FFF7F7FF0546204602F087
S2140390D851FF2046FFF7EEFF01F0FEFA284638BD9B
S2140390E8704708B508F010FA02F045FFFFF7F8FFD7
S2140390F8BDE8084001F0F0BA002070477047704793
S21403910808B5D8F7D5FB00280CBF0420012008BDF6
S21403911870470B68DA7B1AB9DB7C0BB9D8F7ECBB5C
S2140391288120704708B5D8F7FFFBBDE80840D8F795
S21403913809BC7047D8F7F8BBD8F704BC082808D882
S2140391484FF48B73C34013F0010F0CBF212000208C
S2140391587047212070470121D8F7E6BC0221D8F7CB
S214039168E3BC0421D8F7E0BC0821D8F7DDBC1021FE
S214039178D8F7DABC01207047D0E9023253F8223018
S2140391881878D8F77DBE0868C37B1BB9C37C0BB9B0
S214039198D8F7A6BE81207047D0E9023253F82230AA
S2140391A81878D8F7DFBE704730B50546044615F875
S2140391B8100B85B0029565691D44CDE900250B465D
S2140391C8A21D618801F036FE05B030BD704710B4A5
S2140391D892F80A4192F8053103EB04230B81002326
S2140391E85DF8044B1A4601F023BE1FB5044608462D
S2140391F871B12178FF290BD0238B029363690193FE
S214039208237C00936288A31DDEF70AFDFF232370E1
S21403921804B010BD0868C37B73B9C37C032B0BD893
S214039228DFE803F002080406D9F79CB9D9F7CCB9E6
S214039238D9F7FCB9D9F7AAB98120704770477047A0
S21403924800207047137810B5032B0CD15479CBB292
S2140392589C4208D19379B3EB112F04D153781B1A88
S2140392685842584110BD0020FCE77FB505460E4618
S21403927800246946E0B201F083FD28B96A46314600
S2140392882846FFF7DFFF18B90134202CF1D1002058
S21403929804B070BDFFF7E9BF0868C37B9BB9C37CFE
S2140392A8052B10D8DFE803F0030D070B0905D9F7DC
S2140392B861BAD9F79DBCD9F7F7BAD9F749BCD9F734
S2140392C8C7BBD9F799BA812070470020704730B5D5
S2140392D8102587B001AA00210195FEF709FC04466C
S2140392E82A46002102A8E4F77FF92A46214602A85F
S2140392F8E4F7CCF9012102A8D9F758FE07B030BD28
S214039308D9F7E6BD7047FFF7FDBF0B68DA7B5AB996
S214039318DB7C012B04D0022B04D02BB9DAF76ABA0C
S214039328DAF774BADAF77EBA81207047002307B5EE
S214039338012101A80193D0F793FB08B9D0F784F964
S214039348012003B05DF804FB08B502F06EFA0528A1
S21403935803D0003818BF012008BD0220FCE7704779
S214039368D0E9023253F822301878003818BF0120A3
S214039378DBF7D8BDDBF7DCBD00207047002070475D
S2140393887047FF207047FF20704700207047002073
S214039398704700207047704706207047DBF780B891
S2140393A80868DBF759BD70B50D4604460021284604
S2140393B8164601F076F9324620800221284601F047
S2140393C870F9324660800421284601F067F90023C5
S2140393D8A360E3606060082070BD034641B1814224
S2140393E84FF0640005D94343B3FBF1F0C0B27047AE
S2140393F808467047DBF7AABDDCF7A0BBDCF7A8BCBA
S214039408B0F5807F05D0A0F5007358425841400157
S21403941870470820704730B599B00D46694614461C
S214039428DCF7FAFB30B915B1BDF802302B600CB186
S2140394380D9B236019B030BD2DE9F04788B00E4662
S214039448904604A905AA07461D46FFF7E4FF044607
S21403945838BB28800DF10C09DDE904A39A4520D210
S214039468062251463846CDF8009006ABDCF7F0FBEB
S214039478D8B9039B062B18D12A88DDF81A3042453B
S2140394880ED2BDF8181026F832102A8806EBC20248
S21403949853602A885344013206332A800493DBE751
S2140394A8F7D9204608B0BDE8F0870124F9E72DE987
S2140394B8F0438FB00F46904601A90022044699460A
S2140394C8FFF7A9FF18B101200FB0BDE8F083062205
S2140394D820460DF1020302A9FFF7AEFF0028F2D1DA
S2140394E805460246BDF80210019CEEB28E42EAD249
S2140394F80EAB03EBC60656F82C3C36F8306C06342F
S214039508BE4217BFE418012213460022013522B1D2
S214039518C8F80040C9F80030D6E71A46E5E770B53C
S2140395280024012602F05BF9E5B2C26806FA05F5DF
S2140395389542234604F10104F4D3D8B270BD70B53E
S21403954886B0DCF7B7F900F11006E1F7ABFD0024A7
S2140395580546142201A9301902F048F91CB99DF8EA
S2140395680430FF2B16D0002303F118026A4412F8BE
S214039578142CFF2A06D11C44601E90FBF5F080B21B
S21403958806B070BD2B44DBB2132BEDD91434B4F5F7
S214039598826FDED14FF0FF30F2E7DBF7C1BF07B5C6
S2140395A804220DEB020102F021F9019803B05DF8DD
S2140395B804FB37B5054608460C46FFF7F0FFA842F6
S2140395C806D0042220460DEB02010195E1F7BCFD07
S2140395D803B030BD07B50B460092002102460120B2
S2140395E8DCF730F803B05DF804FB08B50121DBF7B8
S2140395F861FFBDE80840E1F753BFDCF79FBA08B53B
S214039608FFF7F3FF002008BD08B513460A460146D0
S2140396181846DCF7ABF880F00100C0B208BD00209E
S2140396287047704708B1DCF7A9BB704730B4DDE96B
S21403963802451DB1029430BC00F0C6B930BC704771
S2140396481F2804D8142200F5A030D5F735BD704777
S2140396581F2804D8142200F5A030D5F759BD704743
S214039668152808B505D1FFF7DCFFBDE80840DCF789
S214039678CBBC08BD10B5142486B02246002101A829
S214039688E3F7B2FF2023224601A94FF4A03001F0E6
S21403969895FC06B010BD0020704713B500230C4692
S2140396A81A460146CDE90033E0B2DDF771FA02B097
S2140396B810BD13B500231446019001220093E0B2AF
S2140396C8DDF766FA02B010BDD0E9023253F822304D
S2140396D81868DDF7D5BB194491420ADC4218002006
S2140396E803B9704712F8011D013B01EB0020DBB2FA
S2140396F8F6E7002070472DE9F04F4FF0000A85B0D3
S214039708019381460F4615465346019A11785FFA28
S2140397188AF2914203D8002005B0BDE8F08F01997C
S21403972809EB050801EB4202517892F802B011F0F2
S2140397384004009101F03F061BD0AC19BC42D4BFCD
S2140397480024012433466400A20740F18880009B66
S2140397581B0640F192800E9B324603EB0B0000215A
S214039768E3F742FF3D4600231D44ADB20AF1010A62
S214039778CBE7042E07D866B1B31E022B0BD8DFE857
S21403978803F0122130003E2E37D03F2E5BD03D2EFD
S2140397984BD00320C0E7BD4234BF00240124012672
S2140397A864003346D0E7AB1CBB4250DC02233A4680
S2140397B829464846FFF78FFFADF80A0002230DF146
S2140397C80A08C1E7EB1CBB4243DC03233A46294697
S2140397D84846FFF780FF0390042603230DF10C0881
S2140397E8B2E72B1DBB4236DC04233A4629464846D5
S2140397F8FFF771FF03900423F0E77A1E95422CDAED
S21403980802233A4629464846FFF765FF4FF6FF7395
S21403981880B298420EBF0223023083B25C19A74275
S214039828B4BF0324012404268EE7BD4215D298F854
S2140398380030FF2B0CBF01230133EC18BC42CCBF0E
S21403984803240124EFE70124042600237CE7344697
S214039858B4E70224C0E70224CDE70324E3E70E9A1D
S21403986802EB0B0014B142F80B807DE73246414603
S2140398780093E4F749F8009B76E702204CE710B517
S214039888144686B018811A460A9B0291CDE903430B
S21403989801230193099B014600930320BDF820305A
S2140398A8DDF70CFC06B010BD1FB500240294079C18
S2140398B80194BDF818400094FFF7E1FF04B010BD0B
S2140398C82DE9F0410E461746054686B098B391B380
S2140398D88AB34FF0000802A95FFA88F001F050FA3D
S2140398E8044640B99DF80830032B08D008F1010850
S2140398F8B8F1200FEFD1204606B0BDE8F0819DF8F9
S21403990809202B799A42F1D1BDF80A206B889A422E
S214039918ECD19DF80C30BDF80D006B7128812B46F1
S21403992822464FF6FF71CDE90067FFF7BDFF002813
S214039938DCD00446DFE72124DDE710B586B00A9CB1
S21403994804949DF824400394BDF82040029401240F
S214039958CDE9003413460A4601460620DDF7AEFB7A
S21403996806B010BD1FB504460846194600230094E2
S214039978CDE90123079BBDF81820FFF7DEFF04B0E7
S21403998810BDF0B5022805460E4614461F468BB092
S2140399980AD106A9F0B201F0F3F998B99DF819307F
S2140399A823719DF81C306371119B22460493002390
S2140399B8CDE902330193109B3146009328463B4674
S2140399C8DDF77CFB0BB0F0BD13B500240194049CB3
S2140399D80094FFF7D6FF02B010BD2DE9F045064602
S2140399E8884614469A46002701258BB006A9F8B27E
S2140399F801F0C6F920BB9DF81830012B19D19DF844
S214039A08192033799A4214D1BDF81A2073889A42DA
S214039A180FD19DF81C3032467371B9B2CDE9030AEB
S214039A28CDE90100434602200094DDF747FB0546CF
S214039A3810B90137202FD9D128460BB0BDE8F085D9
S214039A480546F9E70023FFF7C8BF10B50446DEF757
S214039A5813F90021631E04F10F0213F8010FFF2800
S214039A6808BF19709342F8D10023237410BD002051
S214039A78704770B506461D46DDF772FF044608B9FB
S214039A88212070BD3046DEF739FA0028F8D0A068E2
S214039A982A46FF21FFF722F89DF81030002063714D
S214039AA89DF81430A371ECE713B59DF81040CDE983
S214039AB8003413460122FFF7DCFF02B010BD08B5D9
S214039AC8DDF74EFF28B18068FF21FFF718F800205E
S214039AD808BD2120FCE70122FFF7F1BF1FB50B469F
S214039AE86A460146184601F041F96A4608230020EB
S214039AF832F8021B013B13F0FF0380EA0100F7D19B
S214039B08012838BF012080B205B05DF804FB2DE9B3
S214039B18F04F87B0DDE9109B054688464846194648
S214039B281F461446BDF848609DF84CA0FFF7D6FFBD
S214039B38042D0346ABF800001AD8022D1DD9042DB0
S214039B4807D04FF2F222A188914222D1E2889107E8
S214039B581FD5E17A0022CDE9013720463346CDE901
S214039B680392CDF800A001F056F907B0BDE8F08FD0
S214039B786A1F012A11D92120F7E700224146CDE9B9
S214039B88119228462246109707B0BDE8F04F01F019
S214039B9851B94FF6FF760C21DCE7052D0ED10023CD
S214039BA8E17A0022CDE90137CDE9039200912346F5
S214039BB852464146304601F021F9D6E74FF2F222E3
S214039BC8A188914204D1E288920701D5E17AE8E7B1
S214039BD84FF6FF760C21E4E7F0B585B00546DDF7CA
S214039BE87FFB48B16B88B3F5006F05D1681D05B0D8
S214039BF8BDE8F04000F0EFBC284600F003FD04463D
S214039C08C8B9E7B26946384601F0BAF878B99DF894
S214039C18006066B92946384601F0B6F820B140F622
S214039C280443984207D08C26304605B0F0BD01346D
S214039C38202CE6D1F7E78D26F6E7DDF737BD2DE9C5
S214039C48FF4704460D460146184617461E46BDF806
S214039C5830809DF83490DDF838A0D8F7C3FAD0B929
S214039C682146284601F036F933463A462946204621
S214039C78CDE9019ACDF80080DDF7BCFD33463A46B8
S214039C8829462046CDE90D9ACDF8308004B0BDE8C4
S214039C98F04702F03DB904B0BDE8F087DDF754BFDE
S214039CA8DDF70CBFDDF730BF10B5044601F01EF92B
S214039CB8082201462046BDE81040E3F7E7BC01F05A
S214039CC817B9002101F014B901F026B9002070472E
S214039CD820207047EBF7D0B9EBF71ABAEDF7BCBEFE
S214039CE87047DEF77DB870B506460C46154600F095
S214039CF84CF850B13CB135B1204600F0D8FC0130E1
S214039D0880B2A84200D9002070BD304600F043F860
S214039D1840B1002CF7D0012DF5D9204600F0CCFC35
S214039D280230EDE73046DDF7BBFFEAE7F8B5BDF8E6
S214039D38185010B3967855B9D478A6F14107012F71
S214039D4807D8621ED2B200F0D1FD0020F8BD2C461B
S214039D58F3E7433E012E04D8A21E92B200F0DEFDBE
S214039D68F3E7D27813B90DB1AA4206D811B9E3F7C7
S214039D783BFCEAE7E3F78AFCE7E78920E6E74138AE
S214039D8803288CBF002001207047413801288CBF68
S214039D98002001207047433801288CBF002001208B
S214039DA8704700207047002070470388B3F57C4F40
S214039DB801D3FFF7F8BF0846FFF7F3BF10B54A8885
S214039DC80488A2420DD1037B0C79234009D0B2F54F
S214039DD87C4F08D3FFF7E7FF0B891B1A58425841F5
S214039DE810BD0020FCE70120FAE738B50D88D488B3
S214039DF8A5420AD10388B3F57C4F08D2FFF7D5FFEF
S214039E0813891B1A5842584138BD0020FCE7012025
S214039E18FAE72DE9F04715460446B8B149B1EAB161
S214039E2800264FF0140AB04690F80490F3B299450A
S214039E3801D800240AE027680AFB06773846FFF7A6
S214039E48BDFF013628B13C46A5F800802046BDE88C
S214039E58F0877B8943441FFA83F8E7E71446F5E758
S214039E682DE9F0470E4615460446B8B149B112B374
S214039E7800274FF00C0AB846B0F80890BBB29945CD
S214039E8801D800240AE06368324620460AFB0731F5
S214039E98FFF7ABFF28B10C46A5F800802046BDE8BF
S214039EA8F0870B79013713F0300F02BFCB784344A2
S214039EB81FFA83F8E2E71446F0E72DE9F04186B087
S214039EC80D461446984604AA05AB03A90646DDF7CD
S214039ED8BDFF40B30DB1049B2B6034B3049D0398B8
S214039EE82946FFF762FF2B880746024671883078B3
S214039EF800F050FBD8B1297911F010030BD0EB789A
S214039F082A46CDE900433B4671883078FCF7F5FCD2
S214039F1806B0BDE8F0812A4620460599CDF80080AC
S214039F28FFF704FFF4E78620F2E72046F0E77E20F3
S214039F38EEE71FB51C460023ADF80A20BDF8182027
S214039F488DF80400ADF80610ADF80C2069461A46DD
S214039F5801A800938DF80840FFF7AFFF009804B0F8
S214039F6810BDF0B587B00E4605AB04AA03A9044690
S214039F78DDF76CFF08B3049D03982946FFF715FF22
S214039F882B88074602466188207800F005FBB0B1A7
S214039F98297911F0100108D000963B462A466188B5
S214039FA82078CEF70DF907B0F0BD009101232A46B5
S214039FB831460598FFF7BAFEF5E78620F3E77E20D5
S214039FC8F1E72DE9F041064600254FF01408077916
S214039FD8E8B2874201D800241AE008FB05F0D6F851
S214039FE800C00CEB00043CF8000081421AD132B1E1
S214039FF8802A10D194F90CC0BCF1000F12DAB0F520
S21403A0087C4F05D32046FFF7CEFE834200D04BB9DC
S21403A0182046BDE8F081402A04D194F80CC01CF011
S21403A028400FECD10135D3E70121DDF74BBE08B568
S21403A03813460022DDF774FF003818BF012008BD59
S21403A04808B513464022DDF76BFF003818BF01201A
S21403A05808BD08B513468022DDF762FF003818BF2F
S21403A068012008BD08B540220023DDF759FF003854
S21403A07818BF012008BD08B580220023DDF750FF6E
S21403A088003818BF012008BD0023DDF749BF0021AB
S21403A098DDF7B6BF10B504460121DDF7B1FF20464C
S21403A0A8BDE8104001F068BF7047F8B516461F466E
S21403A0B89DF81820BDF81C300546DDF731FF78B14A
S21403A0C80421DEF71BF8044650B1284600F010FBBF
S21403A0D83A4631462846A047BDE8F84000F0FCBAA1
S21403A0E8F8BD2DE9F74F1E46DDE90C9B0746884663
S21403A0F81446BDF838302AB3B9F1000F22D00EB390
S21403A10892F804A099F80020504612F0080F0CBFE6
S21403A118802240226188DDF703FF98B10821DDF726
S21403A128EDFF054670B1504600F0E2FA3346224684
S21403A13841463846CDE9009BA84703B0BDE8F04F33
S21403A14800F0CABA03B0BDE8F08FF8B5BDF81870CA
S21403A15816461A463B460446DDF7E2FEE0B177B9F3
S21403A1680221DDF7CBFF0546B0B1204600F0C0FA62
S21403A17831462046A847BDE8F84000F0ADBA10219E
S21403A188DDF7BCFF054638B1204600F0B1FA3A467B
S21403A19831462046A847EEE7F8BD73B5BDF8184024
S21403A1A816461A4623460546DDF7BAFEB8B1C4B9BD
S21403A1B82021DDF7A3FF044670B1284600F098FA7D
S21403A1C8099B3146009328469DF820309DF81C20AD
S21403A1D8A047044600F080FA204602B070BD8624E5
S21403A1E8FAE70024F8E72DE9F04186680446007884
S21403A1F800F07EFA002514273279EBB29A4203D888
S21403A208BDE8F04100F068BA7B4332682078D15A3B
S21403A21802EB030800F0C2F901214046DDF76EFFA2
S21403A228034608B1207898470135E5E72DE9F04F4E
S21403A2381C4689B09DF84C30BDF8488001939DF8BC
S21403A2485030924602932246434607460D46DDF7AC
S21403A25867FE8DF814700646ADF816508DF818404C
S21403A268ADF81AA0ADF81C8018B9012009B0BDE8EE
S21403A278F08F05A9FFF7A2FD0028F6D000252F4684
S21403A288A8462C4634E00C231FFA85F903FB09F984
S21403A29831887368B1F57C4F33F8092003EB090B53
S21403A2A81AD333F8090050452CD3019BA3422DD962
S21403A2B800F0BAF99BF80200DEF7CCFB029B43B129
S21403A2C89BF8043013F0010F0CBF05200720DEF7B8
S21403A2D8C1FB0134A4B219E0ADF81A20594630463A
S21403A2E805AA0393FFF781FD039B0028D9D10135FF
S21403A2F83289ABB29A42C6D804EB0800C31B58424D
S21403A3085841B3E708F101081FFA88F80137BFB2C6
S21403A318EDE710B5012488B006949DF83C400594F3
S21403A3289DF8384004949DF8344003949DF83040D3
S21403A33802940B9C0194BDF828400094DEF722F89B
S21403A34808B010BD2DE9F04786B0BDF83880DDF8B3
S21403A3583C909DF840A0CDF80080CDE9019A0446CC
S21403A3680D4616461F4600F013F9B8B1431EDBB276
S21403A378012B10D800230122811E48424841CDE90B
S21403A3880432CDE902A03B46324629462046CDE9AB
S21403A3980089FFF7BEFF06B0BDE8F0870120FAE79D
S21403A3A830B50024012587B0CDE9044503959DF80B
S21403A3B82C5002950A9DCDE90045FFF7AAFF07B082
S21403A3C830BD30B50024012587B0CDE90445039593
S21403A3D89DF828500094CDE901354023FFF799FFEF
S21403A3E807B030BD10B5012486B0CDE90444002477
S21403A3F803949DF828400294099C0194BDF82040D4
S21403A4080094FFF786FF06B010BD1FB5089C03949B
S21403A4189DF81C400294069C019400240094DEF7E1
S21403A428ADF804B010BD70472DE9F84F022907466A
S21403A43888460C9D04D84FF0000A5046BDE8F88FAE
S21403A4481BB10429F7D942F004023A702BB303244C
S21403A4587B701B0ABB70DFF7A7FB4FF000099DF85C
S21403A4682830385504F1020A01343B550B9A5FFA33
S21403A47889F3D45C002CE0D0732C10D82E464C2CD1
S21403A48856F804BB3DD0532C15D0622C45D1AC8866
S21403A49805F1080600231A4616E00124DBE7A4F1B3
S21403A4A87503032BC7D8763C2E1D022C52D8DFE83B
S21403A4B804F0565A58006A6805F1080694B2D2B2F0
S21403A4C8B2F1FF0318BF01230AEB040119448845B8
S21403A4D8B1DB50461946002947D153441FFA83FA7D
S21403A4E85CB1BBF1000FA6D0224607EB0A0059461B
S21403A4F8E3F70AFA54441FFA84FA354609F10109C0
S21403A508B4E74FF6FF736A6805F1080694B2224665
S21403A5189C4214BF02230023D6E76C2C05D1584669
S21403A52800F0CAF8841CA4B2B4E7732C04D15846C6
S21403A53800F0BDF8441CF6E7A4F13003DAB2092AA2
S21403A54801D89CB2A6E7A4F14103062B3FF673AFE6
S21403A558373CE8E7012300242A68A346B4E7022326
S21403A568F9E70323F7E70423F5E700F1010C0139BC
S21403A5783A54C9B2120A1FFA8CF0ACE70020DEF789
S21403A588F1B90022DEF70EBA0023DEF721BA7047C8
S21403A598012070470120704701207047704700204C
S21403A5A8704700207047002070470020704700203F
S21403A5B870470020704770470E207047002070478A
S21403A5C80020704700207047002070477047FF2020
S21403A5D870470E20704784207047704770470020E6
S21403A5E870470020704700207047002070470020FF
S21403A5F87047002070470020704770470E2070474A
S21403A6080020704700207047704700207047704747
S21403A6187047704770470E20704770470020704792
S21403A628812070477047704738B50546C0B2DEF7D5
S21403A63811FA0446280ADEF70DFA14B1002808BFF3
S21403A6480024204638BDF8B50546C0B2DEF702FA40
S21403A6580446C5F30720DEF7FDF90746C5F30740AA
S21403A668DEF7F8F90646280EDEF7F4F924B12FB11B
S21403A67836B1002808BF00242046F8BD3C46FBE751
S21403A6883446F9E710B4CC18944203DC5DF8044B5F
S21403A698FFF721B800205DF8044B70470423FFF743
S21403A6A8F1BF08B50223FFF7EDFF80B208BD0078B7
S21403A6B8FF2808BF0020704708B502220021FFF7CD
S21403A6C8F0FF4FF6FF73984208BF002008BD003816
S21403A6D818BF0120400070470020704708B5FFF7F1
S21403A6E8A3FCFF284FF0FF3018BF0020C0B208BDF8
S21403A6F808B5FFF7F3FFFF280CBF2120002008BD8D
S21403A708F8B506460C4615461F4600F011F810B174
S21403A7182544AC4200D1F8BD3946304614F8012B1F
S21403A728DEF78AFAF5E7014600220220DEF714BAB6
S21403A7380120704737B50546DCF79EFC04460195AD
S21403A7480CB981201CE0237823B12046DCF79CFC57
S21403A7580446F5E72B6862685B889A42F5D1A368D6
S21403A768EA7B99B272B12A8A9142EED16A7DB2EB3C
S21403A778134FEAD10020E36801A998478128E4D05B
S21403A78803B030BD4FF6FF72EEE72DE9F8430446F3
S21403A7980F46904699460BB3012A1FD80C20E3F7B9
S21403A7A829F9064610B91920BDE8F8831020E3F7FF
S21403A7B821F918B93046E3F725F9F4E7012300250C
S21403A7C847EA084770600570C0F80C9044608760D5
S21403A7D833803046DCF748FC2846E5E72120E3E7E4
S21403A7E838B50446436808460D469847B4F9083012
S21403A7F8002B02DB2B78042B06D10023204663604C
S21403A808BDE83840DEF7AABD38BD30B54FF48A55E3
S21403A81887B0ADF816200DF116041A46029543B113
S21403A82800230122CDE90033234600F01EFA07B0C1
S21403A83830BD019401240094F7E7FFF7EBBEFFF75A
S21403A848BDBE0020704708B500F014FB20B900F021
S21403A8585BFB08B9DBF7A6FDFFF7CFFEBDE80840AC
S21403A868FFF7DBBE0020DFF7E1B90021DFF77EBA8A
S21403A8780022DFF73DBA1FB5D2880B4612F0200F29
S21403A8884FF6FD7114BF49245224ADF8061051053E
S21403A89844BF083CE4B2110544BF083CE4B21204C2
S21403A8A844BF023CE4B2032805D8DFE800F0020FF1
S21403A8B8161CADF80630BDF80600FFF788FEFF281D
S21403A8C81CBF241AE4B2204604B010BD02AA0DF138
S21403A8D80601D8B200F08CFAEDE7D8B200F052FAC7
S21403A8E8ADF80600E7E7013CE4B2E4E7F8B5064648
S21403A8F817460D4681B10C78FF2C0BD00846FFF798
S21403A908D6FEB84228BF3846C4B22246691C701C15
S21403A918E2F7BCFE3470F8BD0C46FBE770B5044698
S21403A92815460E4611B94170017070BD0B78FF2BA2
S21403A93805D14B78FF2B02D103704370F5E73046F9
S21403A948FFF7BAFEA84228BF284685B22A46B11C96
S21403A958A01CE2F79BFE25702D0A6570E5E7F0B5A7
S21403A96823B9013A531C2FD1002020E0042AFBD830
S21403A97800231C46551E6E1C1AD1042A10D001212A
S21403A988D200501E01FA00F020421EBF91404942F1
S21403A9980C4318421EBF4FF0FF3101FA02F213436D
S21403A9A89C421EDCB4BF4FF0FF30002040B2F0BD1F
S21403A9B840B1465DEF00BE4034434E5D013DBE40A8
S21403A9C83343D8E70646F5E78C5C38B90346A34213
S21403A9D802F1FF32C6D24FF0FF30E8E7835CA342AA
S21403A9E8F5D90120E3E7283807288CBF0020012083
S21403A9F870471D2810D004D840B11C2804D0552011
S21403AA0870471E380128FAD81A2901E00B390F298E
S21403AA188CBF5520002070470829F9E7002000213D
S21403AA287047F7B59DF820400546082C104619468A
S21403AA389DF8246036D8002213462C44AC4208D12D
S21403AA4806F0FD04382C0ED10096FFF7E7FF03B097
S21403AA58F0BD14F8017D1B0243EA12631202BA180A
S21403AA6843F10003EAE7392E10D107EE100A07EE82
S21403AA78902AB4EEE77AF1EE10FACCBF77EE677A4F
S21403AA8877EEC77A002117EE900AE0E7824273EB67
S21403AA98010403D2801A61EB0301D8E7101A63EBAB
S21403AAA80101D4E700200146D1E738B5C368144648
S21403AAB81944836853F821501AB12846E2F790FCE4
S21403AAC82070284638BD2DE9F3411C4616460DF17D
S21403AAD807029DF82050FFF7E8FF9DF807308046E9
S21403AAE8A34288BF8DF807409DF807700DB1E41B95
S21403AAF8E5B22A4600213046E2F776FD3A46414655
S21403AB087019E2F7C3FD384602B0BDE8F0812DE9B7
S21403AB18F3411D46164601AA9DF82040FCF7E8FFB8
S21403AB28019B80469D4238BF0195019F04B1EC1BEB
S21403AB38224600213046E2F757FD3A464146301989
S21403AB48E2F7A4FDF8B202B0BDE8F08173B50024BD
S21403AB58154601AA1E460194FCF7CAFF019B072B5C
S21403AB680AD92146CCB216B1C4F10704E4B2425C52
S21403AB78013108292A55F5D1D8B202B070BD1FB5E0
S21403AB88030A8DF80E300323009303AB8DF80D00EC
S21403AB9800F0BBF805B05DF804FB1FB58DF80F1081
S21403ABA80421030A8DF80E30009103AB8DF80D00CF
S21403ABB800F0ABF805B05DF804FBF0B589B016688D
S21403ABC89DF83C50CDF809608DF811305668BDF8ED
S21403ABD83830012D109FBDF84440CDF80D60ADF810
S21403ABE812308DF8145014D0032D19D13B68CDF8C4
S21403ABF815307B68CDF819309DF848308DF81D3030
S21403AC0816230093BDF84C2002AB00F07EF809B07B
S21403AC18F0BD8DF81540240A0F238DF81640F0E78B
S21403AC280120F4E71FB50446084611461A460223D0
S21403AC388DF80D100093214603AB00F066F804B0B8
S21403AC4810BD10B514461A460B6886B0CDF80D30FD
S21403AC584B683421CDF811300A23009303AB8DF8E3
S21403AC68154000F052F806B010BD2DE9F041B6B015
S21403AC7814461D4606460F469DF8F080DFF79AFAF7
S21403AC8803AA8DF80C001046330A8DF80F703F0A96
S21403AC988DF80E308DF80D602B468DF810708DF8F4
S21403ACA8114005EB4405AB4202F102021FD16200D4
S21403ACB8D2B2931DDBB23D99D8336B44073203F8FF
S21403ACC8CC8C01EB4805D3B250FA82F2A94202F1C2
S21403ACD8020212D103EB4803009006213046BDF862
S21403ACE8F820DBB2DFF770FA36B0BDE8F08133F848
S21403ACF8021B1171090A5171D5E731F8024B02F8A4
S21403AD08024C240A02F8014CE0E72DE9F0411C4600
S21403AD1805460E4617469DF81880DFF74BFA20704F
S21403AD2843463A46314628460694BDE8F041DFF7DF
S21403AD384BBA002070477047D3F708BD08B5E9F744
S21403AD4899FC002840F6124018BF002008BD70473B
S21403AD5870477047704770477047704700207047C2
S21403AD6870477047002070477047704703F083B8F2
S21403AD78FEF775B8FEF758B803F0F4BBF5F7D8BC7A
S21403AD8803F0E1BBF5F792BCF5F7FABCF5F7B4BCEC
S21403AD98FEF737B9FEF71DB910B49DF804400194C1
S21403ADA85DF8044BFEF710B8FEF764B8FEF771B803
S21403ADB8F1F77CBBF1F780BBEEF7ECBEEEF7F0BE1F
S21403ADC8EAF774BDFEF7B0B8FEF775B8FDF7C0BE70
S21403ADD8FEF798B8FEF784B830B4BDF808409DF877
S21403ADE80C50CDE9024530BCFDF7D1BEFDF76FBF69
S21403ADF8F5F738BEDFF738BAF5F7FEBE70B49DF838
S21403AE080C40BDF810509DF814600394CDE9045621
S21403AE1870BCF2F765BB70B49DF80C40BDF81050D3
S21403AE289DF814600394CDE9045670BCF2F798BBFA
S21403AE38F2F782BC10B49DF8044001945DF8044B05
S21403AE48F2F7D2BB10B49DF8044001945DF8044BA6
S21403AE5802F0D7B802F0D7B8FDF77DBFFDF78DBF70
S21403AE68FEF71AB9FDF79EBFEDF7A6B9EEF7FEB8DB
S21403AE78EEF7D0B8ECF7CABD02F06EBCEDF782BBAE
S21403AE8802F0C4BCEDF70EBDEDF772B8EEF7F4B8F2
S21403AE98EEF770B8EEF78CB8EBF734BCFEF7C6B827
S21403AEA8FEF761B8FEF774B8FEF781B800F036BC53
S21403AEB800F02FBCF4F7F6BBF2F742B9F4F7D0BBB1
S21403AEC8F4F7F6BCF2F70CB9EAF7DCBCF3F796BD71
S21403AED8FFF732BFFBF7B4B8FEF703B9FDF72CBF8D
S21403AEE8FEF731B801F03DBEDFF71CB9EBF7F2B950
S21403AEF8EAF79CBD02F0F9B802F0D0B8EAF7EABD63
S21403AF08EBF738B9EBF762B9EAF758BDDFF726B9B6
S21403AF18DFF738B9DFF710B9EAF7F8BCDFF716B981
S21403AF28F6F7FEBC02F0B8B802F07FB8EAF7F4BC4E
S21403AF38EBF7BAB9EAF74ABD10B4BDF80440019472
S21403AF485DF8044BFDF753BEDFF7B8B9DFF7AAB9C8
S21403AF58F6F786BAF6F7BEBC03F017BC03F01DBCBB
S21403AF68F6F7F6BAF6F7D6BC00F06DB900F0ABB94B
S21403AF7800F0D3B900F0B9BA00F029BB00F092BAD2
S21403AF88DFF7B4BE00F0F0B900F01DBA00F030B831
S21403AF9810B51C4601F009FF06F0EFFA0023C0F3CC
S21403AFA840202370400010BD002208B50B4611460A
S21403AFB8FFF7EEFF023818BF012008BD00207047D0
S21403AFC87047B1FA81F0400970470120704770470F
S21403AFD870470020704770470020704770470E2060
S21403AFE8704701207047704701207047012070475B
S21403AFF814220021E2F7F8BA704770B505460C46E6
S21403B0088AB0252200210DF10300E2F7EDFA6B68FA
S21403B018CDF81D30AB68CDF82130234601AC03F1DB
S21403B0281006224618685968083303C2B342144602
S21403B038F7D101236A7B8DF8023012F0040F0CBF98
S21403B0484FF480734FF4A073110748BF43F480632B
S21403B058ADF80030930748BFBDF80030684644BFD4
S21403B06843F00803ADF80030F1F742FD0AB070BDAF
S21403B07830B5427B0D46D10704468BB007D54078DA
S21403B08801A9F1F79FFDD8B12D200BB030BD93076A
S21403B098FAD5C2F3800310074FEA8313ADF80230DC
S21403B0A844BF43F48063ADF80230BDF80220201D88
S21403B0B80AB10DF1020201A902F0FAFE0028E3D054
S21403B0C801AB03CB9DF81430A1602373BDF8103091
S21403B0D86060590642BF627B42F0040262735A05F7
S21403B0E842BF627B42F0080262731B0742BF637B60
S21403B0F843F0020363732B4606AC0AAD224603CA23
S21403B108AA4218605960144603F10803F6D10020D2
S21403B118BBE7F0B504460D4693B0252200210DF192
S21403B1282300E2F761FA636804F1040CCDF83D30B6
S21403B138A36809AECDF841302B4605F11007324611
S21403B14818685968083303C2BB421646F7D1052365
S21403B1588DF82230637B5B0103F40073ADF820306F
S21403B1686378FF2B1AD1002360461A4601A900F01C
S21403B178D9F99DF80530FF2B0DD1002301A91A46EE
S21403B188184600F0CFF99DF80530FF2B03D11C268F
S21403B198304613B0F0BD9DF8053063700020617823
S21403B1A808AA00F0B4FA06460028F1D1607801A987
S21403B1B800F03EFA2B4603AD2A461868596808334A
S21403B1C803C2BB421546F7D1637B6078DB0648BFEC
S21403B1D89DF81C3001A944BF63F07F038DF81C302B
S21403B1E800F03DFAD4E710B504468AB024220021BD
S21403B1F801A8E2F7F9F9637B590744BF4022ADF883
S21403B20810201A0742BFBDF8102042F48062ADF83A
S21403B2181020DB070FD5607801A9F1F7D3FC10B12E
S21403B2282D200AB010BD01AB03CB637B606043F0EF
S21403B2380203A160637304A9201D02F03BFE0028E5
S21403B248EED00020EDE71FB5694600F066F8002843
S21403B25818BF2D2005B05DF804FB73B50D461446DC
S21403B2680646DFF76BF96B881A071AD52246314666
S21403B278102002F000FE2046DFF760F96B88D90736
S21403B28817D50023224601210DF107008DF8073054
S21403B298DFF726FC6B88002B0CBF2120002002B0AA
S21403B2A870BDDE06EAD522460821281DDFF718FCFE
S21403B2B8E1E79A0701D50223E4E75B07EAD5032308
S21403B2C8E0E70F2070471FB50C46694600F025F8DF
S21403B2D8102221466846E2F7D3FCB0FA80F040090C
S21403B2E804B010BDB8B1B1B14388A3B90378013B24
S21403B2F8082B10D8DFE803F00507090B0F0F0F0F0D
S21403B3080D00DFF7EFBADFF749BBFFF776BEFFF7A7
S21403B31800BFDFF7D7BC2120704738B50D4609B301
S21403B32800B30378013B082B1AD8DFE803F0050DB2
S21403B3381013191919191600DFF70CFB04462846CB
S21403B34802F0B6FF204638BDDFF748FBF6E7FFF7FF
S21403B3588FFEF3E7DFF778FBF0E7DFF7BDFCEDE7F3
S21403B3682124ECE72124EDE770B586B0064601A84C
S21403B3780C461546FFF73CFE04238DF804301CB133
S21403B3882068616802AB03C3294601A88DF80560E7
S21403B398FFF7A8FF06B070BD70B586B0044601A8CF
S21403B3A80D461646FFF724FE0323206861688DF8CA
S21403B3B8043002AB8DF8116003C3294601A8FFF7D2
S21403B3C891FF06B070BD0022FFF7E6BF30B585B023
S21403B3D80D4669460446FFF7A0FF20B92A462146CC
S21403B3E86846FFF73AFF05B030BD30B5437B0446E1
S21403B3F813F001020D468BB007D0407801A9F1F788
S21403B408E1FB70B12D200BB030BD9B07FAD5ADF824
S21403B418022001A90DF10202043002F049FD0028BA
S21403B428F0D000210E22A81CE2F7DEF8BDF8103093
S21403B4382B80039BAB60BDF81230AB819DF81430AC
S21403B448237301AB03CB6060A1600020DBE770B514
S21403B458437B0446DB070E468AB003D42D252846CD
S21403B4680AB070BD6946407800F04DF905460028D5
S21403B478F4D1DDF81D300E226360DDF82130014675
S21403B488A360637BB01C43F002036373E2F7ACF874
S21403B498BDF80030069A43F004033380059BB26078
S21403B4A87360DCE70B4610B50446102200211846E5
S21403B4B8E2F79AF82278032A09D0042A0DD0022A3A
S21403B4C811D101462046BDE81040DFF76BBC0146A4
S21403B4D82046BDE81040FFF788BF01462046BDE872
S21403B4E81040FFF7B4BF262010BDF8B50746084638
S21403B4F80C4616461D46FFF77BFD04232370637B25
S21403B508314643F00103204667706373FFF705FF70
S21403B51808B12D20F8BD29462046FFF7C3FF0028AB
S21403B528F8D0F6E7F8B5054608460C461F4616460D
S21403B538FFF75EFD0423237025B108222946E01889
S21403B548E2F7A4F8637B43F0020363734EB932460B
S21403B5580121284600F0E4F8FF28607007D12D2063
S21403B568F8BD31462046FFF7D8FE0028F7D1637B9F
S21403B57843F0010363730DB90020F1E7002FFBD0F6
S21403B58839462046FFF78EFFF6E7F8B50C4607461A
S21403B598084616461D46FFF72BFD03232046394665
S21403B5A800F8043B0822E2F771F8637B314643F060
S21403B5B8020320466373FFF7B0FE08B12D20F8BDDB
S21403B5C829462046FFF76EFF0028F8D0F6E7F8B5B9
S21403B5D8074608460C4616461D46FFF709FD03238D
S21403B5E82370637B314643F0010320466770637319
S21403B5F8FFF793FE08B12D20F8BD29462046FFF72E
S21403B60851FF0028F8D0F6E718B18022012100F090
S21403B61887B8FF207047002307B51A4619460093D4
S21403B628F3F720F8B0FA80F0400903B05DF804FB9E
S21403B6380B4610B519220446FF211846E1F7D4FF36
S21403B6487E2C01468CBF04F5C43004F583304FF0D6
S21403B6581902BDE8104088BFAD30D3F72DBD7E284C
S21403B66888BF00F5C4304FF0190294BF00F5833045
S21403B678AD30D3F74DBD30B589B00D46FFF7C4FFDF
S21403B688FF2804460DD001A9FFF7D2FF286869688A
S21403B69801AB03C3204601A9FFF7E1FF002009B069
S21403B6A830BD2D20FBE77047704700207047704772
S21403B6B80F20704770479DF8000070470F207047AB
S21403B6C80F207047002070470F20704700207047F0
S21403B6D80020704784B08DE80F00002004B0704740
S21403B6E80020704770477047002070477047002057
S21403B6F87047704700207047012070477047002046
S21403B7087047012070470E207047FF2070470E20B1
S21403B71870470E2070470020704770470E2070470A
S21403B728FF20704770477047002070477047704780
S21403B7387047002070477047002070470020704706
S21403B74800207047704770470020704770470020F6
S21403B75870470020704770470020704710B50024D4
S21403B768E3B210B9C3F10303DBB20134042CCA54A1
S21403B7784FEA1222F4D110BD10B50B784C788A78AC
S21403B788C97828B910462246044608461946034689
S21403B79842EA012043EA042343EA004010BD704707
S21403B7A8DFF7B4BB08B5CEF799F8002814BF862090
S21403B7B8002008BD08B5CEF761FA003818BF012087
S21403B7C808BD08B5CEF71AFA003818BF012008BD19
S21403B7D808B5CEF79FFA003818BF012008BD08B58C
S21403B7E8DFF774FCBDE80840DFF722BC70B50446F3
S21403B7F80D461646DFF76AFC0420DFF70BFC3246D5
S21403B80829462046FFF7DDFF04460220DFF702FC41
S21403B818204670BD08B5DFF759FCBDE80840CEF7EB
S21403B828D1B9DFF78BBFDFF76BBF08B5DFF768FF64
S21403B83820B1BDE808400020E0F7A0B8112008BDF5
S21403B84808B5E0F77DF9E0F783F9E0F78BF9BDE88B
S21403B8580840E0F79BB910B5044622F07042103052
S21403B86860602160A26039B1A26803F07043134395
S21403B878A360029BE36010BDA36843F08043F7E729
S21403B88801234360C36843F02003C360836843F01F
S21403B89800538360704737B515464A6804463AB17D
S21403B8A88C680093096845EA0403FFF7D4FF044647
S21403B8B8204603B030BD2DE9F04FD3B0CDE90123C0
S21403B8C8DDE9608500230390042003ACCDE9050376
S21403B8D807C907AB83E80700214618465D9E04940C
S21403B8E8E0F76CF90746002840F0BA805C9A0AAB82
S21403B8F807CA83E80700494201F00F0900215E9B47
S21403B9085F9A5B6852680D9113445B4203F00F0A13
S21403B918D8F8043012915B420093B368DA0048BF44
S21403B92873684FF0100242BF033323F003037360B8
S21403B938AB68DB0041BF6B68033323F003036B601C
S21403B9485E9BD3F804B05F9B5C680BEB040353441D
S21403B958CDE90E3173685B4203F00F03CDE910138C
S21403B9686B685B4203F00F03CDE9131316AB184657
S21403B9781591E1F739FE5C9A516851B9D8F8041065
S21403B9880C4354EA0B0401BF10229146CDE90B245D
S21403B9980A9011234FF0005204A932A8FFF77BFF41
S21403B9A840F611034FF0005207A9FFF774FF42F65B
S21403B9B811034FF000520299FFF76DFF44F6110387
S21403B9C84FF000520199FFF766FF412300225E9964
S21403B9D8FFF761FF4FEA0A234FF000525F9943F0DF
S21403B9E84103FFF758FF4FEA09234FF0005243F08D
S21403B9F801030AA9FFF74FFF009B4FF000521B02F3
S21403BA0803F47063414643F00103FFF744FF10381D
S21403BA18FFF736FF00230DA91A461AA8FFF73BFFC0
S21403BA28002331461A46FFF736FF002310A91A46A5
S21403BA38FFF731FF002329461A46FFF72CFF00239A
S21403BA4813A91A46FFF727FF002362991A46FFF73A
S21403BA5822FF1038FFF714FF1AA932A8FFF7F0FEE3
S21403BA68384653B0BDE8F08F10B5044608B1E0F782
S21403BA7887F92046BDE81040FCF73ABE10B50446E1
S21403BA88006A10B1616AFFF7EFFF0020C4E90800F7
S21403BA9810BD38B50546FFF7F1FF2B7E0446012B8C
S21403BAA80ED0023B012B0ED8EB69012B18BF6FF0A3
S21403BAB89604282200212846E1F796FD204638BD3D
S21403BAC8EB69002BF2E76FF09604F2E718220021E1
S21403BAD8E1F78ABD70472DE9F84F9846DDE90B492B
S21403BAE80D9B15469A0706460F4623D02A460A9BF9
S21403BAF803EB040A1444A24220D10D9B9B0705D5E9
S21403BB08A2EB050AD14505EB0A0420D82046BDE872
S21403BB18F88F434639462020B0470AF1010ACA453A
S21403BB280AEB0B02F5D3A9EB04024C4588BF0022A7
S21403BB382A44DCE7A246A5EB040BF0E702F1010B67
S21403BB48434639461AF8010DB0475A46D3E74346E3
S21403BB58224639462020B0470AF1010AD2E72DE9E2
S21403BB68F047DDE90D7616F0020F9DF82880DDE92B
S21403BB780854DDE90BCE1FD106F001094FB1B9F120
S21403BB88000F06D0B8F1000F02D116F00C0F00D044
S21403BB98013F4FF0300A04E0202C04D005F804A037
S21403BBA801347445F8D3B9F1000F05D04FF03009C6
S21403BBB8A74201D9202C2DD116F0100F1FD016F44A
S21403BBC8806F2CD15CB3744501D0BC4227D1B4F145
S21403BBD8010E23D0BCF1100F46D1023C16F0200FFD
S21403BBE828D1202C28D04FF0780C05F804C001344F
S21403BBF8202C21D04FF0300C05F804C00134202C3B
S21403BC081AD0B8F1000F23D04FF02D0C05F804C056
S21403BC18013412E005F804900134C9E77446BCF110
S21403BC28100FDBD0BCF1020FE2D1202C04D04FF06A
S21403BC38620CDAE7202C08D12024CDE90A76CDE970
S21403BC480854BDE8F047FFF746BF4FF0580CCCE75B
S21403BC5816F0040F02D04FF02B0CD7E716F0080F98
S21403BC68EBD04FF0200CD1E7BCF1020F7446C1D1DC
S21403BC78DDE72DE9F04391B0189D1A9E1D9F0DB977
S21403BC8827F010077C0500D515B317F0200F14BF4F
S21403BC984FF0410E4FF0610EAC4600250DF120081B
S21403BCA8AEF10A0EBCFBF6F906FB19C95FFA89F46E
S21403BCB8B9F1090F94BF30347444E4B2B44508F8B4
S21403BCC8014B05F10105BCFBF6F401D3202D10D179
S21403BCD81C9C069705941B9CCDE903649DF8644059
S21403BCE8CDE9015408AC0094FFF739FF11B0BDE85D
S21403BCF8F083A446D6E72DE9F04F95B0269ECDE906
S21403BD080A23DDE91E74DDE9229B57EA040308BF0C
S21403BD1826F010067205CDE9080102D557EA040392
S21403BD2837D016F0200F14BF4123612300250DF1E9
S21403BD38300AA3F10A0821464A465B463846E1F725
S21403BD48E7F8D2B2092A94BF303242444F45D2B2FA
S21403BD5874EB0B0405F101050AF8012B01D3202D1A
S21403BD6814D1259B06960593249BDDE90801CDE9A6
S21403BD7803939DF88030CDE901530CAB0093DDE9BE
S21403BD880A23FFF7ECFE15B0BDE8F08F07460C460E
S21403BD98D1E70025E5E708B100F014B8704710B1FD
S21403BDA8D1E900311847704738B5441E14F8015FC7
S21403BDB825B90A2000F006F8284638BD284600F0BC
S21403BDC801F8F3E701460020FCF765BA70477047A9
S21403BDD8E9F76CB9704708B5FCF72EFACDF77EFD80
S21403BDE8BDE80840CFF7B6BE704708B5CEF7E2F809
S21403BDF8FBF785F8BDE80840DFF768B908B5FBF731
S21403BE086EFEDFF7F1FFFBF768FEE0F79BFBE0F754
S21403BE1887FBE0F7FDFABDE80840D3F727B908B56E
S21403BE28D1F702FBFBF757FED1F70AFBD5F730FB32
S21403BE38D5F7D6FBD5F7DEFCBDE80840D5F7FCBB3F
S21403BE4870477047E0F70ABB08B5FCF740FEBDE845
S21403BE580840FCF764BE704707B500220346114640
S21403BE6801200092D4F78EFC03B05DF804FB07B5F7
S21403BE7800920B46027D81898068FDF73CFC0038FA
S21403BE8818BF0120C00103B05DF804FB08B5002005
S21403BE98DBF786FD0020DDF717FB0020D6F752F800
S21403BEA80020D6F73FFB0020D7F768F80020D9F71D
S21403BEB897FB0020DAF702F90020DAF7F7FEBDE869
S21403BEC808400020DAF7E2BF08B50120FDF72AF993
S21403BED8BDE808400120D6F725BB08B50220DBF7E6
S21403BEE853FE0220DAF7ECFF0220DDF7FBFD022003
S21403BEF8FFF799FC0220FDF780FB0220DAF7DEF84D
S21403BF08BDE808400220DBF7DFBA7047FDF795BEA9
S21403BF187047704770477047704770477047704759
S21403BF2810B50446DBF7EAF92046D7F739FB20466F
S21403BF38D8F78CFA2046BDE81040FDF791BBFDF70D
S21403BF48ACBBFDF7B6BBDAF7BBBE704770477047A6
S21403BF58704770477047704770477047704705F0DB
S21403BF68D2BA70477047DAF745BF704770477047CD
S21403BF7870477047704770477047CCF773B8FEF73B
S21403BF8836BB704700207047FEF733BBFEF73DBB52
S21403BF98E2F742BC38B504460D4600F097F850B1B0
S21403BFA829462046E7F7EAFD30B929462046BDE884
S21403BFB83840E2F7F9BB0E2038BD08B5E7F724FC8E
S21403BFC818B1BDE80840E5F79BBF08BD70B516462F
S21403BFD80C4605F060F9314605462046E5F76CFB46
S21403BFE80446284605F052F9204670BD00F032B9DB
S21403BFF870B5044600200E4600F039FBD4F8F0501E
S21403C0083DB1002331462046AC46BDE870401A468B
S21403C01860472B46012231462046E2F745FE28466E
S21403C02870BD38B5044648880D4600F020FBD4F8A2
S21403C038F0302BB929462046BDE83840E2F746BD1E
S21403C048022038BD00F015BB00F03CB9E2F77ABA17
S21403C05800F01BBB70B5BDF81060054606B16BB1A2
S21403C068334428469BB200F073F9044620B91EB140
S21403C0783146284600F0ADF9204670BD2124FBE77B
S21403C088E4F7EEB8C0F8EC1000207047E2F72CBFD0
S21403C098E3F71CB810B4BDF8044001945DF8044BEC
S21403C0A800F09FB80B4610B514461846A168928848
S21403C0B8E1F72AFCE168034631B1A0886288121AC0
S21403C0C892B21844E1F720FC002010BD0346408ACC
S21403C0D818B1188A003818BF012070470846E4F7D5
S21403C0E83BBC00F0D6BA00F0D4BAE4F74DBE084716
S21403C0F808B5E2F76FFAC0B208BD022A01D800F005
S21403C1080CBA21207047022A01D800F017BA21205A
S21403C1187047022A01D800F023BA21207047E3F7B4
S21403C12855BD0846E3F770BD00F033BA00207047E4
S21403C138002070477047D0F8903003F06003402B18
S21403C1480DD0602B03D0203B58425841704749B165
S21403C1580B68012B06D9486940F00100704740F286
S21403C1680110704700207047F7B504461046D4E917
S21403C17852C7DDE908268CEA020587EA0601054068
S21403C188194085EA0C057940C4E95251002523F481
S21403C198004106EA010320F0010043F4007302405D
S21403C1A843F00203CDE90055E6F77CF994F824300A
S21403C1B89A0713D5D4F84C319B050FD54FF488113D
S21403C1C8204600F034FC94F82430024665F3410315
S21403C1D884F8243020460B46E2F7D0F9002003B053
S21403C1E8F0BDF0B587B01C461746BDF830601AB9DF
S21403C1F80024204607B0F0BD002BF9D00029F7D05D
S21403C20801AAE4F72DF80028F2D0BDF80630A219E3
S21403C2189A42BDF80850C4BF9B1B9CB2B54212D9BC
S21403C2280399AD1BADB23144A5420391ADF808504E
S21403C2380DD22A463846E1F767FB0499621B78193C
S21403C248E1F762FBD5E70499761B3144049122464D
S21403C2583846F5E70846E5F7D7B90220E4F78ABD76
S21403C26808B5D0F8E4304BB11A68022A06D993F811
S21403C27825204AB1186AB0FBF2F008BD4FF44662AF
S21403C2884C210020E7F7A8FC0020F6E7D0F8E420C6
S21403C29808B57AB11368022B0CD9536A13F47F4F87
S21403C2A8C3F3072106D0126ADBB253438B42B3FBB0
S21403C2B8F1F006D2002040F67F424C21E7F78CFCCB
S21403C2C8002008BD0346D0F824010860B3F82831D7
S21403C2D800208B80704790F824310C2B14BF90F8FD
S21403C2E82900FF20704738B50C464FF40061054611
S21403C2F8E7F7BAF970B17CB195F81E3173B94FF404
S21403C30880724FF480712846E7F79AF9003818BF09
S21403C318012038BD2202F4E72246F2E70020F8E7B8
S21403C3284FF48071E7F7A0B908B54A024FF40071D5
S21403C338E7F786F9002008BD08B58A024FF480613E
S21403C348E7F77EF9002008BD4FF40071E7F78CB9CC
S21403C3582DE9F041884618F00307064615461946A0
S21403C36833D1B2F5805F30D89A422ED33F2A28D9E4
S21403C378B2FA82F401220120C4F11F03DBB29A4009
S21403C38892B2AA422CBFC4F11904C4F11A04E2B249
S21403C398931DDBB2984080B2A84214D096F8F530C5
S21403C3A8ABB9012096F8243060F3C71386F8243017
S21403C3B84046E3F707FDC6F82080B5823846BDE851
S21403C3C8F0813A46EAE70020ECE72127F6E70E274E
S21403C3D8F4E7084600F02EB9F8B511F00306074649
S21403C3E80D46144621D102B313883F2B1DD9B3FA41
S21403C3F883F3C3F11901C9B2062901D8192B12D040
S21403C408062928BF062101238A1DD2B2934028464F
S21403C418238000F015F923883846FD617B82E3F70D
S21403C428E1FD3046F8BD3146EDE72126F9E738B594
S21403C438148811F003054FEAC4041ED13F2C1CD9F7
S21403C448B4FA84F4C4F11903DBB2052B01D8192C0A
S21403C45811D0052B28BF052301240633DBB204FAC3
S21403C46803F3C3F3CF041480816104820387E3F7DD
S21403C478B9FD284638BD2B46EEE72125F9E710B562
S21403C488144608460121E4F791FF2046BDE810400C
S21403C4980121E4F78BBFF8B504460E46174604F0A9
S21403C4A8FAFE3A46054631462046E5F73DFA04467F
S21403C4B8284604F0EBFE2046F8BD0220704703200A
S21403C4C87047E4F74FBC10B50023E3F79BF8044620
S21403C4D808B9E6F71FFA204610BD70B505460E469E
S21403C4E8144600F0C9F83146284600F04CFA00F026
S21403C4F8C3F8230744BF24F00804A4B221462846F9
S21403C508E2F76EF800224FF400312846E7F798F86A
S21403C518002070BD8021E7F7A7B87FB5531C05AA8E
S21403C528ADF81410029202210022DBB2CDE90021F5
S21403C5381146E7F7A3F807B05DF804FB7FB5531C6D
S21403C54805AAADF81410029204210222DBB2CDE943
S21403C558002100220121E7F791F807B05DF804FBF4
S21403C5681FB5531C029100220821CDE900210122A0
S21403C578DBB21146E7F782F805B05DF804FB10B5A1
S21403C5880446E2F727F801462046BDE81040E2F7DE
S21403C59827B8002914BF21200020704738B5054660
S21403C5A810460C46E3F75CFB65B1D5F8E0304BB1B3
S21403C5B85B693BB12268013204BF6FF00102226057
S21403C5C822681A60002038BD002070472DE9F74F0F
S21403C5D801251C469DF83030064601930368174626
S21403C5E803F0070306339D4005F1FF380B46A1B158
S21403C5F8416804EA080BA5EB0B0A41F000595245BB
S21403C60809EB0B0114D952461846E1F77DF949465A
S21403C6187A1B5A445044E1F777F9019B2BB13C4403
S21403C62848EA050804EA0804F46003B0BDE8F08F96
S21403C6381846F0E74FF03A43022298615A63704768
S21403C6484FF03A4301225A6740F6FF72D9641865D9
S21403C6581A67704737B5002514460095FFF7B6FFE7
S21403C668204603B030BDE3F76DB9002070470020BD
S21403C6787047002070477047704710F0FD0F14BFCF
S21403C6884FF0FF300020C0B27047704700200021EB
S21403C698704708B5E4F7B8FCBDE80840E4F7DCBC27
S21403C6A838B50446FFF7F5FF0546FFF7F2FF431BC9
S21403C6B8A342FAD338BD38B50D460446E4F7A4FCBE
S21403C6C835B1844200D90139204601F0030138BD4B
S21403C6D8844238BF0131F7E708B50121FFF7EBFFBE
S21403C6E8BDE80840E4F7B8BC08B521B19200E1F705
S21403C6F80BF9002008BD2120FCE700F06F43B3F1D7
S21403C708804F02D0B3F1204F02D120F0704070471B
S21403C71800F06043B3F1204F08BF20F08050704705
S21403C7280B0C23F48053B3F5284FF7B50D468FB299
S21403C738064699B216D04AF60103994214D04AF629
S21403C7480203994212D0B1F5204F14BF04240324E0
S21403C758D6F8E0300BB1196851B9D6F8DC3093B97E
S21403C76828680EE00024F3E70124F1E70224EFE744
S21403C778234668463A46E4F7E3FCDDE90003002B64
S21403C788EBD103B0F0BD19680029E9D02346684603
S21403C7983A46E4F7D5FCDDE90003002BE0D1F0E7E1
S21403C7A80204C0F3891307D56FEA83536FEA9353DA
S21403C7B813F5007F18B206D0A3F1C8006FF4FF7311
S21403C7C89842B8BF184670474FF0384359699A6974
S21403C7D803F500530A405A6170470E207047E6F780
S21403C7E8A9BAE6F7A7BAE6F7A5BAE6F7A3BA08B565
S21403C7F80846E6F791FE08BDE6F79CBA022070479E
S21403C80802207047002070470120704700207047B9
S21403C8180E20704700207047E3F7FCB80846114619
S21403C828012200F086B870B505460C4611461A462E
S21403C838E6F7A8FF06682B462046B446BDE87040D0
S21403C848604710B5E6F79EFFBDE8104083681847B3
S21403C858FFF739BEE2F7E8BFFFF79CBBE2F7E6BC93
S21403C86870B504460D4616464FF4881100F0F4F8E2
S21403C878324629462046BDE87040E3F701BA7047BA
S21403C888431E012B03D9031F584258417047012002
S21403C8987047FFF7EABE4FF4D4720021E0F7A4BE50
S21403C8A870B50446E2F75AFD0546A8B9A169F1B181
S21403C8B8238AD3B1204604F11002FFF7B8FD38BB2C
S21403C8C8E16919B3638AA3B1204604F11202FFF79C
S21403C8D883FD78B1054603E00023A3612361E36182
S21403C8E8002328466361236270BDA061E8E72082BF
S21403C8F8E6E7E361216A0029F2D0A28A002AEFD08C
S21403C9082046E38ABDE87040FFF722BD6182F1E75F
S21403C9186582E561DEE711B9D0F8DC1021B1CB6892
S21403C92813B18B68D88970474FF6FF707047E1F7E5
S21403C93837BE10B50C461146E1F758FEE3F76AF81A
S21403C948012801D1002010BD002CF7D10520FAE7F5
S21403C958FFF786BCFFF79ABC70B500232425D0F8EA
S21403C968DC00C4689C4201D1212070BD826805FBA7
S21403C9780322D6898E4202D8128A8A4201D201330A
S21403C988F0E70020F1E7F8B506460D46E6F75CFF44
S21403C998D8B94FF6FF734FF0240CEF68C1B28F4235
S21403C9A808D81C4621463046E7F7E8F8FFF763FE43
S21403C9B82046F8BDAA680CFB0122D4899C4202D201
S21403C9C8002CEFD023460130E8E70024F0E7808DFB
S21403C9D870470A7838B505461046FFF751FF60B129
S21403C9E84C782046FFF74CFF38B12243530704D44C
S21403C9F82846BDE83840E2F731B8212038BD10B5DF
S21403CA0804460878FFF73CFF58B14A781046FFF704
S21403CA1837FF30B1042A04D02046BDE81040E2F7B9
S21403CA283BB8212010BDFFF79FBBE2F761BB38B5C3
S21403CA3805460C4604F02FFCD5F88C301C40D5F878
S21403CA4888302343C5F8883004F020FC211E18BF1D
S21403CA5801210020490238BD38B504460D4604F0C6
S21403CA681AFCD4F88C301D40D4F8883023EA050520
S21403CA78C4F8885004F00AFC284638BD38B504467E
S21403CA880D464FF48811FFF7E7FF29462046BDE811
S21403CA983840E3F715B973B50D7806460C4635B333
S21403CAA804238DF804302379304601A98DF8053020
S21403CAB8FFF7A5FF0546B8B92278A37952BB8DF8C8
S21403CAC80430E379304601A98DF80530FFF781FF76
S21403CAD8054648B923783BB161883046E2F7CAF978
S21403CAE801213046FFF7FFFB284602B070BD2946F2
S21403CAF8FFF7F9FB29463046FFF716FC294630466A
S21403CB08FFF71AFC2378002BCAD123798DF8043053
S21403CB186379C9E702228DF80420D3E7FFF704BC3C
S21403CB28FFF712BC00207047704710B50446E7F7B6
S21403CB38B5F821460020E7F713FFBDE810400020AC
S21403CB4800F03EB970470120704708B5E8F736FD90
S21403CB5880F00100C0B208BD4FF0FF30FFF7C1BA3E
S21403CB6870470020704710B50C4604F0AFF80480F1
S21403CB7810BD38B50C46154604F0A8F803881DB151
S21403CB881C43A1B2018038BD23EA040189B2F9E740
S21403CB9808B504F09BF8008808BD08B504F096F8B5
S21403CBA8C07808BD08B504F091F8008800F00C00BA
S21403CBB808BD08B504F08AF8008800F00C00031FC7
S21403CBC85842584108BD38B5054604F07FF8044670
S21403CBD82846FFF7EEFF30B904F1100004F0CDFC49
S21403CBE800F4406038BD4FF40060FBE738B50546EF
S21403CBF804F06CF804462846FFF7DBFF014648B9FD
S21403CC0810342046042203F0A1FF2044BDE8384030
S21403CC1804F0B3BCA08838BD10B50C4604F056F82B
S21403CC28848010BD38B5054604F050F804462846F7
S21403CC38FFF7BFFF014608B1201D38BD1034042294
S21403CC48204603F083FF2044F7E738B5054604F08B
S21403CC583DF804462846FFF7ACFF30B904F1100048
S21403CC6804F08BFC00F4404038BD4FF40060FBE74B
S21403CC7838B5054604F02AF804462846FFF799FF10
S21403CC88014648B910342046062203F05FFF2044C5
S21403CC98BDE8384004F071BCA08838BD38B50546F1
S21403CCA804F014F804462846FFF783FF014608B144
S21403CCB8201D38BD10340622204603F047FF2044C3
S21403CCC8F7E708B504F002F8007A08BD08B503F0DC
S21403CCD8FDFF90F9090008BD08B503F0F7FF807A51
S21403CCE808BD08B503F0F2FFC06808BD10B50C46CA
S21403CCF803F0ECFF047210BD10B50C4603F0E6FF14
S21403CD08447210BD10B50C4603F0E0FFC46010BDB6
S21403CD182DE9F8430F468046002107F11000164612
S21403CD28994604F047F80446D0B103F0CFFF05460A
S21403CD38204603F0E7FF002102462846E0F754FCA6
S21403CD4800232046AB7049F00401FFF70CFFA5F853
S21403CD5804802EB13A46314605F11000E0F7D4FDBB
S21403CD682046BDE8F883F8B505460F46102000218F
S21403CD7804F020F80446B0B103F0A8FF06462046A0
S21403CD8803F0C0FF002102463046E0F72DFC0023DF
S21403CD9839462046B370FFF7E6FE25B12A46012139
S21403CDA8204603F0DFFF2046F8BD08B503F08EFFE4
S21403CDB8103008BD08B503F0A5FF1038C0B208BD8B
S21403CDC80020E7F7F5BC08B5E7F750FF002008BDD5
S21403CDD84088C0F30C0003308008400004307047D6
S21403CDE870B50E4605461146304603F0E3FF044683
S21403CDF835B128B103F06AFF32462946E0F746FC08
S21403CE08204670BD0088B0FA80F04009704738B5F0
S21403CE1805880022044604F01EFC05B1258038BDAB
S21403CE28F8B507460D4600880021164603F086FF28
S21403CE38B042044605D129463846BDE8F840FFF710
S21403CE48E6BF0021204603F079FFB04205D020460E
S21403CE58002103F073FF0446F3E72A462046002121
S21403CE6803F080FF32462846BDE8F840002103F069
S21403CE7879BF38B5044638B1002104F0E6FB002331
S21403CE8801465D1C09B998B238BD204604F001FC7A
S21403CE982B460146F5E7F8B5058807467DB1CCB2BB
S21403CEA82146284603F04AFF8542064609D1002351
S21403CEB83B8000222146304603F054FF3546284679
S21403CEC8F8BD214603F03AFF21460246284603F0FA
S21403CED849FFEEE72DE9F047078882468846144659
S21403CEE85FB3384603F00EFF3D460646E4B22146D6
S21403CEF8284603F023FF4045814616D1214603F012
S21403CF081DFF21460246284603F02CFF474504D159
S21403CF18454508BF0025AAF800500022214640468A
S21403CF2803F020FF3046BDE8F0878742FAD003F0C7
S21403CF38E9FE30444D4686B2D9E73E46F2E700227C
S21403CF480123C0E900237047F8B5044601270026E5
S21403CF5804F0AEF923683BB904F0A5F90022636828
S21403CF68012B0ED16360F8BD1D691F61266004F0AE
S21403CF789AF9012DF2D02B462D691E61012DFAD19F
S21403CF88E6E719691A610B46EAE7036823B94068B6
S21403CF98012803D0E8F7B2BB002070474FF0FF30F4
S21403CFA87047F8B5054604F003FA0123064600273A
S21403CFB8A8602B7304F07CF92B6802467BB11C69C6
S21403CFC82169A1420CBF2F6019612761104604F03E
S21403CFD86AF9012C08D0204663689847EAE76C6824
S21403CFE8012C04D104F05FF900232B73F8BD6169A3
S21403CFF8711AB1F1004FF5D8216969602361E5E735
S21403D008704702207047022070470020704701448B
S21403D018884201D10120704710F8013B9342F7D0AC
S21403D028002070470821FDF789BE70B501460646FD
S21403D03892B00020E7F75EF8044670B9FDF779FE6C
S21403D048054601466A462046E7F7A8FB6A46294688
S21403D05820468DF80260E7F757FE204612B070BDEB
S21403D06800B593B0FDF765FE6A4601460020E7F76C
S21403D07895FB9DF9020013B05DF804FB00B593B069
S21403D088FDF757FE6A4601460020E7F787FB9DF83B
S21403D098000013B05DF804FBE7F744BB01207047B4
S21403D0A87FB54FF6FF7101AAE8F704FE20B1BDF875
S21403D0B80C0007B05DF804FB4FF6FF70F9E708B5F8
S21403D0C804F026FB003818BF012008BD08B5104633
S21403D0D8E9F7C4FEBDE80840E9F77EBF7047704726
S21403D0E870477047704770477047002100B593B084
S21403D0F86A460846E7F752FBBDF8060013B05DF824
S21403D10804FB002110B592B004466A460846E7F7C2
S21403D11845FB00216A460846ADF80640E7F7F4FDE6
S21403D12812B010BD002100B593B06A460846E7F76B
S21403D13835FBBDF8040013B05DF804FB002110B5F9
S21403D14892B004466A460846E7F728FB00216A4673
S21403D1580846ADF80440E7F7D7FD12B010BD704790
S21403D16873B50646E9F7CCF804463046ECF74AF8B2
S21403D1782246034600213046F7F764FE0546D0B13B
S21403D188FFF713FE0446284603F0A0FD0023E21D1E
S21403D198121A294608200093D2B2FBF777FD013806
S21403D1A8C0B2012807D801222946304602B0BDE896
S21403D1B87040E9F7DBB802B070BD134610B50A46EF
S21403D1C800210446F7F718FE014628B12046BDE8B5
S21403D1D810400222E9F7CAB8012010BD07B500932C
S21403D1E813460A460021F7F781FD28B1002103B04C
S21403D1F85DF804EBF5F72CBB012003B05DF804FBE0
S21403D2082DE9F04F87B00C4691460746FFF7CAFC50
S21403D2180546661C304604F0B0F9042D40F09080AD
S21403D2283846FFF7C2FD0378092203F00303012BF0
S21403D23814BF0223032301212046039303F086FC2D
S21403D248092200210546204603F080FC21788DF844
S21403D258170001390022204689B2FFF7C1FD04EB07
S21403D26809088346F0B14FF0010A2A460146CDF86D
S21403D27800A003980DF11703FBF708FD02280546DF
S21403D28826D1584603F03EFD00222070C0B2431E46
S21403D29800929BB252465946304604F073FA2378F6
S21403D2A8534423703846FFF773FC020424D498F8D3
S21403D2B8013021789B071FD50139A1EB09013A46AE
S21403D2C84046C9B2EDF7BAFD23781844207013E038
S21403D2D820B92070284607B0BDE8F08F032809D187
S21403D2E8404604F04AF920F4007189B2404604F037
S21403D2F846F9D7E70428D5D1012500222046217808
S21403D308FFF76EFD07460028E4D04FF000080146F5
S21403D318434601224046CDF80080FBF7B7FC0228B7
S21403D32819D1384603F0EEFCC2B2013A207093B224
S21403D338394601223046CDF8008004F023FAC9E7BF
S21403D34880F0800520F0800081B23046C5F3C01512
S21403D35804F015F9D1E70028BCD12070BAE708B560
S21403D3680020FFF7F2FB80F00100C0B208BD0A46B2
S21403D37808B501460020E8F7F9FFB0FA80F040093F
S21403D38808BD0020E7F7F4BD00210846E7F798BA7A
S21403D3980020FFF7D8BB70B5044604F0EEF8042265
S21403D3A800210646204603F0D1FB204404F0E5F8A6
S21403D3B8032205460021204603F0C8FB204404F058
S21403D3C8DCF84FF6FF730540ADB29D4214D1F30760
S21403D3D812D506220021204603F0B8FB204404F0A9
S21403D3E8CCF80446E9F734F8844214BF022406242A
S21403D3F8E9F728F8204070BD2046FBF75FFEC40017
S21403D408E4B2F5E708B5FFF7C6FF003818BF0120F2
S21403D41808BD0120704710B50446FEF798F908B909
S21403D428FEF797F903050FD40C231B2B01D1002015
S21403D43809E020FA03F1C90703F1010206D5DBB2B6
S21403D448E31A5842584110BD0B23F9E71346ECE795
S21403D45810B50C46098819B90846F7F7ADFC2080BD
S21403D468012010BD08B510461A4600F0B8FABDE804
S21403D478084004F020B870B504460D46164692B028
S21403D4886A46E7F78BF96A46294620468DF81F60F1
S21403D498E7F73AFC12B070BD10B50C46E9F7B4FBD3
S21403D4A82046BDE81040E9F7C5BA0129F8B5054690
S21403D4B80C461DD003291ED0052920D0072922D0C3
S21403D4C80026002400270120E7F7ACF830448542FD
S21403D4D81DDA0320E7F7A6F82044854219DA052063
S21403D4E8E7F7A0F838448542B4BF07200520F8BDFF
S21403D4F86FF00406E5E76FF004040526E2E7002666
S21403D5086FF00407DFE7002405272646DBE701203C
S21403D518EDE70320EBE738B5054600242046E7F792
S21403D52881F80134A842E4B202D9062CF6D10724BE
S21403D538204638BD38B14379490023F00C0301F07F
S21403D5480C010B434371704710B5044678B1417913
S21403D5584088490801F006010131000AFFF7A5FFD4
S21403D568024601462046FFF7E5FF104610BD072290
S21403D578FBE738B50D46E9F735FB044608B900203E
S21403D58838BDFFF7E1FF002DFAD1237913F007031F
S21403D598F5D0984238BF1846C0B2F1E7037923F0AE
S21403D5A80703194301717047037903F00F0343EA2E
S21403D5B80113037170470022E9F7B8BE0021012260
S21403D5C808B5E9F7B3FE401A18BF012008BD38B5F9
S21403D5D81546FFF7F0FF0446284604F0AFF884B173
S21403D5E8FF2804D0626822FA00F3DB0701D501207E
S21403D5F838BD0123834013436360E3780133E37044
S21403D608F5E72046F4E7EAF7FBB810B503F05EFB48
S21403D61800F11004204603F0B0FF20F4007189B22D
S21403D6282046BDE8104003F0AABF2DE9FF41154682
S21403D638019101218DF80D301B0A8DF80E309DF8E7
S21403D6482C308DF80C008DF80F30284604230091F3
S21403D65803AA9DF828809DF830709DF8346001F081
S21403D668D8FC044670B12946FFF7D6FAB8F1000F7E
S21403D67802D12046FFF7C9FF2FB146B931462046E7
S21403D688F5F7E6F80024204604B0BDE8F08100224A
S21403D69820461146EAF73AF8F4E74FF47A70EAF7C1
S21403D6A88FB9F0B5064687B010461C460F46154692
S21403D6B8FFF77BFB9DF83030184443789CB16178BC
S21403D6C8012211F0020F0CBF032100210020CDE92F
S21403D6D80142CDE903100722394630460095EAF79A
S21403D6E80BFA07B0F0BD22462146EFE708B5E8F780
S21403D6F819F8BDE808400020EAF73ABC00B58BB035
S21403D7086846EAF739F9009BBDF8060004A90693AC
S21403D718EAF7D8F80BB05DF804FB1FB5044668466D
S21403D728EAF72AF902AB03CB2060616004B010BDA8
S21403D7381FB5062304468DF80C30EAF7A9FD002327
S21403D7488DF80D00CDE9003301210223204603AAF4
S21403D75801F05FFC04B010BD70B50C460546012009
S21403D768EBF78AFC237B4BB1FFF7BFFC0146234646
S21403D7782A46BDE870400120EBF738B84FF6FE712D
S21403D788F5E7F8B50E460746FFF70FFB054603F021
S21403D798F4FE00F44040B0F5404F14BF00220622C2
S21403D7A802F10A03EB5C0B325C0004F00E045B0820
S21403D7B8144403F0380338461C44FFF7FBFA844244
S21403D7C808D2001BC2B20F2A28BF0F2230462919D7
S21403D7D8E0F79AF82046F8BD40F62740ECF77EBBFC
S21403D7E813B5F5F7D7FA6946044600F0E1FF58B1D2
S21403D7F8FFF77BFC40B1E8F789F828B1002302223B
S21403D80869462046F2F786FE02B010BDFF224FF6A1
S21403D818FF71ECF7AFBD07B500210DF10700ECF774
S21403D82837FF9DF8070003B05DF804FB13B50446FD
S21403D83801A90020ECF72CFF019A01462046ECF7D5
S21403D8483DFF204602B010BDF0B50F46002187B055
S21403D858044608461646ECF71BFF012305460DF15A
S21403D8680A008DF808408DF80930FFF756FF092C93
S21403D8781DD131460DF1120003F081FE05AB0021E0
S21403D88802AA9B1A2846CDE90011DBB2642101F0EF
S21403D898C0FB0546E0B1092C15D1ECF759FF044641
S21403D8A888B12846ECF768FF204607B0F0BD314636
S21403D8B80DF113008DF812704FF6FF7503F05FFE37
S21403D8C80DF11503DBE7284600F02EF80446EBE7D0
S21403D8D80446E9E77FB50D461646ADF80E0003F095
S21403D8E811FA841BE4B2BDF80E20631B9BB21046E4
S21403D8F829460093731901F0C0FA21460DF10E006C
S21403D90801F093FA04B070BD38B504460D4603F02B
S21403D91832FF40B1AC4206D0204603F0F7FBBDE821
S21403D928384000F0DBBF38BD10B50446FFF73DFAB4
S21403D938023003F022FE4FF6F7739842204603D9C7
S21403D948BDE81040EDF79AB8EDF7E4F8B0FA80F0C2
S21403D958400910BD0022ECF7B5BF70B50546FFF7C2
S21403D96824FA0646284601F078FB01462846F7F7C8
S21403D978D5FE04462846FFF739F94FF6F77398425B
S21403D98808D8337803F00303012B05D1A31E5842A6
S21403D998584170BD0120FCE70020FAE741F2033343
S21403D9A830B585B00D46ADF808300446FFF79DFB45
S21403D9B88DF80A00FFF799FB0021000A8DF80B0083
S21403D9C805232046CDE9001102AA8DF80C5001F074
S21403D9D820FB10B12146FFF7BDFF05B030BD2DE98A
S21403D9E8F041044617460D46E1B13F294FF00006BD
S21403D9F800D135462046FFF7D5F8082814D101216B
S21403DA08204603F09BF9064603F07CF904463046A5
S21403DA1803F05CF93B4601462A46E0B2BDE8F0410E
S21403DA28FDF73EBA0126E5E72046FFF7BBF80246B0
S21403DA3830B9BDE8F0414FF6FF71012003F066BD2B
S21403DA482046FFF7C0F8B0F5006F0ED12046FFF763
S21403DA58CDF84FF6FF739842014617D0002D0CBF3A
S21403DA6803200520002203F051FD29462046E9F746
S21403DA7805FF68B929462046EEF7E0FC40B932466A
S21403DA8829462046BDE8F041EDF700BB0120E9E74B
S21403DA98BDE8F08137B54FF6F675FDF74DF9431E29
S21403DAA89BB2AB420446F8D8E9F79CF80028F4D1B1
S21403DAB869462046E8F78AFB0028EED0204600F0A1
S21403DAC8DCFF0028E9D12046FFF778FD0028E4D1DB
S21403DAD82046EEF727FD0028DFD1204603F04BFE4D
S21403DAE80028DAD12046FDF73DF90028D5D120468F
S21403DAF803B030BD73B504460E46EEF713FD054670
S21403DB0888B92046EEF768FD21462B460D224FF6C8
S21403DB18FD70009500F056F83146204602B0BDE881
S21403DB287040EEF71BBD02B070BD37B50546144608
S21403DB380C2914D8DFE801F02C132C13131307133E
S21403DB481313132424006946E8F740FB18B9012188
S21403DB586846F3F7C1F841202946F8F785FAD4B1A1
S21403DB682046FFF722F9023003F007FD4FF6F77356
S21403DB78984210D9204603B0BDE83040EDF796B971
S21403DB8840F6144040F613430B2908BF1846E3E74C
S21403DB98F6F78CFCE3E703B030BD1FB5034608462B
S21403DBA803218DF80D308DF80C1001230021ADF8F4
S21403DBB80E20CDE9003103AA042301F02AFA05B0A2
S21403DBC85DF804FB2DE9F34106460F4614461D4649
S21403DBD89DF82080FFF789FAB04207D10022214634
S21403DBE8384602B0BDE8F041FFF79FBF3A463146D4
S21403DBF82046FFF7D2FFADF8060060B10D2C05D11D
S21403DC0800224FF6FF71282003F080FC35B9BDF8D3
S21403DC180600FFF789FE02B0BDE8F08101234246FD
S21403DC2829460DF10600E7F7D1FCBDF80630002BB0
S21403DC38EDD1F0E7F7B50C460546FFF7B6F8611CD5
S21403DC4806462846F7F76AFDA11C0746284601F04C
S21403DC5827F9014604463846FDF7BAF80D2F34D19E
S21403DC682046EEF75FFC78B1301D03F086FC0446C9
S21403DC782846F679FEF7FCFF31460246204603B0EF
S21403DC88BDE8F040FFF7A3BCB01C03F076FC4FF6E4
S21403DC98F773984202D92846EDF708F92046EEF7B7
S21403DCA89BFCFFF722FAA04205D1002003B0BDE88B
S21403DCB8F040EEF7D5BC6B46B068F16803C3694617
S21403DCC82046EEF74BFC03B0F0BD2A4639462046FD
S21403DCD803B0BDE8F040FFF728BF14220021DFF7A2
S21403DCE883BC2DE9F04F11F00F0704460E46154680
S21403DCF88FB05CD10120DCF7C9FF09A8FDF778F9D6
S21403DD08092309A88DF82430FDF776F909A8DCF766
S21403DD188FFF01A909A8FDF700FB26F00F08A84402
S21403DD2804F1100904F10F0A454511D1236901A925
S21403DD383344236109A8FDF7D5FA0020DCF7A6FFCC
S21403DD48B6F1005F28BF272738460FB0BDE8F08F27
S21403DD5805AA234696469446186859680833ACE8D5
S21403DD6803004B456246F6D12B46224605F1100BB7
S21403DD7853F8041B5B4542F8041BF9D1714609A8FE
S21403DD88FDF7B0FA09A8DCF753FF2246214601201F
S21403DD98DCF738FF013D631E13F8012F15F8011F42
S21403DDA8534582EA01021A70F6D15D46BCE702279C
S21403DDB8CAE7F0B5174685B005460C46102200217B
S21403DDC86846DFF711FCBFB3C4B30F2C04F00F0685
S21403DDD808D924F00F043A4621462846FFF781FF60
S21403DDE840BB2744324639466846DFF78DFD802216
S21403DDF82F6906F1100337446B44B7F5005F03F841
S21403DE08102C2F61C6F110061AD3062E1FDDFB0051
S21403DE181A0E8DF80A201A0C5BBA8DF80B20ADF88B
S21403DE280C306A4610212846FFF75BFF00202B6953
S21403DE38103B2B6105B0F0BD3E46D8E72646D6E72D
S21403DE48022E04DDFB005BBAADF80E30E9E76A463E
S21403DE5810212846FFF745FF2B691022A3F110046B
S21403DE68002168462C61DFF7BFFBB7F5005F4FEA72
S21403DE78C403CDD2E7E770B50E46054686B001A8BB
S21403DE881446FFF72AFF3246294601A8FFF791FFF3
S21403DE982246054601AB05AE1C4603CCB4421060C9
S21403DEA85160234602F10802F6D1284606B070BD33
S21403DEB8EEF774BC0A460021EEF770BCF0B58BB0DB
S21403DEC80C4601A9EEF76AFC054680B32522002115
S21403DED8E01CDFF789FB0123A3700E23BDF810703F
S21403DEE82380FA0510D523464FF4877206AE23F827
S21403DEF8042B0DF1280C324603CA62451860596094
S21403DF08164603F10803F6D13B0605D5238843F0E6
S21403DF1880032380069B636001AB03CB039BC4F893
S21403DF281D00C4F82110A361EFF744FF606128467B
S21403DF380BB0F0BD30B505460C4687B001A8FDF713
S21403DF4857F82868696802AB03C39DF8113043F095
S21403DF5802028DF8112074B12288510644BF43F09B
S21403DF6806038DF81130530542BF9DF8113043F070
S21403DF7808038DF8113001A8FDF735F9B0FA80F0DB
S21403DF88400907B030BD70B58AB00D46002201A916
S21403DF980446EEF703FC88B1204604A9FFF7CAFF38
S21403DFA860B1BDF81060FFF7A0F838B9720601D55E
S21403DFB8730503D529462046FCF776FF0AB070BDDD
S21403DFC82DE9F3410F460546164602F09BFE4FF031
S21403DFD80008C41BE4B2294623463A463046CDF821
S21403DFE8008003F0CFFB0121284602F0A7FE88B184
S21403DFF80121284602F0A2FE074602F083FE0546E4
S21403E008C3B2424630193946CDF8008003F0BAFB4E
S21403E0182544ECB2204602B0BDE8F0812DE9F04F66
S21403E02885B00C46054691461F464FF0010ADDF8B3
S21403E03838809DF83CB002F065FE22463B462946EA
S21403E0480646CDF800A0484603F09CFB51462846F2
S21403E05802F074FE3C4418B35146284602F06EFE9E
S21403E068F6B2B442814610DAE7B2F31BDBB2404697
S21403E07822462946CDF800A003935F4403F082FBAB
S21403E088039BBF1B984407F0FF0B012300220E9344
S21403E09849465B46404605B0BDE8F04F03F072BB01
S21403E0A85B4622462946CDF838A0F3E72DE9F0412A
S21403E0B8002686B0074608460C4615469846CDE918
S21403E0C8026604968DF8146002F01CFE411BCBB260
S21403E0D80D2B28BF0D232A462146009602A803F0D7
S21403E0E851FB424602A93846EEF7D2FD06462946B4
S21403E0F820469DF80820F7F725FB304606B0BDE80E
S21403E108F0812DE9F04F0E46CBB0012105461746A0
S21403E1181C4602F013FE23463A462946814606A8BD
S21403E128FFF7C4FF0DF1280A00EB070B52463146EA
S21403E13828465FFA8BFBFFF743FFB34503D200205D
S21403E1484BB0BDE8F08FABEB06085FFA88F808F12A
S21403E15804039842F3DB331F18440423C4B2019321
S21403E168A31BDBB20093524643460021CDF808A012
S21403E17806A8DCF7FBFC0028E1D1A4EB0B040AEBAA
S21403E1880803E4B2524628463146009301944346B0
S21403E198FFF744FF39462846F7F7C0FA394600F032
S21403E1A8F8022846F7F7CEFA0121284602F0C6FDFC
S21403E1B8002818BF4D462846ADF8165002F0A2FDB3
S21403E1C8011FC9B20DF1160000F02FFE0120B7E7B4
S21403E1D82DE9D841064600F040FF411C044689B2A3
S21403E1E8304600F00DFF98B394B321463046F7F750
S21403E1F895FA00F00C03042B074629D000F0030811
S21403E208B8F1020F00D11BBB384600F0AFFF3B0640
S21403E2180444A4B216D5611C304689B200F0F0FE59
S21403E228B0B121463046F7F779FAB8F1010F01463F
S21403E23800F003030CD0032B0AD0384600F0A5FFE2
S21403E24803199CB221463046BDE8D84100F0D8BE33
S21403E2580020BDE8D881F8B5064600F0C0FE05469E
S21403E26804463046FEF7A1FD43785B0718D5AC1C79
S21403E278A4B22146304600F0C3FEB8B1294630465C
S21403E288F7F74CFA0746691C304689B2F7F746FA99
S21403E2981FB1874201D8FF2808D104EB4704A4B26C
S21403E2A821463046BDE8F84000F0AABE0020F8BD77
S21403E2B813B5044601A8EEF743FFBDF80430DA07A2
S21403E2C810D49B0707D410220021204602B0BDE8CD
S21403E2D81040DFF789B9224621461020FFF7CBFD09
S21403E2E80028F0D102B010BD024608B5EEF750FF7D
S21403E2F8510544BF0838C0B2130544BF0838C0B236
S21403E30808BDF0B5D30705460C468BB04AD500883A
S21403E31800F0A3FE00230646029314B9CDE903448E
S21403E32803AC002208212046FEF771FEA8B1288810
S21403E338FEF73BFD023003F020F921460746E7F7D0
S21403E34845FF50B1002240231146384600F01DFA17
S21403E35840F6094528460BB0F0BD31462888F7F73E
S21403E368DDF910F0030F0CBF01260026EEF75AFA64
S21403E37846EA4000C0B200900021204602AB05AA38
S21403E388F0F770F90546EEF74DFA0028E2D0002DAF
S21403E398E0D000212046009602AB05AAF0F762F902
S21403E3A80546D7E740F60A45D4E700231A46F0F7AA
S21403E3B8B3B830B58BB005AD04462846FCF718FE4F
S21403E3C80223284601A98DF81430FCF7A6FF234636
S21403E3D801AA144603CCAC4218605960224603F1DE
S21403E3E80803F6D10BB030BD08B50023024619461C
S21403E3F81846F0F791F8012008BD37B50446684675
S21403E408F0F702F9054648B1082221466846DFF7C1
S21403E41837FCB0FA80F0400903B030BDFF2208216C
S21403E4282046FEF7F4FD034628B106212846FFF7E3
S21403E438BCFF0120F0E722460146F0F76DF8F8E73F
S21403E44807B56846F0F7E0F810B16846FDF7E3F855
S21403E45800F0010003B05DF804FB0120F0F70EBEE0
S21403E468704737B504460846FEF7DCFB0546FEF755
S21403E4783CFE00230146009322462B460120F6F76E
S21403E48839F903B030BD30B50124054689B003A871
S21403E498FCF7AEFD01A88DF80C40DCF727FC9DF8C9
S21403E4A806209DF80730AA4209D0AB4209D103A833
S21403E4B88DF80D40DCF7BCFB012009B030BD002405
S21403E4C8F5E70020F9E700221021FEF7A0BD7FB587
S21403E4D80D4600F582300D22694600F58070D0F7A8
S21403E4E8EBFD6B462A4602AE1C4603CCB4421060CC
S21403E4F85160234602F10802F6D12068106023799A
S21403E508137100236B7304B070BDF0B585B06A460B
S21403E51805460B46164601F1080714461868596857
S21403E528083303C4BB422246F7D118680D2220607D
S21403E5381B7905F582303146237100F58070D0F7D4
S21403E548E7FD05B0F0BD38B504460D46DBF792FE89
S21403E558A04205D920462946FFF7B9FF002038BD53
S21403E5682820FCE730B5002485B08DF80040DBF79B
S21403E57881FEE5B2A84204D8F2F712FA002005B0E5
S21403E58830BD69462846FFF7C0FF0134EFE738B5C4
S21403E5980446002002F08AFDFF2805460FD002F045
S21403E5A80DFE10F0010009D0284602F007FE4008C9
S21403E5B840EAC17080F0010000F0010038BD04F0A5
S21403E5C80100FBE70146F8B506460020F2F722F9F4
S21403E5D8FF2801D00120F8BDDBF73CFE00240546E2
S21403E5E8871CDBF73BFEE3B2984201D80020F2E72C
S21403E5F835F82430B34203D117F82430002BE9D179
S21403E6080134EEE738B50D460121044602F096FBC1
S21403E61830B10121204602F091FB2880012038BD45
S21403E62820462C8000F00EFE0130C0B2F7E72DE935
S21403E638F04788B00746894610460DF10A011D467D
S21403E6489046FFF7DFFF4FF0000ABDF80A6004465E
S21403E6583046CDE905AACDF81BA002F053FB031BF1
S21403E668DBB20B2B28BF0B2322463146CDF800A07E
S21403E67805A803F087F848F21F039D4243D00BD83A
S21403E68885F40043012B15D92346424649462846B6
S21403E6980097FDF713F833E048F23A039D42F3D1A7
S21403E6A8FEF723FDB8422BD02246414605A8FDF7C0
S21403E6B83AF825E09DF8143013BBBDF81D40DDF885
S21403E6C81500DDF8191003AB03C3204603A9DBF7CF
S21403E6D8F3FF0122204603A9EDF7F6FFA7420646F5
S21403E6E80ED0012103A8F2F7F7FA48F201039D4278
S21403E6F806D12EB9334632463946204600F046FE42
S21403E70808B0BDE8F0879DF81450002DF8D12F46C1
S21403E7189DF815800234EAB24245F1D2D200D2B24D
S21403E72822440823314692B2009703A8CDE903771B
S21403E73803F028F803A8F4F75DFB02F0E7FC00F003
S21403E748CDF80135E7E708B5E6F7ECFFBDE808407E
S21403E758F2F700BD10B50024418084800480C2808F
S21403E768038110BD13B5BDF81040CDE9003400236E
S21403E778F2F758FE02B010BD13B5BDF8104001906D
S21403E7880094F2F74FFE02B010BD07B500930123BD
S21403E798FFF7F2FF03B05DF804FB0123F2F7E8BEC8
S21403E7A80121F4F755B801464FF6FF70F3F778BF23
S21403E7B810B50C4602F0AAFCFF2808D0F4F702FBB3
S21403E7C820B10368236043680120636010BD0020FE
S21403E7D8FCE710B50446FEF7F6F9B0F5006F2046D9
S21403E7E805D1FEF703FABDE8104002F08FBCFEF72A
S21403E7F819FABDE8104002F0BABF08B502F086FC65
S21403E808FF280CD002F0DAFC10F0010309D0400808
S21403E81840EAC17080F0010000F0010008BD002046
S21403E828FCE71846FAE71FB500F582300B2201A964
S21403E83800F5C070D0F740FC9DF80E0005B05DF8F3
S21403E84804FB30B589B001F0010503A90446F4F7C3
S21403E858DBFE9DB190B9204602F0B0FC10F0010132
S21403E86809D0204602F0AAFC430843EAC17383F0A2
S21403E878010303F0010103A8F2F72EFA2046F5F781
S21403E8885BFE9DF81430294600932046BDF81620F3
S21403E89803ABFCF781FA09B030BD7FB50C460546D5
S21403E8A8F4F778FAA04217D04FF6F7739C4213D8BA
S21403E8B805F5823606F5C0760B2201A93046D0F751
S21403E8C8FBFB01A90B223046ADF80C40D0F720FC21
S21403E8D821462846F4F7B0FA04B070BD10B50446CE
S21403E8E8DBF7CEFCA0420FD92046F4F753FA4FF6CF
S21403E8F8FF73984208D020460021FFF7A2FF204660
S21403E908BDE81040F4F7DABE10BD10B50446FEF7AE
S21403E918ECFB0023024619462046BDE81040F5F7EF
S21403E92827B82DE9F04114460F4605469846FEF7E4
S21403E9383CFA0646043002F020FE20802846FEF7FE
S21403E94897F96080B379791CE372C9B22846F6F75B
S21403E958E5FEB91CA072C9B22846F6F7DFFEFE1C10
S21403E9682072F6B2B8F1000F18D03146284600F0E8
S21403E97897FA0537FEB23146A080284600F090FA8B
S21403E988B11CE080C9B22846F6F7C8FE6072217A41
S21403E998A0880122BDE8F041F5F70ABD2088EAE71A
S21403E9A82DE9F04186B090461E4604460D46FEF70E
S21403E9B89CFB4FF6F7739845074632D80523A042C3
S21403E9C88DF80C304FF0010214BF012300234FF0DB
S21403E9D8000118BF8DF80D30CDE9002114BFADF83E
S21403E9E80E008DF80D30284614BF0423022303AA0D
S21403E9F800F00FFB0546A0B1A7421AD0FEF7D5F9DB
S21403EA08074621460430803E02F0B9FD2046FE71D3
S21403EA1804A9FFF7CDFE40B9204604A9E7F7EAF8AC
S21403EA2818B9002006B0BDE8F081284604A900F00E
S21403EA387EFB41462846FEF78DFFF3E7037923F06E
S21403EA480303194301F03F010171704707B50DF140
S21403EA580701F5F753FB03B05DF804FB08B5FFF7AA
S21403EA68F5FF18B1BDE80840F5F798BB08BD0022C6
S21403EA784FF6FF701146F5F79BBC10B50446FFF733
S21403EA88E5FF024638B901462046F5F791FC0038FB
S21403EA9818BF012010BD0120FCE7F8B51746044649
S21403EAA80E46FFF7D3FF0546386068B1037903F0CF
S21403EAB80303337023B93A68137903F03F031371DA
S21403EAC83B685C882046F8BD01462046FEF751FDA4
S21403EAD8074628B1E8F794FA874201D83570F1E774
S21403EAE831462046FCF7E4FD0028EBD003234FF617
S21403EAF8FF743370E6E707B501AA0DF10301FFF7C4
S21403EB08CCFF9DF8033053B9019828B1037913F065
S21403EB18300F14BF0120002003B05DF804FB00206B
S21403EB28FAE72DE9FF410646104688461546F4F7E8
S21403EB3861F90746FEF7D9FA044648BB4FF6FF7352
S21403EB489E4225D09F4206D00146384604B0BDE80B
S21403EB58F041EBF71FBD07238DF804302B680246F8
S21403EB68CDF805306B68092101A8CDF80930FEF702
S21403EB7837F9024618B9192004B0BDE8F081012315
S21403EB8841463046F0F770FF0028F4D02046F3E7F6
S21403EB980220F1E72DE9F04390460F4606464FF06C
S21403EBA8010991B00BA803ADFCF722FA07AC294676
S21403EBB80BA8ADF82C90FCF7B0FB95E80F0084E89B
S21403EBC80F004B46002239463046CDE90048F1F798
S21403EBD867F811B0BDE8F0832DE9F04F002785B03C
S21403EBE881460C467E2039469846BDF83CB09DF8CB
S21403EBF844A0BDF84C500192ADF80E7002F0DAF856
S21403EC080646002800F0AA8002F060F839467E22FD
S21403EC18DEF7EAFC304602F059F80090304602F078
S21403EC2855F8B9F1FF0F0CBF274644F003073B0A14
S21403EC3814F44062077043705FD14FF00808C31C92
S21403EC48184642460199DEF721FD034604F440447C
S21403EC58434484B1790606D419464FEA1B2201F8C1
S21403EC6802BB5A700B46B4F5004F56D0A4F5404283
S21403EC7854425441E400224618460E99DEF706FD30
S21403EC88009A03462044A0EB02085FFA88F89DB171
S21403EC984FF47C521A53841C284602F017F883460E
S21403ECA8284602F02FF8C5B22A4659462046DEF70C
S21403ECB82BFE60190235EDB2B9F1FF0F2FD052467D
S21403ECC8109900F8019BDEF71FFE08F101015AFAB6
S21403ECD881F129443046E6F70FFC0C210022FF0099
S21403ECE807F0800710463943FEF73DF8ADF80E00E7
S21403ECF8E8B9002005B0BDE8F08FB2F5006F80F8DC
S21403ED0803804FEA182880F8048000F1050314BF2F
S21403ED184FF008084FF0020892E70224ABE708EB27
S21403ED280A0129443046E6F7E7FB0821D6E73046CA
S21403ED3801F0CCFF0446304601F0E4FF0123024607
S21403ED4821460DF10E00E6F741FC0028D1D101213A
S21403ED58BDF84820BDF80E0002F004F8BDF80E0012
S21403ED68C8E710B50C46098821B90846F6F724F80B
S21403ED78208008B1012010BD0220FCE72DE9F047EA
S21403ED8880460F460646002402F1FF39BC4202D2EB
S21403ED9819F8015F25B9A6EB080080B2BDE8F0872D
S21403EDA89A46A5F13102012A5AF8041B10D83246AE
S21403EDB8322D02F8011B06D10134A4B2A74232D37E
S21403EDC80912B21C7170013453461646A4B2DDE725
S21403EDD8342D0CD10334BC42DDDA0B0A3170737060
S21403EDE80B0C090EB370321DF170A4B2EBE7A5F154
S21403EDF83302062A0DD8303DADB22B19BB42CADA08
S21403EE082A463046013CDEF741FC15FA84F47219AB
S21403EE18EBE7A5F14102062A01D8373DECE79D88C2
S21403EE2803F1080AE9E71646B5E770B5054600880C
S21403EE380C4601F067FFA04228880AD201F062FF59
S21403EE480023221A19462846BDE8704092B2E6F710
S21403EE58BDBB2146E6F750FB002070BD38B5054616
S21403EE6801F034FF0446284601F04CFF0022014611
S21403EE782046BDE83840FDF7B3BFF8B516460C463E
S21403EE881D46BDF8187001F021FF0444304601F012
S21403EE981DFF3A4641192046BDE8F840DEF7F6BBA3
S21403EEA870B50C46013189B20646F6F737FC21469B
S21403EEB805463046F6F732FC00EB052080B270BDF7
S21403EEC81FB50123ADF80C2000930A46022301461A
S21403EED803A802F057FC05B05DF804FB0FB437B57A
S21403EEE8069D0021A8B201F065FF044601F0EEFE78
S21403EEF82CB1002207AB0193D1B28D4205D8204628
S21403EF0803B0BDE8304004B0704753F8041B81547F
S21403EF180132F1E773B504460D4640200021164634
S21403EF2801F048FFADF8060001F0D0FEBDF8063044
S21403EF3813B9002002B070BD402133462A46204448
S21403EF48FFF71CFF211889B20DF10600FFF76DFFC6
S21403EF580028EED1BDF80600ECE70EB403B503AA05
S21403EF6852F8041B0192FFF7D5FF02B05DF804EBD5
S21403EF7803B070472DE9F7430F460121814616462D
S21403EF8801F0DCFE054658B1FFF768FF308088B904
S21403EF98284601F0B7FE68B1192003B0BDE8F08330
S21403EFA8484601F0AFFEFF2FA0EB0704E4B214D0E7
S21403EFB814B934800020F0E72A4621462846FDF790
S21403EFC80FFF80460028E7D03B464A46294600946A
S21403EFD8FFF753FFA6F80080ECE70120DDE708B546
S21403EFE8FDF7E3FE437803F001001A074CBF103021
S21403EFF80830DB0644BF0830C0B21030C0B208BDC4
S21403F00810B50C4601F07EFEA04234BF0020012056
S21403F01810BD7FB514460091024641F2092141F618
S21403F02809209DF820601D46002E18BF0146099B3F
S21403F0380020F6F79BFBADF80E0010B9002004B0CD
S21403F04870BD01232A4621460DF10E00E6F7BEFAE7
S21403F0580028F3D1BDF80E00F1E738B50546FFF7EB
S21403F068BEFF0446284601F04DFE631C9BB283424E
S21403F0780FD82846FDF799FE43785B0707D5214640
S21403F0882846F6F74BFB013004EB4004E4B220466F
S21403F09838BD0024FBE71FB5ADF80E0001F032FEBD
S21403F0A80446BDF80E00FFF7D8FF00F10E03DBB2E7
S21403F0B8BDF80E200146E01A80B200901046FFF70E
S21403F0C8DCFEA4F10E0189B20DF10E00FFF7ADFECA
S21403F0D804B010BD4278034612F0080006D0D207E3
S21403F0E802D403F10800704703F10900704737B5E7
S21403F0F805460C46FDF759FE437813F0100212D066
S21403F1089CB103F001021B074FF000032946009346
S21403F11820464FF0080354BF1832203202F032FB61
S21403F128012003B030BD1046FBE72046F9E773B568
S21403F13805460C46FDF739FE437813F0100211D046
S21403F14894B1012603F001021B0729464FF0080372
S21403F158204654BF18322032009602F013FB30467E
S21403F16802B070BD1046FBE72046F9E700F003033C
S21403F178012B08D0C30606D400F00C000C2814BFD5
S21403F18808200920704702207047034611F0030041
S21403F19805D003F00303022B14BF02200320704795
S21403F1A8F8B50C46064601F0ADFD631C834202D94A
S21403F1B800252846F8BD21463046F6F7AFFA074637
S21403F1C8FFF7D4FF3B060546F3D50444304601F063
S21403F1D899FDA4B2631C9BB28342E9D82146304604
S21403F1E8F6F79CFA01463846FFF7CFFF2844C5B220
S21403F1F8DFE770B506460D46FFF7D2FF044610B99B
S21403F2080024204670BD29463046F6F787FA82065C
S21403F218F7D5304601F076FD2544ADB26B1C9BB29C
S21403F2288342EDD829463046F6F778FA00F01803F5
S21403F238082B14BF05340634E4B2830644BF0834E7
S21403F248E4B2DEE738B50546FFF707FF044608B914
S21403F258002038BD01462846FFF7CBFF0028F7D025
S21403F2682044C0B2F5E72DE9F04387B005460C46BF
S21403F278FDF79BFD804602F080F907462846FFF710
S21403F288ECFE064601462846FFF78AFF0022034699
S21403F29800922946324602A802F074FA9DF80860DE
S21403F2A806F00C030C2B06F003090BD0B9F1010F7B
S21403F2B859D0F10657D49DF809300DF10A050020F8
S21403F2C8637107E0FF230DF10900637102F055F936
S21403F2D80DF10B05208198F80130DA0704D508F1FB
S21403F2E8020002F04AF92081B9F1010F5FFA89F8A2
S21403F2F83DD0F3063BD4284602F03FF96080A81CAD
S21403F30802F03BF9053515F8013C208023712B786C
S21403F318B006A37206F0400348BF43F0200339063D
S21403F32827D543F40073F80448BF43F480633905CC
S21403F33848BF43F400633206E38011D56A7812F0B7
S21403F34803020DD06FEA43436FEA5343A978B8F133
S21403F358020FE3800B4611D1EB7841EA03212181A2
S21403F36807B0BDE8F083FF230DF10905A7E7FF23E0
S21403F378CCE77A0648BF43F48073D4E7012A04BF70
S21403F3880B029BB22381EBE7F6F7CCBE0BB1F6F77D
S21403F39835BF0AB9F6F7AEBFFF21F6F7D7BE431C4B
S21403F3A808BF0020DFF7F6B9034B5868C0F3080018
S21403F3B8003818BF0120704700ED00E0014B1868BD
S21403F3C8704700BFE86A0020084B1B6F03F007036B
S21403F3D8022B04D0032B05D0012B05D0FEE7044BE4
S21403F3E818687047034BFBE70348704700800050D4
S21403F3F8E86A0020F06A0020002D310108B5FFF7FF
S21403F408E3FF054B1B6FC3F303330133B0FBF3F082
S21403F418024B186008BD00BF00800050E46A002055
S21403F4280048704700B4C40400487047002D3101F3
S21403F438014B1868704700BFF06A0020014B186834
S21403F448704700BFEC6A0020B8B1036813F4E07F86
S21403F45803F03F00C3F382120AD0012A0DD1084BEA
S21403F46841B103F58053012282401A600020704799
S21403F478044BF5E703F50053F5E70E20704700BF86
S21403F488688000506480005007B500F095FC6A4613
S21403F49800F0F2FC18B14721034801F090FFDDE9BC
S21403F4A8000103B05DF804FB891F04000229F8B5C0
S21403F4B896BF104B00245C5C012805460E4608D010
S21403F4C8022809D008B944F002040B4B1F6837B961
S21403F4D8F8BD44F00804F8E744F02004F5E77B6831
S21403F4E81A68144203D0314628465B6898473F6833
S21403F4F8EDE700BFA6B604006440002038B5104DFB
S21403F5082B78ABB10F4C23781BB100F04FFA0023CE
S21403F5182370002001F066FF0B4C50B100F098FAF8
S21403F5280023012120782B70FFF7C0FF01232370E7
S21403F53838BD0122054B1A702278054B1A70F7E777
S21403F54897600020956000209D600020986000204A
S21403F558996000200E490B78FF2B01D198B17047AC
S21403F5680BB990B97047002814BF0122FF22134431
S21403F5780B7060B1074B1B78012B08D9064B1B7819
S21403F5882BB9FFF7BBBF1A46F1E70122EFE770472F
S21403F5989C6000209D6000209860002010B501F054
S21403F5A87AFE064B04461B781BB1BDE8104001F0F3
S21403F5B86DBEFFF7A3FF2046F7E700BF9460002061
S21403F5C802282DE9F04147D029480378FF2B41D17B
S21403F5D8002941D11A461344DBB2037000293BD0F5
S21403F5E8244E3278012A37D9002B3ED001F053FE39
S21403F5F8214F04463B780BB3204D2B781BB90122C9
S21403F6082A701F4A1370DFF87C8098F8003023B1FD
S21403F61800F0CCF9002388F80030204601F036FEC7
S21403F628012001F0DFFE01F036FE2B7804461BB1FD
S21403F63800F00EFA00232B7000233B70204601F0DF
S21403F64825FE01243078A04206D02146FFF72EFF78
S21403F658347001E013B931B9BDE8F081002914BF4D
S21403F6680122FF22B7E70122B5E70224EAE700BF33
S21403F6789C6000209D600020976000209460002016
S21403F68898600020956000202DE9FF47EFF310856A
S21403F69872B6AFF3008001F07AFF002800F0A4806A
S21403F6A86B4E6C4F337823B10020FFF753FF0023CC
S21403F6B83370387878B903A900F04EFB044650B97E
S21403F6C8654B039A1B689A4200F296800120FFF75F
S21403F6D841FF012333703B78002B40F0AB805F4B30
S21403F6E81B78002B00F0A3804FF002085C4CDFF871
S21403F6F890912078DFF88CA140450AD0002389F83A
S21403F70800309AF8003013B94146FFF7CFFE84F865
S21403F718008099F800303BB12378022B04D10023EC
S21403F72889F8003001F07DFFB8F1020F0FD1DFF83A
S21403F7382C8198F8003053B94A4B1B7823B900F04C
S21403F7482FF90122484B1A70012388F800302078D5
S21403F75800F0FEF89AF8003013B1444B1B78237078
S21403F768AFF30080284601F038FEEFF3108572B633
S21403F7783F4B1A7852B100221A703C4B20781B78FC
S21403F788984203D101212170FFF790FE394800F013
S21403F798A3FA01F010FF8046002883D12F4F89F87B
S21403F7A800003B789BB1DFF8C0908AF8000099F810
S21403F7B800301BB100F0FAF889F80080002001F049
S21403F7C811FE002839D000F043F900233B70337844
S21403F7D823B10020FFF7BEFE0023337000212078F4
S21403F7E8FFF764FE00232370AFF30080284604B0B7
S21403F7F8BDE8F04701F0F1BD1F4BD3F8008000F0D9
S21403F80861F9039B80449845BFF460AF00F054F950
S21403F8188200039942F0020292B2CDE900422346DF
S21403F828164AA1EB0801134801F0DEFD53E700F082
S21403F838A1F859E74FF0010858E7012000F088F8C7
S21403F848284601F0CAFDEFF3108572B6B6E700BF87
S21403F858966000209C6000206C4000209760002083
S21403F8689D6000209B600020956000209960002022
S21403F878926000207040002068400020A5F5030031
S21403F8889A6000209860002010B501F004FD00225D
S21403F898054B1C781A7001F0F9FC00F021FBE4B262
S21403F8A82043C0B210BD00BF9360002038B501F0F6
S21403F8B8F2FC094B05461B78012B04D801F0E6FC3D
S21403F8C80024204638BD054B1C6800F0FBF80444AA
S21403F8D8284601F0DBFCF4E79D6000206840002022
S21403F8E81649174A0B6F10B503F007031360154A3A
S21403F8F8154C9269032B02F00200C2F340022270F1
S21403F9081AD0D1F8203103F00303022B14D0D1F810
S21403F918243103F007039C1E634263410B4A1370AA
S21403F92848B143B9054BD3F8003103F00303591E16
S21403F9384B424B41137010BD0123EFE70080005084
S21403F948CC40002000C00150A2600020A360002025
S21403F958012805D00238012808D80020CCF74EBF66
S21403F968034A136923F00403136130BF704700BFCB
S21403F97800ED00E0074A0849D2F8203103F00303F4
S21403F9880B60D2F82431054A03F007031360F7F730
S21403F998C2BF00BF00800050D8400020D4400020DB
S21403F9A80122014B1A707047A1600020F8B51F4B5F
S21403F9B81B78002B39D01E4C2378B3B91D4B9A6D90
S21403F9C8D10302D5DA6D92072FD49B6DDB072CD4AF
S21403F9D801F04DFD184B194A1860136F23F00703FF
S21403F9E843F003031367FFF709FD01F040FD124BCD
S21403F9F8134D1B68134EC01A2B78134F56F8232043
S21403FA0846F82300111A3A681048521A0A213A602F
S21403FA180932B2FBF1F20133DBB20260B3FBF1F257
S21403FA2801FB12332B7000232370F8BDA36000205C
S21403FA38A060002000C00050C44000200080005092
S21403FA489F6000209C40002098400020944000209F
S21403FA5808B5F7F763FF124B12491A6F096822F0C5
S21403FA6807020A431A671049D3F82021096822F0C7
S21403FA7803020A43C3F820210C49D3F82421096852
S21403FA8822F007020A43C3F82421094B1B7813B153
S21403FA980122084B9A62BDE80840FFF7AFBC00BFD7
S21403FAA800800050CC400020D8400020D4400020DE
S21403FAB8A360002000E00050014B1878704700BF91
S21403FAC8A3600020054B187818B1054B186800EB9F
S21403FAD8D000044B1B681844704700BFA36000207F
S21403FAE894400020C840002008B5104B1A78C2B1CD
S21403FAF800221A700E4B1A6F22F0070242F0010218
S21403FB081A67D3F8202142F00302C3F82021D3F85A
S21403FB18242122F0070242F00302C3F82421FFF748
S21403FB286DFC0122034B5A6708BD00BFA160002085
S21403FB380080005000E000500D490B68A0B1002279
S21403FB48A3B1834203D1836822B90B6003E01A4644
S21403FB589B68F5E7936083680BB9002070475A697A
S21403FB6841690A445A61F8E7222070470220704721
S21403FB78E440002010B501F096FC0A4C0A4B1968BD
S21403FB882368C31A09B9206010BD002BFBD04A6945
S21403FB989A423ABF9B1A0022D21A4A6128BF002308
S21403FBA88968EFE7E0400020E440002038B5154DAB
S21403FBB82B682BB35B69B3B1134A022014681C4441
S21403FBC800F088FA204600F047FA00220F492B680F
S21403FBD80A70012A05D823B1D88880070AD50123D5
S21403FBE80B70002038BD022000F074FA022000F0E3
S21403FBF893FAEAE79B68002BF3D058690244E8E7D0
S21403FC082220EFE7E4400020E0400020A560002023
S21403FC18C38870B504460D463BB9FFF747FE8542D1
S21403FC28064602D2F8F72FFE35460E4A6561136874
S21403FC389BB91460A3600FE02D1A9868194665618E
S21403FC48034618B15869A842F6D941B18C60A36037
S21403FC5813B15A69521B5A6170BD0021F2E714604A
S21403FC68F5E700BFE440002070B516469DF814205B
S21403FC78C0E903360271049ABDF818300260002200
S21403FC8804460D468260C38006BB01F00CFC28447C
S21403FC98A0613DB9E368656113B1204621689847BA
S21403FCA896B1354601F0F7FA0646FFF763FF29468D
S21403FCB82046FFF7ADFF074B1B68A34201D1FFF7AA
S21403FCC875FF304601F0E2FA002070BD01F0EBFB49
S21403FCD83044DDE7E4400020F8B50546D0B101F02E
S21403FCE8DAFA0646FFF746FF0B4B28461F68FFF768
S21403FCF823FF044620B1304601F0C8FA2046F8BD73
S21403FD08AF42F8D1FFF752FF2228F4D1022000F0C1
S21403FD18EDF9F0E72224F1E7E440002038B50C4675
S21403FD280546A8B1A1B100230B7001F0C1FA012161
S21403FD38084B1B6833B901F0B6FA002038BD9D425C
S21403FD4804D121702278002AF9D0F4E79B68F1E7FA
S21403FD582220F3E7E4400020F8B506460F4601F0F4
S21403FD68A7FA00250446124B1B6823B9204601F060
S21403FD789AFA1B2011E05A691544DA88B2420DD163
S21403FD8801F091FB0B4E3368C01AA8420AD300232E
S21403FD9820463B6001F087FA0020F8BDFF2EEFD01F
S21403FDA89B68E2E701F07FFB33682B441B1AEFE7F7
S21403FDB8E4400020E040002070B501F079FA0646DA
S21403FDC801F071FB084B044601201D6801F05BFB3C
S21403FDD818B101F068FB04460135304601F063FAB2
S21403FDE82046294670BD00BFEC400020014B18682A
S21403FDF8704700BFE8400020F8B50C4B05461B6863
S21403FE080E4683420FD3002440F2E7302146084BC0
S21403FE184FF47A721F680023E5FB0701DDF778F8CD
S21403FE2830602046F8BD2120FCE700BFDC400020F8
S21403FE38E84000200F4B10B51A689AB14FF47A7150
S21403FE48531E1342A0FB01010ED1B2FA82F2C2F18D
S21403FE581F04531CD243E04001FA03F3184321FA64
S21403FE6802F20243104610BD0023DDF751F802469E
S21403FE78F8E700BFE840002038B5164B144683421F
S21403FE88154B8B4123D3154B1A6802B34FF47A7577
S21403FE98A0FB050305FB0131531E134211D1B2FA29
S21403FEA882F3C3F11F055A1CDB4301FA02F2E8404A
S21403FEB821FA03F310431843E940C4E9000100207C
S21403FEC838BD0023DDF724F8C4E90001F7E721204D
S21403FED8F6E700BFEFA7C64B37894100E840002086
S21403FEE810B501F0E5F9034B1C7801F0DCF9E4B230
S21403FEF8204610BDA460002008B5084B1B7803F005
S21403FF08FF004BB101F0B3FA054B1B689B69C01A97
S21403FF1802288CBF0020012008BD00BFA560002072
S21403FF28E4400020C2072DE9F843044607D5474AAC
S21403FF38136801331360FFF71DFEFFF737FEA307A9
S21403FF4840F1818001F0B4F94FF0000805464646B3
S21403FF58FFF710FE3E4F3C680CB16369A3B100225D
S21403FF683C4B012E1A7003D118F0020F18BF1E70EF
S21403FF78FFF71CFE222802D1022000F0B7F8284615
S21403FF88BDE8F84301F08FB923465A693AB91A7996
S21403FF982179914288BF1C469B68002BF5D12846D9
S21403FFA801F081F9D4F81080B8F1000F3FD001F0C2
S21403FFB87AFAA269851AEB17454573F1000337DB0E
S21403FFC823691344A36101232269CAB1C3B9A38B66
S21403FFD8B8EB050833B1E28B13449BB2B3F57A7FCB
S21403FFE81CD2E38301F064F9054641462046FFF731
S21403FFF80FFEA369226928461344A36101F053F947
S214040008E36813B1204621689847B4F8068001F0DF
S2140400184FF901360546FFF7ADFD9CE7A3F57A735D
S214040028E383A36918F1FF38013BA361DAE7454681
S21404003801F03EF981462046FFF77EFD484601F06A
S21404004832F90023C0E7BDE8F88300BFEC4000207F
S214040058E4400020A460002010B5044601F01BF913
S2140400684FF0B042936A1907FCD4136A116C5269AC
S214040078520604D4CA1A032A01D899420ED1E21A9F
S214040088022A98BFDC1CB4F1FF3F38BF013C4FF08E
S214040098B04340221C6403F580539A6101F0F6F8D5
S2140400A8054A13783BB14FF0B041CB6B43F00203DB
S2140400B8CB630023137010BD9670002007B5044B5D
S2140400C801A9187901F010F9019803B05DF804FB4A
S2140400D8F0B4040000F001038207034A48BF43F063
S2140400E840039361704700BF00100058820700F071
S2140400F801030AD50121064A43F0400311704FF064
S214040108B041CA6B22F00302CA63024A936170477D
S2140401189670002000200058830742BF4022014BF7
S2140401285A6170470010005873B502AB164603E9C7
S2140401380600044600F052FF0546204600F05EFF1F
S2140401489DF800208DB1202C33780ED8012B2ED89C
S2140401584FF6FF752D4803EB4313234430F813106A
S214040168A94202D0013120F81310294B294E33F83E
S214040178141036F81400814232D34FF6FF75A9429C
S2140401884FF0010502D0013123F8141004F0FD01E4
S214040198092927D1998AB68A0A44B242B4BF9A82F0
S2140401A89E8233F81430834227D202B070BD022BE5
S2140401B8DBD14FF6FF704FF6FF75144B33F8141067
S2140401C8814218BF013104F1210018BF23F8141026
S2140401D833F81010A9421CBF013123F81010C4E7E5
S2140401E80025D0E71D2CDCD1598F8E18864203DAF9
S2140401F801390A445A87D4E75887002DD5D12046B2
S21404020802B0BDE8704001F069B900BFAC5A0020DE
S214040218845B0020305B002038B50D46044601F0A8
S21404022847F8064A13889BB22DB123431380BDE8CA
S214040238384001F038B823EA0403F7E7725F002071
S2140402480022034B01214FF480701A70FFF7E4BFB5
S214040258D666002008B5054B1868FCF7DDFA00F0EA
S2140402680300C31E5842584108BD00BFA4570020C7
S21404027838B5044601F0D0F90C4B054619781879B8
S21404028881420FD0631E082B0CD8DFE803F0050D57
S2140402980B0D0B0D0D0D0D0000220146044B1868BE
S2140402A8FCF7B8FA284638BD0022F7E7C4700020E1
S2140402B8A457002038B54FF0FF300C46FFF76FF808
S2140402C80A4B05461868FFF76AF8641B241A20B216
S2140402D810F1630F06DB10F1240F05DA6430800092
S2140402E8C0B238BD0020FCE7FF20FAE7A457002078
S2140402F808B5134B1B78062B04D040F62101114889
S21404030801F05DF8104B1B881B0704D440F6220145
S2140403180C4801F054F80D4B2A201978FFF7A8FF6B
S21404032800210820FFF778FF0222094B1A70094BB0
S2140403381868E3F771FABDE8084001F0BCB800BFD6
S214040348D666002097B10400725F0020D3660020AA
S214040358F6700020A457002010B50E4C236823B965
S21404036840F6A3410C4801F02AF82068013001F051
S21404037804F900F0070003280AD124680922012199
S214040388204600F0E3FB205C031F5842584110BD8A
S2140403980020FCE79457002097B1040038B50C46B3
S2140403A840B100210420FFF737FF01F084F8012C40
S2140403B81DD038BD244B1B889B07F6D50129234A34
S2140403C82FD1117869B30139C9B2117011B9202037
S2140403D8FFF722FF00210220FFF71EFF04221C4B12
S2140403E800211C481A7000F05DFD01F064F81A4CF0
S2140403F82068013001F0C1F800F44060B0F5006FE1
S2140404081FD1246801210422204600F09FFB2044C3
S21404041801F0B3F80146BDE838400022202001F078
S21404042875B800210D4D02201170FFF7F5FE2B78E4
S214040438FF2B04D040F29961094800F0C0FF2C70E5
S214040448B3E74FF6FF71E6E7725F0020D566002033
S214040458D6660020F86D002094570020F770002018
S21404046897B1040038B5134C05462388580709D5B0
S214040478FFF7F0FE01460720FFF7FAFEFF210120EA
S214040488FFF78CFF238899070BD50B4B284619785A
S2140404988A1F51425141FFF7EBFE01210020FFF766
S2140404A87DFF23881B0703D5BDE83840FFF720BF28
S2140404B838BD00BF725F0020D6660020F7B5124C20
S2140404C8D4E9006586EA020C85EA03070CEA000C00
S2140404D80F405CEA070E15D086EA0C067D40C4E990
S2140404E80065CDE900230B46084902460868FCF770
S2140404F89AFA38B14FF4FD71054803B0BDE8F040E8
S21404050800F05DBF03B0F0BD58160020A4570020C5
S21404051897B1040008B50A4B1B88DB0604D440F6DA
S2140405284701084800F04BFF00211020FFF774FE2F
S214040538002000F06BFBBDE8084000F0BCBF00BF1D
S214040548725F002097B104002DE9F04F57068046E5
S21404055814461D4691B005D5FFF77CFE01460120DA
S214040568FFF786FEEE0403D500212D20FFF780FE54
S214040578A00224D54046FCF7D3FA0146F8B9402031
S214040588FFF74AFE40460AA9FBF7CBFDB8B99DF823
S2140405983030022B40F0D980BDF8280000F0B6FDB4
S2140405A8FF2808D14046FBF7BAFD40B90121402090
S2140405B8FFF732FE03E000F0C3FD0028F2D1A103E2
S2140405C805D5FFF747FE01460320FFF751FEE20173
S2140405D804F0807640F1C080854B1B889B072DD598
S2140405E8844E3068FBF732FD40BB834B834F18704C
S2140405F83B78FF2B04D040F25761814800F0DFFEB9
S2140406084FF0000900210220FFF706FE87F8009045
S2140406187C4F3B78062B07D101210820FFF7FCFD09
S21404062849462820FFF724FE3B78052B06D10021EF
S2140406382B20FFF71DFE3068E3F7EEF800F03BFFCB
S214040648220717D56B4F0321386805AAFBF718FD50
S214040658064620B940F2C961694800F0B0FE9DF824
S2140406681430072B00F0D080FFF7F4FD0146042071
S214040678FFF7FEFDE10505D5FFF7ECFD014604206E
S214040688FFF7F6FD14F4863F05D0FFF7E3FD0146B1
S2140406980220FFF7EDFDA20113D5FFF7DBFD0146A7
S2140406A80820FFF7E5FD00210420FFF7B5FD554BAC
S2140406B81B78012B03D14F4B1868E3F7ADF800F00D
S2140406C8FAFE14F0084F09D0FFF7C4FD01460720C8
S2140406D8FFF7CEFDFF210120FFF760FEA30009D532
S2140406E8FFF7B8FD01460620FFF7C2FDFF210120EB
S2140406F8FFF754FEA70705D53D4B1B881E0701D5F3
S214040708FFF7F6FD6C0603D500210A20FFF7B0FDB7
S214040718280602D50120FCF715FAE90540F185817B
S21404072840460AAA05A9FCF773F89DF81430222B4C
S21404073800F06D8100F28281152B40F26A8140F642
S2140407480A112F4800F03BFE6FE1032B7FF437AF06
S2140407580AA801F000F830E705F0020756EA07038E
S2140407680DD0284B26201978A1F1060EDEF10001DB
S21404077841EB0E01FFF77CFD0121304611E004F041
S214040788805656EA07030FD01E4B26201978A1F187
S214040798060CDCF1000141EB0C01FFF769FD0221B0
S2140407A83846FFF7FBFD4BE704F0884151EA060399
S2140407B809D0144B272019788F1F79427941FFF7FF
S2140407C857FD0221D9E705F008030B4302D023207E
S2140407D8FFF74EFD680703D500212420FFF748FDE0
S2140407E8E9077FF52DAF00212520FFF741FD27E710
S2140407F8725F0020A4570020D5660020F7700020FA
S21404080897B10400D6660020314638680AAAFBF772
S2140408183DFC20B14FF4DA619E4800F0D0FDBDF8E7
S2140408281630386802330AA9ADF82C30FBF730FCCA
S21404083820B140F2DF61974800F0C1FD0023009321
S21404084831460423386804AAFBF724FC042804D099
S21404085840F2E4618F4800F0B2FDDFF8589299F848
S2140408680030C3BB0DF1110000F087FE00F007004E
S214040878022830D1FFF7EEFC01460920FFF7F8FC02
S214040888854B1B78062B23D1844B9DF813201B78A5
S2140408989A421DD19DF8353023B940F2FA617D4855
S2140408A800F08DFD0DF1110000F067FEC0F3001690
S2140408B831462920FFF7DCFC00210820FFF7ACFCB2
S2140408C8774B1E70FFF748FD10B93868E2F7A4FFA7
S2140408D800F0F1FDCEE6BDF816000121083080B21E
S2140408E800F068FA039030B9FFF7B4FC0146042018
S2140408F8FFF7BEFCECE700F0E9F905AA0146064650
S2140409083868FBF7CFFB99F800A0BAF1000F22D19C
S21404091806F1010B584600F030FE83065AD53868AF
S214040928FCF7FEF80746FFF795FC05370146F8B2CC
S214040938FFF79EFC584600F020FE00F00700032848
S214040948584F2DD001210420FFF766FC4FF0FF30E6
S214040958FBF7C7FB386000225349BDF81630097800
S214040968F718F1549DF83630BB709DF83730FB7095
S2140409780A9B190E3971190C7971FB71190A99F8C1
S2140409880030B97123B9737892B343F020037370B7
S214040998002000F069F97870039800F071FA97E778
S2140409A801210922304600F0D1F8305C01210428E0
S2140409B8C9D1FFF731FC4FF0FF30FBF792FB3B4BF6
S2140409C838601B885806C6D551464020FFF724FCD5
S2140409D80122C1E7FFF73EFC01460920FFF748FC61
S2140409E82D4B1B78012BB6D13868E2F715FFB2E712
S2140409F823F02003CBE701227E33DBB202FA03F3AB
S214040A0813F00A1F31D113F0011F3FF498AE2720C4
S214040A182CE0012202FA03F3254A1A402ABB13F0F3
S214040A28041FF4D1DA077FF58AAEAB052FD501216A
S214040A38802011B0BDE8F04FFFF7EEBB652B1AD83F
S214040A48622B12D8452B0CD8422B0ED8352B06D839
S214040A58322B0AD8252B08D9322BD8D06FE6422B4E
S214040A68FBE7552B05D8522BF7D92620FFF7FAFCB7
S214040A78DBE7622BF1E7952B3FF661AE812BBAD8FC
S214040A88722BC4D0733B022B3FF659AEEDE711B078
S214040A98BDE8F08F97B10400D6660020D266002021
S214040AA8F670002090570020F8700020725F00202F
S214040AB83A003800D9660020024B1878B0FA80F05D
S214040AC840097047D666002008B5064B4FF0FF313C
S214040AD81868FBF7C3FE0028B8BF033040F3870046
S214040AE808BD00BFA457002008B5074B1868FBF7D5
S214040AF82FFF30B1054BB3FBF0F083B20BB11846A9
S214040B0808BD0120FCE700BFA457002040420F00A0
S214040B1838B510200C460121FFF77EFB064B1D68EE
S214040B28FFF7E2FF012200FB04F1044B2846FBF71B
S214040B387AFE002038BD00BFA45700201D05040017
S214040B48014800F03CBC00BFB1B10400032A70B5EC
S214040B58144602D82C4B985C70BD81F0010519B96F
S214040B680D2A07D1FF20F7E70D2A03D100780538A8
S214040B78C0B2F1E7084400F000FDC5F1040110F422
S214040B8840660246C9B209D1042C0846E4D0052CAE
S214040B9816D112F0400F18BF0846DDE7C5F1060364
S214040BA8042CD8B2D8D0B6F5006F03D1C5F1080521
S214040BB8E8B2ECE7B6F5406FE9D1C5F10E05F7E7FC
S214040BC812F4404107D1062CC6D0072CC4D0082CF2
S214040BD813D10130CCE755065CBF831CD8B2062C6B
S214040BE8BAD0B1F5004F02D1831CD8B2EDE7B1F5FF
S214040BF8404FEAD100F10803F7E7130744BF05306E
S214040C08C0B20C2CA8D9ADE770140500AC2370B597
S214040C18094C054603FB00435E6D26B940F2FD31D8
S214040C28064800F0CCFBAC2303FB054400236365AD
S214040C383346BDE870401847A8570020EEB10400B4
S214040C4810B40C461146AC22064B02FB0033586D12
S214040C5820B95C655DF8044BFFF75ABF02205DF8BF
S214040C68044B7047A8570020AC22034B02FB003302
S214040C7893F8A800704700BFA857002028B1034B74
S214040C881B68C01A4010013080B2704768580020AC
S214040C9830B1044B00F100401B68013803EB4000F8
S214040CA8704700BF68580020064B1B68834206D866
S214040CB8054B1B68834294BF002001207047002020
S214040CC8704700BF685800206458002010B50446D2
S214040CD808B9002010BD00F0B1FC20B940F2CD419F
S214040CE8074800F06CFB2046FFF7D2FF0028F0D038
S214040CF80388DB0B14BFD0F80A000830EAE700BF05
S214040D08C5B1040010B508B9002010BDFFF7C0FF30
S214040D18044600F08AFC20B94FF49D61064800F0AA
S214040D284EFB002CF0D02388DB0B0ABF6088208992
S214040D38C0F30C00E9E700BFC5B1040038B5FFF7F7
S214040D48A7FF0D46044650B100F06FFC20B940F2E8
S214040D584151034800F033FB023534F8150038BD1A
S214040D68C5B1040070B5FFF793FF0C461646054652
S214040D78B0B100F05AFC20B940F24D510C4800F0CE
S214040D881EFB3046FFF784FF00F04FFC20B940F204
S214040D984E51074800F013FB023425F8146070BD62
S214040DA840F25251BDE87040014800F008BB00BF4D
S214040DB8C5B104002DE9F8430746884600F0A1FBB0
S214040DC820B940F28E512A4800F0F9FAFC1CA4080F
S214040DD8284B64000434B7F5005F1E68A4B204D335
S214040DE840F29551224800F0EAFA00F061FA2249E6
S214040DF881460B687BB9214B1D68761BC6F34F06E4
S214040E08B44227D90025484600F04DFA2846BDE8DE
S214040E18F843FFF733BFB8F1000F11D0174A156827
S214040E285A1BC2F34F029442ECD81448620005EBEE
S214040E3844040460B8F1000F0FD113440B600CE0AF
S214040E48F61AC6F34F0676B940F2A651084800F0DB
S214040E58B6FAD7E705EB44041C6000236F80AB8022
S214040E68EB802B80CFE7B442CCD8044A1568DCE77D
S214040E78C5B104006C58002054580020645800205B
S214040E8838B5054600F014FA0446294604480022F4
S214040E9800F0E1FB2046BDE8384000F004BA00BF85
S214040EA8785F002082684B4B2DE9F0419A4204464D
S214040EB80E46056815D121B140F21311464800F0D4
S214040EC87EFA00F0F5F923691BB92B682BB924615F
S214040ED82C60BDE8F04100F0E6B91A6922611C618D
S214040EE8F6E700F065FA8046FEF75EFA20B14FF49E
S214040EF89571394800F063FA6FF000439E42216901
S214040F084BD22B7B08EB0602002B4DD0AB689342E2
S214040F184AD1531C002949D06169994242D01EB966
S214040F28521AB2F1004F3DD9636123696E689C4238
S214040F3803D19D21284800F042FA2F460023B442E4
S214040F480BD0002B41D172696169891AB1F1004F3F
S214040F5832D83269374694422CD12269BD420CBF36
S214040F686A603A617BB92669B44203D1B8211A4843
S214040F7800F025FA3B46012E05D062697169521ABB
S214040F88B2F1004F23D99D420BBF6B681A692361DF
S214040F9822610CBF6C601C6104E0434431B1626991
S214040FA89342C1D1BDE8F0811346B3E76A6822616B
S214040FB86C60B9E71646C6E7A8EB0202B2F1004F22
S214040FC8C7D93B4637463669B9E71F46F9E7334675
S214040FD83669D0E7F9560200D9B104000823064A50
S214040FE812F8011B814205D0013B13F0FF03F7D129
S214040FF81846704701207047211505000823064A3D
S21404100812F8011B814205D0013B13F0FF03F7D108
S21404101818467047012070471915050010B50822B0
S21404102807490446DCF72CFEB0FA80F04FF6FF7347
S2140410382289400940009A4208BF40F0010010BDCA
S2140410483215050030B504460D4685B002B9084A7F
S2140410581068516801AB03C301AB03CB206020467C
S214041068ADF80C501B886160238105B030BD00BF05
S2140410786D3B0400002270B50A4B1C780A4BD5B2A7
S214041088AC4202D800200C7008E01E880132864262
S21404109805D30D701B881B1A5842584170BD12336D
S2140410A8EDE700BF50660020305D0020F8B5154B0C
S2140410B804461D680E46E5B1134B1F78874218D9B7
S2140410C800EB400305EBC30526B92B69DA0712D4EF
S2140410D82046F8BD08223146281DDCF7D1FD50B954
S2140410E82B69DB07F4D40134E4B2A74205F11805EA
S2140410F8F0D1FF24ECE70134E4B2A74205F1180561
S214041108E2D1F6E7D0580020167100200A4B0146B3
S2140411181B6830B52BB1094A14780022D0B2844231
S21404112801D8FF2030BD5D888D4202D11D69ED07C8
S214041138F8D401321833F1E7D0580020167100208D
S2140411480F4A03461068D0B10E4A12789A4215D947
S21404115819B203EB430300EBC300036913F0010061
S2140411680DD0094A126832F8112002F4E2622AB94C
S21404117813F00C0F14BF012000207047012070479D
S214041188D058002016710020CC580020094B1B6844
S2140411986BB1094A1278824209D900EB4000C200B2
S2140411A803EBC0000169C90701D5985C7047FF20A6
S2140411B8704700BFD0580020167100200C4A03461A
S2140411C8106890B10B4A12789A420DD903EB430380
S2140411D800EBC300D0E9043213F001004FF000011D
S2140411E804D018461146704700200146704700BFD1
S2140411F8D05800201671002010B5164B187860B128
S214041208154C2368CBB14FF4707200201349FFF7CE
S21404121817FD2368013B236010BDFFF755FC1049F2
S214041228104A91F90040136884420B4C03F10103F9
S21404123813602368B8BF087053B90B4800F033FA34
S2140412480028E9D1BDE8104001460748FFF72ABE42
S2140412580822DAE735670020EC580020011204005B
S21404126830670020E458002004700020054B1B68F3
S2140412782BB9054B1868003818BF012070470120A1
S214041288704700BFDC580020D858002010B962B652
S214041298BFF36F8F7047EFF3108072B67047302332
S2140412A883F31188704780F31188BFF36F8F7047F4
S2140412B8EFF31180302383F31188704700207047BA
S2140412C84FF4004070474FF47A7070470122417813
S2140412D803788A4030214B4341F2100103F1A043BE
S2140412E803F570335A50704709B100F008B8222045
S2140412F870470121FEF7A8B80021FEF7A5B870B517
S21404130806460D46FFF7D4FF04461D2E48D8DFE8E8
S21404131806F00F18471D20234726292C47472F3247
S214041328473538473B473E4747444747474747417B
S214041338FEF74AF8002628602046FFF7B4FF304632
S21404134870BD4FF4C070CAF7C5FEF3E74FF42070BB
S214041358F9E74FF44070F6E74FF46070F3E74FF49C
S2140413680070F0E74FF48060EDE74FF49060EAE72A
S2140413784FF4C060E7E74FF4F060E4E74FF4B0607A
S214041388E1E74FF4D060DEE74FF4E060DBE74FF4C4
S214041398A060D8E74FF48070D5E74FF40860D2E72A
S2140413A800202126C7E708B5FEF76EF880B208BD08
S2140413B808B5FEF769F808BD704742DE704738B5C9
S2140413C804460D4600F008F8FFF769FF294620464C
S2140413D8BDE83840FFF7F1BF704710B962B6BFF3EF
S2140413E86F8F7047012070472DE9FF410D4616465A
S2140413F81F460446A8B14FF00008C0F81C80FEF744
S2140414086BFCBDF82C30424602939DF828302946DA
S214041418CDE9007320463346FEF726FC04B0BDE843
S214041428F0812220FAE7F0B51F46002387B00D4660
S214041438164604468DF81730A8B1C3610DF1170196
S214041448FEF76CFC9DF817207AB9BDF834302946A7
S21404145802939DF830302046CDE900733346FEF7F4
S21404146803FC07B0F0BD2220FBE70320F9E738B5F4
S214041478FFF71EFF054600F016F804462846FFF751
S21404148812FF204638BD4FF0B04301285B6904D0EC
S214041498022805D1C3F38010704703F00100704793
S2140414A80020704770474FF0B0439A6A1207FCD47E
S2140414B8186A7047704708B5FFF7FCFF00F01DF878
S2140414C808BD10B5FFF7E7FE012104460846FEF7F7
S2140414D877F82046BDE81040FFF7D8BE10B5044696
S2140414E800F012F82046FAF73AFD2046F7F739FDD9
S2140414F8BDE81040F9F7F0B8704708B5FFF7FCFFE9
S21404150808BD0120704770470020704730B589B081
S2140415180446ADF806108DF81020FFF75FFD054663
S2140415282046FFF76BFD03469DB1BDF80600ABB930
S21404153800F0BEF8FF2808BF00200DF10F038DF851
S2140415480F001A46204604990593FEF7EDFD09B0E8
S21404155830BD0028F5D00DF10603F2E700F0A8F830
S214041568FF2808BF0020BDF806308DF80F00ADF838
S2140415781A308DF8180006ABE3E700887047017048
S214041588090A41707047012070470120704738B532
S214041598DAF75EFF0446D0F7B9F8051E18BF2546E5
S2140415A8D0F786F9041E18BF2C46FFF7ECFF002870
S2140415B818BF204638BD38B5FEF766F90446F6F770
S2140415C886FE04281ED002284FF0000508BF012412
S2140415D8F7F796FD042817D0022808BF0124F7F762
S2140415E8AEFA042812D0022808BF0124FFF7CDFF5C
S2140415F804280DD0022808BF0124002D18BF002493
S214041608204638BD0125E3E70125E8E70125EDE78F
S2140416180024F5E7FF20704708B5FFF7FBFF002016
S21404162808BD02210120DCF755BD08B520B1FFF737
S2140416383BFB00F0010008BD0120FAE708B5FFF7F8
S21404164827FBBDE80840FFF7F0BF008810B1C9B211
S214041658FFF774BB70472DE9F041B0F800800646E2
S2140416680C46D5B2B8F1000F11D029464046FFF70C
S21404167865FB2246074629464046FFF773FB3A466B
S21404168829462046FFF76EFB3480BDE8F0810F46F6
S214041698F5E703461B8808468B4202D00021FFF76D
S2140416A84DBB002070470069003818BF01207047FA
S2140416B800207047F8B506460D46FFF7AFFC03282A
S2140416C8044621D02846FFF7A9FC032807461BD062
S2140416D810F0020318D1A0070DD5F90716D4012374
S2140416E83C43E20704D431892A89914218BF00236F
S2140416F803F00100F8BD082229463046DCF7C0FA94
S214041708B0FA80F35B09EBE70020F3E71846F1E745
S21404171870B50D4600210646FFF797FF044630B11C
S214041728FFF7D4FA01462846FFF7C4FF08B1204657
S21404173870BD21463046FFF7ACFFEFE707B50DF15D
S2140417480701FFF797FC20B19DF8070003B05DF882
S21404175804FBFF20FAE708B500F009F8FF2804D0D0
S214041768FFF72CFDC0F3C00008BD0120FCE70146C6
S2140417780020FFF79BBC08B5FFF7C8FCFF3818BF66
S214041788012008BD2DE9F84307460846154688464D
S2140417981C469DF82090FFF799FA4619A4B19EB105
S2140417A84046FFF7AFFA254485420FDC2246B9F1D6
S2140417B8000F06D131463846DBF768FF0020BDE83F
S2140417C8F88339463046F7E72120F8E71D20F6E780
S2140417D80000000000000000F8B500BFF8BC08BC14
S2140417E89E467047F8B500BFF8BC08BC9E467047CE
S2140417F85FF800F0916800205FF800F0396900206F
S2140418085FF800F0D967002044657669636520743C
S214041818797065206368616E6765206465746563BE
S2140418287465643A202564202D3E2025640D0A003C
S21404183850726573732064657465637465640D0A11
S214041848004D756C746920707265737320646574D2
S21404185865637465643A2025640D0A0052656C65F0
S2140418686173652064657465637465640D0A004C69
S2140418786F6E67207072657373206465746563742D
S21404188865640D0A0072656C61795F7374617274BD
S2140418985F6C61746368696E675F70756C73653ACC
S2140418A820616E6F746865722070756C7365206944
S2140418B873206163746976650D0A0072656C6179D4
S2140418C85F6F6E0D0A0072656C61795F6F66660DF0
S2140418D80A0072656C61795F746F67676C650D0AD8
S2140418E80057726974696E6720636F6E666967204D
S2140418F8746F206E763A2025730D0A0053697A654C
S2140419083A2025640D0A004661696C656420746F84
S214041918207772697465204445564943455F434FAA
S2140419284E4649475F4441544120746F204E562C16
S214041938207374617475733A2025642E202862799E
S2140419487465733A202564290D0A00737563636504
S2140419587373210D0A004661696C656420746F20F0
S21404196872656164204E565F4954454D5F4445563A
S2140419784943455F434F4E4649472C207573696E65
S214041988672064656661756C7420636F6E66696744
S21404199820696E73746561642C207374617475733E
S2140419A83A2025642E202862797465733A202564C3
S2140419B8290D0A005573696E6720636F6E6669673A
S2140419C83A2025642063686172732066726F6D0D11
S2140419D80A25730D0A00736F6E6F66663B5A424D8E
S2140419E8494E494C322D637573746F6D3B424130D2
S2140419F8753B4C4335693B534136753B524135413B
S214041A08343B004E6574776F726B2073746174751B
S214041A1873206368616E67656420746F2025640D9F
S214041A280A004D616E75666163747572657220741A
S214041A386F6F206269670D0A004D6F64656C2074C9
S214041A486F6F206269670D0A00496E697469616C74
S214041A58697A696E67205A6967626565207769746A
S214041A68682025642073776974636865732C202559
S214041A78642072656C6179732C20256420636F7604
S214041A8865722073776974636865732C20256420EF
S214041A98636F766572732C202564206C6F6E672DD1
S214041AA87072657373206570730D0A00436F6E66F3
S214041AB86967207061727365642073756363657300
S214041AC87366756C6C790D0A0072656164207665B8
S214041AD87273696F6E20666F726D206E6577206C00
S214041AE86F636174696F6E0D0A004661696C65649C
S214041AF820746F207772697465206C6173745365FB
S214041B08656E56657273696F6E20746F204E562C18
S214041B182073743A2025640D0A004F6C6420766599
S214041B287273696F6E3A2025640D0A0043757272E3
S214041B38656E742076657273696F6E3A2025640D37
S214041B480A00524553455420414C4C210D0A00685E
S214041B58616C5F6770696F5F63616C6C6261636B0D
S214041B683A2065787469206C696E6520256C642053
S214041B7873746174757320256C750D0A0068616C3E
S214041B885F6770696F5F63616C6C6261636B3A2050
S214041B986E6F20667265652045585449206C696ED8
S214041BA865730D0A002F686F6D652F72756E6E6506
S214041BB8722F776F726B2F747579612D7A696762E5
S214041BC865652D7377697463682F747579612D7AE2
S214041BD869676265652D7377697463682F73696CC2
S214041BE86162735F746F6F6C732F73696D706C6961
S214041BF8636974795F73646B2F2E2E2F2E2E2F73C2
S214041C0872632F73696C6162732F68616C2F7A69CB
S214041C18676265652E630044726F7070696E67202C
S214041C286F6C64204F544120696D6167652C20638E
S214041C38757272656E74206F66667365743A2025CD
S214041C486C750A00556E6B6E6F776E20636F7665DB
S214041C587220636F6D6D616E643A2025640D0A0008
S214041C68556E6B6E6F776E20636D642025640D0A5F
S214041C7800427574746F6E207072657373206465A1
S214041C887465637465642C20627574206E6F2062B4
S214041C987574746F6E2069732070726573736564E7
S214041CA80D0A00427574746F6E206C6F6E67207030
S214041CB8726573732064657465637465642C206246
S214041CC87574206E6F20627574746F6E2069732045
S214041CD86C6F6E6720707265737365640D0A004EC8
S214041CE86F20636F76657220737769746368206300
S214041CF86F6E66696720696E204E562C2075736968
S214041D086E672064656661756C74730D0A004174A9
S214041D1874726962757465206368616E6765642C9D
S214041D282065703A2025642C20636C75737465727C
S214041D383A2025642C20617474723A2025640D0AAE
S214041D4800556E6B6E6F776E204C6576656C4374C3
S214041D58726C20636F6D6D616E643A2025640D0A9B
S214041D6800556E6B6E6F776E204F6E4F66662063F7
S214041D786F6D6D616E643A2025640D0A00496E64C1
S214041D88657820617420777269746520617474724A
S214041D983A2025640D0A004E6F20737769746368C9
S214041DA820636F6E66696720696E204E562C207510
S214041DB873696E672064656661756C74730D0A00D2
S214041DC8496E76616C69642072656C61795F696EC8
S214041DD864657820256420696E204E562C2072652A
S214041DE873657474696E6720746F206465666175BC
S214041DF86C740D0A00496E646578206174207772E5
S214041E08697465206174747220286C6F6E67293A49
S214041E182025640D0A004E6F207377697463682062
S214041E286C6F6E6720636F6E66696720696E204EF6
S214041E38562C207573696E672064656661756C74C4
S214041E48730D0A003E2000556E6B6E6F776E206524
S214041E5872726F7200496E70757420627566666574
S214041E68722069732046554C4C004D6178696D752F
S214041E786D206E756D626572206F66206172677577
S214041E886D656E747320657863656564656400546F
S214041E98686520617267756D656E74206973206E57
S214041EA86F7420666F726D617474656420636F72F4
S214041EB8726563746C7900496E636F7272656374D5
S214041EC820617267756D656E742074797065004953
S214041ED86E636F7272656374206E756D62657220C8
S214041EE86F6620617267756D656E7473004E6F2039
S214041EF8636F6D6D616E6420666F756E64007569D8
S214041F086E7438006164646974696F6E616C002A63
S214041F1800756E6B6E6F776E0077696C64636172BA
S214041F2864006865786F707400737472696E676F9E
S214041F3870740075696E7433326F70740075696EE8
S214041F487431366F70740075696E74386F70740007
S214041F5868657800737472696E670075696E7431A3
S214041F68360075696E743332002E2E2E200068658E
S214041F786C70000A25730A257325730025732008D8
S214041F88002F686F6D652F72756E6E65722F776F8A
S214041F98726B2F747579612D7A69676265652D731E
S214041FA877697463682F747579612D7A69676265D1
S214041FB8652D7377697463682F73696C6162735FE0
S214041FC8746F6F6C732F73696D706C696369747959
S214041FD85F73646B2F706C6174666F726D2F7365B4
S214041FE872766963652F6C65676163795F68616C8F
S214041FF82F7372632F626173652D7265706C6163EB
S214042008656D656E742E63002F686F6D652F727527
S2140420186E6E65722F776F726B2F747579612D7A71
S21404202869676265652D7377697463682F74757953
S214042038612D7A69676265652D7377697463682F9D
S21404204873696C6162735F746F6F6C732F73696DF9
S214042058706C69636974795F73646B2F706C6174F0
S214042068666F726D2F736572766963652F746F6B0E
S214042078656E5F6D616E616765722F6C6567616317
S214042088792F7372632F736C5F746F6B656E5F6DF5
S214042098616E616765722E63002F686F6D652F72B7
S2140420A8756E6E65722F776F726B2F747579612DE6
S2140420B87A69676265652D7377697463682F7475C2
S2140420C879612D7A69676265652D737769746368C3
S2140420D82F73696C6162735F746F6F6C732F7369A7
S2140420E86D706C69636974795F73646B2F706C6167
S2140420F874666F726D2F736572766963652F746F75
S2140421086B656E5F6D616E616765722F6C6567617E
S21404211863792F7372632F736C5F746F6B656E5F6E
S2140421286D616E75666163747572696E672E630099
S21404213843757272656E7420436F6E6669673A20DB
S2140421482530780053657420434341206D6F6465D9
S21404215820746F2025643A2025307800656E616205
S2140421686C65640064697361626C6564006F757499
S21404217828636C69656E742900696E202873657215
S21404218876657229004D464720537472696E673A1D
S214042198202573004170704275696C646572204D21
S2140421A8464720436F64653A203078253034580013
S2140421B86E6F6465205B004164646974696F6E6160
S2140421C86C20696E746572666163657300202025E9
S2140421D8643A200070616765205B25645D20636847
S2140421E8616E205B25645D20707772205B25645DD4
S2140421F8006E6F7420616374697665006572726F29
S21404220872203078253038580070616E4944205B57
S2140422183078253034585D206E6F64654944205BF9
S2140422283078253034585D20007870616E205B3035
S2140422387800706172656E744944205B3078253086
S21404224834585D20706172656E7452737369205BCE
S21404225825645D006E6F646554797065205B005371
S21404226865637572697479206C6576656C205B2580
S2140422783032585D006E6574776F726B20737461C4
S2140422887465205B253032585D20004275666665A5
S214042298722062797465733A202564202F20256499
S2140422A800457020636E743A202564006570202506
S2140422B864205B656E64706F696E742025732C20C9
S2140422C86465766963652025735D20006E776B20E8
S2140422D85B25645D2070726F66696C65205B307878
S2140422E8253034585D206465764964205B3078254B
S2140422F83034585D20766572205B30782530325845
S2140423085D0020202020257320636C757374657225
S2140423183A2030782530345820004E776B20636E88
S214042328743A202564006E776B202564205B257339
S2140423385D005072696D617279202870726F290089
S21404234820206E6F646554797065205B307825307C
S21404235832585D002020736563757269747950720B
S2140423686F66696C65205B3078253032585D0045A9
S214042378502025643A20257320004572726F723AFD
S2140423882020556E6B6E6F776E20656E64706F696D
S2140423986E742E00456E61626C65206576656E7493
S2140423A820646562756720696E666F20696E2043CF
S2140423B86F726520434C4920636F6D706F6E656E4F
S2140423C874006F6E6C7920636F6F7264696E6174E3
S2140423D86F72732063616E20666F726D0A006A6F8F
S2140423E8696E203078253038580A006C6561766541
S2140423F8002573203078253032580A0072656A6FD3
S214042408696E446966664465766963655479706579
S214042418006578742E2050414E2049443A20004ED8
S214042428574B206F70656E3A2025752073656300D8
S2140424384E574B20636C6F7365640066696E642040
S2140424486A6F696E61626C653A2030782530325856
S2140424580066696E6420756E757365643A20307814
S21404246825303258004368616E67696E6720746F5A
S214042478206368616E6E656C2025643A2030782582
S21404248830325800696E76616C6964206E657477BC
S2140424986F726B20696E6465780053686F72742077
S2140424A849443A203078253034582C204555493646
S2140424B8343A20002C2050616E2049443A20307863
S2140424C8253034580053746172746564206D756CD5
S2140424D874692D70687920696E74657266616365BF
S2140424E8004661696C656420746F20257320257323
S2140424F820307825303258005465726D696E6174E0
S214042508656420257320307825303258004B65657D
S2140425187020616C69766520737570706F727420AC
S214042528656E61626C65642E006661696C6564201C
S214042538746F20736574206B65657020616C6976AA
S21404254865206D6F64652E007375636365737366C3
S214042558756C6C7920736574207468652063686983
S2140425686C642074696D656F7574206F7074696F18
S2140425786E206D61736B2E006661696C65642074E9
S2140425886F2073657420746865206368696C6420BA
S21404259874696D656F7574206F7074696F6E206DDD
S2140425A861736B2E00646973636F766572004D61A0
S2140425B8746368202573792066726F6D20307825D9
S2140425C83034582C206570202564004E574B204123
S2140425D864647265737320726573706F6E73653A9C
S2140425E820307825303458004945454520416464F0
S2140425F87265737320726573706F6E73653A200024
S214042608536572766963652025737920646F6E65F1
S2140426182E00232020747970652020206E776B2086
S214042628206C6F6320202072656D202020636C75F3
S214042638732020206E6F646520202065756900204D
S2140426482025642020202030782530345820203057
S214042658782530345820203078253034582030787F
S214042668253034582000736C5F7A69676265655F45
S2140426786765745F62696E64696E67204572726F17
S214042688723A203078253038580A002564206F6658
S2140426982025642062696E64696E677320757365A5
S2140426A86400656E61626C6564207072696E74009D
S2140426B864697361626C6564207072696E74006123
S2140426C86464206C696E6B206B6579004552523AD7
S2140426D82043616C63756C617465642043524320BF
S2140426E8646F6573206E6F74206D6174636800454B
S2140426F852523A20496E7374616C6C20436F646559
S214042708206D75737420626520382C2031302C2097
S21404271831342C206F722031382062797465732026
S214042728696E206C656E677468004552523A20419B
S21404273845532D4D4D4F2068617368206661696C5A
S21404274865643A2030782530325800536574206A18
S2140427586F696E696E67206C696E6B206B657900AD
S2140427687365742062696E642025643A203078257F
S21404277830327800454D50545900554E494341006F
S2140427884D324F4E45004D554C5449003F202020AD
S2140427982000496E646578204945454520416464AF
S2140427A8726573732020202020202020204E574B4B
S2140427B8496E6465782020496E20464320202020F0
S2140427C82054544C28732920466C61672020202006
S2140427D84B65792020202000256420202020200016
S2140427E8202025642020202020202000202025309A
S2140427F838582020002030782530345820200049C6
S2140428086E6465782049454545204164647265735D
S21404281873202020202020202020496E2046432094
S2140428282020202054797065202041757468202063
S2140428384B6579002D2020202020002563202020A9
S2140428482020256320202020200069657300574136
S214042858524E494E473A202052454144494E472055
S2140428684F46204B45592056414C5545532044491C
S2140428785341424C4544204259204D464720544F24
S2140428884B454E004E574B204B6579002573206FF9
S21404289875742046433A202530385800257320732B
S2140428A86571206E756D3A203078253032580025CB
S2140428B873206F75742046433A20253038780054C0
S2140428C84320257320002573205461626C65002517
S2140428D8642F256420656E74726965732075736544
S2140428E8642E005472616E7369656E74204B657944
S2140428F800256420656E7472257320636F6E737585
S2140429086D696E67202564207061636B6574206248
S214042918756666657225732E0057494C4C005749F0
S2140429284C4C204E4F540054727573742043656E95
S21404293874657220257320616C6C6F7720747275C9
S21404294873742063656E7465722072656A6F696E47
S21404295873207573696E672077656C6C2D6B6E6F64
S214042968776E206B65792E005365742074696D65DF
S2140429786F757420666F722054727573742043657D
S2140429886E7465722072656A6F696E7320757369F2
S2140429986E672077656C6C2D6B6E6F776E206C692E
S2140429A86E6B206B657920746F20256420736563CD
S2140429B86F6E64732E004552524F523A20002573A8
S2140429C8737461636B206D75737420626520646F1D
S2140429D8776E2E0052656164696E6720416C6C6F71
S2140429E87765640048617368696E67206F6E6C79F2
S2140429F800736C5F7A69676265655F6B65795F7398
S214042A08657474696E67735F743A20307825303459
S214042A18580020205065726D697373696F6E733A37
S214042A28202573004572726F723A204661696C6598
S214042A386420746F2067657420636F6E6669672CFC
S214042A48207374617475733A2030782530385800CA
S214042A584661696C65643A20307825303858004DEC
S214042A6873673A20636C7573203078253034582C95
S214042A7820636D64203078253032582C206C656EBF
S214042A88202564006275666665723A2000454D42E4
S214042A9845525F00257353454355524954595F4C74
S214042AA84556454C3A2025303258002573657261E0
S214042AB87365206B65792025643A2030782530388C
S214042AC85800636D64206E6F74206275696C7400B8
S214042AD873726320657020253032782C20636C75F9
S214042AE87320253034780073656E64696E672074C5
S214042AF86F206D756C7469636173742062696E64A3
S214042B080025733A2065703A2025642C20636C3AB5
S214042B18203078253034582C20617474723A20306A
S214042B287825303458002C207376723A20256300B2
S214042B3825733A20726561643A20307825303278F5
S214042B48002C207376723A2025632C2064747970DE
S214042B58653A2030782530325800417267756D65BD
S214042B686E7420617420696E6465783A2025642042
S214042B786973206F7574206F662072616E676500CE
S214042B88436F6D6D616E6420616C72656164792053
S214042B986275696C742E202043616E6E6F742073A0
S214042BA86574204D464720737065636966696320BB
S214042BB8636F646520666F7220636F6D6D616E6403
S214042BC82E004D464720436F64652053657420667F
S214042BD86F72206E65787420636F6D6D616E643AEB
S214042BE82030782530345800557365204E6578743F
S214042BF82053657175656E63652053657420666F2A
S214042C0872206E65787420636F6D6D616E643A2009
S214042C183078253032580044697361626C65204404
S214042C28656661756C7420526573706F6E73652083
S214042C3853657420666F72206E65787420636F6DB2
S214042C486D616E643A203078253032580045525209
S214042C583A2072656164696E672061747472696289
S214042C687574652025303278004552523A206174CE
S214042C78747269627574652073697A6520256420A0
S214042C88746F6F206C6172676520666F7220627558
S214042C9866666572004572726F723A206174747261
S214042CA86962757465204944203078253034582084
S214042CB87265706F727461626C65206368616E67B2
S214042CC8652069732073697A65202564422C20621E
S214042CD875742025644220656E74657265640A00FE
S214042CE86E6F20636D64004572726F723A20434CAF
S214042CF8492053656E64206661696C65642C20738C
S214042D0874617475733A20307825303858004572E3
S214042D18726F723A202045554936342061726775B9
S214042D286D656E7420697320656D70747920616EA4
S214042D3864206C6F6F6B7570206279206E6F6465A3
S214042D48204944206661696C65642E0047726F7575
S214042D587000556E696361737400556E62696E64BB
S214042D682025732025733078253032580052657133
S214042D78756573743A20005A444F2073696D706CF5
S214042D886520646573632072657120253032780087
S214042D985A444F206E6F64652064657363207265B9
S214042DA8712025303278005A444F206D6174636868
S214042DB82064657363207265712025303258005587
S214042DC873696E67206D79206C6F63616C20455556
S214042DD849363420666F72206465737420455549F5
S214042DE8363420696E2062696E64696E67005A44D8
S214042DF84F2062696E64207265712025303278002F
S214042E08636C7573746572206C696D697420726579
S214042E18616368656400696E76616C6964207061D4
S214042E2867653A202564206F72206368616E6E6554
S214042E386C3A202564004368616E676520636861A0
S214042E486E6E656C207374617475733A20307825D9
S214042E58303278006475726174696F6E206D7573AC
S214042E687420626520696E2072616E676520302062
S214042E782D203500636F756E74206D75737420622B
S214042E886520696E2072616E67652031202D2038B2
S214042E98007363616E2073746174757320307825CB
S214042EA8303258006E6574776F726B207570646183
S214042EB87465207365742073746174757320307830
S214042EC8253032580041637469766520455020726F
S214042ED8657175657374207374617475733A2030FC
S214042EE87825303258004C5149205461626C65206C
S214042EF8726571756573743A2030782530325800D7
S214042F0842696E64696E67205461626C65207265F6
S214042F1871756573743A20307825303258004C65DC
S214042F2861766520257330782530325800506F77DF
S214042F3865722044657363726970746F72202573B2
S214042F48307825303258005573696E67206D7920BD
S214042F586C6F63616C20455549363420666F722061
S214042F686465737420455549363420696E20756E39
S214042F7862696E64696E6700526F75746520546181
S214042F88626C65202573307825303258002F686FB8
S214042F986D652F72756E6E65722F776F726B2F74F0
S214042FA87579612D7A69676265652D7377697463C7
S214042FB8682F747579612D7A69676265652D7377EC
S214042FC8697463682F73696C6162735F746F6F6C7E
S214042FD8732F73696D706C69636974795F73646B56
S214042FE82F70726F746F636F6C2F7A69676265658A
S214042FF82F6170702F6672616D65776F726B2F63C1
S2140430086F6D6D6F6E2F736C5F7A69676265655F47
S21404301873797374656D5F636F6D6D6F6E2E630081
S214043028457874656E6465642052657365742069B2
S2140430386E666F3A20307825303458202825732950
S214043048002F686F6D652F72756E6E65722F776FB9
S214043058726B2F747579612D7A69676265652D734D
S21404306877697463682F747579612D7A6967626500
S214043078652D7377697463682F73696C6162735F0F
S214043088746F6F6C732F73696D706C696369747988
S2140430985F73646B2F70726F746F636F6C2F7A69CB
S2140430A8676265652F6170702F6672616D65776FEC
S2140430B8726B2F636F6D6D6F6E2F7A6967626565C5
S2140430C85F6170705F6672616D65776F726B5F7350
S2140430D86C6565702E630053746179206177616B43
S2140430E865207768656E206E6F74206A6F696E65F2
S2140430F8643A20257300466F7263656420737461AE
S21404310879206177616B653A2020202020202020D2
S2140431182020257300466F7263696E67206465769F
S21404312869636520746F2073746179206177616BB5
S2140431386500416C6C6F77696E67206465766963B1
S2140431486520746F20676F20746F20736C656570D4
S214043158002F686F6D652F72756E6E65722F776FA8
S214043168726B2F747579612D7A69676265652D733C
S21404317877697463682F747579612D7A69676265EF
S214043188652D7377697463682F73696C6162735FFE
S214043198746F6F6C732F73696D706C696369747977
S2140431A85F73646B2F70726F746F636F6C2F7A69BA
S2140431B8676265652F6170702F6672616D65776FDB
S2140431C8726B2F636F6D6D6F6E2F7A6967626565B4
S2140431D85F737461636B5F736C6565702E6300520E
S2140431E8583A205265736574546F466163746F72F7
S2140431F87944656661756C747343616C6C6261636B
S2140432086B00657A737020636F756E7465727320CD
S2140432186661696C656420257500657A737020524A
S21404322865736574205468726573686F6C6420658A
S21404323872726F7220257500657A737020536574F0
S214043248205468726573686F6C64206572726F7256
S214043258202575002575292025733A2025750053E1
S214043268657474696E67205468726573686F6C64F5
S21404327820636F6D6D616E64003F3F3F004D616370
S214043288205278204263617374004D616320547839
S214043298204263617374004D61632052782055633D
S2140432A8617374004D6163205478205563617374A8
S2140432B8004D616320547820556361737420526509
S2140432C8747279004D616320547820556361737471
S2140432D8204661696C00415053205278204263614D
S2140432E87374004150532054782042636173740009
S2140432F841505320527820556361737400415053EB
S214043308205478205563617374205375636365731A
S21404331873004150532054782055636173742052C7
S214043328657472790041505320547820556361734C
S21404333874204661696C00526F757465204469731D
S2140433486320496E69746961746564004E656967CB
S21404335868626F72204164646564004E65696768D4
S214043368626F722052656D6F766564004E65696794
S21404337868626F72205374616C65004A6F696E20C8
S214043388496E6469636174696F6E004368696C6446
S214043398204D6F76656400415348204F7665726603
S2140433A86C6F7700415348204672616D65204572FC
S2140433B8726F7200415348204F76657272756E209C
S2140433C84572726F72004E574B2046432046616919
S2140433D86C75726500415053204643204661696CFB
S2140433E87572650041534820584F6666004150532D
S2140433F820556E617574686F72697A6564204B65CA
S21404340879004E574B204465637279707420466180
S214043418696C75726573004150532044656372790C
S2140434287074204661696C75726573005061636BCD
S21404343865742042756666657220416C6C6F6361BC
S2140434487465204661696C757265730052656C61B3
S2140434587965642055636173740050687920746FC5
S214043468204D4143207175657565206C696D6974D6
S2140434782072656163686564005061636B657420D7
S21404348856616C69646174652064726F7020636F3A
S214043498756E74004E574B207265747279206F7679
S2140434A86572666C6F7700434341204661696C75A4
S2140434B87265730042726F61646361737420746129
S2140434C8626C652066756C6C00505441204C6F2005
S2140434D85072692052657100505441204869205042
S2140434E872692052657100505441204C6F20507206
S2140434F8692044656E696564005054412048692013
S2140435085072692044656E69656400505441204CC5
S2140435186F205072692054782041627274005054A7
S2140435284120486920507269205478204162727498
S214043538004164647265737320436F6E666C6963D6
S214043548742053656E740043534C2052782073637A
S214043558686564756C65206661696C6564000D0051
S2140435684465627567207072696E742067726F7539
S214043578702025730A0057726F6E67207061726137
S2140435886D657465720A0046696E6420616E64200F
S21404359842696E6420496E69746961746F723A2070
S2140435A8436F6D706C6574653A20307825303258F0
S2140435B80053746172742074617267657400466996
S2140435C86E6420616E642042696E6420546172677A
S2140435D865740025733A2025733A203078253032EE
S2140435E85800467261676D656E746174696F6E2003
S2140435F852582077696E646F772073697A652073EA
S214043608657420746F202564002F686F6D652F72AB
S214043618756E6E65722F776F726B2F747579612D60
S2140436287A69676265652D7377697463682F74753C
S21404363879612D7A69676265652D7377697463683D
S2140436482F73696C6162735F746F6F6C732F736921
S2140436586D706C69636974795F73646B2F70726FCD
S214043668746F636F6C2F7A69676265652F61707013
S2140436782F6672616D65776F726B2F706C756769EC
S2140436886E2F667261676D656E746174696F6E2FEE
S214043698667261676D656E746174696F6E2E630019
S2140436A852583A2041646447726F75705265737055
S2140436B86F6E7365203078253032582C2030782584
S2140436C83034580052583A205669657747726F75F1
S2140436D870526573706F6E73652030782530325873
S2140436E82C203078253034582C20220052583A2082
S2140436F847657447726F75704D656D626572736859
S2140437086970526573706F6E736520307825303231
S214043718582C203078253032582C00205B307825F9
S2140437283034585D0052583A2052656D6F766547B6
S214043738726F7570526573706F6E73652030782576
S2140437483032582C203078253034580065705B2584
S2140437583032585D2069645B253034585D00436C0C
S214043768656172696E6720616C6C2067726F75702C
S214043778732E004552523A204661696C656420747B
S2140437886F206372656174652062696E64696E672A
S214043798202830782530325829004552523A20429B
S2140437A8696E64696E67207461626C65206973204B
S2140437B866756C6C004552523A2077726974696E65
S2140437C867206E616D6520737570706F727420253E
S2140437D83032580052583A2041646447726F757004
S2140437E8203078253034582C20220075760052581C
S2140437F83A205669657747726F7570203078253099
S21404380834580075767300766965775F67726F75E6
S214043818700047726F7570733A206661696C6564E8
S21404382820746F2073656E64202573207265737028
S2140438386F6E73653A2030782530325800676574A1
S2140438485F67726F75705F6D656D626572736869C0
S2140438587020726573706F6E736500646566617553
S2140438686C745F726573706F6E73650052583A2095
S21404387847657447726F75704D656D6265727368D7
S2140438886970203078253032582C007575620047E8
S214043898726F7570733A206661696C656420746F1C
S2140438A82073656E642025733A20307825303258A4
S2140438B80052583A2052656D6F766547726F757078
S2140438C820307825303458004552523A20466169EB
S2140438D86C656420746F2064656C65746520626921
S2140438E86E64696E6720283078253032582900724D
S2140438F8656D6F76655F67726F75700052583A200B
S21404390852656D6F7665416C6C47726F757073009F
S21404391852583A2041646447726F75704966496420
S214043928656E74696679696E672030782530345810
S2140439382C202200616464004368616E6E656C2006
S2140439486E6F742076616C69643A20256400507240
S214043958696D617279002573206D61736B206E6FD3
S2140439687720307825303858005365636F6E646165
S2140439787279004D61736B206E6F742076616C6982
S214043988643A202564007072696D61727900736503
S214043998636F6E646172790025733A2053657420E8
S2140439A82573206D61736B20746F2030782530384A
S2140439B858005374617475730025733A2025733A56
S2140439C8004368616E6E656C206D61736B3A002007
S2140439D820202028312920307825303858205B00CC
S2140439E82020202028322920307825303858205B9B
S2140439F80053746174653A2030782530325820288C
S214043A082573290043757272656E74206368616E47
S214043A186E656C3A20256400546F74616C20626588
S214043A2861636F6E733A202564004A6F696E20617D
S214043A387474656D7074733A202564004E657477E3
S214043A486F726B2073746174653A2030782530324F
S214043A58580053746F700025732053746F702E20AB
S214043A6820436C65616E696E672075702E0042721D
S214043A786F616463617374696E67207065726D69DB
S214043A8874206A6F696E0054727573742063656E69
S214043A98746572206C696E6B206B6579207570642A
S214043AA8617465207374617475730025733A2057BE
S214043AB841524E494E473A20736C5F7A696762658D
S214043AC8655F7365745F696E697469616C5F736555
S214043AD86375726974795F73746174652066616965
S214043AE86C65642E20436F6E74696E75696E672004
S214043AF8776974686F757420696E7374616C6C206A
S214043B08636F64652E004572726F723A20696E732D
S214043B1874616C6C20636F646520736574757020BB
S214043B286661696C65642E20497320616E20696E2F
S214043B387374616C6C20636F646520666C6173686B
S214043B486564206F6E746F20746865206465766992
S214043B5863653F00D0D1D2D3D4D5D6D7D8D9DADB4B
S214043B68DCDDDEDF00FFFFFFFFFFFFFFFF005A6913
S214043B7867426565416C6C69616E6365303900251A
S214043B88733A2069737375696E67207363616E2070
S214043B986F6E202573206368616E6E656C732028CB
S214043BA86D61736B203078253038582900257320CA
S214043BB8697320616C726561647920696E2070721D
S214043BC86F67726573730053746172740045786125
S214043BD86D696E696E6720626561636F6E206F6ECD
S214043BE8206368616E6E656C202564207769746846
S214043BF82070616E49642030782530345800546843
S214043C08697320626561636F6E206973206E6F74D2
S214043C182070617274206F662074686520637572FC
S214043C2872656E74206368616E6E656C206D617370
S214043C386B2028307825303858292E204765747428
S214043C48696E67206E65787420626561636F6E209E
S214043C5877686F7365206368616E6E656C20626949
S214043C68746D61736B206973207365742E004572D6
S214043C78726F723A20257320636F756C64206E6FBA
S214043C887420617474656D7074206A6F696E3A2066
S214043C98307825303258004E6F20626561636F6E47
S214043CA873206C656674206F6E2063757272656E19
S214043CB874206D61736B2E204D6F76696E67207461
S214043CC86F206E657874207374617465002573209C
S214043CD86A6F696E696E6720307825303458206FAD
S214043CE86E206368616E6E656C20256400257320FB
S214043CF853746174653A202573004572726F723A7C
S214043D0820257320636F756C64206E6F742073654A
S214043D187475702073656375726974793A2030789F
S214043D2825303258004572726F723A205363616EBA
S214043D3820636F6D706C6574652068616E646C656D
S214043D48722072657475726E656420307825303218
S214043D5858002573207363616E20636F6D706C65FD
S214043D6874652E20426561636F6E732068656172A0
S214043D78643A20256400257320737461636B20738A
S214043D887461747573203078253032580025732092
S214043D986E6574776F726B206A6F696E65642E0041
S214043DA8257320747279696E67206E657874206E40
S214043DB86574776F726B2E004E6F6E650053636181
S214043DC86E205072696D617279204368616E6E6503
S214043DD86C7320616E642075736520436F6E666924
S214043DE86775726564204B6579005363616E20506D
S214043DF872696D617279204368616E6E656C7320B2
S214043E08616E642075736520496E7374616C6C20EA
S214043E18436F6465005363616E205072696D617206
S214043E2879204368616E6E656C7320616E642055F4
S214043E3873652043656E7472616C697A6564204B99
S214043E486579005363616E205072696D61727920DA
S214043E584368616E6E656C7320616E642055736585
S214043E68204469737472696275746564204B657955
S214043E78005363616E205365636F6E6461727920C4
S214043E884368616E6E656C7320616E642075736535
S214043E9820436F6E66696775726564204B657900A2
S214043EA85363616E205365636F6E64617279204351
S214043EB868616E6E656C7320616E64207573652028
S214043EC8496E7374616C6C20436F64650053636158
S214043ED86E205365636F6E64617279204368616E01
S214043EE86E656C7320616E64205573652043656E39
S214043EF87472616C697A6564204B657900536361F2
S214043F086E205365636F6E64617279204368616ED0
S214043F186E656C7320616E642055736520446973FE
S214043F287472696275746564204B657900536361BD
S214043F386E205072696D617279204368616E6E6591
S214043F486C7320616E642055736520416C6C204B3D
S214043F586579732028696E7374616C6C20636F646A
S214043F68652C2063656E7472616C697A65642C20AE
S214043F78646973747269627574656429005363614D
S214043F886E205365636F6E64617279204368616E50
S214043F986E656C7320616E642055736520416C6C85
S214043FA8204B6579732028696E7374616C6C206382
S214043FB86F64652C2063656E7472616C697A6564D7
S214043FC82C20646973747269627574656429004F79
S214043FD86E2F4F6666207365742076616C75653A35
S214043FE820253032582025303258004552523A207F
S214043FF872656164696E67206F6E2F6F666620252A
S214044008303258004F6E2F6F666620616C72656199
S21404401864792073657420746F206E6577207661E2
S2140440286C756500546F67676C65206F6E2F6F66D6
S214044038662066726F6D202530325820746F2025EE
S214044048303258004552523A2077726974696E675E
S214044058206F6E2F6F6666202530325800496E73BF
S21404406874616C6C656420547970652028426173A9
S21404407865293A202030782530325800436170612B
S21404408862696C69746965733A20202020202020B0
S2140440982020202030782530345800426F6F746C06
S2140440A86F616465722056657273696F6E3A202074
S2140440B8202020307825303458005365637572659F
S2140440C820426F6F746C6F61646572204B65793A31
S2140440D820202020202000426F6F746C6F61646972
S2140440E86E67206661696C65642100446F776E6C40
S2140440F86F6164206661696C65642E0044656C654E
S21404410874696E67206661696C656420646F776E8F
S2140441186C6F61642C207374617475733A203078FC
S2140441282530325800496D61676520646F657320D1
S2140441386E6F7420636F6E7461696E20616E2055AD
S21404414870677261646520496D61676520546167AC
S2140441582028307825303458292E20536B697070FF
S214044168696E6720757067726164652E00457865A8
S214044178637574696E6720626F6F746C6F61642010
S21404418863616C6C6261636B2E005374617274694C
S2140441986E672045424C2076657269666963617469
S2140441A8696F6E0045424C206661696C65642076CA
S2140441B86572696669636174696F6E2E0045424C60
S2140441C820706173736564207665726966696361D5
S2140441D874696F6E2E002573696E67204F544120EC
S2140441E8636C69656E74207374617465206D6163AD
S2140441F868696E650073746F7070004572726F72CA
S2140442083A204E6F20696D61676520617420696E77
S214044218646578202564004E6F7420737570706F1B
S214044228727465642E00436C69656E7420696D61EA
S214044238676520717565727920696E666F004D61D1
S2140442486E75662049443A2020202020202020200D
S21404425830782530345800496D6167652054797084
S214044268652049443A2020202030782530345800E8
S21404427843757272656E742056657273696F6E3A0A
S2140442882020307825303858004861726477617287
S214044298652056657273696F6E3A20004E41005168
S2140442A8756572792044656C6179206D733A2020AF
S2140442B820202020202020202020256C6400536500
S2140442C87276657220446973636F766572792044E2
S2140442D8656C6179206D733A20256C6400446F77A9
S2140442E86E6C6F61642044656C6179206D733A2046
S2140442F82020202020202020256C640052756E2063
S214044308557067726164652044656C6179206D73C5
S2140443183A202020202020256C64005665726966A1
S214044328792044656C6179206D733A20202020201A
S214044338202020202020256C6400446F776E6C6F44
S2140443486164204572726F72205468726573686F70
S2140443586C643A2020256400557067726164652091
S21404436857616974205468726573686F6C643A2080
S2140443782020202564004F544120446F776E6772CE
S214044388616465733A2044697361626C6564004FBE
S214044398544120446F776E6772616465733A2045AA
S2140443A86E61626C656400426F6F746C6F61642042
S2140443B873746174653A20257300496E76616C6976
S2140443C864204550202564207768656E20747279C9
S2140443D8696E6720746F2073656E64204F5441209D
S2140443E86D6573736167652E0053656E64696E67E1
S2140443F8205570677261646520456E642072657125
S214044408756573742E0025733A20696E76616C6937
S2140444186420636D6449642030782530325800453A
S21404442872726F723A20204661696C656420746FF4
S2140444382073656E64204F544120636F6D6D616E02
S21404444864203078253032582C2073746174757360
S2140444583A203078253032580053657276657220D3
S214044468756E6B6E6F776E2C2066616C6C696E6702
S214044478206261636B20746F20646973636F76656A
S21404448872792E004D6178696D756D207175657247
S21404449879206572726F727320686974202825649F
S2140444A8292C207374617274696E6720736561724F
S2140444B8636820666F72206E6577204F54412073B8
S2140444C865727665722E0A004170706C79696E673B
S2140444D820757067726164650025733A20696E7684
S2140444E8616C6964206F666673657420637572729E
S2140444F8656E7454696D65283078253038582920D7
S2140445083E207570677261646554696D65283078F5
S2140445182530385829004F544120436C7573746508
S214044528723A207761697420666F72202564207356
S21404453800525865642074696D654F757420307828
S2140445482530385820732C204D41582074696D65E1
S2140445584F7574203078253038582073004D6178AC
S214044568696D756D20757067726164652072657112
S2140445787565737473206D61646520282564292025
S214044588776974686F757420726573706F6E736577
S2140445982066726F6D207365727665722E0055708C
S2140445A867726164696E6720616E79776179004F16
S2140445B85441205365727669636520646973636F32
S2140445C8766572792070726576656E746564202DDA
S2140445D820616E6F7468657220697320616C7265F9
S2140445E861647920696E2070726F677265737300F0
S2140445F84661696C656420746F20696E69746961C4
S2140446087465207365727669636520646973636F7D
S214044618766572792E004F54412053657276696325
S2140446286520446973636F7665727920696E2070B5
S214044638726F677265737300436C69656E7420766F
S2140446486572696669636174696F6E206661696C10
S21404465865642E005369676E6174757265004375E8
S21404466873746F6D00706173736564004641494CDA
S2140446784544004E6F207369676E617475726520D1
S214044688766572696669636174696F6E207375709E
S214044698706F72742C20617373756D696E67206908
S2140446A86D616765206973206F6B61792E002573C9
S2140446B820766572696669636174696F6E2025730E
S2140446C83A20307825303258004D6178696D756D1A
S2140446D8206E756D626572206F6620646F776E6CE7
S2140446E86F6164206572726F7273207265616368A5
S2140446F820282564292C2061626F7274696E672EDF
S214044708004F544120436C75737465723A20736580
S2140447187474696E6720494545452061646472650A
S2140447287373206F66204F544120636C75737465E9
S21404473872005061727469616C2066696C652064E5
S2140447486F776E6C6F616420666F756E642C206379
S2140447586F6E74696E75696E672066726F6D206F0A
S21404476866667365742030782530385800466F7549
S2140447786E642066756C6C7920646F776E6C6F61F6
S2140447886465642066696C6520696E2073746F724C
S214044798616765202876657273696F6E20307825A0
S2140447A8303858292E00466F756E642066696C6525
S2140447B820696E2073746F72616765207769746800
S2140447C820646966666572656E74207665727369B8
S2140447D86F6E202830782530385829207468616E22
S2140447E82063757272656E742076657273696F6E6F
S2140447F82028307825303858290046696C652069A1
S2140448086E2073746F726167652069732073616DB7
S214044818652061732063757272656E742072756E96
S2140448286E696E672076657273696F6E20283078B5
S2140448382530385829004E6F20696D6167652066F3
S2140448486F756E6420696E2073746F726167652E67
S214044858004F544120536572766963652044697332
S214044868636F7665727920756E626C6F636B6564C8
S2140448780049676E6F72696E672073657276657233
S2140448882066726F6D206C6F6F706261636B206157
S2140448986464726573730049676E6F72696E672025
S2140448A8307825303458204F544120736572766525
S2140448B87220696E20736561726368206F6620547F
S2140448C8430053657474696E67204F5441205365DA
S2140448D87276657220746F20307825303458004418
S2140448E8656C6179696E67202564207365636F6EED
S2140448F86473206265666F72652073746172746986
S2140449086E67204F544120636C69656E7400546961
S2140449186D656F75742077616974696E6720666F54
S21404492872206D6573736167652E00426164204F5B
S214044938544120636F6D6D616E643A20307825307B
S2140449483258004F544120636F6D6D616E64203099
S214044958782530325820746F6F2073686F7274200D
S214044968286C656E202564203C206D696E202564BD
S21404497829004F544120636F6D6D616E6420667222
S2140449886F6D20756E7265636F676E697A656420ED
S214044998736572766572203078253034582E202058
S2140449A84D79204F5441207365727665723A2030EB
S2140449B8782530345800496D616765204E6F7469F0
S2140449C8667900476F7420756E65787065637465DC
S2140449D8642025732E2020537461727420646973CE
S2140449E8636F766572792E0064656661756C74000B
S2140449F84F54413A206661696C656420746F20736D
S214044A08656E6420257320726573706F6E73653ADD
S214044A182030782530325800496D616765206E6FFE
S214044A287469667900476F7420756E657870656377
S214044A387465642025732E202049676E6F7265643A
S214044A482E004F54413A2044656661756C74207292
S214044A586573706F6E736520666F7220496D616743
S214044A6865206E6F746966792C2073746174757327
S214044A782030782530325800496D616765206E6F9E
S214044A887469667920636F6D6D616E6400257320A2
S214044A98756E69636173742C207175657279696EB5
S214044AA86700496E76616C69640025732025732057
S214044AB87061796C6F61642074797065203078252C
S214044AC83032580025732025733A206F7574206F8A
S214044AD8662072616E6765206A697474657220253B
S214044AE8640025732025733A207061796C6F6164BD
S214044AF8206C656E67746820646F65736E2774200F
S214044B086D61746368207479706520307825303256
S214044B185820282564203C20256429002573202550
S214044B28732064756520746F206E6F6E2D6D6174C6
S214044B386368696E67206D616E7566616374757205
S214044B486572204944002573202573206475652002
S214044B58746F206E6F6E2D6D61746368696E67205E
S214044B68696D61676520747970652049440025730A
S214044B782025732064756520746F206D61746368DE
S214044B88696E67206669726D7761726520766572EC
S214044B9873696F6E0025732025732C20527827645A
S214044BA8204A69747465722028307825303258296A
S214044BB82C205069636B6564204A69747465722096
S214044BC82830782530325829005175657279206E58
S214044BD865787420696D61676520726573706F6E99
S214044BE873650025732072657475726E656420306B
S214044BF878253032582E20204E6F206E657720692F
S214044C086D61676520746F20646F776E6C6F61647E
S214044C182E00257320746F6F2073686F72742028B3
S214044C282564203C202564290025733A204E6577A0
S214044C3820696D61676520697320617661696C61B6
S214044C48626C6520666F7220646F776E6C6F616441
S214044C582E002573206973206E6F74207573696E31
S214044C6867206D7920696D61676520696E666F2EA9
S214044C78004552524F523A204E65787420496D6169
S214044C88676520697320746F6F2062696720746F84
S214044C982073746F72652028307825303858203E83
S214044CA820307825303858290025732072657475A5
S214044CB8726E65642073616D652046696C65566519
S214044CC87273696F6E2061732063757272656E7491
S214044CD86C7920696E7374616C6C65642E004F542D
S214044CE84120446F776E6772616465732044697304
S214044CF861626C65643A2046696C655665727369C8
S214044D086F6E20626568696E642063757272656E7C
S214044D187420696E7374616C6C6174696F6E005389
S214044D2874617274696E6720646F776E6C6F616401
S214044D382C2056657273696F6E2030782530385883
S214044D48004572726F723A204661696C6564207415
S214044D586F2064656C65746520696D6167652E00EF
S214044D684572726F723A204661696C656420746F86
S214044D78206572617365206F6C642074656D70209D
S214044D88646174612E00496D61676520626C6F63A7
S214044D986B20726573706F6E7365004F54413A20CA
S214044DA8496D616765426C6F636B5265706F6E73AD
S214044DB86520636F6E7461696E7320696E76616CC4
S214044DC86964206F7220696E636F6D706C657465B4
S214044DD82064617461005570646174696E67204D5F
S214044DE8696E20426C6F636B2052657175657374C7
S214044DF820506572696F6420746F202564206D7373
S214044E0800446F776E6C6F61642064656C6179200A
S214044E18627920736572766572202564206D730046
S214044E28446F776E6C6F61642061626F7274656438
S214044E38206279207365727665722E0053657276E1
S214044E48657220646F65736E277420737570706F4F
S214044E587274207061676520726571756573742C49
S214044E68206F6E6C79207573696E6720626C6F6349
S214044E786B20726571756573742E0053657276655A
S214044E88722072657475726E65642027756E737504
S214044E9870706F7274656420636C757374657220C1
S214044EA8636F6D6D616E64272E00556E6B6E6F773B
S214044EB86E2025732073746174757320636F64653C
S214044EC820307825303258002573206861732064B2
S214044ED86174612073697A65202825642920736DB6
S214044EE8616C6C6572207468616E206163747561A8
S214044EF86C207061636B65742073697A6520282555
S214044F0864292E002573206572726F723A204578DC
S214044F18706563746564206F66667365742030789C
S214044F28253038582C2062757420676F74203078C2
S214044F38253038582E202049676E6F72696E6700D0
S214044F48257320696E666F20646964206E6F74200A
S214044F586D61746368206D7920657870656374651F
S214044F686420696E666F2E202044726F7070696EB6
S214044F78672E004661696C656420746F20777269D1
S214044F88746520746F2073746F7261676520646536
S214044F98766963652100446F776E6C6F61640055AB
S214044FA870677261646520656E6420726573706FDD
S214044FB86E7365005365727665722061626F7274EB
S214044FC8656420757067726164652C2073746174F7
S214044FD875733A20307825303258004572726F72ED
S214044FE83A2025732068616420696E76616C69646A
S214044FF82025733A200066696C65207665727369A5
S2140450086F6E00416464696E67202564206D732E94
S2140450182064656C617920666F7220696D6D6564BD
S2140450286961746520757067726164652E00436FE4
S214045038756E74646F776E20746F2075706772610E
S21404504864653A202564206D730020537461746582
S2140450583A2020202573002057616974696E6720FA
S214045068666F7220726573706F6E73653A20257367
S21404507800204E657874204576656E742054696DF4
S21404508865723A202564206D730020437572726534
S2140450986E7420446F776E6C6F6164204F66667317
S2140450A865743A2030782530385820282564252514
S2140450B8290025733A206661696C656420706172FC
S2140450C873696E67204F544120636D6420307825D9
S2140450D8303258004F54412044656661756C74201C
S2140450E8726573706F6E736520746F20636F6D6D71
S2140450F8616E64204944203078253032582C207359
S21404510874617475732030782530325800496D619F
S214045118676520626C6F636B20726571756573745E
S2140451282074657374206F6E6C7920776F726B7356
S214045138207768656E2073746174652069732042ED
S2140451484F4F544C4F41445F53544154455F4E4F60
S2140451584E450052616E646F6D2044656C6179201B
S2140451686265666F7265207374617274004469734D
S214045178636F766572696E67204F54412053657273
S21404518876657200476574204F54412053657276DD
S214045198657220455549004F627461696E206C69D2
S2140451A86E6B206B6579005175657279696E672038
S2140451B84E65787420496D61676500446F776E6C38
S2140451C86F6164696E6720496D616765005665722C
S2140451D8696679696E6720496D6167650057616914
S2140451E874696E6720666F722055706772616465AD
S2140451F8206D65737361676500436F756E74646FBD
S214045208776E20746F205570677261646500576105
S2140452186974696E6720746F207570677261646557
S21404522820766961206F75742D6F662D62616E64D1
S214045238206D656368616E69736D0025733A202571
S21404524864252520636F6D706C65746500496D610F
S21404525867652025640020204552524F523A204361
S2140452686F756C64206E6F74206765742066756C41
S2140452786C20686561646572210020204865616455
S21404528865722056657273696F6E3A2030782530D9
S2140452983458002020486561646572204C656E6742
S2140452A874683A2020256420627974657300202087
S2140452B84669656C6420436F6E74726F6C3A20207E
S2140452C83078253034580020204D616E75662049A4
S2140452D8443A2020202020202030782530345800D6
S2140452E82020496D61676520547970653A2020202E
S2140452F8202030782530345800202056657273698B
S2140453086F6E3A2020202020202020307825303840
S214045318580020205A696762656520566572736965
S2140453286F6E3A203078253034580020204865615E
S21404533864657220537472696E673A202025730078
S2140453482020496D6167652053697A653A202020D4
S2140453582020256C642062797465730020205365C8
S21404536863757269747920437265643A20203078CC
S21404537825303258002020557067726164652044D1
S2140453886573743A2020200020204D696E2E20482C
S21404539857205665723A2020202030782530345815
S2140453A80020204D61782E204857205665723A20F2
S2140453B8202020307825303458002020546F74611B
S2140453C86C20546167733A202564002020202054FA
S2140453D861673A2030782530345800202020202071
S2140453E8204C656E6774683A20256C6400457272B2
S2140453F86F723A20436F756C64206E6F74206F6208
S2140454087461696E2074616720696E666F206672BF
S2140454186F6D20696D6167652E000A256420696DC5
S2140454286167657320696E204F54412073746F72E8
S2140454386167652E00496D6167652064656C6574EF
S2140454486525732E004572726F723A2020436F7575
S2140454586C64206E6F74207265616420626C6F637E
S2140454686B3A203078253032582E0A00537461720D
S21404547874696E672065726173652066726F6D2045
S2140454886F66667365742030782530385820746FD4
S2140454982030782530385800436F756C64206E6F5A
S2140454A87420737461727420455241534521202830
S2140454B83078253032582900454550524F4D2045FE
S2140454C87261736520636F6D706C657465002F6810
S2140454D86F6D652F72756E6E65722F776F726B2F90
S2140454E8747579612D7A69676265652D7377697451
S2140454F863682F747579612D7A69676265652D739B
S21404550877697463682F73696C6162735F746F6F0D
S2140455186C732F73696D706C69636974795F7364EF
S2140455286B2F70726F746F636F6C2F7A696762651E
S214045538652F6170702F6672616D65776F726B2F59
S214045548706C7567696E2F6F74612D73746F7261F2
S21404555867652D73696D706C652D656570726F6D02
S2140455682F6F74612D73746F726167652D6565702E
S214045578726F6D2D706167652D65726173652E6334
S214045588002F686F6D652F72756E6E65722F776F54
S214045598726B2F747579612D7A69676265652D73E8
S2140455A877697463682F747579612D7A696762659B
S2140455B8652D7377697463682F73696C6162735FAA
S2140455C8746F6F6C732F73696D706C696369747923
S2140455D85F73646B2F70726F746F636F6C2F7A6966
S2140455E8676265652F6170702F6672616D65776F87
S2140455F8726B2F706C7567696E2F6F74612D737478
S2140456086F726167652D73696D706C652D6565705D
S214045618726F6D2F6F74612D73746F726167652D69
S214045628656570726F6D2E63004F54412053696D23
S214045638706C652053746F726167652045455052D7
S2140456484F4D207761726E696E673A20636F756C8A
S21404565864206E6F742067657420736C6F74206999
S2140456686E666F20666F7220736C6F7420256420D4
S214045678286572726F7220307825303258292E20A9
S21404568844656661756C74696E6720746F20737000
S214045698656369666965642061646472657373200A
S2140456A86F6666736574730053746F7261676520FA
S2140456B84472697665723A20202020202020202013
S2140456C8202020204F54412053696D706C65205368
S2140456D8746F7261676520454550524F4D20506C73
S2140456E87567696E0052656164204D6F64696679F2
S2140456F820577269746520537570706F72743A20F7
S214045708206E6F00534F4320426F6F746C6F616452
S214045718696E6720537570706F72743A2020202063
S21404572879657300426F6F746C6F61646572205399
S214045738746F7261676520537570706F72743A205F
S21404574855736520666972737420736C6F7400539E
S2140457586C6F7420746F207573653A20202020209F
S2140457682020202020202020202020256400437587
S2140457787272656E7420446F776E6C6F6164204F26
S21404578866667365743A20202020307825303858A9
S2140457980045424C205374617274204F66667365E4
S2140457A8743A20202020202020202020203078250D
S2140457B830385800454550524F4D20537461727422
S2140457C83A202020202020202020202020202020AE
S2140457D830782530385800454550524F4D20456E90
S2140457E8643A20202020202020202020202020204A
S2140457F820202030782530385800496D61676520A8
S214045808496E666F2053746172743A2020202020F3
S2140458182020202020203078253038580053617600
S214045828652052617465202862797465732920207E
S21404583820202020202020202030782530385800AA
S2140458484F6666736574206F6620646F776E6C6F38
S2140458586164206F6666736574202020307825306E
S2140458683858004F6666736574206F662045424C48
S214045878206F66667365743A202020202020203026
S2140458887825303858004F6666736574206F66202E
S214045898696D6167652073746172743A20202020EC
S2140458A8202030782530385800736C5F7A69676230
S2140458B865655F61665F6F74615F73746F72616755
S2140458C8655F6472697665725F726561645F636258
S2140458D82829206661696C65642100426164206D2C
S2140458E861676963206E756D62657220696E2066ED
S2140458F8696C653A2030782530325820307825305F
S21404590832582030782530325820307825303258AE
S214045918004261642076657273696F6E20696E2032
S21404592866696C6520307825303458004572726F85
S214045938723A2072656164416E6456616C6964618A
S214045948746553746F726564496D616765282920A8
S214045958747269656420746F2072656164206D6F63
S21404596872652064617461207468616E20697420AD
S214045978636F756C6420686F6C642E00736C5F7A52
S21404598869676265655F61665F6F74615F73746F8C
S214045998726167655F6472697665725F7265616471
S2140459A85F63622829204641494C454421004C61DE
S2140459B87374206F666673657420646F776E6C6F95
S2140459C8616465643A203078253038580053746F1B
S2140459D872616765204D6F64756C653A204F544153
S2140459E82053696D706C652053746F726167652007
S2140459F8506C7567696E00496D61676573205374EA
S214045A086F7265643A20202564206F6620310A0088
S214045A18253032583A006570202530325820636C99
S214045A2875732025303458206174747220253034F8
S214045A38582073767220256300206D66672025300B
S214045A48325800207265706F7274206D696E202556
S214045A58303458206D61782025303458207270749C
S214045A682D63686720253038580020726563656999
S214045A7876652066726F6D20253034582065702050
S214045A88253032582074696D656F75742025303456
S214045A98580072656D6F766500636C656172696E31
S214045AA867206C617374207265706F7274207469F1
S214045AB86D65206F6620616C6C206174747269620F
S214045AC8757465730074657374696E672074696D9C
S214045AD8696E67206F6620766172696F75732072C7
S214045AE865706F7274696E67206F70657261746929
S214045AF86F6E73002D2D2D2D2D2D2D2D2D2D2D2D29
S214045B082D2D2D2D2D2D2D2D2D2D2D2D2D2D2D2DB4
S214045B182D2D2D2D2D2D2D2D2D2D2D2D2D2D2D2DA4
S214045B282D2D2D002D2D7461626C652072656164BF
S214045B3873202D2066756C6C207461626C652D2D3F
S214045B4800726573756C74203D202564206D73009F
S214045B582D2D696E6974202F207363686564756CCF
S214045B6865207469636B2D2D2D002D2D6C6F616473
S214045B7820636F6E66696775726174696F6E2064F8
S214045B88656661756C74732D2D002F686F6D652FAF
S214045B9872756E6E65722F776F726B2F7475796176
S214045BA82D7A69676265652D7377697463682F74DF
S214045BB87579612D7A69676265652D73776974638B
S214045BC8682F73696C6162735F746F6F6C732F737D
S214045BD8696D706C69636974795F73646B2F70722E
S214045BE86F746F636F6C2F7A69676265652F61706F
S214045BF8702F6672616D65776F726B2F706C756740
S214045C08696E2F7265706F7274696E672F7265702D
S214045C186F7274696E672E6300524541445F525032
S214045C28545F43464700726561645F7265706F72BD
S214045C3874696E675F636F6E6669677572617469A7
S214045C486F6E005265706F7274696E673A2066618B
S214045C58696C656420746F2073656E6420257320F0
S214045C68726573706F6E73653A20307825303258D3
S214045C78004552523A2072656164696E6720636C07
S214045C8875737465722030782530345820617474BE
S214045C98726962757465203078253034583A203035
S214045CA87825303258004552523A207265706F7221
S214045CB874696E67206F66204C4F4E472073747263
S214045CC8696E672061747472696275746520747984
S214045CD87065206E6F7420737570706F7274656467
S214045CE83A20636C7573746572203078253034589E
S214045CF8206174747269627574652030782530344E
S214045D0858005265706F7274696E6720456E7472B7
S214045D18792046756C6C202D206372656174696EF3
S214045D2867206E6577207265706F72740043464705
S214045D385F52505400202D20646972656374696F3D
S214045D486E3A253032582C20617474723A253034F1
S214045D585800202020747970653A253032582C2053
S214045D686D696E3A253034582C206D61783A2530A2
S214045D783458002020206368616E67653A00202046
S214045D882074696D656F75743A2530345800636FEE
S214045D986E6669677572655F7265706F7274696E30
S214045DA867002054434C4B20757064617465206109
S214045DB86C726561647920696E2070726F677265AB
S214045DC87373004D616E75616C2054434C4B20759B
S214045DD87064617465206661696C65642E25730059
S214045DE85374617274696E67207570646174652093
S214045DF874727573742063656E746572206C696E4C
S214045E086B206B65792070726F63657373005570C9
S214045E1864617465205443204C696E6B204B657925
S214045E2800204E6577206B65792065737461626C13
S214045E3869736865643A00204572726F723A005056
S214045E486172746E65723A20005A434C20676C6F10
S214045E5862616C20636C757374657220636F6D6D14
S214045E68616E647300646972656374696F6E006456
S214045E786973632D636F6D2D67656E00646973635C
S214045E882D636F6D2D726563006578706563742D78
S214045E987265706F72742D66726F6D2D6D65007500
S214045EA87772697465006E777269746500726570D6
S214045EB86F72742D726561640073656E642D6D650A
S214045EC82D612D7265706F72740043726561746516
S214045ED873206120676C6F62616C20646973636FFA
S214045EE876657220636F6D6D616E6420666F7220CE
S214045EF8746865206173736F63696174656420767A
S214045F08616C7565732E00636C7573746572496489
S214045F181F61747472696275746549641F6D61786B
S214045F284E756D626572546F5265706F72741F0099
S214045F3843726561746573206120676C6F62616C77
S214045F482073656E64206D652061207265706F72BB
S214045F587420636F6D6D616E6420666F722074685A
S214045F6865206173736F6369617465642076616C18
S214045F787565732E00636C757374657249641F6166
S214045F88747472696275746549641F6461746154D3
S214045F987970651F6D696E5265706F727454696D99
S214045FA8651F6D61785265706F727454696D651FEC
S214045FB87265706F727461626C654368616E67655A
S214045FC81F0043726561746573206120676C6F6295
S214045FD8616C2072656164207265706F7274696E94
S214045FE86720636F6D6D616E6420666F72207468D7
S214045FF865206173736F63696174656420636C7587
S214046008737465722C206174747269627574652081
S214046018616E64207365727665722F636C69656E4B
S2140460287420646972656374696F6E2E00636C7598
S2140460387374657249641F617474726962757465F1
S21404604849641F646972656374696F6E1F00476CE0
S2140460586F62616C207265706F7274696E67206314
S2140460686F6D6D616E6400656E64706F696E741F23
S214046078636C757374657249641F617474726962BB
S21404608875746549641F6D61736B1F00437265619F
S214046098746573206120676C6F62616C2072656139
S2140460A86420636F6D6D616E64206D6573736167DC
S2140460B86520746F20726561642066726F6D207443
S2140460C8686520636C757374657220616E642061FC
S2140460D87474726962757465207370656369666939
S2140460E865642E00636C757374657249641F617405
S2140460F87472696275746549641F004372656174D5
S2140461086573206120676C6F62616C2077726974AE
S2140461186520636F6D6D616E64206D65737361676A
S2140461286520746F20777269746520746F207468AC
S2140461386520636C757374657220616E642061747F
S21404614874726962757465207370656369666965D7
S2140461586400636C757374657249641F6174747241
S214046168696275746549641F747970651F6461741F
S214046178611F0043726561746520612065787065E7
S21404618863742D7265706F72742D66726F6D2D6DE3
S21404619865206D6573736167652077697468206127
S2140461A873736F6369617465642076616C7565736F
S2140461B82E00636C757374657249641F6174747217
S2140461C8696275746549641F74696D656F75741FB3
S2140461D800437265617465206120446973636F7651
S2140461E8657220436F6D6D616E64732047656E65D6
S2140461F8726174656420636F6D6D616E642077697F
S2140462087468206173736F6369617465642076616A
S2140462186C7565732E00636C757374657249641FB8
S2140462287374617274436F6D6D616E6449641F6D37
S2140462386178436F6D6D616E6449641F00536574BD
S214046248732074686520646972656374696F6E2068
S214046258666F7220676C6F62616C20636F6D6D6128
S2140462686E64732C2065697468657220636C69654E
S2140462786E7420746F20736572766572206F722050
S21404628873657276657220746F20636C69656E74C4
S2140462982E0053657473206120666C616720736FE3
S2140462A8207468617420746865206170706C696312
S2140462B86174696F6E206672616D65776F726B20A4
S2140462C857494C4C204E4F5420726573706F6E6459
S2140462D820746F20746865206E657874205A434C61
S2140462E8206D657373616765207468617420636FD5
S2140462F86D657320696E206F7665722074686520F4
S2140463086169722E0053657473206120666C616738
S21404631820736F20746861742074686520617070D7
S2140463286C69636174696F6E206672616D65776FF8
S214046338726B2057494C4C20726573706F6E6420DC
S214046348746F20746865206E657874205A434C20F0
S2140463586D657373616765207468617420636F6D17
S214046368657320696E206F7665722074686520618F
S21404637869722E00536574732074686520446973C3
S21404638861626C652044656661756C742052657339
S214046398706F6E7365204672616D6520436F6E7408
S2140463A8726F6C2062697420746F2075736520663A
S2140463B86F7220746865206E65787420636F6D6DDF
S2140463C8616E642069662074686520636F6D6D610C
S2140463D86E64206973206E6F7420616C72656164E4
S2140463E879206275696C742E0064697361626C65E1
S2140463F844656661756C74526573706F6E73651F59
S21404640800536574732074686520666C616720742D
S2140464186F207573652074686520696E6372656D90
S214046428656E7465642073657175656E6365206E44
S214046438756D6265722066726F6D20746865206675
S21404644872616D65776F726B20666F72207468650B
S214046458206E6578742072617720636F6D6D616E47
S214046468642E007573654E65787453657175656E2C
S21404647863651F00436C6920636F6D6D616E6420ED
S214046488746F2063616C6C20736C5F7A69676265ED
S214046498655F61665F7365745F74696D65206675AC
S2140464A86E6374696F6E20646F63756D656E74656C
S2140464B86420696E2061662E680075746354696D7D
S2140464C8651F0053657473207468652074776F209D
S2140464D862797465206D616E75666163747572653C
S2140464E872207370656369666963206964656E748F
S2140464F8696669657220746F2075736520666F72A5
S21404650820746865206E65787420636F6D6D616E9F
S214046518642069662074686520636F6D6D616E64B7
S214046528206973206E6F7420616C726561647920CB
S2140465386275696C742E006D666753706563696668
S214046548696349641F0054727573742043656E74D6
S2140465586572204A6F696E2048616E646C65723A8B
S21404656820737461747573203D2025732C2064652C
S214046578636973696F6E203D2025732028253032A1
S21404658858292C2073686F72746964203078253013
S214046598345800554E73656375726564206A6F696E
S2140465A86E00646576696365206C65667400554E8E
S2140465B8736563757265642072656A6F696E0075C3
S2140465C8736520707265636F6E6669677572656455
S2140465D8206B65790073656E64206B657920696E37
S2140465E82074686520636C6561720064656E792042
S2140465F86A6F696E006E6F20616374696F6E0061FE
S2140466086C6C6F772072656A6F696E73206F6E6C38
S21404661879006E6F742000534C5F5354415455539D
S2140466285F4E4554574F524B5F55502030782530AF
S21404663834580054727573742043656E74657220FA
S214046648455549206861732025736368616E6765DC
S214046658642E00534C5F5354415455535F4E45546F
S214046668574F524B5F444F574E00534C5F53544159
S2140466785455535F4E4F545F4A4F494E4544005352
S2140466884C5F5354415455535F5A49474245455FF6
S2140466984E4554574F524B5F4F50454E45443A204B
S2140466A825642073656300534C5F53544154555313
S2140466B85F5A49474245455F4E4554574F524B5FCC
S2140466C8434C4F5345440025733A202573006469A8
S2140466D87374726962757465640063656E74726156
S2140466E86C697A656400466F726D002573696E6717
S2140466F8206F6E2063682025642C2070616E4964C0
S21404670820307825303458004572726F723A204427
S214046718657669636520646F6573206E6F7420738D
S2140467287570706F7274202573206E6574776F7237
S2140467386B20666F726D6174696F6E004A6F696E5E
S21404674800496E76616C6964205365637572697472
S214046758792050726F66696C653A20307825303235
S2140467685800704A6F696E20666F7220256420731D
S21404677865633A20307825303258004C696D697460
S214046788696E67206475726174696F6E206F66201F
S2140467987065726D6974206A6F696E2066726F6DB3
S2140467A820666F726576657220283235352920741E
S2140467B86F203235340052583A205A444F2C2063FE
S2140467C86F6D6D616E64203078253034582C2073D4
S2140467D874617475733A20307825303258005369DA
S2140467E86D706C650052583A2025732044657363AF
S2140467F82052657370004D61746368002C204D61E7
S21404680874636865733A202564004465766963652D
S21404681820416E6E6F756E63653A20307825303485
S214046828580052583A2049454545204164647265E3
S214046838737320526573706F6E73650052583A20EE
S21404684841637469766520455020526573706F6E8F
S21404685873652C20436F756E743A202564004E6F5A
S2140468686465002C204D6174636865733A2030783B
S2140468782530345800737461636B207665722E2055
S2140468885B25642E25642E256400202573206275F6
S214046898696C642025645D005A444F0053450048DB
S2140468A84100436C757374657200476C6F62616C63
S2140468B80025737478203078253038582C200050FA
S2140468C8726F66696C653A202573202830782530FF
S2140468D83458292C20436C75737465723A203078C2
S2140468E8253034582C2025642062797465732C006E
S2140468F8205A434C20257320436D642049443A208B
S2140469082564005072652D52656C65617365004197
S2140469186C706861203100416C70686120320041F7
S2140469286C706861203300426574612031004265EA
S2140469387461203200426574612033004741005276
S2140469486573657420696E666F3A20307825303230
S2140469585820282573290064656C65746520626967
S2140469686E64696E673A20253032582025303258CE
S214046978000102030405060708090A0B0C000101B6
S2140469880101010101010101010100575249544561
S214046998204552523A200025736570202530325817
S2140469A820636C7573202530345820617474722003
S2140469B825303458206E6F7420737570706F727437
S2140469C86564002573696E76616C69642064617415
S2140469D861207479706500257361747472206E6F13
S2140469E874207772697461626C650057524954451D
S2140469F83A206E6F2077726974652C206A757374F2
S214046A082061207465737400524541443A206174C9
S214046A18747269627574652073697A6520746F6F19
S214046A28206C6172676520666F722063616C6C65A2
S214046A387200636C6E74007372767200525700525A
S214046A484F00202052414D20200020746F6B656E45
S214046A58200065787465726E2000454E44504F4990
S214046A684E54202530325800636C7573202F2073DB
S214046A78696465202F2061747472202F206D666700
S214046A8820202F74797065286C656E292F207277FC
S214046A98202F2073746F72616765202F20646174D9
S214046AA8612028726177290025303458202F202544
S214046AB873202F2025303458202F2000202F2025FF
S214046AC830325820282530325829202F2025732084
S214046AD82F202573202F2000556E737570706F72E3
S214046AE8746564004F544120524541443A20657009
S214046AF83A25303258206369643A25303458206180
S214046B08747469643A25303458206D736B3A2530AA
S214046B183258206D66636F64653A253034580052DF
S214046B284541443A20636C757320253034582C202C
S214046B38617474722025303458206661696C656403
S214046B48202530325800524541443A20636C757308
S214046B5820253034582C206174747220253034581B
S214046B682C20646174614C656E3A20253032582CAA
S214046B78204F4B00282563292530325825303258B3
S214046B882530325825303258253032582530325878
S214046B9825303258253032580064697361626C6552
S214046BA8002573642C2064726F7070696E672065A4
S214046BB8702030782530325820636C75732030780E
S214046BC82530345820636D642030782530325800D8
S214046BD847656E65726174656400526563656976B7
S214046BE8656400446973636F76657220436F6D6DE0
S214046BF8616E647320726573706F6E7365202863A4
S214046C086F6D706C6574653A202563292C2025738E
S214046C18204944733A200030782530325820005FE3
S214046C2845585400524541445F4154545200575203
S214046C384954453A20636C757320253034582061CE
S214046C48747472202530345820004641494C202557
S214046C583032580057524954453A20746F6F20739F
S214046C68686F727400444953435F41545452002574
S214046C787325733A20636C75732025303458005393
S214046C88766320446973633A2000257357616974F0
S214046C98696E672025642073656320666F722064B6
S214046CA86973636F7665727920746F20636F6D708D
S214046CB86C65746500537461746520636F727265DD
S214046CC873706F6E64696E6720746F2074686520CD
S214046CD87468652072657175657374206E6F7420A8
S214046CE8666F756E640A002573636F6D706C6574E1
S214046CF8652E0A00257353657276696365204469B0
S214046D0873636F76657279205374617465206C6951
S214046D186D69747320726561636865640A00257317
S214046D28496C6C6567616C2062726F616463617339
S214046D387420616464726573732C2072656D617067
S214046D4870696E6720746F2076616C6964206F6E54
S214046D58652E0025734661696C656420746F20731C
S214046D68656E64206D6174636820646973636F7606
S214046D786572793A20307825303258002573537472
S214046D88617274696E6720646973636F7665727975
S214046D9820666F7220636C7573746572203078256C
S214046DA83034580025734661696C656420746F2016
S214046DB873656E642073696D706C652064657363AF
S214046DC8726970746F7220726571756573743A208F
S214046DD83078253032580025734661696C6564201E
S214046DE8746F2073656E6420494545452061646464
S214046DF87265737320726571756573743A2030789A
S214046E08253032580025734661696C656420746FB2
S214046E182073656E64204E574B20616464726573F4
S214046E287320726571756573743A2030782530322C
S214046E3858004572726F723A202573206261642086
S214046E4873696D706C652064657363726970746FBA
S214046E5872206C656E6774682E0025734D657373AF
S214046E6861676520746F6F2073686F72740025738A
S214046E784D65737361676520746F6F2073686F72EE
S214046E887420666F72206E756D2E20656E64706F42
S214046E98696E74730025734D617463682573206680
S214046EA86F756E642066726F6D203078253034589E
S214046EB82E004572726F723A20257320696E7661C9
S214046EC86C6964206C656E677468202825642021C4
S214046ED83D2025642920666F7220416374697665AF
S214046EE820456E64706F696E7420726573706F6E79
S214046EF87365002573676F7420616374697665200B
S214046F08455020726573706F6E7365005554432040
S214046F1874696D653A2025642F25642F2564202519
S214046F28643A25643A2564202825303858290028E8
S214046F38556E6B6E6F776E20636C75732E205B30A0
S214046F4878253034585D29000D0A54253038583AC7
S214046F58005258206C656E2025642C206570202508
S214046F683032582C20636C757320307825303458AA
S214046F782000206D66674964202530345800204672
S214046F884320253032582073657120253032582026
S214046F98636D642025303258207061796C6F6164A3
S214046FA85B004261736963004F7665722074686596
S214046FB82041697220426F6F746C6F6164696E67F2
S214046FC8002573525820706B7420746F6F20736892
S214046FD86F72743A202564203C2025640025735279
S214046FE85820706B74206D616C666F726D65643AB8
S214046FF8202564203C2025640020204861766520EE
S214047008526F7574657220537570706F72740020B1
S21404701820456E6420446576696365204F6E6C79F6
S214047028002020456E61626C656400202044697304
S21404703861626C6564004572726F72207265747260
S214047048696576696E6720696E666F20666F72205A
S2140470586C6962726172792049442025640025733C
S214047068206C696272617279257320707265736523
S2140470786E74005A69676265652050726F004269CB
S2140470886E64696E67005365637572697479204324
S2140470986F7265005365637572697479204C696EFE
S2140470A86B204B6579730043424B45203136334B8E
S2140470B8310043424B4520445341205369676E00D0
S2140470C84543430043424B4520445341205665728A
S2140470D8696679005061636B65742056616C6964EF
S2140470E8617465005A4C4C0043424B452032383391
S2140470F84B3100454343203238334B310043424B2F
S2140471084520636F7265004E4350004D756C746974
S214047118206E6574776F726B00456E68616E636582
S2140471286420426561636F6E205265710043424B6A
S21404713845203238334B3120445341205665726912
S2140471486679004D756C74692D50414E002F686F32
S2140471586D652F72756E6E65722F776F726B2F74EE
S2140471687579612D7A69676265652D7377697463C5
S214047178682F747579612D7A69676265652D7377EA
S214047188697463682F73696C6162735F746F6F6C7C
S214047198732F73696D706C69636974795F73646B54
S2140471A82F70726F746F636F6C2F7A696762656588
S2140471B82F737461636B2F636F6E6669672F736CC6
S2140471C85F7A69676265655F636F6E66696775721D
S2140471D86174696F6E2E63002F686F6D652F727504
S2140471E86E6E65722F776F726B2F747579612D7A50
S2140471F869676265652D7377697463682F74757932
S214047208612D7A69676265652D7377697463682F7B
S21404721873696C6162735F746F6F6C732F73696DD7
S214047228706C69636974795F73646B2F70726F74BA
S2140472386F636F6C2F7A69676265652F7374616311
S2140472486B2F6672616D65776F726B2F6165732D30
S2140472586563622E63002F686F6D652F72756E6E98
S21404726865722F776F726B2F747579612D7A6967DB
S2140472786265652D7377697463682F747579612DF3
S2140472887A69676265652D7377697463682F7369AD
S2140472986C6162735F746F6F6C732F73696D706C57
S2140472A869636974795F73646B2F70726F746F6344
S2140472B86F6C2F7A69676265652F737461636B2FC9
S2140472C873656375726974792F7A69676265652D63
S2140472D873656375726974792D6D616E616765721D
S2140472E82D6E6F2D7661756C742E63004572726F01
S2140472F8723A20204661696C656420746F20726552
S21404730861642066726F6D20454550524F4D20616A
S214047318742030782534582C207374617475733A45
S21404732820256400454550524F4D20496E697469BE
S214047338616C697A65643A20256300454550524F66
S2140473484D20427573793A2025630050617274693A
S214047358616C20576F72642053746F72616765207E
S214047368436F756E743A20256400416464726573CD
S214047378733A2030782534582C2050617274696129
S2140473886C20576F72643A203078255800636F6E05
S2140473986669726D656400617373756D6564000A69
S2140473A8454550524F4D20496E666F004E6F742007
S2140473B8617661696C61626C6520286F6C646572BD
S2140473C820626F6F746C6F61646572290050617215
S2140473D874204465736372697074696F6E3A20200A
S2140473E8202020202020202025730043617061621D
S2140473F8696C69746965733A20202020202020204F
S21404740820202020202030782532580050616765D7
S2140474182045726173652074696D65202873293A5E
S2140474282020202020202564005061727420457294
S2140474386173652074696D65202873293A202020B5
S214047448202020256400506172742045726173659B
S2140474582074696D6520286D73293A202020202021
S21404746820256400506167652073697A6520286260
S21404747879746573293A202020202020202020258E
S2140474886C00506172742073697A65202862797476
S2140474986573293A202020202020202020256C00EF
S2140474A8576F72642073697A6520286279746573E5
S2140474B8293A202020202020202020256420282542
S2140474C8702900454550524F4D20696E69743A201C
S2140474D830782558002F686F6D652F72756E6E6547
S2140474E8722F776F726B2F747579612D7A6967625C
S2140474F865652D7377697463682F747579612D7A59
S21404750869676265652D7377697463682F73696C38
S2140475186162735F746F6F6C732F73696D706C69D7
S214047528636974795F73646B2F7574696C2F706CF8
S2140475387567696E2F706C7567696E2D636F6D6DF0
S2140475486F6E2F656570726F6D2F656570726F6DDF
S2140475582E6300556E61626C6520746F20626F6FCF
S2140475687420696D61676520617420736C6F74207C
S214047578256C640A00536C6F74204D616E616765F0
S21404758872206661696C656420746F206572617325
S2140475986520736C6F740A004D61782072656164A7
S2140475A8206C696D69742073657420746F20256473
S2140475B82062797465730A00416464726573732083
S2140475C8202020202020202020446174610A0030D6
S2140475D87825346C782020202020202030782578C0
S2140475E80A004661696C656420746F20726561647C
S2140475F82066726F6D20666C6173680A00536C6F40
S2140476087420256C640A20204164647265737320B0
S214047618202020203A20307825346C580A20204C24
S214047628656E6774682020202020203A203078254C
S214047638346C582028256C64206279746573290A8A
S2140476480020205479706520202020202020203A0D
S21404765820004E6F2047424C2070726573656E7426
S2140476680A005A69674265650A0054687265616467
S2140476780A00436F6E6E6563740A00426C7565741F
S2140476886F6F74680A00426C7565746F6F7468204F
S2140476986170706C69636174696F6E0A004D435556
S2140476A80A004F7468657220283078256C58290AB1
S2140476B800202056657273696F6E20202020203AB9
S2140476C8203078256C580A0020204361706162696E
S2140476D86C69746965733A20307825346C580A00E6
S2140476E8202050726F6475637420494420203A2021
S2140476F800307825582000536C6F74204D616E61F5
S2140477086765723A206661696C656420746F2069DF
S2140477186E697469616C697A6520626F6F746C6FE0
S2140477286164657220286572726F72203078253419
S21404773878290A0056657273696F6E202020202007
S2140477483A2025640A0050617274202020202020E4
S21404775820203A2025730A004361706162696C69C7
S214047768746965733A20307825780A005061727413
S2140477782073697A652020203A20256420420A006E
S214047788506167652073697A652020203A2025644D
S21404779820420A00576F72642073697A6520202095
S2140477A83A20256420420A00536C6F747320202004
S2140477B8202020203A2025640A004661696C656406
S2140477C820746F20726561642066726F6D2073740E
S2140477D86F7261676520666C6173682028657272CB
S2140477E86F72202564290A00496E76616C696420E4
S2140477F8736C6F7420256420286D617820736C6F11
S21404780874202564290A004661696C656420746FCF
S2140478182067657420696E666F20666F7220736CC5
S2140478286F742025640A00536C6F74204D616E6172
S2140478386765723A20736C6F742077726974652072
S2140478486661696C7572652E20416464726573732B
S214047858206F66667365742028256429202B207794
S21404786872697465206C656E6774682028256429B7
S2140478782067726561746572207468616E20746F1F
S21404788874616C20736C6F74206C656E6774682002
S214047898282564290A00536C6F74204D616E61674D
S2140478A86572207761726E696E673A20736C6F74BE
S2140478B8202564206C656E67746820282564292052
S2140478C86E6F7420616C69676E656420746F2070CF
S2140478D86167652073697A6520282564292E2054F3
S2140478E8686520656E7469726520736C6F7420779A
S2140478F8696C6C206E6F74206265206572617365AE
S214047908642E0A00536C6F74204D616E616765724D
S2140479183A206661696C656420746F2065726173C9
S2140479286520256420627974657320696E20736CFB
S2140479386F742025642061742061646472657373AF
S21404794820307825347820286572726F7220307853
S2140479582578290A004572617365642025642062C7
S2140479687974657320696E20736C6F742025640AB5
S214047978004661696C656420746F207365742073AF
S2140479886C6F7420746F20626F6F7420286572722F
S2140479986F72203078253478290A004661696C6548
S2140479A86420746F20736574206C697374206F6622
S2140479B820736C6F747320746F20626F6F74202842
S2140479C86572726F72203078253478290A00466109
S2140479D8696C656420746F20676574206E6577200B
S2140479E86C697374206F6620736C6F747320746F7D
S2140479F820626F6F7420286572726F722030782543
S214047A083478290A00426567696E6E696E6720696C
S214047A186D61676520766572696669636174696F06
S214047A286E2E2E2E002E6661696C6564212028450C
S214047A3872726F72203078253478290A002E7061A5
S214047A48737365642120426F6F74696E6720736C64
S214047A586F742025640A00666E692B00666E6900DA
S214047A686E616E00666E692D006C696273006273DF
S214047A78656E640072657365740072617700736579
S214047A886E645F6D756C7469636173740073656E98
S214047A98642D7573696E672D6D756C74696361738F
S214047AA8742D62696E64696E670074696D657379AE
S214047AB86E63006765742D7074692D726164696FEE
S214047AC82D636F6E66696700636F6E6669672D63FC
S214047AD863612D6D6F6465006576656E74730073F7
S214047AE865637572697479007A69676265655F703B
S214047AF872696E7400706C7567696E006E657400E2
S214047B086B657973006F7074696F6E00706C756757
S214047B18006368616E67656B6579006368616E67A4
S214047B28656B007A646F007072696E742072656C97
S214047B386174656420636F6D6D616E64732E006195
S214047B48747472005A646F2072656C61746564207C
S214047B58636F6D6D616E64732E00726F7574650065
S214047B68706F776572006D676D742D6C7169006D42
S214047B78676D742D62696E64006E6F646500736960
S214047B886D706C650069656565006E776B00756E6B
S214047B9862696E64006E776B2D757064006F757419
S214047BA82D636C2D6C69737400696E2D636C2D6C73
S214047BB8697374005A646F20696E2D636C2D6C6942
S214047BC873742072656C6174656420636F6D6D618F
S214047BD86E64732E005A646F206F75742D636C2D53
S214047BE86C6973742072656C6174656420636F6D68
S214047BF86D616E64732E005A646F206E776B2D75F4
S214047C0870642072656C6174656420636F6D6D6161
S214047C186E64732E007363616E2D6368616E2D6DDA
S214047C2861736B007363616E006368616E5067000E
S214047C386368616E005A646F20756E62696E6420AC
S214047C4872656C6174656420636F6D6D616E6473D0
S214047C582E00756E6963617374006368616E676588
S214047C686B65792072656C6174656420636F6D6DED
S214047C78616E64732E006C696E6B004F7074696F66
S214047C886E2072656C6174656420636F6D6D616ED9
S214047C9864732E0072656769737465720064697329
S214047CA86300696E7374616C6C2D636F646500623F
S214047CB8696E64696E672D7461626C6500707269BA
S214047CC86E742D72782D6D736773006170737265A8
S214047CD87472790041505320726574727920666C08
S214047CE8616720666F72636520636F6D6D616E648D
S214047CF87300456E61626C65732F44697361626CC8
S214047D086573207072696E74696E67206F66205298
S214047D1878206D657373616765732E00656E61629E
S214047D286C650042696E64696E67207461626C658E
S214047D382072656C6174656420636F6D6D616E6432
S214047D48732E005365637572697479206B6579734D
S214047D582072656C6174656420636F6D6D616E6412
S214047D68732E0064656C657465004E6574776F726F
S214047D786B2072656C6174656420636F6D6D616EEB
S214047D8864732E00666F726D0072656A6F696E2D75
S214047D98646966662D6465766963652D74797065AD
S214047DA80065787470616E69640069736F70656ED7
S214047DB80062726F61642D706A6F696E0063686131
S214047DC86E67652D6368616E6E656C00696E6974AE
S214047DD8006368616E67652D6B6565702D616C69F7
S214047DE876652D6D6F64650074696D656F75742DA1
S214047DF86F7074696F6E2D6D61736B006D756C743E
S214047E08692D7068792D7374617274006D756C745D
S214047E18692D7068792D73746F700066696E6400D6
S214047E286E6574776F726B2066696E6420636F6D17
S214047E386D616E64732E006A6F696E61626C6500AC
S214047E48756E7573656400736C6F742D6D616E6101
S214047E5867657200636F756E746572730066696E23
S214047E68642D616E642D62696E6400667261676D66
S214047E78656E746174696F6E0067726F7570732DC2
S214047E88736572766572006E6574776F726B2D73A0
S214047E9874656572696E67006F74612D626F6F74BE
S214047EA86C6F6164006F74612D636C69656E740031
S214047EB86F74612D73746F726167652D636F6D6D72
S214047EC86F6E006F74612D73746F726167652D65CC
S214047ED86570726F6D0069646C652D736C6565708A
S214047EE8007570646174652D74632D6C696E6B2DF2
S214047EF86B6579007570646174652D74632D6C699F
S214047F086E6B2D6B65792072656C6174656420638D
S214047F186F6D6D616E64730074696D6572006E6F63
S214047F287700436F6D6D616E647320746F20636FA2
S214047F386E74726F6C2069646C696E672F736C65F7
S214047F486570696E67206F66207468652064657658
S214047F5869636500666F7263652D6177616B65009A
S214047F686177616B652D7768656E2D6E6F742D6A03
S214047F786F696E6564007265706F7274696E6720E7
S214047F8872656C6174656420636F6D6D616E64738D
S214047F982E00636C6561722D6C6173742D72657046
S214047FA86F72742D74696D6500746573742D7469C5
S214047FB86D696E67006F74612D73746F726167659F
S214047FC82D656570726F6D2072656C6174656420CA
S214047FD8636F6D6D616E64732E0077697065006FEC
S214047FE874612D73746F726167652D636F6D6D6F41
S214047FF86E2072656C6174656420636F6D6D616E66
S2140480086473007072696E74496D61676573007293
S214048018656C6F61640073746F726167652D696E51
S214048028666F00646174612D7072696E74006F7493
S214048038612D636C69656E742072656C6174656421
S21404804820636F6D6D616E64732E00766572696663
S2140480587900626C6F636B2D746573740070616766
S214048068652D7265717565737400757067726164E1
S214048078652D726571756573740064697361626CE5
S214048088652D646F776E67726164657300656E61EB
S214048098626C652D646F776E677261646573006FD2
S2140480A874612D626F6F746C6F61642072656C61A5
S2140480B874656420636F6D6D616E6473006E6574B9
S2140480C8776F726B2D7374656572696E6720726557
S2140480D86C6174656420636F6D6D616E64732E00E5
S2140480E87072652D636F6E666967757265642D6B4D
S2140480F865792D736574006D61736B2072656C61A8
S21404810874656420636F6D6D616E642E00737562AA
S21404811874726163740067726F7570732D73657219
S2140481287665722072656C6174656420636F6D6D24
S214048138616E64732E00667261676D656E74617431
S214048148696F6E2072656C6174656420636F6D6D0B
S214048158616E64732E007365742D72782D77696E5C
S214048168646F772D73697A650061727469666963EA
S21404817869616C2D626C6F636B2D64726F70004658
S214048188696E6420616E642062696E642072656C30
S2140481986174656420636F6D6D616E64732E006927
S2140481A86E69746961746F7200656E61626C655F8E
S2140481B87479706500737461636B00617070007A1B
S2140481C8636C006C65676163795F61665F646562AA
S2140481D8756700636F756E746572732072656C617B
S2140481E874656420636F6D6D616E64732E007072BF
S2140481F8696E742D636F756E7465722D7479706507
S2140482080073696D706C652D7072696E7400707297
S214048218696E742D7468726573686F6C6473007322
S21404822865742D7468726573686F6C640072657320
S21404823865742D7468726573686F6C64730073650F
S2140482486E642D72657175657374007365637572F3
S2140482586974792072656C6174656420636F6D6DEA
S214048268616E6473007365742D616C6C6F772D741E
S214048278727573742D63656E7465722D72656A6F94
S214048288696E2D7573696E672D77656C6C2D6B6ECC
S2140482986F776E2D6B6579007365742D616C6C6FE2
S2140482A8772D74727573742D63656E7465722D728A
S2140482B8656A6F696E2D7573696E672D77656C6C64
S2140482C82D6B6E6F776E2D6B65792D74696D656F82
S2140482D87574007365742D6B65792D726571756593
S2140482E873742D706F6C696379006D66672D746F8F
S2140482F86B656E0061707300536563757269747993
S214048308206170732072656C6174656420636F6D98
S2140483186D616E64732E004765742F736574204D03
S214048328464720746F6B656E2E00656E64706F69C1
S2140483386E742072656C6174656420636F6D6D611C
S2140483486E64732E00656570726F6D207574696C43
S2140483586974792072656C6174656420636F6D6DE9
S214048368616E647300536C6F74204D616E6167654B
S214048378722072656C6174656420636F6D6D616EDE
S214048388647300626F6F742D736C6F74006572612A
S21404839873652D736C6F74006578742D666C6173E1
S2140483A8682D696E666F00736C6F74732D696E66DC
S2140483B86F005072696E74732074696D652E005070
S2140483C872696E7473206174747269627574652E4A
S2140483D800436C6561727320746865205A444F20A4
S2140483E86C697374206F6620636C69656E742028E4
S2140483F8696E2920636C7573746572732E00416404
S214048408647320636C75737465727320746F207458
S2140484186865206B6E6F776E20636C69656E742072
S21404842828696E2920636C757374657273206F6E81
S2140484382074686973206465766963652E00436CE6
S2140484486561727320746865205A444F206C69739A
S21404845874206F6620636C69656E7420286F757463
S2140484682920636C7573746572732E004164647393
S21404847820636C75737465727320746F20746865F2
S214048488206B6E6F776E20636C69656E7420286F38
S21404849875742920636C757374657273206F6E2007
S2140484A874686973206465766963652E0053656E1F
S2140484B8647320616E2075706461746520636861F6
S2140484C86E6E656C20726571756573742E006368CC
S2140484D8616E6E656C1F0053656E647320616E2052
S2140484E8757064617465206368616E6E656C20706F
S2140484F8616765207265712E2054686520737461FF
S214048508636B2073656E6473206E776B20656E6884
S214048518616E636564207570646174652072657144
S21404852820666F72206E6F6E2D7A65726F2070618A
S21404853867652E006368616E6E656C1F706167659B
S2140485481F00506572666F726D7320616E20656ECB
S21404855865726779207363616E2E0074617267654D
S214048568744E6F646549641F7363616E4475726103
S21404857874696F6E1F7363616E436F756E741F0044
S21404858842726F616463617374732074686520490A
S21404859844206F6620746865206E6577206E65745F
S2140485A8776F726B206D616E6167657220616E64A9
S2140485B820616374697665206368616E6E656C73A2
S2140485C82E006E776B4D676549641F6368616E6E2F
S2140485D8656C4D61736B1F00506572666F726D73C0
S2140485E820616E20656E65726779207363616E20FC
S2140485F86F6E20676976656E206368616E6E656C5B
S214048608206D61736B2E007461726765744E6F64B7
S2140486186549641F7363616E4475726174696F6E2D
S2140486281F7363616E436F756E741F6368616E6E45
S214048638656C4D61736B1F0053656E64732061200F
S2140486486E6574776F726B206164647265737320E9
S2140486587265717565737420666F72207468652018
S214048668676976656E204945454520616464726588
S21404867873732E00696565651F00526571756573A9
S214048688747320616E2049454545206164647265AB
S2140486987373206261736564206F6E206120676956
S2140486A876656E206E6F64652049442E006E6F648E
S2140486B86549641F0053656E647320612073696D91
S2140486C8706C652064657363726970746F72207267
S2140486D865717565737420666F7220746865207397
S2140486E8686F7274206164647265737320616E6463
S2140486F820656E64706F696E74207370656369664E
S2140487086965642E00646573741F746172676574A2
S214048718456E64706F696E741F0053656E647320CB
S21404872861206D6174636844657363726970746FFD
S21404873872735265717565737420746F20746865F6
S21404874820676976656E2064657374696E617469FA
S2140487586F6E207769746820746865206769766523
S2140487686E2070726F66696C652E006E6F6465495C
S214048778641F70726F66696C651F0053656E647358
S2140487882061206E6F646520646573637269707413
S2140487986F72207265717565737420746F2061201A
S2140487A8676976656E207461726765742064657699
S2140487B86963652E007461726765741F0053656E7D
S2140487C864732061205A444F2042696E6420636FA4
S2140487D86D6D616E6420746F2061206465766963CC
S2140487E8652073706563696669656420696E2074BC
S2140487F8686520636F6D6D616E6420617267756D60
S214048808656E74732E0044657374696E6174696F5B
S2140488186E1F536F7572636520656E64706F696E3C
S214048828741F44657374696E6174696F6E20656E2F
S21404883864706F696E741F636C75737465724944EB
S2140488481F72656D6F746545554936341F646573C4
S2140488587445554936341F0053656E647320616E3B
S2140488682061637469766520656E64706F696E74DA
S214048878207265717565737420746F20746865203A
S214048888646576696365207769746820746865200A
S214048898676976656E2073686F72742049442E0083
S2140488A853656E647320616E20756E62696E64200B
S2140488B87265717565737420666F72206120756EB3
S2140488C869636173742062696E64696E6720746F85
S2140488D820746865207461726765742064657669B7
S2140488E863652E007461726765741F736F757263AF
S2140488F8652065756936341F736F75726365206500
S2140489086E64706F696E741F636C757374657249F0
S214048918441F64657374696E6174696F6E4555495E
S21404892836341F64657374696E6174696F6E206586
S2140489386E64706F696E741F0053656E647320618D
S2140489486E20756E62696E642072657175657374DF
S21404895820666F722061206D756C74696361737428
S2140489682062696E64696E6720746F207468652077
S214048978746172676574206465766963652E00742D
S21404898861726765741F736F7572636520657569B0
S21404899836341F736F7572636520656E64706F690D
S2140489A86E741F636C757374657249441F67726FBF
S2140489B87570416464726573731F0053656E6473DF
S2140489C82061205A444F204D616E6167656D656E5F
S2140489D874204C6561766520636F6D6D616E6420E6
S2140489E8746F2074686520746172676574206465A2
S2140489F8766963652E007461726765741F72656DA7
S214048A086F76654368696C6472656E1F72656A6F13
S214048A18696E1F0053656E64732061205A444F20A4
S214048A284D474D542D42696E64202842696E646928
S214048A386E67205461626C6529205265717565738A
S214048A487420746F20746865207461726765742076
S214048A586465766963652E007461726765741F734E
S214048A6874617274496E6465781F0053656E647326
S214048A782061205A444F204D474D542D4C514920CF
S214048A88284C5149205461626C65292052657175D9
S214048A9865737420746F20746865207461726765E2
S214048AA874206465766963652E0053656E64732066
S214048AB861205A444F20506F77657220446573636B
S214048AC8726970746F722052657175657374207458
S214048AD86F207468652074617267657420646576AF
S214048AE86963652E0053656E64732061205A444F8B
S214048AF820726F757465207265717565737420636A
S214048B086F6D6D616E6420746F207468652074617F
S214048B18726765742E007461726765741F696E6483
S214048B2865781F00696E6465781F65756936341F35
S214048B38696E7374616C6C436F64651F00696E6458
S214048B4865781F65756936341F6B65791F0054434D
S214048B58206C696E6B206B65792072657175657318
S214048B687420706F6C6963791F417070206C696E2D
S214048B786B206B6579207265717565737420706FE8
S214048B886C6963791F00426F6F6C3A20616C6C6F76
S214048B98772074727573742063656E7465722072B8
S214048BA8656A6F696E207573696E672077656C6C85
S214048BB82D6B6E6F776E206B65791F0070726F660B
S214048BC8696C6549641F636C757374657249641FC0
S214048BD80074617267657449641F00456E61626C4F
S214048BE86573207072696E74696E67206F662052AA
S214048BF878206D657373616765732E0053657473A7
S214048C08207468652062696E64696E6720746162A0
S214048C186C6500696E6465781F636C757374657239
S214048C281F6C6F63616C45701F72656D6F74654564
S214048C38701F65756936341F00436C65617273204E
S214048C487468652062696E64696E67207461626C14
S214048C58652E005072696E747320746865206269A4
S214048C686E64696E67207461626C6520746F207424
S214048C78686520636F6D6D616E64206C696E652E21
S214048C8800436C6561727320616C6C207365637550
S214048C9872697479206B6579732E0044656C657403
S214048CA86520746865207370656369666965642001
S214048CB86C696E6B206B657920696E6465782E0026
S214048CC85072696E747320616C6C20736563757278
S214048CD8697479206B6579732E005465726D696EB4
S214048CE86174657320746865206D756C74692D509D
S214048CF8485920696E7465726661636500557365C4
S214048D086420746F207374617274206D756C746952
S214048D182D50485920696E74657266616365206FC4
S214048D2874686572207468616E206E61746976650D
S214048D3820616E6420666F726D20746865206E65A7
S214048D4874776F726B2E2054686520737461636B36
S214048D5820757365732073616D652050616E496470
S214048D68206173206E617469766520726164696F28
S214048D78206E6574776F726B2E00706167651F636B
S214048D8868616E6E656C1F706F7765721F6F70749E
S214048D98696F6E734D61736B2028426974203020A6
S214048DA83D20526F757465727320616C6C6F7765BD
S214048DB8642C204269742031203D2042726F61641D
S214048DC86361737420616C6C6F776564291F004156
S214048DD87474656D70747320746F206368616E674D
S214048DE86520746865206368696C642074696D65B9
S214048DF86F7574206F7074696F6E206D61736B2065
S214048E08746F2066696C746572206F757420756E4D
S214048E18646573697261626C652076616C756573E6
S214048E282028652E672E206E6F206D6F726520745D
S214048E3868616E20332064617973292E0074696D25
S214048E48656F7574206F7074696F6E206D61736BCF
S214048E581F00537769746368657320626574776561
S214048E68656E20646966666572656E74206B6565F2
S214048E787020616C697665206D6F64657320737500
S214048E8870706F72746564206279206120726F75E1
S214048E987465722E004B65657020616C6976652072
S214048EA86D6F64651F005072696E7473207468650C
S214048EB82063757272656E74204E6F64652049442B
S214048EC82C2045554936342C20616E642050616E3A
S214048ED82049442E00496E697469616C697A657321
S214048EE82061206E6574776F726B3B2074686973B3
S214048EF82069732061207465737420636F6D6D61D7
S214048F086E64207573656420666F722074632D73AF
S214048F187761702D6F75742074657374696E672E27
S214048F28005365747320746865206E6574776F7271
S214048F386B20696E64657820757365642062792091
S214048F48616C6C2066757475726520434C492063A1
S214048F586F6D6D616E64732E20204265666F726550
S214048F6820657865637574696E67206120434C498B
S214048F7820636F6D6D616E642C207468652066725C
S214048F88616D65776F726B20737769746368657350
S214048F9820746F2074686973206E6574776F726BBB
S214048FA82E202041667465722074686520636F6D90
S214048FB86D616E642066696E69736865732065788A
S214048FC865637574696E672C2074686520667261BB
S214048FD86D65776F726B2073776974636865732041
S214048FE86261636B20746F2074686520707265769E
S214048FF8696F7573206E6574776F726B2E202054B4
S214049008686520434C492075736573207468652029
S21404901873616D65206E6574776F726B20696E6414
S214049028657820756E74696C207468652064657646
S21404903869636520726573657473206F722069743A
S214049048206973206368616E676564207468726F4C
S214049058756768207468697320636F6D6D616E64E4
S2140490682E00417474656D70747320746F20636881
S214049078616E676520646576696365206F766572D8
S21404908820746F206120646966666572656E742054
S2140490986368616E6E656C20676976656E20696EB6
S2140490A820746865206368616E6E656C20617267FB
S2140490B8756D656E742E00546865206368616E6EFF
S2140490C8656C20746F206368616E676520746F1F13
S2140490D80066696E64556E7573656450616E49649E
S2140490E80066696E644A6F696E61626C654E657483
S2140490F8776F726B005065726D697473206A6F6956
S2140491086E696E67206F6E20746865206E65747766
S2140491186F726B20666F72206120676976656E20B1
S2140491286E756D626572206F66207365636F6E6414
S2140491387320414E442062726F6164636173747372
S2140491482061205A444F204D676D74205065726D17
S2140491586974204A6F696E696E67207265717565F1
S214049168737420746F20616C6C20726F75746572EA
S214049178732E00412073696E676C65206279746586
S21404918820696E6469636174696E6720686F772006
S2140491986C6F6E67207468652064657669636520FD
S2140491A873686F756C642068617665207065726D87
S2140491B86974206A6F696E696E67207475726E6565
S2140491C864206F6E20666F722E20412076616C755F
S2140491D865206F662030786666207475726E732014
S2140491E86F6E207065726D6974206A6F696E206987
S2140491F86E646566696E6974656C792E1F004368CB
S21404920865636B73206E6574776F726B20706A6F14
S214049218696E207374617475732E00577269746569
S214049228732074686520657874656E646564207058
S214049238616E20494420666F7220746865206465F0
S214049248766963652E0065787470616E69641F00BC
S21404925852656A6F696E7320616E206578697374E7
S214049268696E67206E6574776F726B20696E20610D
S21404927820736563757265206F7220696E73656303
S214049288757265206D616E6E6572207769746820E4
S2140492986120646966666572656E742064657669BD
S2140492A8636520747970652E00426F6F6C65616E15
S2140492B8206E6574776F726B206B657920617661B2
S2140492C8696C6162696C6974791F4368616E6E655E
S2140492D86C206D61736B1F416E20656E756D6572CB
S2140492E86174696F6E20696E6469636174696E6718
S2140492F8207468652064657669636520747970658A
S21404930820746F2072656A6F696E2061732E5468C4
S2140493186520737461636B206F6E6C792061636378
S2140493286570747320534C5F5A49474245455F45F8
S2140493384E445F44455649434520616E6420534C69
S2140493485F5A49474245455F534C454550595F4522
S2140493584E445F4445564943452E1F0052654A6F9E
S214049368696E732061206E6574776F726B2E004287
S2140493786F6F6C65616E206E6574776F726B206BA9
S214049388657920617661696C6162696C6974791FB4
S2140493984368616E6E656C206D61736B1F004C6567
S2140493A8617665732061206E6574776F726B2E0024
S2140493B85475726E73207065726D6974206A6F696D
S2140493C86E696E67206F6E20666F722074686520FB
S2140493D8616D6F756E74206F662074696D6520699B
S2140493E86E646963617465642E00412073696E67F0
S2140493F86C65206279746520696E64696361746952
S2140494086E6720686F77206C6F6E672074686520B7
S2140494186465766963652073686F756C6420686133
S2140494287665207065726D6974206A6F696E696EF8
S21404943867207475726E206F6E20666F722E2041D8
S2140494482076616C7565206F6620307866662074B1
S21404945875726E73207065726D6974206A6F696EB2
S21404946820696E646566696E6974656C792E1F007A
S2140494784A6F696E732061206E6574776F726B200D
S2140494886F6E206120676976656E206368616E6E0C
S214049498656C2C2077697468206120676976656E28
S2140494A820545820506F77657220616E64205041AE
S2140494B84E2049442E00546865206368616E6E65C4
S2140494C86C206F6E20776869636820746F206A6FF3
S2140494D8696E20746865206E6574776F726B1F4FAB
S2140494E86E652D62797465207369676E6564207687
S2140494F8616C756520696E6469636174696E67205A
S21404950874686520545820506F77657220746861B3
S214049518742074686520726164696F2073686F7557
S2140495286C642062652073657420746F1F546865C4
S2140495382050414E204944206F6E2077686963683E
S21404954820746F206A6F696E20746865206E65746F
S214049558776F726B1F00466F726D732061206E659D
S21404956874776F726B206F6E206120676976656EFC
S214049578206368616E6E656C2C2077697468206158
S21404958820676976656E20545820506F7765722078
S214049598616E642050414E2049442E00546865206C
S2140495A86368616E6E656C206F6E207768696368A1
S2140495B820746F20666F726D20746865206E6574FB
S2140495C8776F726B1F4F6E652D62797465207369A9
S2140495D8676E65642076616C756520696E64696378
S2140495E86174696E672074686520545820506F77D4
S2140495F86572207468617420746865207261646991
S2140496086F2073686F756C642062652073657420B8
S214049618746F1F5468652050414E204944206F6E6D
S21404962820776869636820746F20666F726D20748B
S2140496386865206E6574776F726B1F00546869736B
S21404964820696E6974696174657320612054434C9B
S2140496584B207570646174652070726F63656475F9
S21404966872652E0053706563696679207468652090
S214049678616D6F756E74206F662074696D652074ED
S2140496886F2077616974206166746572206F6E65F1
S2140496982054434C4B20757064617465206F706564
S2140496A8726174696F6E20636F6D706C6574657330
S2140496B8206265666F726520626567696E6E696E9C
S2140496C8672061206E65772054434C4B2075706480
S2140496D8617465206F7065726174696F6E2E0054CC
S2140496E8686520616D6F756E74206F662074696D89
S2140496F865206265747765656E2073756273657137
S21404970875656E742074727573742063656E7465FB
S21404971872206C696E6B206B657920757064617451
S214049728657320696E206D696C6C697365636F6E0A
S21404973864731F00536574206F7220636C656172CE
S2140497482073746179206177616B65207768656E2C
S214049758206E6F74206A6F696E65640053657420A2
S2140497686F7220636C65617220666F726365206130
S21404977877616B6500446973706C617920746865F9
S21404978820736C6565702073746174757300464F36
S214049798522054455354494E4720505552504F531F
S2140497A84553202D206761746865722074696D6955
S2140497B86E67206D65747269637320666F722072B3
S2140497C865706F7274696E67207461626C65206F69
S2140497D87065726174696F6E732E00436C6561728E
S2140497E87320746865206C617374207265706F7278
S2140497F8742074696D65206F66206174747269627A
S214049808757465732E00416464732061206E6577F1
S21404981820656E74727920746F207468652072658A
S214049828706F7274207461626C652E0054686520CB
S2140498386C6F63616C20656E64706F696E74206605
S214049848726F6D2077686963682074686520617430
S21404985874726962757465206973207265706F72B4
S2140498687465641F54686520636C75737465722028
S21404987877686572652074686520617474726962B5
S214049888757465206973206C6F63617465641F540E
S2140498986865204944206F6620746865206174747E
S2140498A8726962757465206265696E672072657090
S2140498B86F727465641F3020666F7220636C696506
S2140498C86E742D7369646520617474726962757444
S2140498D86573206F72203120666F72207365727606
S2140498E865722D736964652061747472696275742F
S2140498F865731F546865206D696E696D756D207291
S21404990865706F7274696E6720696E7465727661C5
S2140499186C2C206D6561737572656420696E20739E
S21404992865636F6E64732E1F546865206D6178696D
S2140499386D756D207265706F7274696E6720696ED6
S21404994874657276616C2C206D65617375726564D6
S21404995820696E207365636F6E64732E1F54686582
S214049968206D696E696D756D206368616E67652024
S214049978746F20746865206174747269627574659E
S21404998820746861742077696C6C20726573756CD2
S2140499987420696E2061207265706F727420626527
S2140499A8696E672073656E742E1F0052656D6F7638
S2140499B8657320616E20656E7472792066726F6DA9
S2140499C820746865207265706F7274207461626CA6
S2140499D8652E0054686520696E646578206F662075
S2140499E8746865207265706F727420746F2062657F
S2140499F82072656D6F7665641F00436C65617273CB
S214049A0820616C6C20656E74726965732066726F6B
S214049A186D20746865207265706F72742074616254
S214049A286C652E005072696E7473207468652072B3
S214049A3865706F7274207461626C652E0057697065
S214049A48657320616C6C206461746120696E20748F
S214049A5868652073746F72616765206465766963E8
S214049A68652E005072696E7473206172626974722E
S214049A78617279206279746573206F6620746865EC
S214049A88204F544120696D616765206F6E206469B4
S214049A98736B2E0054686520696E646578206F665B
S214049AA82074686520696D61676520746F2070721C
S214049AB8696E742069747320646174611F546865E0
S214049AC8206F666673657420696E746F20746865A3
S214049AD8204F544120696D6167652074686174205D
S214049AE877696C6C206265207072696E7465641F91
S214049AF8005072696E747320696E666F726D617455
S214049B08696F6E2061626F7574207468652073745B
S214049B186F72616765206465766963652E005265B1
S214049B286C6F6164207468652073746F726167650E
S214049B38206465766963652E0044656C6574657390
S214049B482074686520696D6167652061742074688F
S214049B58652073706563696669656420696E646503
S214049B68782E0054686520696E64657820617420D0
S214049B78776869636820746F20626567696E206415
S214049B88656C6574696E672074686520696D6167BD
S214049B98651F005072696E74732074686520696D59
S214049BA8616765732E00456E61626C6573204F5459
S214049BB84120646F776E6772616465732E0044692A
S214049BC87361626C6573204F544120646F776E67C7
S214049BD872616465732E0053656E647320616E202B
S214049BE855706772616465456E6452657175657310
S214049BF87420746F20616E204F544120736572760A
S214049C0865722E0043616E20626520757365642054
S214049C18746F2064796E616D6963616C6C79207405
S214049C2875726E206F66662073656E64696E67204B
S214049C3870616765207265717565737473206F6EDD
S214049C482074686520636C69656E7420736964653E
S214049C582C206966207468652073657276657220A0
S214049C68646F65736E277420737570706F727420D2
S214049C787468697320666561747572652E00426F30
S214049C886F6C65616E2076616C7565207475726E8E
S214049C98696E67206F6E20283129206F72206F66E0
S214049CA866202830292074686520706167652072EC
S214049CB865717565737420666C61671F0053656EFD
S214049CC8647320616E20696D61676520626C6F63DA
S214049CD86B207265717565737420666F72206120D7
S214049CE866696C652074686520736572766572208B
S214049CF873686F756C64206E6F7420686176652E61
S214049D08202054657374206861726E657373206FBF
S214049D186E6C7920287465737420636173652039C2
S214049D282E352E36202D204D697373696E672046AE
S214049D38696C6529005072696E747320696E666F63
S214049D48726D6174696F6E206F6E20746865206327
S214049D58757272656E74207374617465206F6620FC
S214049D68746865204F544120636C69656E7420647A
S214049D786F776E6C6F61642E0053746F7073207403
S214049D886865204F5441207374617465206D61635F
S214049D9868696E652E0053746172747320746865FE
S214049DA8204F544120636C69656E74207374617423
S214049DB865206D616368696E652E20546865207336
S214049DC874617465206D616368696E65206469737F
S214049DD8636F7665727320746865204F54412073E8
S214049DE865727665722C207175657269657320666E
S214049DF86F72206E657720696D616765732C2064C1
S214049E086F776E6C6F6164732074686520696D6122
S214049E1867657320616E6420776169747320666F62
S214049E2872207468652073657276657220636F6D38
S214049E386D616E6420746F20757067726164652E38
S214049E48005072696E747320746865206D616E754F
S214049E5866616374757265722049442C20496D6185
S214049E68676520547970652049442C20616E642007
S214049E7856657273696F6E20696E666F726D61746B
S214049E88696F6E20746861742061726520757365E5
S214049E9864207768656E2061207175657279206E16
S214049EA865787420696D6167652069732073656ECB
S214049EB87420746F207468652073657276657220E2
S214049EC862792074686520636C69656E742E005028
S214049ED86572666F726D73207369676E61747572E6
S214049EE86520766572696669636174696F6E206F4A
S214049EF86E2074686520696D6167652061742074D6
S214049F0868652073706563696669656420696E644C
S214049F1865782E0054686520696E646578206174D7
S214049F2820776869636820746F20626567696E20A5
S214049F38766572696669636174696F6E206F6620F8
S214049F4874686520696D6167651F00426F6F746C7D
S214049F586F6164732074686520696D616765206144
S214049F68742074686520737065636966696564201F
S214049F78696E6465782062792063616C6C696E67C3
S214049F8820746865204F544120626F6F746C6F614B
S214049F98642063616C6C6261636B2E005468652090
S214049FA8696E6465782061742077686963682074CC
S214049FB86F20626567696E20626F6F746C6F616488
S214049FC8696E672074686520696D6167651F00504F
S214049FD872696E747320696E666F2061626F757439
S214049FE82074686520696E7374616C6C656420629D
S214049FF86F6F746C6F616465722E00537562747249
S21404A008616374732061206368616E6E656C206694
S21404A018726F6D206569746865722074686520704F
S21404A02872696D617279206F72207365636F6E64EE
S21404A038617279206368616E6E656C206D61736BFE
S21404A048206F6620746865206E6574776F726B2D52
S21404A0587374656572696E6720636F6D706F6E657D
S21404A0686E742E00546865206368616E6E656C2095
S21404A0786D61736B20746F20737562747261637498
S21404A08820746865206368616E6E656C2066726FFE
S21404A0986D1F546865206368616E6E656C20746F06
S21404A0A820737562747261637420746865206D61C8
S21404A0B8736B2066726F6D1F0041646473206120A1
S21404A0C86368616E6E656C20746F20656974686574
S21404A0D87220746865207072696D617279206F7277
S21404A0E8207365636F6E64617279206368616E6E4F
S21404A0F8656C206D61736B206F6620746865206ECE
S21404A1086574776F726B2D7374656572696E6720F4
S21404A118636F6D706F6E656E742E00546865206389
S21404A12868616E6E656C206D61736B20746F206158
S21404A13864642061206368616E6E656C20746F1FAA
S21404A148546865206368616E6E656C20746F206160
S21404A158646420746F20746865206D61736B1F00D7
S21404A168536574732065697468657220746865201D
S21404A1787072696D617279206F72207365636F6E91
S21404A18864617279206368616E6E656C206D6173B4
S21404A1986B2E00546865206368616E6E656C206D6E
S21404A1A861736B20746F20737562747261637420B4
S21404A1B8746865206368616E6E656C2066726F6D80
S21404A1C81F5468652076616C756520746F20736506
S21404A1D87420746865206368616E6E656C206D61B2
S21404A1E8736B20746F2E1F00536574732074686530
S21404A1F8207072652D636F6E666967757265642074
S21404A2086B657920736F20746861742074686520A0
S21404A2186A6F696E696E672064657669636520632C
S21404A228616E20656E74657220746865206E657448
S21404A238776F726B2E00536574732074686520708C
S21404A2487265636F6E66696775726564206B657997
S21404A2581F0053746F707320746865206E65747776
S21404A2686F726B207374656572696E672070726F9F
S21404A278636573732E00537461727473207468650F
S21404A288206E6574776F726B207374656572696E79
S21404A298672070726F636573732E0041206D617357
S21404A2A86B206F66206F7074696F6E7320666F72AA
S21404A2B820696E6469636174696E67207370656388
S21404A2C869666963206265686176696F7220776972
S21404A2D87468696E20746865206E6574776F726B2F
S21404A2E82D7374656572696E672070726F63657323
S21404A2F8732E1F00446973706C61797320746865E3
S21404A3082063757272656E74207374617475732035
S21404A3186F6620746865206E6574776F726B207339
S21404A32874656572696E672070726F636573732EE1
S21404A33800436C65617273207468652067726F7574
S21404A3487073207461626C65206F6E206576657222
S21404A3587920656E64706F696E74005072696E74E5
S21404A3687320696E666F726D6174696F6E206162C0
S21404A3786F75742074686520636F6E74656E747385
S21404A388206F66207468652067726F757073207412
S21404A39861626C652E004172746966696369616CF2
S21404A3A86C792064726F70732074686520626C6FB1
S21404A3B8636B206E756D62657220646566696E658A
S21404A3C864206279207468652070617373656420FC
S21404A3D8617267756D656E74206F6E6C79206F6E2A
S21404A3E863652C20616E64207468656E20616C6CED
S21404A3F86F77732069742075706F6E20612072659C
S21404A4087472792E0054686520626C6F636B206ED4
S21404A418756D62657220746F20617274696669630B
S21404A42869616C6C792064726F7020746F20666F33
S21404A4387263652061207265747279202D207365B5
S21404A4487420746F203078464620746F20646973CD
S21404A45861626C651F0053657473207468652072A6
S21404A4686563656976652077696E646F77207369B6
S21404A4787A652E2020427920646566696E69746957
S21404A4886F6E20696E2074686520536D617274203F
S21404A498456E657267792070726F66696C652069A7
S21404A4A874206D7573742062652073657420746FE8
S21404A4B8203120627574207468697320616C6C6F2F
S21404A4C8777320697420746F206265206368616EF0
S21404A4D86765642E00546865206D6178206E756D16
S21404A4E8626572206F662074686520626C6F636BA1
S21404A4F873207265636569766564206265666F7243
S21404A5086520616E204150532061636B2069732077
S21404A51867656E6572617465641F004D616B65736B
S21404A5282074686973206E6F64652073746172742E
S21404A538206964656E74696679696E67206173203C
S21404A548612074617267657420666F722062696E32
S21404A55864696E67207769746820616E20696E691D
S21404A568746961746F72206E6F64652E0054686532
S21404A57820656E64706F696E74206F6E20776869E4
S21404A588636820746F20626567696E207468652046
S21404A59846696E64696E6720616E642042696E64FB
S21404A5A8696E67207461726765742070726F63657C
S21404A5B873731F004D616B65732074686973206E2E
S21404A5C86F64652073746172742074686520696E9C
S21404A5D869746961746F722070617274206F662082
S21404A5E87468652066696E64696E6720616E6420A7
S21404A5F862696E64696E672070726F636573732E22
S21404A6080054686520656E64706F696E74206F6E9A
S21404A61820776869636820746F20626567696E20AE
S21404A6287468652046696E64696E6720616E642086
S21404A63842696E64696E6720696E69746961746FCD
S21404A648722070726F636573731F00456E61626C67
S21404A658652F64697361626C65206465627567203A
S21404A668606C656761637920617070206672616DDD
S21404A67865776F726B2064656275676020707269AF
S21404A6886E7420747970652E00456E61626C652F51
S21404A69864697361626C651F00456E61626C652F40
S21404A6A864697361626C6520646562756720607AA4
S21404A6B8636C60207072696E7420747970652E00FD
S21404A6C8456E61626C652F64697361626C652064AB
S21404A6D865627567206061707060207072696E7458
S21404A6E820747970652E00456E61626C652F646906
S21404A6F87361626C652064656275672060636F7257
S21404A7086560207072696E7420747970652E0045D1
S21404A7186E61626C652F64697361626C652064653A
S21404A7286275672060737461636B60207072696E0B
S21404A7387420747970652E0053656E6473206120E6
S21404A7487265717565737420666F72204F54412064
S21404A758636F756E746572732E00526573657473D1
S21404A76820616C6C207468726573686F6C647320FF
S21404A77876616C75657320746F2030784646464655
S21404A7882E00536574732061207468726573686F4D
S21404A7986C642076616C756520666F722061207023
S21404A7A86172746963756C61722074797065206F60
S21404A7B86620636F756E7465722E00547970652012
S21404A7C86F6620636F756E7465721F54687265735E
S21404A7D8686F6C642056616C75651F005072696EEC
S21404A7E8747320746865207468726573686F6C6423
S21404A7F873206F6620616C6C2074686520636F75BF
S21404A8086E746572732E00436C6561727320616C96
S21404A8186C20636F756E7465722076616C756573EB
S21404A8282E005072696E747320616C6C20636F75A9
S21404A8386E7465722076616C7565732E0050726945
S21404A8486E7473207468652076616C7565206F660F
S21404A858207468697320706172746963756C6172B8
S21404A86820636F756E7465722E0054686520636F76
S21404A878756E746572207479706520746F207072B2
S21404A888696E741F005072696E747320616C6C2054
S21404A898636F756E7465722076616C756573206176
S21404A8A86E6420636C65617273207468656D2E002F
S21404A8B8536574204D464720746F6B656E2C204391
S21404A8C8414E4E4F5420424520554E53455420423F
S21404A8D85920434C492E005072696E74204D4647E1
S21404A8E820746F6B656E2E005072696E74206163F7
S21404A8F874697665206576656E74732E004469738C
S21404A90861626C652074686520656E64706F696E34
S21404A9187420666F72205A434C206D6573736167A2
S21404A92865732E00456E64706F696E7420696E6474
S21404A93865781F00456E61626C65732074686520CF
S21404A948656E64706F696E7420666F72205A434C25
S21404A958206D657373616765732E005072696E7433
S21404A96820737461747573206F6620656E64706FE7
S21404A978696E74732E0053686F7773207468652045
S21404A98876657273696F6E206F66207468652073C7
S21404A9986F6674776172652E0053657420746865F3
S21404A9A820636F6E66696775726564203830322E68
S21404A9B831352E3420434341206D6F646520696E1B
S21404A9C82074686520726164696F2E20536565205B
S21404A9D8646F63756D656E746174696F6E207265F5
S21404A9E867617264696E67205241494C5F49454500
S21404A9F8453830323135345F4363614D6F64655F83
S21404AA08742E0041205241494C5F4945454538302B
S21404AA18323135345F4363614D6F64655F74207605
S21404AA28616C75651F0052657475726E7320505498
S21404AA384920726164696F20636F6E66696720696E
S21404AA486E666F726D6174696F6E20746F206465CC
S21404AA587465726D696E652074686520504859205F
S21404AA6874797065206265696E67207573656420FD
S21404AA786279205241494C2E2072657475726E2094
S21404AA8876616C756520697320656E756D20524114
S21404AA98494C5F494545453830323135345F507442
S21404AAA869526164696F436F6E6669675F7420658F
S21404AAB82E6720205241494C5F4945454538303277
S21404AAC83135345F5054495F524144494F5F434FD0
S21404AAD84E4649475F32503447485A203D2030781E
S21404AAE8303055205241494C5F4945454538303247
S21404AAF83135345F5054495F524144494F5F434FA0
S21404AB084E4649475F32503447485A5F414E54448C
S21404AB184956203D203078303155205241494C5F03
S21404AB28494545453830323135345F5054495F52CB
S21404AB384144494F5F434F4E4649475F3250344776
S21404AB48485A5F434F4558203D20307830325520C8
S21404AB585241494C5F494545453830323135345FB2
S21404AB685054495F524144494F5F434F4E46494704
S21404AB785F32503447485A5F414E544449565F43FF
S21404AB884F4558203D2030783033550053656E6461
S21404AB987320612072656164206174747220666F24
S21404ABA872207468652074696D65206F6620746801
S21404ABB8652064657669636520737065636966698C
S21404ABC865642E2049742073657473206120666C4E
S21404ABD8616720736F207768656E206974206765DF
S21404ABE874732074686520726573706F6E7365205D
S21404ABF8697420777269746573207468652074694B
S21404AC086D6520746F20697473206F776E2074697D
S21404AC186D6520617474722E0049641F73726345EF
S21404AC286E64706F696E741F64657374456E6470C1
S21404AC386F696E741F005768656E2073656E646965
S21404AC486E67207573696E6720612062696E646931
S21404AC586E672C2073706563696669657320776808
S21404AC6865746865722061206D756C7469636173B8
S21404AC78742062696E64696E672073686F756C64A5
S21404AC8820626520757365642E007573654D756C52
S21404AC9874696361737442696E64696E671F0053EE
S21404ACA8656E64732061207072652D6275666665CC
S21404ACB8726564206D756C746963617374206D6560
S21404ACC8737361676520746F206120676976656EA3
S21404ACD82067726F75702049442066726F6D206114
S21404ACE820676976656E20656E64706F696E742E6B
S21404ACF80067726F757049641F7372632D656E649E
S21404AD08706F696E741F00437265617465732061A1
S21404AD18206D657373616765206279207370656357
S21404AD28696679696E67207468652072617720623F
S21404AD38797465732E205573652074686520736569
S21404AD486E6420636F6D6D616E6420746F20736526
S21404AD586E6420746865206D657373616765206F1B
S21404AD686E636520697420686173206265656E2069
S21404AD78637265617465642E2045783A207261773B
S21404AD8820307830303046207B3030203041203038
S21404AD9830203131203232203333203434203535D4
S21404ADA87D2073656E64732061206D6573736167B7
S21404ADB86520746F20636C75737465722031352052
S21404ADC82830783030304629206F66206C656E67E8
S21404ADD87468203820776869636820696E636C75C0
S21404ADE864657320746865205A434C2068656164FA
S21404ADF865722E00436C757374657249641F4461EA
S21404AE0874611F0052657365747320746865206ED8
S21404AE186F64652E005772697465732061206D65CA
S21404AE2873736167652E00456E64706F696E741F70
S21404AE38436C75737465722049441F41747472694F
S21404AE48627574652049441F4D61736B1F446174B1
S21404AE586120747970651F44617461206279746531
S21404AE681F0052656164732061206D6573736167A2
S21404AE78652E00456E64706F696E741F436C757337
S21404AE887465722049441F417474726962757465E6
S21404AE982049441F312069662073657276657220DE
S21404AEA8646972656374696F6E2C20302069662045
S21404AEB8636C69656E7420646972656374696F6E21
S21404AEC81F0053656E64732061206D657373616734
S21404AED8652E0044657374696E6174696F6E1F53DA
S21404AEE86F7572636520656E64706F696E741F444F
S21404AEF8657374696E6174696F6E20656E64706FCD
S21404AF08696E741F00536F7572636520656E64708E
S21404AF186F696E741F004C6973747320776869636D
S21404AF2868206F7074696F6E616C206C69627261F8
S21404AF3872696573206F662074686520737461632C
S21404AF486B2061726520696D706C656D656E7465DD
S21404AF5864206F6E20746869732064657669636517
S21404AF682E005072696E747320696E666F726D6116
S21404AF7874696F6E2061626F757420746865206EDC
S21404AF886574776F726B2073746174652C20636CB8
S21404AF987573746572732C20616E6420656E6470B4
S21404AFA86F696E74732E006F66667365741F00503F
S21404AFB872696E747320696E666F726D6174696FF8
S21404AFC86E20666F7220616C6C20617661696C61B4
S21404AFD8626C6520736C6F74732E005265616473BB
S21404AFE82072617720646174612066726F6D2066D2
S21404AFF86C6173682073746F726167652E004164B0
S21404B008647265737320746F20726561641F4E756D
S21404B0186D626572206F6620627974657320746F3A
S21404B02820726561641F005072696E747320666CC2
S21404B0386173682073746F7261676520696E666FE2
S21404B048726D6174696F6E2E004572617365732044
S21404B0587468652073706563696669656420736CD3
S21404B0686F742049442E0053746F726167652073A9
S21404B0786C6F74206E756D6265721F00426F6F7414
S21404B088732074686520696D61676520696E20742D
S21404B09868652073706563696669656420736C6F98
S21404B0A8742049442E00434C4920696E7374616EBB
S21404B0B86365206578616D706C650064756D6D797F
S21404B0C85F696E7374005A434C20636F6D6D616ECE
S21404B0D8647300626173696300676C6F62616C0015
S21404B0E86D66672D636F6465007573652D6E657888
S21404B0F8742D73657175656E636500782D64656671
S21404B10861756C742D7265737000746573742D7232
S21404B1186573706F6E73652D6F6E00746573742D2A
S21404B128726573706F6E73652D6F6666005A434C4E
S21404B13820626173696320636C7573746572206337
S21404B1486F6D6D616E6473007274666400436F6D30
S21404B1586D616E64207468617420726573657473B7
S21404B16820616C6C206174747269627574652076EB
S21404B178616C75657320746F20666163746F727989
S21404B1882064656661756C742E005241494C006CE7
S21404B1986F7765722D6D61632D7261696C2D383019
S21404B1A8322E31352E342E63006C69627261696CF6
S21404B1B82E6100756E636C61696D65640062756600
S21404B1C86665722D6D616E6167656D656E742E6356
S21404B1D8006576656E742D71756575652E63007ADF
S21404B1E869676265652D75707065722D6D61632E6D
S21404B1F863006E65696768626F722E6300617373B5
S21404B2086F63696174696F6E2E6300313832317307
S21404B2180031343232310031323100327300313287
S21404B228323131320031323231310032383100387D
S21404B2383131003138323131003132313131323145
S21404B24832323231730031323200313231313232F5
S21404B2583100313131310032323800726F7574651D
S21404B2682D7461626C652E63006D61632D6D756C5B
S21404B27874692D6E6574776F726B2E63006C6567E0
S21404B2886163792D7061636B65742D627566666596
S21404B298722E630000000200000000000000000098
S21404B2A8BA040000000000000000020000000000CD
S21404B2B800000000BA0400000000000000010203B9
S21404B2C80E312E312E322D64333839653539340033
S21404B2D80100000203030100060000000002030048
S21404B2E80000000013B779FAC925DDB7ADF3CFE03F
S21404B2F8F1B614B80102000000000000FFFFFFFFCB
S21404B308010000000100000000000000000000002A
S21404B318000000000000000000000000000000001C
S21404B328000000000000000000000000000000000C
S21404B33800000000073F03001B760300177603008F
S21404B348F5750300C37503005376030025760300DA
S21404B358C57503002C00000002020203000000006A
S21404B368000000006480005068800050000201005D
S21404B3780009007FB0B304000100000F90B3040076
S21404B3880000000000000000E1FE59FF8FFFADFF3B
S21404B398C1FFD0FFDCFFE4FFEBFFF2FFF6FFFAFF86
S21404B3A8FDFF0000030005005500EDFEFF006400E5
S21404B3B81E0000007F001B0DD063FDFF3600B70398
S21404B3C84DDAFFFF1C005901EC3600001100BD00E1
S21404B3D8C83B00000B007100143500000700490044
S21404B3E8352C00000500370005260000030014006D
S21404B3F8FF140000926904004F1E04004F1E040048
S21404B4084F1E04004F1E04004F1E04004F1E040067
S21404B4184F1E04004F1E04004F1E04004F1E040057
S21404B4284F1E04004F1E04004F1E04004F1E040047
S21404B4384F1E04004F1E04004F1E04004F1E040037
S21404B4484F1E04004F1E04004F1E04004F1E040027
S21404B4584F1E04004F1E04004F1E04004F1E040017
S21404B4684F1E04005D1E04004F1E0400721E0400D6
S21404B4784F1E04004F1E0400971E04004F1E0400AF
S21404B4884F1E04004F1E04004F1E0400BF1E040077
S21404B4984F1E04004F1E04004F1E04004F1E0400D7
S21404B4A8D71E04004F1E0400F51E04000103040101
S21404B4B8010109030B0000000B0000000200000055
S21404B4C80000202000000000030000008C8C3C00D4
S21404B4D80000000000000000000000001E0000003D
S21404B4E80A0000001A0000000000005812000000BD
S21404B4F8E4B40400554E4B00474F200042544C0019
S21404B508474F3200474F3300474F3400474F350004
S21404B518474F3600474F3700474F3800474F3900E4
S21404B528474F4100474F4200474F4300474F4400A8
S21404B538474F4500474F46004A4D50004244520084
S21404B5485550520042544D004D534D0046544C003D
S21404B558554E4B00474F200042544C00424144008D
S21404B56846544C00465243004F54410044534C0042
S21404B5784241500055504700544D45004641550039
S21404B588545A4600554E4B0050494E00454D34001B
S21404B598554E4B0048562000554E4B004558500013
S21404B5A84C574D00554E4B005242540044534C00E1
S21404B5B8454D3400554E4B0041535400554E4B00F0
S21404B5C856465900494E4800554E4B004C434B00CE
S21404B5D858544C004F424600554E4B0048524400BF
S21404B5E84D454D00425553005553470044424700C5
S21404B5F8444D410056435400554E4B0055502000C8
S21404B6085250200041503000415031004150200033
S21404B6184450200044454300FCB4040000B504002C
S21404B62858B504008CB5040098B50400A0B5040009
S21404B638ACB50400BCB50400C4B50400D0B5040019
S21404B648E0B5040000B60400554E4B0046494200D7
S21404B65842544C004558540050575200574447002B
S21404B668205357004352530046534800424144006F
S21404B678464C540042524F000104010303060105D8
S21404B688010501090600060B0000070B050B000060
S21404B69800000000000000000400E40C020001049E
S21404B6A81001000000050002000003003CB9040075
S21404B6B838B9040024B9040020B904001CB90400ED
S21404B6C818B9040006B90400F6B80400DCB8040087
S21404B6D8D4B80400CAB80400C8B80400B0B8040053
S21404B6E8ADB80400A5B8040094B8040084B80400EF
S21404B6F872B8040058B8040050B8040044B80400EB
S21404B70840B804003CB804002EB8040023B804006B
S21404B7180AB80400F1B7040095B7040094B7040007
S21404B72884B704005CB7040051B7040050B704009B
S21404B7383CB7040000000000000000000000000001
S21404B74800000000000000000F00000000000000D9
S21404B75800000000000000000000000000000000D8
S21404B76800000000000000000000000000000000C8
S21404B77800000000000000000000000001000000B7
S21404B7880000000000000000000000000F00000099
S21404B7980000000000000000000000000000000098
S21404B7A80000000000000000000000000000000088
S21404B7B80000000000000000000000000000000078
S21404B7C80000000000000000000000000000000068
S21404B7D80000000000000000000000000000000058
S21404B7E80000000000000000000000000000000048
S21404B7F80000000000000000000000000000000038
S21404B8080000000000000000000000000000000027
S21404B8180000000000000000000000000000000017
S21404B8280000000000000000000000000000000007
S21404B838000000000000000000000000FFFFFFFFFB
S21404B848FFFFFFFFFFFF00000000000000000000ED
S21404B85800000000000000000000000000000000D7
S21404B86800000000000000000000000000000000C7
S21404B87800000000000000000000000000000000B7
S21404B88800000000000000000000000000000000A7
S21404B89800000000000000000000000000FFFFFF9A
S21404B8A8FFFFFFFFFF9C0000FF00000000000000F1
S21404B8B800000000000000000000000080000000F7
S21404B8C80000FFFFFFFFFFFFFFFFFFFF0000000071
S21404B8D8FFFF000000000000000000000000000059
S21404B8E80000000000000000000000000000FFFF49
S21404B8F8FF00000000000000000000000000000038
S21404B9080000000000000000000000000000000026
S21404B9180000000000000000000000000000000016
S21404B9280000000000000000000000000000000006
S21404B93800000000FC0301010101010101010101ED
S21404B94801010101010000000000000100200600BA
S21404B958000006010100002002041104040211106C
S21404B9681A080A021801081110111A080A04020D06
S21404B9780B19195C0110280B0114000000000000C4
S21404B98800000000000000000001010101010100A0
S21404B998010101010101010000010101000100018A
S21404B9A80100000000000000000000000000000085
S21404B9B80001000000000000000000000000000075
S21404B9C801FF010023E1010075E4010063E20100C0
S21404B9D863E5010062E1010079EB010064EE010011
S21404B9E824E1010025E1010026E1010027E1010028
S21404B9F828E1010029E101002AE101000000010014
S21404BA08800001000001010080010100000201001D
S21404BA188002010020E20100000301000005010085
S21404BA2880050100000601002C890100800601003B
S21404BA380007010001E5010002E501000008010015
S21404BA48800801000040010086321010FFFFFFFF47
S21404BA58FFFFFFFF7C2704008227040088270400D2
S21404BA688E270400942704005A6967426565416C6A
S21404BA786C69616E636530394E574B20537465653F
S21404BA8872696E67000095969595950507090D00E9
S21404BA98000000000001020304060000C03D040084
S21404BAA85B510400755104008C5104009F51040036
S21404BAB8AF510400C3510400D5510400E5510400F5
S21404BAC801520400165204000208010D0D0101017A
S21404BAD812010000FFFFFFFFFFFFFFFF000000004A
S21404BAE80000000001090501000200000000000330
S21404BAF81EF1EE0B0CBB0400515E040092690400B0
S21404BB08FE0000006D5E04006CBC0400000000002B
S21404BB18775E04005CBC040000000000845E040039
S21404BB284CBC040000000000915E04003CBC040009
S21404BB3800000000AF5E040028BC040000000000FB
S21404BB48A75E040014BC040000000000AE5E0400F7
S21404BB5800BC040000000000BC5E0400F0BB040047
S21404BB68000000002E5D0400DCBB0400000000009A
S21404BB78B55E0400CCBB040000000000C15E0400EF
S21404BB88B8BB040000000000AD250400A8BB0400F0
S21404BB980000000000000000000000000000000094
S21404BBA88F8A0300D25E04000F5F0400010100FFC1
S21404BBB8750C0100385F04007D5F04000101000174
S21404BBC80107FF00310C0100CA5F04003560040059
S21404BBD8010100FF710B0100566004006F60040049
S21404BBE800010100FF000000A18A0300946004001D
S21404BBF8EC6004000101FF00898A03000361040065
S21404BC085A61040001010207FF000000838A03004A
S21404BC18036104005A61040001010207FF000000E2
S21404BC287D8A0300036104005A61040001010207C7
S21404BC38FF000000250B01007B610400BA610400C4
S21404BC48010101FFC50A0100D96104001E6204004F
S21404BC58010000FF810A0100D96104001E62040085
S21404BC68010000FF090B0100456204004B60040054
S21404BC7800FF0000778A03009A620400D58D04004A
S21404BC88FF000000718A03000D630400D58D0400CC
S21404BC98FF000000610A01007C630400F1630400ED
S21404BCA800FF0000390A0100096404006B640400FC
S21404BCB800FF0000638A03007C640400C264040076
S21404BCC802FF0000010A0100CB6404003F6504007B
S21404BCD801FF0000B86504009B650400AA6504001B
S21404BCE8B6650400C7650400DD650400F365040052
S21404BCF8FD65040007660400000000000B690400E4
S21404BD081100000017690400120000001F690400EF
S21404BD181300000027690400210000002F690400AE
S21404BD282200000036690400230000003D69040070
S21404BD38AA00000044690400FF0000000000000098
S21404BD48FFFFFFFFFFFFFFFF0000000000000000EA
S21404BD58000001080109020A030B040C050D060E6F
S21404BD68070F081001180119021A031B041C051DE5
S21404BD78061E071F08200121022203230424052582
S21404BD880626072708280129022A032B042C052D32
S21404BD98062E072F08300131023203380239043AD6
S21404BDA808E004E104E204E802E902EA04F008F11F
S21404BDB810000000000000000205000024BE040075
S21404BDC802000F004CBE040002000F0074BE0400FC
S21404BDD802000F009CBE040002000F00C4BE04004C
S21404BDE802000F00ECBE040002000F0014BF04009B
S21404BDF802000F003CBF040002000F0064BF0400EA
S21404BE0802000F008CBF040002000F00B4BF040039
S21404BE1802000F00DCBF040002000F000000000050
S21404BE2804C00400030000004000000000000000F6
S21404BE381900000028C0040004000F008000000059
S21404BE48000000000000000004C004000300000016
S21404BE5840000000000000001900000028C004008C
S21404BE6804000F008000000000000000000000002E
S21404BE7804C00400030000004000000000000000A6
S21404BE881900000028C0040004000F008000000009
S21404BE98000000000000000004C0040003000000C6
S21404BEA840000000000000001900000028C004003C
S21404BEB804000F00800000000000000000000000DE
S21404BEC804C0040003000000400000000000000056
S21404BED81900000028C0040004000F0080000000B9
S21404BEE8000000000000000004C004000300000076
S21404BEF840000000000000001900000028C00400EC
S21404BF0804000F008000000000000000000000008D
S21404BF1804C0040003000000400000000000000005
S21404BF281900000028C0040004000F008000000068
S21404BF38000000000000000004C004000300000025
S21404BF4840000000000000001900000028C004009B
S21404BF5804000F008000000000000000000000003D
S21404BF6804C00400030000004000000000000000B5
S21404BF781900000028C0040004000F008000000018
S21404BF88000000000000000004C0040003000000D5
S21404BF9840000000000000001900000028C004004B
S21404BFA804000F00800000000000000000000000ED
S21404BFB804C0040003000000400000000000000065
S21404BFC81900000028C0040004000F0080000000C8
S21404BFD8000000000000000004C004000300000085
S21404BFE840000000000000001900000028C00400FB
S21404BFF804000F008000000000000000000020017C
S21404C0082000000008000000040042213000000060
S21404C0189CC0040000FF420030000000000000003E
S21404C0280000F00840000000BDC00400010023041E
S21404C03840000000C5C004000600300140000000AF
S21404C04800000000FDFF210240000000010000007F
S21404C058190000041900010119000204190003015B
S21404C0681900050419000601190007040400410014
S21404C07835270100060041000F93030019008100CC
S21404C0882544010019008400B14E01000080000018
S21404C0980000000006435553544F4D0000000000AE
S21404C0A8000000000000000000000000000000007F
S21404C0B80000000000FFFFFFFFFFFFFFFFFFFFFF7A
S21404C0C8FF0004010401040104010401040104013D
S21404C0D804010401040104010401FFFFFFFFFFFF3C
S21404C0E8FFFFFFFFFFFFFFFFFFFFFFFFFFFFFFFF4F
S21404C0F8FFFF000102030405060708090A0B1F1CB4
S21404C1081F1E1F1E1F1F1E1F1E1F07021F012F0094
S21404C11837013F005701DF02E700FF020000000076
S21404C12800000000000000000000000000000000FE
S21404C13800000000000000000000000000000000EE
S21404C148AA6F040019000000B06F0400FFFF000087
S21404C158000000007B7004008670040092690400E6
S21404C1688E7004009C70040092690400AF7004008A
S21404C178BA700400C8700400CC700400DC700400B4
S21404C188C83E0400EC700400F0700400FB70040061
S21404C198057104000F710400137104002171040072
S21404C1A8357104004B710400008000000000000094
S21404C1B80000000000000000FFFFFFFFFF00000073
S21404C1C8000000000000000000000000000000401E
S21404C1D80000000001000000F1D501000000000086
S21404C1E8000000000000F03F0000000000002440AB
S21404C1F800000000000059400000000000408F4086
S21404C208000000000088C34000000000006AF840F0
S21404C2180000000080842E4100000000D012634114
S21404C2280000000084D797410000000065CDCD418A
S21404C2384142040028D8040000000000717A040073
S21404C24818D8040000000000767A040008D8040011
S21404C25800000000777A0400F8D704000000000005
S21404C268BC5E0400E4D7040000000000AF5E0400CF
S21404C278D0D70400000000007C7A0400C0D704006D
S21404C28800000000827A0400B0D704000000000012
S21404C298867A0400A0D7040000000000957A0400FB
S21404C2A890D7040000000000B27A040080D7040087
S21404C2B800000000BB7A040070D7040000000000E9
S21404C2C8D07A040060D7040000000000035004007D
S21404C2D850D7040000000000E07A040010D70400D9
S21404C2E800000000D77E04009CCE04000000000076
S21404C2F8936E04005CCE040000000000E77A040095
S21404C3089CCD040000000000F07A0400A0CC0400D1
S21404C31800000000FD7A040094C804000000000031
S21404C328197104006CC7040000000000047B0400B4
S21404C3386CC7040001000000087B04002CC7040036
S21404C348000000000D7B0400F0C504000000000097
S21404C358411F0400F0C5040001000000FD7A040033
S21404C36894C8040000000000147B040094C8040069
S21404C37801000000197B0400BCC50400000000008E
S21404C388237B0400BCC50400010000002B7B0400CA
S21404C398ECC3040000000000B2260400B8C304007E
S21404C3A8000000000000000000000000000000007C
S21404C3B8C8C304002F7B040092690400FE00000032
S21404C3C8477B040044CF040000000000AC7F040050
S21404C3D834CF040000000000000000000000000045
S21404C3E800000000FCC304004C7B040092690400AF
S21404C3F8FE000000627B0400C4D0040000000000B5
S21404C408687B0400B4D00400000000006E7B0400BF
S21404C418A4D0040000000000777B040094D0040035
S21404C42800000000F323040084D004000000000089
S21404C438FD2104004CD0040000000000042B040076
S21404C44838D0040000000000817B040028D00400D3
S21404C45800000000F126040018D0040000000000C4
S21404C468867B040008D00400000000008D7B0400CE
S21404C478F8CF040000000000927B0400E8CF040014
S21404C48800000000967B040088C504000000000035
S21404C4989D7B040030C5040000000000A57B040052
S21404C4A8FCC4040000000000B17B0400C8C40400F7
S21404C4B8000000000000000000000000000000006B
S21404C4C8D8C40400BC7B040092690400FE00000083
S21404C4D83C39040064CF040000000000ED65040045
S21404C4E854CF040000000000000000000000000014
S21404C4F8000000000CC50400DD7B040092690400FB
S21404C508FE0000003C39040084CF0400000000004C
S21404C518ED65040074CF040000000000000000006D
S21404C528000000000000000040C50400FF7B040073
S21404C53892690400FE0000001D7C0400D4CF0400A9
S21404C54800000000FB800400C4CF040000000000C4
S21404C5582C7C0400B4CF040000000000317C0400E6
S21404C568A4CF040000000000387C040094CF040024
S21404C57800000000000000000000000000000000AA
S21404C58898C504003D7C040092690400FE0000007F
S21404C598FE38040070D00400000000005A7C040032
S21404C5A85CD004000000000000000000000000004A
S21404C5B800000000CCC50400627C040092690400F4
S21404C5C8FE0000007E7C040004D104000000000085
S21404C5D819710400F4D004000000000000000000F4
S21404C5E8000000000000000000C60400837C04006D
S21404C5F892690400FE0000009C7C0400B4D1040088
S21404C60800000000BF350400A4D1040000000000A8
S21404C618A57C040094D10400000000007E7C04007D
S21404C628E4D0040000000000AA7C0400D4D004006F
S21404C63800000000B77C0400ECC6040000000000FC
S21404C648C57C0400B8C6040000000000D37C0400BF
S21404C65878C6040000000000E77A04009CCD0400B5
S21404C66800000000000000000000000000000000B9
S21404C67888C60400DC7C040092690400FE000000FE
S21404C68820B1040084D104000000000031B1040085
S21404C69874D1040000000000F049040064D10400CA
S21404C6A80000000000000000000000000000000079
S21404C6B8C8C60400FA7C040092690400FE00000060
S21404C6C8247D0400D4D1040000000000A16B0400FB
S21404C6D8C4D10400000000000000000000000000B0
S21404C6E800000000FCC604002B7D040092690400C8
S21404C6F8FE000000B226040008D204000000000071
S21404C708ED650400F8D1040000000000FB80040076
S21404C718E4D104000000000000000000000000004F
S21404C728000000003CC704004B7D04009269040026
S21404C738FE000000B226040038D204000000000000
S21404C7486B7D040028D2040000000000ED65040098
S21404C75818D20400000000000000000000000000DA
S21404C768000000007CC70400727D0400926904007F
S21404C778FE0000008C7D04006CD30400000000005A
S21404C788A56504005CD3040000000000BF7D040017
S21404C7984CD3040000000000F32304003CD3040038
S21404C7A800000000C06504002CD30400000000004C
S21404C7B8917D04001CD3040000000000A97D040039
S21404C7C80CD3040000000000B27D0400FCD2040070
S21404C7D800000000B97D0400ECD20400000000004C
S21404C7E8C57D0400BCD2040000000000FB800400E1
S21404C7F8ACD2040000000000D47D04009CD20400DF
S21404C80800000000AF4A04008CD2040000000000B8
S21404C818D97D04007CD2040000000000F07D0400EA
S21404C8286CD2040000000000047E040058D2040001
S21404C83800000000147E040048D204000000000033
S21404C848237E040060C80400000000000000000006
S21404C858000000000000000070C80400287E0400E1
S21404C86892690400FE0000003F7E0400DCD2040047
S21404C87800000000487E0400CCD20400000000003B
S21404C888000000000000000000000000A4C8040027
S21404C8989269040092690400FE0000004F7E0400BA
S21404C8A8DCCE0400000000005C7E040020CD0400FA
S21404C8B800000000657E04006CCC04000000000044
S21404C8C8737E040038CC040000000000817E040057
S21404C8D804CC0400000000008F7E04006CCB040027
S21404C8E800000000A07E040044CB04000000000002
S21404C8F8AD7E0400A4CA040000000000B87E04004C
S21404C9084CCA040000000000CB7E040024CA0400BD
S21404C91800000000A05D0400C0C904000000000078
S21404C928DE7E040080C9040000000000E97E0400DE
S21404C9384CC90400000000000000000000000000CD
S21404C948000000005CC90400FC7E04009269040030
S21404C958FE000000207F04008CD3040000000000C2
S21404C968267F04007CD304000000000000000000BA
S21404C978000000000000000090C904002A7F04009C
S21404C98892690400FE000000AC3A0400BCD304001C
S21404C998000000005C7F0400ACD304000000000024
S21404C9A8687F04009CD30400000000000000000018
S21404C9B80000000000000000D0C904007E7F0400C8
S21404C9C892690400FE000000B226040020D4040085
S21404C9D800000000ED65040010D404000000000008
S21404C9E89A5A040000D40400000000003C390400ED
S21404C9F8ECD30400000000009A7F0400DCD3040093
S21404CA0800000000B17F0400CCD30400000000003E
S21404CA1800000000000000000000000034CA040003
S21404CA28BD7F040092690400FE000000E27F040053
S21404CA3830D40400000000000000000000000000DD
S21404CA48000000005CCA0400E77F04009269040042
S21404CA58FE0000000B80040080D4040000000000E0
S21404CA686B7D040070D404000000000017800400E6
S21404CA7860D40400000000001E80040050D40400A3
S21404CA88000000002B80040040D4040000000000CE
S21404CA98000000000000000000000000B4CA040003
S21404CAA83680040092690400FE000000A47E040098
S21404CAB830D50400000000005380040020D504008C
S21404CAC8000000004142040010D5040000000000E5
S21404CAD86F51040000D50400000000001E7E040008
S21404CAE8F0D4040000000000AC3A0400E0D40400CB
S21404CAF8000000005A800400D0D40400000000009F
S21404CB0865800400C0D4040000000000728004009D
S21404CB18B0D404000000000082800400A0D40400FE
S21404CB28000000009580040090D404000000000073
S21404CB3800000000000000000000000054CB0400C1
S21404CB48A780040092690400FE0000004142040025
S21404CB5840D50400000000000000000000000000AB
S21404CB68000000007CCB0400C58004009269040021
S21404CB78FE000000AC3A0400B0D504000000000033
S21404CB886F510400A0D50400000000001E7E0400B7
S21404CB9890D5040000000000E880040080D5040056
S21404CBA800000000277C0400C4CB0400000000003A
S21404CBB8000000000000000000000000D4CB0400C1
S21404CBC8FF80040092690400FE000000FB80040055
S21404CBD870D50400000000003C39040060D5040049
S21404CBE8000000001581040050D504000000000071
S21404CBF800000000000000000000000014CC040040
S21404CC081E81040092690400FE000000B226040097
S21404CC18D0D5040000000000ED650400C0D504006B
S21404CC2800000000000000000000000000000000F3
S21404CC3848CC04003E81040092690400FE0000000B
S21404CC485E810400F0D50400000000007181040031
S21404CC58E0D504000000000000000000000000000A
S21404CC68000000007CCC040087810400926904005C
S21404CC78FE000000A781040010D60400000000008F
S21404CC88BF35040000D604000000000000000000C1
S21404CC980000000000000000B0CC04009269040004
S21404CCA892690400FE000000B1810400C8CC0400A8
S21404CCB80000000000000000000000000000000063
S21404CCC8D8CC04009269040092690400FE000000AF
S21404CCD8BD81040060D60400000000000A71040048
S21404CCE850D6040000000000C381040040D60400A7
S21404CCF800000000C781040030D6040000000000CD
S21404CD08CB81040020D604000000000000000000C8
S21404CD18000000000000000030CD0400DB810400A1
S21404CD2892690400FE000000B2260400E0D604005F
S21404CD3800000000F6810400D0D6040000000000BD
S21404CD4809820400C0D6040000000000ED65040053
S21404CD58B0D604000000000016820400A0D6040022
S21404CD68000000002782040090D60400000000009B
S21404CD783582040080D604000000000046820400C1
S21404CD8870D6040000000000000000000000000048
S21404CD9800000000ACCD040053820400926904002D
S21404CDA8FE0000006D82040034D104000000000078
S21404CDB8A082040024D1040000000000DB820400E2
S21404CDC814D1040000000000F282040028CE0400F7
S21404CDD800000000FC820400F4CD040000000000FB
S21404CDE800000000000000000000000004CE04005C
S21404CDF80083040092690400FE00000020B10400C9
S21404CE0854D104000000000031B1040044D10400E9
S21404CE180000000000000000000000000000000001
S21404CE2838CE04001F83040092690400FE00000044
S21404CE38D735040000D7040000000000FB80040077
S21404CE48F0D6040000000000000000000000000007
S21404CE58000000006CCE04003283040092690400CB
S21404CE68FE000000B226040040D7040000000000BC
S21404CE78247D040030D7040000000000A16B0400E1
S21404CE8820D7040000000000000000000000000096
S21404CE9800000000ACCE04004D8304009269040030
S21404CEA8FE0000002B80040058D804000000000090
S21404CEB8AC3A040048D804000000000041420400CC
S21404CEC838D804000000000000000000000000003D
S21404CED800000000ECCE04006D8304009269040090
S21404CEE8FE0000008B830400A8D80400000000009D
S21404CEF89583040098D8040000000000A08304006A
S21404CF0888D8040000000000BC5E040078D804003A
S21404CF1800000000AF83040068D804000000000086
S21404CF28000000000000000000000000558A03000E
S21404CF38BA83040092690400FF000000518A0300C3
S21404CF48C783040092690400FF00000075110100FD
S21404CF58D983040092690400FF000000111101003F
S21404CF6806840400CE8B040001FF0000751101003E
S21404CF784684040092690400FF00000011110100B1
S21404CF8874840400CE8B040001FF0000A91101007C
S21404CF98B5840400D684040000FF0000A91101002B
S21404CFA8DF8404003C8504000000FF00251201000D
S21404CFB84A85040063850400010001FF91120100FC
S21404CFC888850400CA8504000102FF0025120100B2
S21404CFD8E08504000F86040001000102FF0000003B
S21404CFE8A10F0100408604007C86040007FF0000A9
S21404CFF8C10F010082860400B586040001FF000004
S21404D008D50F0100BD8604000D8704000100FF004B
S21404D0183110010022870400738704000101FF0011
S21404D0280510010083870400BD87040001FF000083
S21404D03885100100C58704000E880400010000015D
S21404D0480707FF00C112010060880400B5860400C3
S21404D05801FF0000C1130100A8880400EC8804003E
S21404D068010700010700FF00B38A03004189040092
S21404D078878904000107000101FF00004913010025
S21404D088C3890400FE890400010000FF1913010087
S21404D0981C8A0400608A04000100FF00E9120100EB
S21404D0A8738A0400608A04000100FF0091130100DB
S21404D0B8B28A0400BD87040001FF000001140100C1
S21404D0C8ED8A04001E8B04000100FF0031FD0000F9
S21404D0D8926904002C8B0400000707FFD5FC0000A7
S21404D0E892690400458B0400000707FFE10101006C
S21404D0F892690400518B040007FF0000E101010057
S21404D10892690400518B040007FF0000058A030097
S21404D11892690400568B04000000FF00BD0101005C
S21404D12892690400D061040001FF00008501010033
S21404D138926904008E8B040000FF0000B5FC000012
S21404D1489269040092690400FF000000B5FC000020
S21404D1589269040092690400FF000000DB8903005A
S21404D1689269040092690400FF000000DB8903004A
S21404D1789269040092690400FF000000DB8903003A
S21404D1889269040092690400FF00000085FC000010
S21404D19892690400C48B04000101FF0071FC0000BE
S21404D1A892690400D98B040001FF0000D7890300A4
S21404D1B89269040092690400FF00000039FC00002C
S21404D1C8027D040092690400FF00000039FC000098
S21404D1D8E38B040092690400FF000000B9FD000018
S21404D1E8048C04001B8C04000001000007FF0000E8
S21404D1F8D3890300418C040092690400FF000000F0
S21404D20835FB00005B8C040092690400FF000000F4
S21404D2184D8A0300898C040092690400FF0000000C
S21404D2283F8A0300A38C0400258B040000FF00003B
S21404D238B5040100C88C040092690400FF000000CD
S21404D24809FA0000E28C040092690400FF0000005A
S21404D2589DF90000058D0400828D0400000003106B
S21404D268FF00000079FA0000D78D0400458E0400FC
S21404D27801FF00004DFA00005A8E04009D8E04003B
S21404D28800FF000061F90000AE8E040092690400F5
S21404D298FF000000D1890300DD8E040092690400B3
S21404D2A8FF0000003DF90000298F0400258B0400C8
S21404D2B800FF000009F900006A900400BF9004000B
S21404D2C800FF0000EDF80000D990040092690400FD
S21404D2D8FF000000D1F80000E990040092690400F9
S21404D2E8FF000000C1890300FD9004007B91040040
S21404D2F800FF0000A1F800000692040092690400EA
S21404D308FF0000005DF80000239204004E9204001B
S21404D31807FF00001DF8000058920400B1920400AC
S21404D328000500FFD5F70000649304007793040013
S21404D3380002FF00B1F70000A693040092690400F7
S21404D348FF000000C1890300B8930400F2930400A8
S21404D35800FF000045F7000078940400BE9404001B
S21404D368000301FF35F700005E950400A495040049
S21404D378000301FF296D0100449604009269040025
S21404D388FF000000D19603006C960400E79604009C
S21404D39802FF0000E11701003C970400D58D040045
S21404D3A800FF0000AD17010064970400D58D040043
S21404D3B800FF00005D1701007D97040092690400D1
S21404D3C8FF000000355F0100969704009269040088
S21404D3D8FF0000000D5F0100E39704009269040053
S21404D3E8FF000000995E01000E98040034980400BB
S21404D3F800010100010102FF715E0100B3990400F7
S21404D408DB99040000FF0000515E0100029A040044
S21404D41892690400FF000000995D01002C9A04003C
S21404D42892690400FF000000A3950300459A0400CF
S21404D43892690400FF000000695201006B9A040018
S21404D4489C9A04000002FF0005940300F99A04005D
S21404D45892690400FF00000001940300269B040060
S21404D46892690400FF0000001D520100419B04005D
S21404D4786B9B040000FF0000DD4F01009B9B04002B
S21404D48892690400FF000000593B0100AE9B0400AB
S21404D49892690400FF000000413B0100C69B04009B
S21404D4A892690400FF0000007D930300DF9B0400DC
S21404D4B892690400FF000000699303000C9C0400B2
S21404D4C8869C040000FF0000E94E0100C59C040089
S21404D4D892690400FF000000D94D01003D9D040038
S21404D4E892690400FF000000FD390100819D0400D4
S21404D4F892690400FF000000E13901009E9D0400C3
S21404D50892690400FF000000593A0100499E04008D
S21404D51892690400FF0000004D3A0100D79E0400FB
S21404D5281C9F040000FF0000193A0100539F0400E2
S21404D538A49F040000FF000045380100D79F04009C
S21404D54892690400FF000000DD2C010003A004001B
S21404D5586CA004000000FF00DD2C0100C1A004003C
S21404D56823A104000000FF007D2D010068A104002B
S21404D5789BA104000002FF00D7920300F0A1040058
S21404D5883EA2040007FF0000B12E01005AA20400C0
S21404D59892690400FF000000C52C01007EA2040066
S21404D5A8A3A2040000FF0000D12D0100FCA2040081
S21404D5B892690400FF0000009526010039A30400C0
S21404D5C892690400FF0000005D26010063A30400BE
S21404D5D892690400FF000000AF9103009EA30400B4
S21404D5E80DA4040000FF0000B91F01005EA4040097
S21404D5F8DDA4040000FF0000A191030023A5040095
S21404D60875A5040000FF000081910300BCA5040072
S21404D61809A6040000FF00007791030053A604003F
S21404D62891A6040000FF000071910300A1A604005F
S21404D63891A6040000FF00006B910300C8A604002E
S21404D64891A6040000FF000065910300EFA60400FD
S21404D65891A6040000FF00005F91030017A70400CA
S21404D66891A6040000FF00003B91030040A70400B5
S21404D67892690400FF0000004191030062A70400B9
S21404D68892690400FF000000611A01008AA70400DA
S21404D698C3A704000001FF008D1A0100E4A70400D4
S21404D6A892690400FF0000003D9103000FA80400DF
S21404D6B892690400FF000000491A01002AA8040021
S21404D6C892690400FF000000051A010045A804003A
S21404D6D872A8040000FF0000ED1901008DA80400DC
S21404D6E892690400FF00000035020100B8A804008F
S21404D6F892690400FF00000035020100DFA8040058
S21404D70892690400FF00000025F70000F0A8040052
S21404D71892690400FF000000F1F6000005A9040061
S21404D7282CA9040000FF0000F1F600003CA9040040
S21404D7382CA9040000FF000089F6000063A9040071
S21404D74892690400FF000000B98903007EA904005A
S21404D75892690400FF000000E5F20000A1A9040095
S21404D7680BAA040000FF0000C5F200002EAA04005D
S21404D77892690400FF000000AD0E010094AB04009B
S21404D78821AC0400010000FF910D01003EAC04002A
S21404D79892AC040000FF0000C50D0100A7AC04000D
S21404D7A8F9AC04000100FF00310D01000FAD0400C0
S21404D7B8FCAD04000107FF00BD8903000CAE04009D
S21404D7C892690400FF000000910601001DAE0400E3
S21404D7D82FAE0400000101000007FF0089050100C0
S21404D7E86AAE04007BAE040000010100FF000000DE
S21404D7F8C50D0100CAAE0400DBAE0400010000FF3C
S21404D80801050100CAAE04000DAF040000FF0000C5
S21404D8187DA001001EAF040092690400FF0000000A
S21404D82819F300006AAF040092690400FF000000C0
S21404D838A9B703009269040092690400FF00000077
S21404D848A1AE01009269040092690400FF0000007A
S21404D85865AE010092690400AFAF040002FF000041
S21404D86811B60100B7AF040092690400FF00000077
S21404D8789DB50100E3AF040006B004000200FF00F3
S21404D8882BB803002FB0040092690400FF000000C0
S21404D89879B5010051B004006FB0040002FF00001F
S21404D8A851B5010084B004006FB0040002FF000004
S21404D8B801000000E84F00200000000000000000FF
S21404D8C8FFFF00001B910300000000000300000097
S21404D8D8FFFF01008F910300000000000400000011
S21404D8E8FFFF01001D920300000000000400000072
S21404D8F8FFFF0000A19203000000000006000000DD
S21404D908FFFF000013930300000000001900000046
S21404D918FFFF0100A9930300C7810400246D0020BB
S21404D92800000000000000000000000000000000E6
S21404D938DBB00400A4D9040000000000E1B0040031
S21404D948FCBA040000000000E8B00400CCBC0400E4
S21404D95800000000AC7F0400BCBC0400000000000B
S21404D968F1B00400ACBC04000000000003B10400DD
S21404D9789CBC04000000000012B104008CBC040027
S21404D9880000000023B104007CBC04000000000072
S21404D998000000000000000000000000B4D90400E5
S21404D9A835B1040092690400FE00000050B104007A
S21404D9B8CCD90400000000000000000000000000AD
S21404D9C80000000061BE030055B10400926904001B
S21404D9D8FF03010001013F040201003F04020200A4
S21404D9E83D040202003D0401020001020003010096
S21404D9F802023D04020100020202010002020000C3
S21404DA0800202020202020202020282828282820FD
S21404DA1820202020202020202020202020202020F5
S21404DA28208810101010101010101010101010105D
S21404DA38100404040404040404040410101010104D
S21404DA481010414141414141010101010101010117
S21404DA580101010101010101010101011010101069
S21404DA6810104242424242420202020202020202E9
S21404DA78020202020202020202020202101010103D
S21404DA882000000000000000000000000000000065
S21404DA980000000000000000000000000000000075
S21404DAA80000000000000000000000000000000065
S21404DAB80000000000000000000000000000000055
S21404DAC80000000000000000000000000000000045
S21404DAD80000000000000000000000000000000035
S21404DAE80000000000000000000000000000000025
S21404DAF80000000000000000000000000000000015
S21404DB08000000021000000084540020281400209E
S21404DB180000020800000000FFFFFFFFFFFFFFFFF2
S21404DB28FFFFFFFF000000000000000000000000E8
S21404DB3800000000000000000000000020000000B4
S21404DB4865E1010010000000DDE0010000000001AE
S21404DB58000001010001010120C001B80000000016
S21404DB6800000000FFFFFFFFFFFFFFFFFFFFFFFFB0
S21404DB78FFFFFFFFFFFFFFFFFFFFFFFFFFFFFFFFA4
S21404DB88FFFFFFFF030404080808080800B801B8E4
S21404DB9802B800B0001005000304040808050000D5
S21404DBA80000000000000000000000000000000064
S21404DBB8F8330000E0030000D83700001400000023
S21404DBC8383E000008000000002F0000F80400009B
S21404DBD8EC37000004000000343E00000300000098
S21404DBE800000000002F0000F037000001000000CD
S21404DBF8403E000039000000012F0000010000002C
S21404DC0870B50822804B1A60804B1B68DC0302D56B
S21404DC180020088070BD0C880019401E00787C4DD2
S21404DC28A870641C0C8045076D0F052D05D8794E21
S21404DC383668F60603D5022D0DD0032070BD96046B
S21404DC48AE401E4001D1082070BD052D03D11042F8
S21404DC5801D1641E0C80AA484860002070BDF3B544
S21404DC6882B008886C490978491CC9B2814204D232
S21404DC7802990918491E097800E00021644A51707F
S21404DC8893785B075B0F01933023019C052C28D1FE
S21404DC98194232D19478E5081E242C40CD0702D5C3
S21404DCA8250001242C430125A14EE6402E4072D0BF
S21404DCB8019FA04EE641402426403E434C0602D52A
S21404DCC8340020262643947889080D40A7080C219A
S21404DCD839402943C02525400D4320212943967001
S21404DCE851704A490C685578022123262E4008D0DC
S21404DCF8660302D52B40202B01D0052082E0424B38
S21404DD08196093789B0601D4202203E092781207C0
S21404DD1802D540223C4B1A603D4A92786B461A70EC
S21404DD28C022854B1E680E4001D1154212D06E469D
S21404DD38377827263E40232E03D1E60207D4012649
S21404DD4806E0252E03D0212E04D1260302D5042668
S21404DD582D4F3E601B6819402026019F002F1CD1BA
S21404DD681E4027D02A4B5B781A40402A13D00C2230
S21404DD781A40042A0FD02A073BD40122002902D0CD
S21404DD88E100CB0F5A4069460978CB07DB0F1A42E5
S21404DD982FD021012AD4072034E0022FE2D11E40D6
S21404DDA808D00029DED1CC232B4003D16B461B7840
S21404DDB85B0601D5032025E0A30311D59C4E7369A1
S21404DDC81B051B0D5B1C3668F60205D5994E36688E
S21404DDD83607B60F9B1B5B1E9BB2052B04D1C1E707
S21404DDE8029B1B78052BBDD006200BE08021064A33
S21404DDF81160E90702D4401C03990880AB480399CC
S21404DE084860002004B0F0BD481002A8C83E0000D0
S21404DE18343E0000440002A8543E0000F2B5864989
S21404DE284978CA0705D4009A12888018401E0378D1
S21404DE3800E000239E4A106802249E4D2E68F606CB
S21404DE4811D512695340DBB2002B03D16E68D3098F
S21404DE5873402340002B03D0020204D40A20F2BDE8
S21404DE68E206954E3260744A1E02C0230B403343C2
S21404DE78914E336093785E07760F022E06D16D684E
S21404DE882C4003D1002000990880F2BDA0250D403F
S21404DE989E08102737402F433D090E0702D42E004C
S21404DEA810253543CC240C401A262E400A2E04D1BD
S21404DEB8CC2C02D02E00FD253540804EEE40F607C9
S21404DEC805D4000416D5412B10D1082912D17C4854
S21404DED8E8401121014021432020084310700D21F9
S21404DEE80140009808D000F0A9F8F2BD0B2B01D128
S21404DEF80029ECD00720F2BD00F020F8F2BD00009F
S21404DF085F2F000038B50C006E490B781A09533990
S21404DF189500491925881B071B0FEB1A9A1A8018AF
S21404DF28FEF756FE010002D1200000F007F832BDC5
S21404DF38F300A3E398144068480002A8F8B5040060
S21404DF48614805683C4F3878D026304202D00D2107
S21404DF58014005D008205D490860EF20FEF7F6FD6D
S21404DF6839782000314204D00909397000F066F87F
S21404DF78F2BD052129401FD002884D49CA60544B7A
S21404DF88EC0705D5521C0280690607D4514B05E0F8
S21404DF9843242C40422C03D1521C028043600DE0DB
S21404DFA810224A4B1A604C4A09688B00DB0F190189
S21404DFB8D162802109031160002101800020F2BD8E
S21404DFC80A888018401E0078830601D4121D0A8029
S21404DFD81822024004D0088852088018C01E0880F8
S21404DFE839480068C00702D50888401C08803948A4
S21404DFF8486000207047344A1368DB0708D512685F
S21404E008920705D40A888018401E007804280CD184
S21404E01810202E4A10603048254A12689300DB0FF9
S21404E0281A01C26280221203026000200880704728
S21404E0380C4000A8080001A8343E000031B581B0A1
S21404E0482649002000900822254B1D7802230C241C
S21404E058254202D10022234903E02C40082C00D193
S21404E0680222EC0703D50C001E21614000931D42D2
S21404E07807D015490968090601D51B4901E000219E
S21404E088C943019B194C21601949FF248C70009CD4
S21404E09815012543CD700870188800994018801813
S21404E0A8188014485860002036BD00001D31000052
S21404E0B8C83E0000440002A8441002A80D0F0C0D28
S21404E0C8071708504B3F0000480002A8482002A83B
S21404E0D8C1320000F73200001C1002A8DE1B25011E
S21404E0E8343E00002084100000FCFF01F43E0000CB
S21404E0F8483F000005320000343E0000C1290000F5
S21404E108D9290000D9290000D9290000D9290000F6
S21404E118D9290000000000000000000000000000EC
S21404E12800000000D9290000D9290000D9290000D8
S21404E138192E0000D9290000552300006523000085
S21404E148F123000039240000B32400001D26000033
S21404E158D3240000BD2600001F2500005D2500000E
S21404E168D5250000312800000129000027230000D7
S21404E178632B00004D200000812B0000F52B0000C7
S21404E188D9290000D52C00009D2C0000D9290000B0
S21404E198D9290000212D0000D9290000D92900001A
S21404E1A8D92900005D100000531000006710000015
S21404E1B8711000007B1000008C488068000200D4B0
S21404E1C8704780B580208002A8490860CF2000F0F8
S21404E1D845FA01BDF8B586480068864C8022920345
S21404E1E82260854E316809051DD5110BA02303400E
S21404E1F801D0216017E002403FD180277F4A17608C
S21404E2087F4A1760084038D0784D287A400705D5E5
S21404E21801207C49086000027B49086028780028A9
S21404E22801D0062801DB0020F2BD00F051FB71681E
S21404E23889684E682978052907D1B905A1606E60F2
S21404E248B668CC218901704A116000F04AFB012E99
S21404E25800DA0226BC2080058549086094208005DB
S21404E2688449086065480021C943016471424164D1
S21404E27881490F6040210160D5E7AE480160FFF789
S21404E2889BFF0120F2BD5A480168890504D5C06E73
S21404E2980004000F022801D00020704701207047B0
S21404E2A838B580245548046000F012FB050073480E
S21404E2B8006800F05FF9280000F013FBFFF77CFF06
S21404E2C84A48007A000705D5A0004A49086000F0C5
S21404E2D8FEFB31BD600397490860AD48046031BD54
S21404E2E8FEB50500CC208001934948600126934872
S21404E2F80660FFF7C8FF002877D03C4C2078002833
S21404E30873D031020195052802D02A460A406CD1FA
S21404E318CC27BF01884A17609E4A126853075B0FCA
S21404E328022805D1022B5ED3080137490860F7BDD9
S21404E3384D01032804D1022B55D933480560F7BD8F
S21404E348042802D111404ED0F7BD05284BD10198B8
S21404E358002848D0C005C10F684641700198C0041B
S21404E368C10F6846017000F0B3FA02906068694607
S21404E3784978002903D006688021214A11602C04B4
S21404E388A7496A461278002A0CD0C2680B68D21AC3
S21404E398A44B1B68234001D0066800E046689642F2
S21404E3A800DD1600684640786A461278024308D0AC
S21404E3B808684242B01E824202DA7042886000E070
S21404E3C80026029800F08DFA0198800501D5964833
S21404E3D804600198054001D094480460002E02D0D9
S21404E3E809480760F7BDFFF75BFFF7BD403E00002E
S21404E3F8400002A8402002A8C83E00000CC001A89D
S21404E40890E001A894D000A8505201A838B58024FA
S21404E41887480460012049490860864D28780528FD
S21404E42802D0600084490860FFF72DFF002812D048
S21404E43812480068000A80214140A868000EC9B244
S21404E448814208D2534800684007400F022802D287
S21404E458FFF726FF31BD79480168C0220A4002D179
S21404E468C06F204001D00448046031BD1C1002A8C7
S21404E47808E001A808D001A894D001A818C000A8EC
S21404E488F1B582B00F008026B600A020384002D02E
S21404E4986B4806604CE000F01BFA00906948046874
S21404E4A8F80202D5A0680069029000F05FFBB1028A
S21404E4B8606800F069F9217820000022491C437836
S21404E4C88B4200D2002118234B43C5180C352B78F1
S21404E4D8082BF3DA0C000170856056482978017019
S21404E4E83E4007D0574909688968CA68F90201D4C2
S21404E4F803218A43826001261046304003D100F087
S21404E508F6FB00F0B4FFF104686900F03DF93C201E
S21404E51800F0A4F8E0B200F0A1F8009800F0E1F9E1
S21404E52830054749086048480660300202490860D2
S21404E5380298FEBD401002A84C6201A894E000A808
S21404E54810B542480068800501D4FE2010BDC020DE
S21404E55880033F49086000F0BBF93A4909688A789D
S21404E568D20702D589688C7800E00C7800F0B9F9EF
S21404E578200010BD334909688A688B78DB0704D500
S21404E588927818235A438A180C3290607047000011
S21404E598100002A8084001A8F1B582B02D4F3C68C7
S21404E5A80026200F000702D1E00102902AE000F0BE
S21404E5B85EFF00F08DF9019080210903606800F081
S21404E5C8E3F825786D1C6078A84200D20025E80098
S21404E5D820180C30009000680290802109030098E7
S21404E5E8406800F0D1F83D2000F038F8E8B200F0B2
S21404E5F835F825700098A060019800F072F902A812
S21404E60800F09AFF14480068800407D5786901F07A
S21404E61850FC02990818029000D502960298FEBD8E
S21404E62848C001A8480002A8481002A8482002A822
S21404E63894E001A8403E0000506201A814C001A856
S21404E648402002A8CC3E000090E000A8400002A8A3
S21404E658401002A8D03E0000FC0302A841490968FD
S21404E668002901D5404908607047F3B581B03F4F8B
S21404E678B9683F4C4A004CD50125090100D5212527
S21404E68801003C4A1068566822689206920E944620
S21404E6983A6893008022134062461343802252004D
S21404E6A81A4300920A0023D0890601D5012008E0FF
S21404E6B8F021014007D16946097A0C220A4002D0A3
S21404E6C8022000F03FF82C49096809040AD539687D
S21404E6D8090701D5022605E03968490301D500264D
S21404E6E800E003264835009A24490968890003E0AF
S21404E6F8009A2249C96909094023194011439A0016
S21404E708002E02D016432666083521660243226682
S21404E7182566E06D4407640F00F0C4F8A0070BD024
S21404E728052C09D0B868000406D400F0D1F80221F4
S21404E738134A116000F0D5F800F0BDF8002000F088
S21404E74801F8F7BD0B490A68F0239A430001104301
S21404E7580860C0B270478020C0020A490860704743
S21404E768000000004C0002A8884000A8440002A844
S21404E778284000A8683F0000384101A8084001A8BE
S21404E7887CD40350485000A880B5664A116001F04E
S21404E798BBFBFFF7E0FF01BDFEB500F099F8029059
S21404E7A8102061490860002360480360022060491D
S21404E7B808606048C0684005C20DD52A01D2D52233
S21404E7C804E0D1204000824200D902001000010073
S21404E7D8594C0194843C246864011DD5574C009414
S21404E7E8251D574E367806277E43AA530024019DD6
S21404E7F82D7CE540ED070CD5009D06266643AD192D
S21404E808AD888FB2BD4200D2290086B2AE4200D28D
S21404E8182800641C022CEAD389B246310904494C00
S21404E8280C404638C005C00D204342490860C02045
S21404E8380006454908604048017D00290CD0434934
S21404E848D52A02D98024E4050C60D1246400A242A7
S21404E85802D2802424060C6010213D4C21603D49D8
S21404E8680B604188002900D10280029800F039F82C
S21404E878F7BD80B53848394908603948C16809027F
S21404E888090A19225143416005210160FFF784FFF4
S21404E89801BD33480068C00300D4704780B5FFF74D
S21404E8A87BFF01BD8020C0021E4908602D48006811
S21404E8B84007FBD470478020C0022B490860704785
S21404E8C801E02A4908602A4909680140F9D17047D5
S21404E8D8284800682021284A11601021274A116018
S21404E8E870473021014002D1102023490860704740
S21404E8F82048006830210140102901D101207047C2
S21404E908002070471E4800780621014007D01D489D
S21404E9180068022803D0032801D00120704700208D
S21404E92870470000401002A8F41302A8048002A846
S21404E938409002A87C400050743F0000643E0000EB
S21404E948603E00000000FF01A0600050A450005084
S21404E958F42302A818E000E07F1A0601500002A873
S21404E96810E000E0400002A8402002A8282002A8E0
S21404E978280002A85C0002A85C2002A85C1002A872
S21404E988BC3E00006C3F0000F8B55348802149029D
S21404E99881610221514A51600021514A1160514A4D
S21404E9A8118003214D4A11600221016020204E493E
S21404E9B8086080204D490860CC2080014C490860D6
S21404E9C801204C4908604648806F00900F24070BC6
S21404E9D8274049480068C505ED0D103DC02028436A
S21404E9E8C0B2FFF73BFE3E48006980030AD5092FEC
S21404E9F808D0FFF787FF002802D040480068804701
S21404EA0801F0D8F80098044000943D48046800983B
S21404EA18032803D0022806D1032F3AD000F002FABE
S21404EA280098032803D0062F33D1062D31D0354855
S21404EA3800680104C90F01D001F084FB324800685D
S21404EA48000109D5052D07D1012501202F490860A5
S21404EA584005FFF735FF00E000252100380000F0E8
S21404EA68E3F904002A4E002D06D000F089FB0120A5
S21404EA78306002202749086080208003706580097A
S21404EA8825490860FFF73EFF002802D0234800689F
S21404EA988047124880214902C161002F08D102210B
S21404EAA8416000200E490861C020C0001C49086067
S21404EAB82000F2BD80B5FFF7F5FE1A4800788006F8
S21404EAC802D4022018490860FFF7F5FE01BD0220AB
S21404EAD816490860704700002C1002A8282002A8CF
S21404EAE8340002A8743E000094E001A80CC001A8F3
S21404EAF8506201A894E000A804ED00E0E83700009E
S21404EB08B44000A800E200E0F03E0000645000A80C
S21404EB18646000A82C4000A880E200E0E437000007
S21404EB282C6001A8C83E0000081002A8082002A805
S21404EB387B480068800700D4704730B581480421B4
S21404EB48904A0123E024E4008568254002D0136037
S21404EB58D160D3600068044002D0136051605360EB
S21404EB6830BD8948012181600160704710B50120D5
S21404EB7875498A680240FCD1844A0423D3600C6829
S21404EB880440FCD15360106010BD81490868012216
S21404EB98104200D1704710B5E023DB000340FF2481
S21404EBA8A41CA34204D37B4B1B689B0600D5486869
S21404EBB8024001D000F0B6F810BDFEB50700C82024
S21404EBC87549086006207549086080204003744922
S21404EBD8086074480168744A0A4080210901114390
S21404EBE80160724CC020C00020600225A56168033D
S21404EBF86F4908606F4E7048F0664C206F49C866C7
S21404EC0838686F498968814201D2009100E0009013
S21404EC180099401A38600121380000F055FB01902D
S21404EC283868009940183860FFF782FF6348006820
S21404EC386349086063480168490601D5624900E0EB
S21404EC48624931670199002908D10321E161006806
S21404EC583068054002D08020800220610198FEBDFD
S21404EC68F1B55B4C8020C00120605A4D0126AE6287
S21404EC78594F3E601D20286056206866072001F01C
S21404EC8809FB0220286006212966544909680029D8
S21404EC9802D408212966696651492965C021C90034
S21404ECA8504A1268F823DB01134001D1A96700E033
S21404ECB87961E16B314008D0216BC90705D44A490C
S21404ECC80968084001D101F0EDFA48484849086047
S21404ECD8206B064001D1FFF72BFF009801F0C8FA15
S21404ECE8206B8001FCD4206A42490860F1BD30B527
S21404ECF83748414B0121026B0A4001D15961D9605A
S21404ED083E4A3F4C54663F4C146503241C6000235B
S21404ED18CE4D2B6014609162C903016030BD0000BB
S21404ED284C0002A8F0210901374A1160014037480F
S21404ED380160202036490860364909680840C849F1
S21404ED48086070476C0102A8700102A880B53248B2
S21404ED580821324A13680B4001D0016141611178D9
S21404ED68C90602D5862109010160FFF70EFF1420A3
S21404ED782B490860BB480168490701D0FF21416157
S21404ED8801BD0000681102A86C2102A8682102A827
S21404ED98783F0000400002A8548001A80C9001A8FF
S21404EDA8942002A8680102A8FFF1FFFF441102A8F4
S21404EDB8A01002A8E40002A8294E0600300002A803
S21404EDC8A03F0000FC0302A8CC3F0000C43F00009C
S21404EDD8100002A8E01002A8442102A828C000A82F
S21404EDE80C1E0000A88001A8483E0000FFFF7F7F95
S21404EDF8B46000A89C3F0000602102A8E02002A896
S21404EE085E060000041E00002C6001A82C5001A811
S21404EE18442002A8084001A8301102A8F84F0000B0
S21404EE28703F000070470000F8B586B005000C0077
S21404EE388D48866AFFF74CFD0590B00503D58B48C8
S21404EE480068FFF797FB0020019001227306DB0F8A
S21404EE5887498F688860B8204000864E3060660808
S21404EE68B82030400978F0260E40402E02D1010022
S21404EE78402008430D2D02D1390004270F43790793
S21404EE8804D501001420084310218C437A490968E4
S21404EE986D462A7004930500784EC80506D580206A
S21404EEA8400077490860280001250543049800288F
S21404EEB811D10C20284008280DD028006A49496B2F
S21404EEC8CA0601D410229043890601D42021884317
S21404EED8B121014067D068460078002865D0B26B37
S21404EEE8B06D012101235207520F921D9340C004AE
S21404EEF8C00C181A80B2082809D2802506205A4A57
S21404EF08106008049D4A106000206A46107081202C
S21404EF1828404DD00820049A002A00D130623A00CE
S21404EF280827174310208443042003900005984AB2
S21404EF3810604008974A1060974801606846007851
S21404EF48002832D00398062838D39448806BC00625
S21404EF5834D593480068000E01909048006880B243
S21404EF6802908F48006A000604D00298802149015E
S21404EF7801430291FFF7C6FC002809D089480078A7
S21404EF88C00605D002988021C901014389B20291BE
S21404EF980298306102980012306137480168C80543
S21404EFA800D57AE70AE0082030620094049732E035
S21404EFB890A06906C90E405C0390BFE700940497C6
S21404EFC803982949CB6A764A126834686F463C81A6
S21404EFD828241C400443980CC00120431C001B0E24
S21404EFE82340102423400343900040221040184333
S21404EFF802AA9070086B000A02A9C870FFF7A0FA64
S21404F00802A908710198487167480068C880029880
S21404F018F0660398F0660598FFF763FC08240098E2
S21404F028400601D55A488460FFF76CFC002805D0D2
S21404F0385E480078002801D05D4804600498C1B290
S21404F048E8B2FFF712FB009807B0F0BD400102A82B
S21404F058081A03D2574909684018401C704700002C
S21404F068441002A80C4000A8180002A81CC000A857
S21404F078683F0000B46000A81C0100AA540000AA57
S21404F0881C2100AAF8B54C4E0F2401254B4910271D
S21404F098706B38401BD001200870494800684949FD
S21404F0A80968FFF7D5FF48490968401801284BDB6B
S21404F0B801F0A4F945490968090B0C40022C41D112
S21404F0C86905434A11604349CF6335603AE0F06BFB
S21404F0D8C0001ED540480068E0218905014033D0A9
S21404F0E83A4D286821030140780281422CD1FFF763
S21404F0F8EFFB3A4A3A490968C90502D53949096805
S21404F10811602968090B21400229F3D0FFF7E9FBAF
S21404F118F1BD354E3068002816D00D7001F0A8F8F9
S21404F128002811D101F06AF928490968090B0C402E
S21404F138022C07D12904264A11600221254A1160A7
S21404F1480021316001F05EF9F1BD80208004274972
S21404F158086070478020400424490860704780206F
S21404F168C004224908607047802000051F490860CB
S21404F1787047802040051D4908607047141100AA8E
S21404F1881B480168490701D0FF2141617047000008
S21404F198401002A8205001A8006101A81C4000A83D
S21404F1A8084001A8C43E0000448001A8F0370000C7
S21404F1B8845000A838C001A8100002A8773E0000B2
S21404F1C81CC101A820C001A8E03E0000AC0002A8AB
S21404F1D81C1002A8082002A8204001A8800000AA43
S21404F1E8084000A8904000A84C3E0000382002A81A
S21404F1F80C4000A8030107060301070605010606D6
S21404F20805010606030207060302070605020606A4
S21404F21805020606FF2807D0032805D2A949097857
S21404F228C140C807C00F704700207047F0B580205B
S21404F23800020821A44A11600A230121A34A0124D2
S21404F2489C400443B6A5ED5C25439560F025A04E86
S21404F25835609D4DB5A6F65C022737432F60042615
S21404F2682E609C4D2D680D4006D1CD026D1E03D030
S21404F278966C3603FAD401E00220F0BD956CD66C81
S21404F2886D036D0BAE4200D220005B1ED7D5082353
S21404F2988F4C23609060904B1B685B0112D58F4C93
S21404F2A863785D1C01262E4066701D00062675438D
S21404F2B865191268AA80E880237082480278994003
S21404F2C8114301700020F0BDF1B582B0FFF749FC88
S21404F2D8002481480068400102D4012001901DE002
S21404F2E87F48826B00207D49C3B206256B43CB1842
S21404F2F89B8895B2AB4204D0401CC3B2022BF3D30E
S21404F308FF2008700120019073480068400105D565
S21404F3180878FFF77FFF002800D00194714800683A
S21404F32871498861714D02980068296D4618002E47
S21404F33815DD00F072FD2860C001301A00280EDDC5
S21404F348FFF714FC00F093F802980068296D40183B
S21404F35800F08EFF050002D00298046085E0644E33
S21404F368802080003060604A106807282ED0052167
S21404F3780840052805D011600C2000F08BFF050016
S21404F38873D15C4D5C482862FFF7F0FB02202860C6
S21404F398E020C002594908600002594948608020A4
S21404F3A88004706002203060012000F073FF802023
S21404F3B840002862022000F06DFF90204001286279
S21404F3C8022000F067FF8020C00028624D4EE0202F
S21404F3D840003060042000F05DFF05003CD10220A8
S21404F3E8474908608002B062C001B06210203C49F8
S21404F3F808600127F76540264348006830401BD15B
S21404F40835480068400113D53448007869460870C2
S21404F41868460078FFF7FEFE002809D02F4869469C
S21404F4280978062251434018C0882D49086403E029
S21404F438FFF7FCFE05000FD129480760C4670220C1
S21404F44800F028FF314C2660B0002060022000F04F
S21404F45821FF8120C002A0620198002805D02A480E
S21404F4680068800101D4FFF714FA2800FEBD70B5C1
S21404F478FFF777FBFFF77AFB022619480660244D48
S21404F488F0022862C4082C62012000F003FF60081A
S21404F49828622E601F482862E02040001B49086046
S21404F4A8174D2E60FFF7FEF91B4E3078002800D063
S21404F4B805200D490860FFF7FEF92C601748006818
S21404F4C8706370BD843F0000889001A8448001A83A
S21404F4D888A001A8140002A8F03E0000603E0000C0
S21404F4E80C8001A8F80302A83C0102A88C3F00007F
S21404F4F8941002A83C1102A8BD080000142102A812
S21404F508942002A82C9001A84C0002A82CA001A8BC
S21404F5183C2102A8FD680000603F0000300002A8F5
S21404F528000000010102040810202000505050403A
S21404F5384040403020202000F8B50400FFF716FBB2
S21404F5482948C021C900294A1268F823DB01134058
S21404F55802D1274A116000E0016000942549AC22D4
S21404F56852008A640A220A602349802252030A60E7
S21404F578224C626A224B13408022D2001A436262EB
S21404F58880222260022242605003C8601D48E06060
S21404F5981D4E4C20F0661D4D68699621C901471812
S21404F5A800980068874200D30700C01B00990860CB
S21404F5B800210098FFF788FE00990968C919009A7F
S21404F5C811603168296012490968490601D511494C
S21404F5D800E011492161F2BD802000010F4908604E
S21404F5E800010F4908607047582102A8AC8001A89A
S21404F5F8581102A80C8001A8941002A8440102A875
S21404F608FFF1FFFF286E0600300002A8903F0000B6
S21404F618FC0302A8CC3F0000C43F0000401002A828
S21404F628685000A8F1B584B0B44800680390B4489C
S21404F638006B9621C90140180499884205D2081A15
S21404F64800F016FE002800D013E2AE4C6068C0072F
S21404F65800D50EE20420AC4988628003AB494862B0
S21404F668AB480568606B8607B60F032E03D01020D8
S21404F678A549886224E00846802189024162A16B74
S21404F688890601D5012062E0290610D5A26B02215D
S21404F6980A400CD19F4A05231360A36B10273B40EE
S21404F6A81943116000211160616B090A1160042175
S21404F6B88162A06B002803D5C803934948620026D4
S21404F6C8606B400705D5606BC00080214900084080
S21404F6D803E08B488068C10701D5FFF723FB0122A6
S21404F6E8154008D0B748B1014018006AC004C00CD9
S21404F6F8401EB549086000200021B44BDB6E1B048D
S21404F70817D5B34B1B68002B13D40121AE4B5B698A
S21404F718002B0ED0AF4B1A70AF4A10601022AF4BB6
S21404F7281A60CA06AE4B9A670723AD4D2B60AB4BDF
S21404F7385A65AC4AC0239B0013603502002901D0E1
S21404F748190000E02900CC4E316053607560E16B07
S21404F758942292050A40150000D001258026360218
S21404F768284300062CD06A482821405CC021014062
S21404F778402902D1FFF79EF901E0FFF7A8F92020F7
S21404F78820602D0600D174E1944D606B400708D5BF
S21404F79870085E4948620220686000F059FA00283A
S21404F7A806D00420584988624002584948626E6068
S21404F7B857480078000600D45BE130015249FEE061
S21404F7C80125606828405AD1AC480068C005400F37
S21404F7D8022803D0032801D0062802D169464D70B2
S21404F7E805E0002069464870A548A64948606804AC
S21404F7F846498862FFF756F87348406EE16B0E4038
S21404F80808D1C00606D5FFF763F802219E4A1160A0
S21404F818FFF767F8FFF74FF8280320609B4EC020D1
S21404F82800067060280497490860606B4007C10F9B
S21404F838684601703020039949072CD54021A24A0E
S21404F8481162904F490139660321916400211160C1
S21404F85830607D6580207060062000F01BFD00285F
S21404F8680DD12802F866022000F014FD28029749F4
S21404F878886618207060082000F00CFD002800D068
S21404F888F7E024207060E020C0029049C865A020F4
S21404F898C00238666FE0E16BC90246D5BE494968BE
S21404F8A80902090E01914909022901DB884A01E087
S21404F8B8B32292000199302937D311490B88E72BD4
S21404F8C833D395277F00BB4205D8FB1A1B095A4336
S21404F8D8920A534204E07F4FDB191B095A43930AE2
S21404F8E85BB2019AD2180F6BBC46CF6B7B43674654
S21404F8F8FB180B639F2A0FD39F2210E0FC0302A871
S21404F908743F0000100002A81C2002A81C1002A8BD
S21404F918C83E0000E40000AA202A00D821221102CA
S21404F928114312040A4329490A606749AA020A626B
S21404F9389A4A8A6414220A603060524F7D65E02031
S21404F948C0026249C865A803B8664002706006200B
S21404F95800F0A0FC002833D12D06FD66022000F036
S21404F96899FC5A48856668097060082000F092FC7D
S21404F978002825D17560032000F08CFC88481849B7
S21404F988886700F04AFA874D401DC001296B401865
S21404F99801908548406F8021C901084002900846B6
S21404F9A8824908600198049988421FD20846296B40
S21404F9B8401A00F05DFC002816D002987C490860BE
S21404F9C857E000BF0C0000AA204000A8CC4001A8BD
S21404F9D8784201A8763E0000703E0000645000A8F5
S21404F9E83C6000A8046100A804980190206AE862B4
S21404F9F804270398384001D0402002E0F8057060D8
S21404FA08C0087060012000F045FCB8011D49086074
S21404FA18019800F02DFC8A4E68460078002805D127
S21404FA2861480068F06138058649086002986049AC
S21404FA38086085488549086024487902416669460D
S21404FA484978002900D10760206A68626846007809
S21404FA58002808D0012000F01DFC3078000602D5E6
S21404FA68780492490860E06BC00202D54A480068E8
S21404FA78286305B0F0BD00BF045100A8204001A8C3
S21404FA88040000FFB41002A87CE40350441102A842
S21404FA9810B5FEF71DFF864900240C600A22CA61C9
S21404FAA8FEF71FFF8348C02189020160824941602E
S21404FAB8824810210160C9054165402080490860D4
S21404FAC88048047010BD0000400102A8B82002A8AF
S21404FAD833070000D6FEFFFF7B48406B800300D444
S21404FAE87047F8B579480468002700200025784947
S21404FAF8E20706D5C02080028025ED03EA0A0A60DC
S21404FB0803E0A20701D4032040252843C862012045
S21404FB1800F0C0FB802040006E49086708206E4944
S21404FB2808606E490968090203D46D4909680140EA
S21404FB38FBD0012000F0AEFB6A4EE00702D5802019
S21404FB48800430643564042000F0A4FB600702D502
S21404FB58E020C002F06064483064012000F09AFB9C
S21404FB6862483064C320000630645A48802149023B
S21404FB7801671021B163890271615D490F60012232
S21404FB8832603022F2638F62802189014E4A116006
S21404FB9809010160F1BD0000F83F0000F30700000A
S21404FBA8FFFF7F7F743F000020C001A894E001A8EF
S21404FBB894D001A8F8B54F4800680D2707400424D8
S21404FBC8002F00D104274C481025660308214B4A09
S21404FBD84B4B1B682340126814D04260394004D04B
S21404FBE80220FEF7AFFD474806603C4007D046486B
S21404FBF80068054344480560B00842490860022086
S21404FC08424915E00260394005D00220FEF79AFD05
S21404FC18A0023C4908603C4006D03B4801680D43B6
S21404FC280560700937490860384806603003294972
S21404FC380860FFF751FF00210020FEF716FDF1BD0E
S21404FC48C83E00001C1002A803000300482102A8AE
S21404FC5810B580202E490A6802400AD02D4B1A682F
S21404FC680624144005D15C6E2B4A22401B6D9C0169
S21404FC7801D5002010BD096808400DD027488242E7
S21404FC8803D1180501D5012010BD25480068C10711
S21404FC98C90F481E8041C00F10BD22480321C16306
S21404FCA8A821816310210160704700001C2002A867
S21404FCB8D80000AA402002A804000080646000A8B7
S21404FCC82C4000A8763E0000100002A8FC0302A8F8
S21404FCD81C1102A8442002A84C6201A8C44001A82A
S21404FCE84C4201A8082102A82400000198008800B4
S21404FCF8600102A8B44000A8E83E00001CC101A8A0
S21404FD08440002A8401002A8683F0000685000A8F3
S21404FD18400002A814C001A81F1F0000010C000020
S21404FD2830C101A8082002A86C48006801210842CE
S21404FD3809D16B4A12686B4B000C1840F03291409C
S21404FD480B40984201D00220704700207047F8B54F
S21404FD5807000F386A461080604CA0680A0004D171
S21404FD686B461B8882B29A423AD200226B461A80A5
S21404FD78012502263A0013D02268324007D000290B
S21404FD882ED059480088401C57490880002039005E
S21404FD98E16056490E6080B2B84201D369460D80C8
S21404FDA85348456000E030BF2068304003D1FFF771
S21404FDB8BBFF0028F7D04D484560390010D02168AD
S21404FDC8314005D048490A886B461B88D2180A80F1
S21404FDD806600020E060A068B84201D24448066085
S21404FDE8FFF7A2FFF2BD38B5050000F007FB0400D4
S21404FDF8012199204543A8093E4A126880181238FA
S21404FE0880B2FFF7A4FF05008020C0013A490860C5
S21404FE18200000F0F7FA280032BD33480388354935
S21404FE28096802889342F9D1100408187047FEB589
S21404FE381238070C6946088000F0E0FA0190274C4F
S21404FE48294D2888B8421ADA01202C490860274E1A
S21404FE5830BF02202168014006D03060400326499E
S21404FE6808602888401C2880FFF75EFF002802D117
S21404FE782988B942ECDB0121716000280DD1288855
S21404FE88B8420AD1A06869460988884205D2002182
S21404FE9868460088FFF75BFF01E0FFF745FF0400AC
S21404FEA88020C00114490860019800F0ABFA2000CD
S21404FEB8FEBD10B512490A680E4B1B680C689442BE
S21404FEC8FAD0DB014033141A02D288692418641C59
S21404FED80C4800684443181B10BD0000280002A8FC
S21404FEE804ED00E0FF3F0000743E0000282002A84E
S21404FEF8281002A8300002A880E200E02C1002A80D
S21404FF0820C001A8B43F0000F0B502E00A601C60F7
S21404FF182E607EC84F1C07D05F1C04D06F1CF5D11A
S21404FF280A601C60F0BD0A60F0BD000080B5FEF7EC
S21404FF3809FC01207F49086001BD80B5EB2000F06C
S21404FF4801F801BD30B57C490B68184010221342ED
S21404FF5810D07A4B7A4C2468224008D0A84A1468F1
S21404FF682402FF252D022540DD6200241460802229
S21404FF7852031A60086030BDF3B5010016001C0071
S21404FF88002500959F48019A330000270BE0BC46DD
S21404FF984F5D4743AE009E597E40575D4743374002
S21404FFA8664637436D1CA542F1D3390939438A0896
S21404FFB80A43510811430840C10901430F208A0B1C
S21404FFC80A4302405040F6BDF1B582B00E00002048
S21404FFD88B490860FD25AD01EF7AA87A01900F21B8
S21404FFE8394000910ED00B46874A88490298FFF795
S21404FFF8C3FF01990140824801608548414385480A
S214050008084001D1012400E04401380915D0320022
S2140500183B0929000298009E6D7A75194019FFF765
S214050028ABFF019909110140754802680B01134396
S2140500380360002901D048004443774800682040FB
S21405004801D10420FEBD0020FEBD80B50A000021B2
S2140500581180724952888018FFF7B6FF02BD70B541
S2140500680F226F4B5C7905780F202040C540200984
S214050078284001259C79C4402C4001D1032070BD39
S2140500882F4C2468254005D09D684600AD5B6D1E3F
S214050098644E3560DD78DE79C640F00711D5E00692
S2140500A80FD5002D0DD06048486008884880088818
S2140500B81C7800192A4080185A7880182A0980184A
S2140500C800E000200880002070BD80B5574801680C
S2140500D8574A0820014201D050611061C90602D569
S2140500E88621090111605349534A126812040CD532
S2140500F8524A1268530401D5C00305E0C0239B0184
S21405010813404202934200D008600D480078C0228A
S214050118024002D180204005086049480068202230
S2140501281040086047480068C00101D4FFF705FF7E
S21405013801BD00002C4000A8703F00001C1002A856
S214050148C83E0000F8B5404F38687E6806403F4808
S21405015830403F4908608024A4033E4DF00227D569
S2140501683D48016801200A0605D53C490968A96085
S2140501782870022014E0014202D03949A9600FE030
S2140501880020C9060CD52849A960364A91780B0778
S2140501981B0F12789A1809095118A980E880A888AB
S2140501A8A880A888002801D0264301E0FFF7C5FEE9
S2140501B8264023D0264E74603460A88800280BD0C5
S2140501C8F969814208D3291D2748AA68904701007E
S2140501D8F3D0FFF7ABFEF1BD01000CD0FC21890278
S2140501E8B161224902038A6134604C60FA69824229
S2140501F804D30C60F1BDEB20FFF7A4FEF1BD0000AB
S214050208503E000001010101F83E0000383F00009D
S2140502181111000021840000F43E0000183F00007C
S214050228483F0000204000A8531F0000F84F000074
S214050238302102A8441002A8384101A8204201A886
S214050248084001A8CC4000A8B44000A8FFFFDFFF7F
S214050258B46000A8543E0000C83E0000EC37000015
S214050268671F0000493F0000D44000A8B45000A806
S21405027810B5C409FFF7D1FD201A312806DAC000E3
S214050288183801D4C01EFDD5002010BD2000FFF784
S214050298CEFD10BDC32148436F3801D41E38FDD5A1
S2140502A800207047FEB5C020C004364908603648A9
S2140502B83649C8651024364804601020FFF7EAFF5B
S2140502C800285ED1FF2000053249086032483349C8
S2140502D8086033482D49086025042E4805603148CE
S2140502E807680820FFF7D6FF00284AD108262E48B3
S2140502F806600120FFF7CEFF2A48806802902B4843
S21405030806602B4821490860224805600820FFF743
S214050318C1FF002835D1244806600120FFF7BAFF3B
S214050328204DA868019021480660184E214830607F
S2140503380299019800F046F80104FC20800308405D
S21405034800900298C10B0198C00B00F03BF8000618
S214050358FC21890501400098014317480A0C4240CC
S214050368FF239B1CD2181040084330602F60E0031B
S21405037808490860286828601048046010498164A0
S2140503880020FEBD20E000A8F71700002C0102A8F3
S214050398401102A8B02002A80000380EB01002A826
S2140503A810103030E04001A8E05001A8E06001A830
S2140503B830301010202020203F3F0000402102A8A2
S2140503C8F7FFF00010B54904CA104004C310991A7F
S2140503D800209A18D30F9A18521052188B115B0ED4
S2140503E85B18DB11D2182023541A01D422001843AF
S2140503F8CC0F611849105B08F6D110BDEFF31080D5
S21405040872B67047002800D162B6704780B5FEF709
S21405041879FA002802D0B7480068804701BD80B53C
S214050428FEF7B2FAB448006800030AD4FEF7FAFCE9
S214050438FFF752FBFEF75BFC0120FFF729FBFFF7EA
S21405044816F880208005FEF73BFA01BD80B5FEF755
S2140504589BFA80204002FEF733FA01BDF8B5FEF791
S21405046821FA052097490860FEF725FA9648066892
S2140504780124264201D1FEF774FBFEF785FA9F484C
S214050488016800919E4A40681060B105C80F0021B2
S21405049826420FD000919B4B5D6815601D689A4AE9
S2140504A817687B1BBD4202D39769DB195B1C974F00
S2140504B8BB42F5D3964D2960002804D03100009834
S2140504C8FDF7DEFF00902868204004D16846FEF751
S2140504D874FB002802D10098FEF7C2FBA948046001
S2140504E86004FEF7EDF9F1BD38B5A74CE06BC0051D
S2140504F806D580200006206000BF00BF40082060A3
S214050508FEF724FCFEF740FAFDF764FE05009F4853
S2140505189F490860FFF77AFF8020C002FEF7D0F9EA
S214050528002D01D08020206001209A49087031BD31
S214050538F8B5FEF729FA984F2C20385C05210140B6
S21405054802D0FEF7B7FA01E0FEF7C1FA8E4C02258F
S214050558F86A284001D0012020601020C0438F4942
S21405056808600026A6638E480660FEF7CBF90028C5
S21405057803D08C480068804700E03E60FEF792F995
S21405058889480068E16B090407D4000705D5FEF716
S2140505989FF986490D60FEF7A4F9FEF78CF9FFF773
S2140505A894FDA804FEF78CF9F1BD80B5FEF7ECF9C5
S2140505B851480068000303D4FEF799FBFEF757FF7A
S2140505C880204003FEF77CF901BD38B5FEF7DCF957
S2140505D86D4C2025FFF73CFB002806D0206B00074E
S2140505E804D5FFF75AFBFEF7F7FF2560FEF77FFBF6
S2140505F8FEF73DFF6E4800780C210140042902D11C
S214050608FEF758FA01E0FEF762FA6804FEF758F9AD
S2140506184020206031BD1CB5FEF744F90520294960
S2140506280860FEF748F9FEF7AFF9FFF736FBB84856
S214050638006800906846FEF77FFF0400FFF7E6FEB1
S214050648002C02D10098FEF7EDFF80204004FEF747
S21405065837F913BDF8B5FEF797F9AE4C256A50205D
S214050668284002D0FEF726FA01E0FEF730FA464F94
S214050678FFF7EEFA00281BD1786B40071DD4386BB8
S214050688E0214901014018D1A80611D4FEF70AF958
S214050698256AA14E354207D0FF20C0432D1825628E
S2140506A8802000059D490860FEF705F92E4002D012
S2140506B80120386001E00020206080208004FEF7D5
S2140506C8FFF8F1BD3C1102A8400002A880B5FEF768
S2140506D85BF993480068400601D5FEF708FB01203C
S2140506E8FFF7D6F9FEF7C3FE8020C004FEF7E8F844
S2140506F801BD0000DC3700000C0002A8B83F00006A
S2140507084C3E0000D43E000020C001A801FF0000B2
S214050718483E000010B526480468FEF735F98149B5
S2140507280968090328D40321C00601D5214001E03C
S214050738A0080140012902D1FEF7BCF90BE020010B
S21405074807D50E20FFF7F2FBA7480421016008210C
S2140507580160FEF7BCF9A54C2069A5490860FFF7B6
S21405076855FE2068002807D04000122802D2FFF759
S21405077891FD01E0FFF737FB80208003FEF7A0F820
S21405078810BD0000402002A8100002A87001200035
S214050798B46000A8773E0000C43E0000442002A8C6
S2140507A8503E0000E0370000844000A87CE4035073
S2140507B8F03E0000F8B584B00126684606700027A6
S2140507C80297FEF7E1F80390564C2068000300D51B
S2140507D897E00320A849C86386480068FB25AD014D
S2140507E80F210F220240032A03D0000B01400629D9
S2140507F84DD1A2480068A2498E6DE16B890701D5DF
S2140508089F49CE6DFFF755FB8619FEF77BF800283E
S2140508180ED02879C1060BD02868090D4143890BE7
S214050828761897490968002902D10002400C36183F
S214050838002E01D5019700E00196606B0107C80FE9
S21405084803212A6B0A40022A1BD1039AD20618D519
S214050858AA68D30513D5A66B8A4B1E409E4203D1BC
S2140508681021854AD1630CE092050AD4E26B282349
S214050878134006D16B461F70284A116001E06A4688
S2140508881770029068460678002E03D10FE07C485C
S214050898406D0190FFF7DCF9002808D0FFF7FDF951
S2140508A80298002802D0FEF797FE00E000260220F0
S2140508B871490860002E10D03020285C0C210140B4
S2140508C8042902D0A06BC00602D5FEF7F3F801E0AE
S2140508D8FEF7FDF82020606013E0FEF708FA802092
S2140508E800060E49086068486849086001A8FEF7CA
S2140508F823FE0400FFF78AFD002C02D10198FEF7B7
S21405090891FE80200004FDF7DBFF05B0F0BD000072
S214050918CC3F0000D03E000000FFFF00441002A8B0
S214050928440102A80C0002A8FEB500240194FEF7AF
S2140509382BF8FFF76BFD564EF06E564D0007000F69
S214050948072807D17068002804D40020FFF7A0F808
S214050958286841E0012103204F4A73685B070BD4DA
S2140509684E4B1B680B4007D01368DF050BD55B0598
S21405097802D43368DB0503D40191916A890904E03A
S2140509881021474B1960916A090908400090002014
S214050998FFF77EF80098002805D17068C00602D4CF
S2140509A8FEF795F801E0FEF785F80020019900297D
S2140509B803D13C480068FFF77CFA6969401801D5F9
S2140509C8009400E000906846FEF7F7F8002805D181
S2140509D80098FEF745F9A8690549086080200005CE
S2140509E8FDF76EFFF7BD000080E200E0AC3F0000B3
S2140509F84C3E0000AC0002A8F8B5FDF7C5FF00247C
S214050A0800252948066B80277F05300606D530075A
S214050A1809D5FFF742F9FEF7DFFD29E001251F484E
S214050A280068284019D00020FFF732F80220064053
S214050A3802D01E490C60C8611D480468002D03D005
S214050A482000FDF7A9FD0400FFF727F92000FEF7AB
S214050A58E9FD3800FDF734FFF1BD16480078C021DA
S214050A680140402902D1FEF725F801E0FEF72FF8E8
S214050A7820200D490860ECE7082002A80CC101A84B
S214050A886C3F000010000010FFFF7F7FB46000A8D1
S214050A98400002A8BC3F0000C83E0000B44000A8BD
S214050AA8441002A81CC101A8100002A8180000AA34
S214050AB8D83F0000F03E000000F03CF80248034925
S214050AC8486000F052F800BF732A000000000000D6
S214050AD880B5EFF305800B2801D23A2100E02921DD
S214050AE8FF221632002000F03FFAFEE710B5C200D6
S214050AF818231340FF249C40E2438907090E9940B2
S214050B08030004D470489B089B00C01806E0AD4B4C
S214050B180007000F083880088000181803681A4070
S214050B281143016010BD80B573225421002000F0E2
S214050B381BFA01BD10B5FFF761FC0121634A116078
S214050B48634B644A1360644A13600323634C23604B
S214050B58634C2360634B1960634B19608023A44C70
S214050B682360D160FFF74EFC10BDFFF747FC050074
S214050B780024012160B2FFF7B9FF641C0E2CF8D3D8
S214050B8801210F20FFF7B2FF01211120FFF7AEFF65
S214050B9801211320FFF7AAFF01211720FFF7A6FF5B
S214050BA803210120C043FFF7A1FF01211B20FFF702
S214050BB89DFF7348734908607348C16AC162016836
S214050BC8016002207149086001208A4908604704C7
S214050BD86F4C20693840FCD02068800101D4FDF7A9
S214050BE848FE2800FFF70EFC774D0AE000281BD0C4
S214050BF8FDF76EFE18E020693840FCD03000FFF798
S214050C0801FC206E0004000F022801D1FEF73AFA0F
S214050C18FFF7F4FB0600FDF76BFE0028A878E5D07D
S214050C28002801D1FDF75DFE01206978002909D164
S214050C382978002905D170490968890601D45349D8
S214050C48086030BF0021697029780029D6D10221AD
S214050C584E4A116067490860CDE7684801684268EA
S214050C680A40674810401B490860800703D5A44812
S214050C780188491C0180704770B56248016840685C
S214050C880840000E0006604980221205104218D05A
S214050C985E4B1C68641C1C605D4C5E4D2D682D04FF
S214050CA807D5A568002D04D007250D600125AC4E8F
S214050CB83560402525601B68012B02D910238B62F9
S214050CC8CA67886770BD000000E400E0040002A853
S214050CD80000FF3F282002A82C1002A840E002A822
S214050CE844C002A804C001A8044001A8F8B5854C6C
S214050CF8206B616B01400091834D0846286000987B
S214050D088249014007D0FDF7FDFD002803D000986D
S214050D189449096888478020009901401CD0F82125
S214050D28C90123680B4017D0C0221201934213D875
S214050D3880231B06EB6226680E40944F3F683F04E7
S214050D483F0F022F01D0032F03D1002E01D0964264
S214050D58F1D38F490B6028608E48007806280DDA8F
S214050D680098CC218901014008D0FFF747FB04000D
S214050D780098FDF7B5FA2000FFF744FBF1BD000023
S214050D88FFFF9B0800E100E0E04001A85C2002A800
S214050D984C0002A810B58048016844680C407F4896
S214050DA8046080210C4205D041607D480160002022
S214050DB8FDF796FA600403D5802040057949086052
S214050DC810BD00001CED00E0763E000038B57648FC
S214050DD8016844680C40E00707D5FFF70FFB0500D8
S214050DE8FDF714FB2800FFF70DFB7048046031BDBE
S214050DF8505201A85C1002A8F40302A8280002A80D
S214050E08FFFF00C0B44000A83C6000A8703E000084
S214050E182C4000A8384101A8FEB5654C206C666CC8
S214050E28064001273E4216D03D0662480560206802
S214050E3861490F60002802D00021FDF7A5FC5F4830
S214050E480068A021C90188428041C043C00F5C499B
S214050E5888705C480560FDF73BFD029002210E4050
S214050E6849D06068C2B20192000A009008224B4B2E
S214050E784C03554D0020019E012E27D0022E38D151
S214050E88009E012E24D1EE780096504E2F780C2021
S214050E9847430020F0512878400590277F04C71956
S214050EA8032038434A4F38601C604A480460301DA2
S214050EB82B780C246343484C2468009FE419C450D7
S214050EC828780C2358433150444811E00091DCE754
S214050ED8002E0ED1424E37603C4E361D2D780C2717
S214050EE87D4370515C601C60C8043E4B18603E48E4
S214050EF80260314801600298FDF7F3FCF7BD000073
S214050F08743E00001C4201A84C6201A802000600B7
S214050F1870B5FDF7DDFC0400FFF770FA2C490A6882
S214050F28D20717D5294A121D304B5D7A0C2675430C
S214050F385659294D2D681E60CE685E604968D98168
S214050F488021C9041B4E3160197B69185B7A0C250C
S214050F586B43D150FFF756FA2000FDF7C2FC70BD6B
S214050F683C5000A8D8370000002800D0704710B5B8
S214050F780C00FDF7ADFC1E490C6001221D4B1A60DE
S214050F880B6C1340FCD1FDF7ACFC10BDAC0002A8F9
S214050F98785201A8403E000090C001A890E001A83C
S214050FA80CC001A804ED00E090C000A890E000A8D9
S214050FB800C002A8401002A840E002A8404000A8C9
S214050FC8763E0000402002A88D3E0000300000A8AE
S214050FD860C101A894D001A8200000A8F42302A89F
S214050FE860E101A880E200E0F41302A8843E000050
S214050FF8008002A8409002A83C10050000000000EA
S21405100818100500010000000000000000F0490265
S214051018000000004063598F404B4C000B000B0046
S2140510281A00FF7FB46D002000000000B813050005
S214051038000000000C400200018014007F400000FC
S21405104820400200000000000000000030400700B5
S214051058000000000000000000000000000000007E
S2140510680000000000400000A007040050400100F2
S214051078000000005C4002000000000000000000C0
S214051088A840010007000000BC400400000000005E
S21405109800000000000000000000000004410400F5
S2140510A800400000FF4C0000FF5D0000FF4D0000FB
S2140510B820C0011000F8070020C00130F50208001E
S2140510C824C00110FF00000024C0013000180000ED
S2140510D828C00700EC80B38343754051A00F00482D
S2140510E83040000000000000000000002E0200004E
S2140510F850C00400511130040E2D09E654060708A1
S214051108D1B6020064C00A000430001C4030180935
S2140511180D647920EBFCFB017FF6E803BD4B7215E1
S21405112811A3180510325476980A0000000000002E
S214051138080001010407000018000101000000006E
S21405114820000101088400001C400801100000006A
S21405115820F9130407C05200000000000000000034
S21405116800000003000000000000000058400601CB
S2140511786402FF004108000001000000B0070800EF
S214051188A700000000000000804011014B01A008E0
S2140511989BC34A74F003000000000000000000002E
S2140511A80101103050707F7F00000000000000002D
S2140511B8000000000000000000000000000000001D
S2140511C8000000000000000000000000000000000D
S2140511D8E04002013300000000000000EC40010179
S2140511E87DA8D98BF4400501640483078813C83A9B
S2140511F89C200A0000612000B75635120C410301F1
S214051208F95412002030042988BB404024410201C5
S214051218000000000310000030410A016406660C51
S2140512280C010000E853FA0000000000000000006A
S214051238000000000000000000000000000000009C
S21405124801010000684103016404830788138200CE
S2140512580000000030420401000000000000000EF7
S21405126800000000000000004442020100000000E3
S214051278F4811F0054420C010000000000003C00E9
S21405128800000000000000005555555517000000E1
S2140512980000000000000000AAAA060000000000E2
S2140512A80000000000000000108001010300000097
S2140512B83880020111491000010000009C800301D6
S2140512C8EB40020070780300D5C00000A880011125
S2140512D8F0010000A88001310542CB01AC80011160
S2140512E8F0010000AC80013105228D00B0800201B6
S2140512F8000300023700000198000202000C0004F3
S2140513084C000000A400010200040000D000020200
S214051318050040AA88010000E40001026C2C511162
S214051328F4000202000000003D210811FC0001122D
S2140513383F000000FC0001320054040030010102A1
S2140513486000510254010102C43F00006801010211
S21405135800040000FC4F010368130500FFFFFFFFAC
S21405136812000000666666000000000020140500EE
S2140513781014050000000000001A9A00005A6202C0
S21405138880841E000420F500114950020000000064
S214051398BA13050000000000000000000000000069
S2140513A8B1841E00000000000000000000000000D8
S2140513B805020200000000F049020614000000E0DD
S2140513C8930405380000A008000000005809010429
S2140513D80706100A01040707C80A00040807800B51
S2140513E800040808380C0004090861080000000015
S2140513F8680800000000C709010404032C0B010453
S2140514080404920C01040504ED170000ED1700000E
S2140514180000000000000000193F01060410010046
S2140514280001010600102700000900000000000062
S214051438000000009DE901004DE9010059E9010099
S21405144849EA010063C2030005C8030009C803008A
S2140514580DC8030011C8030015C8030000000000E6
S214051468A8010000B01400200001030464EE010082
S2140514781000000024E101001A00000079EB0100C5
S2140514881100000075E401001100000063E5110075
S2140514980400000023E111000400000025E1010016
S2140514A80800000026E101000A00000027E1010007
S2140514B802000000000000000000000034160500C9
S2140514C8231605000000000035160500BBC10400FC
S2140514D800000000B5C10400B7C104000000000004
S2140514E8B9C10400011605004A160500BCC104006A
S2140514F8B6C1040000000000BAC1040018150500AE
S214051508B3C10400B4C10400B8C10400B2C10400E4
S214051518000203040508090A0B0001020304051D59
S2140515282000B40108020200AA00FFFFFFFFFFFF24
S214051538FFFFFFFF3D28030075470200E17602001E
S214051548615B0300F1790200E9D00300EBD00300E4
S214051558EDD00300EFD0030029F2020099C7020078
S214051568410F0300FD54030001670200E5D00300A0
S21405157825CC0200B145030015580200E7D0030044
S2140515885FB703000D5F0200358C030000000000FE
S2140515980013000000000000000000000000000026
S2140515A8010000000DD00200020000005FE2030003
S2140515B80300000065CF020004000000D9E103001F
S2140515C80500000005CF020000000000000000002E
S2140515D80023001B2200FF00000000000C09020281
S2140515E8000000001C1A0B0303FF0608040202028B
S2140515F804020A0B030302030480FF0204FF010129
S21405160801010800000000000000005A69674265ED
S21405161865416C6C69616E63653039800000183801
S21405162810300000000000008F8E8C8081815A697A
S21405163867426565416C6C69616E63653039060895
S2080516480C108000F8
S20C05164CD856FB7F01000000E3
S21005165460160500B0690020DD010000EE
S2140516600000000000000000FFFF00000100000071
S2140516700000000000000000000000000000000060
S2140516800000000000000000000000000000000050
S2140516900000000000000000000000000000000040
S2140516A00000000000000000000000000000000030
S2140516B00000000000000000000000000000000020
S2140516C00000000000000000000000000000000010
S2140516D00000000000000000000000000000000000
S2140516E000000000000000000000000000000000F0
S2140516F000000000000000000000000000000000E0
S21405170000000000000000000000000000000000CF
S21405171000000000000000000000000000000000BF
S21405172000000000000000000000000000000000AF
S214051730000000000000000000000000000000009F
S214051740000000000000000000000000000000008F
S214051750000000000000000000000000000000007F
S2140517600000000000000000000100000000F0017D
S21405177008000000081000200100230104000000F6
S2140517801010002006003001010000001410002093
S214051790FFFFFFFFC0EA2101C0EA2101008000002B
S2140517A000F04902F86A002000600700008000008B
S2140517B018390020C8000000FE00000000000000E8
S2140517C040B3040018100020FFFFFFFFA0B604007A
S2140517D0330000002D1601003300000005910300BC
S2140517E08132040085320400923204009F320400E0
S2140517F0AC320400B9320400CC320400DE320400F8
S214051800EB320400F8320400053304001A330400F2
S2140518102D3304003F3304005433040063330400BF
S2140518207433040083330400933304009F330400A9
S214051830AC330400BC330400CE330400DD330400AF
S214051840EC330400F53304000A3404001F340400A6
S2140518503434040054340400623404008134040033
S2140518609C340400AF340400BC340400D1340400B6
S214051870E0340400EF340400013504001335040099
S21405188026350400393504004F35040000000000F5
S2140518900F000000FF000000000000000000000030
S2140518A0000000000000000000000000000000002E
S2140518B0000000000030E70400C81803C03D04001F
S2140518C0C53D0400F23D04001D3E04004B3E0400E9
S2140518D0793E0400A83E0400D53E0400053F0400FA
S2140518E0353F0400853F0400FFFFFFFF00F80300B7
S2140518F0FFFFFFFF0000040000000400005C260553
S214051900546C002006000000C0D80400000000004B
S2140519100100190001000000A04400200100190084
S21405192001000000A044002001001900010000008D
S214051930A04400200100190001000000A04400207A
S2140519400100190001000000A04400200100190054
S21405195001000000A044002001001900010000005D
S214051960A04400200100190001000000A04400204A
S2140519700100190001000000A04400200100190024
S21405198001000000A044002001001900010000002D
S214051990A04400200100190001000000A04400201A
S2140519A01C490020000000000000000038C20400AA
S2140519B0E84F0020086D0020A8520020C3B00400A0
S2140519C00600000000000000000000000000000007
S2140519D020D9040038D90400CEB00400926904006A
S2140519E0FE000000386D002000000000B852002000
S2140519F0205300208853002000000000000000004F
S214051A0000000000000000000000000000000000CC
S214051A1000000000000000000000000000000000BC
S214051A2000000000000000000000000000000000AC
S214051A300000000039C1030035C10300FFFFFFFFAA
S214051A403DC10300FFFFFFFF95C60300F1C6030077
S214051A50FFFFFFFFFFFFFFFFFFFFFFFFFFFFFFFF8C
S214051A602F2A0000FFFFFFFF0000000087C80300C5
S214051A7064140500FFFFFFFF0000000020A107001B
S214051A8000000000510504000000000000000000F2
S214051A90000000000000000000000000000000003C
S214051AA0000000000000000070580020693D02009C
S214051AB0F9560200926904000000000000000000CC
S214051AC000000000000000007058002001440200DD
S214051AD000000000926904000000000000000000FD
S214051AE0000000000000000070580020454E02006F
S214051AF0F95602009269040000000000000000008C
S214051B000000000000000000BBB104007058002073
S214051B109D5B0200000000009269040000000000C2
S214051B2000000000000000000000000070580020C3
S214051B302170020000000000926904000000000009
S214051B4000000000000000000000000070580020A3
S214051B509175020000000000926904000000000074
S214051B600000000000000000000000007058002083
S214051B708D8A020000000000926904000000000043
S214051B80000000000000000000000000B80B000088
S214051B9070580020FD8F02000000000092690400C6
S214051BA0000000000000000000000000000000002B
S214051BB0705800205D9B020000000000926904003A
S214051BC0000000000000000000000000000000000B
S214051BD070580020219D0200000000009269040054
S214051BE000000000000000000000000000000000EB
S214051BF070580020E1D70300000000009269040039
S214051C0000000000000000000000000000000000CA
S214051C107058002049A302000000000092690400E5
S214051C2000000000000000000000000000000000AA
S214051C3070580020B9A9020000000000926904004F
S214051C40000000000000000000000000000000008A
S214051C507058002063E40300000000009269040049
S214051C60000000000000000000000000000000006A
S214051C7070580020F10E0300000000009269040071
S214051C80000000000000000000000000000000004A
S214051C9070580020612703000000000092690400C8
S214051CA0000000000000000000000000000000002A
S214051CB06BED0300705800206D550300F9560200C1
S214051CC0926904000000000000000000000000000B
S214051CD00000000070580020315C03000000000082
S214051CE092690400000000000000000000000000EB
S214051CF000000000FFFFD007B80B0000FFFFFFFF46
S214051D00CEFAEFBEFFFFFDFFFDFF0C002C01001E07
S214051D102C01400680001027FFFF04F8FFFF0C008B
S214051D200000000000004000FDFF2C019C000000A4
S214051D30FFFFFDFFFFFFFFFF60EA8000800010C188
S214051D40CDAB0A01320101FFFFFFFFFFFFFFFFFFDB
S214051D50FFFFFFFFFFFFFFFFFFFFFFFFFFFFFFFF89
S214051D60FFFFFFFFFFFFFF01FF05FFFFFF0101FF6D
S214051D70FF0201FFFF640250FF0F010208031E0663
S214051D8005021601010A0C052007051010010F08AB
S214051D900410010601010104FF0301FF0CFF0F7F7C
S214051DA07F0150403000FFFFFF0B03FF050B0101CD
S214051DB0FF03010305020201FFFFFFFFFFFFFFFF11
S214051DC0010102FFFFFF40FF01010000056D000055
S208051DD0DD6C0000BC
S804009E85D8
