S01B00006275696C642F72656C656173652F7A69676265652E73333714
S2140060000810002055A2000075EA0000252C0300A9
S214006010252C03007DEA000085EA0000252C0300FD
S214006020252C0300252C0300252C0300252C03001B
S21400603089EA0000CC6D0400252C0300252C030003
S214006040252C0300252C0300252C0300259D00008D
S214006050252C0300252C0300252C0300252C0300EB
S214006060252C0300252C0300252C0300252C0300DB
S214006070F5EF0000252C0300252C0300252C03003B
S214006080252C0300252C0300252C0300252C0300BB
S214006090252C0300252C0300252C0300252C0300AB
S2140060A0252C030021A6000001A60000252C0300D5
S2140060B0252C030065330200252C0300C93D020091
S2140060C04584030041840300A53502005B84030079
S2140060D049840300993D02004D840300093E0200F6
S2140060E07544020071210200753E0200252C030053
S2140060F0252C0300252C0300252C0300252C03004B
S214006100252C0300252C0300252C0300252C03003A
S214006110252C0300252C0300252C0300252C03002A
S214006120252C0300252C0300252C0300252C03001A
S214006130252C0300252C0300252C0300252C03000A
S21400614082B030BF074BD3F8F030DB0704D500230E
S2140061500193019B052B01DD02B07047019B0133C3
S214006160F6E700BF00ED00E0F0B5114A114C124E04
S21400617000F00105E3695F0713D40DB9334213D16C
S21400618003EA00078F4207D10B4A1A40002A14BFC1
S2140061906FF001000020F0BD013AEBD16FF0020075
S2140061A0F9E74FF0FF30F6E76FF00100F3E700BFC6
S2140061B08096980000000350020001000B4B70B55B
S2140061C0D96911F480310DD101244FF48072084E44
S2140061D0084DF46020462C641A61FFF7C5FF34644E
S2140061E0EC6070BD6FF00100FBE700BF00000350DD
S2140061F000100350002003504FF4003238B50F4B08
S2140062000F4C9A6641F671330122E569E3630D4B44
S2140062100021DA60022360612120236105F48035C5
S214006220FFF7A2FF10B92120FFF79EFF0122064BC1
S214006230DA600DB10023E36338BD00BF0090005064
S21400624000000350001003500020035070B5134C9C
S2140062506061E3695B071ED40E4656F8043B8D1852
S214006260A361AE420BD10423002121202361FFF756
S2140062707BFF58B9BDE870402120FFF775BF0821A5
S2140062800846FFF771FF10B10423236170BD56F86E
S214006290043BA361E5E74FF0FF30F7E7000003504B
S2140062A02DE9F84315464FF40032184B89469A6696
S2140062B041F6713203F51C33DF69DA6301220646C4
S2140062C003F58053DFF84C8007F48037DA6055B961
S2140062D0284601220E4BDA601FB10022A3F50053B8
S2140062E0DA63BDE8F88306F5005404EA0804A41B44
S2140062F0AC4228BF2C46494622463046FFF7A6FF4A
S2140063000028E6D12644A1442D1BE0E7009000506B
S20C0063100020035000E0FFFF2F
S2140063182DE9F04F4FF0FD0BC9B09A460DF11B0959
S2140063289DF8503108AFCDF80C90CDF808B001971D
S214006338059303890446009383790E469046418860
S2140063488288407812F07CFD054650B10090A388FC
S214006358002062883A4913F0B7F8284649B0BDE8E5
S214006368F08F99F800002FF077FB38B12846A388FD
S2140063786288344913F0A8F88D25EEE75A46394660
S21400638899F800002FF010FB8346002851D0529B46
S2140063981BB1BDF84C3198424BD8002399F80090B1
S2140063A80793A9F14102012A5FFA8BF123D83846F0
S2140063B80139254ADFF898C05FFA81FE734513DB7A
S2140063C8059B04210792C3B907AF18221F489FED03
S2140063D81A7B02FB060420460A460830394684ED36
S2140063E8027B17F0C5FE11E010F8011F013351407B
S2140063F80CFB01F2E2E7059B33B123464A463846D2
S214006408009610F09FFCA8E70829DED9B8F1000F1F
S21400641801D088F80090BAF1000F01D0AAF800B0B1
S214006428529B002B99D05A46184608A917F0A0FE8A
S21400643893E7012591E700BF000000000000000078
S21400644898160400CD160400C59D1C8180100020F7
S21400645893010001000000002DE9F04F93B0CDE94C
S2140064680A32DDE91C530E9353EC102BCDE90801D4
S214006478104619468DED060B1E9E17F003F980B1DF
S214006488DDE906014FF0FF32C54B17F023F940B996
S214006498DDE906014FF0FF326FF4801317F0FCF8C1
S2140064A870B1DDE908019DED060B0E9B1E96CDE941
S2140064B81C53DDE90A3213B0BDE8F04F00F088B986
S2140064C80022DDE90601002317F0E6F8002800F0B0
S2140064D83381DDE906A303F1004BCBF30A5016F42B
S2140064E88063A0F2FF3008BF06250F9316F0F8FD6C
S2140064F89BA3D3E9002316F05DFE9BA3D3E90023F4
S21400650816F0A2FCCBF31304894644F07F5180466C
S2140065180022A44B504641F4401116F093FC94A375
S214006528D3E9002316F046FE02460B464046494687
S21400653816F08AFC17F0D8F8044616F0D1FD8EA39C
S214006548D3E900238046894616F034FE0022964B8F
S21400655816F07AFC17F0C8F889A3D3E90023074693
S2140065684946404616F026FE80463846894616F0C6
S214006578B7FD85A3D3E9002316F01CFE02460B469A
S2140065884046494616F05EFC02460B46CDE90C230B
S21400659816F010FEDDE90C2380468946104619469B
S2140065A816F052FC0022CDE91001804B40464946C1
S2140065B816F02AFF00227E4B16F046FC02460B46D3
S2140065C84046494616F020FF00227A4B16F03CFC5F
S2140065D802460B464046494616F016FFDDE90C23F0
S2140065E88046894600204FF0804116F02BFC024674
S2140065F80B464046494616F027FC02460B46DDE9A0
S214006608100116F001FF07F2FF3700226A4B16F05A
S2140066181BFC00223B0516F0CDFD52465B46804625
S214006628894617F057F8002840F08980CDE90C898C
S21400663804F16303C62B8CBF0527042731051BD539
S21400664853A3D3E900235046594617F039F80028D3
S2140066587FD051A3D3E900235046594617F01CF8BB
S214006668002876D00027A542C6BF2C1B04F1FF35AC
S21400667800253C4646F480660E9B9F422CBF4FF092
S2140066880008A3EB070816F0020903D0002F18BF6E
S2140066984FF000083CB1DDE90C235046594616F089
S2140066A8B3FE82468B46DDE906010022002316F07B
S2140066B8F3FF10B10BF100439B46DDE9080126F411
S2140066C80063CDE90183DDE90A324BEC10AB009597
S2140066D800F07EF802465FB3DDE9091316F0200FD6
S2140066E800F10105089E0CBF65204520B047DDE98E
S2140066F808010523002205930A23002CCDE902325F
S21400670807F1FF374FEAD473B8BF64422A460193AD
S21400671804970A9B009431F0CFF80246B9F1000FAF
S21400672806D00B9BC41A0B9B1A190E9BA34245D87E
S214006738104613B0BDE8F08FDDE906ABCDE60022C3
S214006748404649461A4B16F05FFE013CCDE90C015F
S2140067586EE7002D90D00F9B002B8DD0013D8BE768
S214006768FB799F501344D33FB3C8608B288AC63F33
S21400677861436F63A787D23F71A379094F930A4095
S2140067881655B5BBB16B0240EF39FAFE422EE63F0E
S2140067982D431CEBE2361A3F0000000080842E4191
S2140067A8FFFFEF7F0000F83F0000E03F00002C40AE
S2140067B800002440000018400000F03F2020DDE9DB
S2140067C80913089DA8470134ADE700BF0000000084
S2140067D82DE9F04F5BEC10AB97B0CDE90501DDE98C
S2140067E82058CDE90723504652465B465946229F15
S2140067F816F048FF70B90323CDE902870193AA4B28
S2140068080093DDE90501DDE9072330F087FF17B0BF
S214006818BDE8F08F4FF0FF326FF4801350465946AC
S21400682816F03AFF28B10423CDE9028701939F4B5F
S214006838E6E74FF0FF32504659469D4B16F04AFFA2
S21400684868B19C4A07F00403002B08BF03229A4B42
S2140068581CBF13460422CDE902870192D0E75046B2
S2140068688DA3D3E90023594616F034FF38B98CA314
S214006878D3E900235046594616F00EFF68B1DDE905
S2140068880723DDE905014BEC10ABCDE92187209500
S21400689817B0BDE8F04FFFF7DFBD002200235046D3
S2140068A8594616F0F9FE002800F091805B465246DD
S2140068B80020002116F0C6FA012382468B4609936B
S2140068C817F4806400F08580092D40F28580002446
S2140068D830210EABA5F109020134202C03F8011B68
S2140068E8A5EB040901D09442F6D15946504616F055
S2140068F8FBFE724B054603EBC90393ED007B8DED5B
S2140069080A7B16F0EDFB02460B465046594616F033
S21400691899FADDE90A2316F04DFC02460B46CDE946
S2140069280C2316F009FF064616F0CAFB02460B466D
S214006938DDE90C0116F086FA02460B46CDE90C2373
S21400694800225F4B16F0C6FE002848D001363046B7
S21400695816F0B6FB02460B46DDE90A0116F0A6FE5F
S21400696808B100260135B9F1000F45D1284616F0C2
S214006978B7FB02460B465046594616F063FA002205
S2140069884F4B16F089FE10B9E90700D501350A21E4
S2140069980EAB1A19202C0AD095FBF1F001FB105506
S2140069A8303502F8015B013405460028F2D107F0BD
S2140069B80302012A55D1B8F1000F52D0099A12B92C
S2140069C817F00C0F01D008F1FF38302240E009908C
S2140069D876E74FF0060988E7A946002485E70022EF
S2140069E8DDE90C01364B16F057FE0028BBD10EB178
S2140069F8F007B8D50136B6E70A210EAB1A19202CCF
S214006A080DD0B6FBF1F001FB1063092E03F130033D
S214006A1809F1FF3904F1010402F8013B11D83021CD
S214006A28A1440EAA202CB2D04C4504F101030AD189
S214006A3804F158020DEB02042E2204F8202C1C4602
S214006A48A5E70646DBE7A1541C46EBE71A550134D2
S214006A58444506D2202CF9D1CDE9028701940EAB25
S214006A68CEE6202CF8D0099B3BB12D2204F1580322
S214006A786B4403F8202C0134EEE77A0704D504F1BA
S214006A8858032B226B44F4E73B07E5D504F158037B
S214006A9820226B44EDE700BF0000000065CDCD4125
S214006AA80000000065CDCDC1BB330400BF33040031
S214006AB8FFFFEF7FB2330400B7330400C07C040046
S214006AC80000E03F0000000070B58EB02C220021C8
S214006AD803A817F0BDF964234FF002320893CDE9F6
S214006AE805230B2301218DF834305B4B8DF81010ED
S214006AF81D880D4040F0A980084634F04DFF0A2254
S214006B08564B574C1A704FF42873ADF812304FF0A6
S214006B18FF332360534B54491B8820460B82534B44
S214006B28534A1B68CD828B61524B0D621B884B8281
S214006B38514B1B68CB611DF065FA20B14FF41B71F1
S214006B484E4835F056FF0521206831F01DFD20B16E
S214006B5840F27D21494835F04CFF206816F02EF9A2
S214006B68474B2068196831F089F80C2535F07CFB0E
S214006B786843099035F078FB68430DEB05010790EC
S214006B88206817F001FE20B140F295213B4835F009
S214006B9830FF25681FF060FE00220146284631F0C7
S214006BA8E5F820B140F29721344835F022FF40F24C
S214006BB80353344D344E2B80052396F90000AB70F2
S214006BC87F2801D11DF006FD3378EB7035F04CFBBD
S214006BD800EB80008000A88035F046FB0023C0004C
S214006BE84FF0FF31E880AB604FF0FF3018A3D3E9D1
S214006BF8002335F023F82549206831F070F820681E
S214006C0802A931F068FD20B14FF434711B4835F005
S214006C18F0FE042220680DEB020131F004F8042887
S214006C2804D040F2D721154835F0E3FE01A901202B
S214006C3830F0C5FB07F05EFF01201EF04FF92CF080
S214006C48DBFD1EF075F91DF05DFC0EB070BD00BFD3
S214006C580A0020FF420300001E5D00205764002043
S214006C6844570020609604004C6B00206896040089
S214006C78C9B903005E96040064960400846C040098
S214006C888C68002038570020206E00203DBA03008C
S214006C980348044B834202D0034B03B1184770479E
S214006CA84C6E00204C6E002000000000064B074982
S214006CB8C91A891048BF0131491003D0044B0BB1DB
S214006CC801481847704700BF4C6E00204C6E0020E5
S214006CD80000000010B5064C237843B9FFF7D8FF2C
S214006CE8044B13B10448AFF300800123237010BD92
S214006CF8B81500200000000080D1040008B5044B39
S214006D081BB104490448AFF30080BDE80840CDE74E
S214006D1800000000BC15002080D10400A3F5803ACE
S214006D28704700BF154B002B08BF114B9D46FFF759
S214006D38F5FF00218B460F461148124A121A17F023
S214006D4887F80C4B002B00D098470B4B002B00D035
S214006D5898470020002104000D000B4817F0BEFBE2
S214006D6817F04EF8200029002BF0A0FC17F0A4FB23
S214006D7800000800000000000000000008100020C6
S214006D8808100020AC6400204DE5010007B501217D
S214006D9820200DF1070201F0A9F858B102230121BD
S214006DA820200DF107028DF8073001F0AFF803B088
S214006DB85DF804FB9DF807100229F8D0022209485E
S214006DC815F028FF022301210DF1070220208DF877
S214006DD8073001F09BF82BF0B6FB4FF4FA6000F092
S214006DE8CDFEE4E730CE030038B502F095F801F0A2
S214006DF81BFA012805D001F017FA022801D001F085
S214006E0839FA064D2B783BB901F00EFA01280446EC
S214006E1802D12BF02EFC2C7038BD00BFFC5D002084
S214006E2810B5044600882BF062FBA37884F844006B
S214006E38834202BF0123E3702371074B04F11C0051
S214006E48C4E9073401F0A8F8224620880349BDE8BB
S214006E58104000F0E5BF00BF5F22030029220300B0
S214006E6870B5C37804460D461646002B34D1D1B10A
S214006E78214815F0CFFE0123E370E36CA6600BB142
S214006E88E06D9847E368F61A63699E4221D2217E30
S214006E981A480131C9B2217615F0BCFEA36D13B1AC
S214006EA8217EE06D9847E5702BF060FB15B32379DB
S214006EB803BBA268238A801A83421BD80123104882
S214006EC8237115F0A7FE236DA3B1E06DBDE87040F1
S214006ED8184701232376E6E70029E4D1094815F088
S214006EE899FE636DE660E5702571002BDBD0E06DDA
S214006EF89847D8E770BD00BF58CE030069CE030098
S214006F0897CE030084CE030010B50446054BC0E9AF
S214006F1803300C3001F040F82046BDE810402BF056
S214006F28F2B900BFAB22030010B501790446B1FAE6
S214006F3881F1008849092BF03DFA21796088B1FA79
S214006F4881F149092BF036FA034B1A68A24204BFAE
S214006F5800221A6010BD00BFD415002070B5437912
S214006F680446A3B100880E4E04F10805336813B131
S214006F780C4B1B786BB121792BF01CFA64210A4B59
S214006F883460A3602846BDE870402BF0E6BA408817
S214006F98E9E7064815F03EFE054B3221A360F1E707
S214006FA8D4150020FD5D0020316F0000ADCE030033
S214006FB8656F000010B50446E0B10F4815F02AFECC
S214006FC801236371A37953B9217920882BF0F2F94C
S214006FD8236B7BB1606B0121BDE810401847204643
S214006FE8FFF7A2FF04F108002BF0BCFA2046FFF7D3
S214006FF8B5FFEDE710BD00BFE3CE030010B50446AD
S214007008F8B1104815F006FE00236371A3796BB932
S21400701821792088B1FA81F149092BF0CBF9236B45
S2140070287BB1606B0021BDE8104018472046FFF78B
S2140070387BFF04F108002BF095FA2046FFF78EFF39
S214007048EDE710BDEECE030010B5044668B107485C
S21400705815F0E0FD637920461BB1BDE81040FFF748
S214007068CDBFBDE81040FFF7A5BF10BDFACE0300A0
S21400707810B50E4C0E48214615F0CCFD82210D4861
S21400708815F0C8FD82210220A21E00F03FFF01462F
S21400709830B134F8022C0848BDE8104015F0BABDE7
S2140070A80648BDE8104015F0B5BD00BF8A58002058
S2140070B809CF030024CF03002FCF030073CF0300AC
S2140070C838B5114C82212246022000F00FFFA51C7D
S2140070D8014688B122880D4815F09CFD2A460C4BBF
S2140070E803F12C0153F8040B8B4242F8040BF9D138
S2140070F81B7813702C23238035F8021C054A064893
S214007108BDE8384015F086BD885800207ECF0300BD
S214007118FECF03008A580020DCCF0300034B1B7801
S2140071281BB18B4201D82BF00EBA7047C86D0020F1
S21400713810B5044601460E4815F06CFD012C11D119
S2140071480C4B0D481A884FF6FF739A421EBF002252
S214007158094B5A742BF014F902F040F8BDE81040B9
S21400716801F012BF0448BDE810402BF00BB900BF71
S2140071782BD003007C6D00201868002070B5002412
S2140071881A4D1B4E3378A3421BDC0024194D1A4EA9
S2140071983378A3421BDC0024184D194E3378A342DB
S2140071A81BDC01F041F8012816481CD12BF0E8F842
S2140071B802F014F801F0E8FEBDE87040124801F04D
S2140071C853B82846FFF72CFE01346035DAE7284620
S2140071D8FFF79AFE01343435DAE728462BF0EFF845
S2140071E801343835DAE72BF0CDF8E5E7E824002057
S2140071F8045E002008290020055E0020B822002032
S214007208035E002018680020397100002DE9F04F51
S21400721887B0FFF755FFB84B05A805932BF0F3F892
S214007228054616F011FDB54CC2B21F2A627004D985
S214007238B34815F0EFFC00F095FC2946A01C16F0A4
S21400724897FF05A82BF0DFF8054616F0FDFCC2B23E
S2140072581F2A84F8212001D9AA48EAE7294604F11A
S214007268220016F085FF05A82BF0CDF83226044636
S21400727800272578002D40F0BC80A34FFFF77EFF3F
S2140072883B78A24C01932378DFF8A8A2DFF8C082E7
S2140072989F4E00939AF8003098F8002031789D4861
S2140072A815F0B8FC307898F8002039789AF800700D
S2140072B8831824783B44984F2344AC463C460B44FA
S2140072C8DBB2A84200F35183002425469348A14226
S2140072D800F35683012B38BF0123914D02932A46AB
S2140072E800232C464FF482714FF6FF79029801333B
S2140072F8984213705180A2F8049002F10C02F5DC53
S214007308884B87497D48A36001F0A0F8E079A36818
S21400731800EB400003EB800000F032FEE379013317
S214007328E371814C23884B4503D07D497F4801F0A3
S21400733891F94FF6FF7322887949D21A18BF0122AD
S2140073487B4801F055FD4FF00009764C33784B45E5
S21400735800F31F8300274FF00C09DFF8F8B1704DD3
S21400736898F800203178BA4200F3268302EB010928
S2140073780C2100274FF0940B01FB09516D4B187830
S2140073886D4AB84200F335830C214FF000094FF0E0
S214007398700B98F8003037781F44074401FB0751F4
S2140073A85A4B1878654A484500F3388398F80030F1
S2140073B8367800271E449AF800304FF068081E44B6
S2140073C80C23064403FB06554F4B1B78BB4200F3C1
S2140073D83B830299524800F061FE059B46491A46CF
S2140073E88B4240F04583564807B0BDE8F04F15F08D
S2140073F811BC532D0FD163784C2B40F05581A378E0
S214007408502B40F0518101224E4B1A7005A82AF0E5
S214007418FAFF04462DE7442D13D16378303B092B39
S214007428F4D8601C2AF0FCFF474B484A197800231A
S21400743886B2994202F16002E8DD22F8466C013312
S214007448F7E7422D0CD16378542B40F08580A01CBA
S21400745800F034FD344B188018462AF0BEFED5E7F7
S214007468582D33D8412DD1D9433D152DCED801A35B
S21400747853F825F0E5780000157400001574000030
S21400748815740000157400001574000003760000DB
S2140074981574000015740000B5750000E774000048
S2140074A815740000157400001574000015740000AB
S2140074B85F770000B17600001574000015740000B0
S2140074C81574000015740000E5770000692D9DD13D
S2140074D8601C2AF0A5FF80B22BF031F896E70C4B1B
S2140074E80120197800230C4A994202F1A8028DDD82
S2140074F802F8A60C0133F7E78A5800202C6700200C
S2140075084AD0030061D00300015E0020FE5D002023
S214007518025E002071D003000C2000206C1E0020A4
S214007528A0160020601700207C6D00205016002052
S214007538D8150020FF5D0020B01B0020601A002030
S214007548D4D00300FD5D0020045E0020E82400205F
S214007558005E00206C1D0020601C00F0AFFC054695
S214007568E01C2AF0D5FF01210446024628462AF0E8
S2140075788BFF6021C848DFF83CC30278A4F1030EED
S21400758851430CEB01032CF801504FF4FA611982B1
S2140075984FF44871DEF100045961C04944EB0E040B
S2140075A801325E8319659C7002702FE7601C00F03C
S2140075B885FC00224FF034088146B94F11462AF060
S2140075C863FF3878B74D08FB00F325F80390EA18F0
S2140075D8E3781046693B18BF01239370FFF794FCC5
S2140075E80021B14A3B785160012103FB08550B4442
S2140075F83B7015600F46117408E7601C00F05EFCCF
S2140076080022114681462AF03FFF3422A44DDFF8B7
S2140076189482287802FB00F328F8039008EB03010D
S214007628E3780846693B18BF01238B70FFF76CFCAC
S2140076389E4A00231046916B31BB00EB831034231F
S2140076482A7802FB03838363994A00231046D2F8FC
S214007658A410F9B9A82202FB030034232A7802FBF7
S2140076680383C0F8A4305FB98F4A3B46114652F8E8
S214007678040BA8B93422287800FB028241F823209C
S2140076882B7801332B70C1E60133042B02F140023C
S214007698D1D1D9E70133042B02F1A802D7D1E2E70A
S2140076A80133042BE3D1EBE7601C00F007FC8046AF
S2140076B8E01C2AF02DFF01210446024640462AF027
S2140076C8E3FE602274487B4D0178A4F1030C4A431C
S2140076D8AB1825F802804FF44872DCF1000444EB3E
S2140076E80C049C70A8241A825A61DFF8E4C1724A16
S2140076F85E839A659CF80030DFF8B4E15C430EEBD5
S21400770804020EF804304FF40074548003241471F5
S214007718947101EB410401310170682105EB4415B1
S214007728322466480133DBB253718CF80030037894
S21400773882F8A0405943624C95606354621802214F
S21400774851800521517143F2FF210133DBB21371D9
S214007758D18003705AE6601C00F0B0FB00224FF0A0
S214007768380A94F803908346B9F1690918BF4FF0B0
S2140077780109DFF8608111462AF086FE98F8003085
S214007788504D0AFB03F3EA1825F803B082F8049074
S214007798E37883B1692B0ED0E01C00F08FFB002243
S2140077A8114604462AF070FE012298F800300AFBBB
S2140077B803535C809A7144483C4A037899015354B1
S2140077C898F8001002EB8314C1EBC10205EBC20562
S2140077D84A1C656388F800200133BAE7601C00F08D
S2140077E86DFB8046E01C00F069FB0546601D2AF02C
S2140077F88FFE04460246012140462AF045FE2246F0
S214007808284601212AF040FE4FF0600C4FF4487ECF
S214007818DFF88490274A99F800300CFB03F011181B
S21400782822F80080E01EDFF8908044424441A1F828
S21400783810E0C1F814E08C704E83C1F85880591CCB
S214007848C9B20CFB01FC02EB0C008470942422F8ED
S2140078580C501E4DA0F810E0C0F814E04683C0F89F
S2140078685880981C89F800002878DFF86CC04443D4
S21400787803EB430302EB43130CEB040E01EB41014D
S214007888CEF8043002EB4112CEF808200CF80400BB
S21400789801302870BAE500BF045E0020F923030013
S2140078A8055E002008290020186800206C1D0020AE
S2140078B80C200020E824002025710000015E00202E
S2140078C86C1E0020B8220020005E0020FF5D00200D
S2140078D8025E0020035E0020B01B0020601C00F043
S2140078E8EDFA8046E01C00F0E9FA002264790546C5
S2140078F8693C1146404618BF01242AF0C5FD0022FF
S214007908284611462AF0C0FD3820DFF88CC15D4AAB
S2140079189CF8003000FB03FE22F80E804FF00008AB
S21400792802EB0E010C7181F80680591CC9B2484357
S21400793802EB000E8EF8044070241552524D981C27
S2140079488CF800002878DFF854C14443C3EBC3031F
S2140079588EF8068002EBC3030CEB040EC1EBC101E4
S214007968CEF8043002EBC1028EE794F805E0013544
S214007978964584BF84F804C084F805C0A834A0E4FB
S21400798890F804C00134944584BFC570057168300A
S2140079989DE4B9F1000F06D015F8053C03EB430348
S2140079A804EB8304AC602946384601F05FFE09F113
S2140079B80109A8370C35C9E479180AD04A1E09FB0C
S2140079C80252D27902EB420204EB820409FB01520E
S2140079D89460584609FB015101F092FB31782B4818
S2140079E8394409FB015101F0EDF801370BF1400B62
S2140079F8B6E417EB090F18BF11F8050C03911EBF64
S214007A0800EB400004EB80048C600BFB072000F0C2
S214007A18E9FF03991E4B01370C31B0E419EB070F49
S214007A2818BF11F8050C03911EBF00EB400004EBCD
S214007A3880048C600BFB092000F0A8FE0399124B0B
S214007A4809F101090C31ACE4F74218BF15F8053CFA
S214007A5829461CBF03EB430304EB83040D4B18BFF6
S214007A68AC6008FB073001F047FF01370C35ABE484
S214007A7813F8011D00297FF4B1AC3B2102F8011C64
S214007A88ACE400BFB8220020FE5D0020AC22002037
S214007A98FF5D00206C1E0020035E0020601A002098
S214007AA807B5012121200DF1070200F01FFA18B9C9
S214007AB89DF80720024B1A7003B05DF804FB00BF60
S214007AC8C86D002007B5064B8DF807001870012111
S214007AD80DF10702212000F019FA03B05DF804FB47
S214007AE8C86D002007B5022101200DF1060200F03E
S214007AF8FDF938B9044815F08DF8BDF8060003B04E
S214007B085DF804FB0020FAE7F1D0030007B5022170
S214007B18ADF806000DF10602012000F0F7F901465F
S214007B2810B1034815F076F803B05DF804FB00BF03
S214007B3812D1030010B5FFF7D5FF044601460748E3
S214007B4815F068F80121064815F064F824B9BDE870
S214007B5810400120FFF7DABF10BD00BF42D1030076
S214007B6854D1030008B5044815F054F800F0DEF9BF
S214007B782AF0E9FC2AF0E4FC6AD1030038B504468A
S214007B88084D094B28462B6000F006FA002C18BF53
S214007B9821462846BDE8384008BF4FF496712AF0BB
S214007BA8DCBC00BF0C2A0020472403002DE9F04364
S214007BB8394D93B008AC0746894690460FCD0FC49A
S214007BC80FCD00260FC495E803000323012584E89B
S214007BD80300324C3248CDE90366CDE905668DF8D8
S214007BE80E300796029534F09EFE2E4834F09BFE23
S214007BF832462D4920468DF8176005F0DDF93346E4
S214007C0832462A498DF81900009020468DF82390B0
S214007C18CDF82C808DF8216005F0E8F90A9020460A
S214007C288DF8097005F048F9204608AA05A905F058
S214007C3803FA02AA204603A92BF05CFD4FF4007253
S214007C481B4B5A62194BE560626A920510D46BB9F1
S214007C584FF40072164B11485A6205F02DF9114878
S214007C6834F064FE002013B0BDE8F083013BEBE778
S214007C78002BEDD0094908A82BF06FFD4FF40072D1
S214007C880B4B06485A6205F017F9064834F04EFEC4
S214007C98BDF82000E7E700BF7C6D04000040005AEE
S214007CA8CC6F0400C86F040080841E0040420F009A
S214007CB80060005A0122034B1870034B1980034BCF
S214007CC81A707047075E0020846D0020065E00204C
S214007CD8F8B5454B1B780BB90020F8BD434B1B780D
S214007CE8012B03D1BDE8F8402AF0ACBB404B1C88FA
S214007CF84FF6FF739C42EFD03E4834F014FE002344
S214007D08260AE4B21A462146304605F095F8012EB2
S214007D18354604F0010335D015D9B51E012DDBD83C
S214007D28002B0BBF4FF480754FF080754FF47061D1
S214007D384FF070610BBF01274FF480370F204FF4C8
S214007D4870202D4B11E0002B0BBF4FF480754FF0C1
S214007D5880754FF470614FF070610BBF01274FF4C8
S214007D6880370F204FF47020244B1A6802401CD02E
S214007D78BA421AD01A680A4032D11A6822EA0102B0
S214007D882A4316E0002B0BBF4FF480754FF0807522
S214007D984FF470614FF070610BBF01274FF48037C6
S214007DA80F204FF47020164BDFE71A6822EA00020D
S214007DB83A431A602AF046FB054600288CD0083657
S214007DC844EA06102A460321C0B2FFF7EFFE40F643
S214007DD8FF73684300F2FF70B0FBF3F080B27CE7F5
S214007DE895427FF479AFC8E7065E0020075E00205C
S214007DF8846D0020CC6F040028C3035020C30350B2
S214007E0824C3035010B5044C237823B9034834F030
S214007E188AFD0123237010BD095E0020CC6F040084
S214007E282DE9F0431F4C85B0074688469146FFF774
S214007E38E9FF23781BB902F0A5FA012323707BBA61
S214007E48ADF80C3030220023174E02FB03F4315DE8
S214007E58A51901BB012333554FF0FF3304F1100079
S214007E6812493044AB606F80C5F80480C5F80C90A2
S214007E7809F080FD04F10801042231440C4B0095FA
S214007E8803A802F055FBA96802460A4814F0C2FE89
S214007E9805B0BDE8F0830133102BD6D1064814F0A0
S214007EA8B9FEF5E7085E0020342A00207124030096
S214007EB88324030077D10300A5D1030080B102789C
S214007EC8A2F14103032B0BD840783038C0B20828FB
S214007ED806D8054B134413F8413C40EA0320704784
S214007EE84FF6FF70704700BFA46D040008B50B4638
S214007EF842B101460448006803F062FCBDE8084049
S214007F082AF017BB022008BD8468002008B50B4677
S214007F1842B101460448006803F0DAFDBDE80840AF
S214007F282AF007BB022008BD84680020F0B50026AA
S214007F38124F8DB0FF2300930A223346386802A9F1
S214007F482BF07DF9C0B102AB1D4603EB800404E0BC
S214007F5855F8043BB34228BF5E1CAC423868E9D9E2
S214007F68296803F03BFF0028F2D02D28F0D00DB08A
S214007F78BDE8F0402AF0DDBA0DB0F0BD84680020F8
S214007F8828B1034B0360034B4360002383607047AC
S214007F98190000032C680020FF2307B50021044AB7
S214007FA80093083009F06AFC03B05DF804FB00BFD4
S214007FB85D2503000B46044902460868034909780C
S214007FC808B12AF0EEBA7047402D00200B5E00205C
S214007FD8F7B50C4618B12921194834F00AFD24686B
S214007FE823685E795F8830463946FFF7E3FFF0B1CD
S214007FF88568E5B1A089227D3946904291BF002068
S214008008801AA36880B294BF03469B18E27C00904F
S2140080183046A8470138032803D8DFE800F0080FE1
S2140080280B0D002420462EF07FFA204600E0812023
S21400803803B0F0BD8024F5E79324F3E78724F1E73F
S214008048CDD10300F8B515460D4A044610680D4A0A
S2140080580B46117850B122462AF0A3FA034628B1F7
S21400806800210C27C678B14201DB0020F8BD07FBCB
S21400807801F45A681019125BAA42F7D00131F2E7E8
S214008088402D00200B5E002008B5034B1B6803B18B
S2140080989847002008BD00BF3C2D00202DE9F74F6B
S2140080A804460D460026454B454F1860454B19704B
S2140080B833010021F85C013610F0B0FC0C2EF7D125
S2140080C80C2D28BF0C254FF0000901953C4EDFF813
S2140080D800A13D4DDFF8FC80019B4B4502DC03B058
S2140080E8BDE8F08F23784FF0000B337063887380F9
S2140080F8A388B380A379C6F80880B371E379C8F873
S214008108005088F804304FF00003A768A8F8063037
S214008118E3795B450ADC012116F8100B10F07EFCAB
S21400812808F1080809F101090C34D5E74FF00003F7
S21400813838886B812880FB784FF0000C2B81BA7842
S214008148C5F804A0002A00920CBF802240222A7399
S21400815879680AF10C02634513DC03EB43030AEB68
S214008168830ABB6843B1009A4FF6FF71B2FA82F2EF
S214008178164B52092EF068F914350BF1010B0C3723
S214008188C6E7B1F800E00CF1010C22F80CEC91F807
S21400819802E00C3202F816EC91F804E00C3102F812
S2140081A815EC11F809ECBEF1010F14BF4FF0100ED4
S2140081B84FF0110E02F814ECCDE700BF402D00205A
S2140081C8F04400200B5E002044330020D97F0000D6
S2140081D8442D0020C4350020014B1860704700BFAE
S2140081E8382D0020014B1860704700BF3C2D00203A
S2140081F870B5128805460E46FFF724FF044670B190
S21400820802790499806815F075FE064B1B680BB951
S214008218002070BD3146284622889847F8E7862011
S214008228F7E700BF382D002008B50FF093FC0228AA
S21400823806D0012806D0044B18784000C0B208BD06
S2140082480120FCE70220FAE70A5E0020054B10B57D
S2140082581C682CB1FFF7E8FF2346BDE81040184716
S21400826810BD00BF342D0020014B1860704700BFBA
S214008278342D0020034B1A781AB901221A700BF015
S214008288C9BC70470A5E00200022024B1A70FFF72E
S214008298DDBF00BF0A5E002037B50446002836D08A
S2140082A80FF058FC022834D160892EF09FFCE07944
S2140082B8237A003818BF0120012B637A08BF40F0E4
S2140082C808000BB140F0100063890BB140F00400C1
S2140082D8257CA188A2790DB1E36893B90F4B10F0FD
S2140082E879FF2178084610F0F1FF2DF0A8FF044624
S2140082F810F0AAFF7CB100280CBF0020032003B0B2
S21400830830BDCDE90035064B10F064FFE9E70220E2
S214008318F5E70120F3E72046F1E700BFE522040071
S214008328AEF203002DE9F04186B005460E469046AB
S2140083381F469DF834400FF00DFC022824D1082C67
S21400834816D8ADF80C808DF80E702CB122460C9914
S2140083580DF10F0015F00CFF03AB033400930A224F
S21400836831460820094B019410F034FF18B1032059
S21400837806B0BDE8F0812946284610F0A7FF2DF084
S2140083885EFF0028F4D0F2E70120F1E7AEF2030022
S21400839808B50DF09DFD014630B1044814F03AFCCE
S2140083A8BDE808400EF038B908BD00BF3FD203004C
S2140083B8034B044A5B7C012103201370FFF7A6BD1C
S2140083C8186800200C5E002010B50446FFF7F0FF82
S2140083D8B4F57F4F0BD100240F4B1A8813449C70BA
S2140083E8FEF746FE2046BDE81040FFF7C7BB4FF62F
S2140083F801739C4204D1BDE81040084829F0A8BF84
S2140084084FF602739C4205D1BDE81040044B18781D
S214008418FFF758BB10BD00BF88580020186800201A
S214008428C86D002010B5074C012122460320FFF72F
S2140084385DFD28B92378044A003B18BF012353740E
S21400844810BD00BF0C5E002018680020F8B5564B1B
S214008458564C1A884FF6FF739A4218BF03234FF0FC
S214008468080218BF2370524B30251A7032225A70F1
S214008478DA70DA7135229D705D7137251A724FF4FD
S21400848800129D714B4D3626C5644B4D42640565FA
S2140084984A4D012285654A4D1E71C565494D8618A7
S2140084A84566494DC6678566484D494E0567494D38
S2140084B880F848204567202580F8785080F8845052
S2140084C800F12105C0F88850434D80F85420C0F8C4
S2140084D88C5080F8602080F86C20C0F8806080F8A7
S2140084E89020C0F89440C0F8B8303C4B3C4CC0F8DC
S2140084F8BC300223C0F898403A4C80F8C030C0F828
S214008508A4400F24384B80F8A840C0F8C430374B36
S214008518374CC0F8C8308223C0F8AC40354C80F8D9
S214008528CC30C0F8B0400924334B344DC0F8D030B6
S214008538334B80F8B440C0F8D4302C7C314B80F8EC
S2140085489C20C0F8A00080F8D820C0F8DC3044B1E1
S2140085582D4B80F8E420C0F8E03005F11103C0F890
S214008568E8304FF0000CCA798E6802EB42039F0091
S214008578443006EB830326F807C0586001200D3404
S2140085889870DC701318CB71FFF78AFAFFF74AFF6A
S214008598FFF74AFE012806D12B7C23B1BDE8F84038
S2140085A8164829F0D5BEF8BD7C6D0020C96D0020A0
S2140085B80D5E0020BD6D040001002000BC6D0400A7
S2140085C802002000BB6D040003002000BA6D040002
S2140085D8050042000400420007003000FDFF2100AD
S2140085E81200100100404200B86D040000FF44016C
S2140085F8A86D04000600420088580020186800206D
S21400860802FF2001C86D002001FF100113B50446C3
S2140086180E4829F0EDFD6422C0F30F43637083B261
S214008628B3FBF2F3A078237020220023012129F05F
S214008638F3FFA07800232122012129F0EDFF044949
S214008648201D02B0BDE8104029F087BF7C6D0020D1
S214008658E09304000B7870B583704CF61E03038015
S2140086684FF02013C362012380F8303080F83C3086
S214008678C3180364124B044643640223114A80F865
S2140086884830114B8263C3644063CA798D6802EB35
S214008698420305EB830004F12C0646600B4E45F8B2
S2140086A8236000238360531CCB71094B201DC4E94B
S2140086B80134FFF771FC2046BDE87040FFF7A6BFFF
S2140086C8FDFF210021002000BE6D0400010001030B
S2140086D815860000437B044A012113700078113088
S2140086E8C0B2FFF713BC00BF175E002038B50446BB
S2140086F80078054D11302A460121C0B2FFF7F6FB77
S21400870808B92B78637338BD175E0020034B53F8FF
S214008718200008B12AF051B8704700BF2436002060
S214008728012908B506D0022907D049B92AF03CF82D
S214008738002008BD2AF03BF8FAE72AF03BF8F7E7EE
S214008748024814F067FA0120F3E700BF6CD2030072
S21400875810B4054C114654F820001A46BDF80430EB
S2140087685DF8044BFFF7DCBF24360020002310B565
S214008778044683810364A0F844304830FFF70CFCB5
S214008788014BC4E9123410BDA927030038B50446C6
S2140087980B781A4A43700D4642F82300FFF7E6FFA7
S2140087A82046FFF7A3FF4FF4401323610123144A22
S2140087B82375A261134A84F82030E261124A84F8CD
S2140087C82C306262114A84F83830A26204F10C0236
S2140087D822630F4A04F10D036263E363EA79A8682B
S2140087E802EB420300EB830110344C60094C40F85E
S2140087F82340094B8B60531CEB7138BD2436002090
S214008808165E002008002000CA6D002000FF300019
S21400881801FF1001020101045987000010B47024FA
S214008828427B0D48013A012904FB020006D00229C2
S21400883808D059B95DF8044B29F0B6BF5DF8044B6B
S21400884829F0B5BF5DF8044B29F0B4BF03485DF8BE
S214008858044B14F0DFB900BF601A002088D203006A
S214008868B0F85C302DE9F0418B4204460E4639D00C
S214008878437B077C93B31C4A12789A422ED3702502
S2140088881A4A013B05FB032390F80F801B7B4246E0
S21400889829F0A1FFB845054601D1FF2820D13A4660
S2140088A83146204694F8903029F095FF2F46054625
S2140088B80123552212216078A4F85C6029F0ACFEEA
S2140088C8FF2F03D039462046FFF7A8FFFF2D09D013
S2140088D829462046BDE8F04129F0BDBFFF25DEE762
S2140088E80746E5E7BDE8F081FE5D0020601A002037
S2140088F841688268C978D27849B112B10321FFF776
S214008908AFBF837B002B0CBF01210221F7E72AB1FA
S214008918837B002B0CBF02210121F0E7014814F0ED
S21400892879B900BF99D20300037BD3B14368DA78DC
S21400893812B18268D278A2B91B7933B1837B002B37
S2140089480CBF04210521FFF78BBF83681B792BB169
S214008958837B002B0CBF05210421F4E7014814F0A3
S21400896859B97047CBD20300084A437B05211370D8
S214008978837B5370C37B9370037CD370037B137124
S21400898800780E30C0B2FFF7C1BA00BF185E0020EC
S21400899838B5044600780C4D0E302A460521C0B27C
S2140089A8FFF7A4FA20B1BDE83840084814F032B9F9
S2140089B82B7863736B78A373AB78E373EB782374C5
S2140089C82B79237338BD00BF185E002007D3030039
S2140089D8034B53F8200008B129F087BF704700BF43
S2140089E84C360020F8B504460B78424A43700D46CC
S2140089F842F82300404E29F098FFFFF7C9FF626847
S214008A08A3683E483E49D6641165D4655065C3E9F7
S214008A181410DE64DC654FF0987302266361012348
S214008A2804F10C01E16137491032216204F10D01AD
S214008A38A16235492376E16204F10E016163334988
S214008A4884F82430A16304F10F012164304984F8C6
S214008A583030616404F11001E1642E4984F83C303A
S214008A6884F84830216584F85460A265E879A968D6
S214008A7800EB400201EB820704F1140CC7F804C0AF
S214008A884FF4817C244F41F82270C218D2B202EB10
S214008A98420241F822C001EB820700227A601F4A90
S214008AA884F8703022661E4A84F88830A2661D4A0A
S214008AB81D4BE2661D4AC4F88C3062671C4A83194F
S214008AC8A26704F15C02C4F88020DBB2194A03EB03
S214008AD84303C4F8842084F8646084F87C6001EB5F
S214008AE8830260345460144A033041F82320E87146
S214008AF8F8BD00BF4C360020F9880000B5280300F2
S214008B083189000001002001020010010300300135
S214008B18040030010500210101FC01064A0021007D
S214008B28C06D040051001000C26D0400C36D04003F
S214008B38550021006F0018001200010470B50D469C
S214008B480646144613460A4601461A4814F062F8C2
S214008B5825B92046BDE87040FFF736BC072D05D17D
S214008B6821463046BDE8704000F092BE4FF60143FD
S214008B789D4205D121463046BDE87040FFF728BF24
S214008B88062D05D121463046BDE8704000F072BA81
S214008B98B5F5817F05D121463046BDE87040FFF720
S214008BA8B5BD202D04D12046BDE8704000F0ECB8D5
S214008BB870BD00BF36D303000148FFF70DBB00BFEA
S214008BC8458B00004FF4C01330B5036001230371D2
S214008BD8074B8C688360CA7902EB420304EB830573
S214008BE86860044844F82300531CCB7130BD00BFAE
S214008BF8C46D0400040001010368064A0C211360D2
S214008C084368536003891381438922205381FFF701
S214008C187DB900BF7436002010B50368044686B0D8
S214008C28FBB1114813F0F6FFA37B104A8DF8043009
S214008C384FF48273ADF806300123CDE902230023F2
S214008C4801A804938DF81430FFF726FB20466189A7
S214008C5829F07BFE2046FA2150F8143B594329F0A8
S214008C687CFC06B010BD00BF69D3030020000001DD
S214008C7810B5064C236843B1054813F0CBFF2068AF
S214008C88BDE81040418929F060BE10BD803600203E
S214008C988AD3030070B5364910460C68BDF8102014
S214008CA8002C5ED003285CD8DFE800F0021E2745BB
S214008CB8002B5AD0022A58D91D78B3F80160291E0D
S214008CC818BF012132462B4813F0A4FF2DB13146B8
S214008CD8204629F03AFE002070BDE573FA20636846
S214008CE8584329F0CEFCF6E7234813F093FFE37BBE
S214008CF8002B38D00023E373F0E7002B35D0032A87
S214008D0833D91D681D48294613F084FF1C4B2A1FBB
S214008D189A4201D90220DFE723680BB19D42F9D8B1
S214008D2823899D42F6D3E37B6560B3B9FA2068438E
S214008D3829F0A7FC11E0002BCED0012ACCD91D883B
S214008D481048294613F066FF002DE3D063689D425D
S214008D58E0D8E37B2581002BE8D12046FFF74CFFBF
S214008D68B9E70120B8E70420B6E70320B4E700BF58
S214008D7880360020ADD30300E4D3030003D40300F9
S214008D88FCFF6D002DD4030038B5154B1C6834B3B2
S214008D98F0B92168134813F03DFF23683BB16268B9
S214008DA8934204D2104813F035FF6368236004F139
S214008DB81405284629F0D6FB236823B1FA2128464D
S214008DC8594329F0CAFB2046BDE83840FFF714BFD0
S214008DD8032804D16189054813F01CFFF3E738BD62
S214008DE88036002058D4030085D40300BAD4030084
S214008DF870B53E4B0D46044609781860002A6FD1B8
S214008E0801231A46A1730021E1730121A1814FF4C1
S214008E186151C4E900132823354E22810C213246BD
S214008E2822206381FFF762F860B9D6E900230AB109
S214008E389A4207D3318999429FBFC4E900237389B0
S214008E48218163812B4B2C4AE363042384F840304A
S214008E5884F84C30E3182365284BA2646365022324
S214008E6804F10802E265264A84F85830226604F1BE
S214008E780A02A266234A84F8643084F8703004F143
S214008E880C03E26663676464EA79A86802EB420347
S214008E9800EB830104F13C064E601B4E40F823604D
S214008EA8FA261A4B1A488B60531CEB71FFF79AF98F
S214008EB8208904F11405704329F0E3FB61892046F4
S214008EC829F043FD134B2846C4E90534FFF764F838
S214008ED8216849B128467143BDE8704029F03DBB7A
S214008EE84FF4F07302228DE770BD00BF8036002075
S214008EF87436002000002301010023000200210030
S214008F0803002101FDFF2100200001059D8C0000C3
S214008F18798C0000218C0000194B10B51C686CB3C6
S214008F28E37B4BB329F022FB2369C01A00280ADB2F
S214008F38FFF77AF9012814D029F018FBFA2263897A
S214008F4802FB03002061E37BB3B12489FA235C4368
S214008F5829F0A2FBA04211D02046BDE8104029F017
S214008F6890BB084813F056FE0023FA20E3736368A4
S214008F78584329F086FBE6E76468E7E710BD00BFBC
S214008F8880360020E7D4030038B50024044D55F891
S214008F98040B08B129F0ECFC01340A2CF7D138BDD3
S214008FA884360020042908B50AD172B16BB113784B
S214008FB81BB929F009FD002008BD29F0FBFCFAE7DB
S214008FC8034813F027FE0120F6E70320F4E700BF66
S214008FD821D5030010B4054C114654F820001A4653
S214008FE8BDF804305DF8044BFFF7DCBF843600207C
S214008FF80229024608B50ED004D839B9104629F019
S214009008E3FC06E04029F9D0412907D1104629F0AB
S214009018D1FC002008BD29F0E1FCFAE7024813F06D
S214009028F9FD0120F6E700BF41D5030010B4054C52
S214009038114654F820001A46BDF804305DF8044B73
S214009048FFF7D6BF84360020426B094B52791A7058
S21400905882785A70C2789A70826B12B190F83C2067
S214009068DA70007804210930014AC0B2FEF74EBF14
S2140090781D5E0020024B53F8200029F0CCBC00BF30
S2140090888436002038B504460078084D09302A464C
S2140090980421C0B2FEF72AFF30B96B78A370AB780C
S2140090A8E370EB7884F83C3038BD00BF1D5E0020C6
S2140090B838B504460078114D09302A460421C0B256
S2140090C8FEF714FFC8B9A3782A78022B0CD004D868
S2140090D863B9204629F078FC01E0FF2B0AD0204629
S2140090E8BDE8384029F044BC002AF2D1204629F0D1
S2140090F861FCF4E7002AF9D1EBE738BD1D5E0020D5
S214009108F8B504460B78284A0D4642F82300437003
S214009118FFF7B8FF636B254A5C631A632046FFF7C0
S214009128C7FF204629F024FC4FF480136360012310
S214009138626BA66B0532E2601D4A23722261A21C8E
S2140091482375A26166B11B4A84F82030E261E21CEE
S2140091586262194A84F82C3004F13C03A262236345
S2140091680627EA79A96802EB4203002E21F8237045
S21400917801EB83000CBF02230423C3700123837012
S2140091880E4B04348360531C4460DBB20C4C03EB78
S214009198430341F8234001EB830000234360094B57
S2140091A802328360EA71F8BD84360020F92903008C
S2140091B80340300101FF300102FF10013590000026
S2140091C808000100DD8F000028B1034B1B7883429E
S2140091D834BF002001207047005E002070B50025CF
S2140091E80A4C0B4E3378AB4200DC70BDD4F8A42092
S2140091F842B123791BB16079FFF7E6FF10B9104634
S21400920829F081F80135A834ECE700BF0C200020CF
S214009218025E002008B5417902460846FFF7D4FFEB
S214009228A8B1D3780A480139042B00EB81100ED870
S214009238012B08D81BB9BDE8084029F0BBBBBDE820
S214009248084029F0C1BBBDE8084029F0C7BB08BDE7
S2140092586C1D002008B5417902460846FFF7B4FFA2
S214009268A8B1D3780A480139042B00EB81100ED830
S214009278012B08D81BB9BDE8084029F0A5BBBDE8F6
S214009288084029F097BBBDE8084029F0A7BB08BDF1
S2140092986C1D002070B586B006460C461546FEF7CF
S2140092A8C3FF01282DD1042C2BD8DFE804F0123098
S2140092B8320303002846FFF787FF50B3164B032CEC
S2140092C803EB851353F80C3C58791CD1003818BFAB
S2140092D801204FF48273ADF806300623ADF8083047
S2140092E801234FF480728DF80B3000238DF80A00A6
S2140092F801A8CDE903238DF804608DF81430FEF735
S214009308CBFF06B070BDB0FA80F04009E1E7002058
S214009318DFE70220DDE700BF6C1D00202DE9F041E5
S2140093288AB005460C46FEF77FFF012806462BD175
S2140093386B784FF4827800254FF480778DF80030EC
S214009348134B6846CDE90137ADF8028003958DF8D2
S2140093581050FEF7A1FFBCB163796278052B14BFE5
S214009368032307238DF81420082205A8CDE90775DE
S214009378ADF81680ADF818208DF81A308DF81B60F9
S2140093888DF82450FEF788FF0AB0BDE8F08100BFCC
S2140093980800070110B583780446A3B903790BB112
S2140093A8FFF758FF204629F08CFB04236078A4F8C2
S2140093B86C3055220123122129F02EF92046BDE8EB
S2140093C8104029F03BBBB0F86C30022B17D003795D
S2140093D8032B01D1FFF71EFFA379032B04D1627973
S2140093E8E1786078FFF756FF00236078A4F86C30C1
S2140093F85522BDE810400123122129F00DB90A4A6A
S214009408037812789A420DD90279022A0AD082790C
S214009418022A07D06822054903FB02112046FFF7F7
S2140094287DFFE1E70021F9E7015E00206C1E0020C1
S21400943870B58AB004460D46FEF7F6FE012843D1FD
S2140094486378224E8DF800304FF48273ADF8023000
S2140094584FF4807394F8A02094F8A11072701C4AF8
S2140094686846CDE901230223317003968DF8103043
S214009478FEF712FF0DB3AB79E879FF2B08BF94F817
S214009488A130697833704FF48273ADF8163008232C
S214009498ADF8183001238DF81B304FF48073CDE9F2
S2140094A8073602236A79707005A88DF814108DF8AF
S2140094B81A208DF82430FEF7EFFE94F8A130013B11
S2140094C818BF012384F8A1300AB070BD215E0020C1
S2140094D80800050170B583780446002B48D0254956
S2140094E8027809780379914217D9022B17D0837925
S2140094F8022B1FD06823204D02FB0355EB78022B66
S21400950819D12A791046FFF75FFEA0B11B48013A29
S21400951800EB821029F062FA0DE0022B0AD162797C
S2140095281046FFF751FE28B11448013A00EB8210A6
S21400953829F054FA0025A379022B04D16279E17840
S2140095486078FFF7A7FE25B12A79A9786878FFF72B
S214009558A1FE29462046FFF76BFF02236078A4F891
S2140095686C305522BDE870400123122129F054B80A
S21400957870BD00BF015E00206C1E00206C1D002020
S2140095884388094A082113808388538083681B8A86
S214009598938090F8A03093718379D3710078043063
S2140095A8C0B2FEF7B3BC00BF0A59002038B50D4656
S2140095B804460178114813F02DFB4FF602739D42BE
S2140095C80ED10F4B1B782BB963712046BDE8384087
S2140095D8FFF7D6BF62790AB19342F6D20123F3E7C2
S2140095E8B5F57F4FF1D1204629F076FAA378022BFD
S2140095F80CBF01220022A3689A70E6E75DD5030037
S214009608005E002038B504460078144D04302A461B
S2140096180821C0B2FEF76AFC20B1BDE83840104801
S21400962813F0F8BA2B8863806B88E978A380AA8839
S214009638A3681A82AB7984F8A030EB79A371094B3A
S2140096481B780BB9637138BD09B19942FBD9064836
S21400965813F0E0FA23780133F4E700BF0A59002034
S21400966877D50300005E0020A0D50300F8B50446B1
S2140096780B78474A0D4642F823004370FFF7C2FFAF
S214009688A268444BD465D364434B02265365434BC8
S214009698A11C13654FF44013E36001236161E16286
S2140096A83F49103221632265211D3E4AA1633E4888
S2140096B83E49626504F1A002A061E163E265E01C30
S2140096C8611D3B4A206261643A483B492266A21DF6
S2140096D82374237784F8283084F8343084F84030AC
S2140096E8A16484F84C6084F8583084F8643060626A
S2140096F8A266E879AA6800EB400102EB810704F14C
S2140097080C0CC7F804C04FF0060C2C4F42F821701A
S214009718C118C9B201EB410142F821C002EB81072A
S21400972800217960264F84F880302767254F84F813
S2140097389830A767244F254BE767254F84F8746051
S21400974884F88C60C4F89C3004F16C06831CC4F85A
S2140097588470C4F890601F4F1F4EDBB203EB4303C0
S214009768C4F89460C4F8887002EB8306703474609A
S21400977808261A4C42F82340C31CDBB203EB43030B
S21400978802EB8304043042F823606160E871F8BD98
S214009798EC360020792A03009D930000DD94000033
S2140097A801FF300104FF20011000300102FF2001F4
S2140097B805FF300100FF300103FF21010700010803
S2140097C84A002100C66D040051001000C86D040050
S2140097D8C96D0400550021006F001800120001042E
S2140097E88378094A06211370C378537003799370F7
S2140097F84379D37083791371C37953710078143021
S214009808C0B2FEF783BB00BF235E002038B50D4606
S214009818044601781C4813F0FDF94FF602739D4282
S2140098280ED11A4B1B782BB923712046BDE8384059
S214009838FFF7D6BF22790AB19342F6D20123F3E79F
S2140098484FF601739D4206D1E37813F0FD0FECD076
S2140098580023E370E9E74FF609739D4207D1637961
S21400986803F0FB03012BE0D005236371DDE74FF619
S21400987808739D42D9D1A379023BDBB2FC2B9CBF6F
S214009888FF23A371D1E700BFD5D50300005E0020F3
S214009898064A034652F8200008B1FFF787BE044A76
S2140098A852F8230008B1FFF7B1BF7047EC36002026
S2140098B8AC36002038B5044600780D4D14302A46DC
S2140098C80621C0B2FEF712FB20B1BDE838400948B1
S2140098D813F0A0B92B78A3706B78E370AB7823717C
S2140098E8EB7863712B79A3716B79E37138BD00BF90
S2140098F8235E0020F6D5030070B5314A0B7804467F
S21400990842F8230043700D46FFF7D4FF4FF4401388
S2140099180221A822A36001232078237312FB0012D9
S214009928284923760A442261274A84F8243062614B
S214009938A21CE261254A84F830302262244A84F860
S2140099483C30A262234A84F84830E262E21C626332
S214009958214A84F85430A263221D22641F4A84F8E0
S21400996860306264621DE2641D4AE31D2265A21D22
S214009978A2651C4A6366E265E979AA6801EB4103B9
S21400998802EB8300083444601748082642F8230090
S21400999806204B1CDBB203EB430342F823000020EF
S2140099A802EB83048B1CDBB203EB430360600331DA
S2140099B802EB830442F823606060E97170BD00BF63
S2140099C8AC3600200C2000201000300105FF3000C7
S2140099D8C56D040001FF300102FF200109FF3001B8
S2140099E808FF300104FF20010700010800239B6AD6
S2140099F8B3F5C04F03D21968064A914203D0002334
S214009A08037083607047012202709A689B694260FF
S214009A18F7E700BF07B0CD5E024B034A1A602AF08C
S214009A28ACBA00BF0000002002020FF073B5534B1B
S214009A3804461A781AB102221A7002B070BDCDE92F
S214009A4800220028F9D001261E7032F04BFF4C4D3C
S214009A584C4B186017F0E0FA2B785BB902F062FA04
S214009A6840B949480823494A4949006801F0A8FE10
S214009A7800B92E70474B5A6E62619B6E464AA361C8
S214009A884FF40043936603F188435968E1614349FC
S214009A989960196E2160596E6160D3F87011A160E3
S214009AA8196CE160596C21613D49086C1864496C71
S214009AB85964012151664FF4005191661A6E560496
S214009AC836D53849CA68D407FCD45B6E5A0434D5F0
S214009AD8354AD36B13F0430FFBD1344B1A68531C2B
S214009AE831D04FF400139340314A13660423304CA8
S214009AF8684623664FF480632366102323664FF474
S214009B08005323664FF0804323664FF4804301A931
S214009B18636628F0FAFF009B2366019B63662B7832
S214009B28002B8AD0194B1A6822665B68636684E73E
S214009B382049CA68D007FCD4C7E71F4AD36B13F07E
S214009B48430FFBD1C9E71D4B1B78002BCED14FF432
S214009B588072114B5A661A4A52681AB94FF40011A5
S214009B68134A11664FF400725A66164B5B68002B50
S214009B78BCD14FF480020E4B1A66B7E72A5E002067
S214009B882B5E00204C3700208468002050370020C9
S214009B9800710800008000500090005055CEAC00C0
S214009BA800C00054000004400000024C506800202A
S214009BB800900044000004500000025C295E00206B
S214009BC800C005500000065070B52C4D04462E788F
S214009BD8012E02D001232B7070BD0028FCD028F07F
S214009BE8B9FF01300BD028F0B5FF40F201139842B8
S214009BF805D0234B234A5E66D368DE07FCD4224B87
S214009C0822491B6E13F0040F4FF4005314BF1C4A6E
S214009C181F4A9366CA6B12F04302FBD121681A4B9F
S214009C28196661685966A168C3F87011E168196415
S214009C3821695964E169C80748BF9A60154B1A68D4
S214009C4801320DD1144A127852B914494968C90725
S214009C5848BF1A60124A5268D20744BF01221A60E7
S214009C686269104B5A66A2699A6617F0DDF90E4BC0
S214009C78186832F032FE0023ADE700BF2A5E0020E7
S214009C880090004000000440008000440000024CA1
S214009C980090005050680020295E002000C0055043
S214009CA800000650008000504C37002070B5002495
S214009CB8A36AB3F5C04F23D21A68134B9A421FD132
S214009CC8124E337813F0FD0518D14FF4803410483F
S214009CD8FFF7ACFE032004F0B9FC0E4B0320DC6053
S214009CE804F098FC0C4B1C61AB6ADB699847044689
S214009CF80748FFF769FF0CB901233370204670BD8B
S214009D084FF48174FAE700BF07B0CD5E295E0020E5
S214009D182C37002000A000440090004413B5204BC8
S214009D281B7803B9FEE700231E4CCDE900336A46CC
S214009D3808231D49206801F043FDF8B91B4AD2F8EC
S214009D484031D2F840211F2B4FF0010311D9203A99
S214009D589340019A1A43019208236A4612492068DA
S214009D6801F0B6FE124B134A1A602AF006F902B042
S214009D7810BD9340009A1A430092EDE72D28F1D1C2
S214009D880A4AD2F84031D2F840211F2B4FF001037F
S214009D9885BF203A93409340019398BF0093DBE732
S214009DA82A5E0020846800200071080000800044B5
S214009DB8000000200B020FF038B50025AB6A0446F9
S214009DC8B3F5C04F10D21B6BB3F5C04F0CD2074883
S214009DD8FFF72CFEAB6A20461B6B5B689847BDE80E
S214009DE838400248FFF7F0BE38BD00BF583700209D
S214009DF813B50024A36A0190B3F5C04F13D21B6BAA
S214009E08B3F5C04F0FD20948FFF710FEA36A012129
S214009E181B6B01A89B69984704460448FFF7D4FEC5
S214009E28204602B010BD4FF48174F9E75837002079
S214009E3870B50026B36A0446B3F5C04F0D4612D275
S214009E481B6BB3F5C04F0ED20848FFF7EFFDB36A99
S214009E5820461B6B29469B69984704460348FFF72C
S214009E68B3FE204670BD4FF48174FAE758370020D9
S214009E7870B50026B36A0446B3F5C04F0D4612D235
S214009E881B6BB3F5C04F0ED20848FFF7CFFDB36A79
S214009E9820461B6B2946DB69984704460348FFF7AC
S214009EA893FE204670BD4FF48174FAE758370020B9
S214009EB8F8B50027BB6A0446B3F5C04F0D461646EC
S214009EC811D21B6B7BB10948FFF7B0FDBB6A204671
S214009ED81B6B324629465B6A984704460348FFF7D9
S214009EE873FE2046F8BD4FF40174FAE75837002091
S214009EF870B50026B36A0446B3F5C04F0D4612D2B5
S214009F081B6BB3F5C04F0ED20848FFF78FFDB36A38
S214009F1820461B6B29469B6A984704460348FFF76A
S214009F2853FE204670BD4FF40174FAE758370020F8
S214009F38F0B50027BB6A0446B3F5C04F0D46164673
S214009F48ADF5177D20D21B6BB3F5C04F1CD2104859
S214009F58FFF76CFDBB6A20461B6B40F251225B6A1A
S214009F6801A99847044630B10948FFF72DFE204658
S214009F780DF5177DF0BD836A32461B6B2946DB6AF2
S214009F8801A898470446EFE74FF40174EFE700BFCF
S214009F985837002010B50024A36AB3F5C04F10D276
S214009FA81B6BB3F5C04F0CD20748FFF73FFDA36AFB
S214009FB81B6B1B6B984704460348FFF705FE2046B5
S214009FC810BD0124FBE700BF58370020F0B58FB05E
S214009FD8044601A80E461546FFF7EEFE9DF80C301F
S214009FE8012B12D1B5F5002F27D8B4F5002F24D8A9
S214009FF86319B3F5002F20D821462A46304614F0B8
S21400A008B7F8002420460FB0F0BD0027BB6AB3F5AA
S21400A018C04F15D21B6BB3F5C04F11D20A48FFF7D5
S21400A02805FDBB6A2A461B6B314620465B6B984784
S21400A03804460548FFF7C8FDE4E740F20244E1E7B6
S21400A04840F20114DEE700BF58370020F0B58FB0A5
S21400A058044601A80E461546FFF7AEFE9DF80C30DE
S21400A068012B1FD1B5F5002F06D8B4F5002F03D85D
S21400A0786319B3F5002F13D940F2024420460FB0F7
S21400A088F0BDE258013225D104339D42F9D82A465C
S21400A0983146204600F082F80028EDD00024EDE78F
S21400A0A80023F2E70027BB6AB3F5C04F15D21B6B37
S21400A0B8B3F5C04F11D20A48FFF7B8FCBB6A2A4668
S21400A0C81B6B314620469B6B984704460448FFF7AF
S21400A0D87BFDD3E740F20344D0E740F20114CDE716
S21400A0E85837002070B58EB0044601A80D46FFF715
S21400A0F863FE9DF80C30012B22D144EA0503C3F316
S21400A1080C03002B33D1B5F5002F04D940F20244D6
S21400A11820460EB070BDB4F5002FF7D82544B5F527
S21400A128002FF3D8204604F5005400F029F8AC4276
S21400A13802D00028F6D1E9E70028E7D00024E7E7B0
S21400A1480026B36AB3F5C04F14D21B6BB3F5C04FE5
S21400A15810D20A48FFF76AFCB36A29461B6B2046EA
S21400A168DB6B984704460548FFF72EFDD0E740F21C
S21400A1780444CDE740F20114CAE700BF5837002070
S21400A1884FF4003208B5044B9A6632F041FEB0FA36
S21400A19880F0400908BD00BF00900050134610B577
S21400A1A862B103439B070BD14FF40034054B9C6602
S21400A1B832F036FEB0FA80F0400910BD0120FCE708
S21400A1C80020FAE700900050BFF34F8F0549064B72
S21400A1D8CA6802F4E0621343CB60BFF34F8F00BF38
S21400A1E8FDE700BF00ED00E00400FA0570B5D0B149
S21400A1F8C9B10E4E431E013913F8014F2046325D91
S21400A20802F00302012A11F8012F08BF04F120000A
S21400A218B55C05F00305012D08BF2032801A01D170
S21400A228002CE9D170BD0120FCE700BF5D95040055
S21400A2380348044A0449121A921028F0F0BC00BFDA
S21400A24840610000186300004865002008B5154BFB
S21400A25883F30A8800F030F8FFF7EAFF124B134939
S21400A2688B4212D30020124B12498B4218D3FCF7AC
S21400A27859FD186850F82240586840F822400132C4
S21400A28898688242F5D30C33EAE70022F8E71C68A0
S21400A29844F8220001325C68A242F8D30833E4E7A7
S21400A2A80022F8E70800002088D1040094D10400B2
S21400A2B894D1040094D104004FF40041134B144A7F
S21400A2C870B59A60D3F88820124D42F47002C3F82D
S21400A2D88820114A05F5005491664FF0FF32226631
S21400A2E84FF6DF7262660222C3F8D020BFF34F8FA4
S21400A2F8BFF36F8F4FF44036032004F0A7F903200E
S21400A308E66004F087F92E6170BD00BF00ED00E03E
S21400A318006000000080004400900050054B186064
S21400A328054B1B6F03F00703032B01D130F026BC47
S21400A338704700BF60680020008000502DE9F0419B
S21400A34804464FF001080C250D4E0CB9BDE8F08107
S21400A35894FAA4F0B0FA80F00F2808FA00F2C8BF02
S21400A368103824EA0204CABF05FB006205FB006237
S21400A378B4325768002FE8D09168C0B2B847E4E70F
S21400A3887837002008B50C4832F0CDFA192004F0CA
S21400A3984FF928B1192004F059F9192004F03AF9B0
S21400A3A81A2004F045F928B11A2004F04FF91A20AB
S21400A3B804F030F9002008BDCC6F04002DE9F04108
S21400A3C80E461746054618B30F2923D80378DBB17F
S21400A3D8013BDBB2022B19D8104AD35C6A78D3400B
S21400A3E8DB0717D50E4BD3F81043ACB932F07AFA20
S21400A3F880463A462846314603F064F8404632F02E
S21400A4086CFA2046BDE8F0817F23E7E70023E5E7FE
S21400A4182224F6E72124F4E70224F2E71C6E04005F
S21400A42800C0035010B5044610B30378E3B1013BEF
S21400A438DBB2022B1AD8104AD35C6278D340DB070B
S21400A44818D532F04FFA0122617823788A403021F5
S21400A4584B4341F2100103F1A04303F570335A5001
S21400A46832F03BFA002010BD7F23E6E70023E4E73E
S21400A4782220F8E72120F6E71C6E040010B50446F3
S21400A48810B30378E3B1013BDBB2022B1AD8104AAB
S21400A498D35C6278D340DB0718D532F023FA012262
S21400A4A8617823788A4030214B4342F2100103F149
S21400A4B8A04303F570335A5032F00FFA002010BD4F
S21400A4C87F23E6E70023E4E72220F8E72120F6E7E3
S21400A4D81C6E040038B50D46044618B311B303784D
S21400A4E8E3B1013BDBB2022B1AD8104AD35C627880
S21400A4F8D340DB0718D532F0F5F9302223785343DA
S21400A50803F1A04303F570335B696278D34003F028
S21400A51801032B7032F0E1F9002038BD7F23E6E70F
S21400A5280023E4E72220F8E72120F6E71C6E040063
S21400A5382DE9F0410D4616469846044600284FD0A9
S21400A54800294DD00178002940D04B1EDBB2022BE3
S21400A5583ED8254AD25C6378DA40D20701D4FF2970
S21400A56840D1022E01D9042E3CD132F0BBF9237813
S21400A5780746FF2B05D032462046296802F0E8FF3A
S21400A58828602B68013309D12378FF2B06D1174B97
S21400A5986078D3F8241429F013F9286029684B1C2E
S21400A5A818D00C23124A03FB0122069BC2F804802B
S21400A5B893602378FF2B04D001230E4A8B40C2F801
S21400A5C82434384632F089F9002007E07F22C2E7B3
S21400A5D80022C0E7384632F080F92D20BDE8F08129
S21400A5E82220FBE72120F9E71C6E040000C0035078
S21400A5F87837002000D0035008B502F059FF054B05
S21400A60800F0553020F05020C3F82004BDE808407C
S21400A618FFF794BE00E0035008B502F049FF054B6B
S21400A62800F0AA3020F0A020C3F82004BDE80840B7
S21400A638FFF784BE00E003502DE9F04F14460546A8
S21400A6480E469B46C36B87B001225B6902A9606809
S21400A6589847EB6B01225B6903A93046984702A826
S21400A66828F0DCFE074648B10023A37563754FF053
S21400A678FF33A360002007B0BDE8F08F03A828F0DA
S21400A688DAFE0123A375237E04EBC303DE611F8471
S21400A6986368B3420ED1206003A828F0EEFE4FF0A0
S21400A6A8FF332075A360237D043B022B26D80023A6
S21400A6B8A375DFE723681A1A53425341A37503A804
S21400A6C828F0DBFE237D834218BFA77503A828F071
S21400A6D8B6FE074602A828F0B2FE874218BF002337
S21400A6E803A818BFA37528F0B2FE074602A828F0EC
S21400A6F8AEFE87421CBF0023A375D4E703A828F044
S21400A7089EFE80B1EB6B022230465B6904A998472F
S21400A71804A828F0A3FE0346207D032839D8DFE8DE
S21400A72800F03838040903A8F3E7CC22237E04EBAC
S21400A738C3031A8401F06EFC109B187003A8277ECA
S21400A74828F071FE04EBC70787F82200237E03A8CB
S21400A75804EBC303B3F8209093F8227028F06FFE3A
S21400A768804603A828F073FE8246B8F1000F15D07D
S21400A778EB6B022230465B6904A9984704A828F0C8
S21400A78832FE6075637D6BB90023A3754FF0000831
S21400A79838E0227E04EBC2021384CBE703A828F035
S21400A7A80DFEEEE794F81680B8F1000FEED0B9F17A
S21400A7B8000F09D1DFB10123E375637E002B4FD16B
S21400A7C8012F42D1677614E06B6C06EB0A015A42F9
S21400A7D886EA010010421CBF0022A2755A1E0A40D3
S21400A7E89B1A9945D0D8A37D002BE3D1CEE7E37D0D
S21400A7F843B94FF000084B4652463146284628F0E3
S21400A80858FBA060A27D12B123694B4423611A4904
S21400A818237E097899422AD901332376BBF1000FA3
S21400A82827D032B3E37D23B3B8F1000F21D1032F2D
S21400A8381FD0A1684B1C1CD0109B224600932846AC
S21400A8480123FFF7F9FEA07513E095F8343063B9D5
S21400A858EB6A0133CFD1032FCDD10123A376C8E706
S21400A868012FCFD0032FC4D1F7E79846C3E70023BC
S21400A878A375A07DFFE600BF406E04002DE9F04FEB
S21400A8880E46984600238BB004464FF0FF3110461C
S21400A89817468DF8133001F0A7FBB6F5801F20D2B7
S21400A8A8314605AA04F1080028F00AFD451C0146B1
S21400A8B803D1237CBBB92D2010E0384601F094FB69
S21400A8C80122394620460DF1130328F044FB0028E0
S21400A8D8EFD09DF8133088F8003000200BB0BDE8A4
S21400A8E8F08FB01CE5D1E56A691C36D12046616A4E
S21400A8F828F025FA0546B31C18BF0123DFF8CC90CC
S21400A9080193636A626C0293236805A902FB053A01
S21400A918E36B05225B695046984705A828F019FEA0
S21400A92828F03CFE504628F044FE4FF0000B8246C6
S21400A93801464B1C05D0636C81EA0A025B4213424F
S21400A94811D02946204628F0FAF9029BAB422CD0B3
S21400A958BBF1000F2CD10546D3E72368ED1A636CCC
S21400A968B5FBF3F5C7E7484601F03EFB0DF11303C8
S21400A97849462046019A28F0EEFA034690B1B21CE2
S21400A98803D0D9F80020B2420CD19DF813200393C7
S21400A9980D4B88F8002049461A68384613F0E8FB3D
S21400A9A8039B9B46D9F80810C3E7BBF1000F82D07B
S21400A9B8B6F5801F91D2314698F800307A6804F1CF
S21400A9C8080001F03FFA88E73C6E0400543F002078
S21400A9D82DE9F3410446174698460E46184D816AF7
S21400A9E8E36A8B4201D04B1C02D102B0BDE8F0816D
S21400A9F8284601F0F9FA0122294620460DF10703F8
S21400AA0828F0A9FA38B14346294620469DF807207B
S21400AA18B8470028E9D0A9684A1C04D169682046C6
S21400AA2828F01AFA0146012EDAD16B6881EA030289
S21400AA38636C5B421A4218BF4FF0FF31D0E700BF85
S21400AA48283F00202DE9F04F4FF0FF334FF6FF72F6
S21400AA580025044600F10806C0E909238BB0C36246
S21400AA68056205633046884628F0FBFB204628F03A
S21400AA7836F960BB2046414628F0B1F9204628F052
S21400AA882EF960BB5E200BB0BDE8F08F2368E26B42
S21400AA98606C576900FB0530052205A9B84705A86C
S21400AAA828F057FD012807460CD12946204628F0ED
S21400AAB867F9012F024600D101322946204628F0C0
S21400AAC82DF903E028F06FFD0028EED10135E36983
S21400AAD89D42DBD3204628F002F90028CAD000257C
S21400AAE84FF0FF394FF6FF73CA46A846C4E9085325
S21400AAF8E36998450AD3A5EB0905012D2CD84FF62E
S21400AB08FF72636A93423CD16720BCE72368E26B16
S21400AB18606C576900FB0830052205A9B84705A8E8
S21400AB2828F017FD834605A828F0EAFC074658468D
S21400AB3828F034FD68B1574538BFC4F82480B945B5
S21400AB4828BFB946BD4238BF3D46BA46236A0133D8
S21400AB58236208F10108CBE74FF6FF73002563620E
S21400AB68E3699D42CBD2676C2068E36B052207FB3E
S21400AB7805005B6905A9984705A828F0C1FC0135BA
S21400AB88EEE7E26B676C2068694607FB03005569C9
S21400AB980522A847684628F0B3FC626A2368606CFA
S21400ABA84B4D00FB023028F004FD4FF0FF33A06247
S21400ABB8E3622A466FF00101204605ABFFF75EFE0A
S21400ABC8002846D1AD6829462046E56228F063F895
S21400ABD8206320B92046E16A28F03EF9E06229465B
S21400ABE8204628F039F90546A36A9D4233D1204607
S21400ABF828F024F800278046B946E36999453CD3EF
S21400AC08B84559D92046616A28F099F800260546BD
S21400AC1804F1400AB74212D8626C2368694602FB00
S21400AC280539E36B05225B6948469847684628F06D
S21400AC3867FC534602464946E06B28F0BCFC2946AA
S21400AC48204628F07CF80136B0450546E2D1642057
S21400AC5819E7A56AB7E72946204628F01CF8236BAB
S21400AC682946034407462363204628F0F5F8054698
S21400AC78002FB9D1C4E90B07B6E7636C256805222F
S21400AC8803FB0955E36B05A95B692846984705A8A1
S21400AC9828F05FFC28F082FC58B1284628F089FC8A
S21400ACA80146204627F0F7FF636C143B984208BF1E
S21400ACB8013709F10109A0E7304628F0D2FA002347
S21400ACC820461946034AFFF783FE0020DBE600BF4E
S21400ACD8803F00204D2F03002DE9F041036B90467E
S21400ACE8826B07689A4288BF8363426C436A90B057
S21400ACF802FB0377C36B0E46052201A95B6904466F
S21400AD083846984701A828F024FC012801463070E8
S21400AD1857D0656CE26B2368606AD2F814C005FBEE
S21400AD280030052206A9E04706A828F012FC0128EC
S21400AD384FF0000523D0D4E90A3201219342CDE929
S21400AD480B458DF834800E958DF83C102AD119469F
S21400AD58204628F081F8236B626C14339B1AE06255
S21400AD6823630C9B53B99DF83C303BB1626A616C17
S21400AD782368E06B01FB023128F0A3FB0C9DE36B14
S21400AD8805225B6901A93846984701A828F0E1FB27
S21400AD9830702846236BA26B9A4288BFA36310B014
S21400ADA8BDE8F081237C33B91C490BAA04F10800DE
S21400ADB801F096F8D5E72046194A0BABFFF708FED0
S21400ADC8CFE7237C23BB2246164904F1080001F08E
S21400ADD887F8616A204627F0D3FF616A421C20463E
S21400ADE827F09CFF054620B9236B626C1344143B7E
S21400ADF823632046A16A28F02FF82368A062C01AA9
S21400AE08636CB0FBF3F06062204628F068F8B6E79B
S21400AE1800232046044AFFF7DBFDDAE785B5000085
S21400AE2801B50000E72F0300832F030073B50D4616
S21400AE38D11E4A421C461B7E4A419A4226D12968A0
S21400AE482368994222D3636899421FD8114E0DF1A0
S21400AE5807033246FFF712FDC0B972686B689A425C
S21400AE6814D19DF80730DA1E53425341227E93428E
S21400AE780CD1636901336361D4E90323934205D295
S21400AE882968A26842F8231001332361012002B022
S21400AE9870BD00BF803F00202DE9F04F9B4689B06B
S21400AEA89DF848309046514A0193136907465B451A
S21400AEB80D46C0F09580D94653680093B9F1000F47
S21400AEC87BD0FB6B01225B6905A90098984705A80B
S21400AED828F0B1FA454B1B68984240F0848005A8D4
S21400AEE828F0B5FA0428064615D105A828F0B6FABB
S21400AEF8009B04461E44019B002B3ED1804512D978
S21400AF081C46A8EB00083846009927F0A5FFA9EBD1
S21400AF1804090090D2E7FB6B02225B69009806A939
S21400AF28984706A8E2E7A0EB08045C4528BF5C46FD
S21400AF38032C4644ABEB040B1DD9FB6B2946304665
S21400AF485B69A208984724F0030304F0030A1E442A
S21400AF581D44DDF80480BAF1000FD4D0FB6B012243
S21400AF6806A930465B6998475246284606A913F054
S21400AF78FFF85544C7E7A246EBE7824600F003030E
S21400AF8802932B1803930644039BA6EB0A00A3EB35
S21400AF980A05029B9A4514D1BAF1000FB3D0FB6B91
S21400AFA8012206A95B6998475246284606A913F067
S21400AFB89BFA0028DDD04FF03609484609B0BDE8B0
S21400AFC8F08FFB6B012206A95B6998470422284686
S21400AFD806A913F089FA0028EDD1AAF1040AD3E7E6
S21400AFE84FF06309E9E74FF06F09E6E7AC3F00204A
S21400AFF82DE9F0410F4616469846044688B060B3D9
S21400B00890F83450FDB1012127F05EFE00210E9B1A
S21400B018CDE90511CDE902379DF83C30CDF804801E
S21400B0288DF81C30237C04968BB90D4901AA04F1CF
S21400B038080000F055FFDDE90553E06B002E08BF59
S21400B0481D4627F0DAFF284608B0BDE8F0812046FE
S21400B058044A01ABFFF7BCFCEDE70546F3E700BF83
S21400B068B12F030035AE00007FB590F84260044665
S21400B07801920DF10B030A463046114927F0C5FF29
S21400B088012E0546E36B17D132465B6903A998473C
S21400B0989DF80B10039B019A59B19BB243EA0243F1
S21400B0A8012228460393E36B03A99B69984704B0DB
S21400B0B870BD62F30F03F3E701229B6901A9F5E768
S21400B0C8AC3F00202DE9F04F99B00E460D920A6964
S21400B0D8416C0B931439D31DB3FBF1F3013302EB28
S21400B0E8C302036B04469342C0F001820023DFF8D4
S21400B0F804940893E36A48461946059300F074FFDB
S21400B108D6E9033707930B9B022B4DD1CC2F40F083
S21400B118D7810D9B3BB13146204627F0CCFF656CA6
S21400B1281490012044E00120079B656C1B6814936B
S21400B13800F0010000280CBF04230823782F0E9384
S21400B14849D8059A6B1E1340ED1A3B1D9D423CD20A
S21400B158002F3DD0082D3ED80023042506934FF037
S21400B168040A336806990B98C9F80030C9F81070B5
S21400B17828F087F94FEA9A030F93059B89F814007D
S21400B1880393002309930C9304930A93616C039B1F
S21400B1984A1E1A408B1A27B35544AB4223D8236B52
S21400B1A85B1A134423632FE1782F656CB9D8F07DBA
S21400B1B80D9B002BBCD0E36B01225B69706816A957
S21400B1C8984716A828F03BF9B4E700250695C6E781
S21400B1D804250697C3E7012300254FF0080A0693BF
S21400B1E8BFE75345DBD3A3EB0A029742039BB84657
S21400B1F828BF90469742534428D90122D9F8101000
S21400B20889F817208F4226D10399C9F804100492AA
S21400B21899F817200AB399F818100398CA1C09EB6E
S21400B228C202506004980131A2F80880907289F82A
S21400B2381810B8F1000F07D00B9A022A40F0818048
S21400B248099A72B1012209929B46ABE0049A002A39
S21400B25818BF0322DBE70222D9E7039AC9F80420BD
S21400B268E7E70C9A4244032AEED9E26B184695693A
S21400B27814A901220993A847099B05460028E1D08E
S21400B2883D2D40F01E8104F1080303932368059AB8
S21400B298606CA2EB030ABAFBF0FA00FB0A3028F04F
S21400B2A888F9E16A8046204627F0D6FDA26A8242DF
S21400B2B800F00F81626CD9F80830511E0B40216BE4
S21400B2C82768891A0B442363089BE062DF1BB7FBD9
S21400B2D8F2F7BA4540F0FA80059BB3EB080A12D09D
S21400B2E8E36B4FEA9A0241469B6998478346E36AAE
S21400B2F8059A5344E362236B03989B1A43442363DB
S21400B30827F0AFFFDA462368616CE06B01FB073174
S21400B31828F0C4F8204627F0E2FC204627F0DFFD98
S21400B3282063BAF1000F00F0D4803269616CD31D37
S21400B3381439B3FBF1F3013302EBC3029042A5D2F2
S21400B348BFE00D9A002A77D1B8F1030F4FEA9802AA
S21400B3586ED9E16B18468D6907991093A847109B1C
S21400B3680546C0B918F0030515D0079A28F0030B50
S21400B37802EB0B019B444FF0FF3215A815922A46A4
S21400B388109312F0F5FEE26B5846956915A901224E
S21400B398A8470546109B9B46079A42440792002DED
S21400B3A840F08B80049B16A80193069B009399F89F
S21400B3B814204346316800F0CDFDE36B0F9A9B6975
S21400B3C8039816A99847039A051E089B18BF1346A4
S21400B3D80893434652462046039927F06AFD236B96
S21400B3E808F10302A3EB0A0322F003029B1AC9F82A
S21400B3F808002363002D7FF443AF0C9BA7EB0807D8
S21400B40843440C93CDF80CB02046039927F024FD4E
S21400B41800250390002F7FF4B9AE364A316893684A
S21400B42804F10800E36252680B9B00F00BFD49E04C
S21400B4389B46454607999EE79B4606F120021092D2
S21400B448F27D7068A2B1002296F818C00A99D5B2A3
S21400B458AC4511D9109D02F1010E35F832508D42D7
S21400B46828D90E9806EBC2020144D069084403E0C6
S21400B4780E9A0A990A441044E26B15A955690122E6
S21400B4881193A847159A0A9B1392E26B04339569A1
S21400B4985846012213A90A93A847119B054603EBB1
S21400B4A80802A2EB0B02042A7FF679AF28B90BF143
S21400B4B8040BC5E77246491BC9E7CDF820B088E7F4
S21400B4C870252F46384619B0BDE8F08F4FF0000AB1
S21400B4D819E73269616CD31D1439B3FBF1F30133F4
S21400B4E802EBC302236B9342BFF404AEE9E71C27C2
S21400B4F8E8E700BF543F0020032A2DE9F34106463B
S21400B5080D4617461C4606D1237A012B23D0012068
S21400B51802B0BDE8F081DFF86080096842460DF1A8
S21400B5280703FFF7ABF960600028EDD19DF8072008
S21400B538237A032AE8D0D8F804106A689142E3D13F
S21400B548012B2969D4F80CC007D172690CEB0103EA
S21400B558934202D92074207CDAE708316144E1601E
S21400B5683B46012229463046FFF7ACFD60600028BE
S21400B578CAD00020CCE700BF803F00202DE9F34169
S21400B588089C032A1746266806D1237A012B24D05E
S21400B598012002B0BDE8F081DFF8908030464246D0
S21400B5A80DF10703FFF76AF960600028EDD12568FA
S21400B5B8D8F80400A96AD5F844C04840CCF100037E
S21400B5C81840227AE1D1012A09D1E268D8F8103069
S21400B5D813447269934202D92074207CD9E72868FC
S21400B5E8EB6A1B1A081AB3FBFCF3B0FBFCF08342A9
S21400B5F80BD1706CF36A421E1340326B121A134456
S21400B6082846336327F028FCE862D8F81020E36859
S21400B61808321344E36001223B4604492068FFF7DA
S21400B62851FD60600028B0D00020B2E7803F0020BF
S21400B6382DE9F0410025604B0E46D3F800800446FD
S21400B6481D6018B921252846BDE8F08190F83470A9
S21400B65807B30A6803689A4240F0A3804A684368BA
S21400B6689A4240F09E808A6883689A4240F09980A1
S21400B678CA68C3689A4240F094800A6943699A4245
S21400B68840F08F808A69C36B9A4240F08A804B6983
S21400B6988361D8E768223946856B12F0D9FBD6E96C
S21400B6A80212336804F1080023607368A5636360B8
S21400B6B8336963617369A36127F0E5FDB36904F133
S21400B6C84000E3639B68984720B9676C17B16368C6
S21400B6D8B3FBF7F794F84330E761002BB2D00023AA
S21400B6E8656C2366002D64D0002F62D02368B3FBF8
S21400B6F8F5F205FB1233002B55D16668B6FBF5F359
S21400B70805FB1363002B4ED1204627F0B4FAA36935
S21400B718043303449E4248D340F634726369CC3BF4
S21400B728934244D8B5F5805F43D30321204627F0DB
S21400B738CBFAD4E90001E36B1B6898470546E36B30
S21400B7480220DB689847CDB941462046FFF77AF9CC
S21400B7586428054604D141462046FFF773F9054696
S21400B768666C5DB9236A2046143E5E4327F083FA6A
S21400B778A369043303449E4238BF5A25002D0CBFE4
S21400B7880123002384F8343007D1D4E900010B4A9A
S21400B79813680133136027F010FEE06B27F02DFCCA
S21400B7A851E75D254FE759254DE75A254BE75F25B5
S21400B7B849E75B2547E700BFE4380020E03800206B
S21400B7C82DE9FF410C4616461F46054680B390F8FD
S21400B7D834307BB3B1F5801F2ED2DFF860800121AC
S21400B7E827F072FA2146424628460DF10F03FFF766
S21400B7F845F8044670B99DF80F30012B11D1D8F8DA
S21400B8081030BB4212D10246009031462846FFF758
S21400B81843FB0446E86B27F0F0FB204604B0BDE87F
S21400B828F081022B14BF2D246024F3E76324F1E78C
S21400B8382124F2E71124F0E72924EEE7AC3F0020A4
S21400B8482DE9F04385B00C4617461E460546DDF83A
S21400B858308098B390F8343093B3B1F5801F31D266
S21400B868DFF86490012127F02FFA21464A46284639
S21400B8780DF10F03FFF702F8044688B99DF80F305C
S21400B888012B14D1D9F8102006EB08039A4213D3DB
S21400B89800904346324639462846FFF7FDFA0446E6
S21400B8A8E86B27F0AAFB204605B0BDE8F083022B1C
S21400B8B814BF2D246024F3E76324F1E72124F2E77C
S21400B8C81124F0E72924EEE7AC3F002073B50C46B8
S21400B8D81646054630B390F834302BB3B1F5801FC2
S21400B8E824D2012127F0F0F921462846104A0DF106
S21400B8F80703FEF7C3FF044680B99DF80730032BFD
S21400B9080CD0022B0CD12846094927F0D4FB30600E
S21400B918E86B27F072FB204602B070BD2D24F7E7CF
S21400B9286124F5E72124F6E71124F4E72924F2E751
S21400B938AC3F00202DE9F3411E4600230C4617466F
S21400B9480546336050B390F834304BB3B1F5801FDA
S21400B95828D2DFF85480012127F0B6F9214642465E
S21400B96828460DF10703FEF789FF0446A0B99DF89F
S21400B9780730032B10D0022B03BF01233B600423A0
S21400B988D8F8103018BF38603360E86B27F035FBFE
S21400B998204602B0BDE8F0812D24F6E72124F7E71B
S21400B9A81124F5E72924F3E7AC3F002073B50446D5
S21400B9B8056B27F060F9636E03449D422CBF002395
S21400B9C80123854294BF00252D1A207C84F8503028
S21400B9D8656584F85800A8B100230C4E1A46194627
S21400B9E82046009627F02BFC002305461A461946E3
S21400B9F82046009627F02CFCE3682844984294BF1B
S21400BA080020C01AE06502B070BD00BFFFFF0F003F
S21400BA182DE9F3471E4643690446B342884617464F
S21400BA289DF828904ED300258DF80750204627F01D
S21400BA3822F9D4F830A082450AD2236AB5EB430F20
S21400BA4806D2002220460DF10701FFF745F9B8B3E4
S21400BA589DF80730012B05D1002220460DF107017D
S21400BA68FFF73AF9B9F1030F06D03146204627F01A
S21400BA78F2F8256B854227D3144D4FF0FF31284640
S21400BA8800F0B2FA4B46294600222046C5E903765E
S21400BA98C5F80080FFF716FB236E054663B12046FF
S21400BAA8FFF784FF94F8503013B994F858301BB158
S21400BAB8236E04F150009847284602B0BDE8F08788
S21400BAC80135B3E76225F7E71C25F5E7803F002038
S21400BAD82DE9FF410F4690461E46054698B390F856
S21400BAE8343093B3B1F5801F31D21A4C022127F0B7
S21400BAF8EBF82246394628460DF10F03FEF7BEFE40
S21400BB08024678B101234246009339463346284612
S21400BB18FFF77EFF0446E86B27F06FFA204604B06E
S21400BB28BDE8F0819DF80F30012BEBD12169B142B9
S21400BB38E8D10093414633462846FFF7ADF9044658
S21400BB480028DFD1E7E72124E8E71124E6E72924DF
S21400BB58E4E700BFAC3F00202DE9F04790F84230FC
S21400BB6886B0012B05460391A1EB020740F0AA8098
S21400BB78FF2F03D81E464FF0640807E00226012B65
S21400BB8814BF4FF032084FF06408013600244FF611
S21400BB98FF79DFF844A195F84230012B14BF322311
S21400BBA864239C4202D35FFA88F40DE005AB224674
S21400BBB85146284627F05DFA95F84230012B059B3A
S21400BBC834D14B452DD1E4B295F84230012B14BF41
S21400BBD832226422121BB24217D3012E39D1002218
S21400BBE8012B05978DF8132027D1082205A90DF1FA
S21400BBF8130027F0FAFC9DF81330059A42EA032250
S21400BC0821462846FFF730FA40B10223324900930E
S21400BC182846CC23096803AAFFF7FAFE06B0BDE853
S21400BC28F087DBB203B902340134B4E7591CCAD032
S21400BC389BB2002BF8D10134F6E7102205A90DF1C6
S21400BC48130027F0D2FC9DF81330059A42EA034207
S21400BC58D6E7039A012B059223D10823202205A9AB
S21400BC680DF113008DF8133027F0BFFC9DF8132054
S21400BC78120221462846FFF7F7F995F84230611C6C
S21400BC88012BC9B21AD10028BFD12846BDF8142006
S21400BC98FFF7EAF90028B8D10234BDF81620E1B259
S21400BCA8AFE71023202205A90DF113008DF81330F5
S21400BCB827F09BFC9DF813201204DAE70028A4D18D
S21400BCC8059A9EE7B7F5803F4FF00106BFF457AFD9
S21400BCD84FF032085AE700BFAC3F002070B586B078
S21400BCE80E4605460392A0B390F834309BB3B1F5E0
S21400BCF8801F32D2022126F0E7FF31462846184A2E
S21400BD080DF11703FEF7BAFD044618B99DF817306B
S21400BD18032B0ED10223314600932846CC2303AAD0
S21400BD28FFF776FE0446E86B27F067F9204606B06C
S21400BD3870BD022B0BD10A49284627F0BCF9039997
S21400BD4802468142EFD02846FFF706FFEAE761245D
S21400BD58E9E72124EAE71124E8E72924E6E700BF13
S21400BD68AC3F0020F7B50C461646054668B390F873
S21400BD78343063B3B1F5801F2BD2022126F0A4FF1E
S21400BD8821462846144A0DF10703FEF777FDC0B989
S21400BD989DF80730032B14D0022B14D10E492846E1
S21400BDA827F089F9471C024639462846FFF7D4FE8D
S21400BDB8044606B13760E86B27F01FF9204603B043
S21400BDC8F0BD2D24F7E76124F5E72124F6E71124D2
S21400BDD8F4E72924F2E700BFAC3F002030B50C4654
S21400BDE8054685B028B390F8343023B3B1F5801FE4
S21400BDF823D2022126F068FF0DF10F0321462846BC
S21400BE080F4AFEF73BFD034688B99DF80F20032A24
S21400BE180DD003222146009202462846FFF7F8FD79
S21400BE280446E86B27F0E9F8204605B030BD2D2417
S21400BE38F7E72124F8E71124F6E72924F4E700BFFA
S21400BE48AC3F00202DE9F043466886B3056898465F
S21400BE584FF0000CA946AE4655F83C400CF1010CD4
S21400BE68C4F31307013401D0B94217D0B4450EF114
S21400BE78080EF1D12F46002403E0B44207F1080764
S21400BE8812D055F8343001340133F6D1C1F313011A
S21400BE9841EA0851C7E90012BDE8F08341EA0851B3
S21400BEA8CEE90012BDE8F083B8F1030F03D10123F1
S21400BEB80372BDE8F083002303E0B34209F10809E2
S21400BEC8F5D055F833400133C4F30754032CF4D1A6
S21400BED8C1F3130343EA0853C9E90032BDE8F08307
S21400BEE82DE9F0410646406882B0B8B10F46904644
S21400BEF80024336853F8345003EBC403C5F30752E1
S21400BF08C5F31301013506D05B683046CDF80080CE
S21400BF18B84718B1706801348442EAD302B0BDE865
S21400BF28F08100BF024B1968024B1868FFF780BB08
S21400BF38646800208468002008B530F0C6FC014B11
S21400BF48186008BDD83F0020014B186830F0B8BC10
S21400BF58D83F002073B504462248012A00EAC111DA
S21400BF689DF8185023F07C4007D9961E012E28D934
S21400BF78073303F07F03194308E09DF81C300A4393
S21400BF88DB0603F0C053134343F060410023C4E9C3
S21400BF9800108DF80730B5B1202221460DF10700B4
S21400BFA827F023FB1A220DF10700211D27F01DFBA1
S21400BFB8082063689DF8072043EA8263636002B03E
S21400BFC870BD1143E2E71B220DF10700214627F05A
S21400BFD80CFB23689DF80720042043EAC26323600D
S21400BFE8EDE700BF80FFFF0738B5094B0D461A6816
S21400BFF80021044611F02CFF00234FF0FF32238364
S21400C008C4E900252361A260E382A37638BD00BF99
S21400C0183C6E04000138C0B205289ABF014B185C74
S21400C02801207047416E04002DE9F0410746154689
S21400C03800240E46596888B0490A012922464FEA64
S21400C048510104F10104F8D8DC78997824031B8898
S21400C058C90201F4006104F480540C43C3F30A03D4
S21400C0685203234492B24FF000089C18274B6FEAFD
S21400C0780444039325F07843ED4302A90DF1070025
S21400C0881B2202938DF8078027F0AFFA9DF8072049
S21400C098029B02A943EAC2630DF107001B2225F0A2
S21400C0A87845049302958DF8078027F09EFA9DF848
S21400C0B80720029B6FEA144443EAC26305934FF0D5
S21400C0C8FF330794069307A9BB69012206F11000FF
S21400C0D89847BB6905A90446012206F10800984757
S21400C0E8BB69404518BF044604A90122301D98477D
S21400C0F80122404518BF0446BB69304603A9984745
S21400C108404508BF204608B0BDE8F08101009AB255
S21400C118044BD3F88420D206FBD4D3F88400C0F3AB
S21400C128811070470040005038B5184B0546D3F8C4
S21400C13824010C4600F00700062823D8DFE800F0A4
S21400C148040A121A1E0E1600012305B1286004B14F
S21400C158236038BD2EF0F2FC0523F6E72EF0EEFC41
S21400C1680623F2E72EF024FD0323EEE72EF020FD4B
S21400C1780423EAE72EF018FD0223E6E730F0B8FBC2
S21400C1880723E2E700231846DFE700BF00800050D9
S21400C19838B5104B0546D3F800310C4603F00303B8
S21400C1A8022B0BD0032B0DD0012B0FD12EF000FD48
S21400C1B8032305B1286004B1236038BD2EF0FEFCC9
S21400C1C80823F6E730F094FB0723F2E70123002064
S21400C1D8EFE700BF0080005038B5104B0546D3F88F
S21400C1E820310C4603F00303022B0BD0032B0DD093
S21400C1F8012B0FD12EF0A2FC052305B1286004B14F
S21400C208236038BD2EF0D4FC0323F6E72EF0CCFCD2
S21400C2180223F2E701230020EFE700BF008000506A
S21400C22838B5104B0546D3F840310C4603F00303E7
S21400C238022B0BD0032B0DD0012B0FD130F05AFB5D
S21400C248092305B1286004B1236038BD2EF0B6FC7A
S21400C2580823F6E730F051FB0B23F2E70123002012
S21400C268EFE700BF0080005038B5104B0546D3F8FE
S21400C27860310C4603F00303022B0BD0032B0DD0C2
S21400C288012B0FD130F036FB092305B1286004B125
S21400C298236038BD2EF092FC0823F6E730F02DFB1D
S21400C2A80B23F2E701230020EFE700BF00800050D1
S21400C2B873B50D4600210E4B0191D3F88041064612
S21400C2C804F00304012C09D0022C0CD00C460EB145
S21400C2D8019B336005B12C6002B070BD01A8FFF762
S21400C2E87BFF0F24F3E72EF05FFC0190EFE700BF1B
S21400C2F80080005038B5104B0546D3F840320C463F
S21400C30803F00303022B0BD0032B0DD0012B0FD108
S21400C31830F0F0FA092305B1286004B1236038BD6F
S21400C3282EF04CFC0823F6E730F0E7FA0B23F2E78A
S21400C33800231846EFE700BF0080005038B5144BBE
S21400C3480546D3F800020C4600F0070004281BD860
S21400C358DFE800F003090D111500012305B1286078
S21400C36804B1236038BD30F0C5FA0923F6E72EF08D
S21400C37825FC0823F2E730F0C0FA0B23EEE72EF090
S21400C388FDFB0E23800AE9E700231846E6E700BF10
S21400C3980080005010B40D4C0B46D4F8204204F030
S21400C3A80304012C0AD0022C0CD008B1002101602D
S21400C3B80BB100221A605DF8044B70475DF8044B19
S21400C3C8FFF70ABF5DF8044BFFF72ABF008000504E
S21400C3D8B0F5207F1FD009D8B0F5007F15D003D858
S21400C3E868B1B0F5C07F0AD000200CE0B0F5607FD9
S21400C3F8FAD10B4BD3F88000C0F3011003E0084BCA
S21400C408186FC0F3033001307047054BD3F890001F
S21400C418C0F30460F7E7024B186FC0F38020F2E71A
S21400C428008000504FF400320E4B014610B5002035
S21400C4389A66FFF7CDFF484341F671320A490B4B1F
S21400C448884294BF00200120DC69DA639A6822F4E7
S21400C458401242EA00529A60E20344BF0022DA63BE
S21400C46810BD00BF00900050005A62020000035042
S21400C4785F2898BF094B4FEA501294BF53F82230F2
S21400C488074B00F01F0029B103F5805301228240B4
S21400C4981A60704703F50053F8E700BF486E0400BB
S21400C4A8608200501FB50021B0F5807F04460191D8
S21400C4B800F0068100F29D80612800F295801F2812
S21400C4C805D8002840F092802EF058FBDCE0A0F15A
S21400C4D82004412C00F28A8001A353F824F000BF00
S21400C4E8D1C4000095C60000D1C4000095C600005F
S21400C4F8B5C60000B5C60000B5C60000B5C6000043
S21400C50895C6000095C600006FC6000029C6000044
S21400C518EBC60000F5C6000029C6000095C6000058
S21400C52895C6000095C60000F5C50000F5C50000D4
S21400C538F5C50000F5C50000F5C50000F5C5000006
S21400C548BFC600004BC6000095C6000095C6000092
S21400C55895C6000009C70000FFC6000095C6000083
S21400C568F5C50000F5C50000F5C50000F5C50000D6
S21400C578F5C50000F5C50000F5C50000F5C50000C6
S21400C588F5C50000F5C50000F5C50000F5C50000B6
S21400C598F5C50000D1C40000F5C50000D1C40000F0
S21400C5A8D1C40000D1C40000B5C60000F5C500001F
S21400C5B8F5C50000F5C50000F5C50000F5C5000086
S21400C5C8F5C50000F5C50000F5C50000F5C5000076
S21400C5D8F5C50000F5C50000F5C50000F5C5000066
S21400C5E8D1C40000D1C4000080284BD0019804B004
S21400C5F810BDB0F5A06F5ED028D8B0F5607F50D0DB
S21400C60819D8B0F5007F4CD004D8B0F5C07F3FF4F9
S21400C6185BAFEBE7B0F5207F38D0B0F5407FE5D1CB
S21400C6282EF0ACFA02464FF42070FFF7D1FEB2FBAC
S21400C638F0F2520833E0B0F5806F37D0B0F5906F5F
S21400C648D4D1002101A8FFF76FFDCFE7B0F5E06F62
S21400C65851D00DD8B0F5C06F43D0B0F5D06F45D0E7
S21400C668B0F5B06FC2D1002101A8FFF721FEBDE7E3
S21400C678B0F5F06F44D0B0F5086FB7D101A8FFF752
S21400C68887FDB3E72EF060FA0190AFE72EF076FA52
S21400C69802464FF42070FFF79BFEB2FBF0F20192C1
S21400C6A8A4E72EF051FA02462046F4E7002101A836
S21400C6B8FFF792FD9AE7002101A8FFF76BFE95E7C2
S21400C6C84FF0E02302911B695B0705D52EF056FA5A
S21400C6D80290029B019389E703A902A8FFF7A0FD31
S21400C6E8F7E7002101A8FFF79BFD7FE7002101A8D7
S21400C6F8FFF724FE7AE7002101A8FFF7FBFD75E7A0
S21400C708002101A8FFF7B0FD70E700BF08B580203C
S21400C718FFF7C8FE034B98429EBF4FF48032024B89
S21400C7281A6708BD005A620200A000501FB50346EB
S21400C7380020B3F5807F01906FD027D8382B00F003
S21400C74882800BD8243B092B0FD8092B0DD8DFE89D
S21400C75803F05F5F5F5F0C0C5A0C3675522B57D090
S21400C76807D83D2B3AD03E2B72D0019805B05DF81D
S21400C77804FB802BF9D1394B1B6F03F00703013BF1
S21400C788032BF2D8DFE803F03D36393BB3F5D06F1C
S21400C79854D019D8B3F5A06F55D00AD8B3F5806F22
S21400C7A836D0B3F5906FE0D1002001A9FFF7BCFCA6
S21400C7B8DBE7B3F5B06F26D0B3F5C06FD5D1002050
S21400C7C801A9FFF72DFDD0E7B3F5006FECD00AD826
S21400C7D8B3F5E06F3CD0B3F5F06FC6D1002001A9E1
S21400C7E8FFF742FDC1E7B3F5086FBED101A9FFF711
S21400C7F8CFFCBAE705230193B7E70323FBE7072334
S21400C808F9E70223F7E7002001A9FFF751FDACE797
S21400C818002001A9FFF7E0FCA7E74FF0E02302900D
S21400C8281B695B0705D52EF0A9F90C230393039B18
S21400C838E1E703A902A8FFF7F3FCF8E7002001A93F
S21400C848FFF77CFD91E7002001A9FFF7A3FD8CE721
S21400C858002001A9FFF74EFD87E700BF00800050C3
S21400C8684FF40022034B5A66012203F580439A626E
S21400C878704700BF0090005070B504468020FFF750
S21400C88855FF032800F082804FF40022444B022113
S21400C8985A6645F60E03434AC2F88030424B996200
S21400C8A8012103F580539962936DD903FCD4D4E92A
S21400C8B800131B0543EA0163E17B94F823500B43FE
S21400C8C8217B43EA0143617B43EA0133A17B43EAC8
S21400C8D8811313619169D4E904031B0643EA806354
S21400C8E801F000410B43A17EE07E0B43217E43EA24
S21400C8F80143617E43EA01239361E169136A0029D3
S21400C90823F00D0343EA010314BF0121002143EA83
S21400C918800343EAC103136294F8203094F8220097
S21400C928916A4FEA431332D194F8216021F033011B
S21400C93843EA06130B4343F0010393621B49194B62
S21400C9489A6D31EA0202FBD1022217498A621A65F9
S21400C9589A6D5200FCD41A69A16822F4700242EA61
S21400C96801521A614FF000420F4B9A6118B9022221
S21400C97803F580539A6215B901220D4B9A6294F812
S21400C98824301BB1074B0B4AC3F8802070BD21F03A
S21400C998330129430B4343EA40039362EFE700BFA2
S21400C9A80090005000C0005000D000500300014026
S21400C9B800E00050F1A7FFFF014B93F90000704715
S21400C9C82D5E0020014B1880704700BF866D002042
S21400C9D8B0F5207F10B50C4642D008D8B0F5007FD9
S21400C9E833D003D888B1B0F5C07F0ED010BDB0F5EF
S21400C9F8607FFBD11F4A4C1ED2F8803023F03003EC
S21400CA0843EA0413C2F88030F0E726F00CFE26F05E
S21400CA1818FE4FF48031184B164A1967136F013CFD
S21400CA2823F4704343EA043313672EF0A7F804464A
S21400CA38FFF76EFBC0F10201204626F0FCFD00F071
S21400CA4835F8BDE81040FFF761BE0A4A4C1ED2F81A
S21400CA58903023F0F85343EA0463C2F89030C5E7F1
S21400CA68044A4C1E136F23F4806343EA8423136737
S21400CA78BCE700BF008000500090005008B50121B8
S21400CA88022000F0E1F84FF42070FFF7A1FC054BF8
S21400CA98187026F0C8FD26F0D4FD4FF48032024BFD
S21400CAA81A6708BD2C5E00200090005008B54FF4A9
S21400CAB8C070FFF7F7FCBDE808400449884294BFF9
S21400CAC8012102214FF42070FFF782BF80F0FA029E
S21400CAD838B504462EF052F80546FFF719FBC0F1A4
S21400CAE80201284626F0A7FD0121002000F0ECF8F8
S21400CAF82CB1FFF7DBFFBDE83840FFF707BE034B56
S21400CB084FF420701978FFF763FFF4E72C5E0020D7
S21400CB1810B5224B70B94FF40031214A186051669F
S21400CB2802F598325268012A03D11E4AD2F800212B
S21400CB381A6010BD1B68002BFBD01B4A5268012ADE
S21400CB48F7D0184A8020C2F80031FFF7EFFD052815
S21400CB581FD14FF4C070FFF73BFC0128044604D1F0
S21400CB6802214FF4C070FFF733FF07220F4B1A61FC
S21400CB780122A3F580535A600B4A1369DB07FCD5DC
S21400CB88012CD6D12146BDE810404FF4C070FFF7FF
S21400CB981FBF0122064B5A60CBE700BFDC3F0020D0
S21400CBA8009000500080005000C0015000E0015086
S21400CBB800D00150044A4178536F23F4407343EA87
S21400CBC801235367704700BF0040005010B5044665
S21400CBD810B10020FFF79CFF124A136943F00403C4
S21400CBE813612EF041FB26F031FD0F4B5B6E5B01A7
S21400CBF842BF0E4B0E4AC3F820242FF066FE30F0D4
S21400CC080BF92FF05DFE26F022FD02F0FFF81CB9A6
S21400CC18BDE810402DF0B2BF0120BDE81040FFF778
S21400CC2877BF00BF00ED00E00080005000E0035032
S21400CC380000FF0F034A0179D36E23F030030B433D
S21400CC48D366704700400050F8B504461C4BD3F82E
S21400CC588420D106FBD4D3F88430C3F381139C42D6
S21400CC682CD02DF071FF012C064602D1214626F065
S21400CC78E2FC2FF02AFE4FF00072124B07465A6667
S21400CC88204626F0EBFC4FF480630D4D621E934061
S21400CC982B676B6E9A0103D4D5F884309B060AD5A9
S21400CCA838462FF00DFE022C08D13046BDE8F84075
S21400CCB8002126F0C0BCD5F88430EAE7F8BD00BFEE
S21400CCC8004000500060005010B50C4608B92DF022
S21400CCD83BFF074B21461B783BB1064B984204D8CE
S21400CCE80120BDE81040FFF7AFBF0220F9E700BFFC
S21400CCF82E5E0020005A62020278034B01210020B3
S21400CD081A70FFF7E1BF00BF2E5E00204FF000420A
S21400CD1838B5264B26495A6601224A604AF6CD316E
S21400CD2803F50B235D6C1964154030BB9968C90779
S21400CD380BD4002401221F4B5A6015B11E4B1F4A04
S21400CD481A642AF067FF204638BD1A498A601C4ACA
S21400CD58D96ACC0705D4904201D10724EAE7013006
S21400CD68F6E79042E5D1F8E70132DC6A14F00804E9
S21400CD7806D08A42F8D10724DFE700221049F4E7F4
S21400CD888A42F8D020220B4B0B495A620122A3F59F
S21400CD9880539A6023460A4A486A800603D4934218
S21400CDA8E9D00133F8E79342C7D1E4E70090005092
S21400CDB80050095000600950004009503254FFFFE7
S21400CDC840420F004FF0004238B5174B174C5A66D2
S21400CDD8012203F50C235A604AF6CD33656C2364AA
S21400CDE8437893401343124AD363C3788178A26882
S21400CDF89B0043EA011322F074021343A3600279EE
S21400CE08837943EA022323614279C37943EA0223FA
S21400CE1863610078FFF77AFFEB0744BF054B23648E
S21400CE282AF0F8FE012038BD009000500040095056
S21400CE38004000503254FFFFF8B504460D461F4622
S21400CE4816464AB101238B403021184A01FB0022BE
S21400CE58F7B141F21001535004EB4403072D4FF08D
S21400CE680F014FEA031316D8A80006FA00F281400D
S21400CE780F48184426F0F3FB4EB9012330210B4A1D
S21400CE88AB4001FB042277B141F210015350F8BDC4
S21400CE9842F21001DFE7A5F10800800006FA00F26A
S21400CEA881400448E5E742F21001EFE700C003506E
S21400CEB804C003500CC003500121024600F58053FD
S21400CEC810B55960244B2549C36053690B40FCD103
S21400CED89361C2F89830536913F4401FFBD1536925
S21400CEE8D9052DD4936F5BBB53699B052AD4D2F81A
S21400CEF8881039BB1046D36FD2F88C3026F0BEFBAC
S21400CF08302391601161D16211621367C2F88030D4
S21400CF18134B9A4208D142F26000124B9064136594
S21400CF2851659065136651660D4B9A4202D10020F2
S21400CF3810290AD10C4B02F500525362936210BDB9
S21400CF48536FCCE7D2F88430CEE701F1280443F8D3
S21400CF5824000131ECE700BF120002005200010075
S21400CF680040005A00C002808F330F80084608B57C
S21400CF7869B92A20FFF796FAB0B10C4B984206D941
S21400CF880B4B9B68C3F302730133B0FBF3F0094BFA
S21400CF9800F5742000F23F20B0FBF3F001387F283C
S21400CFA828BF7F20C0B208BD0120F0E7005A620201
S21400CFB80040005A40420F000B4B10B5994228BF5C
S21400CFC819460C461AB92A20FFF76CFA0246631E61
S21400CFD81344B3FBF4F0A34228BF00F1FF30032844
S21400CFE828BF0320C0B210BD005A620210B5104810
S21400CFF8104C002B08BF04468C4228BF0C461AB9B2
S21400D0082A20FFF74FFA02469DF8083040F2FF3014
S21400D0180133B2FBF3F2631E1A44B2FBF4F3A242E6
S21400D02828BF03F1FF33984228BF184610BD00BF3B
S21400D03880969800404B4C002DE9F04F2DED048B60
S21400D048B64E0C4687B01546314600220746FFF70F
S21400D058B3FF94F80580804538BF8046384626F0EA
S21400D0680DFB20795FFA88F850B92A20FFF71AFADC
S21400D078B042014628BFB0FBF8F13846FFF776FF06
S21400D0884FF00009E37822781B01524202F00202B0
S21400D09803F03003134362780004524202F004029D
S21400D0A81343A27800F4FE00524202F0080213432B
S21400D0B84FEA087202F0E04213431843E3882289D5
S21400D0C8B8603B616389DFF860A243EA02433B62CB
S21400D0D8574502D1B9F1020F08D1012307F5805749
S21400D0E87B6007B0BDEC048BBDE8F08F00222E787D
S21400D0F88B488C49AC68964218BF014633468A4826
S21400D108CDF80080FFF772FF07EB09118B6CA2B20F
S21400D11823F0435323F41D1323F4405323F01F0333
S21400D12806F003041C436B7882424FEA830303F03D
S21400D1381C0344EA0304AB7838BF02461B03E878AE
S21400D14803F4E0432343040404F4E02423432C7C40
S21400D1584FEA091C640504F4600423432C7909F19A
S21400D168050B240704F0405423438B648C6C6F49EA
S21400D178C4F30234013C042C26D8DFE804F0252545
S21400D18803101A00D1F88041240C2EB3C2F309020A
S21400D1980AEB0B135A6009F10109143598E7D1F820
S21400D1A88441002EF2D1D1F88C11A4B2091449009A
S21400D1B815E0D1F88441002EE8D1D1F88C11240C62
S21400D1C8091401EB41010AE0D1F88041A4B2002E0F
S21400D1D8DCD1DFED577A06E0D1F88C11091407EE9A
S21400D1E8901AF8EEE77A01210CF1B44C0CF5804C55
S21400D1F82304DCF8483024F4C046C3F3820C0CF150
S21400D208010C01FA0CF107EE101A4FEA864648BFE1
S21400D21846F0004613F01C0FB8EEC79AF6EE008AE2
S21400D228424B4CD1D3F88C110BB208EE103AB8EE3C
S21400D238C88A38EE278A002858D105A8039200F035
S21400D24813F9DFED3C7A28EE278A039A9FED3A7A9F
S21400D258C7EE097A9FED397A67EE877AB1EE007ADB
S21400D268B6F1004F48EE077A0BD09FED357A06EEFA
S21400D278104A77EE876ABAEEE86AF0EE477A56EE14
S21400D288267AF5EEC07AF1EE10FACBBFF1EE677AA1
S21400D29878EEE78A77EEE87AFDEEE87AC8BFFDEE24
S21400D2A8E77A17EE901AB1F5003F2EDB6FEA56467E
S21400D2B86FEA46461C484FEA0B11465066E7D3F815
S21400D2C8901169EE286A09B207EE101AB8EEC77A06
S21400D2D8D3F8881177EE677A0BB208EE103A87EE25
S21400D2E8A67AB8EEC88A38EE078AA4E7D5ED037A98
S21400D2F8DFED146AF8EE677A87EEA67AF7EE046A28
S21400D308C6EE877A27EE888AA0E711F5003FAABFFF
S21400D318C1F3110146F400360E43CBE7005A620209
S21400D328404B4C00809698000040005A0080E00F62
S21400D338000000003D3B843F00008043000020447E
S21400D3480000004900007A444FF40032054B9A6604
S21400D35841F6713203F51C33DA63012203F50053F4
S21400D368DA6070470090005041F671320121064B92
S21400D378DA6303F50052D1600022DA634FF4003214
S21400D388A3F518339A66704700000350044B1868D4
S21400D398421C02BF034AD2F894001860704700BFC8
S21400D3A88868002000400050CB784A7810B55B01AA
S21400D3B80C7843EA82030A79234343EA02130C22D1
S21400D3C8424302F1B0421363012C02BF8A78024B33
S21400D3D843F8202010BD00BFE880035008B54FF082
S21400D3E8B0435A6802B960B15B680BB126F0C3F95E
S21400D3F84FF0B04130B10120074B586026F0BBF91A
S21400D408C86008BD26F0B7F90223CB6026F0B3F94A
S21400D4180122024B5A60F4E700100058002000581A
S21400D4284FF0B0414B6810B50BB126F0A4F90122B5
S21400D4380B4BC4785A608378934043EA8403447855
S21400D4482343047943EA0413447943EAC4038B600C
S21400D458044B5A600378C3F10203CB6010BD00BFCB
S21400D46800200058001000584FF48032064B5A66C9
S21400D47803F5E6235B69C3F38512827003F03F0267
S21400D4881B0B42700370704700900050024B1868E0
S21400D498C0F30740704700BF0080E00F0120034B31
S21400D4A89B680A3303F01F03984070470080E00F1C
S21400D4B8034BD3F82424D3F820041040704700BF49
S21400D4C800C003502DE9F8431E4B0546D3F8103329
S21400D4D84B1E0E2B0E46174690F8009044781DD922
S21400D4E809B34FF000082846D7B12FF009FA09EB20
S21400D4F84903072C4FF00F014FEA031315D8A40071
S21400D508114808FA04F2A140184426F03CF9BEB9BE
S21400D51828468FB1BDE8F8432FF0F2B98846E2E70F
S21400D52826F040F9E3E78846E1E7083CA400074808
S21400D53808FA04F2A140E7E7BDE8F84326F032B956
S21400D548BDE8F88300C0035004C003500CC0035065
S21400D5582DE9F0412B4B1746D3F810234A1C0646F4
S21400D5680C46407804D1D3F8241426F029F904464A
S21400D578002C2FDB072C4FF0030532782DDC4FEA02
S21400D588840805FA08F529461F4802FA08F226F024
S21400D598FAF8294672781D4802F0030202FA08F2E1
S21400D5A826F0F1F8012317F0050F194A18BF194994
S21400D5B803FA04F30CBFC2F81034C1F8103417F09D
S21400D5C8060F18BF134AC2F814340123104AA340A2
S21400D5D8C2F820342046BDE8F081A4F108084FEAD6
S21400D5E8880805FA08F529460B4802FA08F226F0D4
S21400D5F8CAF87278294602F00302084802FA08F2C6
S21400D608CEE700BF00C0035000C4035008C4035050
S21400D61800E0035000D0035004C403500CC4035069
S21400D62870B504462AF03BFB064630B90FCC044DCD
S21400D6380FC594E8030085E80300304670BD00BFB8
S21400D648E03F002047F6FF739A42F0B569D00229FA
S21400D65869D8364B5B5C012B65D8354DDE0005EB8B
S21400D668C30415F83330A178012B13D10025E078D0
S21400D678401AA84202D80844C0B2F0BD431B6668E8
S21400D688A0EB530336F913609642D4BF1D4603F148
S21400D698FF30EEE760680028EFD0B0F9004094420B
S21400D6A804DBB0F902409442B8BF14468388354478
S21400D6B8FF2B19BFC8232827B0F90630B0F9087021
S21400D6C8A3EB04030CBF0122002293FBF7F36E784A
S21400D6D813441BB29E4201DD002B01DA731E1BB2F7
S21400D6E84FF47A7C00EBC305EA88AD685F1C14FB30
S21400D6F802521D4622EAE2723BB25C329E42B2FBFE
S21400D708FCF204DD00EBC307BF889742EAD200EBC1
S21400D718C5039888904228BF1046884238BF0846F6
S21400D728AAE7FF20A9E70020A7E700BF546E040079
S21400D738E03F00200229F0B555D82C4B585C01284C
S21400D74851D82B4C04EBC00114F830004B68012864
S21400D7580FD1C8788C78904294BFC4EB0001C4EB14
S21400D7680201001BCAB28242C8BF002233F9120067
S21400D778F0BD002B37D08878904202D3B3F9020068
S21400D788F6E7CC78B3F900009442F1D94C7899883A
S21400D798013CA1F1FF06714203F10405E4B27141B0
S21400D7A803F10C07CEB2B44216D805EBC1014FF40C
S21400D7B87A756A43B1F902404968521A04EBD47183
S21400D7C802EB610292FBF4F29042D1DBB3F902005D
S21400D7D89042CDDC10B2CBE737F831C04E1C9445EA
S21400D7E8E3D33146DEE70348C2E700BF546E0400C1
S21400D7F8E03F00200080FFFF08B50448FFF710FF51
S21400D808BDE8084001202AF050BA00BF586E040050
S21400D8187FB51422002101A810F01AFB044B01A9B9
S21400D8284FF0FF3002932AF086FA07B05DF804FB43
S21400D838006A18004FF40052034B00209A66032231
S21400D848C3F86022704700BF009000504FF40052A3
S21400D858034B00209A660322C3F86022704700BF75
S21400D86800A000502DE9F04F894691B00DF1300B1D
S21400D8788246DDE91C641746002110225846984661
S21400D8881E9D10F0E5FA1F9BB9F1000F04D16FF04A
S21400D898860011B0BDE8F08F002FF8D00EB9002C26
S21400D8A8F5D11A9A12B91B9A002AF0D10DB9002B95
S21400D8B8EDD1209A002AEAD0424A904502D0424A40
S21400D8C890457CD1BAF80020B2F5105F77D1BAF847
S21400D8D80220B7EBD20FDAD322F04001802902D01B
S21400D8E8B2F5807FD3D11CB9209B00201C60D0E7FE
S21400D8F8AE421FD2321995421CD29C42C7D8314636
S21400D9082246284610F0F6FA2F4B2E46984526D083
S21400D91814F00F03BBD1CDE90097CDE90236CDE967
S21400D9280443CDE906540893FFF784FF50B16FF01F
S21400D9389200AEE7244A90450FD09C42E8D96FF093
S21400D9488900A6E7684606AA03A90EF0A7FD0546BD
S21400D958FFF77CFF0543C7D0E9E79C42EFD81B9B3F
S21400D9680D2B94D101238DF830301A9B0DF131021E
S21400D97803F10C0153F8040B8B4242F8040BF9D15F
S21400D9881B781370012310228DF83F300023CDE951
S21400D9980097CDE90A23CDE90236CDE90443CDE95F
S21400D9A80654CDF824B00893FFF744FF0028BED1EC
S21400D9B8684609AB06AA03A90EF098FDC7E76FF0FC
S21400D9C8850066E7004440040013C0042DE9F04FC4
S21400D9D891B09046DDE91A45DDE91C6B1F4689467D
S21400D9E8DDF878A021B96FF0860011B0BDE8F08F99
S21400D9F8002AF8D00CB9002DF5D116B9BBF1000FE6
S21400DA08F1D1BAF1000FEED0484B9F4203D0484BF5
S21400DA189F4240F087800388B3F5105F40F082800D
S21400DA284388B8EBD30FDED323F04002802A02D017
S21400DA38B3F5807FD7D125B90023CAF80030002077
S21400DA48D3E7102D05D1394B9F42F5D1B44202D306
S21400DA5843E0B4423ED263199E423BD25D45C2D8EB
S21400DA6821462A46304610F045FA304B34469F4247
S21400DA7838D00D3D5D4532D801238DF83030234629
S21400DA880DF1310204F10C0153F8040B8B4242F8F5
S21400DA98040BF9D11B780D3413704FF48073ADF86E
S21400DAA83E300CAB102209930023CDE90098CDE94F
S21400DAB80A23CDE90345CDE90536CDE90753029398
S21400DAC8FFF7B8FEF0B9684609AB06AA03A90EF038
S21400DAD821FD1FE0164B9F42CBD05D4502D96FF063
S21400DAE8890082E715F00F037FF47DAFCDE9009833
S21400DAF8CDE90234CDE90453CDE906650893FFF76E
S21400DB0899FE10B16FF092006FE7684606AA03A95F
S21400DB180EF0D8FC0446FFF799FE0443F2D1CAF883
S21400DB2800508CE76FF085005FE700BF00444004B4
S21400DB380013C00410B54FF42F720021044610F0ED
S21400DB4887F98023C4F88C30054B04F19C00C4F890
S21400DB588430012384F88830BDE8104025F023B8C7
S21400DB6824D6030010B5D0F8A0400A468CB926F093
S21400DB7827F8044610B90024204610BD2D2896BF65
S21400DB88064B074953F82010064A074826F05EF960
S21400DB98F2E7D0F8A4101046A047ECE7DC6E0400C5
S21400DBA827D6030075D1030057D70300F8B590F8B9
S21400DBB88060044616B100263046F8BD25F033FED0
S21400DBC80028F8D1012384F8803094F8883033B1DF
S21400DBD8D4F884101F4884F8886026F037F94FF088
S21400DBE8FF37D4F8B402421C1FD0C4F8B47210F041
S21400DBF8FF052CD0204625F013FE2946204600F0C7
S21400DC08A7FB0028EDD0204625F018FE94F88830AB
S21400DC183BB1D4F884100F4826F018F9002384F88E
S21400DC288830002384F88030C6E726F0F4F8431CD2
S21400DC38DDD1D4F88C30D4F89420013B9A4204DB2A
S21400DC48054A0649064826F001F90126E9E70126AD
S21400DC58C7E700BFF9E8030075D1030035D603000F
S21400DC6857D70300F8B50B780446302B0D461646F2
S21400DC7804D14B7803F0DF03582B11D0284F6A1EC7
S21400DC8812F8011F002934D128460A220FF0D0FFC7
S21400DC98202C03460D4631D1B1FA81F040091AE02E
S21400DCA84A1C1F4912F8013F8BB928460FF0CCFFD3
S21400DCB81C4B02382340032B12D10134A410844293
S21400DCC80AD1A87837288CBF0020012003E0CB5C57
S21400DCD813F04400E6D1F8BDCCBF01200020FAE7D7
S21400DCE8002CB8BF0334B0EBA40FD4BF012000202B
S21400DCF8F1E77B5C13F00400C2D1ECE726B10843D9
S21400DD0802D0013B61F100050122A240013A1A4007
S21400DD18002D08BF9A420CBF01200020DBE700BF99
S21400DD285D95040003000080F0B5037801467B2B60
S21400DD3817D10646022400220B4F16F8015F7D2DE8
S21400DD4805D10B5D6BB9D24302F0010008E07B5D9C
S21400DD5813F0440002D001320134EEE7202DFBD048
S21400DD68F0BD0020FCE700BF5D95040070B50646D0
S21400DD780D460FF069FF0446304626F067F8044E55
S21400DD88AC4200D370BD304626F060F80134F7E7A1
S21400DD98D1DF03002DE9F84F044602215148FFF76A
S21400DDA8E5FF1E212068FFF7E1FF6368586826F044
S21400DDB84DF84D4826F04AF867683B7BFD2B12D88D
S21400DDC8D7F808804FF0FF3640460FF03DFF05466F
S21400DDD8DFF81091DFF870A1DFF84CB10C3717F8B0
S21400DDE8013BFF2B01D1BDE8F88F212B18D8212B3A
S21400DDF836D8DFE803F0377274111B1D1F2135353E
S21400DE08353535353535232527292B2D2F3135350D
S21400DE183535353535353D33344C002D2BD12EE090
S21400DE28334C344AFE2B08BF1446F6E7324CF4E768
S21400DE38324CF2E7324CF0E7324CEEE7324CECE785
S21400DE48324CEAE7324CE8E7324CE6E7324CE4E795
S21400DE58324CE2E7324CE0E7324CDEE7324CDCE7A5
S21400DE68234CDAE7314CD8E725F0E4FF01362AE000
S21400DE78002DB4D02E4C202B06F10106AFD002217F
S21400DE884846FFF773FF1E214846FFF76FFF5046C8
S21400DE9825F0DCFF5946204610F030FA25490028C0
S21400DEA818BF2146244825F0D1FF3B78202B02D105
S21400DEB82B2025F0BFFF214825F0C8FF4DB118F8E4
S21400DEC806301F2B05D018F806001F2801D0AE42D2
S21400DED8CADB054825F0BAFF81E7194C9DE7194CBF
S21400DEE89BE700BFE522040075D10300DFD60300D8
S21400DEF8F1D6030017F303003CD7030043D703000B
S21400DF0834D7030030D7030027D703001DD70300F4
S21400DF1813D7030028D703001ED7030014D703001F
S21400DF2809D7030002D70300F9D60300DED603009C
S21400DF38E4D60300EFD60300F9E8030068DA030026
S21400DF483BD7030042D70300FFF303002DE9F04F49
S21400DF589BB005468B460024009203930FF074FE90
S21400DF68249F039B04901C6028463C600AAA09A9C3
S21400DF7825F08EFF064658B90A980FF065FE344617
S21400DF88B046039B1860D5F89C300293029B1BB9D9
S21400DF9820461BB0BDE8F08F029BD3F80890B9F175
S21400DFA8000F6CD02E4416F8013B202B11D000260B
S21400DFB80C23734309EB030A59F803300193002B2B
S21400DFC858D0099B434555DB9AF808202AB1721C9D
S21400DFD839E03B6801333B60E5E73968D5F89420BB
S21400DFE80793039B521A1A601AAB03EB880151F881
S21400DFF8403C01991846059310F040F90690002811
S21400E008E5D101980FF020FEDDE906230146DAF88F
S21400E0180400D7F800A090F80CC0BCF1FE0F16D18B
S21400E02803F1FF3EC64512D0D0F80090059801923D
S21400E0380FF00AFE0AF1010A019A50442B5C23B13C
S21400E048386008F101081646B2E70130F6E7D5F859
S21400E05894200591A2EB0A028A4220DC58460FF06B
S21400E068F3FD059901447B290DD958461F4A0099A6
S21400E07824F0C0FD2B46049A2A4493422CD1029BD6
S21400E0881B68029382E7DDE90012584624F0B2FDC9
S21400E0985846174A0099013424F0ACFD97E7BCF1BE
S21400E0A8FE0F94D1013B434591D1D0F800A0DFF88C
S21400E0B840905AF80C2B22B9049B3B60039B1A60CD
S21400E0C8D8E75846009924F095FD4A4658460099E0
S21400E0D824F090FD0134ECE713F8011B0029CCD19D
S21400E0E84FF0200103F8011CC7E700BF49D703001B
S21400E0F8D1DF03002DE9F047002486B01C60DDE977
S21400E1080EA8064689468AF800401168154888F819
S21400E118004017461D468DF81740FCF767F818B9F3
S21400E12801242B6801332B600020D6F89C6036B992
S21400E13814B1012388F8003006B0BDE8F087B0684F
S21400E14868B14B460021CDE902A8CDE900750DF16E
S21400E158170225F0D4FC9DF81730002BE8D1366856
S21400E168E5E700BF4ED703002DE9F0470446ADF5B6
S21400E178447D8022002104A802AF0FF069FE8022A9
S21400E1882046009703AB04A9FFF7E0FE01283DD11F
S21400E19804A80FF059FD03993B68461A0B4426EA73
S21400E1A8E6762344054604A83246014418460FF08E
S21400E1B8DFFF00228255D4F89060039B3968D4F8B4
S21400E1C890201944B14212DCD4F89410E81A02449C
S21400E1D8C4F89020014404AAC4F89410D41825184A
S21400E1E82B1B002B0DDC0DF5447DBDE8F087A05CED
S21400E1F825F020FED4F8903001360133C4F890306C
S21400E208DBE714F8010B25F015FEE9E7EBDD24AD96
S21400E2188022002128460DF5887A0FF019FE0DF1A8
S21400E22810094FF40072002150460FF011FE4FF00F
S21400E23801084A46002312F8016BA6B904A84AF852
S21400E24828300FF001FD2946334698451CDB19F89F
S21400E258016B0DF5887C5CF8042B82420CD101F822
S21400E268016B0133F1E7202E03F1010304BF4AF8DE
S21400E278283008F10108DEE70DF1100E7244D25C72
S21400E288B242E8D00022EA54D4F89060039BB34226
S21400E2982FDC23462C4A04A92C4825F0D7FD28460F
S21400E2A80FF0D2FC0646039B3F68F61A1F4426EA80
S21400E2B8E672E01917441D44E11904F190039942E7
S21400E2C83CD904F19803984238D26A1E81190B1A71
S21400E2D8002B27DD12F8013F00F8013BD4F89030F8
S21400E2E80133C4F89030D4F894300133C4F894302D
S21400E2F8EDE7D4F890300136E05C25F09BFDD4F8C5
S21400E30890300133C4F89030C0E7D4F89020013B31
S21400E3180132C4F89020D4F894200132C4F894202E
S21400E328002BF2DC00232E44E355731B002B7FF7EB
S21400E3385AAF15F8010B25F07DFDF6E729460FF0D4
S21400E34817FF3346ECE700BF24D6030053D7030075
S21400E3582DE9F843D0E9245604460F46002294F8DF
S21400E3689830012B07D10A2F07D1002384F898305C
S21400E3780020BDE8F88300F29F801B2F01D10223FE
S21400E388F4E70D2F0DD1012384F898300D2025F0E1
S21400E39851FD0A2025F04EFD00230120C4E9243350
S21400E3A8E7E74FF00008082F84F8988034D14545F1
S21400E3B830DDB5420FD1384625F03CFD202025F04B
S21400E3C839FD013D384625F035FD013E04F8058047
S21400E3D8C4E92456CCE7FBDA05F1FF39384625F0C0
S21400E3E829FD04EB0903A6EB0902611918460FF08C
S21400E3F881FD04F806800146013E484825F026FDC2
S21400E40835464D4501DC4D46E2E7082025F012FD6D
S21400E418013DF6E7ACD0DBE77F2F1CD1002EA7DD49
S21400E428B542A5DA6319691C21441846721B0FF019
S21400E43861FD04F806800146394825F007FD0820E6
S21400E448013E25F0F7FCB542F9D1D4F89430013BEB
S21400E458C4F894308CE70A2F98D0092F03D12046A9
S21400E468FFF782FE84E7D4F88C30013BB3427FF78F
S21400E4787FAFB54204EB050805F101090CDB384609
S21400E48888F80070D4F89430C4F890900133C4F833
S21400E498943025F0CFFC6BE74146721B04EB09006D
S21400E4A80FF028FD404625F0D1FC0820013E25F057
S21400E4B8C1FCB542F9DDE2E7022B06D15B2F01D19C
S21400E4C8032353E784F8982049E7032B7FF450AFDB
S21400E4D8413F84F89820032F3FF64AAFDFE807F05D
S21400E4E802070A160121204625F055FC40E74FF0A2
S21400E4F8FF31F8E7B542BFF63BAF605D25F09AFC02
S21400E508D4F890300133C4F8903031E7002D7FF707
S21400E5182FAF013D0820C4F89050BAE75CD7030037
S21400E52856DB030007B56B46054A1068516803C3F7
S21400E5386846FEF747FC002003B05DF804FB00BF02
S21400E548946F040030B58BB06C46174D0FCD0FC4D2
S21400E5580FCD0FC495E8030084E80300134BD3F8E7
S21400E5684C2112031CD5A3F5FE431C884FF6FF73F7
S21400E5789C4208BF8C248DF81940FEF71DFA2044EB
S21400E58880F308008DF818000948FBF7C7FE6846B0
S21400E598FEF772F93220FEF715FA00200BB030BDF0
S21400E5A8D3F85041E4B2E6E79C6F04000080E00F21
S21400E5B800F049020028ACBF00F16040064B4FEA65
S21400E5C80111C9B2ABBF00F5614000F00F0080F83A
S21400E5D800131954704700BF14ED00E008B52EF07C
S21400E5E881F90B4B1A7872B901221A702EF075F958
S21400E5F86FF0040210460132052152B2FFF7DAFF27
S21400E608402AF7D108BDBDE808402EF066B900BF1D
S21400E6182F5E0020002807DB01234109034A00F08B
S21400E6281F00834042F82130704700BF00E100E039
S21400E638054B421153F8223000F01F0023FA00F071
S21400E648C04300F00100704700E100E0002808DB46
S21400E65801224309034900F01F008240603341F855
S21400E6682320704700E100E010B504462EF02DF98F
S21400E678024B1C602EF024F9002010BD004000203C
S21400E68810B52EF022F9034B1C682EF019F9204617
S21400E69810BD00BF0040002038B50C4615460146A0
S21400E6A810B9FFF7EDFF01462B46224603480EF049
S21400E6B8D3FA0028D4BF3720002038BDEF3F030028
S21400E6C808B500F017FC18B16A2102482EF091F937
S21400E6D8002008BD61D7030008B500F049F80C4AC9
S21400E6E8536A43F470235362EFF308834FF0CD3137
S21400E6F8084A043B934208D200F070FAFFF7E0FF9E
S21400E708BDE808400448FEF78BBF43F80419F1E754
S21400E71800ED00E008000020586E040007B504224B
S21400E72800200DEB020129F07EFA042803D0D72139
S21400E73804482EF05EF9019800F0DCF903B05DF8A5
S21400E74804FB00BF61D70300082310B50C0A41403C
S21400E7580648C9B241F30002013B024013F0FF032A
S21400E76882EA5101F6D184EA010010BD2083B8ED93
S21400E77838B5FEF70BFE044624F0F7FFE3072AD465
S21400E78801221046114600FA01F3234002F1010265
S21400E79823D01D4B33F811301C48062B02884488BA
S21400E7A81B4920D14FF20F039C4219D1B2F5406F96
S21400E7B828BF4FF4C0624CF23C330A80438040F2D4
S21400E7C801730A889A4201BF124B134AD2E9000124
S21400E7D8C3E9000115E00021DBE7102AD2D1DBE708
S21400E7E84FF4C062E7E740F20725AB420AD14FF282
S21400E7F80F05AC4206D19A4204D14CF23C320B804B
S21400E808428038BD0B80DAE760710400446500205A
S21400E81812590020044000203C650020014B18884F
S21400E828704700BF12590020014B1888000A70472D
S21400E83812590020044B05481B881A0AB3F5406F86
S21400E84838BF00EB82007047125900203071040070
S21400E858044B1888044B020A53F82230C0B203EB64
S21400E86880007047125900200071040010B5044655
S21400E8782EF02FF84FF20F02044B1C805A80BFF37D
S21400E8885F8FBDE8104025F078BB00BF44650020C8
S21400E8986D4A2DE9F0416D4B55686D4C5D65516AC2
S21400E8A899656C49D1F80002D865D1F80412586BFE
S21400E8B81966916A10F0040F5966D16A4FF0000085
S21400E8C89966116BD966516B1967D26BD8645A670B
S21400E8D8D3E90E1218BF11465F4A91421A655DD3F6
S21400E8E801F12000A04259D88869C5F308051864C4
S21400E8F8CE69062D5E6455D1584DA84252D3584D60
S21400E908A8424FD205884DF6426085424AD118681B
S21400E918C3F890005868C3F8940040F20170A24209
S21400E928154604D22E680432B6F1CD3FF7D0002241
S21400E938C3E91E22C3E92022C3E92222641BDFF8AA
S21400E9481CC1434DDFF818E19C648D422DD8D3E9ED
S21400E9581EC7D3E92065D3E922414FF0000E013ADD
S21400E968D2B2FF2A3CD1BEF1000F05D0C3E91EC7BC
S21400E978C3E92065C3E92241B3F85430C3F308035A
S21400E9880C2B3BD8022B54D9DA1E092A51D8DFE8BB
S21400E99802F03157404350505050504D0021C3E9C3
S21400E9A810112D494FF42060B9E755F8044D644519
S21400E9B8CBD37445C9D2E607C7D50026294F57F8E2
S21400E9C8048FA045C1D00136062EF8D132B1013ADF
S21400E9D8D2B202F11E0643F82640B6E70522F8E74B
S21400E9E8E0464FF0010EBC4637462E4625460C46F6
S21400E9F84146B4E740F60120BDE8F0813B2B18D12C
S21400EA08194B9B6913F0020F40F2025318BF1846C1
S21400EA18F2E740F60320EFE740F6042240F20173DF
S21400EA28B0F5206F0CBF10461846E5E740F60520FF
S21400EA38E2E740F60722013B4E2B98BF1046DBE77D
S21400EA4840F60220D8E700BF00ED00E0AC640020E6
S21400EA580810002000E100E008000020186300000D
S21400EA6800CE0300206500200080015A00F00CB894
S21400EA7800F00AB800F008B800F006B800F004B8CD
S21400EA8800F002B800F000B872B61EF0080F09D001
S21400EA981EF0040F0DD0DFF850E0AEE8FF1F6FF051
S21400EAA802000CE0DFF840E0AEE8FF1F6FF00E0053
S21400EAB805E0DFF834E0AEE8FF1F6FF006006946B1
S21400EAC8EFF309828EE8070086460848084C854515
S21400EAD801D3A54501D384F30888FFF7D9FE84F34C
S21400EAE80888FFF7C3FE0000AC640020480000203A
S21400EAF8081000204BF6EF6283B2002B08BF1346BF
S21400EB08044A000C13804FF6CE2308BF1846024B63
S21400EB18188070478A6D0020886D00200B4BB3F96B
S21400EB2800201888002AB8BF80F0620042001A80C9
S21400EB38074AB2F9001013880029BCBF83F4805333
S21400EB4883F00B0359001180584070478A6D0020E7
S21400EB58886D002007B5684600F01AF8DDE9000160
S21400EB680022034B03B05DF804EB25F002BD00BF9E
S21400EB780C40002007B5009313460A460146034892
S21400EB8825F0ABFA03B05DF804FB00BF0C4000208C
S21400EB980249034A0160521A42607047506E0020CC
S21400EBA800800020004870470C40002038B54160BF
S21400EBB804462DF08AFE05462146044823F0F6FF53
S21400EBC82846BDE838402DF07BBE00BF3440002004
S21400EBD8014823F0E8BF00BF344000200222014B62
S21400EBE81A6770470040005070B52DF06EFE174E3D
S21400EBF8054617482DF097FE3378CBB900F07AF91A
S21400EC08044620B128462DF05BFE204670BDFFF76F
S21400EC18DFFF2DF061FF0F4B1C602CF0A7FC0E4B9E
S21400EC280E4A1860536F43F00103536725F0BDFC86
S21400EC3800F074F825F0D0FC094B00241860012376
S21400EC48284633702DF03CFEDFE700BF3C5E002010
S21400EC58CC6F040038400020604000200040005080
S21400EC683C40002038B504462DF02FFE0F4D0246D6
S21400EC782B78FF2B04D1B4B1BDE838402DF020BE68
S21400EC881BB9002CF8D0012103E0002C14BF012189
S21400EC98FF210B44DBB22B70B3FA83F304495B09FC
S21400ECA810460B70E8E71946F3E700BF395E002008
S21400ECB8385E0020054B1B685843054B00F574204A
S21400ECC800F23F20B0FBF3F0704700BF6040002022
S21400ECD840420F0073B50F4E04463378834211D076
S21400ECE800238DF80430430001A88DF805300A4D3E
S21400ECF8FDF760FF40203CB1FFF7DCFF2B68181AD1
S21400ED082860347002B070BDFFF7D4FF2B68184433
S21400ED18F6E700BFCB6D00209840002073B50024AE
S21400ED2801A88DF80440FDF7E7FF2046FFF7D2FF5D
S21400ED382C4B2D4AD3F8003103F0030313604FF42D
S21400ED4800222A4B5A664FF400325A662CF088F98D
S21400ED584FF4C870FFF7AEFF254B264A18602649C1
S21400ED6813680134E4B20A2C41F8040BF9D10344C1
S21400ED7800EBC00003441360204B214D1B7813B3EF
S21400ED88184BD3F8003103F00303022B23D0032BD0
S21400ED9824D0012B17D12BF00BFF024698B1194B44
S21400EDA8194EDC6800231946C4F30B04013404EB3F
S21400EDB884040138E4FB06010EF0DEFCFFF77AFF58
S21400EDC82B6803442B601F20FFF774FF2B6803444F
S21400EDD82B6002B070BD2BF0F1FEDEE72DF088FD4B
S21400EDE8DBE700BF00800050A040002000900050E5
S21400EDF864400020684000206C400020405E0020F0
S21400EE089840002000C0015040420F000122154BD8
S21400EE1810B55A67144B154C1B7813B302202DF007
S21400EE284CFEF0B12CF028FCD8B1A36DD90302D55E
S21400EE38E36D9A0715D40D4B9B6DDB0711D40122A1
S21400EE480B4B1A702DF02DFEBDE81040094B0A4AF0
S21400EE581860136F23F0070343F0030313672BF0C0
S21400EE688DBE10BD00D00050415E002000C000508E
S21400EE783E5E002094400020008000500122014B96
S21400EE881A707047415E002008B5FFF763FEFEF76C
S21400EE98FDFA01280ED1144B04205A6E4FF4802335
S21400EEA81249520358BF124A4B6601F510410862D0
S21400EEB858BF536625F098FBFFF790FBFFF732FB29
S21400EEC8FFF740FB0DF012FFFFF78EFE00F012F87A
S21400EED825F08BFBFFF700FC25F096FB28F0A7FD36
S21400EEE8BDE8084025F082BB008000500090005026
S21400EEF800A0005070B52DF0F5FC144E0546347889
S21400EF08FCB9134B1C60134B1C60134B1C6000F0C1
S21400EF1831F801202CF09EFC2CF090FC0F4B02469A
S21400EF28186020B928462DF0D8FC232070BD23464B
S21400EF3840F2E7310A480EF01FFC0A4B186001231E
S21400EF48337028462DF0C9FC0020EFE7445E002009
S21400EF58B4400020B0400020BC400020B84000204C
S21400EF6818FCFFFFAC400020014B1868704700BF34
S21400EF78AC4000201FB50024194B18689A880290E8
S21400EF88D3F806009B7A00901648ADF80C208DF84A
S21400EF9804302DF0C8FC02A88DF808408DF80C4007
S21400EFA8FEF73EFA694601208DF80040FEF7FCF9A8
S21400EFB840F2FF320C4B9A615A614FF0B042936AA6
S21400EFC813F00803FBD113620120FEF707FA0C20A2
S21400EFD8FFF73CFB0C20FFF71DFB04B010BD00BF7D
S21400EFE889710400C46F04000020005810B52DF085
S21400EFF879FC4FF0B04304465B695A06074A03F0AB
S21400F008010003F0510348BF40F0020053612CF0A2
S21400F01849FB2046BDE810402DF05FBC0020005894
S21400F02821282DE9F341054604D82C46204602B08F
S21400F038BDE8F08100240B4E0B4FDFF8308000232C
S21400F048CDF800801A461946386824F0F8F8844245
S21400F058EBD2222CE9D056F8043BAB42E6D001347A
S21400F068EDE700BFA874040084680020FFFF0F00C7
S21400F0782DE9F04F644E654D89B025F011FB3168D7
S21400F0882868FCF7D5FA0446002827D033680024F9
S21400F098D3E900019A6912689047336804A89B6907
S21400F0A89B689847336802209B69DB6898473268F4
S21400F0B805985368E7B2B3FBF0F3BB42916904F1D5
S21400F0C801044ED8CB680020984733689B695B6874
S21400F0D8984731682868FCF7ABFA04460027DFF83B
S21400F0E844A1DFF84481DFF84491F4B9484B286816
S21400F0F8DB5D002B00F08380D8F8006002AB314659
S21400F10803AAFCF717FC2D2807D070B9039B012B20
S21400F1180BD031462868FCF761FEDAF80030314635
S21400F1281A682868FCF7DAFD04460137222F0AF128
S21400F138040A08F1040809F10109D6D1B4FA84F3DF
S21400F148344A5B0913702B681B7C33B125F074FABC
S21400F15818B1DB2130482DF04CFC204609B0BDE83C
S21400F168F08F12680B6907FB002098479FE7D8F8CE
S21400F178003003AA194402AB0191FCF7DBFB2D28EB
S21400F188034601992BD0286813B30BF1010B5FFADD
S21400F1988BF18E422868EAD8204BDB5D002BC4D062
S21400F1A8F3B27E2B2868C0D8D8F8003003AA06EB3E
S21400F1B8030B594602ABFCF7BDFB2D28B5D05946C4
S21400F1C82868FCF70BFE013604460028E8D0ACE7B2
S21400F1D8039B7BB999F80020029B9A42D5D099F8F0
S21400F1E80030DAF800202868FCF772FC0028CCD03B
S21400F1F80446D1E70191FCF7F1FD0199EFE7084BCA
S21400F208A346DE5DC3E700BF64680020846800206C
S21400F21884740400465E0020E8D703006274040085
S21400F2281E74040094710400A8740400407404005A
S21400F238F8B51F46214B04461B780D46164623B1E3
S21400F24800F47E23B3F50E2F2BD02046FFF7E8FEFA
S21400F2582128044614D81A4B53F82010194B1B784B
S21400F268ABB1194B212C18681DD8184B1B5DD3B1B0
S21400F2783268FCF733FD044650B125F0DCF907E0A8
S21400F288FF2807D93A46314680B224F0E8FE002423
S21400F2982046F8BD4FF4A9710D482DF0AAFB0021B1
S21400F2A8DCE70146DAE77F2D08BF00253B463246F5
S21400F2B851FA85F1FCF70CFCDDE700BF455E00203F
S21400F2C8A8740400465E0020846800208474040045
S21400F2D8E8D7030008B5520825F0B0F930B1BDE804
S21400F2E808404FF49C7102482DF083BB08BD00BF50
S21400F2F879D803002DE9F743C70705460E46144696
S21400F30804D540F2E31149482DF073FBE10704D514
S21400F3184FF4F27145482DF06CFB454B93F800808E
S21400F328B8F1000F20D043F260239D4208D1224650
S21400F338314640480EF01CFF002003B0BDE8F083BD
S21400F348C5F30B0705F44055B5F5805F14BF4FF4B9
S21400F3580F204FF40E20234632467F21384303B051
S21400F368BDE8F043FFF764BF05F47043B3F5805F6C
S21400F3783FD1C5F30B05304A05F17E65631E2B4465
S21400F388934230D82F46DFF8A49007EB0408474589
S21400F39842D1AA070ED04FF6FF7336F8022BA81EE6
S21400F3A843EA024304220DEB02010193FFF792FFA2
S21400F3B80235023CA3070ED0023C24F00103F35AA0
S21400F3C804226FEA03436FEA13430DEB0201281980
S21400F3D80193FFF77FFF002CAED022463146284621
S21400F3E8FFF778FFA8E740F2FD1110482DF001FB63
S21400F3F8C8E705F46043B3F5005F04D1C5F30B0511
S21400F40805F5FC25BEE740F2052108482DF0F1FA7F
S21400F4186FF00F074546B6E717F8013BFF2BB6D047
S21400F4284FF4047148462DF0E4FAB0E779D80300A3
S21400F438455E00208C6D0020FF03E00F10B500F03D
S21400F44877F825F047F9044618B100F079F8204611
S21400F45810BD00F07BF804460028F6D10122014BC7
S21400F4681A70F2E7475E0020054B1B7833B1054B50
S21400F478C0F3130100221868FCF774BC112070470B
S21400F488475E002084680020144B2DE9F0411B7865
S21400F49805460E461746FBB125F003F9012805D99F
S21400F4A8841EE4B2012C09D9212412E03B463146D9
S21400F4B82846BDE8F041002200F052B800F038F8BF
S21400F4C83B4600223146284600F076F8044600F00F
S21400F4D837F82046BDE8F0811124FAE7475E002099
S21400F4E8124B70B51B7804460D461646E3B125F058
S21400F4F8D8F8012805D9831EDBB2012B08D92124A8
S21400F50810E0324629462046BDE8704000F040B874
S21400F51800F00EF820463246294625F0DDF8044667
S21400F52800F00EF8204670BD1124FBE7475E002069
S21400F53808B52DF0CAF9014B186008BDC040002078
S21400F548014B18682DF0BCB9C0400020024B196862
S21400F558024B1868FCF76CB86468002084680020C2
S21400F56837B505460C46C0F313010848ED02006897
S21400F57805D5224603B0BDE83040FCF7A7B900938E
S21400F58813462246FCF75CF903B030BD84680020B9
S21400F59830B405461346074A0C46C0F313011068F4
S21400F5A8EA0203D5226830BCFCF798BB224630BC7A
S21400F5B8FCF78EBA84680020F7B505460F46144651
S21400F5C81E461BB92125284603B0F0BD0029F9D0F0
S21400F5D825F067F84BF23462ABB2934220D14FF075
S21400F5E8FF3322466946CDE9003325483346FFF700
S21400F5F8E3FF08220546234968460EF075FF38B92A
S21400F60833462246694641F2F010FFF7D5FF054615
S21400F618002DD8D13246694638460EF0A9FDD2E705
S21400F62841F2F01293420FD1174B311908299A6C00
S21400F638DB6CC7D8CDE9002332460DEB040138460B
S21400F6480EF096FD0025BEE702280BD1C5F30C4345
S21400F65832199342B6D3C5F30B0104F17E643246E1
S21400F6682144ECE7032809D1C5F30C433219934229
S21400F678A8D3C5F30B0104F5FC24F0E70125A2E79F
S21400F688021008C0347504000080E00F10B527F09B
S21400F69883FA28F05AFBBDE81040034601210220F1
S21400F6A8014A02F00BBC00BF10D9030013B5D0E91D
S21400F6B8023253F822301C78204627F07FFA234679
S21400F6C8009001210220024A02F0F8FB02B010BDA9
S21400F6D824D90300014B187826F058BE485E00204F
S21400F6E8FF232DE9F04F8FB01122002108A88DF8CE
S21400F6F813300EF0ADFB08A826F008F8012102200A
S21400F708B04A08AB02F0DAFB41F24903AE4A0121DF
S21400F718022002F0D3FB06A826F027F908A90DF167
S21400F728130026F02DF902200021A84A02F0C6FB95
S21400F738002026F05CFE10B106A809F047FE9DF9E9
S21400F7482A3001210220A24A00939DF82B3002F0AD
S21400F758B5FB27F01DFA831EDBB2FC2B054631D815
S21400F768012102209B4A02F0A9FB01249A4E9B4FD6
S21400F778DFF8D082234632460021022002F09EFBA4
S21400F78805A9E0B227F006FA034650B1A0F1160222
S21400F798012A40F2AA8042460121022002F08EFB8E
S21400F7A80CE09DF914303A4601939DF81630012175
S21400F7B8009302209DF8153002F080FB0134E3B276
S21400F7C89D42D7D8BDF8284008F0ECF9234600211A
S21400F7D8834A0090022002F071FB02200021814A31
S21400F7E802F06CFB002026F002FE10B108A809F013
S21400F7F8EDFD01217C4A022002F060FB27F024F987
S21400F808044627F01FF923460121784A0090022073
S21400F81802F054FB08F09EFE00210220744A02F013
S21400F8284DFB9DF81330FF2B65D000210220714A4E
S21400F83802F044FB01216C4A022002F03FFB26F04E
S21400F848A4F8012103466C4A022002F037FB08F0B0
S21400F85881F900210346694A022002F02FFB26F0B0
S21400F8689AF8044626F099F823460121644A00903F
S21400F878022002F023FB2DF0C9F808F013FF01213F
S21400F8880346604A022002F019FB0025DFF8B8811B
S21400F89808F008FFECB2A04233D82DF0B7F80123E1
S21400F8A8594A1946022002F009FB002026F06EFD90
S21400F8B8564B574C0093012100230220554A02F06C
S21400F8C8FDFA236863B1012102201B78524A02F030
S21400F8D8F5FA2368012102205B78504A02F0EEFA16
S21400F8E826F059FD0FB0BDE8F08F012102204C4AE2
S21400F8F802F0E4FA62E7002102204A4A02F0DEFA41
S21400F90898E7494B204603EB0416D6F8089008F00B
S21400F91883FF8246204608F0CBFE444F00280CBFE3
S21400F928C346BB46204608F077FF0AF031FD00289C
S21400F93808BF4746534600210220CDE900B73C4A97
S21400F94802F0BCFAB37901210293B388022001932E
S21400F9587388384A0093337B02F0B0FA0026DFF843
S21400F968ECB099F80430F4B2A34203D82DF04EF860
S21400F97801358DE714235C43D9F8007002203A5B02
S21400F98807EB040A9AF90C3000922B4A002132EA57
S21400F998230228BF5A461346284A02F08FFA002048
S21400F9A826F025FD38B150463C5B26F05DF801464A
S21400F9B820460AF03BFD01210220214A02F07EFA89
S21400F9C80136CEE765D9030074D9030090D9030041
S21400F9D8BCD9030097D90300ADD90300B4D90300F6
S21400F9E8E9D9030009DA030053DA030012DA030040
S21400F9F834DA030096FA03003FDA030055DA030008
S21400FA086BDA030081DA0300FADA030012DB03007C
S21400FA18BC45002006DB030020DB030034DB0300C4
S21400FA28D1D90300F1D60300F04400203CD90300E6
S21400FA388CDA0300ACDA030059D90300E2DA0300D3
S21400FA48E5220400DCD9030044D903004DD903009D
S21400FA582DE9F7430025134EDFF8588008F022FEFC
S21400FA68ECB2A04202D803B0BDE8F08327012046D6
S21400FA7816F8079008F01CFE0B4A4B46002808BFED
S21400FA884246002102200092084A02F017FAF05D6A
S21400FA9825F087FF01210220054A02F00FFA0135FA
S21400FAA8DCE700BFF04400207E2904004FDB03009B
S21400FAB8E52204008829040008B583685A68117886
S21400FAC8C26853F82230A1F16502514251411878B4
S21400FAD808F0A4FF30B9BDE8084001210220024A18
S21400FAE802F0ECB908BD00BF5ADB03000021022073
S21400FAF8014A02F0E3B900BF74DB030000210220CC
S21400FB08014A02F0DBB900BFA2DB030010B50446C9
S21400FB1886B01822002168460EF09AF9684626F044
S21400FB28B5FBD4E9022052F8203002EB80021B789D
S21400FB388DF80B30516891F900108DF80A1091680D
S21400FB480988ADF808106168091A032907DDD26824
S21400FB5803F01F03127843EA42138DF80B30684609
S21400FB6808F0CEF800210346024A022002F0A6F961
S21400FB7806B010BDBEDB030007B5002026F0CCFF9C
S21400FB8800210090034B0220034A02F097F903B0C5
S21400FB985DF804FBCBDB0300D1DB030013B5D0E92B
S21400FBA8023253F8221003EB82035B680878196860
S21400FBB80023094CA222994208BF2146C01A18BF42
S21400FBC8012026F09DFF01210090044B0420044AE2
S21400FBD802F074F902B010BD00F8FF07DCDB030082
S21400FBE8EADC030013B5D0E9023203EB820153F8CE
S21400FBF82230D1E901141878FF22003818BF0120F6
S21400FC082378096826F07CFF01210090034B042026
S21400FC18034A02F053F902B010BD00BFE3DB03004D
S21400FC28EADC030008B5002101230C4A26F0EDFDA6
S21400FC380A4826F04DFB0020094909F05FFC002021
S21400FC4826F0D5FB10B1054809F0C0FBBDE8084012
S21400FC5801210420034A02F031B900BF7A6300206C
S21400FC68F8DB0300E522040010B525F098FE0346ED
S21400FC7830B1BDE8104001210420054A02F01EB943
S21400FC880121BDE810400420024A02F017B900BF5F
S21400FC9806DC030017DC030010B526F01BFBBDE8E6
S21400FCA81040034601210220014A02F007B900BFAE
S21400FCB822DC030010B526F0DFFABDE81040034644
S21400FCC801210220014A02F0F9B800BF38DC03001F
S21400FCD837B5D0E90232012453F822304FF6FF70C8
S21400FCE81D78FE2204FA05F1002326F075FF2B4640
S21400FCF8009021460420024A02F0E0F803B030BD26
S21400FD084CDC0300D0E9023253F822301B7823B1CA
S21400FD1801210220024A02F0D1B8024A1370704745
S21400FD286BDC0300485E002007B5684625F01DFE1C
S21400FD3807F038FF01210346084A022002F0BEF801
S21400FD48684609F043FB08F0A1F901210346044A76
S21400FD58022002F0B3F803B05DF804FB81DC030070
S21400FD689BDC030037B5D0E90245406854F82530D7
S21400FD78401B0328D8BF002004EB8504C8BFE068F2
S21400FD8819786368C8BF00781A78A36893F90030B2
S21400FD980090012026F0A4FE38B901210220084A66
S21400FDA803B0BDE8304002F089B8064B01900093D6
S21400FDB801210220044B054A02F080F803B030BD4A
S21400FDC8ACDC0300B4DC0300880B0400C8DC0300CA
S21400FDD807B5012026F08CFE48B9009001210220C4
S21400FDE8084B094A02F06AF803B05DF804FB054BB5
S21400FDF80190009301210220044B054A02F05EF8A8
S21400FE08F2E700BFB4DC0300DFDC03006D37040054
S21400FE18C8DC030008B5D0E9023253F82230187857
S21400FE2826F018FE30B9044A0121BDE8084004202F
S21400FE3802F044B8014AF7E7F4DC030010DD0300DB
S21400FE4808B5D0E9023253F82230188826F000FEAA
S21400FE5830B9044A0121BDE80840042002F02EB853
S21400FE68014AF7E72FDD03005FDD030073B503786B
S21400FE78044613F0050F0ED04588062D17D1836863
S21400FE8801215B68174A1B78019383880420009336
S21400FE98154B02F013F82378012B20D001210420FB
S21400FEA8114B124A02B0BDE8704002F007B835B9E7
S21400FEB88388012104200E4A02F000F8EBE7012DA2
S21400FEC8E9D186680B49002009F018FB304609F08E
S21400FED87DFA29460420084A01F0F0FFDBE702B065
S21400FEE870BD00BF95DD03008CDD0300E7DD030071
S21400FEF8B2DD0300CFDD0300E52204002DE9F04F54
S21400FF0800268FB0364D09AC0FCD0FC42B680121E3
S21400FF180220344A236001F0D1FF3446DFF8DC9033
S21400FF2825F037FDF5B2A8420BD825F032FD23465A
S21400FF380090012102202C4A01F0C0FF0FB0BDE856
S21400FF48F08F284605A926F06FFD0346002841D104
S21400FF589DF81430032B39D904238DF814302B461A
S21400FF6800210220214A01F0A9FF9DF814300EAAAC
S21400FF7802EB830300214A4653F8143C022001F0A2
S21400FF889DFF28469DF821A09DF815B09DF818708D
S21400FF98BDF8168026F04AFD5346CDE902800021BA
S21400FFA80220CDE900B7124A01F088FF013400208C
S21400FFB8E4B226F01CFA18B10DF1190009F006FA99
S21400FFC8002102200B4A01F079FF01E0002BC6D180
S21400FFD80136A5E700210220074A01F06FFFF7E780
S21400FFE83C750400F9DD030072DE0300AFD9030098
S21400FFF826DE030075D103004DDE0300F9E8030092
S214010008C3688268013BDBB252F8233002201B78B2
S214010018652B14BF00220121044B1BBF01211A7056
S214010028034A044A08BF197001F048BFF46D00205E
S21401003889DE030097DE0300D0E9023253F8223046
S2140100481A88014B1A8070478E6D002007B5D0E9D3
S214010058023103EB810253F8213052681988054BA7
S2140100680548128800930088012309F0A3FE03B00F
S2140100785DF804FB75FE00008E6D0020C36882687B
S214010088013BDBB252F823305B78A3F16602534298
S2140100985341014A13707047F76D002030B5D0E917
S2140100A8023253F8223089B01D78012302AA194674
S2140100B8044626F0AAFB01230093102302210DEB28
S2140100C80302204626F082FB284604AA02A926F047
S2140100D89DFD0446002026F08AF918B121460448F9
S2140100E807F0F0FD0020034909F0EEF909B030BD2C
S2140100F8A6DE0300E5220400002330B58FB00221F6
S214010108009309AA1223054626F060FB05AA0146B4
S21401011809A807F0B5FB044698B1232805D1134A68
S2140101280121042001F0CAFE09E0212801D1104A64
S214010138F6E70346012104200E4A01F0BFFE0FB080
S21401014830BD01232846194603AA26F05EFB05A9F9
S21401015803A826F05DFD0546204626F048F918B1A5
S2140101682946054807F0AEFD044AD9E7B3DE030081
S214010178D6DE030011DF030032DF0300E5220400A8
S214010188F0B5D0E9023253F8221003EB82039B68DC
S21401019805461F7887B038460E7826F008F90446D3
S2140101A808BBD5E9022101238DF80830194452F815
S2140101B8210002EB810200888DF809709268ADF87B
S2140101C80A00127804218DF80C2028460DF10D023C
S2140101D826F01BFB304602A98DF8154026F028FCB0
S2140101E8044626F0D8F8334601210420024A009432
S2140101F801F064FE07B0F0BD47DF03002DE9F041CA
S21401020801218EB00220274A01F058FE002005ABD6
S21401021801AA09A926F0F4FC00250446224E234F1C
S214010228DFF898801CB128460EB0BDE8F0810220A0
S2140102382B463246214601F041FE204626F0D7F8E5
S21401024810B10AA809F0C2F83A46002102209DF822
S214010258303001F033FE424600210220079B01F0B0
S2140102682DFE00210220BDF82030114A01F026FE9D
S214010278BDF8143000210F4A022001F01FFE013597
S21401028801A826F0AFF8EDB2012102200A4A01F0D2
S21401029815FE284605AB01AA09A926F0B1FC0446B5
S2140102A8C0E700BF79DF0300BFDF0300C7DF030035
S2140102B8B5FA0300DCDF0300E5220400D3DF030000
S2140102C82DE9F047064698B0C0B925F060FB074609
S2140102D800250EA826F09EFC01210220384A01F0CE
S2140102E8EDFD2C46DFF8E080DFF8E090DFF8E0A0CF
S2140102F8BC4205D3284618B0BDE8F0870127E7E7D2
S21401030813A826F087FC002E4CD0022306A913A8B2
S2140103188DF84C30FE2426F06FFC00283FD102A948
S21401032813A826F06FFC9DF8593043F001038DF8A9
S2140103385930002E3DD1234631460220214A01F08C
S214010348BDFD9DF859300AA943F0010313A88DF89D
S214010358593026F057FC002026F049F810B114A8A9
S21401036809F034F80C9B42460021022001F0A6FD54
S214010378BDF82820002112F4007F0CBF4C2341232E
S21401038812F0100F0CBF6E227922022000924A4604
S21401039801F094FD06A826F025F80135EDB20134E2
S2140103A8E4B2A5E720460AAB06AA13A926F026FC5E
S2140103B8B3E752460021022001F080FDC1E700BFE5
S2140103C8E6DF0300BFDF0300D3DF030022E00300FC
S2140103D81BE0030030B5012499B00EA826F01AFCDC
S2140103E813A88DF8384026F0B3FBC0B9BDF84C10F9
S2140103F811EA040513D121460220444A01F05EFDA4
S21401040829460220424A01F059FD214602203F4A68
S21401041801F054FD214602203C4A01F04FFD06A991
S2140104280EA826F0E9FB20B11022FF2106A80DF040
S2140104380FFD04A826F0E8FB059B01210220354A9A
S2140104480093354B01F03AFD9DF812300121022048
S214010458324A0093304B01F031FD00212E4B304AD1
S214010468022001F02BFD06A825F0BCFF13A826F0F4
S214010478D1FB02230AA913A88DF84C3026F0C2FB3B
S21401048800283FD10B9B009301210220254B264AC9
S21401049801F014FD0121234B244A022001F00EFD30
S2140104A80120FFF70DFF01211E4B214A022001F012
S2140104B805FD0020FFF704FF044625F068FA2346E9
S2140104C80090012102201B4A01F0F8FC01211A4B79
S2140104D8174A022001F0F2FCFFF790FE174902289E
S2140104E803461748174A28BF0A46084928BF01463F
S2140104F80092CDE9013102200121134A01F0DEFC08
S21401050819B030BD4FF0FF33BDE700BFE522040048
S21401051835E0030073E003006BE0030083E00300AB
S214010528120A04003F18040096E00300A6E0030040
S214010538ADE00300B6E00300CAE0030031E00300C3
S2140105487CFF0300CEFF0300D8E0030010B5D0E916
S214010558023253F822301C78201E18BF012026F0DC
S214010568E3FA054A054B0020002C18BF1A46BDE8D9
S2140105781040034908F0A8BF05E1030000E10300A5
S2140105880EE10300D0E9023210B553F822301C8878
S214010598204626F0CBFA2246BDE810400020014945
S2140105A808F092BF4FE1030037B5044607F0D2FAC8
S2140105B8014638B100200D4A0D4903B0BDE8304068
S2140105C808F082BFE368A268013BDBB252F8233029
S2140105D808481D780123084A00936C2D08BF024677
S2140105E81023204626F0F2F803B030BD9DE1030043
S2140105F8A5E10300DD6D0020CD6D002013B58368ED
S2140106089A681278672A22D101A826F0A1FA044628
S214010618A8B9BDF80420174908F056FFBDF80430FC
S214010628DA070AD413F0020F134B144A18BF1A46F6
S2140106381349002008F048FF19E0124AF8E7024675
S2140106481149002008F040FF22461049F1E7C26828
S21401065801A953F8220003EB82035B6800681B6854
S214010668ADF8043026F07AFA04460028ECD102B038
S21401067810BD00BFD8E10300CBE103006F0B0400F7
S214010688F9E10300BBE103000BE2030037E20300D4
S214010698034A04491388C85401331380704700BFBE
S2140106A8225900204E5E002073B5154D01242B7883
S2140106B8144E13F0040F0CBF02230423124A2146DA
S2140106C81470328802200192EB5C104A0093104B9A
S2140106D85B8801F0F3FB002102200E4A01F0EEFBD5
S2140106E80D4B2946009332882346022001F02CFC44
S2140106F821460220094A02B0BDE8704001F0DEBB7F
S2140107084E5E0020225900204D5E002046E203007E
S214010718145900206BE203008DE20300E522040071
S21401072870B516464FF48A52114B124DDA8059802D
S214010738114B1B881A1E18BF012240EA82000F4A75
S2140107481278003A18BF012240EA0210287063B1F5
S21401075803246B701B0AAB7009F088FE631C2855CE
S214010768EE54074B02341C8070BD0124F4E700BF29
S214010778145900204E5E0020205900204C5E0020AF
S2140107882259002038B5D1E902320C46054653F8FD
S2140107982230024619880C4B1878FFF7C1FFE36828
S2140107A8A268013352F82330188823F0D7FF4DB1D9
S2140107B8E368A268023352F823301878BDE8384057
S2140107C8FFF766BF38BD00BF495E0020F0B5054695
S2140107D8EB68AA68023352F8233008461C78294683
S2140107E885B0FFF7CFFF204625F02AF9204E214F86
S2140107F878B3204625F030F90321441C03AA28467D
S21401080823F013F83288E4B2C2F1FF0303991B1BE5
S2140108189BB28B4222443CBFC2F1FF0303930123E0
S214010828032100933A449DF80C30284625F0CEFF64
S214010838039A022C338804BF0F48110AFA5408BFDA
S214010848C15413441C44348005B0BDE8F040FFF79A
S2140108582BBF204607F086FE012332880446009304
S214010868032103463A44284625F0B0FF3388E9E7D2
S214010878225900204E5E00204F5E0020052307B552
S214010888012100930220044B044A01F017FB03B030
S2140108985DF804EBFFF79EBD74E203007BE20300FC
S2140108A813B5044626F050F938B1CDE900400121C8
S2140108B80220034B034A01F001FB02B010BD00BF42
S2140108C89DE1030092E20300194B37B51B783BB94B
S2140108D801210220174A03B0BDE8304001F0EEBA04
S2140108E8D0E90232144C53F8223001211D7863886E
S2140108F802200093114A2B4601F0E0FA104B2571AD
S2140109081B78104D63B1012102200F4A01F0D6FA77
S21401091820460E4A298803B0BDE8304024F031BE8F
S21401092820460A4A298803B0BDE8304024F0EBBEC9
S2140109384D5E0020A9E2030014590020B7E2030027
S2140109484A5E002022590020CEE203004E5E0020B7
S2140109582DE9F041D0E9023253F8221003EB820365
S2140109685A680C7817889A68DB68B2F80080C6B0AF
S2140109781D780021304B0220304A0094CDE90178D9
S21401098801F09CFA002D0CBF6E2379230121022069
S2140109982B4A01F093FAFF23002D0DF1170606AD39
S2140109A8019320460CBF80234023424639460296CF
S2140109B8009525F08BFB0446002835D1307825F0C4
S2140109C845F80746B0B1284625F0D0FC1D4BFD2852
S2140109D8A8BFFD200093234682B20DF1190102201B
S2140109E801F0B2FA01210220174A01F067FA46B06F
S2140109F8BDE8F081307825F02FF860B1284625F05B
S214010A08BAFCFD28A8BFFD200E4B82B200930DF15B
S214010A181A013B46E3E7307807F0A4FD0B4B024684
S214010A28009329460123DAE7009001210220084BAA
S214010A38084A01F043FADAE7DB180400E8E20300A3
S214010A480DE30300932C0400E52204008DE2030065
S214010A5895EB030017E30300D0E9023253F822109E
S214010A6803EB82032DE9F04F5A680F78B2F800803D
S214010A789A68C7B0B2F80090DA681B6992F800A0C5
S214010A881E7800212F4B304A0446CDE90189022001
S214010A98009701F013FABAF1000F0CBF6E23792301
S214010AA801210220294A009606AD01F007FAFF2225
S214010AB8002128460DF0CCF9304624F0C7FF8346BE
S214010AC808B30023052100932046FD230DF11902E2
S214010AD825F07CFE2870BAF1000F0CBF8023402356
S214010AE84A4641463846CDE9005625F0BAFA014647
S214010AF8144807F0E7F801210220154A01F0DEF94B
S214010B0847B0BDE8F08F304624F0A6FF60B1FD235C
S214010B1805212046CDF800B00DF11A0225F056FE43
S214010B2885F801B02870D6E70590304607F01AFD1B
S214010B38059A0346009205212A46204625F046FED8
S214010B48C9E700BFCE180400E8E2030028E3030063
S214010B58E52204002DE9FF471C465B68E5685B1B38
S214010B6800255FFA83F803952E46FFF7D9FDEBB209
S214010B7898450BD90C9B9B5D282B39D8202B00F266
S214010B88CB800136F6B2002B40F0C980FFF78CFD0A
S214010B9804B0BDE8F087132A2FD801A151F822F036
S214010BA86F0C0100810C0100930C0100C70C0100B9
S214010BB8950B0100950B0100950B0100950B0100A3
S214010BC8030C0100030C0100030C0100030C0100D7
S214010BD8030C0100030C0100030C0100030C0100C7
S214010BE8030C0100030C0100130C0100ED0C0100BD
S214010BF8A3F13102D1B21329CDD90136F6B2A3F148
S214010C084102032AC2D8422B6CD06C4F00213A8885
S214010C18DFF8B0A1C2F1FE039BB2FF2B28BFFF236A
S214010C2801320091DBB22046524469B225F0AAFD92
S214010C383B880AF8030001331844388011E04FF066
S214010C480409E368A2682B4452F823301F68F8B2F7
S214010C5809F1FF39FFF71CFD19F0FF094FEA1727BD
S214010C68F5D1013583E7E368A2682B4452F82330AF
S214010C781878FFF70DFDF4E7E368A2682B4452F8ED
S214010C882330188823F06AFDEBE7E368A2682B4453
S214010C9852F823301F68B7F1807F09D2F8B2FFF700
S214010CA8F7FCC7F30720FFF7F3FCC7F30740E0E7B5
S214010CB82B4601210820424A01F000F966E74FF069
S214010CC80409E368A2682B4452F823301F68F8B277
S214010CD809F1FF39FFF7DCFC19F0FF094FEA17277E
S214010CE8F5D1BEE7294603AA204622F09EFD00213B
S214010CF8324F344A3B88DDF80C9002EB030CCAB23B
S214010D08914501F1010102D84B443B80A9E710F84F
S214010D1802A00CF802A0F2E7242B3FF670AF013BC5
S214010D28232B3FF633AF01A252F823F06F0C0100D4
S214010D38810C0100930C0100470C0100950B010082
S214010D48950B0100950B0100950B0100950B010011
S214010D58950B0100950B0100950B0100950B010001
S214010D68950B0100950B0100950B01006F0C010016
S214010D78810C0100930C0100C70C0100950B0100C2
S214010D88950B0100950B0100950B0100950B0100D1
S214010D98950B0100950B0100950B0100950B0100C1
S214010DA8950B0100950B0100950B01006F0C0100D6
S214010DB8810C0100930C0100470C01002259002008
S214010DC841E303004E5E0020094B1B7823B1012145
S214010DD80820084A01F072B8D0E9023253F82230E6
S214010DE8054A1B88012113800820044A01F066B8C9
S214010DF84D5E002067E3030020590020A9E30300A5
S214010E08D0E9023253F82230054A1B780121003B0B
S214010E1818BF012308201370024A01F04FB800BF1B
S214010E284B5E0020CFE30300D0E9023253F82230AC
S214010E38034A1B78012113700820024A01F03EB8C4
S214010E484C5E0020FEE3030010B5D0E902320446EA
S214010E5853F82230132219880B4B1878FFF760FCD9
S214010E68E368A268013352F823301878FFF710FCBC
S214010E78E368A268023352F823301878FFF708FCB3
S214010E88BDE81040FFF710BC495E002010B5D0E958
S214010E980232044653F82230112219880B4B18786F
S214010EA8FFF73EFCE368A268013352F8233018784E
S214010EB8FFF7EEFBE368A268023352F8233018788E
S214010EC8FFF7E6FBBDE81040FFF7EEBB495E0020E2
S214010ED8D0E9023253F82230034A1B78003B18BF88
S214010EE80123DB0013707047495E002010B5D0E976
S214010EF8023253F82230044619880E4B0622187817
S214010F08FFF70EFC0120FFF7C3FBE368A268034462
S214010F1852F82330188823F021FCE368A2680233CC
S214010F2852F82330188823F019FCBDE81040FFF763
S214010F38BBBB00BF495E00202DE9F043D0E9023271
S214010F484FF0FD09013253F8221003EB82035A6869
S214010F58C7B017889A68B1F80080147853F8043C2B
S214010F68002C0DF1170506AE18783A4614BF402333
S214010F78802341460295CDF80490009625F0A6F800
S214010F88034638B1184A0121082000F097FF47B0F8
S214010F98BDE8F083201E18BF01200A224146C00082
S214010FA8FFF7BEFB384623F0D9FB2878FFF770FB1E
S214010FB84A463146287824F0F7FC044628B10B4FF8
S214010FC83D88C5F1FF03984202DD2346084ADAE761
S214010FD8024608483146284425440DF0C9F83D80A4
S214010FE8FFF762FBD3E700BF34E403002259002071
S214010FF850E403004E5E002010B5D0E902320446E4
S21401100853F82230082219880B4B1878FFF788FB0B
S214011018E368A268023352F823301878FFF738FBE2
S214011028E368A268013352F82330188823F096FB48
S214011038BDE81040FFF738BB495E002073B5D0E91C
S21401104802320546023253F8221003EB820353F8A4
S214011058042C53F8083C0C781988234B1688187802
S2140110680622FFF75DFB0020FFF712FB304623F050
S21401107875FB2046FFF70CFBEB68AA68033352F8AA
S2140110882330188823F06AFBEB68AA68043352F801
S2140110982330188823F062FB204609F0E7FBE8B9FD
S2140110A8204607F05FFA05210446019001AA284662
S2140110B822F0BBFB019B01469C4206D022463146E4
S2140110C80A480BF0A7FD02B070BD094D09482E88E5
S2140110D82246304434440CF00DFF2C8002B0BDE8A3
S2140110E87040FFF7E1BA00BF495E00207CE40300C8
S2140110F8225900204E5E002073B5D0E902324FF423
S2140111088A5153F82230104D1A88104BD9805A80CC
S21401111800232A4600930121FF2325F057FB2B784D
S214011128044613F0040F0A4B08BF01261B7818BFA4
S214011138032613B109F09AF9A855064B1C8002B08C
S214011148BDE87040FFF7B0BA4E5E00201459002083
S2140111584B5E002022590020D0E9023253F8223093
S214011168034A1B78003B18BF01231370704700BF62
S2140111784A5E002010B50C4608B908F003F9024B80
S21401118818715C7110BD00BF1459002002462DE984
S214011198F341D0E90253526855F82310D21A0C8845
S2140111A805EB8301013BDBB255F82380294D022A62
S2140111B84868C8BF8A682B78D8BFFF210078C8BF9F
S2140111C811783BB901210220234A02B0BDE8F0415B
S2140111D800F074BEFFF7CEFF06F0E4FC1F4F204E6A
S2140111E83B880146224600931E48334625F05BF8A5
S2140111F80246C8B998F804103B885F2917D1CDE98B
S21401120800364FF6FF712046164B24F0AEF928B18A
S214011218034601210220144A00F050FE0023134A17
S2140112282B701380124A137002B0BDE8F0814FF696
S214011238FB718C4208D9CDE900362146094B4FF699
S214011248FF7024F0F0F9E2E72146064A009624F0FA
S2140112581CFADCE74D5E0020C7E403002259002093
S2140112684E5E002014590020CEE4030020590020C9
S2140112784C5E0020002210B50A2104461046FFF7EE
S2140112884FFA002023F06AFA0122044B1A70FFF77E
S2140112980BFA2046BDE81040FFF778BF77630020B9
S2140112A838B51C4615460123224625F0AEFA60B924
S2140112B82146284625F072FC044620B10121042067
S2140112C8034A00F0FBFD204638BD0024FBE700BFBB
S2140112D8F5E403002DE9F0430C4615461F46D0E910
S2140112E8022352F8231002EB830293680E8893F8C0
S2140112F80080D3688BB0B3F800903246012106AB64
S214011308FFF7CEFFF0B90DF1200CF4B101232A88BE
S2140113184021CDE902C2CDE90471CDE9009322212D
S214011328434606AA304625F0A7FA0B4B0B4A00930C
S2140113380B4B0190002C08BF134601210420094AD3
S21401134800F0BCFD0BB0BDE8F0836246286869680A
S214011358032303C22246DBE754E5030039E503000D
S21401136833E5030041E5030007B501236A4600217A
S21401137825F04BFA6846034908F0C8FD03B05DF846
S21401138804FB00BF75FE0000D0E9023253F8223094
S2140113980149188808F08CBD75FE000010B5D0E923
S2140113A8023203EB8201496853F8223009784FF478
S2140113B88A52188825F050FABDE8104003460121E4
S2140113C80420014A00F07ABD5EE50300D0E9023246
S2140113D853F8223002214FF48A5210B5188825F0A6
S2140113E82DFABDE81040034601210420014A00F009
S2140113F865BD00BF77E503001FB5D0E9023203EBF0
S214011408820153F82230496818884FF48A530988AC
S2140114180293094B094A0193094B1B7800931278EA
S214011428084B25F081FA012103460420064A05B037
S2140114385DF804EB00F042BD245900204E5F002001
S2140114484D5F00202E5900208EE503002DE9F0435C
S214011458D0E9023253F8221003EB82035A680E8849
S21401146817789A68DB688BB092F80090B3F800801A
S2140114783246042106AB0446FFF712FF28BB08AD27
S21401148801232A460521204625F0BFF938B904204C
S21401149801210F4A00F012FD284624F066FA4FF49F
S2140114A88A53CDE904930023CDE90253032321216E
S2140114B8CDE9008306AA3B46304625F0DDF9012131
S2140114C80346044A042000F0F9FC0BB0BDE8F0839B
S2140114D8A6E50300D5E5030038B5D0E9024303F1D4
S2140114E88043023B02220F4954F823009D000CF06A
S2140114F8FBFF60B90C4B0D491A78042A0BD82C440B
S214011508A068008821F8120001321A7038BD084B0D
S21401151808491A78F1E70121BDE838400420064A4F
S21401152800F0CCBC031104004E5F00202E590020A9
S2140115384D5F002024590020E7E5030008B5C3687D
S214011548806803F18043023B0222064950F82300D3
S2140115580CF0CAFF10B9044B187008BD0022034BE3
S2140115681A70FAE7031104004E5F00204D5F002051
S21401157837B5D0E9023153F821208C001578426836
S214011588521A012AC5BF1B195B686C091C78DCBF97
S21401159844F0180405F01F052946204625F088F86A
S2140115A8034640B12346012104200E4A009500F067
S2140115B885FC03B030BD0121A94074B92346FE223B
S2140115C84FF6FF7025F008FB012103460420064A62
S2140115D803B0BDE8304000F071BCFE2241EAC461A8
S2140115E8EEE700BFFDE503001DE6030070B5D0E990
S2140115F8021551F8253001EB8501044618884B6819
S2140116081A788B68052A1B8802D85E1E072E0BD906
S214011618012104200C4A00F051FCBDE8704001216C
S21401162804200A4A00F04ABC6468641B032CCABF3B
S214011638C9680749096825F0CFFABDE8704002462F
S2140116480449002007F05ABF3BE603005BE60300A7
S21401165800F8FF0778E6030008B5D0E9023253F828
S214011668220003EB82035968FF22038809684FF6B4
S214011678FF7025F0B1FABDE808400246014900208E
S21401168807F03CBF8BE6030008B5D0E9023253F8F1
S214011698223005214022188825F0D0F8BDE80840F8
S2140116A802460249002007F029BF00BFACE6030046
S2140116B808B5D0E9023203EB8201486853F82210D4
S2140116C8027840230988312025F00BF9BDE8084047
S2140116D802460249002007F011BF00BFCDE603000D
S2140116E808B5D0E9023203EB8201486853F82210A4
S2140116F8027840230988332025F0F3F8BDE808402E
S21401170802460249002007F0F9BE00BFE7E60300DB
S2140117181FB5D0E9023253F8221003EB82039B6807
S21401172808881A780023D21A18BF0122CDE9023395
S21401173802A94023D20125F0E3F801210090044BC9
S2140117480420044A00F0BAFB05B05DF804FB00BFAC
S21401175854E5030005E7030007B5D0E9023253F85C
S214011768223003214022188825F068F801210090CC
S214011778034B0420034A00F0A1FB03B05DF804FB09
S21401178854E5030014E7030037B5C36882680533D8
S21401179852F8233004211D786A460123044625F0B1
S2140117A834F838B904200121064A00F087FB684658
S2140117B824F0DBF82B466A4600212046FFF78AFD0F
S2140117C803B030BD2EE7030007B5D0E9023203EBBC
S2140117D88201486853F8221002784023098832208B
S2140117E825F07FF801210090034B0420034A00F0FE
S2140117F865FB03B05DF804FB54E503005FE70300EF
S21401180870B585690446EA0705F0020605D476B17F
S214011818C5F3072024F0CBFD09E01EB1B2210F481D
S2140118282BF0E7F8A069C0F3810024F0AFFDE36967
S2140118381BB9BA2109482BF0DCF8204614F098FBAE
S214011848E3693EB1607E9847AB0706D0BDE87040B5
S21401185824F0A1BD20469847F6E770BD74E703005B
S21401186808B514F079FE28B1BDE8084047210248BA
S2140118782BF0BFB808BD00BF74E703002DE9F0419F
S214011888FF2B04460F4690461D469DF8186005D066
S214011898FF2E03D0D52111482BF0ABF80023FF2DDE
S2140118A818BFAD000E4A1CBF45F00105EDB2226017
S2140118B80C4AC4E9063818BFA561FF2EC4E90123FE
S2140118C82361E76007D0A36943F0020323F47F434B
S2140118D843EA0623A361BDE8F08100BF74E703006D
S2140118E8C440002009180100002310B5054C036107
S2140118F80460054CC261C0E901430123C1608361EC
S21401190810BD00BFC44000200918010070B58669E3
S214011918044606F00303032B0D4603D1FC211448A5
S2140119282BF067F8FF2D16D0B20704D440F2011148
S2140119380F482BF05EF8284624F0D7F9FF2805460D
S21401194804D14FF482710A482BF053F82DB204EBF8
S2140119584514204670BDF307FBD5A36913F00C0F99
S214011968F7D040F20B1102482BF043F8F1E700BF1D
S21401197874E703000023054AC0E9063103610260E3
S214011988C360034A034B426083607047C44000202B
S21401199809180100455F0200014827F0FEB800BF9C
S2140119A8C4400020014827F004B900BFC440002005
S2140119B813B50E4827F0CBF822F053FF26F089F826
S2140119C826F0ABF826F0B5F8FCF728FF0446FCF736
S2140119D83FFF2346009001210420054A00F06EFAD5
S2140119E802B0BDE81040FCF71FBF00BFC44000208E
S2140119F807E80300022808B503D12AF0F3FF014BD4
S214011A08186008BDF440002008B50DF08FF80122D3
S214011A18044B1A702BF06FF8BDE8084002490348DA
S214011A28FDF7C4B8505F002090680020F8400020F9
S214011A38014B1870704700BF4F5F0020024B1878A3
S214011A4808B106F093B87047ED6D002008B5074B4E
S214011A581B780BB1002008BDFFF7F0FF0028F9D16D
S214011A6806F05EFC023818BF0120F4E74F5F00203D
S214011A7870B5FFF7EBFF174D20B1FFF78DFF042870
S214011A88044613D82B781BB92BF035F801232B7095
S214011A9822F0F5FE0446D8B12B781BB9F7210E487B
S214011AA82AF0A7FFBDE87040FFF776BF22F0E9FEEF
S214011AB80028E7D02B785BB12AF007FF06460021FD
S214011AC8012029F03DF930462AF0FAFE00232B7052
S214011AD8204670BD505F002028E803001FB5FFF7B9
S214011AE8C7FF0446FDF740FAA04228BF204688B142
S214011AF803A929F041FD034638B9CDE90000064A95
S214011B08039906482AF08AFF18B18E2104482AF05C
S214011B1870FF012004B010BD85480300D4400020A2
S214011B2828E803000D4B70B51B780D4D0D4C0121AF
S214011B38002B0CBF2B46234602200B4A00F0BEF9A9
S214011B480A4B01211B780220002B0CBF2B4623468B
S214011B58BDE87040064A00F0B1B900BFED6D00203F
S214011B682211040041110400BEE803004F5F002063
S214011B78DDE8030010B5D0E9023253F8223002201E
S214011B881B780121002B15BF01240024044A054AAD
S214011B9800F094F92046BDE81040FFF749BF00BFA2
S214011BA8FCE8030019E90300D0E9023253F82230B1
S214011BB8034A1B78003B18BF01231370704700BF08
S214011BC8ED6D002038B50125084B1D702AF07DFE05
S214011BD804462946284629F0B3F820462AF070FE1E
S214011BE8BDE8384002490348FCF7E0BF515F0020D2
S214011BF8986800202041002070B514F033FD10F0DD
S214011C08070F1D4D11D02B785BB901262E702AF0CF
S214011C185CFE04463146304629F092F820462AF002
S214011C284FFEBDE8704014F0EDBA24F0B9FF022863
S214011C3803D1124B1B78032BE5D914F013FD18B901
S214011C480E4B1B78032B14D814F0DCFA0446002834
S214011C58D9D02B785BB100262E702AF036FE0546C1
S214011C683146012029F06CF828462AF029FE20463C
S214011C7870BD4FF0FF34ECE7515F0020D8630020B9
S214011C881FB5FFF7B9FF0446FDF76EF9A04228BF56
S214011C98204688B103A929F06FFC034638B9CDE977
S214011CA80000064A039906482AF0B8FE18B18C21A6
S214011CB804482AF09EFE012004B010BD5F4D0300C3
S214011CC80041002038E9030010B5094C09490020F5
S214011CD807F0FAFB23681B68587924F03CF8236858
S214011CE81B68587923F040F805F066F9002010BD06
S214011CF880460020C6E9030008B524F041FF0246E5
S214011D0828B1BDE808400020014907F0DDBB08BD41
S214011D18E9E9030008B524F049FF024628B1BDE801
S214011D2808400020044907F0CFBB5422BDE808400C
S214011D38FF2102480CF08CB801EA0300385900204C
S214011D4838B504460D4624F035FF024628B1BDE8ED
S214011D5838400020034907F0B7BB034B23F814505B
S214011D6838BD00BF1FEA0300385900202DE9F341AA
S214011D7800240C4E0C4DDFF838800C4F56F8043B07
S214011D880BB9D8F8003035F8022B394600920020F6
S214011D982246013407F098FB2A2CEFD102B0BDE8A1
S214011DA8F08100BFA46800208C5900203BEA03009C
S214011DB8A068002008B52A21034824F0F3FEBDE8F0
S214011DC80840FFF7D3BF00BF8C59002007B5D0E9FC
S214011DD8023253F822301A78292A0DD8084B53F8BC
S214011DE822300BB9074B1B680749002031F812103F
S214011DF80091064907F068FB03B05DF804FB00BFD5
S214011E08A4680020A06800208C5900203BEA030043
S214011E1808B52A21034824F0C7FEBDE80840FFF7A5
S214011E28A5BF00BF8C59002038B5D0E9023253F857
S214011E38221003EB82035B680C781D880020044996
S214011E4807F042FB29462046BDE83840FFF778BF31
S214011E5846EA03002DE9F34100240C4E0C4DDFF849
S214011E6838800C4F56F8043B0BB9D8F8003035F8D3
S214011E78022B3946009200202246013407F024FB43
S214011E882A2CEFD102B0BDE8F08100BFA46800207B
S214011E98385900203BEA0300A068002010B5024626
S214011EA822F078FF20B9044C236811B1134323604C
S214011EB810BD23EA0203FAE7506900200CB413B5F3
S214011EC802460C4622F066FF60B9094B1B681A42A7
S214011ED808D005A9049801910AF0B0FE14B1054886
S214011EE825F085FD02B0BDE8104002B0704700BF7E
S214011EF85069002045ED0300034610B5D3E90232C8
S214011F0853F8223008461C78211E18BF0121FFF716
S214011F18C5FF014648B9084A084B0220002C08BFED
S214011F281346074AFFF7CAFF10BD00210220054ADB
S214011F38FFF7C4FFF8E700BF44D903003CD9030004
S214011F4847ED03005DED03002DE9F04105461F4608
S214011F580C46DFF82C808E18B44201D1BDE8F0811A
S214011F680021284614F8013B069AFFF7A7FF002F21
S214011F78F2D0424600212846FFF7A0FFECE700BF53
S214011F88D1DF03000021024A0248FFF7ADBC00BFBB
S214011F982120010028410020FF21014822F053BCDE
S214011FA8284100200022034BFF2103481A7022F023
S214011FB843BC00BF525F00202841002013B5114CD6
S214011FC82378032B13D8009300230F4A18460F498A
S214011FD807F07AFA237842F21072002B08BF002223
S214011FE8FF210B4802B0BDE8104022F014BC0022C5
S214011FF80849104607F068FA02B0BDE81040FFF736
S214012008D1BF00BF525F00206EED030080ED0300D4
S214012018284100208AED0300F0B52B4D8FB02B78B0
S21401202823B309A824F0F6FD022309A88DF8243065
S21401203824F0DEFD01AA06469446244B03F1100758
S214012048144618685968083303C4BB422246F7D1B8
S21401205805AA17461E4B03F1100E14461868596850
S214012068083303C473452246F7D1E6B1012409A80B
S21401207824F06CFD28B9BDF8243013F0020F18BF00
S21401208801242B781349002B4FF000034FF0A002D0
S21401209808BF1946204624F033FD90B92B78013342
S2140120A82B700FB0F0BD614609A824F0A3FD0028E7
S2140120B8DCD1394609A824F09DFD04460028D6D06F
S2140120C8D4E7FFF77BFFECE7525F0020507504006A
S2140120D86075040000F8FF0710B50020324907F0C4
S2140120E8F3F908220020314907F0EEF9304B314A5E
S2140120F81978314B0020002918BF1A462F4C304951
S21401210807F0E2F9002024F041F92368002B47D0B4
S2140121181B78022B44D900222A4B10462A4907F07D
S214012128D3F922F07EFE29490246002007F0CCF9B1
S21401213800F0D0F826490246002007F0C5F92368C2
S2140121481B78032B2CD900F0D5F82249024600202B
S21401215807F0BAF900F0DEF81F490246002007F03A
S214012168B3F900F0DFF81D490246002007F0ACF984
S21401217800F0A4F81A490246002007F0A5F900F075
S214012188D7F8184C184954F82020002007F09CF975
S21401219800F024F9154954F82020002007F094F996
S2140121A8BDE8104024F0F7B8ACED0300C8ED030015
S2140121B8535F00202211040041110400BC45002091
S2140121C8EBED030012DB030006DB030007EE03005A
S2140121D82BEE03004FEE030073EE030097EE0300A9
S2140121E8BEEE030054690020E5EE030008EF030085
S2140121F808B5D0E9023253F82230187840B10020E9
S214012208074907F061F9BDE80840802000F034B8B6
S214012218044907F059F9BDE80840802000F046B89F
S2140122282BEF030048EF0300D0E9023253F82230BF
S214012238034A1B78003B18BF01231370704700BF81
S214012248535F002018220021094BC3E900121A7BAC
S2140122580AB9084A9A601A7C12B94FF47A72DA8176
S21401226840F6B8325A8200229A829A75704700BFA1
S21401227848410020E09304000A4B10B51B687BB167
S2140122881B78032B02D8B0F5007F09D1064C2368CA
S214012298034323606368184202D02AF09EFBA0829B
S2140122A810BD00BFBC45002048410020024A136803
S2140122B823EA00031360704748410020014B186861
S2140122C8704700BF48410020014B9868704700BF1F
S2140122D848410020024B9868FA23B0FBF3F0704798
S2140122E8484100200122024B98601A73704700BFCC
S2140122F848410020024BD889FA23B0FBF3F0704717
S214012308484100200122024BD8811A74704700BF49
S21401231848410020024B588AFA23B0FBF3F0704775
S21401232848410020014B5868704700BF48410020CB
S2140123382DE9F84300244FF00C08104B104F9D7DF3
S214012348104E3988E3B28B4202D32846BDE8F8839B
S21401235808FB03F3F05C06EB030924F01EF850B9FA
S214012368FF21D9F8080022F06EFA20B199F8053055
S2140123789D4238BF1D460134E3E700BF48410020AF
S214012388926D0020D8690020124B10B51B68124CBC
S214012398EBB11B78032B02D823689B0517D52AF0C7
S2140123A81CFBA38AC01A638A80B283423EBFD4E963
S2140123B800329343236024F06DFB08B1E08910BD19
S2140123C82368002BFAD1FFF7B3FF0128F6D0A068DF
S2140123D8F5E700BFBC45002048410020014B987D29
S2140123E8704700BF4841002038B504460D462AF01C
S2140123F8A5FB244B1B7813B1204622F00DFD402C7B
S21401240827D006D884B13F2C18D0BDE8384023F031
S214012418C2BF4C3C0C2CF8D81B4B2341DB07F4D429
S2140124280220FFF743FFF0E74FF40070FFF73EFF87
S2140124380220FFF721FF154B1C71E6E74FF40070E9
S214012448FFF734FF0220FFF731FF00220F4B1A7106
S214012458DBE723F023FF0028D7D10C4C0220237991
S21401246801332371FFF722FF4FF40070FFF704FFD3
S2140124782379AB42C9D322F0D0FC0028C5D122F07B
S214012488A5FCC2E7535F0020FEEEFFFF6041002077
S21401249810B505F05FFB02280AD124F0D7FA0346E7
S2140124A830B1BDE8104000220249104607F00CB8CA
S2140124B810BD00BF94EF03000021024A0248FFF74F
S2140124C813BA00BF992401006841002038B50020DE
S2140124D823F05CFF124B1B6893B11B78022B0FD9B4
S2140124E805F038FB022816D10E4C2568FFF74CFF7D
S2140124F8A842206008D0FF2122680B4822F08BF9F9
S214012508BDE8384023F047BFFF21074822F09BF972
S2140125180028F5D1EFE7FF21034822F08DF9EFE710
S214012528BC4500206041002068410020024602495F
S214012538002006F0C9BF00BFA8EF030010B5234C62
S2140125482348FF2122F078F9207802281ED0032894
S2140125582ED0012804D02120BDE81040FFF7E6BFA1
S2140125681C4B19780029F7D002231B4A23701378CD
S214012578052B0EBF00230133DBB29942137003D13A
S214012588052313700020E7E7052BFBD0124B1B78B9
S214012598052B02D103232370DDE7104A104932F8D0
S2140125A8230007F085FC032323700028D4D110BD2F
S2140125B8094B0C4A1878094B03EB8001897833F8E4
S2140125C8200007F045FC0123EEE700BF545F00201A
S2140125D8884100205D5F0020EF6D0020E059002053
S2140125E8CD270100792701002DE9F04F0D46144645
S2140125F895B00490112200210FA89946DFF86C8146
S2140126080BF026FC04EB45030393D9F800301C2B8A
S21401261802D0039B9C4202D115B0BDE8F08F01237E
S214012628DFF844A18DF81C3023884C4AADF81E30DB
S2140126389AF800304A4D08EB83039B7828788DF882
S214012648203013688DF81D00CDF821305368CDF879
S214012658253023F0A2FE049B8DF8290021882878CE
S214012668002B4AD123F068FB002844D09AF80030A2
S2140126780FAA38F8230007A922F0DDFB00283AD074
S21401268823F087F94FF0000B074606461C255FFA2C
S2140126988BF2974234D8B7422BD99DF81C30032BBE
S2140126A81AD10FAB0193BDF8213000220421009303
S2140126B801202C4B06F08EFD9AF8003008EB8303B8
S2140126C89978274B187806F001FE9AF80030002012
S2140126D838F8231023F0B6FD5DB107A9304624F07B
S2140126E8A7F9214B05461B78304638F8231024F005
S2140126F8A1F9C9F80050023487E723F014FBB3E7C1
S21401270810460BA9059224F08FF930B99DF82C10C4
S21401271831B9059AB74208BF16460BF1010BB6E761
S214012728BDF82E00BDF81E209042F6D19DF8300067
S2140127389DF820209042F0D19DF81C208A42ECD1C9
S214012748032A14BF082202220DF121010DF13100DE
S2140127580BF0CAFE002808BF0025DEE7555F0020FB
S214012768EE6D002025F20300EF6D0020E0590020F1
S21401277813B503460020114A9C6812780190052A71
S21401278803D01B78032B00D12CB9012002B0BDE879
S2140127981040FFF7CBBE6268217801ABFFF724FF34
S2140127A8217A0120E26801ABFFF71EFFFF210448EA
S2140127B802B0BDE8104022F037B800BFEF6D002028
S2140127C888410020094B1B78052B02D00378032B80
S2140127D802D00120FFF7AABE8168054A0B680548A2
S2140127E813604B68FF21536022F01EB8EF6D00207E
S2140127F8555F00208841002038B50024114B124D42
S2140128081870124BFF211C702C7006F05FFD012218
S214012818032110460E4B06F0DDFC4FF6FF712246EB
S214012828084623F012FD044648B940F6B832FF219F
S214012838084821F0F0FF01232B70204638BDFFF72A
S21401284875FEFAE7EE6D0020545F00205D5F0020FC
S214012858E522040088410020144BF0B51A68144993
S21401286813680978587988420BD11249D7880846DF
S2140128780022114D1E792B78D4B2A34203D8052C19
S2140128880AD10020F0BD0C88BC4202D18C78B44233
S214012898F7D001320431EFE7A342F2D120F82270D3
S2140128A8013300EB820086702B70EAE78046002031
S2140128B8EE6D0020E05900205D5F0020FF2307B57C
S2140128C80021044A04480093FEF7D8FF03B05DF8D8
S2140128D804FB00BF45250100884100201FB5B4232D
S2140128E803210446ADF80E3023F01DFA98B12123D2
S2140128F820460093002203210DF10E0323F0C2FBAC
S21401290804460020054B064A0649009406F0DCFDFD
S214012918204604B010BD8624F3E700BFD2EF0300BB
S214012928DFEF0300F4EF0300D0E9023253F8223058
S214012938034A1B78012113700220024AFFF7BEBA28
S214012948076E002003F003000122014B1A7070473E
S214012958076E00200A4B90F805111B7890F808219D
S21401296819448A42BCBFB2FBF3F103FB11234FF0B3
S214012978FF32B8BFDBB202FA03F380F80A317047B8
S214012988076E00202DE9FF410446057F867EDFF8A5
S21401299870806E43237F98F8002013449D4212DB13
S2140129A8607F60B9238B029363690193237C00934C
S2140129B86288A31D217805F095FDFF23237000206A
S2140129C804B0BDE8F081E37EAB42E9D9A77E228B4D
S2140129D8F1199142A4BF921BD7B205EB0323E381F9
S2140129E83A4633462946204622F03FFA0028E7D1E0
S2140129F8637F3744013301356377BEB2EDB2C9E769
S214012A08076E002037B5054624F040F80D4B0446FE
S214012A181B6869461B78032B82BF0B4B1B881B1848
S214012A28284688BF9CB224F0B9F838B9684624F01D
S214012A382FF818B9044B1B8823449CB2204603B0D0
S214012A4830BD00BFBC450020966D0020084B1B78A2
S214012A58FF2B0BD1074B1B78FF2B07D1064B1B7897
S214012A68022B03D04FF48070FFF720BC704700BFDD
S214012A785C690020D8420020A841002010B5044611
S214012A88FF2121F0D9FE054B9C4202BF0023A4F585
S214012A9888742370BDE81040FFF7D8BFB8420020FD
S214012AA82DE9F0479A462A4B81461B7888461646F2
S214012AB8BDF82050002B49D0FF2D3ED93825284691
S214012AC8BDE8F087234B0C223146A01D636184F8CC
S214012AD80090A4F802800BF00DFAA289414642F450
S214012AE8004242F040022046A28122F0D0F92A464E
S214012AF8514660690BF0FEF941464846A21D2583FA
S214012B0823F018FDA0760028D8D00544013DB5FB72
S214012B18F0F0FF28D2DC0023E0762046A383FFF7F7
S214012B2831FF054680B923794FF48070B372FFF7F9
S214012B38A3FB227C099B1A80C1E7074C2778FF2F45
S214012B48C0D040F60345BAE72770F2E70225B6E794
S214012B58076E00205F5F0020D8420020B0F90630DB
S214012B6810B5002B25DA144C2278237CFF2A02D0D4
S214012B78827A9A4207D0114C2378FF2B17D0827A93
S214012B88237C9A4213D169B9637F013BDBB2637731
S214012B985BB90B4A237F1278204613442377FFF745
S214012BA8F1FE0146204622F081F9FFF74FFF01208A
S214012BB810BD0020FCE700BFD84200205C69002059
S214012BC8076E00202DE9F04F9A46B1F9063091B00C
S214012BD8002B0D461746DDF86880049080F229819F
S214012BE8B8F80030FF2B04D94FF4B871A64829F07D
S214012BF800FFA64B00241A7893F80401B3F80211D3
S214012C08002A40F0A5802E7AA14A1278B24240F2F4
S214012C18AF800222A3F802711A70AA7AFF2483F8F9
S214012C2804210022A3F8084183F80521A3F8062108
S214012C38B8F80020954883F80C21FFF78BFE384634
S214012C48FFF7E0FE214600EB4002924821F0E3FD43
S214012C584FF48070FFF710FB8C4C94F80A91B9F189
S214012C68FF0F20D18A4A94F8053112781344B342EB
S214012C7819DC94F80C1184F80531B4F806312046AD
S214012C8801FB0233A4F80631FFF764FE0122824BEA
S214012C9838461A70FFF7B6FE494600EB400204F5BF
S214012CA8887021F0B8FD94F80531B34260D8DFF892
S214012CB8E0B19BF800C00CEB0302964258DA76495D
S214012CC894F808210878013A002853D0964205DA84
S214012CD8B8F8002084F80C2100220A70B6FBFCF92B
S214012CE801220CFB196994F80A015FFA89F902FABC
S214012CF809F2D1B2024076B92889000A844584F8D7
S214012D08080108D92046CDE906210593FFF722FEDA
S214012D18DDE90621059B94F80A01014384F80A11A6
S214012D2882B994F80921B4F806C1013284F8092158
S214012D38B8F80020DAF800100CEB0200FF2826DDB0
S214012D480323237094F80831013B9E4230D138E0C2
S214012D58AE7A864202D18F4200D11C462E7A002CCA
S214012D687FF47BAF002A3FF44FAF012A3FF44CAF04
S214012D7801205FE09642B1DA94F80C1198F8002029
S214012D889142ABD004F58870FFF778FEF0E794F827
S214012D980CE1F31A0EFB03C3A01C10FA83F005928C
S214012DA80BF0A8F894F80831059A013B9E4244D0E6
S214012DB8012394F80A2103FA09F3013B1343FF2B75
S214012DC804D122462946384622F062F894F808319A
S214012DD894F809219A42CBD19BF80030B2FBF3F163
S214012DE803FB112212F0FF0218BF13462278022AAB
S214012DF826D1264A023410785178012804BF0131B9
S214012E085170012224F8022CEA88B4F8041122F041
S214012E184002EA8094F809210A44591E94F80A31B6
S214012E2813FB01F31344A8F80030CAF80040FFF773
S214012E380DFE002011B0BDE8F08F84F80B21C0E725
S214012E486979002994D0032A92D1B4F8062194F816
S214012E580B1108AE11445A1E94F80C31284613FB80
S214012E6802F30B4400219BB2A21CA8F80030CAF852
S214012E780020CDE900710296049907F005FD892125
S214012E88304623F054FB7DE72AF00300A8410020D2
S214012E98076E0020B84200205E5F002013B5044686
S214012EA818B101280BD002B010BDFF2301460093CC
S214012EB8064A0748FEF7E2FC064B1C70F3E7FFF7E5
S214012EC843FDFF22044B1A70EDE700BF852A010077
S214012ED8B8420020A8410020D842002013B501A915
S214012EE809F076FF044648B9BDF806309DF8042077
S214012EF8034906F0E9FA204602B010BD8120FBE737
S214012F08C1F0030013B5694609F06EFF044688B997
S214012F18BDF802309DF80020074906F0EFFA204672
S214012F28019906F043FA2046044906F0CDFA2046F0
S214012F3802B010BD8120FBE7E5F003000BF10300AA
S214012F4837B5694609F074FF044618BB9DF8013089
S214012F589DF80020104906F0D1FA104D9DF8012081
S214012F68E3B29A4206D800200D4906F0ADFA0020D1
S214012F7803B030BD0198630003F4FF7302220021F9
S214012F88184423F0EDF929460246002006F0B6FA61
S214012F980134E3E78120EBE70DF103003CF1030080
S214012FA8E522040013B501A909F018FF044648B93B
S214012FB8BDF806309DF80420034906F085FA204638
S214012FC802B010BD8120FBE746F1030030B50024AE
S214012FD80B4D85B06946E0B223F026FD50B99DF841
S214012FE80030032B06D12946BDF805309DF801208F
S214012FF806F06AFA0134202CECD105B030BD00BFCA
S2140130086DF1030008B50020034906F05DFABDE836
S2140130180840FF2000F0DEBA7FF103002DE9F04FEB
S21401302885B006460D46174621F080FF044640B196
S21401303830463A46294621F063FF002005B0BDE830
S214013048F08F4FF003094FEA15285FFA84FA6946AC
S214013058504623F0E9FCB8B99DF800B0BBF1000F63
S21401306812D1694650468DF800908DF805508DF8B6
S21401307806808DF8016023F0DBFC02460028D7D0D5
S2140130885846064906F020FA0134202CDDD10020E6
S214013098034906F019FA8920D0E700BF94F1030026
S2140130A8BBF103001FB5002304468DF80F3021F04D
S2140130B828FF28B19DF80F3063F07F038DF80F3095
S2140130C8182301930DF10F030022009304214023D6
S2140130D8204622F0C6FF024618B10020024906F033
S2140130E8F3F904B010BD00BFD6F103001FB502A95D
S2140130F809F08CFE044688BBBDF80820184906F07E
S214013108FDF92046039906F051F92046154906F0BF
S214013118DBF94FF6F672BDF80810134C4B1E9BB23E
S214013128934219D82368039A1B685879FFF776FFE4
S21401313823681B79012B0BD8BDF808300022CDE98E
S21401314800030421094B092006F044F823F0E9F9A5
S2140131586FF0FF0004B010BD8720E9E78120F9E78A
S214013168F5F103000BF10300804600200CF2030082
S21401317870B504468AB005AD1122002128460AF02A
S21401318867FE204604A909F035FE044600283AD110
S2140131981E4EBDF810201E4906F096F932681379BE
S2140131A8012B28D84FF6F670BDF810104B1E9BB2AF
S2140131B8834224D81368587921F0B8FE08B33368D7
S2140131C82A461B68BDF81010587921F098FEBDF8FC
S2140131D8103001220421CDE9004309200D4B029548
S2140131E805F0F8FF23F09DF9034620B100200A4AAE
S2140131F80A4906F069F96FF0FF000AB070BD872426
S214013208E5E78B24E3E78120F7E700BF8046002047
S2140132180FF2030024F2030028F2030033F203003E
S2140132282DE9F0479AB004A909F0FCFD04460028E8
S21401323840F0B5809DF810205B4906F05FF92546F9
S2140132485A4E9DF81020EBB29A4254D8002058499D
S21401325806F03AF99DF81050002D40F099802C465A
S2140132682E46544F06A9F0B223F0DEFBC8B99DF8E6
S2140132781830032B15D13B689DF819201B685B791C
S2140132889A420ED19DF81D2005F168036B4403F898
S214013298402C9DF81E200235013403F83F2CEDB270
S2140132A8E4B20136202EDDD19DF810300BB1002C8A
S2140132B877D00AABCDE90143FF230222042100930C
S2140132C809203D4B039505F085FF23F02AF90346AF
S2140132D860B19DF81020002A5FD0384A3849002C82
S2140132E808BF0A460020374906F0EEF86FF0FF00DF
S2140132F81AB0BDE8F08705986B0003F4FF73022245
S2140133080021184423F02CF831460246002006F026
S214013318F5F8013595E70598730003F4FF73022263
S2140133280021184423F01CF8002780465FFA80FA2B
S21401333806A9F8B223F078FB00BB9DF81830032BDA
S2140133481CD1D9F800309DF819201B685B799A4280
S21401335814D19DF81D30534510D19DF81E30C8F381
S21401336807229A420AD105F168036B4402350134F3
S21401337803F840AC03F83F2CEDB2E4B20137202F36
S214013388D6D101369DF81020F3B29A42C3D88BE7FE
S2140133980025DFF820902E46F4E7084AA2E78120A8
S2140133A8A6E78B20A4E700BF8DF203003CF10300DB
S2140133B8E522040080460020ACF203005EF203001A
S2140133C87CF20300B0F203002DE9F04389B002A9AC
S2140133D809F016FD0446002867D1BDF808203449CF
S2140133E806F072F84FF6F672BDF80850DFF8D4907A
S2140133F86B1E9BB2934254D8D9F8003029461B68F5
S2140134085F79384621F092FD00284CD026465FFAAF
S21401341886F8404603A923F007FB28B9294638460B
S21401342803AA21F070FD20B90136202EEFD14FF006
S214013438FF08404623F0F6FA014658BB112203A8B6
S2140134480AF006FD2946384603AA21F059FDD9F89F
S21401345800301A79012A18D81B68BDF8081058795F
S21401346822F03FFFBDF8083003220421CDE90043CE
S2140134780920104B05F0AEFE23F053F8034620B1A1
S21401348800200D4A0D4906F01FF86FF0FF0009B03D
S214013498BDE8F08302460A49002006F015F8012423
S2140134A8D5E78724D3E78B24D1E78120EFE700BF50
S2140134B8D2F203000CF2030010F3030033F2030008
S2140134C8E9F20300804600202DE9F043DFF89480F6
S2140134D80020D8F8003021491B688BB05E7900259A
S2140134E805F0F2FF01275FFA85F9484601A923F09E
S2140134F89BFA044690B99DF80430032B0ED19DF82B
S2140135080530B3420AD1484623F08CFA0146A0B1E9
S21401351802461349204605F0D7FF27460135202DD8
S214013528E1D1D8F8003000211B68587922F0D9FE7D
S21401353887F001000BB0BDE8F083112205A80AF058
S21401354887FCBDF809403046214605AA21F0D8FC7B
S2140135582146304622F0C5FEE0E700BF1DF3030012
S214013568E9F203008046002037B5694609F054FCA5
S214013578044638BBBDF80020134905F0BFFF134DBC
S2140135882046019905F012FF2046114905F09CFFD7
S2140135982B681B68587922F0B3FF70B14FF6F672A4
S2140135A8BDF800104B1E9BB2934209D82B68019AAE
S2140135B81B685879FFF732FD0446204603B030BD34
S2140135C88724FAE78120F9E731F3030080460020D3
S2140135D80BF103007FB505460024E6B2694630467E
S2140135E823F022FAA8B99DF80030032B11D19DF8D3
S2140135F80130AB4204D0FF2D0BD19DF80D3043B9F5
S214013608304623F00FFA024618B10020034905F0A8
S2140136185BFF0134202CE0D104B070BDE9F2030051
S214013628034B1B681878012808BF0220704700BFA3
S214013638BC450020D0E9023253F822301A78024BF2
S2140136481A7000F0E7BA00BF5E60002070B5D0E9D6
S21401365802456B1EDBB254F8230003221B490AF00D
S21401366843FF54F8253004EB8504197863681A7803
S214013678A2F10B030F2B05D915490020BDE87040B0
S21401368805F022BF01290FD1124C9140236840B999
S2140136980B43114A23600020BDE870400F4905F02E
S2140136A813BF23EA0103F4E702290CD101230C49CD
S2140136B803FA02F20B6818B913430A4A0B60EAE7E1
S2140136C823EA0203F9E70A460749D6E755F3030052
S2140136D859F30300806900206FF3030077F30300B2
S2140136E87C6900208AF3030094F3030007B5D0E948
S2140136F8023103EB810253F821300B491B785268DB
S214013708012B0A4B08BF0B4612684FF000001A60DF
S2140137180092074A074B084918BF1346074A05F09F
S214013728D3FE03B05DF804FB806900207C690020A5
S214013738AFF30300A7F30300B9F303008075040091
S21401374838B5254A254B264C0020264905F0BCFEEF
S2140137580020254905F0B8FE22682449002005F016
S214013768CDFE2068224C234D05F088FE2146002018
S21401377805F0AAFE2A682049002005F0BFFE286841
S21401378805F07CFE2146002005F09EFE1B4B1C49D9
S2140137981A781C4B002053F8223005F095FE00F0ED
S2140137A80DF919490246002005F08EFE174B002038
S2140137B81A78174905F088FE164B17491A7800201B
S2140137C805F082FE04F0C6F9BDE838400246134902
S2140137D8002005F079BE00BF80750400D3F303000E
S2140137E880690020DAF30300E2F30300F0F3030034
S2140137F853DA03007C69002001F403008C60002082
S21401380812F403008469002025F403007160002087
S21401381839F40300706000204BF403005DF40300E4
S21401382807B500F071F8054B0090054A00200549D8
S21401383805F04AFE03B05DF804FB00BF73F403000D
S21401384880750400F4EF0300F8B504460B4F0C4EE0
S2140138580C4D00200C4A0D4905F036FE20463B78F3
S21401386829783278F4F710FD00233B7033702B70FB
S214013878FF21BDE8F840064820F0DEBF8C60002036
S21401388870600020716000208075040078F40300E1
S214013898F842002037B51248FF2120F0CDFF114B22
S2140138A8187810F0100505D0002003B0BDE83040A8
S2140138B803F01CBF0121B42004F0C6FA04460A4BE3
S2140138C80A4A0B490090284605F0FEFD2046FFF7F8
S2140138D8BBFF4FF4806003B0BDE83040FEF7E6BC9E
S2140138E8F84200208C6000208FF4030080750400E5
S2140138F8F4EF03000021024A0248FDF7F5BF00BFB6
S2140139089D380100F842002008B5054B1B7823B105
S2140139181720FFF799FF002008BD0220FCE700BF2B
S2140139288C60002010B550B1054B00F1100250F81C
S214013938044B904243F8044BF9D1024B197010BD61
S214013948726000208260002037B5174D04462B7838
S214013958DB0626D50090154B0020154A154905F0BB
S214013968B3FD1E2C0BD0652C09D0032C19D00020D2
S21401397823F0D2F840F61C40FFF766FF0DE023F06F
S214013988F3F84FF4FA63B0FBF3F202FB1300C21824
S214013998FF21094892B220F03EFF2B7823F010034E
S2140139A82B7003B030BD00BF8C600020A8F4030064
S2140139B880750400F4EF0300F8420020014B1879E3
S2140139C8704700BFF459002070B54C4E8EB033785E
S2140139D803F0FB02A3F10905022AEDB258D0042B25
S2140139E841F6041257D0A3F108014B424B415B0044
S2140139F813434348ADF80C3021F0C8FA48B9414B97
S214013A083F4A03F1100153F8040B8B4242F8040BAA
S214013A18F9D13D4B1B78002B3FD03C4B0DF10E02E4
S214013A2803F1100153F8040B8B4242F8040BF9D149
S214013A3803A823F091F82328044610D1012D49D86C
S214013A480020334A334905F03FFDBDF80C3003A882
S214013A5823F40053ADF80C3023F07EF80446002C0E
S214013A6841D14FF40C7023F075F8044600283AD17A
S214013A7803F0FAFE012D36D8274A01AB10685168C3
S214013A8803C3264901A823F0C3F878B319242AE00A
S214013A9843F60412A7E70223AAE73378042B0DD0CE
S214013AA8082B0BD01E4B0DF10E0203F1100153F833
S214013AB8040B8B4242F8040BF9D1B9E7104A0DF111
S214013AC80E0302F1100152F8040B8A4243F8040B64
S214013AD8F9D1ADE7337803F0FB03022B03D10020BD
S214013AE8104905F0F1FC20460EB070BD044901A846
S214013AF823F08EF804460028C8D1F4E78C6000202D
S214013B086060002075F50300826000207260002066
S214013B1880750400CCF4030086F503007075040074
S214013B288FF5030027F5030070B5002686B0044616
S214013B38252022F0F7FF1622002116480AF088F9F8
S214013B48154B1E60154B1878FFF76AFD022814BF3F
S214013B580123042303208DF8083023F031F80423C9
S214013B688DF810300E4B02A80593039403F030FD30
S214013B7805460C4B0C4A19680C4B3046A14208BF47
S214013B88134600940A4A0B4905F09EFC284606B0DF
S214013B9870BD00BFF4590020184300208C60002037
S214013BA8913E010080690020A7F30300AFF30300EC
S214013BB880750400A0F5030008B5134A1378042B92
S214013BC809BF124B01331B78C3F10603DBB213702E
S214013BD803F0FD02092A04D11720FFF735FE172046
S214013BE808BD0A4A1278002A14BF052206229A42FC
S214013BF807D1074B18680028EED0FFF795FF4D2030
S214013C08EEE70020ECE700BF8C6000208260002011
S214013C187C69002073B51E4C1E4E23683268134318
S214013C2834D01D4B1B6853B31C4D2B783BBB03F09C
S214013C3891FFF8B94FF48060FEF71EFB184B246815
S214013C481B7894B1C3F102032B7003F047FD20469D
S214013C58FFF76AFF04460020124B134A13490094E3
S214013C6805F032FC204602B070BDC3F10603346885
S214013C782B70EAE70121B42004F0E6F8EAE7002011
S214013C88094A0B4905F020FC0224E4E70224E9E787
S214013C98806900207C690020BC4500208C600020DB
S214013CA882600020E8F5030080750400F4EF030045
S214013CB8CEF503002DE9F347384D394E00202A7911
S214013CC82B88384905F000FC3268287922FA00F07A
S214013CD810F0010002D1344905F0F6FB334F3C7869
S214013CE83CB10822324933480AF0FEFB041E18BFCD
S214013CF80124DFF8DC80DFF8A490DFF8B4A014E034
S214013D0898F8000049460130C0B288F8000022F051
S214013D18FBFE002835D13C783CB10822514625489F
S214013D280AF0E2FB041E18BF01242A793368D3403F
S214013D38DB07E5D5002CE3D100922B881E4A1F49E4
S214013D48204605F0C1FB1E4B1878FFF769FC0123D6
S214013D580322124922F0DEFE1A4A05461378013379
S214013D68137010B902B0BDE8F08720462B46124AF8
S214013D78154905F0A9FB284602B0BDE8F047FFF74C
S214013D8863BD0020114905F09FFBFFF715FF0028CA
S214013D98E8D102B0BDE8F04700F01CB8F45900209D
S214013DA818430020EEF503001FF603008B60002081
S214013DB883600020025A002080750400EEF6030096
S214013DC88C600020706000208FF60300B8F60300B0
S214013DD85F6000202DE9F041214C224D2378002018
S214013DE855F82330204A214905F06EFBFFF7ECFD14
S214013DF803461D4E1E4FDFF874802BB92378042B1B
S214013E0815D8B3B91B4B15E032463946002005F0E4
S214013E185BFBFFF7D1FE00BB2378324655F823300B
S214013E28414605F051FBFFF7CFFD0346E5E7092BB1
S214013E38E8D1114B00201B68104A11491360114B39
S214013E48187022F061FE20B1BDE8F0410120FFF7AD
S214013E58FBBCBDE8F041FFF72DBFBDE8F08100BF10
S214013E688C60002084690020807504000EF703002A
S214013E781BF703007C690020806900201843002096
S214013E88F45900205F60002070B51C4C23789BB362
S214013E98838913F4407F2FD0056835B12A46BDE8DB
S214013EA870400020164905F00FBB22F02BFE154E78
S214013EB803463070144A2846144905F005FB337842
S214013EC81BB1BDE87040FFF785BF2378082B0CD8D7
S214013ED8042B0CD80E4B1B78C3F1060323700D4B2D
S214013EE8BDE870401868FFF71FBE0A2BF2D1BDE87F
S214013EF870401820FFF7A8BC70BD00BF8C6000207A
S214013F0846F70300716000208075040073F703000C
S214013F18826000207C69002030B5464D0346044681
S214013F28454A0020454987B005F0CEFA2B782BBBC9
S214013F3801A822F06FFE022301A88DF8043022F0B2
S214013F4857FEB0B93E4901A822F054FE88B1152C97
S214013F580FD122F009FE47F23153B0FBF3F202FB10
S214013F68130000F51C50103080B203F0BFFB07B0F9
S214013F7830BD162CFBD103F0F3FBF8E7152C2AD13C
S214013F8800202D4A2F4905F09FFA2B78042B11D0D3
S214013F98082B0FD02C4B1B78DA070BD401A822F07C
S214013FA8D5FD18B9BDF804309B0703D42B7843F028
S214013FB810032B7022F0D8FD4FF4FA63B0FBF3F22E
S214013FC8FF2102FB1300C218204892B207B0BDE8D1
S214013FD8304020F020BC22F0F9FD04460028C6D166
S214013FE82B78013B092B1ED8134A194905F06CFAA0
S214013FF8184A194913780133D8B2107022F084FD93
S21401400860B12046154905F05FFAFFF7D5FD00288F
S214014018ADD107B0BDE83040FFF7DCBE07B0BDE85C
S2140140283040FFF747BE40F61C4007B0BDE83040B9
S214014038FFF70ABC8C6000208075040097F7030020
S21401404870750400AEF703005E600020F842002099
S214014058C1F703005F600020F4590020B8F603009A
S2140140682DE9F0410B4686B004460E4617463A49F6
S2140140780246002005F028FA4FF000080123CDE992
S21401408801380DF1160300934246402306212046C7
S21401409822F01CF8054640B102463049404605F074
S2140140A813FA284606B0BDE8F0819DF816202AB90D
S2140140B836B900202A4905F007FAF2E7012EF8D0AA
S2140140C882F00103002027498DF8173005F0FCF926
S2140140D89DF817300DF1170633B310230022CDE9EA
S2140140E8006306214023204621F0BBFF064630B177
S2140140F8324600201C4905F0E7F93546D1E74FB9A5
S2140141080821204621F00FFE20B120469DF8171001
S21401411822F0E8F80521204621F005FE0028C0D047
S214014128204622F0DCF8BCE74FB90821204621F0EA
S214014138FAFD20B120469DF8171022F0D3F8102377
S2140141480022CDE9006306214023204621F089FF9D
S21401415806460028DED0CBE7F0F903000CFA030088
S21401416825FA030045FA030065FA0300002208B59C
S214014178034B11461B681B685879FFF771FF08BD8A
S2140141888046002008B5044B00221B6801211B68E5
S2140141985879FFF765FF08BD8046002008B5044B2F
S2140141A800221B6802211B685879FFF759FF08BDD2
S2140141B88046002010B50123002488B001A88DF898
S2140141C80430CDE90244F5F711FC20469DF8042099
S2140141D8124905F079F92046039A114905F074F950
S2140141E82046029A0F4905F06FF910220E4B0DEB87
S2140141F80201188840F0604040F48010FBF744F94B
S21401420820460A4905F07AF904A822F0EBF8204678
S214014218074905F059F908B010BD00BF7EFA03003A
S2140142289DFA0300BCFA030030750400DBFA0300AC
S214014238E522040008B520F0DAFE0020024905F060
S21401424843F9012008BD00BFF8FA03000023054A18
S2140142588360C360044BC0E9002311B14FF6FF73B6
S2140142680B80704749101CB20C30021110B5044679
S21401427860B10020064905F027F9052C06D002F0A2
S214014288CBF904490246002005F01EF9012010BDAD
S2140142980CFB03001DFB030037B500216A4601AB82
S2140142A8054620F065FF044668B100220F4910460E
S2140142B805F00AF902F0B0F90D490246002005F0AA
S2140142C803F903B030BD0B4905F0FEF801201FF0D5
S2140142D8A4FE01F099FF431C02D007F09DFFF0E70A
S2140142E821462846FFF7A6FFEBE700BF46FB03007B
S2140142F81DFB03008EFB030038B5054601F084FF5D
S214014308044621F0B8FF4DB100200E4905F0DCF84F
S214014318631C14BF2046002007F040FF20F075FEFE
S2140143280228044605D0012805D10020064905F0D3
S214014338CBF8204638BD0020044905F0C5F800240E
S214014348F7E700BFABFB0300C5FB0300DEFB03007A
S21401435808B50020034A044905F0B6F8BDE8084048
S21401436800F050BD880B0400F7FB030008B50020D9
S214014378034A044905F0A8F8BDE8084001F0CAB99F
S21401438816FC0300F7FB03001FB5D0E9023253F809
S214014398223068461C78214601F0D0FB684601F0B9
S2140143A873FC28B92246044905F08EF804B010BDFE
S2140143B86846FFF771FFF9E71CFC03000020014976
S2140143C805F082B838FC03007FB50DF1060102A896
S2140143D8FFF73CFF0020264905F076F80020BDF8D7
S2140143E80820244905F070F80020BDF80A20224963
S2140143F805F06AF8039A0020204905F065F80020C0
S2140144081F4905F07BF84FF6FF73BDF806209A4260
S21401441829D000201B4905F057F800201A4A1B49E5
S21401442805F052F800201A4A1A4905F04DF80022FC
S2140144381949104605F048F80020154A174905F0AD
S21401444843F80A220020164905F03EF80A22002001
S214014458144905F039F80A220020134905F034F802
S21401446807B05DF804FB0020104905F02DF8D4E7E5
S21401447847FC03005FFC030078FC030091FC030083
S214014488AAFC0300B5FA0300E0930400C0FC03008D
S214014498C0270900DFFC0300FEFC03001DFD030026
S2140144A83CFD03005BFD030079FD0300BDFC030032
S2140144B808B50020034905F007F8BDE808400120C3
S2140144C801F0FAB997FD030008B50020034904F086
S2140144D8FBFFBDE80840002001F0EEB9B0FD03007F
S2140144E830B5104B104D1B5C85B08DF80F302B780E
S2140144F80446834206D00D4B0D4953F82020002070
S21401450804F0E2FF30232C700A4801930DF10F03E3
S2140145180093062280231921007821F0A2FD05B018
S21401452830BD00BF9775040094600020A475040090
S214014538C8FD0300F16D00201FB5232303900193E6
S214014548064803AB0093012280231921007821F045
S21401455888FD039805B05DF804FB00BFF16D0020E7
S21401456873B5164D04462B78154ECBB120F06EFD6B
S214014578012815D0346040F6B244124B1B78072B3D
S21401458817D02D78C5B920F061FD031E18BF012389
S2140145980D48009522461921007821F0E6F803E037
S2140145A800233360002CE8D1201E18BF012002B07A
S2140145B870BD02250123EBE70025FBE7916000208B
S2140145C81C43002094600020F16D002008B50448C3
S2140145D8FFF7C6FFBDE808400220FFF781BF00BF0E
S2140145E8C027090010B5064C208821F07CFE60889B
S2140145F821F079FE6068BDE8104021F083BE00BF57
S214014608204300207FB523238DF813300DF11303C3
S214014618029304230648019305AB009301228023E5
S2140146281921007821F052FD059807B05DF804FBC2
S214014638F16D00202DE9F047DFF84C91044699F812
S214014648000090460F4621F050FB0B2899F80020F1
S21401465805D9BDE8F04700203F4904F035BF0026DC
S2140146683E4B3F4D1E803F4BDFF820A103EB001366
S2140146785B8801202B802A7104F04EFE05F0F6FEB9
S21401468804F04AFE204604F047FE0123042C8AF86B
S21401469800300BD8022C45D89C4216D02346BDE8DC
S2140146A8F0470020304A314904F00EBF062CF5D1F8
S2140146B830462F4904F008FF384604F02DFEFFF770
S2140146C891FF97B18AF800600FE04FF6FF76294F01
S2140146D83888801B18BF012004F01EFEFFF782FFF2
S2140146E83888B04201D021F0FEFD19236B8099F875
S2140146F8003000202B71204B1B786B71EB8843F040
S2140147084003EB801D4B198821F09CFD034620B120
S214014718224600201A4904F0D7FE4046BDE8F04775
S214014728FFF71EBF304604F0F7FDFFF75BFFFFF704
S21401473869FF21F0E7FD134B1B78002B0CBF3F20C8
S214014748202004F0E9FD042CCFD14FF4806021F03D
S214014758CAFD3220C7E700BFDBFD0300185A002058
S2140147681C5A0020F044002095EB030027FE0300A6
S2140147780AFE03000C5A0020F06D0020906D002000
S21401478840FE030090600020F16D0020916000203B
S21401479838B5044605200D46FFF7A2FE184B1A88C1
S2140147A84FF6FD739A4207D10020164904F08CFE95
S2140147B8BDE83840FFF70ABF65B1134A13780133DD
S2140147C8DBB2092B137014D90A2200200F4904F012
S2140147D87BFEEDE7012C0ED10B4B1D700C490D48E5
S2140147E8FFF734FDBDE83840002101200A4AFFF7EB
S2140147F821BF012CF2D0BDE838400748FFF7B0BE0C
S214014808906D00207AFE030093600020A5FE030049
S2140148180C5A002020430020E093040008B50649FE
S214014828002004F051FE0548FFF736FDBDE80840B4
S21401483800210846FFF7ACBFE9FE0300204300202D
S214014848814237B50346154608D2002000910F4A23
S2140148580F4904F039FE002003B030BD0C1A224679
S21401486800200C4904F030FE40F6BB5322460020D7
S214014878094904F029FE4FF47A735C43074B01207B
S2140148889C4294BF2C602B60E6E700BF95EB0300C3
S214014898FAFE030037FF030052FF030080EE3600DE
S2140148A810B504460820FFF71BFE0D4B3CB91C70DB
S2140148B80021BDE8104006200A4AFFF7BBBE1B7858
S2140148C8092BF5D90A220020074904F0FDFD00202E
S2140148D8064904F0F9FDBDE81040FFF79FBF00BF89
S2140148E893600020C02709007EFF0300BFFF030076
S2140148F873B51F4D2C7834B100201E4902B0BDE8AF
S214014908704004F0E1BD0220FFF7EAFDFF221A4ECF
S2140149181A4B30781A7021F0E8F90B2807D9204687
S2140149283278174902B0BDE8704004F0CDBD154B8A
S2140149381549009301EB0011012319224FF6FD706A
S214014948498805F037FA70B12046104904F0BCFDD5
S21401495800220F4B0F481C700F4B1A7002B0BDE8AF
S2140149687040FFF7FDBD01240C492C70EEE700BF2F
S21401497892600020D0FF0300F16D0020F06D00204A
S214014988DBFD0300894C0100F044002011000400FF
S21401499891600020C02709009360002037000400BA
S2140149A838B5144D04462B78052B21D91249FFF743
S2140149B85DFC24B918B9114904F086FD0424104B8E
S2140149C8195D21B9BDE838400846FFF769BF032CD1
S2140149D806D02B78052B03D006200A4AFFF72AFEB5
S2140149E80021094B08461970BDE83840FFF7D0BECC
S2140149F838BD00BF94600020204300205900040001
S214014A088D750400C02709009160002030B5044662
S214014A1889B00720FFF764FD052C0AD100222A4B2E
S214014A2803A91A7002A804AA01F0FEFD30B10220FB
S214014A3845E09CB90122244B1A700224224D28789D
S214014A4878B1421E504221495041FFF755FC0223D6
S214014A5804462B70022C0ED10A200FE0022CE6D158
S214014A68EBE7631F5A424FF0050018495A4120F0F8
S214014A78F4FA0446EEE7032C04D10020FFF770FD94
S214014A8809B030BD062C06D10020114904F01CFDE2
S214014A9801232B70E0E70F4A0F4B2878002C18BF2C
S214014AA813460E490E4A0094002808BF0A460020FD
S214014AB80C4904F009FD201E18BF0120400009B06A
S214014AC8BDE83040FFF76CBF8F6000202043002010
S214014AD8940004008D00040086000400750004009C
S214014AE87F000400CF00040013B51F4C0620FFF713
S214014AF8F7FC2278092A09D900201C4904F0E4FCAD
S214014B08042002B0BDE81040FFF74ABF184B1B78D7
S214014B182BB300201FF0A5FA20F098FA68B9FFF722
S214014B2871FD144B196820F088FA0246042000210A
S214014B3802B0BDE81040FFF77DBD01A820F084FA59
S214014B48FF2809D14FF4FA6023780133237002B0A5
S214014B58BDE81040FFF704BD0198FFF7EDFC4FF4E0
S214014B68FA620320E3E700BF93600020EA0004002E
S214014B789060002030430020F023F0B589B0CDE9DD
S214014B88000334488023002219210078324E334F1F
S214014B9821F067FA0020324904F096FC324639467D
S214014BA803A801F041FD032804462E4D1CD1062614
S214014BB8039A2D49002004F087FC0398FFF7BCFCF4
S214014BC80020396800F0ACFE2E7001F09FF9002233
S214014BD80446264B30461A70FFF782FC84BB09B0A0
S214014BE8BDE8F040FFF780BF28BB7268204904F093
S214014BF86BFC214604A8FFF729FB059B72689342C4
S214014C080BD020461B4904F05FFC072305202B70B8
S214014C1809B0BDE8F040FFF7F9BE1A462046164926
S214014C2804F052FC0523002101202B7009B0BDE8D1
S214014C38F040FFF7ADBD0020104904F045FCF1E750
S214014C48042C05D0042009B0BDE8F040FFF7A8BE43
S214014C5809B0F0BDF16D002020430020304300204C
S214014C682201040094600020530104009360002090
S214014C788E010400C70104001B0204005702040049
S214014C88F7B50446876800202378364D012B28702F
S214014C9804D0354B3549187004F016FC26785EBBEF
S214014CA8334B1B78FF2B04D103B0BDE8F040FFF768
S214014CB88DBC304B1B78032B11D82F4C0320FFF7E4
S214014CC80FFC6946208821F069FF002843D02B494C
S214014CD8208805F0EDF820B12E70FFF777FC03B0B9
S214014CE8F0BD0124204B26491C7004F0EDFB03207F
S214014CF8FFF7F6FB2C70F2E7012E25D13B78002B47
S214014D08EDD01B4D2B78FF2BE9D1A68802F04AFF80
S214014D18864206D100201B4903B0BDE8F04004F0E6
S214014D28D3BB194BA2881B783BB132B11749002077
S214014D3803B0BDE8F04004F0C7BB7B6814491B7894
S214014D482B700D4B1A80F2E7032E08D1082268460D
S214014D58A16809F0CFF86846FFF70EFFBFE7002302
S214014D682B70A1E791600020926000207202040077
S214014D78F06D002094600020906D0020894C0100A1
S214014D8837000400920204008E600020B802040076
S214014D98E30204007FB5094B1A78FF2A0AD1187076
S214014DA801F088FB0022064B0DF1060102A81A80C5
S214014DB8FFF74CFA07B05DF804FB00BFF16D002061
S214014DC80A5A0020152838B517D10C4B1D78A5B9F5
S214014DD821F0CAFEC4B2012C38BF01240120FFF716
S214014DE87FFB28462246064904F06EFB4FF47A708C
S214014DF86043BDE83840FFF7B3BB38BD9460002078
S214014E0800030400034B1B78022B01D8FFF770BD83
S214014E18704700BF9460002070B5284C20F011F947
S214014E282578274EBDB10020264904F04DFB264AB9
S214014E38137801331370002323703378062B0AD1B5
S214014E48BDE87040214B1868B0F5FA6F38BF4FF4CB
S214014E58FA60FFF785BB3378013B082B2CD8DFE8CF
S214014E6803F005090D2B13191D222700BDE8704014
S214014E78FFF7C8BFBDE87040FFF73ABD00232370AF
S214014E88BDE87040FFF7A2BB2946BDE87040012087
S214014E98FFF77EBCBDE87040FFF726BE0220BDE8DE
S214014EA87040FFF7B3BD0120BDE87040FFF7F8BCBE
S214014EB8BDE87040FFF7B2BC70BD00BF916000202E
S214014EC8946000202F030400936000201C430020F8
S214014ED810B90520FFF764BD034B1B78062B01D1DB
S214014EE8FFF79ABF704700BF946000202DE9F0478E
S214014EF88E68054633189A780C46092A8EB008D962
S214014F080020A34904F0E0FA852420460EB0BDE847
S214014F18F08750B98B899F49895C8B4205D20091ED
S214014F289D4904F0D1FA8024EFE79C4BE7881B885B
S214014F389F4236D09A490978012932D932B13A4680
S214014F480020984904F0C0FA7E24DEE7964B1A70D2
S214014F58934B26791B78052B03D0012B3AD8FFF7FC
S214014F6851FF5EB93146204621F0E1FA0346002892
S214014F7851D030468D4A8E4904F0A6FAD4F80880F6
S214014F88A48998F8037098F80450002E4CD130463E
S214014F98884A894904F098FA00210120FFF7F8FBAE
S214014FA84FE00021804B1970072A00F28A8301A37B
S214014FB853F822F0594F010007510100075101002B
S214014FC8195301001953010019530100AF55010087
S214014FD8AF550100022B17D102F0E4FD8742B3D08A
S214014FE80020764A764904F06FFAFFF781FC46BB43
S214014FF83146204621F09BFA034610B36B4A6C49AA
S214015008002004F061FA1CE06E4A00206E4904F0A4
S2140150185BFA012479E7A3681B78DA06AED4324630
S2140150286A4904F051FAA9E700210AA8FFF70EF920
S214015038032F08D95F4B664A66490097002004F09B
S21401504843FA002461E76B1E632B04D9594B604A67
S21401505861490095F2E7614BE4B2DB5D9C4209D0F9
S214015068CDE901430020534B594A5D49009704F0A6
S2140150782BFAE6E757B3A4B222460521404621F0AB
S2140150886FF9BDF82830834203D04A4B554A564932
S214015098B6E7012F1AD022460721404621F060F9CB
S2140150A8BDF82A30834203D0424B4E4A4F49A7E700
S2140150B8032F0BD122460921404621F04EF90B9BBE
S2140150C8984203D13B4B474A494999E7642D3FF437
S2140150D863AF21F049FD6423C0B2B0FBF3F203FBD2
S2140150E812030133DBB29D42BFF456AFCDE900533C
S2140150F80020304B3B4A3F4904F0E6F9A1E7284B2C
S2140151081B78052B01D03C4A7FE7EB1CDBB2277BDB
S214015118F45C44B123460020374A384904F0D4F9F0
S21401512800210C460BE00F2F0DD8102320463449DA
S2140151380093314A3B4604F0C7F980240121002038
S214015148FFF726FBE1E60435EDB220462A4A2D494B
S21401515804F0BAF97A1B7119D2B206A81FF084FFB7
S21401516805443A46E9B2304621F0F7F8264D069A44
S2140151782B68264F9A42386001D100284AD1244923
S21401518800201D4A04F0A0F985240121D7E700BFB5
S2140151984C030400D075040064030400906D0020DD
S2140151A89460002093030400916000200904040021
S2140151B81104040099040400AE040400D703040093
S2140151C8E4030400390404004604040063040400EC
S2140151D8C3040400CB040400E5040400937504002A
S2140151E803050400580904003D050400670504008A
S2140151F88F050400B6050400EA0504000406040049
S214015208330604004A0604002043002030430020E9
S2140152187306040000F08EFF3E68B0420AD200F022
S21401522889FF9D4903463246204604F04DF98924F4
S214015238012184E7079A6B689A4205D12046974A66
S214015248974904F041F96BE79649097859B19A42AA
S21401525809D22046944904F037F996210620934A44
S214015268FFF7E8F95CE7924A924905A801F0DCF9EC
S214015278079E48B96A68964206D88F4904F024F909
S2140152880520FFF7C3FB40E6324600208B4904F0B1
S2140152981BF939680027002000F042FB00206E60E9
S2140152A8FFF74AF9864B06201F80FFF719F9854B49
S2140152B81F7001F0B1F90646F8B94FF6FF73824A36
S2140152C80AA81188994214BF13463B466A8829885A
S2140152D801F012F90AA800F0D7FC58B10AA801F0A3
S2140152E8DDF938B13046794904F0EEF80420FFF7C5
S2140152F857FB0AE6FFF7F8FB07E6042805D1744BC7
S2140153081921187820F048FAFFE538467149EBE785
S214015318714B1B78062B01D0704A76E6DFF8A0A100
S214015328EB1C94F80C90BAF80080DBB22EB9304624
S2140153386B4904F0C9F88724E7E5F75C2C1D972F1D
S214015348E4B22FD025D8812F71D0952F67D017BBFF
S214015358B9F1100F7FF6E7AD31194A460AA81FF0D2
S21401536883FE0444E4B221464A46304620F0F5FF5F
S214015378231DDBB2053416F803A0E4B2A9EB040337
S2140153885345054666DA009338465346534A554907
S214015398C7E5982F43D03B460020504A524904F0AF
S2140153A893F8C8E7B9F10A0F7FF6BDAD1FFA89F77A
S2140153B821463A46304620F0D0FF05F1080104465A
S2140153C83A46C9B2304620F0C8FF0AAA0146204626
S2140153D8FFF736FA08B9454B0A93B9F10C0F12D9FB
S2140153E805F10C013A46C9B23046DDF8288020F0AE
S2140153F8B7FF044602463E49002004F065F8AAF8BD
S214015408004044440A940A9C3A492246002004F083
S2140154185BF82046FFF7A4F81FF01EFE11E6364992
S214015428002004F051F80320FFF7BAFA09E6334CD6
S21401543823786BB11FF003FE50B10020304904F009
S21401544843F8002323701FF007FEFFF74DFBF8E52E
S2140154582C49E5E7DFF8A49099F8003043B9FFF73F
S214015468D1F88542034607D01C4A27490095E5E549
S2140154781FF0ECFD0128F2D110220D480AA909F007
S21401548833F810B9BAF13F0F42D9144A1F49002020
S21401549804F01AF84FE700BF92060400EA05040074
S2140154A8CA0604008D600020FF060400C027090014
S2140154B820430020304300208E01040040070400EA
S2140154C80A5A0020936000200C5A00206207040044
S2140154D8F16D00208107040094600020A7070400EE
S2140154E8BC070400E9080400CB080400E0930400A4
S2140154F8F707040022080400410804009060002011
S2140155085D0804009C0804002509040061090400DC
S2140155186D4B187099F800304BB11FF090FD30B103
S21401552828461FF08FFD042807463FF48AAD5146EA
S214015538284632191FF0C9FE28B10020634903F036
S214015548C3FF042070E799F80030554463B11FF093
S21401555876FD48B1FF2FF4D0012F3FF472AD032F2B
S21401556816D11FF077FD05462846FEF7E5FF0446E7
S2140155780246052156481FF09EFD564B1B689C4265
S2140155880AD320461FF09CFE0520FFF73FFA58E590
S2140155981FF05EFD8046E7E74046FEF7E1FF00287C
S2140155A87FF44FAD51E74C4B1B7803F0FD03082BF6
S2140155B801D04A4A29E5A48935B1F27822B10020FA
S2140155C8474903F081FF2EE7E4B22246F11C0AA8F8
S2140155D81FF04AFD434BBDF828201988054691421D
S2140155E80DD04FF6FF718A4209D03C4A00203E4B47
S2140155F83E4903F083FFBDF828203D4947E7BDF83B
S2140156082A20598891420CD04FF6FF718A4208D059
S214015618324A0020374B354903F070FFBDF82A207F
S214015628EBE70B9A5B689A420AD0013208D02B4AFC
S2140156382E490020304B03F061FF0B9A2F4926E7CD
S214015648A4B2E91C2246C9B2304620F086FEE91DFE
S214015658C9B207462246304620F07FFE431C014663
S21401566806D10820FEF73CFF2548FEF779FFE8E457
S214015678384606AAFFF7E4F8A8B9214B0693214B4A
S21401568800221978204B18781FF0CAFC069C204681
S214015698FEF766FF224600201C4903F015FF092085
S2140156A8FEF71EFFCDE440F6B733069A9A42E6D8CF
S2140156B840F6B8320020164903F006FF40F6B83324
S2140156C8DCE7812421E400BF9360002094090400EC
S2140156D8B70904003043002094600020C009040084
S2140156E8D50904002043002057050400FC090400DE
S2140156F8B5FA030081050400170A04001412040011
S21401570880EE3600F06D0020F16D00204F0A04008F
S214015718240A040008B50420FFF742F90020FEF722
S214015728DFFE0023054A19211370054A1370054B3D
S2140157381878BDE8084020F02FB800BF9160002017
S21401574892600020F16D002010B5164B164C1A78A1
S214015758164B002053F82220154903F0B5FE217890
S214015768144B154A0020002918BF1A46134903F09E
S214015778ABFE23782BB1124B00201A68114903F0AF
S214015788A3FEFEF73FFF0446FEF73CFF0E4B1968E3
S2140157981FF084FC2246BDE8104003460B49002052
S2140157A803F092BE9460002091600020A475040066
S2140157B86B0A04004111040022110400780A04004F
S2140157C81C430020920A040030430020AB0A040060
S2140157D838B5014604460020FFF788FB054698B110
S2140157E8E37C00200A4A0B4903F06EFE2379042B5A
S2140157F80AD02946204620F09AFE034620B100200A
S214015808054A064903F060FE6FF0FF0038BD00BF89
S21401581895EB0300D30A04000904040011040400EC
S21401582810B51346094A127882420DD163B1084A67
S214015838002014680A46074903F046FE2146BDE8DB
S21401584810400120FFF752BB10BD00BFF16D0020CC
S21401585880460020F50A040010B50D4B1C782CB1C3
S214015868BDE8104000200B4903F02EBE6420FEF769
S21401587863FE4FF6F0716FF00F02074B0320C3E982
S214015888001222462146BDE81040FEF7D3BE00BFEF
S214015898946000202E0B040020430020014B187052
S2140158A8704700BF9060002000210620014AFEF7DD
S2140158B8C1BE00BFC0270900014B1870704700BF62
S2140158C88D600020114B2DE9F04107460D461868FA
S2140158D80F49101A09681FF0E1FBDFF840800D4EEA
S2140158E898F800400346FF2C307004D0A8420AD32B
S2140158F82C44A04207DB3A460020074903F0E4FDA2
S214015908337888F800303078BDE8F08138430020D5
S21401591834430020956000205C0C0400F26D0020E2
S21401592850EA010208D0FF22054B091A1A70054BE6
S2140159381860054B1960704711461046FFF7C2BF3D
S214015948F26D002038430020344300202DE9F04F43
S214015958AFB006AD284600F0FDFD0026624FDFF821
S214015968D091284600F090F9044648B900F0BEFDEB
S2140159785E490246204603F0A7FD2FB0BDE8F08F2A
S21401598839460020F2B203F09FFD284616A900F01A
S214015998FFFD044620B15649002003F095FD8FE02F
S2140159A8BDF85820534903F08FFD49462046BDF8F7
S2140159B85A2003F089FD2046BDF85C204E4903F0C5
S2140159C883FD2046BDF85E204C4903F07DFD204648
S2140159D8BDF860204A4903F077FD2046199A4949DF
S2140159E803F072FD2046BDF86820474903F06CFDB8
S2140159F8204646490DF16A0203F066FD44492046F1
S214015A08239A03F061FDBDF85C30D90705D5204619
S214015A189DF890203F4903F057FDBDF85C309A0782
S214015A2814D500203C4903F069FDBDF85830B3F59C
S214015A38807F4FD1002020F0DAFC18B10DF19100DB
S214015A4803F0C4FC0020354903F03EFDBDF85C3088
S214015A585B070BD50020BDF8B220314903F034FDB1
S214015A680020BDF8B4202F4903F02EFD0622284653
S214015A780DF116030AA91FF040FB044690BBBDF8BA
S214015A881620294903F020FDDFF8A8A0DFF8A8B002
S214015A980DF12808BDF81610A2B2914210D9B8F82F
S214015AA800205146002003F00FFD0134D8F80420E9
S214015AB85946002003F008FD062C08F10808E9D12C
S214015AC86C46204600F05AFD94E80F00013685E83A
S214015AD80F0046E70123202200200DF1910103F073
S214015AE857FCAFE7114957E76E0C04003B0E04005C
S214015AF8770C04009B0C0400CF0C0400E80C04008F
S214015B08010D04001A0D0400330D04004C0D0400A9
S214015B18610D04007D0D0400960D0400E5220400C5
S214015B28A90D0400C20D0400DB0D04000E0E0400CE
S214015B38B40C0400EC0D0400FC0D04002DE9F04142
S214015B4888B004AD044628468846002700F002FDC2
S214015B586E46474507D195E80F0084E80F002046B2
S214015B6808B0BDE8F081304600F008FD96E80F0061
S214015B7885E80F00284600F087F801370028E8D1A5
S214015B88014B0FCBE9E700BF247804001FB5D0E925
S214015B98023253F8223068461978FFF7CFFF684675
S214015BA800F07CFD48B1042809D1074A00200749BE
S214015BB803F08AFC05B05DF804FB054AF6E7002009
S214015BC8044903F081FCF5E7DD170400560E0400CE
S214015BD88D1104006207040010B5D0E9023203EB08
S214015BE88201496853F8223098B00C6804A81978DD
S214015BF8FFF7A4FF03AB40220093214608AB04A895
S214015C0800F0E2FC024628B100200E4903F05CFCD5
S214015C1818B010BD039808A900F007040122C0F3C4
S214015C28C70003F0FBFB039908A8091B01440648B3
S214015C3801232246008803F0ABFB044803F0E4FB8B
S214015C48E6E700BF660E0400285A0020E522040095
S214015C58F0B504460D460B4BEF880FCB84E80F00D2
S214015C68AB882E899B0741BFD5F83900D5F83D107A
S214015C7804F1080303C3EA68204627806680626049
S214015C88F0BD00BFDC750400102208B5034908F012
S214015C982BFC003818BF012008BD00BF247804007B
S214015CA808B521F0BFFBC288FF219208012A38BF38
S214015CB8012202481EF0AFFD012008BD484300201E
S214015CC838B5134690B10120274A1070274A00209C
S214015CD81160274A13600A46264903F0F5FB02F0CD
S214015CE843FB254B1870022002F044FB21F0B5FB5C
S214015CF8E8B91D4D1D4C2B782BB921F093FB226872
S214015D08C368134423601A4B24681B689C4229D233
S214015D1821F088FBC168204606F022F800240246D6
S214015D282C7050B921F099FBFFF7BAFF03E0FFF793
S214015D38B7FF0028DDD0012038BD20460F4903F003
S214015D48C3FB0D4B187802F015FB00200C4903F035
S214015D58BBFB00F091F908B900F0AEF92046FFF751
S214015D68B7F8E8E70124ECE79760002040430020F5
S214015D783C4300208D0E040096600020B90E0400F6
S214015D88D90E040038B500F04BFA044600F042FA82
S214015D98241A21F047FB054618B9B1211B4826F0FD
S214015DA828FEAB8803F00303032B03D0B221174860
S214015DB826F01FFE00F02EFA05461FF011FA012301
S214015DC88340013B2B4203D0B421104826F011FE34
S214015DD81FF006FA01238340013B234203D0B52175
S214015DE80A4826F006FE05F091FD05461FF0F8F96B
S214015DF84FF48063B3FBF5F3C440A34205D2BDE874
S214015E083840BA21014826F0F4BD38BDEF0E04002B
S214015E18FF2108B504481EF00FFDBDE80840002222
S214015E2811461046FFF74CBF48430020F7B5044615
S214015E380E4600F089F8054621F0F4FAC3682B44AB
S214015E489C4220D31FF0CCF92C44C440013C114F8E
S214015E583B68DEB1A34219D101340023ADF8043002
S214015E6800F0E4F9054605F051FD103504FB005431
S214015E7805F04CFD01A90246204605F099FD1FF0E4
S214015E88BFF9386004E04FF0FF34E0E7A342E4DBF3
S214015E9803B0F0BDB06900204FF0FF320A4B10B5D1
S214015EA81A600022094B1A7000F0B4F9044600F093
S214015EB8B7F9214602460120FFF702FF00280CBF6A
S214015EC80120042010BD00BFB069002098600020A2
S214015ED838B500F0D1F808B9002038BD094D0A4C8C
S214015EE82B7823B91FF08CF9012320602B702468C6
S214015EF81FF076F901348440EED000F025F82044EE
S214015F08EBE700BF98600020B069002070B50D4C23
S214015F182368002B01DA012070BD00F07BF90546E5
S214015F2821F080FA2468C6681FF05AF9013404FA89
S214015F3800F1294401208A19FFF7C2FE0028EAD099
S214015F480420E9E7B0690020024B18680C301FF0FE
S214015F5887B900BFB4690020FF2307B50021044AAA
S214015F6804480093FBF78AFC03B05DF804FB00BF06
S214015F78195E0100484300200E4B70B51C680546A3
S214015F88036804F582641C440E46FFF7DDFF2B68A0
S214015F98834208D232681A44824208D9C31A0120B9
S214015FA833602C6070BD044A126813441C1A002022
S214015FB8F7E700BFB4690020444300202DE9F04FFD
S214015FC8B3F5803F87B00F469846019003D300206B
S214015FD807B0BDE8F08F03A904A8CDE90332FFF79F
S214015FE8CBFF0024824600F10109DFF888B05FFA8A
S214015FF889F9019BDDE90356AAB27BB130461099AF
S21401600821F017FA0028E2D1B9F1020F2BD1DBF8FB
S21401601800300493019B03BB2F4421E039463046E8
S21401602805F0C6FC0028D2D1BAF1000FECD0002C3E
S214016038EDD105F06BFC2E44B6FBF0F303FB1060C4
S2140160480028E4D005F062FC05A90246304605940E
S21401605805F0AEFC0028DAD0B9E7109B2B44109364
S214016068A8EB05050395631C4B454FF00104C0D307
S2140160782046ADE7444300207FB56B460C4A1068BE
S214016088516803C390680C2218600A4B0DEB020195
S214016098186821F0CEF90C2268460DEB020108F0CB
S2140160A823FAB0FA80F0400907B05DF804FB00BF98
S2140160B8EC750400B46900201FB5084A01AB1068E6
S2140160C8516803C3906801A91860054B0C2218682B
S2140160D805F06EFC05B05DF804FB00BFEC75040026
S2140160E8B4690020F7B5044615460E4681B9072A55
S2140160F803D80024204603B0F0BD0D4B80791968FB
S214016108E379063000EB03200C3180B21FF0B2F8B9
S214016118002721462B46324638460097FFF74EFFA2
S21401612804460028E5D039467019FFF77FFEE1E7F7
S214016138B4690020024B1868A0F50060704700BFDC
S214016148C069002010B58AB0684606F015F810F048
S214016158FF0027D1009BFBB1174C01A9206005F071
S21401616883FF10F0FF001DD12268009B9A4204D3DA
S2140161784FF4DD71114826F03CFC019B104A114989
S2140161881360029A13440B600F49A3F500630A6073
S2140161980E4A1360009B63B940F2CF11074826F0F8
S2140161A828FC06E0044A034612680020084903F062
S2140161B88BF90AB010BD00BFB8690020A20F040011
S2140161C844430020BC690020C0690020B46900204F
S2140161D84A10040008B5FFF7B5FF21F023F950B1BE
S2140161E821F020F9064B02691B689A4203D2B321B3
S2140161F8044826F0FEFBFFF7C5FD012008BD00BFD9
S214016208C0690020A20F0400014B1868704700BF40
S214016218B8690020014B1868704700BF4443002046
S214016228014B1868704700BFBC690020014B18680D
S214016238704700BFB469002010B5FFF749FE044651
S2140162482849002003F040F90020274903F03CF9CB
S2140162580020264903F038F90020254903F034F9CF
S214016268244B00201A68244903F02EF922462349B4
S214016278002003F029F9FFF767FE214902460020AE
S21401628803F022F91F4B00201A681F4903F01CF976
S2140162981E4B1F4C1A6800201E4903F015F9226888
S2140162A800201D4903F010F94FF4806200201B49B5
S2140162B803F00AF9226800201949103203F004F99C
S2140162C82268002017490C3203F0FEF822680020E5
S2140162D8154902F5826203F0F7F8BDE8104005F0AB
S2140162E849BA00BFC91004000611040025110400AC
S2140162F845110400B8690020701104008F110400CC
S214016308B211040044430020D5110400BC690020E2
S214016318B4690020F81104001B1204003E120400A0
S2140163286112040084120400A71204002DE9F0414A
S21401633894B004460D460020482102AA1EF0ABFF81
S21401634818B9534903F0C0F819E060220021204625
S21401635807F07EFD04224F4902A808F0C5F890B15F
S2140163686DB19DF80B30002001939DF80A309DF819
S2140163780820009348499DF8093003F0A5F8012044
S21401638814B0BDE8F081BDF80C20B2F5807F2280FC
S21401639803D0424903F098F8F1E7BDF81420BDF898
S2140163A80E102281DDF816206180E2600499BDF89E
S2140163B81A206160228284F8320007AD04F11202C5
S2140163C80FAE2B4603CBB342106051601D4602F157
S2140163D80802F6D10F9B324A63631360314B1022D1
S2140163E81846002107F034FDE288A3880280228936
S2140163F84280E26842600BB90020C1E700263546B4
S214016408A388D90709D536B105F150026A4412F8AE
S214016418482C84F838200135EDB29A0714D520881F
S2140164281EF04FFE07466EB102AB03EB05080246A7
S214016438414604F1390007F09BFE3A4641461A48A0
S21401644807F096FE2F44FDB2A3885B070DD556B11B
S21401645805F150036B4433F8482C33F8463CA4F84E
S2140164685A20A4F85C300435EDB2002EC4D1482D6C
S21401647802D930460D4965E72946382002AA1EF09A
S2140164880AFF08B90A495DE738250126B8E700BFBB
S214016498CA120400F8750400FC1204003213040042
S2140164A8684300206C430020744300204D13040009
S2140164B89D13040030B50B4C99B025786DB9FFF7DC
S2140164C889FE68B129466846FFF730FFB0FA80F0C2
S2140164D8054B4009187001232370002019B030BD00
S2140164E80120FBE7996000209A600020014B18788C
S2140164F8704700BF9A60002070B51E46134B0446CD
S21401650818881D46884298B002D15B88934206D007
S2140165180F4B0FCB84E80F00204618B070BD96B11C
S21401652800216846FFF702FF0028F1D1BDF80430C4
S2140165385B0708D53388BDF85A209A42E8D8BDF8D3
S2140165485C209A42E4D395E80F00E3E76C43002009
S21401655824780400064B10B51B7804462BB9054B66
S2140165680FCB84E80F00204610BD034BF8E700BFA9
S2140165789A600020247804006C43002010B5044675
S214016588024B0FCB84E80F00204610BD2478040088
S2140165980B4B10B51B78044608467BB10021FFF764
S2140165A8C5FE48B910222146064807F09DFF003867
S2140165B818BF0120C0B210BD0120FBE70120FAE791
S2140165C89A6000206C4300202DE9F0410E46904663
S2140165D80E4910221F4607F087FF044670B90C4B78
S2140165E83A461D683046AD1B454528BF45462946EF
S2140165F81EF051FE28B9074902F066FF0120BDE8E2
S214016608F081069B20461D60F9E700BF6C43002019
S214016618684300209D1304000022024B1A70FFF7FE
S2140166283BBC00BF9A6000202DE9F0419CB00F46A4
S21401663816468046FFF74CFC0546024615490020DB
S21401664802F042FF382D20D9012104A8FFF76EFE7B
S2140166580446D0B9119B04A93B606F463846FFF73C
S214016668F7FA97E80F0086E80F00119BAB4297BF31
S21401667801210324084AC8F8003094BF1170C8F8ED
S214016688005020461CB0BDE8F0810022024B0124D0
S2140166981A70F6E7CF1304009A60002070B5084D0B
S2140166A800262B7853B1FFF7F7FB0446102200218A
S2140166B804482E7007F0CCFB204670BD3446F5E73B
S2140166C89A6000206C43002008B50020064902F0B5
S2140166D8FBFE064B00201A78054902F0F5FEBDE8D8
S2140166E80840FFF7A9BD00BFEE1304009A6000201A
S2140166F81814040003460120024AC3E903200022B5
S2140167081A7070470100FEFF2DE9F0410024264E5D
S214016718264FDFF8A88088B000F0D4F9A5B28542E4
S21401672802D308B0BDE8F081284603A91EF0E9FDAA
S214016738A2B23146002002F0E1FE9DF80D2012B308
S2140167489DF81210BDF81030402914BF6E2179212A
S2140167580020CDE900313946BDF80E3002F0CEFEF4
S214016768BDF814201AB10020114902F0C7FE9DF8A1
S2140167780C00BDF8182070B9079B0E490093BDF8A8
S2140167881A3002F0BBFE00200B4902F09DFE0134D0
S21401679826F03CF9C0E7BDF81C30414600930020BE
S2140167A89DF81A30EDE700BF3114040037140400D1
S2140167B85A14040064140400E52204008B1404002F
S2140167C810B500F0ABFABDE810400346024A0020B7
S2140167D8024902F079BE00BFB3140400EADC0300E4
S2140167E8D0E9023253F8223010B5188800F086FA3C
S2140167F8BDE810400346024A0020024902F064BE82
S214016808B9140400EADC030010B5D0E9023200240A
S21401681886B08DF8044053F8221003EB82030978FA
S21401682801A88DF805105A681288ADF806209A68EE
S2140168381288ADF80820DA681278ADF80C40A24242
S21401684814BF402280228DF80A201A691288ADF8F2
S21401685810205A699B691288ADF812201B680593A7
S21401686800F0D0FB034A03460349204602F02CFEFB
S21401687806B010BD55F30300EADC030038B5002462
S214016888064D26F0AFF845F824000634C02CF8D19A
S2140168980020BDE83840024902F016BE80100020EC
S2140168A8C014040030B5002087B0204902F00CFE61
S2140168B800201F4902F008FE00201E4902F004FECF
S2140168C826F090F800240546A0B201A901341EF06E
S2140168D818FD202CF8D126F085F81749421B002010
S2140168E802F0F2FD1549002002F0EEFD26F07AF8D6
S2140168F80446012000F09EF826F074F80E49021BA3
S214016908002002F0E1FD0E49002002F0DDFD26F030
S21401691869F804461EF0E6FC26F064F8021B00201F
S214016928054907B0BDE8304002F0CEBDEC140400BE
S2140169381B1504004B1504006815040077150400A0
S2140169489115040010B50C4603F022FD08B9032C76
S21401695812D101F0FFF804280ED001F0FBF8052843
S2140169680AD0064802F060FC1C2801D11FF067FC1B
S214016978BDE8104002F068BC10BD00BFF752030026
S2140169882DE9F04F00274FF0FF36DFF8A4B0264C6C
S21401699887B0BBF80030B8B2834209D8731C3BD025
S2140169A83246FF21214807B0BDE8F04F1DF033BF3E
S2140169B801A91EF0A6FC9DF8050001F001FFF8B13B
S2140169C89DF80480B8F1000F1AD1BDF810A0BDF8E3
S2140169D8129026F007F818210246BBB24B43E0187E
S2140169E8E158007C4FF47A73A2EB010C50B103FB1B
S2140169F80AF363450ED30B44981A864228BF064607
S214016A080137C6E74D466B43FAD06345F5D31944BB
S214016A18881AF2E74046F0E7FF21044807B0BDE8C8
S214016A28F04F1DF009BF00BF801000207C430020F6
S214016A380E5A00202DE9F041014688B058B10228C7
S214016A4810D01EF078FC78B3D221194808B0BDE8FA
S214016A58F04125F0CEBFFF23164A17480093FAF7F0
S214016A680DFFEEE700244FF001082746134EA5B2A6
S214016A78284603A98DF80D701EF043FC9DF80D00FD
S214016A8868B101F09DFE20B19DF80C300BB986F86F
S214016A9810800134202C06F11806E8D12546084B4B
S214016AA81D80FFF76DFFCCE708B0BDE8F08100BF99
S214016AB8B1150400F16D01007C4300208010002010
S214016AC80E5A0020014B1888704700BF0E5A002046
S214016AD82DE9F04F634A077D89B0044662490020D4
S214016AE802F00CFD00201FF082FC20B12368218AE9
S214016AF8588803F09BFC00205C4902F0E5FC637DA6
S214016B08DFF87491002B236808BF08205988574B73
S214016B1818BF00200093228A4FF0090314BF4FF0D4
S214016B2880084FF0400802F02FFBA289BB1C934255
S214016B380CDB1FF0F6FC034620B100204C4A4D49F9
S214016B4802F0C2FC012009B0BDE8F08FA068791CEC
S214016B5889B2C55D1FF004FC0337012D0646BFB296
S214016B6813D82368324659885879238A00934346AE
S214016B781FF040F8824600283ED1862002F0CCFB62
S214016B88284602F0C9FB304668E08520F6E703A9E7
S214016B981EF0B7FB9DF80C30AB4223D123689DF855
S214016BA80D105A7991421DD1BDF80E105A8891429E
S214016BB818D1BDF81020B24214D19DF812204245D2
S214016BC810D1BDF81410228A91420BD1002D38D06D
S214016BD8BDF81810E288914204D19DF81A201B7955
S214016BE89A422ED00BF1010BB9F800305FFA8BF000
S214016BF88342CCD88B20C1E74FF0000BF4E79AF814
S214016C08020002F089FBBDF818001FF06CFBBDF806
S214016C181A001FF068FB9AF8020003F027FE002806
S214016C2883D19AF8020001F09DFC0546079E002DC7
S214016C383FF47BAFF0B2013D02F06EFB360AEDB2CF
S214016C48F5E7002002F068FB284602F065FB3046AF
S214016C581FF049FB012DD2D1BDF81C001FF043FBE4
S214016C6863E700BF40160400120A0400E522040088
S214016C784D1604006A1604000E5A00202DE9F0434A
S214016C8891B0694680461EF03CFB0023194F8DF8EB
S214016C9801303888431E98B28045388009D1694644
S214016CA840461EF036FB68461EF01AFB11B0BDE8DA
S214016CB8F0834FF0180905A91EF023FB0E4C3E88F9
S214016CC80AAD09FB06460FCE0FC596E8030009FB79
S214016CD8084485E803000AAE404605A91EF019FBDC
S214016CE80FCE0FC495E8030084E803006946388888
S214016CF8D7E700BF0E5A00208010002008B5064BC3
S214016D081B88834205D9FFF7B9FFFFF739FE002034
S214016D1808BD2720FCE700BF0E5A002038B5074DEE
S214016D282C882CB9FF2106481DF086FD204638BD63
S214016D38601E80B2FFF7A2FFF2E700BF0E5A0020DE
S214016D487C4300202DE9F3479A4618239DF828909E
S214016D58244FCDE9001203FB09731446D3E9022335
S214016D681FF0BEFC064620460D4603F07FFD04F0E4
S214016D78FD03382B80460FD1009432462B4600215E
S214016D88DAF810001EF0E8FAB8F1010F1BD1354306
S214016D981ED102B0BDE8F087392CDAF810300BD1D5
S214016DA807EE906A07EE103AF4EEC77AF1EE10FA9B
S214016DB8ACBF01200020E7E79E4275F100032CBF17
S214016DC801200020E0E7B8F1000FE2D10028E0D06A
S214016DD8182303FB097701233B7402B0BDE8F0478B
S214016DE8FFF7CEBD801000202DE9F04F00252E4676
S214016DF8A846AA462C46DFF8BC91D1B0694BA8B282
S214016E081B88834209D81CB161882079FFF79AFD4F
S214016E18FFF7B6FD51B0BDE8F08F0BA91EF071FA69
S214016E2825F0E0FD1823AFB27B4309EB030B59F8B5
S214016E38033005909DF82D00049301F0C1FC00284D
S214016E4800F0AE809DF82C10002940F0A980DDE9FD
S214016E580432D01A4FF47A72BDF83830534383425D
S214016E6800F29E809BF8103043B9BDF83A30002BEB
S214016E7800F096805343834200F29280FD2300225D
S214016E88CDE9013210AB00930DF119020DF11A0389
S214016E98E9B20BA8EFF73CFA002877D1BDF81A300B
S214016EA8DA1C0493D2B214B33F4B9DF82D101B88FD
S214016EB813442279914214D1BDF82E10628891426A
S214016EC80FD19DF83220B8EBD21F0AD1BDF8342075
S214016ED8524506D1B3424DDD0020344902F0F4FA9A
S214016EE801E0B342F8DC61882079FFF72BFD02F058
S214016EF8E7F904469DF932002D4BC043C00F0093B5
S214016F08BDF834200A23BDF82E10C0009DF8328043
S214016F1802F03AF99DF82D304FF0000B23714FF42B
S214016F288A53FF26BDF834A04FEAD818E38007A98C
S214016F385FFA8BF01FF078FDC0B2B0B99DF81D104E
S214016F489DF82D20914210D1BDF81E10BDF82E20B7
S214016F5891420AD122469DF829109DF81C001FF07F
S214016F68E9FAB04228BF3046C6B20BF1010BBBF1B5
S214016F78200FDCD1BDF830001FF0B5F99DF81900D7
S214016F8802F0CAF9049910A802F0DAF918230022C7
S214016F985F4309EB07031A7425F024FD49F8070037
S214016FA801352BE70E5A0020185A0020291704002D
S214016FB8E52204008010002070B500240126104D3B
S214016FC88AB02B88A0B2834204D80AB0BDE87040C4
S214016FD8FFF7D6BC05A91EF094F99DF8150001F037
S214016FE8EFFB50B19DF814303BB91A46CDE901368E
S214016FF80093E1B205A8EFF78BF90134E1E700BF8A
S2140170080E5A00202DE9F0430389DFF858818BB02A
S214017018B8F80090009304468379828841884078BE
S2140170281EF0E8FD002800F09580E78927B1A389BE
S214017038BB4200F291800027B8F80030BDB2AB42DF
S21401704814D84D4601264FF6FF73E2899A4226D197
S21401705846B9B8F80030AB4202D92846FFF70EFE0B
S214017068FFF78EFC00200BB0BDE8F083284605A983
S2140170781EF047F99DF814307BB92268059B5340EA
S214017088FF2B0AD86368069E5E4036F07F4604D119
S214017098BDF81C2023899A42D5D00137CCE7E2688F
S2140170A89A422BD0002E53D1D4E90323CDE90823E5
S2140170B805A81EF015F90028D5D1B8F80030AB425E
S2140170C804BF6B1CA8F8003025F08CFC18236B4312
S2140170D8234AE9B2D050D418002305A81A46CDE9A8
S2140170E801330093EFF714F918B100220023C4E91D
S2140170F80223284605A91EF00CF9B1E7234605AA7E
S21401710804F1100C174618685968083303C7634515
S2140171183A46F7D11868386005A81EF0E4F8002842
S214017128C0D01F2D1AD800238DF8143063788DF837
S21401713815306388ADF81630A388ADF81830A379F2
S2140171488DF81A302389ADF81C300028B0D1ABE78A
S2140171580020E6E7862086E7872084E7892082E7FD
S214017168801000200E5A00202DE9F04FB04A90F802
S21401717814908DB00446AF49002002F0BFF90020F4
S2140171881FF035F920B12368218A588803F04EF993
S2140171980020A94902F098F9637DDFF8B8A2002B10
S2140171A814BF802340230293236808BF0820598808
S2140171B8A14B18BF00200093228A072301F0E4FFA1
S2140171C800230393A28909F10305954211DB039B6A
S2140171D813B9184602F0A0F81FF0A3F9034620B128
S2140171E80020964A964902F06FF901200DB0BDE8D5
S2140171F8F08FA06809F1010189B210F809601FF043
S214017208AFF83246804603468E490020ADB202F0FA
S2140172185BF98EB1012E00F08A808527384602F088
S2140172287BF8304602F078F840461FF05CF8852F68
S214017238D2D00123039376E0A06809F10401A2895C
S21401724889B2475D1FF08CF809F10601A2890490FE
S21401725889B2A0681FF084F83A4605900090049B0E
S2140172683046794902F030F909F1080938461FFA1B
S21401727889F503F0FBFA002857D1384601F072F970
S214017288294603468146A289A0681FF05AF86F4925
S2140172988346304602F032F9A1684A462944334605
S2140172A8304602F075F83046634902F00DF9A944F4
S2140172B81FFA89F52368424659885879238A009324
S2140172C8029B1EF097FC18B18378BB4240F0AC8055
S2140172D8483FFFB2092F05D840F21133FB40DB07C0
S2140172E800F1A48000238DF81C30236807A85A797A
S2140172F88DF81D205B88ADF82080ADF81E30029B06
S214017308CDF82CB08DF82230238AADF82430049BB2
S214017318ADF82830059BADF82A30FFF773FE07460F
S21401732800287FF47BAFA9464CE7B346C2E7294657
S214017338A289A0681FF014F84FF0000B0246074612
S2140173484349002002F0C0F809F10509BAF80030EF
S2140173581FFA89F5BAF800201FFA8BF94A4503D8AF
S2140173681F2B31D9892759E7484607A904931DF0E9
S214017378C8FF9DF81C20049B012A22D122689DF88B
S2140173881D00517988421CD1BDF81E0051888842DB
S21401739817D1BDF82010414513D19DF82210029847
S2140173A881420ED1BDF82400218A884209D1BDF850
S2140173B82800E188884204D19DF82A101279914262
S2140173C81BD00BF1010BC5E7012299468DF81C204D
S2140173D8226851798DF81D105188ADF82080ADF8D6
S2140173E81E1002998DF82210218AADF82410E18822
S2140173F8ADF8281012798DF82A2007A8ADF82C7058
S2140174081DF06EFF074600287FF408AFBAF8003073
S2140174184846994508BF09F1010307A908BFAAF814
S21401742800301DF076FF7EE78D27F7E68C27F5E618
S21401743854170400120A0400E5220400B5170400D4
S2140174486A1604005C170400791704009A170400EA
S214017458A51704000E5A00202DE9F04F0746884666
S2140174689146002589B09A46BDF848B09DF84C600B
S214017478149C224B1A88A8B2824235D903A91DF05A
S21401748840FF9DF80C201D4BB2BB9DF80D10B9426C
S21401749832D1BDF80E1041452ED1BDF81010494520
S2140174A82AD19DF81210514526D1BDF81410594518
S2140174B822D13046029201F055F8A6F14103012B7C
S2140174C801460AD820461EF051FF0D4B0D4A2044AE
S2140174D884420CD10421029302ACEDB23246204616
S2140174E8009503ABFFF72EFC09B0BDE8F08F14F842
S2140174F8011F4B405343EBE70135BBE70E5A00200B
S214017508C59D1C81930100011FB50F4C2478C4B199
S21401751842EA03229DF818308DF8051042EA432204
S2140175280A4BADF80C201A78094B8DF80610079906
S21401753803EB021300908DF80400DB68684602919D
S214017548984704B010BD00BF9B6000209D600020D6
S2140175589C43002073B51A4DFF211A481DF06CF99B
S2140175682B7853B3184C194E2378180106EB0313DE
S2140175781A7A5968305C1FF0DBFA4D281DD0E0B145
S214017588012300212278CDE900311201B25CC0B294
S214017598FFF7BAFF0A2223780A480133DBB2B3FBA6
S2140175A8F2F102FB1133FF2123702B78013B2B707C
S2140175B802B0BDE870401DF037B902B070BD00BF1B
S2140175C89B6000203C4400209D6000209C430020D6
S2140175D8F8B5104F3E780A2E1AD00FC8DFF840C00B
S2140175E80D4D9CF80040013605EB041585E80F00A3
S2140175F80A230134E4B2B4FBF3F203FB124407484E
S214017608FF218CF800403E701DF00EF90020F8BDF1
S2140176180120FCE79B6000209C4300203C4400209E
S2140176289C6000200021024A0248FAF75DB900BFB3
S2140176385D7501003C440020002337B50C46124D09
S21401764812492A78CDE9003312018A5C01230146E2
S214017658E0B2FFF759FFA4B90D490A788AB10A20A2
S2140176682B78013A0133DBB2B3FBF0F40A70FF2141
S21401767800FB143307482B7003B0BDE830401DF0FB
S214017688D3B803B030BD00BF9D6000209C430020E6
S2140176989B6000203C44002008B500F0BDF850B1BE
S2140176A8054B064A0649052808BF1A46BDE808409C
S2140176B8002001F009BF08BDC9170400E52204002F
S2140176C8EA17040008B503201FF04CFA10B9012286
S2140176D8014B1A7008BD00BF9E6000200022024BB5
S2140176E818781A70704700BF9E6000200246FF2176
S2140176F801481DF090B800BF5C440020114B37B517
S2140177081D78C5B9FF2110481DF096F8FFF7DAFF76
S214017718044600900D4B28460D4A0E4901F0D4FE4A
S2140177284CB10D4B1B78DB0605D528461FF0F4F93E
S21401773820461DF046FC094B186803B0BDE83040EA
S214017748FFF7D4BF9E6000205C44002007180400A1
S21401775835180400F4EF03008C600020C46900208B
S214017768FF2101481DF068B85C44002070B51A4E28
S214017778054633780C466BB30020184A184901F0C1
S214017788BDFE032C01D0652C20D11649002001F03E
S214017798B5FE22460020144901F096FE0020134942
S2140177A801F0ACFE012329460822002001F0F0FD75
S2140177B800200F4901F088FE032C88BF00232046CD
S2140177C888BF3370BDE87040FCF7BEB8012CE0D026
S2140177D80849DBE770BD00BF9E600020351804002D
S2140177E8DEF303004818040095FA0300661804003F
S2140177F8E52204005E180400014B1860704700BFBC
S214017808C46900200021024A0248FAF76DB800BF91
S214017818057701005C440020054B10B51C782CB98F
S2140178280448FF211DF000F8204610BD0520FCE79E
S2140178389E6000205C440020F8B50024074B084EE3
S2140178481D68084FE3B29D4204F1010400D8F8BD53
S214017858394656F823001CF0A6F9F3E70C94040001
S21401786810940400906A002010B5044C23780BB1DC
S2140178781FF068F90123237010BD00BFF36D0020C7
S2140178882DE9F743254B0D4616460446019350B19C
S2140178984AB1042301AA12F8011BA94235D0013BBB
S2140178A813F0FF03F7D1212003B0BDE8F08317F8E2
S2140178B8010F90FAA0F0000E1CF0B1FB014608EB90
S2140178C807039945F3DCCAB2C1F30F2392FAA2F271
S2140178D893FAA3F3120E1B0E03EB0223DB43621982
S2140178E812F8020C99B2DBB298420CD112F8013C9C
S2140178F8B3EB112F07D132462146284603B0BDE81F
S214017908F0431FF087B82320CEE74FF6FF71671EB6
S214017918A5F10209C4F10108D1E700BF080A0E1251
S214017928014B1870704700BF9F600020024B1A6811
S21401793818608260704700BFC8690020024B18684B
S21401794800B14068704700BFC869002070B504469A
S21401795800250A4B1B687BB100211E8807E05A6880
S21401796802EB0110013145B9021B554255418AB255
S2140179789642F4D89B68EEE7184670BDC8690020A1
S2140179882DE9F04F1E46002393B0022E074688467F
S2140179981446DDF870909DF874A0ADF81A3040F2E0
S2140179A8C08099F800305A0729D5042E40F2B980CC
S2140179B899F804B000255F4B33F83520002A00F00B
S2140179C8B68001350A2DF7D1209B002B40F0AD80FB
S2140179D8FF250023207908AA0DF119018DF8193021
S2140179E81EF052FC70B1BDF82C309DF819002380AA
S2140179F81EF0CCFC0790C0B113B0BDE8F08F99F823
S214017A0802B0D7E720791EF070F90B28059000F22E
S214017A188A8020791EF0CBFC07900028ECD1464AD4
S214017A28059B02EB03135B8823804FF6FF73002F39
S214017A3808BF434662880021CDE9002358465246CE
S214017A48238802F0FDFD18B1E38843F02003E380A4
S214017A58209B07A90DA8CDE90D34CDF83C90ADF8CB
S214017A684080ADF842608DF844708DF845A01EF050
S214017A781EFC08B10798BFE7484602F025FDA01D81
S214017A8802F010FD2246414638461EF053FDB0422C
S214017A9827D3E3882246C3F30E03E3809DF87C30A0
S214017AA841460393BDF87830384602930DF11A0320
S214017AB8CDE90093F3B21DF08BFE209B079003B32C
S214017AC8F8B9BDF81A2042B1092D06D81B4B03EBAD
S214017AD8C5018A80209A43F835201120FAF7CCFB95
S214017AE81CE0BAF1000F0AD10DF11A03CDE90063C3
S214017AF822464B4641463846FAF7D2FFDDE738209C
S214017B08DBE7052807D1E388DB0607D50023012034
S214017B180793FFF705FF079B002BDED01EF03BFC03
S214017B28A8E7012068E7212066E71C2064E7EDB294
S214017B384FE700BF84440020F04400208044002022
S214017B484FF6FF72024B1A805A809A80704700BF20
S214017B58105A002010B5044C2379FF2B02D11FF0D0
S214017B681FF82071207910BD105A002010B50C4C52
S214017B782379FF2B08D100201EF008FC20B91FF03E
S214017B880FF820711EF007FC2079022805D004386A
S214017B98012894BF0020012010BD0020FCE700BF8B
S214017BA8105A00204FF6FF7310B5044C22889A42EB
S214017BB802D11EF0EBFF2080208810BD105A00204D
S214017BC810B5FFF7BDFF40F61D439842044607D897
S214017BD8B0F5416F05D2182826D8152848D829D0D7
S214017BE810BDA0F541630D2BFAD801A252F823F077
S214017BF83D7C01003D7C0100E97B0100E97B010039
S214017C08E97B0100E97B0100E97B0100E97B0100D2
S214017C188D7C01009F7C0100397C0100397C0100C4
S214017C28397C0100397C010040F606439842D7D1D9
S214017C381C4920E0FFF7B6FF1B490246002001F069
S214017C4843FC152C05D11EF08BFFBDE810401EF035
S214017C5837BB164B164A1749B4F5416F08BF1A4683
S214017C68002001F031FC1EF02AFB1EF029FBECE790
S214017C781628DDD11049002001F026FCBDE8104089
S214017C881EF040BC1DF08BFEBDE8104002460B49B5
S214017C98002001F019BC0020BDE81040084901F099
S214017CA813BC00BFC51F0400721F0400E5220400B0
S214017CB86D1F04008E1F0400AE1F0400DA1F0400A7
S214017CC80220040007B5094A0346108831B9084A54
S214017CD8084903B05DF804EB01F010BC0091064AB0
S214017CE8064901F00BFC03B05DF804FB285A002096
S214017CF8F1EA03002220040095EB0300F4EF0300E9
S214017D080D4B37B51B68044693B11D780389012DC1
S214017D1808BF02250093C37A084A0020084901F0E3
S214017D28D3FB2146284603B0BDE830401EF0F0BE1E
S214017D38022003B030BD00BFBC45002097200400D8
S214017D4846200400002010B51EF020FB0D4B1B68D2
S214017D5863B15A78052A03D862B1052402220AE0DB
S214017D68FF2AFAD00020084901F0AEFBBDE8104012
S214017D781EF011BB144610461EF026FF20461EF0C4
S214017D8821FFF3E7BC4500209C20040013B5134CE3
S214017D9800201EF0FBFAFFF7D3FE23689BB101A86B
S214017DA81DF0F0FD78B923681A789DF804309A42D8
S214017DB809D0D91E032906D9D11E012903D9012ABA
S214017DC807D1022B05D1032301A8ADF804301EF014
S214017DD8A5FE02B0BDE810401EF0DDBABC45002085
S214017DE800231946034A01330A2B918042F8081BDF
S214017DF8F9D17047804400207FB50E4605461EF02F
S214017E088FFE2A46044603460D49002001F05CFB16
S214017E1896B10C4B36211A889B78ADF80C208DF854
S214017E280E300323002200934FF6FC7003AB8DF847
S214017E380D501EF0C9FD0446204604B070BD00BFB3
S214017E48BD20040034780400FF2810B50C4604D180
S214017E580020044901F038FBFE202146BDE8104009
S214017E68FFF7CABFD6200400F8B51E460B8807469A
S214017E780C461546002B64D14A88B1F90210002039
S214017E880029B8BF6B78304901F01EFB6288132AB7
S214017E981DD002F5FF437F339BB2052B23D8A2F5ED
S214017EA80042013A052A1ED8DFE802F0193F1D03F1
S214017EB83C09264A2649002001F006FB13E0254A1C
S214017EC82349002001F01AFB2A792349F3E7022EF9
S214017ED894BF4FF6FF72B5F801202049EBE7002062
S214017EE81F4901F0F1FA33462A46214638461FF063
S214017EF873FE70B933462A46214638461FF06EFE91
S214017F0848F2210362889A4203D1384669781EF0FE
S214017F18C4F96388B3F5004F02D90820FAF7C6F901
S214017F280120F8BD2A790F49C5E70F4A08490020FC
S214017F3801F0E4FA032E94BF4FF6FF726A880B49E4
S214017F48B9E70020EDE700BF11210400392104003C
S214017F584021040051210400572104006521040032
S214017F687D21040097210400B9210400BE210400E4
S214017F782DE9F04116888AB0DFF88C80ADF80E300E
S214017F880DF10E03C8F8002015460093324610ABD3
S214017F9807460C46FAF716FE90BB109B8DF8240090
S214017FA80693BDF80E3004A8ADF81C30AB898DF8E1
S214017FB81070ADF820306B890594ADF81E60ADF8E9
S214017FC822301EF072F9D8B921463046BDF80E3077
S214017FD8109A01F0C9FF98B921463046BDF80E300F
S214017FE8109AFFF741FF58B9CDE900603946204697
S214017FF8BDF80E30109A02F049FB08B9C8F800001F
S2140180080AB0BDE8F08100BF7C440020F0B585B019
S21401801804AB03E9030000231C469DF80D609DF898
S2140180280E70154AD9B202EBC1004568EDB99DF844
S2140180380C30284600939DF80A209DF80B300F490E
S21401804801F05CFA26B1324628460D4901F056FA87
S2140180580C4A0020002C18BF2246BDF808300A49F1
S21401806805B0BDE8F04001F02FBA12F8311001331F
S214018078B94208BF2C46D5E7DC770400D0210400B6
S214018088E121040060EA0300E52104004FF6FF73CE
S21401809810B5084C88B062889A4207D102A90DF13A
S2140180A807001DF06DFCBDF810306380608808B0CD
S2140180B810BD00BF105A00202DE9F04F85B0894643
S2140180C892461C460746BDF83850BDF83C80109EBF
S2140180D8002833D00346464A0020464901F00EFAE6
S2140180E82388002B76D040F20912934274D0424A74
S2140180F84249B3F5827F08BF0A46CDF804806188F5
S214018108002000913E4901F0F9F9238893B1B8F1AE
S214018118020F0FD933783B4913F0010F3A4A18BFBB
S2140181280A4659074FF000004CBF3379B3783749F0
S21401813801F0E4F90020364901F0C6F90023354973
S21401814831F83320AA4249D1334A52F833B00023D2
S21401815831F83300DA00A84246D100202E490A44F5
S214018168908041F8330047B9238833B9B4F902300F
S214018178002B02DB0820FAF77FF80120FAF796F8B9
S2140181889EB13578EB0710D515F0040004D04246A9
S214018198012130461EF0E4F8CDE901704346224637
S2140181A85146484600961DF0FDFDBBF1000F06D06E
S2140181B84346224651464846CDE90067D8474346D6
S2140181C8224651464846CDE900671DF0B1FA05B08A
S2140181D8BDE8F08F114A90E7114A8EE701330A2B62
S2140181E8AED14FF0000BB2E701330A2BB0D1BAE794
S2140181F89DE103000C22040061EA0300FA21040051
S2140182081A220400FD210400052204004B22040062
S214018218E52204008444002080440020F321040061
S214018228F72104000D4BF0B54FF00C0C1F880546DE
S21401823800230B4EDCB2BC4201D30020F0BD0CFB80
S21401824804F43019345DAC4205D144888C4202D11D
S21401825804799442F2D00133ECE700BF926D002016
S214018268D869002073B501262B4D2C4C2A4620468A
S214018278FF2300210096F9F701FB2A462046FF2333
S21401828800210096F9F7FAFA2A462046FF2300212C
S2140182980096F9F7F3FA2A462046FF2300210096AE
S2140182A8F9F7ECFA2A462046FF2300210096F9F74B
S2140182B8E5FA2A462046FF2300210096F9F7DEFA5A
S2140182C82A462046FF2300210096F9F7D7FA2A46C0
S2140182D82046FF2300210096F9F7D0FA2A462046C1
S2140182E8FF2300210096F9F7C9FA2A462046FF23FC
S2140182F800210096F9F7C2FA2A462046FF230021F4
S2140183080096F9F7BBFAFF232A4600212046009675
S214018318F9F7B4FA02B070BD67500300D0440020E4
S2140183282DE9F84300244FF00C090C4B0C4F1E782E
S214018338DFF830803A88E5B2954202D33046BDE888
S214018348F88309FB0585FF21A8681CF083FA18B98C
S214018358AB799E4238BF1E460134EBE7A060002089
S214018368926D0020D8690020014B1878704700BF2D
S214018378A0600020014B1870704700BFA060002065
S214018388F8B506460C461DF07DFF0546C8B93046C9
S2140183981DF0ABFC0B2815D80B4B03EB00131F7B0A
S2140183A887B95A88012122809A88304662809B794B
S2140183B8237100F037FA39466071304600F032FA18
S2140183C8A07101252846F8BDF044002070B5044682
S2140183D80E4615461DF089FC0B2802D94FF6FF708C
S2140183E870BD094B03EB00131A7B002AF6D146B978
S2140183F801222946204600F03DFA0028EED00088E2
S214018408EEE7012EEAD1F4E7F0440020FF2313B586
S2140184180DF1070104468DF807301DF031FF18B13C
S2140184289DF8070002B010BD074B03EB04131B7B36
S2140184380BB1FF20F6E7204600F03AF90028F8D0FD
S214018448204600F0E9F9EDE7F044002013B5F6F709
S214018458EBF90446F6F7EEF92246034612490020E0
S21401846801F032F800F084FFFFF7BAFC00F0A6F836
S2140184780221084602F046FDFFF764FC41F2490076
S2140184881EF0B4FB4FF0FF130093FF2368468DF8E8
S21401849804301EF091FB4FF400401EF06FFB0020E5
S2140184A81EF08CFB02B010BD9A22040038B50546B2
S2140184B81DF008FF90B928461EF0B4FA044628B104
S2140184C840F60443984214BF88248D2423462A463E
S2140184D80020034900F0F8FF204638BD8D24FBE74D
S2140184E8B22204002DE9FF4705460E461746984670
S2140184F8BDF83090DDF834A0BDF83840CDF80090CE
S214018508CDE9014AE4B2FFF7D7FD43463A4631467C
S2140185182846CDE90094CDF808A01FF026FBFF21D8
S214018528034B044A044804B0BDE8F04700F01ABEFD
S2140185381C5A0020185A002078620020044B014675
S2140185481888102240F0404040F48010F6F79CBF8F
S21401855832750400024B18685968FFF757BD00BF0B
S2140185687ED004000123064AD15C814202D1054A25
S214018578D05C704702335F2BF6D10020704700BFEE
S214018588367804003778040070B500220446094B93
S2140185981D78094BD0B2854201D8FF2070BD1E78E0
S2140185A8A64204D10029F9D05E7BF607F6D401323B
S2140185B81033EFE7A1600020F04400202DE9F041D8
S2140185C898B06B46304A1068516803C390680CAA85
S2140185D818602E4B14469C4603F118061546186873
S2140185E85968083303C5B3422A46F7D112AA174673
S2140185F8274B03F11806154618685968083303C54A
S214018608B3422A46F7D1234A03AB106851684FF0A4
S214018618010E03C3906871681860DCF83000002208
S21401862806AB03C30C21EC46B068CDE909221860F5
S214018638194BDFF86C801970184B0DEB01060B927D
S21401864806AD09A91CF8010B0132187034F8020BA3
S2140186580C2A588037F8020B83F80DE0988016F834
S214018668010B03F1100303F80A0C15F8010B08EBCC
S214018678C00043F8080C11F8010B03F8040CE1D10B
S21401868818B0BDE8F08100BFCC220400A67B040028
S214018698BE7B0400D9220400A1600020F04400201B
S2140186A8A0780400014B1878704700BFA16000202D
S2140186B8034B03EB0013587B00F00100704700BF23
S2140186C8F0440020F0B504460846D9B100220E4B06
S2140186D811461F780D4B1D46D6B2B74201D8002069
S2140186E810E01E78A64206D09E68F688314489B204
S2140186F801321033F0E75E7BF607F9D505EB021574
S2140187080180A868F0BD00BFA1600020F0440020E9
S2140187182DE9F347894690461D46074618B90020B5
S21401872802B0BDE8F0870029F9D0002AF7D0002B5F
S214018738F5D0002400780DF10601ADF80640FFF7E4
S214018748C1FF0028EBD039460DF10602BDF80660D8
S2140187581DF0C0F907460028E1D00DF10602BDF864
S21401876806A01DF0DEF90028D9D0C9F80070C8F8AF
S2140187780000037913F0200219D1DB0614D4BDF8E2
S21401878806300C4A564413FA86F612FA86F20BE0BD
S2140187981A790C33920642BF13F8092C891889B244
S2140187A89842F5D8044A0A4401202A60B8E72146C7
S2140187B8024BF5E7C4610020A2600020E07A0400BD
S2140187C808B50021FFF7E0FEFF2817BF044B08464F
S2140187D803EB0013587B18BF00F0010008BD00BF6B
S2140187E8F04400202DE9F0410D4616461F461DF0BF
S2140187F87CFA0B280AD8074C3B4604EB0010324695
S2140188082946BDE8F04180681DF03CBA0020BDE865
S214018818F08100BFF0440020014B0001185C70474E
S214018828F044002070B50C461DF05FFA0B281BD8E3
S2140188380F4B03EB00139A68C2B10023142618469F
S2140188481579D9B28D4200D870BD116806FB03119F
S214018858097B34B911F0800F1CBF0130C0B2013357
S214018868EFE711F0400FF7E70020EDE71046EBE7DA
S214018878F0440020F8B50D4616461DF036FA0B28CA
S2140188880BD80F4B4FF0140C03EB00139A68002318
S2140188981C461779D9B28F4201D80020F8BD106856
S2140188A80CFB0300017B46B911F0800F03D0AC42E4
S2140188B8F4D00134E4B20133ECE711F0400FF5E7E8
S2140188C8F04400202DE9F04F064600243A4B87B0C5
S2140188D81B783A4F0093009B9C4207D2FF2E08D084
S2140188E830461DF002FA0B28044606D907B0BDE843
S2140188F8F08F07EB04131B7B2BBB23014FF00008FB
S214018908019307EB041A14E014221B6802FB0535D1
S2140189182B89B3F5967F01D924F078F84FF0000932
S2140189284FF00C0B29891FFA89F291420ED808F1EB
S2140189380108019B5FFA88F5FB189B681A79AA4219
S214018948E2D8FF2ED2D10134E4B2C4E71FFA89F087
S2140189580BFB00F06B6819180A7912F0100F23D177
S2140189689AF800E012F0400F8DF80CE0B5F800E038
S214018978185AADF80EE00CBF4FF0400E4FF0800EBF
S214018988ADF8120028468DF810E01DF06FF8530771
S214018998ADF81400C8780AD50228896800D909688C
S2140189A8002203A81DF03EF909F10109BAE70228D9
S2140189B88CBF89680831F3E7A1600020F0440020E5
S2140189C8052370B5094A06881488B44208D19578F3
S2140189D8047B2C403F2C03D90D4201D0506870BD52
S2140189E8013B02F10802EFD11846F8E7507B040074
S2140189F870B50024074D084E2B78E0B2834200D8A4
S214018A0870BD06EB0010437BDB0701D51DF04CFA61
S214018A180134F1E7A1600020F0440020F8B50C46C7
S214018A2800210546FFF7B0FDFF2829D0154A0601A3
S214018A3802EB00135B7B03F001016CB143F0010309
S214018A481644A142737305D0C4B100B202EB0010FC
S214018A581DF02AFA0120F8BD2346F1E77B43116889
S214018A682846CA18127BC95AD2091CF089FE013455
S214018A78B268E3B211799942F0D8EBE71427F7E721
S214018A880846E8E7F0440020F0B59446497D20B34F
S214018A9839B3012918BF042100254FF6FF702F4668
S214018AA82A46144E3488644511D196F803E01EEA26
S214018AB8010F0CD0B4789C4209D30AB1BC4206D83F
S214018AC81EF0100F03D08AB1BC420CD370B9013521
S214018AD8072D06F10406E5D1F0BD002908BF0821D7
S214018AE8D8E70221D8E727460020F0E727460122E3
S214018AF8FAE700BF347B04002DE9F04F0A9FBDF862
S214018B0824E09DF82C809DF830904C7D78B394B382
S214018B18012C18BF04240025194800F11C0C0688EE
S214018B2896421ED190F803B01BEA040F19D0867836
S214018B38464516D31BF0100F91F80FA004D0BAF1D2
S214018B48000F0ED0B1F810A0BAF1000F09D1A9454F
S214018B5813D0AE4511D95E553E88013501363E80A3
S214018B68ADB204306045DAD10120BDE8F08F002CA3
S214018B7808BF0824CDE70224CDE70020F5E700BFAB
S214018B88347B04002DE9F04F0024B1F57C4F0E46E6
S214018B9838BF4FF0010BA246A1464FF6FF781F4695
S214018BA828BF274B85B028BFB3F800B000900192C4
S214018BB85C4503D3404605B0BDE8F08FB6F57C4F5B
S214018BC80CD3204B3A4603EB840331465B88009866
S214018BD8FFF708FE054680B300232AE03A463146E9
S214018BE800981DF0B2F8F5E70C229CB254436A6867
S214018BF80199105B02EB040C884219D3B9F1000FF6
S214018C0801D0504514D861462846CDE902321CF0F9
S214018C182DFF029B60B1039A125BB9F1000F03D0D6
S214018C28524501D3804503D9924680464FF0010943
S214018C3801332A899CB2A242D6D80134A4B2B7E736
S214018C4896780400987804002DE9F04F91461A4664
S214018C5800238BB08DF82020BDF850208DF81C001D
S214018C68ADF81E10ADF8242005460F461A4604A98D
S214018C7807A8159C9DF858609DF85CA09DF860B003
S214018C889DF864800493ADF822901CF077FF049851
S214018C9850B92B46CDE90079644A654900F014FCC1
S214018CA886200BB0BDE8F08FBAF1000F14D1837897
S214018CB8B34206D050465D4A5E4900F005FC8D2059
S214018CC8EFE7037913F0010306D11846574A5A49C4
S214018CD800F0FAFB8820E4E703795B072CD5836864
S214018CE85A689B680592069380781DF0DBFC049B06
S214018CF80546DF782146022F03463A4610D805A8CE
S214018D081DF08CFC81462B463A46214606A81DF0E6
S214018D1885FCB9F1010F01D001300DD18720C0E7DC
S214018D2805981DF07BFC0128F8D02B463A462146CB
S214018D3806981DF073FCEFE7BBF1000F6FD1049F97
S214018D484FF6FF722146B8781CF02EFE00286BD02D
S214018D58BDF82430C5B20093CDE902549DF8203001
S214018D68BDF82220BDF81E109DF81C0001961DF0C6
S214018D7898FA002895D1BDF82430CDE9025400931D
S214018D88BDF822209DF82030BDF81E109DF81C0065
S214018D9801961DF063F8002883D121469DF86820C6
S214018DA807A81CF03FFF00287FF47BAFB8F1000F3F
S214018DB807D03B462046BDF81E209DF81C101CF027
S214018DC8D4FFBDF82430BDF82220BDF81E109DF84A
S214018DD81C000093CDE901649DF82030FEF73CFBAA
S214018DE8BDF82430BDF82220BDF81E109DF81C00E1
S214018DF80093CDE902549DF8203001961DF050FAF3
S214018E08BDF82430BDF822200093BDF81E109DF849
S214018E1820309DF81C001CF0F9FF002041E70020D7
S214018E28064900F051FBF8E701203AE7E62204007C
S214018E38F22204001E230400322304004623040001
S214018E487FB500258DF80830BDF820308DF8040070
S214018E58ADF80610ADF80A20ADF80C306946BDF835
S214018E682830099A01A80B9E00951CF087FE044637
S214018E7830B916B1009B9B783370204604B070BD9C
S214018E888928FAD12846024900F01EFBF5E700BFFB
S214018E98632304002DE9F04F4FF0000AC7B0FFF72F
S214018EA801FC5FFA8AF6B04202D847B0BDE8F08FF7
S214018EB85B4B36019A5D00205A4900F005FB0020FD
S214018EC8594900F001FB00230593554B9DF81440C2
S214018ED833449B681A79A24202D80AF1010ADEE7EE
S214018EE814224FF000091B6802FB043422891FFA7A
S214018EF889F39A4202D8059B0133E5E70C231FFA4A
S214018F0889F803FB08F8D4F804B023F07FFD0BEBCF
S214018F1808052B79454913F0400F3BF8083022889D
S214018F284FF000000093424B18BF0B46414900F032
S214018F38E5FA294620461CF099FD074600283CD14B
S214018F483D4900F0DBFA2979DFF814C111F0010F69
S214018F583A4818BF604611F0020FAA78EB7832D16A
S214018F68DFF800C111F0100F354918BF6146CDE989
S214018F7800010020334900F0C1FA2B793BF808209C
S214018F8813F0400F4FF0000B4FF0FD030DF11808DA
S214018F982188CDE9023BCDE9007821480CBF402362
S214018FA88023805DFFF74CFF86280ED126490020D6
S214018FB800F08AFA09F1010998E7024623490020D8
S214018FC800F09CFABFE72249D1E7A8781CF03EFDDD
S214018FD8D8B140461DF0CAF9421C92B20123414657
S214018FE8002000F0D5F93946208801F001FA4FF63D
S214018FF8FF73984207D0174B174903EBC0035A680B
S214019008002000F061FA1549D1E7A8781CF024FD84
S21401901820B140461DF0AFF9821CDEE7EA78DDE7AD
S214019028F0440020B5230400C32304008D23040064
S2140190389223040003240400461504009A2304001E
S2140190489D2304001724040033240400D4280400B4
S214019058A5230400207C040020F40300E522040074
S21401906897230400AD2304002DE9F04FC7B0BDF8DF
S21401907844A10646BAF1040F0D4614461F46BDF82C
S21401908840B163D9CDE9013B00920B46024630490F
S214019098002000F019FAFD230DF117090DF1180843
S2140190A83046029322463B462946CDE900B8CDF81C
S2140190B80C90FFF7C5FE0646B8B9FD22414699F859
S2140190C800001CF071FC0746C0B1AAF104038342F4
S2140190D838BF892620461DF006F98EB1304600F0C5
S2140190E81BF9304647B0BDE8F08F009023462A4664
S2140190F80020184900F0E8F90027EBE78926E9E798
S214019108DFF85CA0BA1CBAF80030C3F1FF039A4234
S21401911819DA304600F000F999F8000000F0FCF87A
S214019128BAF800900C483A4641464844B94405F016
S2140191381FF8AAF8009023462A46304607490097A2
S21401914800F0C2F9CDE7892000F0E6F88926C8E7DD
S2140191583F2404007A24040078620020A124040035
S214019168185A002010B5044C2060044801800449B0
S2140191780A60044A136010BDB8450020165A00203C
S214019188B4450020B045002030B587B00AAC0D467E
S21401919854F8041B0093CDE9011413460949024605
S2140191A809480988006805941CF09FFF4FF48A5205
S2140191B8064B1B681880064B1B685D80DA8007B073
S2140191C830BD00BF165A0020B8450020B44500201F
S2140191D8B045002008B410B587B009AB0C4653F863
S2140191E8041B0092CDE9011302460B490B4805936F
S2140191F80988002300681CF078FF4FF48A52084B50
S2140192081B681880074B1B685C80DA8007B0BDE8CE
S214019218104001B0704700BF165A0020B84500201C
S214019228B4450020B0450020044A034611680448A6
S214019238044A0988126800681CF030BAB445002050
S214019248B0450020B8450020044B054A1B68126843
S2140192581988044B18681CF094B900BFB44500205F
S214019268B8450020B045002007B5074B1B681B888A
S2140192780192064A12680092054A12681CF0E2F941
S21401928803B05DF804FB00BFB4450020B8450020D4
S214019298B04500201FB51446064A12681288CDE963
S2140192A801430091044B05491B6809681CF0A6F99F
S2140192B804B010BDB4450020B8450020B0450020D4
S2140192C8014B1868704700BFB0450020024B1B6869
S2140192D818715971704700BFB045002010B50024B9
S2140192E8084B1C70FEF75EFC074BFF2218802146D0
S2140192F8064804F0ADFD064B1C80064B1C605C60FE
S2140193089C6010BD826300201A5A002078620020F3
S214019318185A00201C5A002007490B88FE2B9FBFAD
S214019328064AD054581C80B29DBF088000F1FF3011
S21401933880180020704700BF185A00207862002065
S214019348F8B5094F0D463B885C18FE2C0ADC074E1B
S2140193580A46A4B20146F01804F0CCFD3C80641B12
S214019368A019F8BD0020FCE7185A002078620020F2
S214019378024B034A00201A60704700BFBC45002014
S2140193889C780400014B1878704700BFF044002011
S21401939830B4044D044C002B0CBF2B46234630BC7E
S2140193A81DF00DB88DE203007425040070B505465E
S2140193B808460C461CF0DAFF611C0246024B28469A
S2140193C8BDE870401CF0FBBF932C040000B5037881
S2140193D889B0069343783E22059383780849049317
S2140193E8C3780393037902934379019383790093AE
S2140193F8C3790448008800F081F809B05DF804FBD9
S214019408CF240400285A0020024B02460249188835
S21401941800F05AB8285A0020F9E803002DE9F04769
S21401942805460E4617460024DFF84480DFF844A0B8
S214019438DFF84490AC4201D1BDE8F087B8F80000E7
S21401944806EBC401534608221CF0B9FF0134B8F8EC
S21401945800003FB9044AA54208BF4A46034900F03E
S2140194684DF8E7E74A46F9E7E5220400F8E803007D
S214019478285A00207425040074D103002DE9F04110
S2140194880E4E044630881CF0B2FFA8B100250C4FDA
S214019498DFF83080E3070AD518B94146308800F06E
S2140194A82DF830882A46394600F028F8002001357C
S2140194B81B2D4FEA5404EDD1BDE8F081285A00204F
S2140194C88C110400172204000EB417B505A904462A
S2140194D851F8040B019103F0B1FB01210220054A62
S2140194E8F8F7ECFC044B1C8003B0BDE8104003B051
S2140194F8704700BFE5220400285A00200EB417B5AD
S21401950805A9044651F8040B019103F097FB034B98
S2140195181C8003B0BDE8104003B07047285A0020ED
S21401952813B503680446587900F032FF90B92368EA
S2140195385A88032A0ED0E17C5B79CDE900211649C9
S214019548164AFFF7C1FF012120461CF0F0FF012053
S21401955802B010BD637D012B0AD0637D33B9236841
S214019568228A598858791CF0CCFB48B9C3200AE0EE
S2140195782368228A598858791CF0CCFB0028ECD03D
S21401958820461CF036FF064B1B78002BDFD110F562
S214019598807FDCD0C1B2D7E7FC240400F4240400A1
S2140195A879630020002970B50F491D460F4B1446F4
S2140195B80CBF6E227922002808BF0B4600200C49F2
S2140195C8FFF79CFF0B4E2544AC4205D1BDE8704021
S2140195D800200949FFF778BF3146002014F8012B0F
S2140195E8FFF78CFFF0E700BF352504002B250400A4
S2140195F83E25040072250400C90804002DE9F04F31
S214019608C27C8BB00592427D0368002A14BF802273
S2140196184022077D0446856886895879B846B3F896
S2140196280290069200F0B4FEA0B9059B052B05D85A
S2140196386FF02D03059A1341DB070BD5B9F1030F1C
S21401964808D0AB490020FFF73FFF012120461CF058
S2140196586EFF76E0E37B1BB1228A002A00F0B78111
S214019668607D0022B0FA80F05B4203F00403DFF865
S2140196788CB2400943EAC000ABF80020FFF74CFE65
S214019688E37B1BB3208A1CF02EFE8246A07CFFF7E4
S21401969843FE059A162A00F29A81DFE812F01900AD
S2140196A89E016C005600D2016C009201D9019A0104
S2140196B8E001E701EE0139010202980198019801DB
S2140196C81402580214027002390102029A46DDE7B2
S2140196D800204B46874A8849FFF7F6FE0120FFF728
S2140196E81BFE08F10207B74229D8414632462846EA
S2140196F81CF036FE8046236842465879BBF800308F
S2140197084946C3F1FF039BB20193238A0093069B44
S2140197181EF065FA10B11FFA87F8E2E72368424699
S2140197285879BBF800304946C3F1FF039BB2019351
S214019738238A0093069BFFF797FC8928EBD11CF038
S214019748F0FE01200BB0BDE8F08F4FF0000B0420AF
S214019758FFF7E2FDF31E0893089B984552D3BBF129
S214019768000FECD1E37B94F81480002B0CBF022287
S2140197780422624B1A804FF0000B0420FFF7CCFD41
S2140197885F4608F1030A564540F29D803246414637
S21401979828461CF0E5FD05EB08039B78F21EAA4453
S2140197A8A2EB080207905146184692B209931CF09C
S2140197B8FBF80890002879D02268099B5079CDE9F2
S2140197C801A3238A49460093DDE906321CF01BFCF7
S2140197D882464A460020079B4949FFF78FFEBAF1A1
S2140197E8000F55D10BF10103504646495FFA83FB3A
S2140197F8FFF76AFE089B08F1030813FA88F81FFAB0
S21401980888F8BEE73246414628461CF0A9FD05EB16
S21401981808039F78089B08F10301A3EB0802294473
S214019828824692B2384609911CF0BEF8079068B392
S21401983823680999587902970191238A5246009319
S2140198484946069B1CF02FFC0746B8B10BF10103ED
S21401985838465FFA83FBFFF75FFD50461CF043FD71
S21401986853464A4600202649FFF72EFE3A46002070
S2140198782549FFF729FE802F3FF471AF079B08F1B2
S214019888030813FA88F81FFA88F865E78027DDE7E2
S2140198985046FFF741FD07981CF025FD0137524653
S2140198A800201949FFB2FFF70FFEA3E78720FFF74D
S2140198B833FD07981CF017FD0137872212490898CF
S2140198C8FFB2FFF701FE059B052B3FF43AAF002FC9
S2140198D87FF435AFBBF1000F05D10C495846FFF7A9
S2140198E8F3FD8021B2E63846FFF716FD27E700BFED
S2140198F844D903007F250400CC250400185A00200B
S21401990889250400CC240400A5250400AF250400FD
S2140199180599A84AA84B0020152918BF1346CDF863
S2140199280090A64AA649FFF7CFFD059B0C2B14BF4E
S21401993816200D20FFF7F0FC3246284639461CF063
S2140199480FFD059B3D440C2B0646AD7835D1192DE8
S21401995828BF1925E37BB3B14FF6FF73278A9F42C9
S21401996811D1206832464946069B4079FFF70AF925
S214019978B84208D0BAF1000F05D020828AF8000054
S214019988000A8AF801000020BBF80070FFF7C4FC43
S214019998236832465879059B4946A3F1150CDCF134
S2140199A8000343EB0C03CDE90153238A0093069B7E
S2140199B81CF09DFA834BD855C1E6132D28BF1325F5
S2140199C8C8E72046FDF7D0FB00287FF4BAAE812110
S2140199D83CE62046FDF77CF8F6E7B9F10A0F05EBF9
S2140199E80708A6EB070A21D1DFF8DCB19BF800309F
S2140199F8E3B1E37BD3B9BAF1080F17D1324639463A
S214019A0828461CF0ADFC88B998F8023073B998F866
S214019A180320E22A0AD13246391D284605931CF04E
S214019A289CFC1CF069FD059B8BF8003041464846B6
S214019A381FFA8AF21EF0D5F800287FF482AE0021BC
S214019A4804E6F21B484692B2E9191CF046FCF3E715
S214019A58F21B484692B2E9191CF003FCECE7F21B2C
S214019A68484692B2E9191CF028FCE5E7F21B48467D
S214019A7892B2E9191EF0B7F8DEE72368EE5D587969
S214019A88238A0137ED5D0193069B324649460093CA
S214019A982B461CF06BF92A46314648461CF0E3FB78
S214019AA84FE605987A1CE95DB31AA0F116067042CE
S214019AB870410039009018BF012148469BB22A44DC
S214019AC81CF0D3FBB8E7059BEE5D112B3D446F7880
S214019AD838D11220FFF720FC0025E37BB3B14FF6FF
S214019AE8FF73B4F81080984510D133464A4621468C
S214019AF82846FEF7C9FF404508D0BAF1000F05D041
S214019B0820828AF80000000A8AF80100BBF8008063
S214019B18DFF8B0A0C8F1FE0292B208F10103009284
S214019B2853444A4621462846CDE90267CDF804B093
S214019B38FEF7E2FFBBF800300AF808000133ABF87D
S214019B480030FCE51420FFF7E7FB0125C5E77B1C81
S214019B589E422CD3EF5D1D44003F18BF0127F31A20
S214019B689EB233462A4639460020FFF71BFD00966B
S214019B782B463A464846218A1CF07BFB5CE77B1C51
S214019B889E4214D3EF5DF61A003F18BF01271D4405
S214019B98B6B233462A4639460120FFF703FD00963A
S214019BA82B463A464846218A1CF061FB44E70020CA
S214019BB8C8E500BFE52204007A250400C025040094
S214019BC8CA250400786200207763002038B54FF66E
S214019BD8FB750446A9424FF001019DF8100098BF95
S214019BE843F40043217023816260A072022300209F
S214019BF8084A0949FFF768FCE07A084B40F6CA02AA
S214019C0803EB4010FF211AF006FEBDE83840042099
S214019C18F8F732BBDA250400E525040000460020E3
S214019C2830B5054685B028B91D4905B0BDE83040B0
S214019C38FFF74ABC0024007B1CF0A8FB2046194A03
S214019C4819492C70FFF740FC184BE87AFF2103EB03
S214019C5840101AF0F1FD2046154B02019A5C22B914
S214019C6801300428F9D1F8F721FB696899B1B5F9EB
S214019C7808302A899B1303F002038DF80430C2F3D7
S214019C880E03ADF806304FF6FF73ADF80830002323
S214019C9801A80393884705B0BDE830401CF07BBB9C
S214019CA810260400DA250400422604000046002097
S214019CB8C04500200948037873B91946084AD37283
S214019CC80133042B1173117051601181917202F1E5
S214019CD81002F4D101230370704700BF7863002097
S214019CE8C045002008B5FFF7E5FF002305491A011E
S214019CF88A5C01EB03101AB10133042BF7D100205B
S214019D0808BD00BFC045002070B50D460646FFF7E2
S214019D18D1FF0023094800EB0514A17AB14205D109
S214019D28217819B12B4400EB031070BD0133042BC5
S214019D3804F11004F1D10020F7E700BFC045002068
S214019D4810B50446FFF7B6FF0E4B9C4212D003F13E
S214019D582002944210D003F1400294420ED06033A0
S214019D689C420DD10323084800EB0310BDE81040C0
S214019D78FFF756BF0023F6E70123F4E70223F2E7CD
S214019D880020F3E700460020C045002070B50024F7
S214019D98064D074E2846324600210134F7F7A4FD42
S214019DA8042C05F12005F5D170BD00BF0046002042
S214019DB8499D01002DE9F34105460C46174698468C
S214019DC8FFF790FF064640B91C4A1D49FFF77CFB82
S214019DD80224204602B0BDE8F0814FF6FB739D428F
S214019DE80AD94FF6FD739D4204D00020134A15493F
S214019DF8FFF76AFB4FF6FD75434621463A46284665
S214019E081CF062FB044600F02FFE804634B1234660
S214019E1800200A4A0C49FFF757FBDAE73B4620467B
S214019E28064A0A49FFF750FB062329463046089A90
S214019E38CDF80080FFF7CAFECBE700BFDA2504009D
S214019E484F26040079260400AE260400D72604000F
S214019E58F7B506460C461746FFF744FF054638B9D8
S214019E68104A1149FFF730FB0224204603B0F0BD23
S214019E7821464FF48A5230461CF0EEFC044600F0A8
S214019E88F3FD34B123460020064A0849FFF71CFBB8
S214019E98EBE7009004233A4631462846FFF796FE3C
S214019EA8E3E700BFDA2504004F260400FF26040076
S214019EB8F7B506460F46FFF715FF054638B9104AA7
S214019EC81049FFF701FB0224204603B0F0BD00222B
S214019ED84023114630461CF083FE04461CF07EFEE5
S214019EE834B123460020064A0749FFF7EDFAEBE7A7
S214019EF8009001233A4631462846FFF767FEE3E716
S214019F08DA2504004F2604003227040073B50446F8
S214019F180E46FFF7E7FE054638B9104A1049FFF71F
S214019F28D3FA0224204602B070BD0022204611460C
S214019F381CF058FE04461CF051FE34B1234600209E
S214019F48064A0849FFF7C0FAECE70090234632466E
S214019F584FF6FC712846FFF739FEE3E7DA250400D9
S214019F684F260400602704002DE9F0418846107842
S214019F7800219EB014461D46FFF7C6FE0646002879
S214019F8800F0FD800778002F7BD0B8F80010002974
S214019F9840F0F5800389B8F8022043F40040824275
S214019FA840F0ED80617800296BD1A2F50042062ABF
S214019FB800F2E580DFE812F0A100A100E300E3006B
S214019FC80700B8006900E3880D3DADF82430238901
S214019FD815F00105ADF8263063798DF82830E37A57
S214019FE803F1060214F812208DF814308DF81C209F
S214019FF842D10BA98E46069104F10C005FFA85FC46
S21401A0089C4500F1020009D210F8018C10F802CC28
S21401A01801350CEB082C2EF802CBEFE701EB4301D8
S21401A0281A440891D2B2590001F10D009A42C0B201
S21401A0380BD025186D78205C7831694400EB052033
S21401A048013321F84C0CDBB2EDE7B6F90820338969
S21401A058002AACBF01220322C3F30E038DF80820A1
S21401A0686288ADF80A3005ABADF80C20049302A956
S21401A07830461CF014FA04E0424A43490020FFF730
S21401A08823FA38461EB0BDE8F081042D02D83D4AB1
S21401A0983E49F3E72379053DADB29D42B4F8028007
S21401A0A802D0384A3A49E9E73A4A3B4B0020002DA4
S21401A0B808BF13463949334ACDF80080FFF704FA3A
S21401A0C805348DF81450B6F90830069485B1002B7E
S21401A0D8ACBF012303238DF82C303389ADF83080CB
S21401A0E8C3F30E03ADF82E3005AB0D930BA9BFE7EE
S21401A0F8002BACBF06230523EDE70B2DC7D9D4F8F3
S21401A1080200D4F8061013F4004F05AA03C20CBFC8
S21401A118042203228DF82C206289C3F30E03ADF8BE
S21401A1283020ADF82E30DFE7042DB0D96388ADF8BE
S21401A138303023790533DBB29D4206D00020114A20
S21401A14817490095FFF7C0F99BE70E4A0020154905
S21401A158FFF7BAF9B6F908203389002AACBF0122FD
S21401A1680322C3F30E03ADF82E3005AB0D93631D22
S21401A178069323798DF82C208DF81430B6E700273E
S21401A1887FE700BFDA2504008D270400B527040001
S21401A198C927040009E10300E5220400F0270400AA
S21401A1A80D2804004E280400304BF0B5B0FBF3F23E
S21401A1B84FF4616503FB1200B0FBF5F3DCB205FB57
S21401A1C813033C25B3FBF5F3DBB2A0EB04104B718C
S21401A1D8C3EB0313A0EB83004FF4FA630B8040F242
S21401A1E801134B8001230C711F4600246425204E61
S21401A1F88871944200D1F0BD91F802C013B1BCF148
S21401A208020F2BD006EB0C0010F801ECC87870454D
S21401A2180BBF012001300CF1010CC0B208BF81F858
S21401A22802C0C87088780D2816D10B888F70013344
S21401A2389BB298070B8014D1B3FBF5F005FB1030E1
S21401A24880B280B94FF4C870B3FBF0FC00FB1C3336
S21401A2589BB2B3FA83F35B090134CAE74FF01D0ECC
S21401A268D4E70023F8E70123F6E700BF8051010091
S21401A278E27B040010B5044688B006A9FFF794FFF0
S21401A2889DF81E300A4803939DF81D3004940293E6
S21401A2989DF81C309DF81A200193BDF81830054921
S21401A2A8009300889DF81B30FFF70EF908B010BD23
S21401A2B8285A002067280400026808B51188154B3B
S21401A2C819805188598051791971117959714FF44A
S21401A2D88A51D980D28812F0200F0CBF0A464FF453
S21401A2E88B528169DA800C4A137831B9C0880B49D8
S21401A2F823F002030880137008BD43F002031370AD
S21401A308074B15221846013103F0F4FD002200F828
S21401A318012CF1E71C5A0020826300201A5A0020FB
S21401A3282B5A002010B5184C236858791BF0DDFC11
S21401A3380B2822D8154B03EB0010027B237F9A4289
S21401A3481BD12368428819888A4205D04FF6FF70C8
S21401A358814212D1120410D42279023A012A06D96E
S21401A368A37B63B9BDE810400748FFF747B91989C9
S21401A37858791AF0F0FD0028F2D1002010BD0248E5
S21401A388BDE81040FFF7CCB884460020F044002012
S21401A39808B51BF0AAFC0B2896BF024B0020185CD8
S21401A3A808BD00BF8763002008B500201BF0EEFF3C
S21401A3B8FF201BF0CDFC1BF0EEFF1BF095FEFEF711
S21401A3C871F901210246064803F042FD054BFF21BB
S21401A3D8054A0648FEF7C6FEBDE80840FEF708BB74
S21401A3E8876300201C5A0020185A00207862002033
S21401A3F8F0B5002204464FF6FF750B4F90B237F8BA
S21401A40830600346AE4201D12846F0BDA64209D1C6
S21401A418B4F57C4FF9D307EBC3035B888B42F4D0C2
S21401A4280029F2D00132E9E7207C040010B5044681
S21401A438FFF7DEFF094A034610884FF6FF7293427C
S21401A44814BF074A2246BDE8104017BF02EBC303F4
S21401A45804495A680449FFF751B800BF285A002032
S21401A468207C04008A28040020F40300034B187893
S21401A4780130C0B2187000F07F007047F56D0020FB
S21401A488044A137818B143F001031370704703F0B8
S21401A498FE03FAE782630020014B1870704700BF7D
S21401A4A88563002038B1074B1B78012B04D103883C
S21401A4B843F0400303807047022BFCD1038823F046
S21401A4C84003F7E78563002068B1074A1378012B34
S21401A4D807D1064B1B781370037843F010030370FB
S21401A4E801E0022BF8D070478463002083630020C4
S21401A4F87FB50121264B274E197033780246D907B6
S21401A50844D42549096881B10868C1888D0641BFC8
S21401A518224CE18841F02001E180C1884C0641BF08
S21401A5281E48C18841F04001C1801D4D1D4928784B
S21401A538097840074CBFE97069701B4913F002049B
S21401A548098809D0164A19481BF0A3FE337823F068
S21401A5580203337004B070BD154B18884FF6FB73B1
S21401A568984208D80B46CDE9005201460B4A2046C8
S21401A5781BF068F8EEE74FF6FF73CDE9014200934A
S21401A5880A46074B05491BF039F8E3E70020E1E7DF
S21401A5987963002082630020804600201C5A002030
S21401A5A878620020F66D0020185A00202A5A0020EA
S21401A5B81A5A002070B503790446012B0D46164633
S21401A5C831D883681B78DB0600D561B3A37B13B942
S21401A5D8E37C0B2B27D00022144B1A80637DB3FA39
S21401A5E883F35B09D800E37BABB9FEF795FEA07C45
S21401A5F8FEF792FE0B20FEF78FFEE07CFEF78CFE40
S21401A6082846FEF789FE2046FFF756FE3046BDE887
S21401A6187040FFF76DBF40F00400FEF77DFE208A0C
S21401A6281BF061FEE3E7002070BD00BF185A00204A
S21401A638024B0A4601461868FFF7BCBF8046002051
S21401A648F0B4054618460F4B0C461B78BDF810109B
S21401A658012B0D4E01D0377827B100233370002027
S21401A668F0BC70470CB9002AF9D143B14FF65743ED
S21401A678994204D02B462246F0BC1BF0F0BD0120BF
S21401A688EEE700BFF76D0020866300202DE9F04F46
S21401A698684C4FF0000A25468446964698460F466B
S21401A6A8654B664E83F800A00FCE0FC596E80F00DF
S21401A6B885B085E80F00DDF83C90BDF83830724665
S21401A6C80093394643466046CDE9019400F0DCF82C
S21401A6D8DFF89081064670B90025FEF7FFFD1622C1
S21401A6E80021574803F0B4FB00232846C8F8003079
S21401A6F805B0BDE8F08F534BA27CC8F800401A702D
S21401A708514B1B78002B36D01BF0F8FE4F490246FA
S21401A7185046FEF7F3FE22685046537952884C4954
S21401A7280092A289FEF7EAFE50461BF060FE20B1B1
S21401A7382368218A5888FFF779FEE37B23B1002036
S21401A748228A4449FEF7DAFEA36800201A78E37CD9
S21401A75841490093A37CFEF7D1FE207DA289A1681A
S21401A768121A01440123002092B2FEF711FE0020BE
S21401A7783A49FEF7A9FE2F48FFF79EFD2D481DF022
S21401A78829FA054630BBB9F1000F25D12168E088C2
S21401A7980B8801904988BA1E032A00918CBF0022B3
S21401A7A801220121E07CFFF74BFF38B923685B796A
S21401A7B8FF2B3AD0FFF7B6FD05468EE72368DB8800
S21401A7C89A06F3D40121264C1A4821701BF0AFFED5
S21401A7D884F80090354680E7B9F814309B07E5D42D
S21401A7E87AE75846FEF718F882465846FDF760FF9E
S21401A7F888B123685046228A59881BF079FA50B1E5
S21401A8083846FFF759FD236889F804A083F805A0A0
S21401A818FFF788FD00B9284605460136FDF742FFD1
S21401A8285FFA86FB5845DCD857E70026014FDFF864
S21401A8383890F3E78446002079630020007C040002
S21401A8482A5A0020F66D0020F46D0020A328040083
S21401A858AC280400CD280400D928040053DA0300E4
S21401A86886630020804600201C5A00200023054AE3
S21401A878D15C814202D31A44507870470233DBB266
S21401A888F6E700BFEE7B040073B515462E781A4628
S21401A89816F0040F0CBF032605269E42089C08D90D
S21401A8A8224A234900960020FEF70EFE002002B039
S21401A8B870BDBDF8183021712060E380A560A281C3
S21401A8C82B7803F00103A3732B7803F00403002B02
S21401A8D814BF01210021E1732978C1F3C001617514
S21401A8E84FF00101217518D028461BF039FD237D4C
S21401A8F8208202332375227D531CDBB22375A95CA3
S21401A9080232D2B2A1742275EB5CE374A3899A422F
S21401A91805D900920749054AC5E72382EBE7079B55
S21401A9280120A36100232377C1E700BF9DE103004F
S21401A9381C290400382904002DE9F7430024204F78
S21401A948DFF89C80DFF89C90E0B21CF085F8FF28C1
S21401A95805460FD12346012102201A4AF7F7AEFA17
S21401A968194B0134187819F058FB152CECD103B0A3
S21401A978BDE8F08346B238EA260328BF4B460121D4
S21401A9880093022057F82430104AF7F797FA002E5A
S21401A998E6DA0923E340DB070AD50D4A0D4B15F025
S21401A9A8010F18BF1A4601210220F7F787FAD7E7E1
S21401A9B80A2CD5D1084A094B15F0010FF1E700BF5B
S21401A9C8387C040091290400F86D0020B929040098
S21401A9D86A29040054290400862904007C290400F5
S21401A9E809E10300E522040008B5542200210248C3
S21401A9F803F02EFA002008BD185B002008B5542283
S21401AA08FF21024803F024FA002008BDC45A00209A
S21401AA18024B23F810100020704700BFC45A0020CC
S21401AA28002310B4074ADCB2A14203D85DF8044BF0
S21401AA38FFF7DABF2A2BF9D032F8024B20F8134079
S21401AA480133F0E7185B0020002310B5054A994248
S21401AA5801DD2A2B00D110BD32F8024B20F8134035
S21401AA680133F4E7185B0020024B187800F07F00EA
S21401AA78704700BF93630020034B18780130C0B2BB
S21401AA88187000F07F0070479363002030B51C46AD
S21401AA9800238BB0ADF82220021D92B2012A0E9D2A
S21401AAA8ADF82030ADF81E10ADF81C3003D94FF6BE
S21401AAB8FF7290420FD10022CDE90352CDE901245D
S21401AAC8094B01461B784FF6FF70009307AB1BF046
S21401AAD8E3FF0BB030BD0146CDE90153184600949B
S21401AAE807AA1BF0F5FFF4E7F96D002038B505460F
S21401AAF84FF480500C4603F0B1FB4FF480532860A6
S21401AB08236030B940F2A511BDE83840014821F06C
S21401AB1870BF38BDA82A040000487047D65C0020DC
S21401AB28014B1878704700BF126E0020014B188839
S21401AB38704700BF9A6D0020014B1878704700BF18
S21401AB480B6E0020014B1878704700BF97630020F2
S21401AB58014B1878704700BF066E0020014B18702D
S21401AB68704700BF9A630020014B1870704700BFFA
S21401AB7899630020014B1888704700BF986D002024
S21401AB882DE9F74F4FF00008394B3A4F93F80090EC
S21401AB98394B3A4E3A4D3B4C3B483C49DFF8F4C0FA
S21401ABA8DFF8FCE0DFF810A1DFF810B10193019B94
S21401ABB82037203301935FFA88F3994506F120067A
S21401ABC805F1200504F1200400F1200001F120011F
S21401ABD80FD8002211462E4B2E4D1C782E4E2F4B89
S21401ABE82F4FD0B2844203F1200338D803B0BDE812
S21401ABF8F08F2C4B2C4A47F81C3C002346E90723C8
S21401AC082A4A47E9063E45E90723294A46E905E36C
S21401AC1844E90723274A45E905E340E90723019A5A
S21401AC2844E905E340E905E341E908CA41E9063E86
S21401AC3847F820CC47F8103C46F820CC45F820CCFD
S21401AC4844F820CC40F820CC41F8103C08F1010823
S21401AC5842E908CB42E9063E42F8103CA7E743E939
S21401AC68085643E9061743F8101C0132B9E700BF36
S21401AC78166E00205C4A00205C4900203C4A0020F1
S21401AC881C4A0020BC4900209C4900207C49002021
S21401AC98106E002010580020B1D60200DC490020B2
S21401ACA8E522040015930300ED910300ED9E0200D2
S21401ACB88DB802001B6A0300611C0300F18D0200B7
S21401ACC8002208B5074B1A605A601BF094FE064B23
S21401ACD818701BF090FE054B1870054B1A78054B3B
S21401ACE81A7008BDB2570020D5630020D46300202F
S21401ACF8046E0020D3630020002100B593B00846F7
S21401AD086A460AF071F90146C8B90E4B0E4A09930C
S21401AD180E4B0D920A930E4A0E4B0E920B930E4A49
S21401AD280E4BCDE90F230C930D4B6A4611930AF08F
S21401AD3811FC003818BF012013B05DF804FB012090
S21401AD48FAE700BF7F8D0300899A0200838F03000C
S21401AD58496F0200496A0300B5A90200E38F0300A0
S21401AD68B9960200084B1878112806D8012809D97F
S21401AD78064BC34003F001007047A0F14303584255
S21401AD885841704700207047D763002034000200FE
S21401AD9808B5064B1B78013B022B05D80020FFF7A8
S21401ADA8E1FF0138C0B208BDFF20FCE7D8630020E8
S21401ADB8044B00F1100250F8041B904243F8041BA0
S21401ADC8F9D17047D9630020044B03F1100253F8F8
S21401ADD8041B934240F8041BF9D17047D96300203D
S21401ADE830B5002491B0114B0546214614220BA814
S21401ADF8CDE9094303F02CF8102209ABCDE900444C
S21401AE080693CDE90452CDE90252094B09490AA82D
S21401AE18F2F728FD04460AA81CF07BFC1CB1A02109
S21401AE28054821F0E6FD11B030BD00BF00248000C2
S21401AE3800444004D9630020332B040070B5002475
S21401AE4890B0154B05460E46142221460BA8CDE9AF
S21401AE58094302F0FDFF102209ABCDE90044069331
S21401AE683146CDE90452CDE902520C4B0AA8F2F755
S21401AE78F9FC04460AA81CF04CFC1CB1BA21084887
S21401AE8821F0B7FD099B102B03D0BB21044821F004
S21401AE98B0FD10B070BD00BF00248000004440041F
S21401AEA8332B040030B50D4600218FB0124B0446F3
S21401AEB8142209A8CDE9071302F0CAFF102207AB2E
S21401AEC8CDE90242CDE90042049329460B4B08A876
S21401AED8F2F77CFD044608A81CF01BFC1CB1D12126
S21401AEE8074821F086FD079B102B03D0D221044882
S21401AEF821F07FFD0FB030BD0024800000444004DF
S21401AF08332B04000022034B1870034B1970034BB4
S21401AF181A707047EA630020EB630020E96300209B
S21401AF282DE9F04FDFF89080064698F800300D4678
S21401AF3885B0002B3AD04FF6FB73984236D84FF0BF
S21401AF48000B1C4FDFF874A03C7898F800305FFAC5
S21401AF588BF94B459AF8000011D9484402AA0DF11D
S21401AF680601C0B214F096FA082229460DEB020033
S21401AF7803F0BAFA0BF1010B0028E6D14C463B78F0
S21401AF88A34208D198F80020631CDBB29A423B70B2
S21401AF9804BF00233B70324629469AF800301C4409
S21401AFA8E0B205B0BDE8F04F14F062BB05B0BDE8ED
S21401AFB8F08F00BFE9630020EB630020EA630020FE
S21401AFC82DE9F74F06460D4614461F464FF0010B6E
S21401AFD8DFF8789003F10C0A15B903B0BDE8F08FD5
S21401AFE8102DA84628BF4FF010083A46164B5FFAB0
S21401AFF888F152F8040B524543F8040BF9D1019134
S21401B0089AF8002011481A70002389F80F4089F829
S21401B01800B089F80E30FFF7E3FE324601340B48DC
S21401B0280199E4B212F801CB10F8013B83EA0C034C
S21401B03802F8013C931BDBB28B42F3D3A5EB08085D
S21401B04816461FFA88F5C7E7ED630020EC63002073
S21401B0582DE9F04F9046914685B00090981A0293D4
S21401B06883B20193009B0F46354903F10C0453F84C
S21401B078045BA34241F8045BF9D11B78314E0B708F
S21401B08849233370019BF0731B0A3046B373FFF7ED
S21401B098A7FE0221BB460D46737888EA0303737040
S21401B0A84FF0000A1DE0C5F11004A9EB0A039BB294
S21401B0B8A4B29C4228BF1C4600231FFA83FCE8184A
S21401B0C86445C0B21FD82544EDB2A344102D54449C
S21401B0D81FFA84FA05D1002530460391FFF780FE52
S21401B0E80399D145DFD807EB080B25B1154803911D
S21401B0F8FFF776FE039901294FF000050DD00121CF
S21401B108DDF80490CCE71BF803C016F800E001331D
S21401B1188CEA0E0C06F800C0CFE7029B09491F44CB
S21401B128094B38461C78224603F022F82A4621465F
S21401B1383846009B05B0BDE8F04FFFF741BF00BF9A
S21401B148ED630020EC630020176E002030B54078D0
S21401B1580C4601284FF0110387B001F1100516D1EE
S21401B168144A01A90AF07EFF234601AC2246186854
S21401B1785968083303C2AB421446F7D111230D4A66
S21401B188002001A90AF06EFF002007B030BD01209B
S21401B198094A01A90AF066FF234601AC2246186847
S21401B1A85968083303C2AB421446F7D11123024A41
S21401B1B8E6E700BF75E4010079EB010030B50C46FF
S21401B1C8407887B001284FF011030DBF0B4A0C4A8F
S21401B1D8012001A918BF01A90AF044FF234601AAC4
S21401B1E805AD144603CCAC4218605960224603F1FB
S21401B1F80803F6D1002007B030BD00BF75E4010092
S21401B20879EB010010B50C4688B01A230C4A01A93F
S21401B21801200AF027FF21460DF10E0304F1100262
S21401B22851F8040B914243F8040BF9D11A23002074
S21401B238034A01A90AF016FF002008B010BD00BF96
S21401B24824E10100F0B58BB004460D461DF058FD0B
S21401B258A8B101A812F0CEF888B1667B271D16F0B2
S21401B268020F05D00822384601A903F03DF9D0B9E6
S21401B27801AB46F0020603CB6060796066731A2359
S21401B2880A4A03A901200AF0EDFE29460DF1160324
S21401B2980DF1260253F8040B934241F8040BF9D139
S21401B2A800200BB0F0BD2D20FBE700BF24E1010014
S21401B2B8F0B50546071D00220C463846082193B00E
S21401B2C81DF0ACFC6A7B0646D0070BD5687808A942
S21401B2D81CF03CF8DDF83D306B60DDF841307B60F2
S21401B2E880B10BE0910709D5D2000121384602F05A
S21401B2F880021CF036F8FF28687002D12D2013B0A2
S21401B308F0BDD6B1687801A91BF0BDFF9DF81C30C9
S21401B3185B0604D54FF4C6710A4821F06AFB23463A
S21401B32803AD07AC2A4603CAA242186059601546FF
S21401B33803F10803F6D10020E1E708A91CF006F896
S21401B348CEE700BFB12B04002DE9F04106468AB0CE
S21401B3581F480F4615460024FFF736FD002C01A9A5
S21401B36814BF4FF05C0C4FF0360C10238846184A71
S21401B37812F8010B013B8CEA000013F0FF0301F8F9
S21401B388010BF5D105A81EF084FA4246102105A83E
S21401B3981EF083FAC4B93946324605A81EF0E5FA06
S21401B3A82A460DF1140C0DF1240E634603CB7345A2
S21401B3B8106051609C4602F10802F6D114B10AB039
S21401B3C8BDE8F0810124C9E72A461021E5E700BF58
S21401B3D81C6400202DE9F04791460D46C0B09DF843
S21401B3E82041DDF828811E46DFF87CA09DF824312F
S21401B3F807462246494640468AF8003002F0B8FE1B
S21401B4089DB12346324641463846FFF721FEB442EF
S21401B41807D9A11B3B46012289B208EB0600FFF7B4
S21401B428CFFD002040B0BDE8F087A11B3B460122B6
S21401B43889B208EB0600FFF7C3FD22464146684677
S21401B44802F096FE3246694638462346FFF700FE66
S21401B4589AF800200DEB040109EB040003F044F808
S21401B4680028DED02C20DDE7176E002038B503460D
S21401B478104601F1100451F8045BA14242F8045B3E
S21401B488F9D104491BB1FFF7D9FC002038BDFFF7F5
S21401B49809FDFAE71C64002030B5054689B06946FF
S21401B4A81BF075FD6B8804ACABB12246294668468D
S21401B4B81BF00DFD0E4A08AD234603CBAB421060C8
S21401B4C851601C4602F10802F6D10948FFF770FCE4
S21401B4D8002009B030BD6B46054D1A4603CAA24284
S21401B4E828606960134605F10805F6D1EDE700BF47
S21401B4F81C64002050B10B4B0B4A03F1100153F8A2
S21401B508040B8B4242F8040BF9D17047064B054AE7
S21401B51803F1100153F8040B8B4242F8040BF9D1DE
S21401B528704700BF1C640020FC63002008B5102289
S21401B538024802F0DFFC002008BD00BF0C640020B2
S21401B54808B508461022024902F0D4FC002008BDBE
S21401B5580C64002010B5044686B001A9114A1123CF
S21401B56801200AF07FFD9DF8143001A8E3701EF053
S21401B57857FD80F001000C4A01A9607011230120D3
S21401B5880AF070FD9DF8143001A8A3701EF048FD5E
S21401B59880F00100207010F0C7FA6060002006B045
S21401B5A810BD00BF75E4010079EB010010B5044633
S21401B5B886B01123134A012001A90AF053FDA37886
S21401B5C89DF814209A4207D08DF8143000201123D4
S21401B5D80C4A01A90AF046FD11230B4A012001A9CC
S21401B5E80AF040FDE3789DF814209A4207D08DF8BA
S21401B5F8143000201123044A01A90AF033FD06B0CD
S21401B60810BD00BF79EB010075E401002DE9F0419A
S21401B61886B0064603A80C4612F08AFE05460028A0
S21401B6284AD1BDF80C30980646D510222946204640
S21401B63802F00EFC01A811F0DDFEC0B1777B06F121
S21401B648040817F0020F06D00822404601A902F0A6
S21401B6584BFF00282ED101AB47F0020703CB7060E1
S21401B668C8F804107773238843F0080323802388D7
S21401B67843F00203238011F097FA60601DF040FB47
S21401B68830B10E4B1B68A360238843F00403238064
S21401B6980B4B1A68D1035EBF238843F0100323803F
S21401B6A8130203D5238843F400632380284606B093
S21401B6B8BDE8F0812D25F9E72425F7E78C4A002017
S21401B6C8904A002010B5D0E9023253F8223090B0E3
S21401B6D81C684022694620461BF0ABFE034630B183
S21401B6E8224600200549FDF7EFFE10B010BD0122E5
S21401B6F869460820FDF792FEF7E700BF472C0400CD
S21401B70870B500F0B1F800280CBF6E22792200202F
S21401B7181349FDF7D9FE00F0A7F8F0B11BF09DFE1E
S21401B72800280CBF6E22792200200E49FDF7CCFEB8
S21401B738082200200C49FDF7C7FE00250B4C0C4ECD
S21401B748234654F8042C314600200335FDF7BCFE89
S21401B758182D04F10C04F3D170BD3F22E4E700BFB5
S21401B7687F2C0400962C0400A62C0400B44B002061
S21401B778C52C040070B51BF055FE0446214900206F
S21401B788FDF7A2FE2CB92046BDE870401E49FDF71C
S21401B7989BBE00F0BBF805461C4B62690020002AD8
S21401B7A808BF1A461A492668FDF78EFEA2880020A9
S21401B7B81849FDF789FE1849E2880020FDF784FE3E
S21401B7C8A388228913F010001ABF002013491449D0
S21401B7D8FDF77AFEE26800201249FDF775FE226938
S21401B7E800201149FDF770FE104A114B0020B6F5EE
S21401B7F8817F38BF13460F492A46BDE87040FDF7DA
S21401B80863BE00BFFA2C0400072D0400BDFC03002C
S21401B818282D0400462D0400672D0400842D0400FD
S21401B828A12D0400BF2D0400DD2D0400F22C040018
S21401B838E82C0400FB2D040038B5014600230C252E
S21401B848084A05FB03F4A0181459013404D10C2244
S21401B85802F050FB002038BD0133082BF1D101203E
S21401B868F9E700BFB04B0020034B1878012894BFB6
S21401B87800200120704700BF2E64002038B504461A
S21401B888044D2878A04203D021461BF0ABFD2C704E
S21401B89838BD00BF2E64002000B58FB034220021C9
S21401B8A801A802F0D5FA01A8EEF786FA0598D0B1F4
S21401B8B882680E4BB2F5803F34BF92B2C2F38F2234
S21401B8C841881A81028828BF41F010011A6042682F
S21401B8D89980DA80C268DA6002691A6142695A6137
S21401B8E8027E18461A760FB05DF804FB344B00202A
S21401B8F8054B1B7820B1012B04D80220FFF7BEBFE9
S21401B908012BFBD8704700BF2E64002010B5084CE9
S21401B918237853B91BF086FD0123237028B10368E9
S21401B928B3F5817F24BF037E2370207810BD00BF46
S21401B9382D64002070B5184B1B78012B2BD81BF0F3
S21401B94854FD164D024616490020FDF7BDFD01209F
S21401B958FFF7CEFF2E78FF2E1DD1FFF79DFFC8B14A
S21401B968848860223146C4F340040E482C7002F0E5
S21401B9786FFA602231460C4802F06AFA5CB1FFF7AA
S21401B988C5FF042807D9BDE8704040F22B110748C7
S21401B99821F02FB8287070BD2E640020186E002084
S21401B9A81E2E0400B04B0020504B0020302E040001
S21401B9B82DE9F04FDFF884928DB003AB0746884631
S21401B9C8144699E8070083E80700FFF7B3FFFFF777
S21401B9D89DFF944B06461D784B46012D40F070811D
S21401B9E8012840F27281B7FBF0F200FB1272002ABE
S21401B9F800F06B818C4900228B46D1F800C0BCF15F
S21401BA08FF3F04D0087A6044874200F0198101326A
S21401BA18082A01F10C01F0D193E8070006AE0DF1F2
S21401BA28240A86E807008AE80700FFF76FFFB7FBD6
S21401BA38F0FB00FB1B7BA0EB0B094A46414606467A
S21401BA480AA809978DF82C9002F092FB00224FF075
S21401BA580C0E764902E00132082A0ED00EFB02F0DF
S21401BA6800EB010C08580130F5D19AE807008CE87C
S21401BA7807006F490A7801320A70A14504DD4FF4C0
S21401BA88E2716C4820F0B5FFA41B5C444F44A1B298
S21401BA9817FA84F4B4FBF6F206FB1242C8448E1A6F
S21401BAA891B1A41A08EB060107A88DF82020069480
S21401BAB802F05EFB06A8FFF7BFFEFF2804D140F29E
S21401BAC8D9115C4820F095FFB6B2B6B10320FFF74E
S21401BAD8D5FE802E0AD832464146574802F048FB22
S21401BAE83246384654491BF088FC05460220FFF7C3
S21401BAF8C5FE28460DB0BDE8F08F0025F9E74FF4DE
S21401BB080E714C4820F075FF464B1B78012B00F050
S21401BB18E380002C36D00320FFF7B0FE802C2FD808
S21401BB2822464146444802F023FB2246384642490B
S21401BB381BF063FC05460220FFF7A0FEDFF8F09035
S21401BB4899F8003093B1039CFFF7E0FE374B0027C6
S21401BB5898461A68511C04D0197A411A521A944206
S21401BB6824D00137082F03F10C03F2D1002DC0D1E0
S21401BB78039B0133C1D003A8FFF75EFE0546B8E76D
S21401BB880125D8E72546D9E740F26D21294820F056
S21401BB9830FF012524E0012D30D0802E2FD83246E3
S21401BBA8254903981BF029FC054628E0002DA0D15D
S21401BBB80C247C4308EB04039DF814A093F808B002
S21401BBC80AEB0B03802BDFDC1B4B524604A91846F5
S21401BBD802F0CEFA211D5A464144504402F0C8FAF2
S21401BBE80C2303FB07839DF814201B7A13449E42FB
S21401BBF8D1D040F273210F4820F0FBFE0125022028
S21401BC08FFF73CFE99F8003013B1013B89F8003084
S21401BC184FF0FF3308EB040248F80430C2E9013359
S21401BC2867E700BF186E0020B04B0020504B00207D
S21401BC382C640020302E0400B44A00209C7C0400AA
S21401BC484FF00C0A0AFB02B3187AA6EB00095FFA52
S21401BC5889F9A14501D35FFA84F90AFB02FA0AF1C8
S21401BC68040528444A464146584402F081FA0BEB3B
S21401BC780A031A7AA4EB09044A44D2B2B242A4B21D
S21401BC881A7219D103200193FFF7F8FD32460BEB20
S21401BC9805015BF80A001BF0B0FB05460220FFF71A
S21401BCA8EDFD4FF0FF32019B4BF80A20C3E9012254
S21401BCB8002D7FF41EAFC844002C3FF41EAF4F443E
S21401BCC8104B1B78012B7FF424AFB7FBF6F306FB6A
S21401BCD81373002B7FF413AFE319B3FBF6F506FBDA
S21401BCE81535002D3FF415AF641B5B1B08EB0401EB
S21401BCF82A4604A80393A4B202F03AFA8DF814501F
S21401BD0807E700BF186E002070B5134B1B78012B90
S21401BD180CD1FFF70FFE0026104D55F8043C0133F1
S21401BD2806D10336182E05F10C05F6D1002411E0CC
S21401BD380320FFF7A3FD55F8044CFFF7E7FD294656
S21401BD48024620461BF059FB04460220FFF796FDE3
S21401BD58002CE6D0204670BD186E0020B44B00209B
S21401BD6870B505460C46FFF7E5FD0520FFF786FD8D
S21401BD78214628461BF04FFB06460220FFF77EFDAC
S21401BD8800220A4B2C441968481C08D0A94206D33D
S21401BD98A1423EBF4FF0FF31C3E90011996003325B
S21401BDA8182A03F10C03EED1304670BDB04B0020C3
S21401BDB8D0E9023253F8223010B51C68204600F04C
S21401BDC895FA28B12146BDE81040024800F022BF86
S21401BDD810BD00BFAE2E040008B5D0E9023253F8F4
S21401BDE82230186800F06CF920B1BDE80840024816
S21401BDF800F010BF08BD00BFD02E04002DE9F041A9
S21401BE08D0E9023253F8221003EB82035B680F680D
S21401BE181D789AB0642D04D96421114800F0FAFE01
S21401BE2864252A46384601A900F002F9044698B95D
S21401BE380C4800F0EFFEDFF8348001AE013DA54264
S21401BE4802DC1AB0BDE8F0813919404616F8012B14
S21401BE5800F0E0FE0134F2E7034800F0DBFEF0E70D
S21401BE68F32E0400132F04003D2F04002A2F04008C
S21401BE782DE9F04700252D4FDFF8E080DFF8E09048
S21401BE888CB0284603A900F0EFF810B10CB0BDE855
S21401BE98F087049B2946039A0093384600F0BAFEB9
S21401BEA8404600F0B7FE059910290CD810290CD881
S21401BEB8DFE801F00F14320B340B0B0B360B0B0BB0
S21401BEC80B0B0B0B3A0020292CD0194800F0A2FEC8
S21401BED807E0184800F09EFE0135D2E7164800F044
S21401BEE899FE0699484600F095FE0799134800F012
S21401BEF891FE134800F08EFE1024DFF868A00DF1BD
S21401BF081F06504616F8011F013C00F083FE14F088
S21401BF18FF04F6D10B48DDE70B48E0E70B48DEE700
S21401BF280B48DCE70B48DAE70B48D8E7582F04003C
S21401BF38FD2F0400AD2F0400BD2F0400233004009C
S21401BF483B30040075D10300C52F0400CD2F040033
S21401BF58D62F0400E12F0400F82F04009C2F0400BC
S21401BF680C3004004C30040010B50B4C8EB023780E
S21401BF785BB9EDF79BFE014650B9012301A8237072
S21401BF88EDF71AFF054B049A1A6020780EB010BD1B
S21401BF98034800F03FFEF8E72F640020844E002097
S21401BFA85230040000B58FB0FFF7DEFF002829D015
S21401BFB801A8EDF701FF059B1448198800F02AFE31
S21401BFC8059B13485969134B002908BF194600F009
S21401BFD821FE059B1048598800F01CFE059B0F485A
S21401BFE8196900F017FE059B0D48D96800F012FE86
S21401BFF8059B0C48197E00F00DFE0B4B0B48196883
S21401C00800F008FE0FB05DF804FB00BF8F30040097
S21401C018A1300400BDFC0300B3300400C73004009F
S21401C028DB300400EF300400844E002003310400A6
S21401C03870B5064615460C4679B172B1FFF794FFFE
S21401C04868B121462A463046EDF7C0FF014618B1C9
S21401C058044800F0DFFD012070BD2120FCE7112017
S21401C068FAE700BF1531040037B505460C46FFF759
S21401C0787BFFE0B1114B1B68AB421AD9CCB100214A
S21401C0882422204601F0E4FE2146284616F054FDF7
S21401C09888B9284601AA04F10801EDF749FF20B13D
S21401C0A840F20643C01A18BF012003B030BD112064
S21401C0B8FBE72120F9E70120F7E700BF844E0020BF
S21401C0C8F0B593B00546FFF74FFF002845D0254B3E
S21401C0D81A68AA4207D829462348013A00F09AFD69
S21401C0E8212013B0F0BD05A8EDF766FE284603A982
S21401C0F816F022FD98BB049A22F4FF57C2F30C03EC
S21401C10827F01F072BB14FF400532946174800F0B4
S21401C11881FD039E7FB120F079FC30464FF4005133
S21401C128EDF7E0FF3346044606F5005650B9039B83
S21401C138F31ABB42EFD32A4639460D4800F06AFD8A
S21401C148002406E000902A464FF40051094800F002
S21401C15861FD201E18BF0120C3E71120C1E7012099
S21401C168BFE700BF844E002043310400F1310400CC
S21401C178B03204005F32040010B5044638B1FFF748
S21401C188F3FE30B10020044B1B68236010BD21204C
S21401C198FCE71120FAE700BF844E002010B50446DC
S21401C1A8FFF7E2FEB0B10C4B1A68A24206D8214648
S21401C1B80A48013A00F02EFD212010BD20F026FC89
S21401C1C840F2512220460649EDF772FE003818BFA4
S21401C1D80120F2E71120F0E7844E002043310400E5
S21401C1E8304C002010B50446FFF7BEFE70B121465C
S21401C1F80848EDF77DFE40F20323984208D040F246
S21401C208012398420CBF0520012010BD1120FCE730
S21401C2180020FAE7304C00202DE9F0412D4D044668
S21401C2282F68FFF7A1FE002851D02968A14207D838
S21401C2384A1E2948214600F0EDFC2120BDE8F08180
S21401C2482648EDF715FEDFF894800246B0B9434656
S21401C2582E68964222D1BE4214BF3A4606F1FF32F4
S21401C26812BB31461D48C8F80040EDF7E1FD01460E
S21401C27800B31B4800F0CEFC0120DFE72046EDF7AF
S21401C288B7FD044638B10146164800F0C3FC201E27
S21401C29818BF0120D2E7EDF7BFFBF8E753F8041BF8
S21401C2A88C42DDD00132D4E70C499200081D01F01A
S21401C2B821FED6E729680948EDF7DAFD044610B1EC
S21401C2C801460948D6E7EDF7A7FB2046B6E7112051
S21401C2D8B4E700BF844E002043310400104C002010
S21401C2E8F6320400CC32040029330400F8B50446BB
S21401C2F8FFF73AFE002845D0234B1A68A24207D812
S21401C30821462248013A00F085FC21242046F8BD42
S21401C3181F4800F07FFC20F079FB40F251221D49AE
S21401C3282046EDF7C5FD40F20327054620F06EFBD3
S21401C338184E65B140F203239D421AD02946164885
S21401C34800F068FC0124154800F064FCDEE720F0E4
S21401C3585DFB29463046EDF7CBFDB84209D040F2E1
S21401C3680123984203D10E4800F054FCE1E7054644
S21401C378DFE721460B4800F04DFC2046FFF74CFF4F
S21401C3880446E0E71124C1E7844E00204331040047
S21401C39860330400304C00208033040075D103005C
S21401C3A8C9080400983304000322024B1860196177
S21401C3B85A6370470000025C3F22034B1A6310223F
S21401C3C8DA6103229A6370470000025C024AD36B63
S21401C3D89B07FCD4704700BF0000025C044B9B6AB5
S21401C3E813F0240F14BF012000208000704700BFFF
S21401C3F80000025C08B5FFF7F1FF084BDB6B23F47E
S21401C4087F4323F0EF03003B18BF012350EA830064
S21401C4181EBF0122024BC3F8FC2F08BD0000025CB8
S21401C42800F0FF3F4368182B0AD0202B1DD0102B95
S21401C4382BD1174BD3F80434DB010AD401207047FB
S21401C448134BD3F804349A01F8D50B6843F0080364
S21401C4580B6003680F4A934210D10B6843F0400300
S21401C4680B600023436000207047094BD3F804345F
S21401C4785B01E3D50B6843F00403E9E7064A9342F8
S21401C488F1D10B6843F08003EAE70720704700BF45
S21401C4980000025C31640020306400200B4607B5BA
S21401C4A80749D1F80414C90708D5002100920246A5
S21401C4B8084600F043F803B05DF804FB0120FAE7EC
S21401C4C80000025C0B4607B50749D1F80414C907F2
S21401C4D808D5009201210246002000F02FF803B08B
S21401C4E85DF804FB0120FAE70000025C13B5084C6E
S21401C4F8D4F80444640709D5CDE900230B46002186
S21401C5080246084600F044F802B010BD0120FBE7D9
S21401C5180000025C13B5084CD4F80444640709D536
S21401C528CDE900230B4602460121002000F030F831
S21401C53802B010BD0120FBE70000025CF0B51C4606
S21401C5485B6815468DB01A07129E1AD1CBB1726870
S21401C558934216D10C4B0D4A53F8217009AB07CA02
S21401C56883E807001A462946CDE90533CDE90333A2
S21401C578CDE90163009447F480701AF0BFFF0DB04F
S21401C588F0BD0720FBE700BFB47C0400A87C0400CC
S21401C598F0B51D4616466A688DB0DDE91273E2B13C
S21401C5A87868824219D15A68102A16D10C4A09AC01
S21401C5B852F821C00B4A07CA84E8070022463146CA
S21401C5C8CDE90544CDE90344CDE9017400954CF461
S21401C5D880601AF093FF0DB0F0BD0720FBE700BF9F
S21401C5E8B47C0400A87C040010B50A46044619B1B8
S21401C5F8024B00211B68984710BD00BFBC7C040095
S21401C60810B5114C2378580744BF23F00403237050
S21401C6182378990705D500F05DF8237823F00203FF
S21401C628237063781BB10023084A636053600023B4
S21401C638082106486370FFF7D7FF2378DA0744BF57
S21401C64823F00103237010BD884E00208C4E002075
S21401C65838B51A4C62782378022A01D1072B11D0F3
S21401C668DD0712D52378980707D400F02BF823782E
S21401C678054643F00203237080B96278237882B1B5
S21401C6885A0716D50025284638BD17F0C7F8237867
S21401C698054643F0010323700028E3D0FFF7B0FFF7
S21401C6A8F1E7D907ECD5064962604A600222627052
S21401C6B8E6E743F004032370E4E700BF884E002052
S21401C6C88C4E00200122024B002083F8F020704790
S21401C6D8944E00202DE9F0410A4C002526464FF0DD
S21401C6E8010803272046C4F81C80277601351AF06E
S21401C6F8F3FF062D04F12804F4D1002386F8F03060
S21401C708BDE8F081944E00202DE9F04F984691B08F
S21401C7180B1E0A93B44B914614BF83469B460025CD
S21401C7281A9E98F8000070B94D4538BF2A464B4600
S21401C7384FF000000A9928BF09F1FF32D84728466A
S21401C74811B0BDE8F08F252808F1010806D02A4661
S21401C7584B460A996C1CD8472546E2E70023414612
S21401C76811F8012B2B2A16D00AD8202A16D0232AEC
S21401C77817D0A2F13000092834D800270A2418E077
S21401C7882D2A05D0302AF4D143F001038846E6E77E
S21401C79843F00203FAE743F00403F7E743F008031C
S21401C7A8F4E743F01003F1E7884604FB0722A2F1F9
S21401C7B83007414611F8012BA2F130000928F3D9B8
S21401C7C898F800202E2A52D198F8011008F1010293
S21401C7D8A1F13000092843F480633ED800244FF0C5
S21401C7E80A0E11E02A2A08D156F8047B8846002F3B
S21401C7F8BCBF43F002037F42E2E70027E0E70246B8
S21401C8080EFB0411A1F13004104610F8011BA1F12A
S21401C818300CBCF1090FF2D99046424612F8011BBA
S21401C8286C292DD025D8682933D06A293BD04246B1
S21401C838904618F8010B672860D8572836D8452837
S21401C84808D084D9462800F0188147287FF47FAF9E
S21401C85843F4006343F0200327E12A2906D156F85A
S21401C868044B08F1020824EAE474D6E7904600244B
S21401C878D3E7742901D07A29D9D143F48073D7E74D
S21401C88898F801106C29F8D143F4407308F10202B4
S21401C898CEE798F80110682902D043F08003C7E76D
S21401C8A843F0C003F2E743F40073C1E7A0F158026E
S21401C8B80F2A3FF64CAF01A151F822F065C90100D5
S21401C8C857C7010057C7010057C7010057C70100DE
S21401C8D857C7010057C7010057C7010057C70100CE
S21401C8E857C7010065C90100D1CA010065C9010021
S21401C8F8A7CA010087CA0100A7CA0100A0F16901F9
S21401C908C9B20F293FF623AF012249F2410C8A40EA
S21401C91812EA0C0218D10A2900F0158107297FF4BA
S21401C92816AF43F0210305930823CDE903431023EB
S21401C938CDE9012356F8043B2A46009358464B4650
S21401C9480A991AF0B9FFA8E06F2800F05E8110D99D
S21401C958782808D1102223F00C0310E0582839D083
S21401C968622800F054810A2223F01003642806D0B6
S21401C978F1E769284FF00A0223F01003F6D15905AA
S21401C98848BF23F00103692803F4007101D0642825
S21401C99840D111B3073626F00706B24670685AF832
S21401C9A8081BCDE9077300230593C30F00280293DC
S21401C9B806940B46049202DA4B4260EB4000CDE93E
S21401C9C800304B462A4658460A991AF0B7FF0546DC
S21401C9D85646A6E643F02003BCE7D90506F1040A45
S21401C9E804D5316805E000BF2377030058060CD547
S21401C9F83178CDE90224CDE9047300294FEAD173D1
S21401CA080193B8BF4942009120E01906E9D5B6F965
S21401CA180010EEE779B1CDE907730023CDE90423C9
S21401CA2806F1070A2AF0070A06940293FAE802238F
S21401CA38CDE90023C5E7D80506F1040A0DD5CDE9E9
S21401CA480473CDE902240191336800934B462A46C4
S21401CA5858460A991AF030FFB9E7590607D53178CA
S21401CA68CDE904730023CDE902240193CBE73168AD
S21401CA7813F0800F18BF89B2F2E743F02003CDE91F
S21401CA880173073626F007060094B6EC020B4B46F0
S21401CA982A4658460A99E9F79BFE054641E600F0FC
S21401CAA8DF00472801D143F40063CDE90173073657
S21401CAB826F007060094B6EC020B4B462A46584663
S21401CAC80A99E9F7C9FCE8E713F0020426D04FF003
S21401CAD8010A6B1C0B932A464B460A9916F8040B57
S21401CAE8D84774B354460B9A21E04B4620200A993E
S21401CAF8D8470AEB05020AF1010A5745F5D83A1E46
S21401CB0818BF0122002A07F1FF3308BF002307F1E7
S21401CB18010A1D4408BF4FF0020ADAE7A246E8E711
S21401CB28551C4B4620200A99D8472A460134BC4250
S21401CB38F6D3A7EB0A03574538BF00230B9A1A44C6
S21401CB480B920B9DEDE53246002C52F8046B14BF90
S21401CB5821464FF0FF310B9232463144107808B126
S21401CB68914211D1A2EB060A13F480620C9202D00C
S21401CB78A24528BFA24613F002030D931BD1AAEBC8
S21401CB8805032A460F9308E00132E7E7531C0E9384
S21401CB9820204B460A99D8470E9A0F9BD318BB42BA
S21401CBA8F4D3A7EB0A03574538BF00230AF101025D
S21401CBB81D4403EB020AAB1B0E9304E01C464B46CE
S21401CBC82A460A99D8470E9BF51816F8010B28B17C
S21401CBD80C9B002BF3D0631E002CEFD10D9B93B159
S21401CBE82A46AAEB050405E0561C4B4620200A995E
S21401CBF8D84732461319BB42F6D3A7EB0A03574563
S21401CC0838BF00231D440B9E8BE50822A3E60222AB
S21401CC18A1E600BF0FB41FB506AA52F8043B02A945
S21401CC280392009204484FF0FF32FFF76DFD05B0FE
S21401CC385DF804EB04B07047E57903001FB50346B9
S21401CC4800914FF0FF3203A90248FFF75DFD05B0DA
S21401CC585DF804FBE57903001FB5CDE902010093F1
S21401CC6802A9134603484FF0FF32FFF74DFD05B002
S21401CC785DF804FBED7903001FB5094B094A1868EE
S21401CC88094B01A91860094B1360094A0192094A20
S21401CC981268CDE9022316F0E4FD05B05DF804FB41
S21401CCA8786A0020F83F0020FC3F00206C6A0020CC
S21401CCB89B6B040044520020014B186816F0E5BD32
S21401CCC8786A002038B5F1F7DBFC0446064D2B6878
S21401CCD8D3F8B002F1F7C8FC286816F0E9FD20463B
S21401CCE8BDE83840F1F7C0BC786A002010B5234C7F
S21401CCF8EFF7B6FDEFF7C2FE236F012023F0070317
S21401CD0843F003032367EFF7E3FE1D4B00209B6AFE
S21401CD189B075EBF01221B4B9A62D4F8203123F091
S21401CD28030343F00203C4F82031D4F8243123F076
S21401CD38070343F00203C4F82431D4F8403123F042
S21401CD48030343F00103C4F84031D4F8603123F0FB
S21401CD58030343F00103C4F86031D4F8403223F0EA
S21401CD68030343F00103C4F84032D4F8003223F039
S21401CD78070343F00103C4F8003210BD00800050D9
S21401CD8800C0005000E00050064B1B681A7A022AC1
S21401CD9801D81AB97047032A00D070471B68024A9F
S21401CDA8136070477C6A0020445200200022024B20
S21401CDB85A60DA601A6070474852002008B501F0D8
S21401CDC811FD0022014B1A7008BD00BF3264002015
S21401CDD80A4601491AF06EBE559504000A460149ED
S21401CDE81AF068BE509504000A4601491AF062BE58
S21401CDF8499504000A4601491AF05CBE46950400A6
S21401CE080A4601491AF056BE439504000A460149E6
S21401CE181AF050BE3E9504000A4601491AF04ABE69
S21401CE28399504000A4601491AF044BE34950400AF
S21401CE380A4601491AF03EBE2D95040081F00041CC
S21401CE4802E000BF83F0004330B54FEA41044FEAE1
S21401CE58430594EA050F08BF90EA020F1FBF54EA7C
S21401CE68000C55EA020C7FEA645C7FEA655C00F018
S21401CE78E2804FEA5454D4EB5555B8BF6D420CDDE9
S21401CE882C4480EA020281EA030382EA000083EA6C
S21401CE98010180EA020281EA0303362D88BF30BD0C
S21401CEA811F0004F4FEA01314FF4801C4CEA113162
S21401CEB802D0404261EB410113F0004F4FEA0333C1
S21401CEC84CEA133302D0524263EB430394EA050F4C
S21401CED800F0A780A4F10104D5F1200E0DDB02FABB
S21401CEE80EFC22FA05F2801841F1000103FA0EF24F
S21401CEF8801843FA05F359410EE0A5F120050EF115
S21401CF08200E012A03FA0EFC28BF4CF0020C43FA45
S21401CF1805F3C01851EBE37101F0004507D54FF052
S21401CF28000EDCF1000C7EEB00006EEB0101B1F5A2
S21401CF38801F1BD3B1F5001F0CD349085FEA3000E8
S21401CF484FEA3C0C04F101044FEA445212F5800FF3
S21401CF5880F09A80BCF1004F08BF5FEA500C50F190
S21401CF68000041EB045141EA050130BD5FEA4C0C73
S21401CF78404141EB0101013C28BFB1F5801FE9D2D0
S21401CF8891F0000F04BF01460020B1FA81F308BFF3
S21401CF982033A3F10B03B3F120020CDA0C3208DDBF
S21401CFA802F1140CC2F10C0201FA0CF021FA02F19A
S21401CFB80CE002F11402D8BFC2F1200C01FA02F10A
S21401CFC820FA0CFCDCBF41EA0C019040E41AA2BF2F
S21401CFD801EB0451294330BD6FEA04041F3C1CDAF7
S21401CFE80C340EDC04F11404C4F1200220FA04F017
S21401CFF801FA02F340EA030021FA04F345EA0301C1
S21401D00830BDC4F10C04C4F1200220FA02F001FA82
S21401D01804F340EA0300294630BD21FA04F0294604
S21401D02830BD94F0000F83F4801306BF81F480119D
S21401D0380134013D4EE77FEA645C18BF7FEA655C10
S21401D04829D094EA050F08BF90EA020F05D054EAE2
S21401D058000C04BF1946104630BD91EA030F1EBFE7
S21401D0680021002030BD5FEA545C05D140004941EB
S21401D07828BF41F0004130BD14F580043CBF01F5DE
S21401D088801130BD01F0004545F0FE4141F47001C4
S21401D0984FF0000030BD7FEA645C1ABF194610469F
S21401D0A87FEA655C1CBF0B46024650EA013406BFA0
S21401D0B852EA033591EA030F41F4002130BD00BF5F
S21401D0C890F0000F04BF0021704730B54FF480641C
S21401D0D804F132044FF000054FF0000150E700BF9D
S21401D0E890F0000F04BF0021704730B54FF48064FC
S21401D0F804F1320410F0004548BF40424FF00001E9
S21401D1083EE700BF42004FEAE2014FEA31014FEA2B
S21401D11802701FBF12F07F4393F07F4F81F060517A
S21401D128704732F07F4208BF704793F07F4F04BFC5
S21401D13841F40021704730B54FF4607401F00045A2
S21401D14821F000411CE700BF50EA010208BF704702
S21401D15830B54FF000050AE050EA010208BF7047F3
S21401D16830B511F0004502D5404261EB41014FF45C
S21401D178806404F132045FEA915C3FF4D8AE4FF064
S21401D18803025FEADC0C18BF03325FEADC0C18BF47
S21401D198033202EBDC02C2F1200300FA03FC20FA98
S21401D1A802F001FA03FE40EA0E0021FA02F11444E5
S21401D1B8BDE600BF70B54FF0FF0C4CF4E06C1CEAFE
S21401D1C811541DBF1CEA135594EA0C0F95EA0C0F6F
S21401D1D800F0DEF82C4481EA030621EA4C5123EAE2
S21401D1E84C5350EA013518BF52EA033541F4801111
S21401D1F843F4801338D0A0FB02CE4FF00005E1FBC4
S21401D20802E506F00042E0FB03E54FF00006E1FB0D
S21401D21803569CF0000F18BF4EF0010EA4F1FF0450
S21401D228B6F5007F64F5407404D25FEA4E0E6D4190
S21401D23846EB060642EAC62141EA55514FEAC520A1
S21401D24840EA5E504FEACE2EB4F1FD0C88BFBCF51D
S21401D258E06F1ED8BEF1004F08BF5FEA500E50F1CE
S21401D268000041EB045170BD06F0004646EA010194
S21401D27840EA020081EA0301B4EB5C04C2BFD4EBC6
S21401D2880C0541EA045170BD41F480114FF0000EBF
S21401D298013C00F3AB8014F1360FDEBF002001F02D
S21401D2A8004170BDC4F10004203C35DA0C341BDCA7
S21401D2B804F11404C4F1200500FA05F320FA04F079
S21401D2C801FA05F240EA020001F0004221F00041AD
S21401D2D810EBD37021FA04F642EB06015EEA430E20
S21401D2E808BF20EAD37070BDC4F10C04C4F1200550
S21401D2F800FA04F320FA05F001FA04F240EA020003
S21401D30801F0004110EBD37041F100015EEA430ED3
S21401D31808BF20EAD37070BDC4F1200500FA05F2F3
S21401D3284EEA020E20FA04F301FA05F243EA020372
S21401D33821FA04F001F0004121FA04F220EA020081
S21401D34800EBD3705EEA430E08BF20EAD37070BDC7
S21401D35894F0000F0FD101F00046400041EB0101A7
S21401D36811F4801F08BF013CF7D041EA060195F089
S21401D378000F18BF704703F00046520043EB030343
S21401D38813F4801F08BF013DF7D043EA0603704730
S21401D39894EA0C0F0CEA135518BF95EA0C0F0CD03B
S21401D3A850EA410618BF52EA4306D1D181EA030181
S21401D3B801F000414FF0000070BD50EA410606BF7B
S21401D3C81046194652EA430619D094EA0C0F02D1C0
S21401D3D850EA013613D195EA0C0F05D152EA033605
S21401D3E81CBF104619460AD181EA030101F0004123
S21401D3F841F0FE4141F470014FF0000070BD41F06C
S21401D408FE4141F4780170BD70B54FF0FF0C4CF445
S21401D418E06C1CEA11541DBF1CEA135594EA0C0F64
S21401D42895EA0C0F00F0A7F8A4EB050481EA030EB1
S21401D43852EA03354FEA013100F088804FEA033398
S21401D4484FF0805545EA131343EA12634FEA022266
S21401D45845EA111545EA10654FEA00260EF0004127
S21401D4689D4208BF964244F1FD0404F5407402D279
S21401D4785B084FEA3202B61A65EB03055B084FEA0A
S21401D48832024FF480104FF4002CB6EB020E75EB07
S21401D498030E22BFB61A754640EA0C005B084FEA2F
S21401D4A83202B6EB020E75EB030E22BFB61A7546AC
S21401D4B840EA5C005B084FEA3202B6EB020E75EBF7
S21401D4C8030E22BFB61A754640EA9C005B084FEA6F
S21401D4D83202B6EB020E75EB030E22BFB61A75467C
S21401D4E840EADC0055EA060E18D04FEA051545EA6B
S21401D4F816754FEA06164FEAC30343EA52734FEA14
S21401D508C2025FEA1C1CC0D111F4801F0BD141EA8C
S21401D51800014FF000004FF0004CB6E711F4801FF1
S21401D52804BF01430020B4F1FD0C88BFBCF5E06FD1
S21401D5383FF6AFAEB5EB030C04BFB6EB020C5FEAE1
S21401D548500C50F1000041EB045170BD0EF0004E36
S21401D5584EEA113114EB5C04C2BFD4EB0C0541EA68
S21401D568045170BD41F480114FF0000E013C90E665
S21401D57845EA060E8DE60CEA135594EA0C0F08BF29
S21401D58895EA0C0F3FF43BAF94EA0C0F0AD150EA28
S21401D59801347FF434AF95EA0C0F7FF425AF1046BB
S21401D5A819462CE795EA0C0F06D152EA03353FF4E3
S21401D5B8FDAE1046194622E750EA410618BF52EA60
S21401D5C843067FF4C5AE50EA41047FF40DAF52EA34
S21401D5D843057FF4EBAE12E74FF0FF3C06E000BFD1
S21401D5E84FF0010C02E000BF4FF0010C4DF804CDDE
S21401D5F84FEA410C7FEA6C5C4FEA430C18BF7FEA9E
S21401D6086C5C1BD001B050EA410C0CBF52EA430CCB
S21401D61891EA030F02BF90EA020F0020704710F14B
S21401D628000F91EA030F58BF994208BF90422CBFDA
S21401D638D8176FEAE37040F0010070474FEA410CD3
S21401D6487FEA6C5C02D150EA013C07D14FEA430CF1
S21401D6587FEA6C5CD6D152EA033CD3D05DF8040B62
S21401D668704700BF8446104662468C461946634694
S21401D67800E000BF01B5FFF7B7FF002848BF10F16B
S21401D688000F01BD4DF808EDFFF7F4FF0CBF0120B0
S21401D69800205DF808FB00BF4DF808EDFFF7EAFF2C
S21401D6A834BF012000205DF808FB00BF4DF808EDE7
S21401D6B8FFF7E0FF94BF012000205DF808FB00BFDC
S21401D6C84DF808EDFFF7CEFF94BF012000205DF866
S21401D6D808FB00BF4DF808EDFFF7C4FF34BF012073
S21401D6E800205DF808FB00BF4FEA410212F5001260
S21401D6F815D211D56FF47873B3EB625212D94FEA8B
S21401D708C12343F0004343EA505311F0004F23FA74
S21401D71802F018BF404270474FF00000704750EAC9
S21401D728013005D111F0004008BF6FF00040704786
S21401D7384FF00000704700BF4A0011D212F50012E0
S21401D74811D20DD56FF47873B3EB62520ED44FEA4B
S21401D758C12343F0004343EA505323FA02F07047CB
S21401D7684FF00000704750EA013002D14FF0FF3009
S21401D77870474FF00000704753B94AB9002908BFEF
S21401D78800281CBF4FF0FF314FF0FF3000F08CB976
S21401D798ADF1080C6DE904CE00F006F8DDF804E0FA
S21401D7A8DDE9022304B070472DE9F04F099D0E46C6
S21401D7B804460F46002B47D18A429446B2FA82F3B2
S21401D7C85AD943B102FA03FCC3F120029F409C4098
S21401D7D820FA02F217434FEA1C461FFA8CFE220C67
S21401D7E8B7FBF6F106FB117701FB0EF042EA07429A
S21401D7F8904208D91CEB020201F1FF3702D290428F
S21401D80800F23C813946121AA4B2B2FBF6F006FBC6
S21401D818102200FB0EFE44EA0244A64508D91CEB7A
S21401D828040400F1FF3202D2A64500F22A8110460E
S21401D83840EA0140A4EB0E0400211DB1DC400023A0
S21401D848C5E90043BDE8F08F8B4205D90DB1C5E99E
S21401D858000100210846F5E7B3FA83F100294FD104
S21401D868B342C0F00281824240F2FF800846002D92
S21401D878E8D0C5E90047E5E7002B40F0AF808A1AF3
S21401D8884FEA1C4E1FFA8CF70121B2FBFEF60EFB7F
S21401D8981620220C42EA004207FB06F090420FD9F6
S21401D8A81CEB020206F1FF382CBF4FF001094FF0BE
S21401D8B80009904203D9B9F1000F00F0DC80464612
S21401D8C8121AA4B2B2FBFEF00EFB102200FB07F7F9
S21401D8D844EA0244A7420FD91CEB040400F1FF32C4
S21401D8E82CBF4FF0010E4FF0000EA74203D9BEF130
S21401D8F8000F00F0C9801046E41B40EA06409CE78A
S21401D908C1F120048B4006FA01FC00FA01FE22FA56
S21401D91804F7E6408A401F4320FA04F34FEA174803
S21401D92843EA0C031FFA87FC4FEA1349B6FBF8F0E3
S21401D93808FB106649EA064600FB0CF9B1450ED904
S21401D948BE1900F1FF3A2CBF4FF0010B4FF0000B48
S21401D958B14503D9BBF1000F00F0A2805046A6EBF3
S21401D96809061FFA83F9B6FBF8F308FB136603FBEF
S21401D9780CFC49EA0646B4450ED9BE1903F1FF3830
S21401D9882CBF4FF001094FF00009B44503D9B9F18E
S21401D998000F00F08280434643EA0040A6EB0C06DF
S21401D9A8A0FB028C66454346E14602D307D1C6452D
S21401D9B805D2B8EB02036CEB070C0138E1465DB102
S21401D9C8BEEB030266EB090606FA04F422FA01F333
S21401D9D8CE401C43C5E90046002133E702FA03FCA2
S21401D9E8C3F1200299409C40D6404FEA1C4E20FACB
S21401D9F802F21FFA8CF7B6FBFEF00A430EFB10661E
S21401DA08110C41EA064100FB07F68E420ED91CEBC3
S21401DA18010100F1FF382CBF4FF001094FF0000952
S21401DA288E4202D9B9F1000F34D04046891B92B212
S21401DA38B1FBFEF60EFB161142EA014206FB07F1A0
S21401DA4891420ED91CEB020206F1FF382CBF4FF0AB
S21401DA5801094FF00009914202D9B9F1000F16D019
S21401DA684646521A46EA00410FE7841A66EB030255
S21401DA7801201746FBE6023E624421E7023962446A
S21401DA88C1E664440238D3E66444023834E7023E09
S21401DA986244E6E702386144C8E7023B3E447BE756
S21401DAA802383E445BE700BF704700BF2DE9F04FE0
S21401DAB8924685B089461E460D46554A0390294624
S21401DAC815F8014B135D13F00803F8D12D2C7CD003
S21401DAD82B2C4ED04FF0FF3102936FF00043CDE967
S21401DAE8001336F0100851D037464FEAE6783A4622
S21401DAF84346DDE90001FFF73FFE002383468E46D5
S21401DB0818461946A44613E0ACF13704A6421FDDB1
S21401DB18002B09DB83457EEB010305D38E4508BF41
S21401DB2883453BD1A24239DA4FF0FF3315F801CBD2
S21401DB38ACF13004092CE9D9ACF14104192CE3D92C
S21401DB48ACF16104192C03D8ACF15704A642DFDC0A
S21401DB585A1C2FD0029A12B1404261EB4101BAF128
S21401DB68000F03D0002B48D1CAF8009005B0BDE8D5
S21401DB78F08F4FF0FF30029336F010086FF0004335
S21401DB882C7801F10205CDE90003ADD1302C25D062
S21401DB98002E3AD10A27B0463E46A8E700FB08F30E
S21401DBA807FB0133A0FB07010B44201843EBE47184
S21401DBB80123BBE72223039A1360BAF1000F17D09B
S21401DBC805F1FF39DDE90001CEE74FF00047009384
S21401DBD801232C788D1CCDE9017382E72B7803F09D
S21401DBE8DF03582B0CD086B90827B0463E467EE799
S21401DBF8DDE9000105B0BDE8F08FCDE90001DFE7FA
S21401DC0810276C7802353E4671E710273E466EE7C8
S21401DC185D9504004AE700BF10B4044C13460A4653
S21401DC28014620685DF8044B40E700BFAC6A002057
S21401DC3810B4044C13460A46014620685DF8044BA6
S21401DC4834E700BFAC6A002020F0030110F003009F
S21401DC58C0F1000051F8043B00F1040C4FEACC0C6B
S21401DC686FF000021CBF22FA0CF213434FF0010CAE
S21401DC784CEA0C2C4CEA0C4CA3EB0C0222EA0302ED
S21401DC8812EACC1204BF51F8043B0430F4D0C2F1B6
S21401DC98000102EA0102B2FA82F2C2F11F0200EBA7
S21401DCA8D20070472DE9F04780460C46454826467F
S21401DCB814F801EB10F80EC01CF0080CF7D1BEF1F1
S21401DCC82D0F5BD0BEF12B0F3AD0654633F010000E
S21401DCD83ED04FF0FF379A46B7FBF3F703FB07F939
S21401DCE86FEA0909002630460EE0AEF1370C6345A7
S21401DCF81DDD002E04DBB84202D833D1CC4531DD18
S21401DD084FF0FF3614F801EBAEF1300CBCF1090FF9
S21401DD18EDD9AEF1410CBCF1190FE6D9AEF1610CA3
S21401DD28BCF1190F03D8AEF1570C6345E1DC731C3F
S21401DD381CD005B140420AB1F6B91160BDE8F087BA
S21401DD4833F0100094F800E0654606F10204C0D1ED
S21401DD58BEF1300F17D06BBB0A234FF005091A4FD7
S21401DD689A46BFE700FB0AC00126CBE722233046C6
S21401DD78C8F80030002AE1D0611EDEE794F800E01A
S21401DD880125B41CA2E7207800F0DF00582807D048
S21401DD9883B908234FF007096FF060479A46A1E751
S21401DDA8102394F801E04FF00F0902346FF0704722
S21401DDB89A4697E710234FF00F096FF070479A4677
S21401DDC890E700BF5D950400999999196AE700BF25
S21401DDD810B4044C13460A46014620685DF8044B05
S21401DDE860E700BFAC6A002010B4044C13460A462C
S21401DDF8014620685DF8044B54E700BFAC6A002072
S21401DE080F4B70B50F4DAB42A3EB050607D0B61006
S21401DE180024013455F8043B9847A642F9D80A4D20
S21401DE281EF0EAFF094B5E1BAB424FEAA60606D078
S21401DE380024013455F8043B9847A642F9D870BD2A
S21401DE48446E0020446E0020446E0020486E002078
S21401DE5870B5860747D0541E002A3ED0CAB203467C
S21401DE6801E0013C39D303F8012B9D07F9D1032CB6
S21401DE782CD9CDB20F2C05EB052505EB054535D973
S21401DE88A4F1100C03F1100E1A462CF00F064FEAF7
S21401DE981C1CB644C2E90055C2E902551032724547
S21401DEA8F8D10CF1010214F00C0F04F00F0C03EB7F
S21401DEB8021213D0ACF1040323F003030433134412
S21401DEC842F8045B9342FBD10CF003042CB1C9B2AF
S21401DED81C4403F8011BA342FBD170BD64461346DC
S21401DEE8002CF4D1F9E703461446C0E71A46A446BF
S21401DEF8E0E700BF88420ED98B1883420BD900EBA6
S21401DF08020C002A6ED0624613F801CD994202F837
S21401DF1801CDF9D170470F2A0FD8034602F1FF3C0D
S21401DF28002A5FD00CF1010C013B8C4411F8012B3F
S21401DF38614503F8012FF9D1704740EA01039B07B1
S21401DF4851D1A2F1100301F1200C70B523F00F0591
S21401DF5801F1100E00F110041B09AC445EF8105CC8
S21401DF680EF1100E103444F8205C5EF81C5C44F880
S21401DF781C5C5EF8185C44F8185C5EF8145CE645B0
S21401DF8844F8145CEAD1013312F00C0F02F00F0CBE
S21401DF9801EB031100EB031329D0ACF1040C1C1F91
S21401DFA88E462CF003064FEA9C0C1E445EF8045B72
S21401DFB844F8045FB442F9D10CF1010402F00302FB
S21401DFC803EB840301EB840102F1FF3C4AB10CF137
S21401DFD8010C013B8C4411F8012B614503F8012F14
S21401DFE8F9D170BD704702F1FF3C03469AE76246D5
S21401DFF8EAE700BF2DE9F04F82468E463F48754650
S21401E0081EF801BB10F80B4014F00804F7D1BBF159
S21401E0182D0F5BD0BBF12B0F6FF0004904BF9EF8A4
S21401E02800B005F1020E33F0100010D1BBF1300F2D
S21401E03804D0002B5ED10A231F4609E09EF8000093
S21401E04800F0DF0058284ED0002B53D108231F4676
S21401E0580025B9FBF7F6284607FB16980EE0ABF144
S21401E068370C63451DDD002D04DB864202D321D122
S21401E078E0451FDA4FF0FF351EF801BBABF1300C57
S21401E088BCF1090FEDD9ABF1410CBCF1190FE6D97A
S21401E098ABF1610CBCF1190F03D8ABF1570C634512
S21401E0A8E1DC6B1C0AD004B140420AB1CDB911605B
S21401E0B8BDE8F08F07FB00C00125DDE72223CAF87B
S21401E0C800305AB10EF1FF314846F0E79EF800B02D
S21401E0D84FF0004905F1020E0124A4E74846BDE8C1
S21401E0E8F08F8146EEE710239EF801B00EF1020E7E
S21401E0F81F46ADE710231F46AAE700BF5D9504003B
S21401E108242B02D8012B00D074E710B500F02EFAA4
S21401E11816230360002010BD10B5242A084C1346A8
S21401E128246807D8012A05D00A4601462046BDE8D4
S21401E13810405FE700F01AFA16230360002010BDAE
S21401E148AC6A002010B5242A084C1346246807D860
S21401E158012A05D00A4601462046BDE8104049E78F
S21401E16800F004FA16230360002010BDAC6A0020F4
S21401E178844641EA000313F0030349D1403A23D306
S21401E1880B6803604B6843608B688360CB68C36029
S21401E1980B6903614B6943618B698361CB69C36111
S21401E1A80B6A03624B6A43628B6A8362CB6AC362F9
S21401E1B80B6B03634B6B43638B6B8363CB6BC363E1
S21401E1C840304031403ADBD230320BD30B68036023
S21401E1D84B6843608B688360CB68C360103010312E
S21401E1E8103AF3D20C3205D351F8043B40F8043BFD
S21401E1F8043AF9D2043208D0D2071CBF11F8013B01
S21401E20800F8013B01D30B8803806046704700BFC6
S21401E218082A13D38B07B1D010F00303AED0C3F18D
S21401E2280403D21ADB071CBF11F8013B00F8013BB7
S21401E238A4D331F8023B20F8023B9FE7043AD9D32E
S21401E248013A11F8013B00F8013BF9D20B7803704B
S21401E2584B7843708B78837060467047024B014653
S21401E268186816F0E4B800BFAC6A0020024B0146F5
S21401E278186816F0DFB800BFAC6A0020CAB3844637
S21401E2880B4630B504460843800719D09CF80000B1
S21401E2980C78A04212D150B3012A28D0E64603E0F2
S21401E2A81CEB030F23D010B31EF8010F11F8014F12
S21401E2B8A2EB0E03A04203F1FF33F1D0001B30BDE1
S21401E2C8032A07D8E2E7043A11D01EF0803F0ED1A0
S21401E2D8032A10D92068194653F8045BA446A0F10E
S21401E2E8013E0434A8422EEA000EECD0CEE7002008
S21401E2F830BD10467047A4461946C7E780EA010CA8
S21401E3081CF0030F37D110F0030C20F0030021F0A6
S21401E318030150F8042B08BF51F8043B0ED08CF0CB
S21401E328030C6FF07F434FEACC0C23FA0CFC51F830
S21401E338043B42EA0C0243EA0C0300BFA2F1013C8B
S21401E3489A4201BF2CEA020C1CF0803F50F8042BBD
S21401E35851F8043BF2D04FEA02604FEA1222012834
S21401E36828BFB0EB036F08BF1B0AF4D003F0FF0306
S21401E378000EC01A704710F0030F0AD010F8012BD0
S21401E38811F8013B012A28BF9A42F4D0A2EB0300F8
S21401E39870474DF8045D50F8042B01F0030521F091
S21401E3A8030151F8043B022D26D04DD822F07F45B3
S21401E3B8B5EB132FA2F1013C2CEA020C0DD11CF08F
S21401E3C8803C08BF51F8043B0AD185EA0205B5EB43
S21401E3D8036F0CD150F8042BE8E74FEA13235BE0F0
S21401E3E83CF07F4C54D10B784FEA126554E04FEA63
S21401E3F8126503F0FF034FE04FEA0245A2F1013C24
S21401E4084FEA15452CEA020CB5EB134F18D11CF050
S21401E418803C08BF51F8043B07D185EA0205B5EBF5
S21401E428034F09D150F8042BE6E75FEA0C4C2FD1CD
S21401E4380B884FEA12452FE04FEA03434FEA12458D
S21401E4484FEA134328E000BF02F0FF05B5EB136F50
S21401E458A2F1013C2CEA020C0DD11CF0803C08BF4D
S21401E46851F8043B0AD185EA0205B5EB032F0AD118
S21401E47850F8042BE8E74FEA13630DE012F0FF0F9C
S21401E48806D051F8043B4FEA122523F07F4303E0F8
S21401E4984FF0000020BC704705F0FF0203F0FF00B4
S21401E4A8012828BF904204BF2D0A1B0AF4D0A2EB0C
S21401E4B8000020BC704700BF08B5064B044613B1E0
S21401E4C8002100F0AFF8044B1B6803B198472046BB
S21401E4D814F0A3FB2DE6010090530020002301460B
S21401E4E81A46184600F048B8032A30B415D941EA46
S21401E4F8000484460B46A40704D0541E0FE0043AD1
S21401E508032A08D91946604653F8044B5CF8045B9D
S21401E518A542F4D0F1E760461946541E7AB1431E67
S21401E5280139021901E09A4209D013F8010F11F8CE
S21401E53801CF6045F7D0A0EB0C0030BC7047002037
S21401E54830BC704738B5074D074C2C1BA41005D0B6
S21401E558013C55F8043D9847002CF9D1BDE83840F0
S21401E5681EF050BC4C6E0020486E0020014B186807
S21401E578704700BFAC6A0020F0B5264C83B006464B
S21401E5880F46256805B36C681F2C3FDCA6B1D5F885
S21401E598880048B3D0F800114FF0010C40F8242049
S21401E5A8022E00EB84020CFA04FC4CEA0101C0F8C6
S21401E5B80011C2F8803010D0631C002002346B6052
S21401E5C845F8247003B0F0BD13491448216010B112
S21401E5D80068C1F88800104DD5E7D0F8043143EA41
S21401E5E80C03C0F80431E7E70D49CDE9002369B10A
S21401E5F84FF48470FFF732FE40B100216C68C0E921
S21401E6084011DDE90023C5F88800C5E74FF0FF3063
S21401E618D8E700BF205400209453002000000000D3
S21401E62865E201002DE9F04FDFF8B49083B0D9F820
S21401E638006096B3884601907568D6F888706C1E97
S21401E6482BD4013507F1800B06EB8505B8F1000FD1
S21401E65826D173682A68013BA3423BD000232B606E
S21401E668BAB1D6F804A05FB30123D7F80011A340C6
S21401E6780B4225D0D7F8040157F8241003422BD1B2
S21401E688019890477368D9F8002053451ED1B242C5
S21401E6981CD1013C043D631CD8D103B0BDE8F08F02
S21401E6A84FB15BF824304345D3D0013C043D621C8E
S21401E6B8F3D0002FF5D1013CEFD3013CFBD2ECE7B8
S21401E6C890477368D9F800205345E0D0002AE4D073
S21401E6D81646B1E77460C3E708469047D2E700BF1D
S21401E6E82054002013B50446694619F0DAFA204684
S21401E6F819F01EFCFF28024606D020469DF8001099
S21401E708EFF718F802B010BD0048FBE70080FFFFDE
S21401E7182DE9F0418AB001AC05460B462746194A51
S21401E72802F1200C264610685168083203C6624575
S21401E7383446F7D1002B08BF3B46002710681C4615
S21401E7483060384603F10C0690B95FFA87F84246FE
S21401E7582846218819F00EFD50B942462846E18818
S21401E76819F019FD20B942463146284619F025FD0B
S21401E7780137032F06F1080604F10204E4D10AB0B2
S21401E788BDE8F08174960400F0B589B005460E46DA
S21401E79801F034FE044600BB01AC06F10C070FCFAE
S21401E7A80FC497E8070084E8070001A9284605F082
S21401E7B8F1FC2846311D19F09BFF044648B9284646
S21401E7C8074901F05DFA044618B9284601F0E0FD4C
S21401E7D8044628463168FFF79BFF204609B0F0BD7E
S21401E7E86C960400014919F0AFBA00BF890302000C
S21401E7F870B5164E032804460D4633781ED023FA04
S21401E80804F202F00102AA421DD053B10122A2402D
S21401E818A54023EA02032B43DBB233704BB1012038
S21401E82870BD2DB10A4B01201B6898473378EDE778
S21401E8383570074B00201B689847F0E79A07DED02B
S21401E84803F0FC03E9E7002070BD00BF3464002034
S21401E85860560020F8B505460C461EF036F8104FEF
S21401E86806463B7833B1012D04D01CB90D481CF07F
S21401E878F3FD3C7021462846FFF7BAFF0A4B0446CB
S21401E8881B783BB93B782BB919F048FC10B1074BFC
S21401E8981B68984730461EF013F82046F8BD00BF9F
S21401E8A8356400203456002034640020FC6A0020B9
S21401E8B8054A0B46117831B100211170034A01212E
S21401E8C8526818781047704735640020FC6A0020A3
S21401E8D838B5074D04462B78834207D001F0B8FCBB
S21401E8E820462C70BDE83840F0F7BCB938BD00BFEB
S21401E8F83364002038B5044680B11DF0E6FF0121D7
S21401E908044608461CF01CFA01210B4A084615F075
S21401E91862FE2046BDE838401DF0D2BF1DF0D5FF87
S21401E9280546214601201CF00BFA01202146024A21
S21401E93815F051FE2846EDE77F6C04001B4B0229B3
S21401E94810B5187002D0032904D010BD184B1B78D7
S21401E958002BFAD105F08CFB0028F6D04FF00052B8
S21401E968144BC3F88020BFF34F8FBFF36F8F01F0AE
S21401E97847FC0028E9D001F03BFA0028E5D10E4B08
S21401E9881C6834B123689847BDE81040002001F0A0
S21401E99853BC19F0D5F9094B18601EF082F8084BDC
S21401E9A81860204601F034FCEEE700BF1A6E00201E
S21401E9B83364002000E100E0845600205C56002005
S21401E9C85856002038B504460D4605F051FB80B16F
S21401E9D84FF00052124B1A6001F012FC48B9012D93
S21401E9E807D8012001F028FC0E4B1B6823B15B6891
S21401E9F898470D4B1C7038BD1EF053F80B4B1A6820
S21401EA08801A18601CF0D6FD4FF47A72084B1B6802
S21401EA1802FB003019F096F9012001F0F9FBE8E74E
S21401EA2800E100E0845600201A6E002058560020A7
S21401EA385C560020F0B585B01DF047FF344D0446FE
S21401EA482B7823B133481CF007FD002852D11CF05F
S21401EA588DFD02AA03A919F04BFB0346002838D0FE
S21401EA6819F05AFB029B98421CD100202A4B0399A5
S21401EA781B682A4E9942307020D90027C91A0123EB
S21401EA8824482B70264A3346CDE900771DF0E5FF6A
S21401EA98002837D1234A1378D90701D53178F9B137
S21401EAA8204611E019F036FB029B984228D0002335
S21401EAB818461949194A0968137003910121FFF785
S21401EAC897FE002320462B701DF0FAFE002005B0A5
S21401EAD8F0BD20462B701DF0F3FE212005B0F0BDD9
S21401EAE803F0FE031370002BDAD10F4B1B6898470F
S21401EAF82046E9E720461DF0E3FE0E2005B0F0BDEE
S21401EB080220B3E7032320462F703370F3E700BFD4
S21401EB18356400203456002054560020196E002013
S21401EB28B9E80100346400206056002070B51DF075
S21401EB38CCFE184D04462B7823BB174A1749137089
S21401EB48174B184A18481A60184A194E5A60F0F7AF
S21401EB582DF818491848F0F729F8184B8020336023
S21401EB68EDF7E4FD052804BF154B3360154B5B6FC5
S21401EB7803F44073B3F5007F02BF0222124B1A60FA
S21401EB8801232B70F0F77AF920461DF099FE002034
S21401EB9870BD00BF366400203564002098960400D6
S21401EBA8FC6A00203DEA0100245600205DE80100C9
S21401EBB860560020A09604002C560020D9E80100D3
S21401EBC8FDE8010000400050545600202DE9F043AE
S21401EBD88F7880460F2F0C4685B003D9212005B0C3
S21401EBE8BDE8F08327B90123374A00201370F6E7FA
S21401EBF80D784E78EDB9002EF0D194F90310E0881F
S21401EC0802F00CFE2128E9D055EA0603A088DFF8B1
S21401EC18C89013D002F066FE4FF60403B9F8002038
S21401EC2801469A424BD1AE42334638BF2B460026A0
S21401EC382DE0082DD2D8082ED0D8DEE702F052FEF5
S21401EC484FF6040501464FF60500204A136E9BB29F
S21401EC58AB4208BF0346B1F5803FA9F800300FD98B
S21401EC6802230825136680230126C2F880302B4626
S21401EC7849084FF6FF720139914228BF114608E04C
S21401EC888023012608251666C2F880302B460029FF
S21401EC98EFD1002202920122013FFFB200920197B2
S21401ECA82A4608F1F80002F0C7FC1EB14FF480129C
S21401ECB8074B5A65074BA2681A60022394E7034874
S21401ECC80266A9F80030AEE73764002000C001B834
S21401ECD800D001B86C560020A06D002010B504467F
S21401ECE8D0F818210B4B4FF40061C3F8CC2090F8EC
S21401ECF82420D20102F4006205F0D6F894F82430F4
S21401ED0813F0100F4FF4007314BF034A034A136439
S21401ED1810BD00BF003E00B0001002B8002002B8C7
S21401ED28431C07D06FF0FF02034B10405A62A3F54D
S21401ED3880535862704700BF00E000B8F8B5044633
S21401ED480F4616461DF0C1FD0546A047044620B1EC
S21401ED5828461DF0B5FD2046F8BD04F05FFA0422EA
S21401ED680549D1F8F03E23EA07033343C1F8F03EDC
S21401ED78024B1A64ECE700BF003000B0002002B86E
S21401ED8800F01803182B0AD003070AD440F201131F
S21401ED9810F0100018BF1846034BD86770470020BC
S21401EDA8FAE70120F8E700BF003F00B0044B1868F7
S21401EDB8830654BFC0F30F204FF6FF70704700BF9D
S21401EDC81057002038B10368044A002B08BF1346C1
S21401EDD8034A13607047014BFAE700BF977D0300AB
S21401EDE8086B002010B4D0E9524122400B4052EA89
S21401EDF8030104D003495DF8044B096808475DF828
S21401EE08044B7047086B00200F2938B505460C4699
S21401EE180ED801F033FA01280CD1074A2846936E1A
S21401EE2823F00F032343936619F0D6F9002038BD63
S21401EE382120FCE70220FAE7003F00B0014BD86E1C
S21401EE48704700BF003F00B0014B0020D9667047ED
S21401EE58003F00B003282DE9F347884655D82C4BC8
S21401EE6813F800902B4B1E5C2B4B13F800A01DF0DB
S21401EE782CFD074604F01EF9054640B10023002282
S21401EE88CDE9003301200023002103F03FFF04F001
S21401EE9819F948B100230022CDE9003300200023E8
S21401EEA84FF4004103F032FF6EB31C4BDC6C04F0E8
S21401EEB808041B4B3146DC64484604F00DFA5246FA
S21401EEC83146484604F096FA164BDC646DB1164B8B
S21401EED81868D0F89010F83003F008F81349086855
S21401EEE8FFF71EFF4FF0FF330B60B8F1000F04D099
S21401EEF80F4B002103205B689847384602B0BDE8EF
S21401EF08F0471DF0DDBC3446D3E702B0BDE8F08714
S21401EF18B0960400AC960400A8960400004000B819
S21401EF28006000B8005000B81C570020046B002091
S21401EF38FC6A00200F4A136C13F0A00F15D1506C11
S21401EF4810F0040013D10C4BD3F8F03E23F07F43A6
S21401EF5823F0FF035BB1D368C3F30362092A07D022
S21401EF68B2F10C0018BF012070470020704701203D
S21401EF78704700BF000002B8003000B070B50D46FB
S21401EF88064620B91A4B1B68A3B10E2011E001F002
S21401EF9875F9012829D1174B93F90040C4F12704C4
S21401EFA8641BC4F11C03002BB8BF5B42232B0CDD8A
S21401EFB8212070BDA1F10B03002BB8BF5B42232BA8
S21401EFC8F6DC0C4B19700020F3E786F826501DF086
S21401EFD87CFC094AE402136A04F4FF2423F4FF23A1
S21401EFE81C4314621DF06CFCEDE70220E1E700BF4C
S21401EFF81C5700203864002000C000B818B9034B1D
S21401F00893F90000704790F926007047386400208D
S21401F01810B5FFF763FE03F0A7FB1DF056FC0A4A7E
S21401F0280121D2F8C83E044623F02003C2F8C83EA0
S21401F0380222064B08469A60054B5B6898472046AD
S21401F0481DF03EFC002010BD003000B0001002B8D4
S21401F058FC6A0020094B08465A6A91020BD4D3F879
S21401F0680021D20708D4D3F8803013F4706F14BF88
S21401F0780120002070470120704700BF004001B8FA
S21401F088F8B50D46D0F8903002EA010423EA0103E8
S21401F0982343C0F890303D4A01F00B0323EA0401EC
S21401F0A8D1642340A2F580526F070646D36410D573
S21401F0B80121FFF7CFFF60B104F0B0F84FF40073F9
S21401F0C814F0040F14BF324A324A53620422324BF8
S21401F0D81A64E90606D514F0100F14BF00221B2285
S21401F0E82E4B5A652A061DD5230616D54FF400124F
S21401F0F8274B1A62012203F58053C3F800211DF03D
S21401F108E4FB0E210746032002F040FE40F20122EE
S21401F118224B3846DA621DF0D3FB214606F1F80089
S21401F12802F0E4FEEF0503D5E00529D502F0FEFD61
S21401F138A90503D5A20526D502F004FE15F0600F31
S21401F14809D0D6F8E410304618F022FE8022144B77
S21401F1589867144B1A612B0510D504F05FF8124A0C
S21401F16814F4006FD2F8F03E14BF43F0006323F0A6
S21401F1780063C2F8F03E0422074B1A640020F8BD6B
S21401F18802F0CEFDD4E702F0D7FDD7E7006000B85D
S21401F198005001B8006001B8002002B8004000B86D
S21401F1A8003F00B0000002B8003000B0014B1868FC
S21401F1B8704700BF7856002037B51DF086FB00243F
S21401F1C801230022CDE900340023054619461046DE
S21401F1D803F09CFD022002F003F9064B21461C6051
S21401F1E8054B02205B68984728461DF069FB2046B8
S21401F1F803B030BD80560020FC6A00202DE9FF418F
S21401F20802290D4616469846039004D1FFF7D4FF07
S21401F21804B0BDE8F0811DF058FB1E4F04463B685C
S21401F2283BB1B34205D01DF04BFB002321203B60C8
S21401F238EEE7194B0022C3F800803E600023012642
S21401F2484FF0000810461946CDE9006603F05EFD4A
S21401F258124B022083F8008002F0C2F843462A4681
S21401F268022003A902F0DAF80D4B039A1A6008B9CE
S21401F2782046D8E70B4D2B689847212804D020460E
S21401F2881DF01EFB0020C3E731466B680220984735
S21401F298F5E700BF805600207C5600203A6400201F
S21401F2A878560020FC6A0020044B5B6E5B054EBF57
S21401F2B80120034B187800F00100704700C001B820
S21401F2C83A6400200A78022A11D0101F42424241AD
S21401F2D852004B781201022B0BD0191F4B424B419F
S21401F2E85B000549054842EA8312FFF727BD01225C
S21401F2F8EFE70123F5E700BFF0FFFF00CD020200AC
S21401F3080B78022B10D0181F434243415B004A7802
S21401F318022A0BD0111F4A424A4152000F210448C3
S21401F32843EA8202FFF70ABD0123F0E70122F5E767
S21401F338F90202002DE9F8430E780446042E0D461C
S21401F34890F824810BD100275FFA87F9484601F027
S21401F358BBFC08B14E4602E00137042FF4D1304613
S21401F36801F0B2FC002849D094F82431B34209D1FF
S21401F378AA88D4F8A4309A4204D16A88B4F8263107
S21401F3889A4238D084F82461AB883046A4F82831EC
S21401F3986B88A4F82631AB8804F59275C4F8A430B6
S21401F3A8FF2384F8293018F095FF84F828002846AA
S21401F3B801F04AFC18BB284601F07CFCF8B9D4F8E1
S21401F3C8E03053B194F82411414506D02046B3F9EC
S21401F3D81220EEF737F984F82D01204601F0B8FC23
S21401F3E80949A4F828010123084AD1F8FC1004F1B8
S21401F3F8F80003F083FA0020BDE8F88321200C23E7
S21401F40884F82431F8E700BF004F00B0A43F00B0ED
S21401F41870B5054690F824010C460C281FD0FF2924
S21401F42801D1212070BD1AB14FF0FF320D4B1A6081
S21401F43818F050FF064695F8240101F07BFC84423B
S21401F44828BF0446E4B2B44238BF3446E0B285F871
S21401F458290001F079FDFF28E3D00020E2E7022029
S21401F468E0E700BF0C6B002010B590F82431044685
S21401F4780C2B44D0D0F8E03080F82810DBB3D0F855
S21401F488F020D2B990F82D318B421CD300222046A9
S21401F498FFF7BEFF48BB1B4B1B7813F0FD0F23D1AC
S21401F4A8204601F055FC18490123184AD1F8FC10EA
S21401F4B804F1F80003F022FA16E0B0F94020B3F997
S21401F4C812309A42E2DD0022204694F82D11FFF709
S21401F4D89FFF50B9C4F8E000204619F0A5F84FF68A
S21401F4E8FF739842014601D1002010BD2046BDE8B1
S21401F4F8104004F077BFFF2380F82930F4E7022094
S21401F508F3E700BFA46D0020004F00B0A43F00B091
S21401F518F0B51D46144B04461B780F46164685B0B3
S21401F5285BB1D0F8E030E3B102AAB3F91230009229
S21401F538002214F065F905B0F0BD02A918F0B1FB78
S21401F5489DF808103A462046EEF77CF8014626B99B
S21401F5582A462046FFF75CFFEDE72046FFF784FFC3
S21401F568E9E71846E7E700BF576E0400D0F8983079
S21401F578012B01D10020704770B5054650498EB061
S21401F58818F0FBFED5F8E0600146AC8DC5F8E4003E
S21401F59826B1336813B15B68002B6BD11DF095F962
S21401F5A81DF08EF90123D5F8E4108DF80E30B389D5
S21401F5B8D6E90120E31A9BB200FB03224148ADF8C5
S21401F5C80C3003680292994207D0284618F0E0FBEF
S21401F5D880223D493D4B88671A613D4C3B4E00F001
S21401F5E84DFE0128FBD1236CD907F8D4336CDA0118
S21401F5F8F5D4D5F8E41028460D919DF80E20029909
S21401F60808AB02F037FE002831D100F037FE01289A
S21401F618FBD12E4A2E49136CDB01FCD40B6CDE079A
S21401F628F9D408A901A803F047F800BBAA8D294B0D
S21401F6385A6495F8243060F3410385F8243018F0AD
S21401F648F0FDD5F8E03002465B691968431EDBB267
S21401F658FD2B049114D9CC1C12D91F4B01311B6800
S21401F66815D0D81C10D8284604A904930AE002200D
S21401F6780EB070BD1A68032A90D99B6A5B0E94E790
S21401F688284604A918F0B7FD00200EB070BDD91C95
S21401F69804D8284604A9049318F0ADFDD5F84C31D2
S21401F6A89B0506D495F8243043F0020385F82430E8
S21401F6B8EAE728464FF4803118F0E6FFE4E700BF92
S21401F6C8FC4F00B068560020003F00B0000002B8AA
S21401F6D800C002B8008001B8186B002010B50C46AF
S21401F6E819B118F044FD00B10434204602F0FAF8C6
S21401F6F8024B4042C3F8E00E002010BD003000B0B7
S21401F708438E70B593420C4615461CD3436C8B4208
S21401F71808BF00241DF0D9F84FF49C530B49064640
S21401F728CA68C2F30362D340DA0702D50B6C9B039F
S21401F73804D401222946204601F05CF830461DF023
S21401F748BFF8002070BD2120FCE700BF000002B80A
S21401F7582DE9F84F074615460B4611B92120BDE895
S21401F768F88F002AFAD0032905D8002201F0ACF94F
S21401F77803460028F2D01C889A78B4F5804F02F028
S21401F788070180F0CE80A1F1070C187993F805B02F
S21401F798DE88DCF1000343EB0C0305292B7394BFC9
S21401F7A80023C2F30013C2F3801C6B73930985F818
S21401F7B810C003F00203C2F3C00C43EA0C03C2F301
S21401F7C84012E8746B74AA74D7F89030AE82D806E3
S21401F7D800F193800639012900F28F80B7F812905C
S21401F7E8D7F81C8009F1FF394F4B083C04EA090495
S21401F7F85B6D18F804300021802B0CBF6FF07F0377
S21401F808323B04F1010418BF5BB204EA0904AB7386
S21401F818631D03EA09035A1CA96002EA090218F8DB
S21401F828022018F8036097F825A046EA022636B2A1
S21401F838BAF1000F5FD1F10456D5D7F8E43013B109
S21401F8481B68022B05D841F24D724C21002004F0AA
S21401F858F7FDD7F8E420C6F30B0392F82420DB0063
S21401F8680AB1B3FBF2F39B4508D83BB1CBEB0B2BA4
S21401F878BBFBF3FB6FEA0B0B5FFA8BFAD7F8EC309E
S21401F88823B1504695F90E1098478246013485F8FB
S21401F8980FA004EA090418F80410013404EA09045C
S21401F8A818F80430013404EA090441EA032118F877
S21401F8B80430013404EA090441EA034118F8043023
S21401F8C841EA036116F4804305D0184BDB6EB3FAA0
S21401F8D883F35B095B0038466A7C03F0CBF80623A2
S21401F8E82860AB7100203AE718F804A04FEA4A0AE4
S21401F8F85FFA8AFAC2E78A46C8E700230020EB7354
S21401F9080B4BDA69C2F30723120448BF63F0FF03FF
S21401F9185AB212F1800F1CBF323B5AB2AA73034681
S21401F928DEE702201BE700BF004000B8003F00B03A
S21401F93800C000B806238B7190F8253043B1054BFB
S21401F948D3F8C4200B6802F01F0203EBC2030B6056
S21401F95800207047003E00B011F5004F1FBF01F3AD
S21401F9680E01044BC1F30E01002014BF9964212037
S21401F978704700BF008001B8F8B504460E4619B9AD
S21401F98890F824305A0647D44FF6FF73218ED4F8E0
S21401F998E470994204D0354B1B680BB12046984752
S21401F9A8334D2B68BB4255D0324B1B683BB11FB158
S21401F9B83A68002A50D0BF68394620469847072734
S21401F9C8204601F0C5F9002E3AD004F0C7FA062001
S21401F9D8294B94F9262093F900302849C3F12703C7
S21401F9E89B1A0A6ADB0222F4FF2203F4FF2313435D
S21401F9F80B62D4F8E420224B2A60986701F01CFBBE
S21401FA08002501211F4A204B1170204683F8845097
S21401FA1818F0E2FB2846F8BD4FF6FF71144DD0F8F2
S21401FA28E4702A6866F386139742018680F82430C4
S21401FA3817D0104B1B68002BB9D101F089F907279D
S21401FA4812493B46124AD1F8FC1004F1F80002F0BC
S21401FA5855FFBAE70127B3E71746204639469847C0
S21401FA68ADE701F075F90127EAE700BF74560020F3
S21401FA7868560020705600203864002000C000B880
S21401FA88006000B839640020003F00B0004F00B0A5
S21401FA98A43F00B0054A12681AB190F81E1119B9A8
S21401FAA81047084602F092B901487047645600208C
S21401FAB800FEFFFF334B2DE9F7431C6801F400797C
S21401FAC800F00103174653EA090206460D4632D0EE
S21401FAD84FF0000823B30023002201200021CDE9BE
S21401FAE8008803F013F941462046FFF7D3FF0122A9
S21401FAF84146E085104618F049FDD4F8901004F107
S21401FB08F80002F0F3F920490868FFF709F94FF001
S21401FB18FF330B6094F8243043F0040384F8243050
S21401FB28B9F1000F07D00121204618F0ADFD25F4E4
S21401FB38007506430D432B4632462046FFF752F919
S21401FB48FB070FD51149124A08680021136811608E
S21401FB580121104A117003B198470F4B002102206A
S21401FB685B68984717F00E0F08D04FF409723B21CF
S21401FB78002003B0BDE8F04304F062BC03B0BDE862
S21401FB88F08300BF1C570020046B00207C56002021
S21401FB98805600203A640020FC6A002008B55822E6
S21401FBA800210648FEF754F91022FF210448FEF703
S21401FBB84FF904F0D3F9002008BD00BFF43E00B0A9
S21401FBC8383F00B073B574210C236D22A0F81411C8
S21401FBD8822180F824314FF6FF734FF0FF35C0E9D4
S21401FBE841120026C0F8002164220446838580F865
S21401FBF82A301E4BC0E94322C36300F1480343641D
S21401FC081B4B80F82660C0E90C35C0F8A450058562
S21401FC1803F060FA2046FFF7C1FF94F92610204644
S21401FC28FFF7ACF96023134A40F6FF71D3644FF02F
S21401FC383A4211631167104A2946D36440220F4B92
S21401FC4820461A64D4F89020FFF71AFA0E230022E9
S21401FC58CDE9003340F202231046194603F056F860
S21401FC6801F046F8304602B070BD00BF0700FFFF3E
S21401FC78FFFF4000004000B8005000B8002002B85E
S21401FC8810B50C46FFF78AFFCCB1A378082B18D815
S21401FC98E278082A15D843EA021313F0FF030CBFCB
S21401FCA819466168084AC2F8F410217882F84811A2
S21401FCB8617882F84B3182F8491104F04FF9002037
S21401FCC810BD2120FCE700BF003E00B0012A10B598
S21401FCD812D8032B10D803EB82020123074C93405A
S21401FCE894F84A01DBB221B10343002084F84A3173
S21401FCF810BD20EA0303F8E72120F9E7003E00B02B
S21401FD08044BD3F8F03E13F0806F14BF2320002075
S21401FD18704700BF003000B00246F8B5B0F8284179
S21401FD2800F1F805FFF7ECFF0B688E68013304BF96
S21401FD38D2F800310B604B68013304BFD2F80C319E
S21401FD484B60771C3BD1D2F80831CF688B607E1C9C
S21401FD583CD1D2F804610F69CE60013704BFD2F8EE
S21401FD68F8700F614F69013704BFD2F8FC704F6114
S21401FD788F69013704BFD2F810718F618F6967BB2D
S21401FD88C0F1640408688C6110B16D2838BF6D2015
S21401FD98C2F808314B68C2E94006C2E943340B6928
S21401FDA82846C2F8F8304B690F49C2F8FC30D1F83A
S21401FDB8FC1007230D4A02F0A1FD0020F8BD04F14E
S21401FDC86D031B1AB34238BF3346BEE704F1740607
S21401FDD8361ABE4238BF3E46BDE76D34241ABC42C9
S21401FDE838BF3C46CEE700BF004F00B0A43F00B086
S21401FDF870B51CF06AFD05460B4E00F03FFA012867
S21401FE0805D028461CF05CFD0224204670BDF36828
S21401FE1813F0706FF1D1F46814F08054EDD12846D0
S21401FE281CF04EFDF1E700BF000002B838B51CF023
S21401FE384CFD4FF6FF710A4A13888B4203D11CF01A
S21401FE483FFD0E2038BD074C074D1B046566A4F51B
S21401FE588054636611801CF033FD0020F2E700BF72
S21401FE68A26D0020006001B80000FFFF2DE9F743EE
S21401FE7804460F4615461E46FFF75CF838B3A38AB4
S21401FE882BB3204617F04FFF78B9744BD3F8F02EF2
S21401FE981EB10E2003B0BDE8F08302F03003102B2C
S21401FEA8F7D002F0C002402AF3D0DFF8E08102F072
S21401FEB85BFCD8F81430DE07EBD51CF006FD0646C9
S21401FEC8032001F08BFB20B130461CF0F9FC022020
S21401FED8E0E7D8F8142012F00608F5D130461CF0F1
S21401FEE8EFFC5E4B4FF400612046D3F8F09ED3F842
S21401FEF8D06E03F0EDFF40B14FF400720121584B6C
S21401FF0808461A64424618F041FB3946204604F072
S21401FF1869FA524BC3F8F09EC3F8D06E0028B9D1DF
S21401FF2894F82430980601D4002D57D0C5F3400024
S21401FF3803F03AF9022315F4807F1FBF494A0021CE
S21401FF4813644FF03A420BBF454A916113645363F9
S21401FF5803F064F94FF4806315F0040F14BF424AA6
S21401FF68424A15F0400F53624FF004023C4B2846B4
S21401FF781A644FF0400314BF3D4A3E4AC2F888301F
S21401FF88FEF7FEFE204617F0F8FF38B14FF48073EF
S21401FF9815F0010F14BF334A314A1364A90646D532
S21401FFA84FF6FF72E38F93420FD0334A3349526EAE
S21401FFB8100CC2F301120132B3FBF2F308802A4A8D
S21401FFC82A492F481B0448665366003D18BF012579
S21401FFD894F8243065F3451384F82430204618F045
S21401FFE8C6F8F0B1204617F0C8FFD0B14FF400317B
S21401FFF8204603F06DFF431C03229BB2214801A94A
S21402000818F055F99DF8042002F00703052B9DF811
S214020018053015D112070DD443F480731A4AC2F874
S214020028D830002003B0BDE8F04318F04DB9FFF70A
S214020038FDFECAE713F0040F09D19DF80630EBE778
S21402004803F03002202A05D113F0010FF4E74FF42B
S2140200588073E3E79DF80630E0E700BF003000B0A3
S214020068002002B8001002B8005001B8006001B8BB
S21402007800D000B800E000B8004001B8A26D002029
S2140200880000FFFF0C0000BA003E00B000C001B836
S2140200982DE9F3410646884615461F461CF015FC10
S2140200A80446032001F09AFA38B120461CF008FCF0
S2140200B80E24204602B0BDE8F081042001F08EFA34
S2140200C80028F2D120461CF0FBFB01232A464146B3
S2140200D83046FFF7CBFE04460028EAD1DFF8C88090
S2140200E85FB388F8000039463046FEF76FFD0028F1
S2140200F84CD198F80030012B1CD02022244B1A64CD
S214020108244B9B6FB3F5817F1FD2012018F0F5F8B8
S2140201181CF0DBFB204B06461B680193CBB901F0AB
S214020128DDFA15F0800526D101F01CFB284603F0FF
S2140201380FF825E003F022F8BBE798F80030012B09
S214020148F8D0002BD9D12124B3E78022134B1A61A9
S214020158DBE7042001F044F900230122042001A968
S21402016801F05CF90028DAD103F070F82124304651
S2140201781CF0A6FB9DE70022094B9A6701F0F2FAEB
S214020188084B01215B6800209847F0E7044690E791
S214020198001002B8003F00B06C560020000002B8FB
S2140201A800C001B8FC6A00203764002008B50B4B73
S2140201B8D3F84C114B1C10D011F080410DD1084BCE
S2140201C81B6813B10320FEF745FE4FF08062054B0D
S2140201D8DA6401225A6102229A6208BD0080E00FA0
S2140201E81C570020001002B84FF40022034B186C6C
S2140201F803F500531A64C0F3C0407047000002B803
S214020208024B586900F00100704700BF00C001B8F1
S214020218084B5A69D10707D508B901F0BDB85B691A
S214020228DA0706D401F0AAB85B69DB0701D400280E
S214020238F8D1704700C001B84FF0806310B1024A87
S21402024853617047014AFBE7001002B8002002B863
S214020258202350B1064AC2F8F433064B196C11F043
S214020268010104D1032002F093BA034AF3E7704768
S214020278001002B800C002B8002002B80F4BDB68B4
S214020288C3F30363013B0B2B0FD8DFE803F0060624
S2140202980C06060606080A08080802207047042004
S2140202A870470520704703207047054B5B6913F0BB
S2140202B8060F0CBF01200420704700BF000002B8DA
S2140202C800C001B8094AD368C3F303630B2B08D0EE
S2140202D86FF49050184100F0010080F001004000D1
S2140202E87047106C10F48030EDD17047000002B8E9
S2140202F80C4AD368C3F30363062B07D8042BD8B279
S2140203080BD8C31E5842584140007047072B06D1E7
S214020318D2F844010028ECD170470220704700202A
S214020328704700BF000002B8094BDB68C3F30363DB
S2140203389A1E012A8CBF00220122012B02701EBFC0
S2140203484FF4026222FA03F303F001030B707047BC
S214020358000002B8094AD368C3F30363032B01D02B
S214020368072B08D1536CDB0605D4906C80F0080086
S214020378C0F3C00070470020704700BF000002B8F4
S214020388024B0022196817F0D5BE00BFF09604008B
S21402039810B5FF224FF6FF71044617F0EBFE68B958
S2140203A8FF224FF6FF71204617F0F5FE30B92046B9
S2140203B8BDE81040FF22024917F0FFBE10BD00BF7D
S2140203C8B896040010B55B0743EA02439DF8082076
S2140203D843EAC163520502F0BC621A43064942F474
S2140203E8C872044603F060FD002220461146FFF755
S2140203F887F9002010BD00BF9007E12D37B50C46DF
S2140204080546094A09490A4801F038FB94F8283093
S2140204182846009394F82B3094F8292094F82A104A
S214020428FFF7D0FF03B030BD549704005C97040072
S2140204382497040008B5FFF78DFF88B1094BDA69DF
S21402044812030DD5186C10F4003009D19B6C13F00A
S214020458100F4FF010030CBF034A044A936408BDFA
S2140204680220FCE7000002B8001002B8002002B81A
S214020478034610B500B3124AD16909031ED5546C57
S214020488C4F38114032C15D0022C17D122460D4929
S214020498B1F8D40001F10061801A01F53571014402
S2140204A81846FDF765FE064A0472926C120A4272F4
S2140204B8002010BD0822EAE72120FAE70220F8E722
S2140204C8000002B8003E00B00A68064B12F0802F01
S2140204D81CBF42F20101C3F82812C3F88822C3F8E7
S2140204E88C227047004001B8F0B585B06C460E46BF
S2140204F80B4B074615460FCB84E80F00094BD3F87B
S2140205084822009226B16B1EDBB2FD2B88BF3260F2
S2140205182A462146384617F06EFE05B0F0BD00BFE3
S214020528C09604000080E00FF0B585B06E460D4B0D
S21402053807460D460FCB86E80F0017F072FE3146C7
S21402054804460246384617F0B8FF4DB140B9FF2CAC
S2140205581BBF04AB03EB8404009B54F8103C2B60CF
S21402056805B0F0BDC096040030B50823054685B030
S21402057880B9094AC2F8FC3351B96C46074B0FCB0F
S21402058884E80F00064B2A4621461868FFF7ACFF98
S21402059805B030BD034AEDE7001002B8D096040055
S2140205A81C570020002002B84FF03A43D3F8142113
S2140205B8D2031ED54FF480320E49C1F81421A1F594
S2140205C88051C1F818215A6DD1B2C2F30722C3F876
S2140205D8A410C3F8A4200422C3F8A4200022C3F857
S2140205E8A420C3F8A420C3F8A420C3F8A420C3F800
S2140205F8A4207047002000BAF0220B4B01219A640F
S214020608A022A3F580539A644FF03A43426CC3F88B
S214020618F410FC21C3F8CC10C3F8D0204FF40052D3
S214020628C3F8F020704700BF006000B8F8B50D4662
S2140206384FF03A44174606461CF047F901230421B0
S214020648074A6363E76026616561C2F81411054AC2
S214020658C2F884311CF034F90DB102236363F8BD85
S214020668002000BA00E100E02DE9F0410546012429
S214020678006800F00700063004FA00F3A868EC6881
S2140206885E1EA04262D000EA060E6C6810441E4344
S2140206980640A3EB0E000EEB040C8242644618D901
S2140206A8D31A0EEB030298B1431E052B04D94B1C32
S2140206B8ACEB0303022B59D80B460844ACEB010EED
S2140206C803EB0E0113F8014B83420C70F8D1014676
S2140206D86C688AB1531E052B01F1010302D9E01A90
S2140206E8022812D80A44611E00E0013313F8010CEE
S2140206F8934201F8010FF8D11CF0E7F80223AE6026
S214020708AB62BDE8F0411CF0DBB80B46204622F08F
S214020718030E8E4453F804CB734540F804CBF9D144
S21402072822F00303D01A920701EB030C04EB03072B
S214020738E2D0CA5C0128E254DED09CF801300228D6
S2140207487B70D9D09CF80230BB70D5E7042A35D91D
S2140207580878043AA86148780431A86111F8020CAE
S214020768A86111F8010CA861A8688CE70B4620F06E
S21402077803070F44ACEB010E1C684EF80340043323
S214020788BB42F9D120F0030310F0030F01EB030E6E
S214020798A0EB03040CEB030728D011F80380012C06
S2140207A80CF8038022D09EF80130022C7B7018BF0A
S2140207B89EF80230084418BFBB7088E7013A032A3D
S2140207C812D8DFE802F00F1507020B4613F8012BC2
S2140207D81946AA610A4612F8013BAB61114611F89E
S2140207E8013BAB610B78AB61BDE8F08108446EE76C
S2140207F80A46F3E738B50B46154601464FF03A4423
S21402080868B101221048C4F8F4201A46FFF72CFFF4
S21402081825B14FF03A430422C3F8F42038BD73B129
S214020828D4F8D8209A4284BF0122C4F8F4204FF0A4
S2140208383A42C2F8D4300223C2F8F430E8E7012379
S214020848C4F8F430E4E700BFCC0000BA38B5044672
S2140208581CF03BF84FF03A420121238F05465167B8
S2140208684BB3B3FA83F3C3F11903DBB2A069C2F838
S214020878B410C2F88C300723C2F89000C2F8B03021
S2140208884FF4A02302F50052C2F81431A2F58052A2
S214020898C2F8183100220C4B1A600C4B1B6C5B0218
S2140208A809D54FF480020A4B04F1F8001A64D4F80A
S2140208B8901001F01BFB0023638707232846A387B3
S2140208C8BDE838401BF0FCBF88560020000002B87E
S2140208D8002002B82DE9F84305460C46B1B1D0F817
S2140208E81880078F1BF0F1FFB5F83AC0791E01EAA7
S2140208F80C0323F00702032C0646DFF8F8E042440E
S2140209085ED1DEF8004024B91BF0DAFF0E20BDE8FF
S214020918F88324F00104DEF8000020F00100A0426B
S21402092853D10023CEF80030238894426FEA43431B
S2140209386FEA534323803ED1AB8F08EB070918466C
S214020948083880B202F108044C4528BF44460828F5
S21402095804D9B4F800E0BEF5804F40D263440F4392
S2140209681B1A3B409BB26B87A887947811884FF076
S2140209783A42C1F30C019165C2F89830C2F8B00049
S2140209884FF48022174B04F00704C3F814210122FF
S214020998154BC3F88421FFF707FE042C0BD14FF43E
S2140209A88002124B05F1F8001B6C114B1A64D5F83D
S2140209B8901001F09BFA30461BF082FF0020A6E753
S2140209C8601E012898BF1446A5E7A88F4344E31A79
S2140209D848BFDB1908389842A6DC304694E7224618
S2140209E8AEE700BF002000BA00E100E0000002B84F
S2140209F8002002B888560020154B10B519688A8F51
S214020A084B8F088F13440138073B8C69034023F049
S214020A1807031C4402F108034FF03A429BB28B8745
S214020A28C2F8B0304FF480220A4BC3F814210122D0
S214020A38094BC3F88421A07800F00700042803D1E4
S214020A48064AD3681B03FCD4054B1C6010BD00BFC6
S214020A581C570020002000BA00E100E0000002B89F
S214020A688856002010B5064C216839B1CB0703D446
S214020A78044B1868FFF72EFF0023236010BD00BF43
S214020A88885600201C5700204FF480320C4B0D4924
S214020A98C3F818214FF03A43C1F81421D3F8AC1022
S214020AA8D3F88C20012302F0070206329340C1F3E2
S214020AB80C01083B994201D8FFF776BD704700BF84
S214020AC8002000BA001000BA2DE9F04780460C460E
S214020AD816468769058F1BF0F8FEB8F83A2005F126
S214020AE8FF3C02EA0C0323F00701032C8246394432
S214020AF8B8F83C0019D14A4C24689CB90244073A13
S214020B0802EA0C0222F00702BC183B44E31A48BF6A
S214020B185B19834210DB50461BF0D2FE00242046A7
S214020B28BDE8F08724F00104EFE7012C02D0022C7E
S214020B38EBD108380C46E8E7002E3FD08C4241D16C
S214020B484FF03A42D2F858904FF03A41D1F8AC20DA
S214020B58B8F81270C2F30C02934247DA2588B5F544
S214020B68804FD8D2A378C5F30C0503F007037A1E84
S214020B78A5EB09053A43052B337005EA02052DD87D
S214020B882DB2E84340F241420421C00F03F058FC5C
S214020B987580E3783374D8F81C207B1E03EA0903B1
S214020BA8D118B160A9B213FA85F5AF422FBF002358
S214020BB8FF1AB780F26024BFB180F36050461BF07C
S214020BC87FFEACE7A4F10802974284BFED0802EB69
S214020BD8C502B2F80090C9F30C09B5E7114B5B6D74
S214020BE8003B18BF0123A5EBC305C9E74B6D7A1E68
S214020BF8A3EB09033A431A400B4915B2002DCB68FA
S214020C080BDCC3F30363D81E43424341DB00337055
S214020C188B6C72801B0A3374BDE70823F7E700BFA4
S214020C2888560020004000B8000002B8054BA822EB
S214020C38D3F84C013121431C0CBF0120C0F380704D
S214020C4803F0FEBB0080E00F38B5134D0446297842
S214020C5819B920221148FDF7FBF86188104A237853
S214020C685180002113700F4A022BC2F8CC104FF0A5
S214020C78FF010D4A0D4B11704FF007010C4A4FF059
S214020C880000C2F8FC130CBF04220122C3F8FC239E
S214020C9801232B7038BD00BF3B640020E03F00B044
S214020CA8A46D0020004001B81D6E0020001002B896
S214020CB8002002B8034B1A6802609B8883800020D3
S214020CC8704700BFA46D002010B5044600F03AFF36
S214020CD8064BD3F8F83724B983F40033C3F34040FD
S214020CE810BDA31E58425841FAE700BF000002B8DA
S214020CF84FF63F720A4BD3F8FC37934206D0094A9E
S214020D08C3F301131370E022074B1A7041F66A0206
S214020D18064B1B68B3FBF2F3054A1360704700BF25
S214020D28000002B81E6E00201F6E0020A856002083
S214020D388C56002020B1022804D1034B187870473D
S214020D48024BFBE7002070471E6E00201F6E002035
S214020D582DE9F74FD0F8A4204C21022A38BF0222E8
S214020D68064690F824B16B48013A036AD0F8CC508C
S214020D786948C3F38213D9400368DFF8C0A19342D7
S214020D88DFF8BC91654BDFF8BC8101F0010116D192
S214020D981C788C4213D19AF800405C450FD1D6F8DD
S214020DA8A84064B1AC420AD196F8295099F8004096
S214020DB8A54204D1B8F8040003B0BDE8F08F98F84D
S214020DC80040026020461970FFF7B4FF002900F0C1
S214020DD8888004234FF07F4000255149C1F8B83077
S214020DE8504BC3F8B80096F829301B06C1F8B8303D
S214020DF84FF080514A4B2C04C3F8B41040F27121CC
S214020E08494B1B68B3FBF1F319215343182BB3FB69
S214020E18F1F173D8002C7BD0B4FA84F2C2F1200226
S214020E28C2F10F03012B38BF0123D440A14201D2DD
S214020E38013B64086A1C03F01F0152008A403B4FBC
S214020E48121B9208C7F8B0201A0242EA031213438A
S214020E58019305EB052305EB0325354B40F6970270
S214020E6818682B21003818BF012003F0E9FAFA2285
S214020E782F4B02FB04F01B6840F6FF72B0FBF3F040
S214020E880A2358432B4B00F57A74C3F8C420019AF8
S214020E98A3F58053C3F8C420A3F58053C3F8CC50F7
S214020EA8D3F8CC3000F58C50C7F8FC30C6F8A850FA
S214020EB8214D14302C6001F0ABFC4FF47A72C7F85F
S214020EC8A400C7F8F8002B68B4FBF2F0B3FBF2F301
S214020ED8A8F8043096F829308AF800B089F8003065
S214020EE86AE7002C14BF1025202596F8293083427D
S214020EF894BFED182D1805F0FF0579E7B1FA81F2CF
S214020F0834B1B4FA84F3D21A002A89DC0F238DE7A7
S214020F180F238FE7004001B80C6B00203C640020CA
S214020F28001002B8002002B8A8560020003F00B001
S214020F388C560020006001B8905600201C6E0020D7
S214020F481B6E0020A46D002010B5114B01461B78BD
S214020F58104C0C2B02D1FF20207010BD184617F03B
S214020F68B9F902461846FFF7E5FE884228BF084642
S214020F78C0B2904238BF10462378C0B28342ECD043
S214020F88054B20701868FFF7E3FE2078E5E700BFF8
S214020F98A46D00201D6E00201C57002010B50446C4
S214020FA803F066F878B1154B1B786BB964B1144B2D
S214020FB81B784BB1134B1B78013B012B04D84FF41B
S214020FC80042114BDA6410BD104BDB6C1B04FAD4DA
S214020FD81BF07BFC044602F021F94FF400420C4B4E
S214020FE82046BDE81040DA6402220A4BC3F87C2485
S214020FF80422054B1A641BF063BC00BF3D64002044
S2140210083E64002094560020002002B8000002B871
S214021018001002B800D003500122024B00201A70BA
S214021028FFF7BCBF3D6400200022024B01201A7065
S214021038FFF7B4BF3D6400204FF48022014B9A6448
S214021048704700BF005000B8F7B50646544C00F08B
S21402105879FD01213A20EBF70BFA524B2578524FCD
S2140210681E7085BB2846FFF799FF2378013B012BA4
S21402107819D8E37B01A88DF80430237C8DF8053057
S214021088E9F7FCF9C7F87C544FF6FF72474BC3F8EA
S2140210988420F822A3F58053C3F884200022424B0A
S2140210A8C3F87C240DE04FF6FF72404BC7F87C5419
S2140210B8C3F88420F822A3F58053C3F88420C7F81F
S2140210C87C543B4B5BE00020FFF768FF2378013B2C
S2140210D8012B08D8E37B01A88DF80430237C8DF811
S2140210E80530E9F7CBF90023C7F87C34002ECBD0BD
S2140210F862685AB32F4B1B6803EB5203B3FBF2F337
S214021108013B1B0243F0F80326782849022E2A4A96
S2140211181ED0032E4FF6FF75234826D0012E38D14F
S21402112843F00203C1F88450C2F884300723C0F89B
S2140211387C34E37B01A88DF80430237C8DF80530D7
S214021148E9F770F90120FFF729FF17E0F823DBE734
S2140211584FF6FF7043F00103C1F88400C2F88430EA
S2140211680622114BC3F87C24E3E743F00503C1F8D3
S2140211788450C2F884300423C0F87C340F4B4FF0F6
S21402118880420020DA644FF480220B4B9A6403B044
S214021198F0BDC1F88450C2F884300023ECE700BFE3
S2140211A8945600203E64002000C00350006000B839
S2140211B8002002B8A8560020005000B8001002B856
S2140211C8F0B52B4F06463D4604460FCE0FC533688C
S2140211D885B02B6000F0B6FC01213A20EBF748F9FF
S2140211E80022244BC3F87C24A17A627A42EA01429E
S2140211F8C3F88824217CE27B42EA0142C3F88424AD
S214021208217B627B41EA0240C3F880043B78032BC9
S2140212182AD8DFE803F022020C178DF804100421FE
S2140212288DF805200DEB01000022E9F7C7F8E37BED
S21402123800228DF80830237C042102A88DF8093094
S214021248E9F7BCF8637A01228DF80C30A37A0421F8
S21402125803A88DF80D30E9F7B1F8074B187805B0F2
S214021268BDE8F040FFF7F0BE212005B0F0BD00BF94
S2140212789456002000C003503E640020034BDB6CEB
S214021288002BBCBF024BC3F888007047000002B8A8
S214021298004000B82DE9F04700F0AEFC4FF47A762D
S2140212A82D4BB0FBF6F618604FF4FA7373430746F5
S2140212B82A48190E1B021818294A4FF0000341F152
S2140212C80001FCF759FA274BA0F5807205461A6307
S2140212D820B948222B2103F0B3F801254FF47A727D
S2140212E84FF0000A6A43534650083102FCF744FAA4
S2140212F81C4B1D4AB7F57A7F9A601C4B4FEA056865
S21402130819601B4B8946044618604FEA152505D214
S2140213189B222B21504603F093F801264FF47A734A
S214021328A8FB030103FB05117308C01841F100016D
S21402133800233246FCF720FA0E4B023419600E4B95
S21402134849F10009A408186044EA8974054B013C6F
S2140213589C63BDE8F08700BFA856002020A10700BE
S21402136840420F0000C001B802110100B856002022
S214021378B4560020B0560020AC5600201022044B6B
S214021388C3F884215A600122024BDA60704700BF14
S21402139800E100E000C001B81022064BC3F8842121
S2140213A8C3F88420BFF34F8FBFF36F8F0422024B1C
S2140213B8DA60704700E100E000C001B810B50446E4
S2140213C8A242A2EB0000A3EB010104D2034B0139AF
S2140213D89B6B0133184401F0030110BD00C001B82D
S2140213E838B501250A4B02019D504FF48073044616
S2140213F8084A834053661BF068FA074AA5401378E2
S21402140823EA05031370BDE838401BF059BA00BF3B
S21402141800E101B800E001B8476400202DE9F84F62
S214021428164605468A461F461BF04FFA022E00F05D
S214021438918080461BF056FA5A4B5B4AD3F82090A6
S21402144892F891405A6EE4B2520744BFD3F82090FD
S214021458013404F003041BF040FA4846214600F023
S2140214682FFA8446DAF80000012E04BF01306044E1
S214021478ACEB000C08BFCAF80000BCF1804F7DD365
S21402148800F030FA8145A1EB040188BF454BDFF82E
S21402149838C188BF01F1FF3101F0030188BF9B6B99
S2140214A8A0EB090E0CF80510A1B1F90742BF41F6E8
S2140214B81F723E4B5A67BA0742BF3C4B3C4A5A67B2
S2140214C87B0742BF0022374B9A673C0742BF00227F
S2140214D8344B9A6511244FF0010A324B05F110027B
S2140214E8120103EB051BCBF80C0132499C501A6A11
S2140214F80AFA05F4586E0B78A2EB0902E4B2234303
S21402150872450B7025D34FF48073AB40034220D14B
S2140215181CF80520002A40D10EB3274AF80753665E
S21402152807D541F61F7140F20110204B59675067E4
S2140215385967B90706D51D4B1D4A1F491F485A67E2
S21402154848675A677A0742BF01221D4B1A613B0752
S2140215581AD440461BF0B4F90120BDE8F88F194AA0
S2140215682D0142F805A042F89C3C1BF0AEF9114941
S2140215780B7823EA04030B701BF0A2F940461BF013
S2140215889FF90020BDE8F88F2120FFF777FE4FF479
S2140215988032044B4046DA60DCE7074A4046536628
S2140215A8D8E700BF00C001B8003E00B000E001B8AE
S2140215B800001F1F4764002000D001B80000010188
S2140215C8000002B800E101B83F640020024B187818
S2140215D8003818BF0120704747640020034B1030BC
S2140215E80001185800F00100704700BF00C001B89B
S2140215F870B50646FEF704FE044608B1FFF7CCFEB1
S21402160800230A4D3046AB61EB612B6200F06AF9A3
S214021618074BC9B283F8911028622CB1FFF7AEFEC9
S2140216284FF08062034B1A64002070BD00C001B8F8
S214021638003E00B0002002B82DE9F0419DF818805F
S2140216480D46B8F1000F08BF0022214EB5F5803FBF
S214021658B168074621F4700141F4A001B1609DF813
S21402166820409DF81C104FEA042444EA016444EA28
S214021678031444EA084444EA02044FF0180140F20C
S214021688E9222CBF00200120746502F0D9FE3564D9
S214021698B8F1000F1AD00F4BBC68D3F888306D2CFF
S2140216A838BF6D245B0606D500F082FB18B10A4BDC
S2140216B8B3FBF0F31C44204600F014F901308542CF
S2140216C838BF0022024B34BF5A645864BDE8F08122
S2140216D800C001B800C000B800093D0038B51A4B72
S2140216E85D6C35BB10242020FFF7C8FD174B9C60A5
S2140216F802F04EFB2022164BC3F8842101F0D2FCDE
S21402170848B12A4600200821FEF7D4F9114B5C6638
S214021718A3F580531C67104AD36803F07063B3F1CD
S214021728807FF9D9084B0D4A5A6741F201429A67F7
S21402173838BD01F0B7FC0028F4D0094B054A5366B9
S214021748A2F580521367EDE700C001B8001002B890
S21402175800E100E000E001B8000002B8011B011831
S2140217681000002008B52120FFF788FD4FF48032CC
S214021778014BDA6008BD00BF00C001B8F8B5184DC5
S21402178804466B6A1B0426D500F086FB6B6AA0FB30
S214021798044613F0787F4FEA9367C3F34450C3F3C3
S2140217A8044505D140F25A422B2102F049FE012097
S2140217B8AD01B5FBF0F010EB871005D140F25F42A1
S2140217C82B2102F03DFE0120024600232046314628
S2140217D8FBF7D2FFF8BD00F0EBFAA0FB0401F9E72D
S2140217E800C000B80246012030B50B4CA0F1200319
S2140217F8C0F1200524FA05F504FA03F32B4304FA8C
S21402180800F595428B4100D330BD0F2801D0013038
S214021818ECE7FF20F8E700BF40420F0010B50C4681
S214021828FFF7ACFFC30943EA4163C01A61EBD11163
S214021838FFF7D8FFFF2814D00F220C4B40F01000F9
S214021848C3F88820A3F58053C3F88800A3F580530D
S2140218585B6ADBB2802B06D02046BDE8104000F05B
S21402186807BB212010BD0220FCE700BF00E000B83D
S21402187838B51BF037F8084B084A1D6A92F89140AB
S2140218885A6EE4B2520744BF1D6A01341BF025F8AB
S214021898284604F0030138BD00C001B8003E00B077
S2140218A80346064A103302EB00111B01D1F80C015D
S2140218B8D158C1F3400116F02BBD00BF00C001B8D5
S2140218C8064B1B68434303EB8171054B1B68A3FB5E
S2140218D8003013F1004341EB00007047B056002079
S2140218E8AC5600200C4A20F04043014610B50020B2
S2140218F814684FF00042E4FB0320084A890F126876
S21402190802FB0300064B9B6B984204D90133013154
S214021918C01A01F0030110BDB4560020B8560020C4
S21402192800C001B8044B01F0F071103041F0030119
S21402193800011950704700BF00C001B808B5222040
S214021948FFF79CFC4FF48022014BDA6008BD00BF0B
S21402195800C001B870B51646054600B3F9B1F2B133
S2140219684268104B006803321B68920800F1304048
S2140219789847044688B9EA68A86803323146920846
S21402198800F1304016F0DDFC044630B9D5E9040211
S214021998214600F13040FCF75BFA204670BD212450
S2140219A8FBE700BF146B002070B50C68651C15D0E9
S2140219B8C4F302669E42C4F3074530D1A4B29442E9
S2140219C82DD804EB8506B24229D2141BA50824F0AA
S2140219D803040E59340F04D0012C08D00022212407
S2140219E802E06B1C51F82320C0E9002470BD0E4C9F
S2140219F834F8133042EA03431A686B1C51F8234042
S214021A0801EB83014B6822405E4036F0704404D1F5
S214021A181B0F032B04BF8B681A430024E4E7013527
S214021A2801EB8501C1E700BFE896040007B501A8E7
S214021A38EBF71AFD9DF80530022B02BF40220B4B2E
S214021A48C3F8FC23C8220A4B5A650A4B0A4AD3F83B
S214021A586032DBB2FF2B08BF03239B0043F47F539D
S214021A68C2F8F83303B05DF804FB00BF001002B8F2
S214021A78008001B80080E00F000002B8836810B446
S214021A88074C03F1304324681B689C4203D15DF877
S214021A98044BFFF75FBF00205DF8044B704700BF9A
S214021AA8286B00200022012108B51E4B1A645A64CE
S214021AB89A641D4A516102219162DA68C2F303628E
S214021AC80D2A01D0002AF8D1112218499A6318481B
S214021AD8184AFFF73FFF00F0E9FF174A93685BB919
S214021AE8164A93689BB94FF080620F4B5A610122DF
S214021AF803F580535A6108BD1149D268096803F193
S214021B083043032AECD943F8041B043AF9E70C4994
S214021B18D268096803F13043032AE4D943F8041B60
S214021B28043AF9E7000002B8001002B8549C040010
S214021B383C97040058970400249704000C97040066
S214021B48286B0020012341F6FF710D4AC2F8803245
S214021B5891660C4A53600C4A53600C4A5360A2F5CD
S214021B6880425360A2F54042536002F5C032536089
S214021B7802F580425360A2F500425360704700BFE8
S214021B880090005000D000B8001000BA005001B80B
S214021B9838B50324FFF7D6FF114A124B124DDA6402
S214021BA8FFF744FF114BC3F8E0400123EB6400F053
S214021BB8DBFD4FF460736B614FF40073EB6416F051
S214021BC830FB0021FEF7D0FC8022094B1C64A3F5EB
S214021BD880535C64074BC3F884215A6038BD00BF43
S214021BE80048F000000002B8001002B8005001B821
S214021BF800A002B800E100E008B518F0A5FF044B03
S214021C081B6FC3F300430133B0FBF3F008BD00BFFC
S214021C180080005070B5044698B1B1B13A4A52F8FD
S214021C28043B834213D10023384A116CC907FCD4FB
S214021C38374800EB830016F08DFB364B1060012206
S214021C481A6470BD01330C2B02D1334D2CE00123EC
S214021C5852F8041BA142F5D1304A32F81330E3E7B2
S214021C68C2F3016335F81300110C93B211F0FE0F9C
S214021C7843EA0043606820D00434CAB2022A2168C4
S214021C8808D9D4E90160033AC3E9001698600C340F
S214021C980C33F3E704D16268C3E90012083403E0A0
S214021CA8012A01D1043419602268531CD8D10022B3
S214021CB8164B1A6003F58053C1E7120F072AEDD8B0
S214021CC8DFE802F00704090D1013181DC04303F5D8
S214021CD800531860E2E71A6842401A60DEE703F526
S214021CE88053F6E716F009FBD8E7012203F580537E
S214021CF88240F2E7012203F500538240EDE71A68B4
S214021D0830EA0202FBD1C9E7BC56002000C002B87E
S214021D18404000B000D002B8E8960400025D0020F9
S214021D280122014BDA647047001002B80122014B07
S214021D38DA647047002002B84022014BDA64704722
S214021D48002002B84022014BDA647047001002B83D
S214021D580B4B1B68D3F8E43023B11A68022A01D960
S214021D68186A7047074B9A6D90B238B1064BC2F3A1
S214021D7807421B68DB085343B3FBF0F0704700BF0B
S214021D881C570020004001B8A8560020064BDB6806
S214021D98C3F30363984206D1044A936E23F0F00312
S214021DA843EA011191667047000002B8003F00B08E
S214021DB8054B1B68D3F8E43013B11A680A2A01D80F
S214021DC8FFF7C6BF186C70471C5700202DE9F7436B
S214021DD8064616F08BFA00248046DFF890901AF032
S214021DE874FD0DF1070105460DF10600FEF79CFA93
S214021DF89DF806308BB9721C29D016F077FAA0EB3C
S214021E08080428461AF05CFD9DF8063013B99DF8BA
S214021E1807303BB3A642E2D824E0D9F80C3013F4D4
S214021E28603FE8D0D9F8180016F0E7FA731C0746A0
S214021E3803D016F05BFAA0EB080428461AF040FD19
S214021E4817F5007FE0D0384603B0BDE8F083284691
S214021E581AF036FD9DF80630002BC0D19DF80730E3
S214021E68002BBCD1004FEEE700FEFFFF00C000B813
S214021E7810F1800F04D04D28CEBF7F20323040B2FA
S214021E88FF22044BC0B25A62A3F580535862002060
S214021E98704700BF00E000B80B4A10B5136E0B4C33
S214021EA8116E03F00703E35CC1F3CD0101FB0333B4
S214021EB8126E0748C2F3454202FB033300688001EC
S214021EC8B0FBF3F010BD00BF004001B8E096040076
S214021ED8A8560020044BD3F8AC3010B1C3F3033233
S214021EE8027003F00F007047000002B8094B01F0B9
S214021EF880011B6C03F480030B4309D14FF40012D4
S214021F08054B1A62837F1BB10122044BC3F80021DA
S214021F18704700BF000002B8006001B8005001B860
S214021F282DE9F04F404F804685B038680C4615F0CC
S214021F38FAFE20B90024204605B0BDE8F08F2246F6
S214021F4800214046FBF784FF384B5D6915F0010512
S214021F58F0D102F019F906460028EBD03F68384659
S214021F6816F062FB4FF6FF73984234D04FF060517A
S214021F782F4E304B304AD3F82090D6F88C30116268
S214021F884FF00061A2F58052116224220421C6F89D
S214021F988C202A4A4FF4804B91604FF480520027D7
S214021FA8DFF8A4A0CAF868B0F262A7421ED30421DA
S214021FB8234A9160A2F5F032C2F88C304FF0605294
S214021FC81D4B1A6209EA02031E4A13624FF4804244
S214021FD81D4B9A66AFE73146384616F0C9FA0146EF
S214021FE8384602F0FFF90028C0D0A3E7B26E5104C3
S214021FF8FCD5B268D205F9D5CAF868B0D6F89020EA
S2140220080135012D0392D0D9E21B042AA8BF042267
S21402201808EB070003A901930092FCF7A9F8009AB7
S214022028019B3A4497B2C0E71C570020000002B84A
S214022038004000B8004001B8006001B8001002B8BD
S214022048002002B8005001B8006000B84FF604013C
S2140220584FF60502044B01201B6C9BB28B4208BF4D
S2140220681346024A136670470080E00F00C001B8A4
S2140220782DE9F74F81460F464FF0FF35FFF7F8FB7D
S214022088002601908A462C463046DFF8D8B006F17C
S21402209810031B015BF8033003F00308B8F1010FC5
S2140220A815D13046FFF7FCFB02460B46019851460F
S2140220B8FFF784F9DBF8643006F10802D340DB0741
S2140220C839D5002F40D000252C463E6040460136C2
S2140220D8082EDCD160B3234A0027D2F808C0916BD9
S2140220E80CF440330131A4FB0141641941F10001AB
S2140220F8B3F5003F30D1536B0CF4405C013347F123
S2140221080006BCF5805F22D1156B15F5807505FBB8
S21402211806F647F1000203FB0266A5FB03323244C9
S214022128594304FB0212A3FB04341444C9E90034DD
S21402213803B0BDE8F08FA84271EB0403C6D207B11C
S2140221483E6005460C46C1E73D463C46BEE73202BF
S21402215842EA13621B02E3E7136B13F5807347F137
S2140221680002DDE700C001B808B516F05AF90122E8
S214022178054B93F88D3002335B00DBB202FA03F3A9
S214022188024A536108BD00BF003E00B0002000B8F6
S2140221982DE9F34105460F4668461146FFF768FFE4
S2140221A80646B0B1AFB1DDE900321B0A43EA026364
S2140221B8A5FB0384094B120A05FB02441A6812B9E6
S2140221C8FFF71AFD0246002340462146FBF7D4FADB
S2140221D83860304602B0BDE8F08100BFA85600203D
S2140221E84FF00052014B1A60704700BF00E100E052
S2140221F84FF00052034BC3F88020BFF34F8FBFF354
S2140222086F8F704700E100E0F8B50B46002213F81E
S214022218044B944225D91D68854224D106245A794E
S2140222281D79124B88181E6804FB0503104F33F8F5
S214022238063C7B43B3420ED900238A5A7A43964217
S21402224802D804FB0300F8BD9D42FAD9013304FB09
S21402225803F2825AF2E740F244423D21002002F09D
S214022268EFF80020EFE708330132D2E7EC560020F9
S21402227840420F0000202DE9F84FA2FB018BC74E03
S214022288C74F18EB060699466BF10003B74270EB88
S214022298030307D240F23E220E2102F0D1F80220B2
S2140222A8BDE8F88FD9F814A00C461546BAF1000F07
S2140222B804D0DAF80030032B00F21B81B94BBA4A75
S2140222C89F6BA3F58043D3F8EC30C7F314075E0080
S2140222D8B64B48BF47F400171B6ED2F8FCA0580747
S2140222E84EBF4FF440039B0503F0E0731F43B04B09
S2140222F8D3F8E430990748BF47F0807747EA45673E
S21402230818F056FC012D0646C9D10028C7D0A94B9D
S214022318984200F0FD8003F5122303F5F86398420D
S21402232800F05A81A44B984200F0A7810025024685
S2140223382B4600204FF00071FBF71EFA2B460130A1
S21402234808FB03F3C7F3130100FB0B33A1FB06627A
S214022358A8FB008001FB0522034420339B09C9F829
S2140223680030F60C954B46EA4236FA021C6058BF15
S2140223787642934B934D34441E602C60BAF1000F9C
S21402238800F00881FB014FF000038F49C7F3815222
S2140223988A5C194648BF6408002EB8BF7642920681
S2140223A86008C2FB06012246FBF7E6F9DAF80010D7
S2140223B80E2908D97D4B7B4A926BDE69D3F80C311D
S2140223C8F60600F12881C0F3130017F40017C9F8BF
S2140223D8040014BFC42040F207107C4ADAF81860DA
S2140223E8A2FB04C24FEA521200FB02F24FF4FA733F
S2140223F8B2FBF6F218BF002702FB03F3A4FB00C0E9
S214022408FA33A3FB063604FB07006345864138BF4A
S2140224180132D2B242F4006CC9F808C0002A00F0B1
S214022428BB80DAF81C70A2FB070624B1B4FA84F360
S2140224380E2B40F3D880E303002E40F0D180B3FB86
S214022448F0F6700000FB0220A0FB07834FEA044E5A
S214022458C6454FEA144474EB030309D352001044EA
S214022468A7FB0083C64574EB030306F10106F6D202
S214022478C6F30E034CEA033C4CF000630629C9F87F
S214022488083049D9DAF83030002B45D00023C9F88D
S2140224980C30C9F8103018F08BFBDAF83010FFF75A
S2140224A8B3FE044618B18378002B40F0CC8018F0AF
S2140224B845FBDAF83010FFF7A7FE0446002869D075
S2140224C88378002B66D040794FF4AE62003818BF86
S2140224D801203D2101F0B4FF207940F27152003804
S2140224E84FF03D0118BF012001F0AAFF2379627957
S2140224F84BE0042BDAF828707FF402AFFB014CBFDE
S2140225084FF4400307F0E07327F0E0771F43F7E63F
S21402251800232F481D4613E718F04AFB2C68002CA8
S21402252800F0AF80B4FA84F3D3F1020358BFDC405C
S214022538284B9C4288BF6408002875D0B4FBF0F389
S214022548642100FB134201FB02F2904203F1FF32C0
S21402255800F2A6805D085308013D1B0243EA0515F2
S214022568C9F80C5018F0F0FA002800F09080B4FB76
S214022578F0F2642100FB124401FB04F4A04200F2CC
S2140225888D80531E52085B08013A1B0243EA021367
S214022598C9F81030002083E6212081E6006CCA883C
S2140225A8807C814A008001B8004F00B0004001B824
S2140225B8000002B800F04902005A6202F4560020EF
S2140225C8F0560020EC560020F4960400D34D621014
S2140225D80A3BB2DF3FBE4025002335481D46AFE61C
S2140225E81046002630E7C3F10F0E03F1110806FA6B
S2140225F808F820FA0EF040EA0800AEF1200826FA9B
S21402260808F840EA080026FA0EFE013004FA03F338
S2140226184EF1000610E702F4801203F400131A4380
S21402262808BFC0F58010CEE6631EA51E5B086D08BF
S214022638013B2D0245EA031540F2C2422B21002037
S21402264801F0FEFE8CE7407940F25552003818BF7A
S21402265801203D2101F0F4FE207940F2565200385E
S21402266818BF01203D2101F0EBFE237962791B0297
S21402267843EA0213C9F80C3019E700230D481D4631
S2140226885EE66FF01F0500287FF46AAFD4E740F2D3
S214022698E5422B2101F0D4FE621E72E71446FBE7E0
S2140226A89D1E6D085308013B2D0245EA031557E7A0
S2140226B8313641DCD694BFD610B5044686B059B931
S2140226C8214B4168D3F8FC30827A2048059300688B
S2140226D86B46FFF7CFFD69461D4B0A685A631A4BCD
S2140226E8D3F8FC3033B34B6843B11A4B1A4AC3F8D3
S2140226F80C214A68A3F58053C3F80C218B6843B1B2
S214022708144B164AC3F8EC208A68A3F58053C3F81C
S214022718EC20134AC868D2F8743123F4EE630343F4
S214022728C2F87431D2F86C31096923F4EE630B43AC
S214022738C2F86C31002022890A4B9A6203F5A0334C
S214022748186406B010BD00BF004F00B01C5700202A
S214022758008001B8006001B8FFFF0F00FFF8FF0F06
S214022768000002B8004000B8064B9A6E920607D5DB
S2140227785B6E002B4FF48043B4BF034A034AD3640C
S2140227880020704700800050002002B8001002B8EF
S214022798064B1A6C9207FCD4022240EA01205860C3
S2140227A8034B1A640122034B1A70704700C002B822
S2140227B800D002B84864002040B10368012B05D94E
S2140227C80069034B002808BF184670470048704740
S2140227D8FC96040010B590B10468012C0FD9026962
S2140227E86AB11168094B102C1960516859609168D2
S2140227F888BFD268996094BFD960DA6010BD10228B
S21402280800210248FBF724FBF8E700BFFC5600202D
S214022818084BC1171A68A2FB000302FB013310F12A
S214022828807043F10003400E40EAC310803820EA65
S214022838E07070470C5700200722194B70B5DA6310
S214022848184B194A1D68194BEC08E005C0184FEAE0
S214022858153141F100010023FAF78EFF144B154E8D
S21402286818601548FFF7D4FF4042C6F8DC0049F660
S2140228785800FFF7CDFFC6F8A8001048FFF732F851
S214022888024660B1E301500818184FEA15714FF076
S214022898000341F10001FAF76FFFC6F8B40070BDF5
S2140228A8000002B8A856002065CD1D00B2E60E004C
S2140228B80C570020003F00B07011010040420F0084
S2140228C810B5044698B10B4BD3F8FC00FFF782FF0D
S2140228D84FF47A7303FB04F0074BA0F57A60DA68C4
S2140228E89B681044C01ABDE81040FFF791BF49F62E
S2140228F84040F8E7004F00B0FC5600202DE9F843A8
S2140229080546084614461E46FFF764FF05B306F05A
S214022918020716F004061DD1D7B14FF47A706B6819
S2140229285843002B40F08C80FFF772FF20636B69D8
S214022938002B00F08C804A4AD0684FF47A7202FB69
S2140229480300A0F5FA50FFF763FFE062002E58D1A5
S214022958BDE8F8832869002869D04FF47A7358438B
S2140229683F4BA0F57A609B68C01AFFF751FFA0623A
S214022978A88B00285ED04FF47A735843384BA0F5DC
S2140229887A609B68C01AFFF743FFE061354BE96837
S214022998D3F80080002950D04FF47A735943304B4D
S2140229A8A1F57A619A685B68891AC91A2E4BC81704
S2140229B81A68DFF8BC90A2FB011302FB003311F180
S2140229C8807143F10003490E41EAC3118039274B4F
S2140229D82162D3F8C4306362D9F8003053B1404656
S2140229E815F0C5FB30B12246D9F800301C49D8F894
S2140229F8D80098470021A869FFF762FF6063002F96
S214022A088BD1A86830BB47F23050FFF701FF6061F0
S214022A184FF47A702B6858432BB1114B1B6803F599
S214022A281C5310331844FFF7F3FEA06190E749F6EB
S214022A3840409AE749F64040A5E749F64041B5E7DF
S214022A48074B1B6803F51C53103318446CE747F210
S214022A58305078E74FF47A735843A0F5FA50D4E723
S214022A68FC5600201C5700200C570020003F00B0E0
S214022A78F856002038B5054608461C4615F059FC97
S214022A880246D5F8E400FFF797FE4368A018002B25
S214022A98044AA8BF4FF4FA721A44034B92FBF3F2A5
S214022AA8104438BD0CFEFFFF18FCFFFF70B588B057
S214022AB86D46124C0FCC0FC594E80F0085E80F0040
S214022AC8D82200210E48FBF7C3F9AC2200210D4894
S214022AD8FBF7BEF9202200210B48FBF7B9F915F0DF
S214022AE850FE0A4B1B783BB16D46044E0FCD0FC6FF
S214022AF895E80F0084E80F0008B070BDE03F00B00C
S214022B087C3E00B0543F00B0E04F00B03B6400206B
S214022B1808B519F0DAFE0E4B1A78A2B90D4A1268F1
S214022B2812F4843F0FD10C4A1021D1641B7863B982
S214022B38084B1B68DB0508D4074B2022DA64BDE87D
S214022B48084019F0BDBE054AEEE7044BF5E700BF9C
S214022B584E64002000140020002002B8001002B8BC
S214022B680A4B197801F0FF0229B1002119700849A9
S214022B789202C1F80421597801F0FF0229B1002116
S214022B8859709302024AC2F8083170474964002015
S214022B98005000B8064BD3F8F00E064B5B6C1A01D1
S214022BA803D4054B9B6E1B0401D500F58070704755
S214022BB8003000B0000002B8004000B810B519F0A6
S214022BC884FE0E2104460320FFF7E0F840F20122B5
S214022BD8034B2046BDE81040DA6219F071BE00BF0A
S214022BE8004000B838B519F070FE4FF00043244C88
S214022BF80546C4F88030BFF34F8FBFF36F8F0123AB
S214022C08C4F88430BFF34F8FBFF36F8F0223C4F824
S214022C188430BFF34F8FBFF36F8F0423C4F884301A
S214022C28BFF34F8FBFF36F8F0823C4F88430BFF308
S214022C384F8FBFF36F8FFFF7DBFA1023C4F8843089
S214022C48BFF34F8FBFF36F8F2023C4F88430BFF3D0
S214022C584F8FBFF36F8F4023C4F88430BFF34F8F74
S214022C68BFF36F8F4FF48063C4F88430BFF34F8F7F
S214022C78BFF36F8F2846BDE8384019F021BE00BF63
S214022C8800E100E038B519F020FE05464FF0004393
S214022C980A4C23600123636004236360082363608D
S214022CA8FFF79EFA10236360202363604023636065
S214022CB82846BDE8384019F003BE00BF00E100E030
S214022CC8012370B5074C2370074B1E68074B32402A
S214022CD8D3E9005319402840FCF7ECFE0023237082
S214022CE870BD00BF4C64002014570020001400205A
S214022CF80022044B1A70044B197811B11A70FFF7A8
S214022D0807BF70474D6400204E6400202DE9F04747
S214022D18DDF820A003EA0108099B06460D4602EAEA
S214022D28000703EA0A09BAF1000F40F05281031FAE
S214022D380B4300F01281052871F1000380F0E88049
S214022D4850EA010300F07881431E0B4300F0288105
S214022D58FFF748FFB94AD2E9004323EA050324EA03
S214022D6806043C4343EA0807B54BC2E900471E6817
S214022D7826EA0A0646EA09061E60FFF7C9FE14F0A6
S214022D882A4F14BF48F202034FF40043AD4AB00775
S214022D98D26EAD4848BF43F4005383EA020122EAE2
S214022DA80302C266A94A0B408166D366C4F3804210
S214022DB81203210348BF42F48072E30648BF42F476
S214022DC80052A34BA50648BF42F400726006D3F829
S214022DD80C3248BF42F48062210648BF42F40062C1
S214022DE89C4882EA030123EA0203C0F80C329A4B93
S214022DF80A4017F4007FC0F80812C3F80C22974B53
S214022E0807F4007200F0048101224FF4802583F84B
S214022E188820E30448BF45F48035A00348BF45F43C
S214022E288015A10748BF45F4001514F4001FDFF803
S214022E38688206D0D8F8000015F0A1FC08B945F457
S214022E480025E20248BF45F40035FB06844B48BF1E
S214022E5845F480051A6A834985EA020323F00103CA
S214022E681A400A621D40CB617F4B16F0010F1D62A5
S214022E787E4B7F4A18BF1A467E4B7D071B6F48BF9C
S214022E8842F000627C4882EA030123EA02030367EF
S214022E987A4B0A4041661A67794A04F00103926C33
S214022EA8A0F5803083EA020122EA03028264754AA8
S214022EB80B4041649364D8F80020200248BF724B46
S214022EC892F8F62058BF714B610748BF43F48063F7
S214022ED822B114F4C06F18BF43F4807332074FF060
S214022EE83A42BDE8F047D2F8181148BF43F000430B
S214022EF883EA010222F4A02265481140C0F818119C
S214022F081340C0F81421634AC2F81831FFF7BABE54
S214022F18A0F580630B4306D020F48063A3F5007304
S214022F280B437FF415AF19F0D0FC4449D1E90032BF
S214022F3823EA060322EA050242EA08023B43C1E9FB
S214022F480032554A126892F8F610514A09B313F439
S214022F58C06F1ED04FF4807311E019F0B6FC374AE2
S214022F68D2E9003123F004033B4341EA080157EA59
S214022F780807C2E900314FF48063454A0BD0C2F80D
S214022F881431A2F58052C2F81831BDE8F04719F09C
S214022F9897BC4FF48073C2F81831C2F81431F4E7BC
S214022FA819F093FC254AD2E9003123F001033B438A
S214022FB841EA0801C2E900310123384A57EA0807FC
S214022FC81BBF5364A2F580529364936408BF53648C
S214022FD8DBE750EA01037FF4BBAEBAF1010F7FF4D8
S214022FE8B7AE19F072FC164A136823F0010343EAD7
S214022FF8090313604FF480631F4AB9F1000F04D027
S2140230085366A2F580521367BFE713675366BCE799
S21402301893F8881071B183F88820214BD3F8A4104E
S21402302803F50053C3F8A410C3F8A0104FF05023BA
S214023038C3F8A4200025ECE6BDE8F08700140020BB
S21402304814570020004000B8006000B8005000B8CE
S214023058004001B8006001B8005001B8003F00B057
S214023068000002B8002002B8001002B8041C0003D0
S2140230780418000300C001B800E001B800D001B887
S21402308800C000B800D000B80D0A0A09090A0A09E1
S214023098002000BA001000BA1C57002000E000B852
S2140230A800400050024B5868C0F3C000704700BF8B
S2140230B800140020024B186800F00100704700BF99
S2140230C800140020024B5868C0F3C030704700BF97
S2140230D80014002010B50446FEF75AFDFFF782FDDD
S2140230E82046FDF789FAFEF7DDFCFEF7D3F8FEF771
S2140230F845F9FFF7A1FB13490723134AD1F8FC1039
S21402310804F1F800FFF7FAFB4FF080710020FEF793
S21402311809FC4FF000720D4B4FF400110120C3F862
S2140231280021FEF7FFFBFEF791FF20B940F292322C
S214023138142101F085F915F07DF9BDE8104001204B
S214023148FDF782BF004F00B0A43F00B000D001B820
S2140231588023074A1364082340B11364054AD2F849
S214023168C83E23F02003C2F8C83E7047024AF4E776
S214023178001002B8003000B0002002B810B519F0EE
S214023188A4FB012104460020FFF7E2FF044B196165
S214023198044B5B6898472046BDE8104019F090BB80
S2140231A8000002B8FC6A0020F8B5194C05462078DB
S2140231B840F2E442B0FA80F03E21400901F040F9BC
S2140231C855B9607840F2E442BDE8F840B0FA80F0BB
S2140231D83E21400901F034B94FF440660D4F0E4DBA
S2140231E8D7F8043140F2E442C3F381232370C5F8CA
S2140231F8046160783E21B0FA80F0400901F020F9B7
S214023208D7F80831C3F381236370C5F80861F8BD9F
S21402321849640020004000B8006000B8F8B5084CC1
S214023228084D236C0423084F2B64236C5B0300D4DD
S214023238F8BD042602203E6415F05FF82E64F4E713
S214023248000002B8001002B8002002B8A82238B55A
S2140232581A4B1D6C03F500531A6410229A60A3F5E4
S214023268804302F100521A675A66FFF779FC144B3C
S2140232781B7813B90320FEF7B3F80024114B9C679A
S214023288FFF7CCFF104A114BD2F8F01E0B40C2F8DB
S214023298F03E04220E4B1A640E4BAA06C3F8D04020
S2140232A808D503F580739B6FB3F5817F22BF802212
S2140232B8024B1A61BDE83840FCF7B8BD000002B8F8
S2140232C84B64002000C001B8003000B0DF0000FFE9
S2140232D8002002B8003E00B010B551B920B3154B15
S2140232E8DB681B0E13F00E0F1ED1134B1B6CD9078F
S2140232F81AD4FFF763FC0F4C0020FEF7EBFD0328F9
S21402330801D0092805D1A36ADA07F5D4636CDB0372
S214023318F2D4FFF783FF0122084B5A6102229A620F
S214023328042203F580531A644FF4C062044BDA622F
S21402333810BD00BF000002B800C002B8001002B8F4
S214023348006001B808B503210920FEF71FFD2022F8
S214023358014B1A6108BD00BF000002B80D4A10B53D
S214023368D2F8A030D2F8A4100B40B3F1804F0CD399
S2140233784FF040400849094CC1F8A400D467C1F888
S214023388A0004FF48021064AD161034AC2F8A03051
S21402339810BD00BF00400050006000500000FF0152
S2140233A8001002B838B5054619F08FFA0E4B0446D7
S2140233B81868FDF74BFA35B1FFF79AFC2046BDE8C8
S2140233C8384019F07DBA094B1B78002BF6D0084B0B
S2140233D81D78002DF2D1FFF78BFC2A464FF4804069
S2140233E80021FFF76DFCE9E71C5700204D6400201A
S2140233F84C6400202DE9F84F5A4B06460D461446F3
S2140234081B6C002A40F0AB8013F0A00F14BF4FF0DD
S21402341801094FF00009FCF709FDA0234FF0000A46
S214023428DFF85C810320C8F84030FDF7D9FF042096
S214023438FDF7D6FF4C4FFFF75BFC4C4B4FF0040BE7
S2140234487B67C7F878A0FFF7E9FE494B4FF480710F
S214023458D3F8C82E42F02002C3F8C82EFF22C8F8B6
S2140234680820404A1161D3F8F02E42491140C3F8A9
S214023478F01EC8F840B0C3F8D0AE7B6913F0060F4A
S21402348804D0FEF75BFA5846FDF7AAFFB9F1000F1B
S21402349808D04FF40062384B1A644FF40042A3F582
S2140234A8E0339A6666B1354BDB6C180701D4FFF732
S2140234B885FBFFF747FF0420FDF792FFFFF750FB57
S2140234C8284B5A69D10748D5DA6812F0706FFBD1D3
S2140234D82B4B2C4A1A642C4A936E23F0F0039366FD
S2140234E815B12046FFF75EFF284BD3F84C315A1C1D
S2140234F801D05B0002D50122214B5A616CB31F4BE7
S214023508DA6E03F500539A6603F5D0331B6A1C4A33
S21402351823F00103D3611E4BD3F80C1203F50053B4
S214023528C3F8081203F50053D3F8841003F50053C2
S21402353899674FF03A43D3F8181103F50053C3F8C6
S2140235481411144B996C03F500535964124903F588
S214023558803359664FF608431364BDE8F88F4FF078
S214023568000958E7000002B800C001B800000101CF
S214023578003000B0DF0000FF001002B8004000B8BC
S214023588002002B810003000003F00B00080E00FB4
S214023598004001B800C000B85000002F9D4B2DE92E
S2140235A8F04F9F6EDB6E85B01F409B4B9F664FF0B9
S2140235B83A43D3F81451D3F818311D40974BC3F841
S2140235C81451974BD3F80822D3F80C3202EA0309AF
S2140235D8944BC3F8089203F52043DA691B6A02EA99
S2140235E80308914B08F47702DA61904BD3F8042269
S2140235F8D20605D4D3F80431C3F30016DB0653D536
S21402360819F063F98A4B5A695E6E1B6F12F0060F41
S21402361806EA0306874A26F0007314BF4FF0010A2B
S2140236284FF0000A23F400637407536606D5824AED
S21402363892F891300133DBB282F8913019F040F9F2
S214023648002F00F0E48017F4004300F0D58019F04C
S2140236583CF90146FFF79EFA0446784BD3F800B0C9
S214023668DBF80020DBF800309A42FBD0DBF80020BB
S2140236789A42FBD0FFF78EFAA04217D1084619F0F5
S2140236881FF96F4B1C606F4BD3F840B01BF4E05227
S2140236980ED124F07F4424F0DF040CB9FFF7D6FDE0
S2140236A84FF0807B002414E0B246C9E70446D7E709
S2140236B80192FFF7CBFD5C4B019A1BF480541A6407
S2140236C840F09C801BF4806F0CBF4FF0805B4FF07D
S2140236D8806BB80715D55B4A5348126C02F46041F2
S2140236E80164002900F08D80110400F18D8012F427
S2140236F8005F0CBF4FF000524FF0006200244BEA06
S214023708020BC7F340377F004F4A2A40002A4BD0A5
S21402371815F4206F0AD040F6A3120621002000F006
S2140237288FFE0020FFF73EFE25F48025EB0506D522
S214023738FF213D4A4BF4C06B9160FFF73FFA15F044
S214023748090F0BD040F6B8120821002000F078FEC8
S214023758FFF7F8FD4FF03A420121516315F0106F5A
S2140237680CD040F6C1120921002000F069FEFFF7CE
S214023778E9FD002211461046FDF73CF815F4202F05
S2140237880AD040F6C9120721002000F059FE002090
S214023798FFF708FE25F48025E80301D5FDF774F93E
S2140237A8002DB8BF47F0080769070ED54FF03A4212
S2140237B8126B12F4005F4FF4005217BF17492349E1
S2140237C80A634BF4000B08BF0A636A0548BF4BF04E
S2140237D8040B15F48023019300F0A480FDF70CF97E
S2140237E80138062834D8DFE810F01A011D011A013C
S2140237F820012301260126019B4653E74FF0804B02
S21402380850E74FF0007279E74FF0004276E7BB4682
S2140238183C4679E7004000B8006000B8002000BACD
S214023828004001B8006001B8002002B800E100E0DC
S21402383800C001B800E001B8003E00B0B49604002B
S21402384810570020000002B8090B0B89001000BAB6
S21402385840F6FA120321002000F0F2FD4FF03A403B
S2140238680121D0F88C20D0F8AC3002F007020632DC
S21402387801FA02F2C3F30C0CA2EB0C0292B2072A6C
S21402388812D9774A126C53020ED4764BC26CC06EAB
S2140238985B6D5BB102F0070206329140C0F30C0082
S2140238A8091A89B2072901D84BF4007B6E4A1278A6
S2140238B8002A37D04FF03A42D2F8142112F4A02F39
S2140238C830D16A4A6A4912789AB9F20411D40A7847
S2140238D87AB14FEADB02674842EA447282F0010292
S2140238E8D0F8F00E02F00102520020FA02F2930714
S2140238F818D10420FDF774FD5F4A60485067FFF749
S214023908F7F95B490A784AB95D4A127832B15D4AD4
S2140239185D4912680BEA02020A4201D14BF4804B57
S21402392826F48056B9F1000F1DD019F4805F18BF2F
S2140239384BF4802B19F4807F18BF4BF4002B19F434
S214023948005F18BF4BF0100B19F4007F18BF4BF03E
S214023958200B19F4806F18BF4BF0400B19F4006F58
S21402396818BF4BF0800BB8F1000F3AD018F4802F2E
S21402397818BF44F4007418F4803F18BF4BF4805BF9
S21402398818F4801F18BF4BF4003B18F4001F18BF2A
S2140239984BF0020B18F4003F18BF4BF4801B18F4C8
S2140239A8800F18BF44F0100418F4002F19D0314ABB
S2140239B8D2F8C82E12F0C00F13D02949CA68C2F32B
S2140239C80362032A01D0072A05D14A6CD00602D41C
S2140239D88A6C110732D54FF400212C4A28F40028A5
S2140239E8D161002E00F01881320540F18A802848FD
S2140239F8DFF88490C2782749002A51D04FF4006332
S214023A08013AD2B24B66C27032B9234A1278C2B1B0
S214023A1840F60141214A5167002200216EE04BF42C
S214023A28803B1BE74BF4006B18E74BF4806B15E7FB
S214023A384BF4807B12E74BF0080B0FE74BF4001BA6
S214023A48CFE7D9F8782012F4A05F15BF4FF480723A
S214023A5840F60142C9F85820C9F87820DCE700BFCA
S214023A68000002B8004000B84E6400204D640020F2
S214023A7850640020003000B000C001B80000010108
S214023A884F64002000140020088D0100002002B8B0
S214023A983F64002000E001B84B64002000D001B863
S214023AA80320FDF79DFCD9F81420A34B12F0060F4D
S214023AB804BF41F61F72A149A14808BF4A674FF4DE
S214023AC800619E4A5166D9F8142012F0060208BF11
S214023AD8C9F87820B3F88E2012F400615DD022F47B
S214023AE80062A3F88E20027802F0FF09002A58D155
S214023AF8FDF724FFFFF7AAFB4A4620214BEA020BF2
S214023B080C43B30009D52E20FDF7B8FB4FF0005141
S214023B188A4A44F0080411675166F00606D52B2037
S214023B28FDF7ACFB1021854A1167516616F0306F17
S214023B3805D1F1045DD5BAF1000F00F0A780320175
S214023B4811D52920FDF79AFBFFF7ACFA48B17D4A52
S214023B587D487A494A66026700F54050C0684304C1
S214023B6822D444F0040416F0007A28D00420FDF784
S214023B7837FC2720FDF782FBFFF768FB4FF0007142
S214023B886E4A5166714AD2F8F01E490678D4704ACF
S214023B980221916044F0020428E002784FF40052B1
S214023BA8ACE74FF4004238E70A6720204A66FDF77A
S214023BB865FB2D2044F00C04FDF760FBD3E716F0F6
S214023BC8807FDFF8909146D00420FDF709FC282074
S214023BD8FDF754FBD9F87820002A39D1FFF736FBCF
S214023BE8564A584944F00104116751660021594A59
S214023BF89165320405D5584A126890474BEA000B7D
S214023C080C43730508D555498A78002A00F08E8039
S214023C18013A8A70002217433A4658462146FFF769
S214023C284FF8019B0BB1FCF71DFF01224C4B05F028
S214023C380435C3F814514B4B18F4002FC3F88421EB
S214023C481EBF4FF40022424BDA6105B0BDE8F08F82
S214023C58C9F878A0C4E7F004C8D50420FDF7C0FB6D
S214023C68414AC9F87420FDF769FED9F8642012F0B3
S214023C78407FBBD12A20FDF701FBFFF7E7FA81E771
S214023C88D2F8C82E930685D4384A81E733490A798A
S214023C9852B1013AD2B20A7112B92B4A3449516763
S214023CA800224BEA020BA4E70420FDF799FB032047
S214023CB8FDF796FB274A2C49516718F006FE8146FF
S214023CC80DF10F00FEF706F92A4A824612780AB163
S214023CD8FEF774FFBAF1030F0ED1DFF8A0A000209A
S214023CE8FEF7F8F8032807D1DAF82820D007F6D422
S214023CF8DAF84420D103F2D49DF80F20032A06D11D
S214023D0801211D4A4846117018F0DAFDC8E74FF03F
S214023D183A42D2F8142112F4A02FF1D1FEF7E8FFA6
S214023D28484618F0CDFD4FF48042BAE70220FDF768
S214023D3857FB01226FE700BF003E00B000E001B863
S214023D484B6400201000002000D001B8003000B0FC
S214023D58002002B800C001B8106B00203F640020A3
S214023D68002000BA00E100E000000101001002B8DD
S214023D780000010D516400204D640020000002B8C6
S214023D880122024B1A62DA61704700BF002002B8AD
S214023D98094A08B5D369116A0B40084923F47F001B
S214023DA8DB07C86106D5D1684FF0FF30C1F303615F
S214023DB814F04AFB08BD00BF000002B8002002B893
S214023DC80C4A08B5536C926C13400B4A5364DB07D3
S214023DD80FD50A4B40F663421878122100F001000C
S214023DE800F02EFBBDE80840002201200021FEF765
S214023DF867BF08BD00C000B800E000B80014002085
S214023E0870B5174D2C6C6B6C1C40164B24F00202D6
S214023E18E1071A6405D540F6CA420020296800F070
S214023E280FFBA2071AD502220E4B1A646B68DBB286
S214023E38A3B9FDF71DFD04460D460B4ED6F8F4331E
S214023E48DB060BD5FDF714FD02460B46204629462F
S214023E58FDF7B4FA652871F10001EFD370BD00BF13
S214023E68008002B800A002B8000002B838B50B4CB1
S214023E780B4DD4F88430DB0706D4A36FD4F884201D
S214023E881340084A936738BDD5F804311A06F0D5A8
S214023E98FFF7B6FF8023C5F88431EAE7008001B849
S214023EA800E100E000A001B870B514460D4618F00F
S214023EB80CFD064BD3F8C86E74402C407440C3F809
S214023EC8C84E18F0FDFC06EA050070BD003000B0CA
S214023ED8034BD3F8C83E99430CBF01200020704715
S214023EE8003000B02DE9F04117460A43012A1D4664
S214023EF89DF818409DF81C60DDF8208029D8B44249
S214023F0827D2082E25D8032B23D8B8F1000F20D0A5
S214023F180A460021FBF7DAFEFF21EB009940C94367
S214023F28DFF834C008F1FF38FF00E2B2964202D842
S214023F380020BDE8F0813D190CEB8505D5F8F82080
S214023F4818F8010F0A4098401043C5F8F8000134E3
S214023F58EBE72120EDE700BF003E00B01E4BD3F88A
S214023F68C83E13F001001ED01C4B93F84C001C4AA6
S214023F7840F08073C2F8CC304FF480131949C1F868
S214023F88B430A1F58051C1F8B830D2F80C31DBB2A2
S214023F98FF2B1FD0984294BF0020012040F61F62D4
S214023FA83C2100F04DBA1A06E1D40F4A92F84B119A
S214023FB821B1DB0602D592F84801D8E74FF4801201
S214023FC80020084B0649C3F8B820C1F8CC00C3F84D
S214023FD8B42070470120E1E7003000B0003F00B08F
S214023FE8004000B8006000B8003E00B0034B1868F6
S214023FF8034B002808BF1846704700BF1857002012
S21402400890CF04002DE9F843DFF860900646D9F809
S214024018008008461746B8F1000F03D00E24204643
S214024028BDE8F88306B3336801331DD1E1B100F069
S21402403873F805460028F1D0C9F8000000F092F897
S214024048284614F05AFA044640B14046C9F8008099
S21402405800F088F8284614F04BFAE0E73560002F9F
S214024068DDD02846B847DAE72124D8E71C570020CF
S214024078024B1868003818BF012070471C570020EA
S214024088002108B5024B08465B689847002008BD21
S214024098FC6A0020431E033306D8044B984228BF06
S2140240A81846642838BF6420704700BF40420F0095
S2140240B838B505460C4641B10B6833B11B68013367
S2140240C803D0CB680BB18B684BB914F0F9F8002013
S2140240D84FF4C172412100F0B3F9212038BD0846D9
S2140240E8FCF7A4FD00230A4A85F83031C5E93743B0
S2140240F8C2E9003363694BB1064A422110684FF49D
S214024108D272C31A5842584100F09AF90020E5E7DD
S21402411820670020A8560020F8B5044618F0D5FBFC
S214024128002607460E4B1B6893B19E68AEB196F8FA
S2140241382420D20711D435460FCC0FC50FCC0FC595
S21402414823682B6096F8243043F0010386F824305F
S214024158384618F0B5FB3046F8BD1B68E4E700BFE2
S214024168386B002010B5044618B9054B054A13608B
S21402417810BDFAF727FED4F8E830002BF6D1F4E79C
S214024188E1840300346B0020014B1868704700BFB7
S2140241982067002008B502460868FFF77BFF08601C
S2140241A84868FFF777FF48608868FFF773FF8860FC
S2140241B8C868FFF76FFF0B69C860581C03D00B4826
S2140241C8834228BF03460B614B69581C03D0074835
S2140241D8834228BF034688694B61FFF75BFFBDE849
S2140241E8084088611046FBF797BD00BF40420F00A3
S2140241F8D0F8E0302DE9F04105460C4613B1838D20
S2140242088B424CD0D5F8DC30002B4BD09E68002E63
S21402421848D0D868002845D0013800B200281ADBF2
S214024228002106E0128A591CA24217D209B2884215
S21402423811DB0B1803EBD3735B1003EBC30206EB1D
S2140242488202B2F80EC003F1FF3EA445EAD90FFA7D
S2140242588EF08842EDDA2120BDE8F0814FF6FF7233
S21402426899B29142F7D09BB203EBC30306EB8306DF
S2140242782846B6F9122095F82411D5F8F080E9F701
S214024288E1F90746B8F1000F04D000233246284663
S2140242981946C047AC85C5F8E06085F82D71002040
S2140242A8BDE8F0810E20BDE8F08100BF2DE9F04799
S2140242B882B004460F461646FBF796FF00285ED1E4
S2140242C8454D2B68D4F8DCA0D4F8E0800BB15345F2
S2140242D862D04FF00009AF60FBF7D0FF012807460F
S2140242E851D12B68DAF80010D8F8002013B11868F4
S2140242F888425CD0204613F0EFFEC5E900A8D4F841
S214024308F0508DF80760002D58D00022204611463E
S2140243180DF10703A8472046FBF728F90546B9F129
S214024328000F0FD076B9D4F888300BBB012F05D012
S21402433825B12A4B002103205B689847284602B01D
S214024348BDE8F087B5FA85F040F2075233214009F6
S21402435800F076F831462046FBF70EFB204B054662
S2140243681B68414620469847D4F88830002BDDD093
S21402437800224FF400732046FAF734FDD6E70023EE
S214024388154D6B609DE700210120FAF763FDFBF7E8
S21402439875FF0128FBD1A4E76B68002B99D043452B
S2140243A897D1AB689F4215D04FF0010993E7696829
S2140243B811B109689142A0D059689BE794F8281071
S2140243C894F82D313246994228BF19462046FBF703
S2140243D81FF8A0E70025B1E720670020FC6A002046
S2140243E8346B0020F8B50E46054618F06EFA3146CC
S2140243F807462846FFF7FCFE044620B1384618F062
S2140244085FFA2046F8BDFBF7D1FE2246314628461B
S214024418FFF74CFF0446384618F052FA2046F8BD15
S21402442838B5044D044C054B286021601A6017F015
S21402443847FF38BD205700203C6B00202457002039
S21402444810B550B90548064B016006480260186860
S214024458054B18601868FFF7E3FF10BD3C6B002099
S2140244681C570020245700202057002010B518F0AB
S2140244782CFA084B04461B683BB1984728B1002221
S21402448800204FF48061FEF71BFC2046BDE8104072
S21402449818F016BA285700200023F0B585B0CDE9E3
S2140244A801330393124B134D1B78134E8DF80430C9
S2140244B818F018FA2A78337804469A420F4F0CD026
S2140244C83178386801AA297013F0F3FF50B140F624
S2140244D808210B4818F08DFA04E0386813F0C9FF73
S2140244E80128EDD0204618F0F8F905B0F0BD00BF57
S2140244F8FA6D0020286E0020296E002044570020FE
S214024508846C0400F8B52B4B1B7823B140F6FC31BB
S214024518294818F06EFA18F0E5F9284B07461C8861
S21402452814F0060409D001214FF4807017F034FA0B
S2140245383846BDE8F84018F0D0B921464FF48070E6
S21402454817F02AFA204600F09DFF022808D180229A
S2140245581B4B8021186813F048FBFFF79DFFE7E71F
S214024568204600F08FFF054638B1012807D040F6EE
S2140245783141114818F03DFADAE70246E8E7FF2229
S2140245880F4E104B30681A70FFF77AFD306813F03A
S21402459870FF0128CCD02A462946306813F06BFFF4
S2140245A821462C2017F024FA21460A2017F020FA72
S2140245B8BEE700BF57640020846C04001E5D00201E
S2140245C844570020286E00200021014818F02AB817
S2140245D8906B00207F2837B5044610D14FF6FF733C
S2140245E8022217480DF10601ADF80630EAF74CFF2D
S2140245F8BDF80640E2054CBF6FF04A0464B218F0F4
S21402460871F9104B05461C700F4B1B88DB0710D53B
S2140246180E4B1B78002B0E4B0CBF21466FF07F010A
S214024628186813F010FB20B140F67861094818F0B4
S214024638E0F9284603B0BDE8304018F04EB900BF8E
S214024648641002C0206E00201E5D00205864002000
S21402465844570020846C040010B50FF0CDF860B102
S2140246680FF0CCF80B4A80B141F20D03BDE81040BA
S21402467841F20D01074817F0E1BA074B1A781B7981
S2140246889A4204D100220023F0E70D23EEE7034AFC
S214024698F9E700BF400D0300FA6D0020488D0100BF
S2140246A8F8B5164E0D46337802F0010423B140F2EF
S2140246B8C531134818F09DF9124B134F1D60134D60
S2140246C8A4B1134B997801B10121202017F064F99F
S2140246D82B783B700F4B1C780F4B00211C70042361
S2140246E833700E48BDE8F84017F09CBF21462020DC
S2140246F817F052F92B783B70EEE700BF576400209C
S214024708846C040034570020546400202A6E00206B
S214024718385700205564002056640020906B00200D
S2140247282DE9F84318F0DEF8DFF8A0810546B8F858
S2140247380030614C13F4807F03D0237873BBFFF7F5
S214024748E1FE0021084617F053F95C4B1A78FF2A57
S21402475813D01A7802F0FF0632BBFF221A702378AB
S214024768052B0AD100232846237018F0B6F83046DF
S21402477814F008F818F0B6F805462378504E062BBB
S21402478809D13378FF2B06D03378022B15D10021B6
S2140247984C4817F047FFFF2333702BE000214FF4F5
S2140247A8807017F0F9F8CCE71A78012A4FF0FF0262
S2140247B814BF33264C261A70D4E7337813B13378ED
S2140247C8012B22D117F088F907463E4896F8009042
S2140247D801F0CEFBFF235FFA89F9337077B1B9F19E
S2140247E8010F44D16421374884F8009017F01AFF65
S2140247F8FFF752FE284618F070F806E0284627709B
S21402480818F06BF8384613F0BDFFB8F800301B06F0
S21402481805D50021802017F0BFF812F0A9F901F09B
S214024828E3FA294E308000B32778012F42D117F0D9
S2140248380DFE054610B3013018F0B9F900F44060D1
S214024848B0F5006F1AD104223946284617F03EFD05
S214024858284418F0ACF94FF6FF7398420ED10020A0
S214024868318800F0F1FC00233380BDE8F88300238A
S2140248782846237018F031F83F20C4E7114801F0A3
S21402488877FB002108462170012500F08FFC23786B
S2140248980BB9FFF737FE0020318800F0D5FC00235D
S2140248A83380002DE1D020780028DED1BDE8F84319
S2140248B814F0A0B80025EAE757640020276E002007
S2140248C8266E0020906B00201C5D00201E5D0020D6
S2140248D808B513460A461946064B186813F040FAF6
S2140248E830B1BDE8084040F2F441034818F081B8F8
S2140248F808BD00BF44570020846C040008B5134660
S2140249080A461946064B186813F024FA30B1BDE871
S214024918084040F2FB41034818F06BB808BD00BFD8
S21402492844570020846C0400024B1878431E5842F1
S214024938584170475764002008B5064B1B7823B1C8
S21402494840F22551044818F054F8FFF7DBFD002022
S21402495808BD00BF57640020846C040008B5054BE8
S21402496801EB81011868490013F06FF9002818BF97
S214024978212008BD4457002008B5044B1868F9F7EB
S214024988B1FE0A2390FBF3F040B208BD445700205C
S214024998014B1878704700BF296E002008B5044BF3
S2140249A8186813F006FEB0FA80F0400908BD00BF8A
S2140249B84457002038B5124D0C462B78012B04D9E3
S2140249C840F246510F4818F014F821460020FFF727
S2140249D8E5FF90B10C4B1C702B785BB9FFF792FD84
S2140249E80A4B93F900100A4BC901186813F04AFEDD
S2140249F8002038BDFFF750FDF2E72120F9E700BF97
S214024A0857640020846C0400296E00205964002034
S214024A184457002008B5074B186813F0C8FD30B194
S214024A28054BB3FBF0F083B20BB1184608BD012064
S214024A38FCE700BF4457002040420F002DE9F34729
S214024A485C4E012017F0D2FF3388990704D440F64B
S214024A583F41594817F0CDFFDFF8808198F80030BB
S214024A68053B012B04D940F64141534817F0C1FFD4
S214024A78524F3B6823B940F644414F4817F0B9FFF6
S214024A88348814F0200478D00121222016F0B0FFD2
S214024A984FF47A74FFF7BEFF3B681B78093343432B
S214024AA804EBC30498F80030A5B2062B0BD117F016
S214024AB8DBFB0446FFF7AEFF602358430C2303FBD9
S214024AC80400284485B2D7F800903D4B99F8008038
S214024AD81C7808F1FF381FFA88F8002C52D1338860
S214024AE85A0505D409F1010018F061F8C0F340141C
S214024AF83449354A887812784B7812FB00F2334FDD
S214024B0893423B70A4BF9B1A3B703B78CA78BD6041
S214024B18934238BF13463B700EF076FE002833D019
S214024B280EF070FE012814BF102508252543002321
S214024B38DFF8ACA00093802243464946DAF8000024
S214024B4813F0B5F820B14FF43B611B4817F051FF3C
S214024B581F4BDAF8000019781E4B197033889B062B
S214024B6814D52A461C4B009713F0A1FCC0B90020A6
S214024B7802B0BDE8F04717F039BF2146222016F0EA
S214024B8837FF87E70024B3E72546D0E72A460F4BC8
S214024B9813F08BFC014618B9252016F029FFE6E724
S214024BA82146262016F024FF40F6F431024817F074
S214024BB820FFDCE71E5D0020846C040034570020CA
S214024BC85A640020FA6D002054640020406B0020CE
S214024BD8296E0020286E00203857002057640020CF
S214024BE844570020184B10B51B889B0704D440F680
S214024BF8A661164817F0FDFE154B1B78053B012BE0
S214024C0804D940F6A761114817F0F3FE114B1B684A
S214024C1823B940F6A9610D4817F0EBFE00240E4BA7
S214024C280E4921201C7016F0E3FE014618B9BDE8AD
S214024C381040FFF703BF022804D12046BDE8104003
S214024C4816F06CBF10BD00BF1E5D0020846C040009
S214024C58576400203457002052640020054E020094
S214024C68F8B55A4C23889A0704D54FF43E7158482B
S214024C7817F0BFFE574801F07BF917F033FE23887A
S214024C8805465B070DD54FF0FF3013F057F8524B29
S214024C981B68C01AB0F5717F03D90021042016F0EC
S214024CA87BFE28464D4D17F018FE2B78042B32D182
S214024CB817F018FE238806465F0708D545480021E0
S214024CC817F0B0FC3046BDE8F84017F006BE17F0FD
S214024CD804FE17F007FE424B06461B78414F13B9EF
S214024CE8238859050FD50523012102202B7016F0BB
S214024CF853FEFFF777FF304617F0EFFD3B68DA788A
S214024D08394B1A70F8BD3868013017F050FF820622
S214024D18E9D50623E8E7062B4DD1344B1B78FF2B43
S214024D28F0D1334E0EF072FD3378002B3DD017F0DB
S214024D38D9FD238805465B0705D52648002117F0C6
S214024D4871FC2846BFE717F0C8FD3378013B33707D
S214024D5817F0C8FD04460121022016F01DFEFFF7D3
S214024D6841FF20461F4C17F0B8FD2068013017F0A7
S214024D781EFF00F44060B0F5006F13D124680121CD
S214024D880422204617F0A2FA204417F010FF014624
S214024D98184B04201A783378D21AD2B2BDE8F840F3
S214024DA817F0CEBE4FF6FF71F2E740202B70BDE833
S214024DB8F84013F0E7BC012BA4D100232B700E4B4E
S214024DC81868FFF75DF93F20F1E700BF1E5D002077
S214024DD8846C0400906B0020305700205764002033
S214024DE85A6400203457002053640020266E0020A0
S214024DF8546400202A6E00204457002008B50A4B47
S214024E081A7882B9012210281A7004D040F69D61D9
S214024E18064817F0EEFD0021202016F0BDFDBDE87D
S214024E280840FFF70BBE08BD52640020846C0400DD
S214024E3808B5094B1B88DB0604D440F2C351074861
S214024E4817F0D7FD1020002116F0A6FD044B1868AF
S214024E58BDE8084013F022BB1E5D0020846C0400E7
S214024E6844570020012208B5074B1146186813F06C
S214024E7802FB00212C2016F0BBFDBDE808400021ED
S214024E880A2016F0B5BD00BF44570020014B400863
S214024E98185C7047226E002008B513460A46194663
S214024EA8064B186812F062FF30B1BDE8084040F6BB
S214024EB8E941034817F09DBD08BD00BF44570020CE
S214024EC8846C040008B5044B186813F0D2FA01384B
S214024ED818BF012008BD00BF4457002070B505461C
S214024EE817F000FD0E4B0F4E1B880446DA07357086
S214024EF808D50D4B0D4D1B78012B08D901212868C2
S214024F0813F039FC2046BDE8704017F0E6BC1BB12A
S214024F180EF070FCC305F1D4317881F00101EEE79A
S214024F281E5D0020216E0020586400204457002091
S214024F380C4B10B51B880446DB0711D5FFF78CFB14
S214024F48094B84F0010208211868D20012F04DFEBF
S214024F5830B1BDE8104040F63671044817F049BD36
S214024F6810BD00BF1E5D002044570020846C04005C
S214024F7808B5044B0146186812F003FF003818BF3C
S214024F88012008BD4457002010B50A4C23787BB18F
S214024F98FFF768FF0021042016F0FEFC002102201D
S214024FA816F0FAFC00232370BDE81040FFF7AABAF1
S214024FB810BD00BF5764002038B5094800F0E8FC69
S214024FC80024084D95F84430E0B2834200D838BD34
S214024FD805EBC000043000F0DBFC0134F2E700BF4A
S214024FE8E85700204857002008B5104602494822CC
S214024FF8F9F7BEF8002008BDA057002008B50548F6
S21402500817F06BFE014620B9BDE80840014817F0C4
S21402501809BB08BDB06B0020002238B51C4B1546EC
S2140250281C461A700132082A5D609D8043F8085FA4
S214025038F8D1482200211748F8F70AFF4FF6FE7300
S214025048A4F868306FF48033E365134B00211A889E
S214025058124B1868F8F7FCFE114BC4E91255C4E95E
S214025068283584F8445084F85050656584F8A8506A
S214025078E9F754FDFF220B4B012118700A4B00205A
S2140250881A70E1F721FD0020FFF7B8FF002038BDAF
S21402509848570020A05700209C6D0020686A002010
S2140250A80000FFFF5B640020A164002010B5AC245A
S2140250B8084B04FB0030836C53B990F850403CB957
S2140250C831B1C0E912122046FFF798FF204610BDFC
S2140250D82120FCE748570020AC2370B503FB00F5F7
S2140250E8094E731993F850405CB920460BF022FF1C
S2140250F8735D204643F002037355FFF77FFF204691
S21402510870BD0120FCE700BF48570020AC23584377
S214025118024A135C23F003031354704748570020CF
S21402512870B516461F4A04461278C2BBAC211E4DFD
S21402513801FB00518A6C92BB91F850203AB1022BBF
S2140251482DD191F84410072907D91C2026E091F89A
S21402515844100729F9D8012B08D0AC2000FB0450CC
S214025168CA00011D0C30F8F7C5FE0021AC2303FB6C
S21402517804F000249DF8143000EBC1012944CB71D9
S214025188049B8E808B602B1893F8442020460132AD
S2140251988C7183F84420FFF731FF204670BD01204A
S2140251A8FCE700BF5A64002048570020F8B5234B96
S2140251B804461B780F46002B3ED1AC23204D03FB3A
S2140251C80053B3F8A03023B940F245311D4817F012
S2140251D810FCAC2202FB0452D2F8A46036B192F854
S2140251E8A33039460020B2F8A020B047AC230021ED
S2140251F86343EA18A2F8A010C2F8A410482192F84D
S214025208A82001FB02322A44D2F89820964213D0EC
S214025218EB5C9B070CD5AC226243AB5C204623F0C2
S214025228020343F00103AB54BDE8F840FFF7E6BEBD
S2140252380BF0A2FE0028EED1F8BD00BF5A6400208B
S21402524848570020DB6C04002DE9F04F89B0059022
S21402525808460D4617F0FAF8044618B9212009B090
S214025268BDE8F08F284617F00DF9C0B20838215C61
S214025278221892F802A00491D178526827780392ED
S2140252880022B4F80130ADF81E20434A029192F883
S21402529800B0BBF1000F08D0404B1B681BB120467C
S2140252A84FFA8AF298470020D9E703F00703022B41
S2140252B870D0013409225946204617F007F8023FF3
S2140252C83F1A3B0606465FFA87F8C7D4344FD7F824
S2140252D89090B9F1000F27D100210DF11E0B43461D
S2140252E822460846CDF800B00BF05CFDC3B2054670
S2140252F8002B4BD1BDF81E0013F088FAE0B9BDF8B2
S2140253081E0013F06CFB8146BDF81E0013F07EFAF1
S214025318F0B906EB080201232146584692B200F07D
S2140253287BFDD0B119209AE75B465A4601212846EA
S214025338C8470028D0D191E7D7F89430BDF81E00A8
S214025348002BDCD0A11998470028D8D1022086E77E
S21402535842464846A119F8F70BFFBDF81E0017F09B
S21402536875F8029B059A0372049B80F809A083725B
S214025378039B1BBAC360AC2303FB027393F850204B
S214025388BDF81E0022B1DB6C03B19847E8B266E7A7
S214025398BB6FF9E7012062E75A6400202C57002009
S2140253A8485700202DE9F84308460F46164602F1EC
S2140253B8010913F019FB8046384613F020FA042830
S2140253C856D1384613F03FFA48F661054FF6FF7293
S2140253D848F64103294C904208BF1D46B4F85C10B3
S2140253E8301D17F0E6FB384613F02DFA0146B01DBD
S2140253F817F0DFFBB4F85E1006F1080017F0D9FBC9
S21402540806F10A04384614F0B2FF10B145F010054A
S214025418ADB22946484617F0CCFB384613F0DFFAF9
S214025428424601462046F8F7A3FE3846012117F001
S21402543845F84444074660B117F024F8054638464E
S21402544817F004F8EDB201462A462046F8F790FE11
S2140254582C440B4AA41B13780134591C1170F370A0
S21402546834703046BDE8F8430922012116F02EBFF3
S214025478484617F09CFB4C460546C3E748570020AB
S2140254885B640020AC2210B548245043094B1A1816
S21402549892F8A81004FB0100034493F87700022848
S2140254A806D092F850301BB9032818BF012010BD49
S2140254B80020FCE74857002070B508B1012070BDEF
S2140254C8234C94F8A850002DF8D12946B4F85C204D
S2140254D8FFF714FA29462846B4F85E20FFF7F8F9CB
S2140254E82946284604F16002FFF7D6FC94F877307E
S2140254F8002BE3D0284694F85860FFF749FA86420C
S21402550815D1002094F95A50FFF736FA854216D17B
S2140255180020FFF7B7FF0446002016F08DFE00288D
S214025528CDD02146BDE870400020FFF705BA2846D0
S21402553894F85810FFF73EFA0028E2D0BFE700209A
S21402554894F95A10FFF70AFA0028E1D0B7E700BF25
S214025558485700200346AC2010B51446164A00FBEE
S214025568032292F8770002280CD1E07F022809D19C
S21402557841B112490978012913D992F858102278AC
S21402558891420ED118462178FFF708FA90B14822C0
S21402559821460B48F8F7ECFD002016F04DFE08B938
S2140255A8002010BD044B93F8A8000028F8D1FFF796
S2140255B883FFF5E72120F4E748570020956300208B
S2140255C8A057002038B5AC230D4C054603FB004314
S2140255D800205A6DD86483F8500012B15865FFF758
S2140255E827FCF5F7D5FBFF281EBFAC2303FB0544B3
S2140255F884F8A8000020FFF75FFF002038BD00BF30
S214025608485700207FB51D4C94F8A83023B10020D7
S21402561884F8A800FFF750FF94F85A30B4F8A06050
S2140256288DF80F3026B940F2FD21154817F0E1F93A
S214025638144B31461D6800202A46FFF7B3FEE46F76
S21402564802469CB10DF10F0301930023294630460A
S2140256580093A04702462C7854B920462146FFF705
S214025668A5FD2046FFF7CAFC04B070BD0122F2E78A
S21402567829460020FFF714F8F6E700BF485700202F
S214025688DB6C0400686A002038B5494B1C78002C8D
S21402569858D1484800F06CFC204616F0CDFD00288C
S2140256A850D0454C2378D90733D594F850201AB1F0
S2140256B823F00303237045E023F0010323700BF065
S2140256C843FC237805469A0701D50BF033FC294696
S2140256D800200BF049FA40B92378284643F0010324
S2140256E82370BDE838400BF025BC0023482284F816
S2140256F8A33094F8A83084F8A25002FB0343D3F8E8
S2140257089830A4F8A000C4F8A430BDE83840FFF7E3
S21402571879BF94F84400B0B104F1A003251D95E8BA
S214025728030083E80300FFF76DFF94F84420284639
S214025738D20004F10C01F8F7DDFB94F84430013B83
S21402574884F8443038BDA26C62B99B0711D5237819
S214025758002023F0020343F001032370BDE838401B
S214025768FFF74CBC0123A06484F850309047237896
S2140257789EE70BF001FC0028E9D194F8A83073B133
S214025788F5F706FB94F85030002BDBD1FF2818BF3C
S21402579884F8A800BDE838400020FFF78DBED4F88C
S2140257A88C30002BECD098470028CBD1E8E700BF16
S2140257B85A640020B06B00204857002070B5044693
S2140257C8002016F039FDAC235C430B4E351995F8CC
S2140257D850300BB1002070BD0028FBD0074817F0E8
S2140257E87CFA0028F6D1335D002BF3D195F84400F5
S2140257F8B0FA80F04009EEE748570020B06B002068
S21402580810B5084A034613F0FDF814684FF6FF72FF
S21402581803EB40039C42184603D90188023391429F
S214025828F8D010BD045800202DE9F047204F054651
S2140258383B88A3B3B0F90230002B30DBDFF87C805C
S2140258481C49D8F80000F8F759FD20B94FF4EA7158
S214025858194817F0CEF80026DFF85CA0DFF860904B
S2140258683A88B3B29A4204D84FF4EB71504617F00E
S214025878C0F8D9F80030B2B253F83200D8F800109F
S21402588803EBC20468B943F83210A38828460133EA
S214025898A38013F0B7F8E38803EB4003E380BDE880
S2140258A8F087F8F72BFD01360028D9D1EDE700BFBF
S2140258B8205D0020A86C0400B26C0400D06B0020A7
S2140258C8F857002038B5094C094D22682B689A42C9
S2140258D804D94FF48771074817F08BF828682368AD
S2140258E8C01A20F0010080B238BD00BF045800205C
S2140258F80C580020B26C040038B5124C124D2146E2
S2140259082846F5F7F3F823680BB12B681BB9DE2196
S2140259180E4817F06EF82A680D4B0E491A6023686F
S21402592823F0010313440B600B4B1A602AB9BDE837
S2140259383840F821054817F05CB8FFF7C3FF64281B
S214025948F5D938BDFC57002000580020B26C040078
S214025958085800200C5800200458002038B5094C76
S214025968094D22682B689A4204D34FF48A71074875
S21402597817F03FF828682368C01A20F0010080B2A2
S21402598838BD00BF085800200C580020B26C04002E
S2140259982DE9F0411D4B04461B78012B24D10088C3
S2140259A816F036FD0546D8B10426DFF864802C4684
S2140259B816F098FF07462046FFF736FF638843EA45
S2140259C808036380A05B16F023FD0446384616F0EB
S2140259D884FF1CB1B4F90230002BE9DA062E01D195
S2140259E8BDE8F0810626E2E7022BF9D116F07AFF27
S2140259F80246208816F00CFD18B10388C3F30E037E
S214025A0823801046BDE8F04116F067BF5C640020AC
S214025A180080FFFF2DE9F04F0024BA4B97B00646E8
S214025A281C8016F05FFF0123DFF8EC82B64F3B704E
S214025A38B8F80030A8F80040ADF81630B34B1B682B
S214025A48019316F04AFFB24B21461A88B14BD20090
S214025A581868F8F7FDF90DF11600FFF799FF002E02
S214025A683CD1DFF8B8924FF0000B0125D9F8004078
S214025A78019B9C4239D3BBF1000F39D1002DF2D0DD
S214025A88D9F80040DFF898A225462246019B9A429A
S214025A9873D302230DF116003B70FFF779FF002E31
S214025AA840F08F80D9F800603246AA4280F0A28081
S214025AB8908816F0ADFC18B10388C3F30E039380E2
S214025AC8D08816F0A5FC18B10388C3F30E03D3805A
S214025AD81046FFF795FE0246E7E79847E3B256F800
S214025AE823300134002BF8D1BBE7BBF1000F3ED0C0
S214025AF80BF1FF335FFA83FB16AB03EB8B0252F80C
S214025B08402CB2F9020051880028B1DA4B04AFD40F
S214025B18924641F48040931D2AF8020F02933AF8FF
S214025B28020F16F075FCF0B1B0F902E0B0F802C048
S214025B38BEF1000F17DB6FEA4C4C6FEA5C4CA0F81C
S214025B4802C00390FFF770FEBBF10F0F8FBF002550
S214025B5816AB039A03EB8B009EBF0BF1010340F8CA
S214025B68402C5FFA83FB029B9A45D8D180E72046F1
S214025B78FFF746FE22460446C3E7104612F042FFE7
S214025B888346B2F90200118800280AEA010108DAF7
S214025B98204616F033FC084381B204EB4B0402EBB2
S214025BA84B0510461180FFF72BFE02466EE7984714
S214025BB85FFA8AF356F823300AF1010A002BF6D167
S214025BC870E74FF0000AF3E73046FFF719FE824601
S214025BD87EB1B6F902307188002B0ADA3088C0F333
S214025BE80E0016F015FC864203462DD1C1F30D01B0
S214025BF871805646AE42E7D3DFF81CA116F072FE55
S214025C0800210646504612F04EFF16F001FC0546E5
S214025C18002800F08780304616F05FFE284612F00D
S214025C28F1FE0646204616F0E9FB81467600324625
S214025C3829462046F8F75EF9002249460DF1160075
S214025C4817F023F83444D9E71BD9304612F0DAFEA7
S214025C58C1F30D01420071801846314692B2F8F738
S214025C6849F9C6E75046FFF7CBFDD146854203D928
S214025C78B0F90230002B01DA824603E0FFF7C0FDD6
S214025C88F4E7B146554507D9BAF80000C0F30E0046
S214025C9816F0BEFB8245E5D3B9F1000F30D0B9F84D
S214025CA80000C0F30E0016F0B3FB034638B93346BD
S214025CB8CB46994513D8B1459BD0D946ECE748461A
S214025CC812F0A0FEB9F802204946C2F30D02A9F85E
S214025CD80220420092B21846F8F70CF9E7E718468F
S214025CE80193FFF78DFD019B9B46854203D9B0F9C8
S214025CF80230002B01DA0346DBE7FFF781FDF4E703
S214025D08CB46DAE7225D00205C64002004580020B7
S214025D18205D0020F8570020245D00200858002047
S214025D280080FFFFBDF816303870A8F80030044B24
S214025D3830461C6016F0D1FD17B0BDE8F08F00BFE4
S214025D48045800202DE9F041054616F061FB0F467F
S214025D580446D8B116F083FF20B940F2FB4120482A
S214025D6816F047FE284616F08DFB05462046FFF736
S214025D7847FDBD42064609D004D840F203511848EA
S214025D8816F037FE2588ED0B02D02781BDE8F08194
S214025D986780204612F036FE074604EB400816F0E7
S214025DA8A1FD104B1A68B2420AD1C3F8008016F059
S214025DB894FD2A464046BDE8F041FF21F8F748B868
S214025DC8A6EB0806B5B216F088FD072DF1D9002312
S214025DD8083D44F81730C8F80430A8F80250D5E74A
S214025DE8B26C04000458002038B516F07BFD00217A
S214025DF80546044812F057FE0446284616F06DFD7E
S214025E08204638BD245D0020024B1888B0FA80F080
S214025E1840097047245D00202DE9F74F04460088A4
S214025E281F4616F0F5FA88461546064616F017FF78
S214025E3820B940F2FE613F4816F0DBFD3388DB0BE3
S214025E48009306D033892B443381002003B0BDE883
S214025E58F08F208816F016FB82463046FFF7D0FCF5
S214025E68019016F03FFDDFF8D0B0019BDBF800206A
S214025E7881469A421DD1FFF725FDA84204D248461C
S214025E8816F02BFD1A20E1E70AEB050373803FB1F3
S214025E98208816F0DBFA2A4641465044F8F768F995
S214025EA83046FFF7ADFCCBF80000484616F015FD65
S214025EB8CBE716F012FD208816F0E4FA284400997B
S214025EC880B216F037FB06460028DBD016F0BEFA7C
S214025ED88146208816F0BAFA8246208816F0D2FA48
S214025EE8514602464846F8F743F93046AFB116F02F
S214025EF8ADFA0746208816F0C5FA2A4641463844BF
S214025F08F8F736F90121208816F0D8FA0121024658
S214025F18304616F0E7FA268097E716F097FA804694
S214025F28208816F0AFFA2A4639464044F7F790FF1B
S214025F38E8E700BFB26C0400045800203421014888
S214025F4816F057BDC66C0400036910B55BB18268CB
S214025F58064B9A4201D1002010BD446916F042FD54
S214025F68201AF9D5F7E74FF0FF30F5E7455F02004C
S214025F7882681C4B70B59A420446056819D116F019
S214025F88B1FC236923B1A34206D100222A601A6112
S214025F98BDE8704016F0A1BC1A4611461269A24224
S214025FA8FBD12A68A24208BF29600B61002323613D
S214025FB8EEE7036993B198426E6803D19D210A48B9
S214025FC816F017FD2B46B44209D122699D4218BF26
S214025FD81A614FF0000308BF6A60236170BD33463A
S214025FE83669F0E7455F0200C66C04002DE9F04703
S214025FF8074600254FF0010A154EDFF858808AB08A
S214026008347914B90AB0BDE8F087D6F8009087B993
S21402601800972A46B8F80010234603A816F0C4FECE
S2140260282246484603A9E9F75BFA2544EDB2083644
S214026038E6E7224603A94846E9F726FACDF800A07D
S21402604823462A46B8F8001003A816F0ADFEECE779
S214026058C8CF0400265D00200148FFF799BC00BFA0
S214026068265D00209C46174BF7B505460846198854
S214026078164611B1144B1C78CCB10146624630461E
S214026088BDB103B0BDE8F040E9F7FEB91C44E4B27E
S21402609808373B79002BF0D03A689642F6D185F05D
S2140260A801052246009516F07FFE03B0F0BD074FA5
S2140260B8EFE7E9F715FAB0B203B0BDE8F04010F022
S2140260C85BBD00BF265D00202B6E0020C8CF0400F3
S2140260D810B5074C238843B10020FFF787FF00203E
S2140260E8FF22044B20801A7010BD0220FCE700BF76
S2140260F8265D00202B6E0020142810B518D8082814
S21402610805D110F0A2FDC401E4B2204610BD0E2847
S21402611802D110F09DFDF6E7064B53F82040002CFE
S214026128F3D00A282478F0D105F0A0FE0443EBE762
S214026138FF24EAE718D00400014BB3F8680070475A
S2140261484857002000487047B2570020014B18787D
S214026158704700BFD3630020014B1870704700BF1A
S214026168D3630020194B022810B5187002D00438E1
S21402617801281BD8164B1B78042B03D00021154880
S21402618816F050FA144B1B689A001BD513F0805F62
S21402619840F6114418BF4FF44164204611F0EFF858
S2140261A890B92046BDE8104010F0E4BC0948FFF755
S2140261B8DFFE0A48FFF7DCFE162412F0A0FE11F0F6
S2140261C8D8F8EAE71524E8E710BD00BFD763002031
S2140261D8D8630020D46B0020904A0020FC49002097
S2140261E8024B187800F00F00704700BFD7630020F4
S2140261F8034B187800F00F00831E58425841704728
S214026208D763002008B512F065FEC0B112F07BFE17
S214026218A8B10AF0A7FF90B90A4812F00DFC70B1AF
S214026228094812F009FC50B110F017FD38B111F008
S214026238A8F820B9BDE80840044812F0AEBC002011
S21402624808BD00BF285D00205A5D002010580020B7
S21402625830B505460C4693B081B910B9002013B084
S21402626830BD1023214A69460120FFF7FBFE9DF840
S21402627805305A1E052A28D91720F0E718220021C9
S2140262882046F7F7E5FD002DEBD1FFF7B1FF30B357
S21402629810F0AEFB6A4601460020FEF7A5FEBDF8E2
S2140262A80430204623819DF80230A3729DF8003000
S2140262B8E37212F0AEFF002304F11401237304F113
S2140262C8100003F0CBFDE081C8E7094A9DF80410E8
S2140262D812789142D0D12B70002CD6D1BEE7054B4E
S2140262E81B78033B022BD3D9C6E700BF64EE010036
S2140262F8056E0020D763002030B593B005460C46DD
S214026308FFF776FF20B90C4B1B78033B022B10D8FD
S21402631810F06EFB6A4601462846FEF765FE002028
S2140263289DF80230607023709DF80030A37013B099
S21402633830BD1720FBE700BFD7630020054B18784F
S214026348012805D000F0FD00A0F13103584258415B
S214026358704700BFD76300201FB50146002201A878
S21402636816F030FA064801A916F0ECFC20B116F031
S2140263786DF84089C0F3400005B05DF804FB00BF25
S214026388AA6D002030B585B00D460022014601A848
S21402639816F018FA084801A916F0D4FC50B116F0FF
S2140263A855F80446014608222846F7F7A3FD6089F1
S2140263B8C0F3400005B030BDAA6D0020F8B505460A
S2140263C8F8B100210F4816F05AFC0446A8B10D4F42
S2140263D8204616F03BF8064616F0E0F9830705D481
S2140263E8082229463046F8F77FF838B1214638465B
S2140263F816F069FC04460028EAD10024201E18BFBD
S2140264080120F8BDAA6D002010B50C4601460648C4
S21402641816F098FC30B116F019F843891C4214BFDE
S2140264280120002010BD00BFAA6D00201FB514462B
S214026438024601A816F0C6F9074801A916F082FC1A
S21402644840B134B116F002F8142201462046F7F796
S21402645851FD012004B010BDAA6D00201FB50146EB
S214026468002201A816F0AEF9094801A916F06AFC3E
S21402647858B115F0EBFF4389024613F0020004D028
S214026488507B80F00800C0F3C00005B05DF804FB3E
S214026498AA6D0020F7B59DF824400D4601949DF894
S2140264A82040064600941F4613F050FF4FF6FF7131
S2140264B88842044610D0BB0711D4284600F056FF7F
S2140264C8204616F066FCFF281FBF084A32F810302E
S2140264D823F4804322F81030204603B0F0BD02466B
S2140264E82946304612F0EFFBEAE700BFF85C0020C8
S2140264F873B50E460146144816F024FC0546D8B174
S21402650815F0A4FF43890446334012D09B0736B2DF
S2140265180BD5002E09DAA17B437B0289007B019109
S214026528012100912146FFF7B5FF638923EA060396
S2140265386381628912B1012002B070BD2946024801
S21402654812F0D0FAF7E700BFAA6D00200148FFF75D
S2140265581FBA00BFAA6D002013B53E4C0DF05BFDB6
S214026568D4F8FC311020C3F307430193FFF7C4FDA8
S214026578000650D50020FFF7BFFD01064BD5019B4C
S214026588802B3ED1236A9A0704D440F61544204647
S21402659802B010BDE3699B07F7D52F4811F0A6FF96
S2140265A8012012F00AF90DF049FD04460028EED142
S2140265B800F042F9294812F0CAFA00F099F9E8F709
S2140265C8ADF80DF027FD08F003FF08F055FFF4F7C5
S2140265D8D7FAF4F775FBF4F78FFB03F0DBFD10F040
S2140265E836FB10F037FB10F0CFFE1D4813F0B7FE4F
S2140265F806F08CFA10F08BFE0028C8D010F089FE40
S214026608C5E7019B812BC0D1D4F80C315B00BCD501
S214026618D4F80C31BFE71020FFF76EFD0006BCD495
S2140266280020FFF769FD0106B7D5019B802B05D12F
S214026638084B1A6AD207A8D5DB69ACE7019B812BFF
S214026648A3D1044BD3F80C21002A9EDAD3F80C31D6
S214026658A1E700BF0080E00F690345EC1058002050
S2140266686163020010B512F047FC70B301F0E0FA5D
S21402667880F00104E4B20020FEF724FC44EA800419
S21402668824B212F027FC10BB02200443164816F068
S21402669824FB44EA4014154816F01FFB24B244EAC9
S2140266A80014134816F019FB24B244EA8014114861
S2140266B816F013FB24B244EA40240F4816F00DFBEA
S2140266C824B244EAC02080B210BD0124D3E70B48A6
S2140266D812F0B2F90028D7D0094812F0ADF980F0C6
S2140266E80100C0B24000D0E7146C0020F86C00200D
S2140266F8944A0020786C0020D86C0020285D002080
S2140267085A5D002008B501F07FF8FEF709F814482C
S21402671812F092F908B904F025FF124812F08CF923
S21402672808B906F0DDF902F095FF0F4812F041FAB3
S2140267380E4B1B78043B022B09D80D4816F0CDFAEF
S21402674828B1FFF78FFF102801D107F0E1FC10F0FF
S21402675886FA12F0C7FABDE808400648FFF75AB9A3
S214026768285D00205A5D002010580020D8630020BB
S214026778F86C002090D00400014B1868704700BFE0
S214026788445700204FF6F77370B5984204460D46F4
S21402679886B043D812F0B4FAA04207D1082220499C
S2140267A82846F7F7A7FB002006B070BD1D4EB6F8C0
S2140267B86830A3420AD10022082106F16A0012F0C4
S2140267C82DFA18B9082206F16A01E9E784B100230E
S2140267D8012219462046009308F05CFDFF2811D1D5
S2140267E82946204608F000FF80F00100C0B2DBE729
S2140267F80D4B1B689B07EAD4284606F0FBFD0028CB
S214026808E5D0D0E702A913F04CFC0028E8D1DDF861
S2140268180D302B60DDF811306B60C4E70120C3E74A
S2140268285D64002048570020904A0020014B1870EB
S214026838704700BF056E002010B5054C0822214699
S2140268480448E8F721FE204612F094FA10BD00BF6D
S2140268585D64002034B608C0004870475D640020B6
S214026868082208B50349F7F73FFEB0FA80F0400958
S21402687808BD00BF5D640020014B1870704700BF5A
S214026888CB630020F7B50D46044616461F46002180
S214026898284601F061FD0B4B002183F859402A4631
S2140268A83346204600970AF03FF9014630B10222E5
S2140268B8204603B0BDE8F04000F006B8012003B059
S2140268C8F0BD00BF4857002013B513460C461AB150
S2140268D8022A0CBF134601230021044A01910092A2
S2140268E82246FEF71DFC02B010BD00BFE38F030070
S2140268F800B5002093B0FEF78FFB1E4B188813F0E6
S2140269082FFD1D4B1D491A7800200AF091F93422F2
S21402691800216846F7F79CFA0B238DF800306FF4CF
S214026928803301934FF6FE73ADF8103003238DF8CB
S2140269381D30134B134A0893134B10680993134BD5
S21402694851680D93124B6A460E93124B0F93124BD5
S2140269581093124B119302AB03C300210846FEF7AD
S214026968F9FD6A4601210020FEF7F4FD13B05DF832
S21402697804FB00BF966D0020146E00208C7C040079
S214026988A16D02005D6400207F8D0300899A0200D3
S214026998496F0200B5A90200E38F0300B996020008
S2140269A8014B1878704700BF65640020014B1888B1
S2140269B8704700BFAE6D00202DE9F74F814610469E
S2140269C80E46904616F0F3F8DFF840B105469BF8F7
S2140269D8003033B94A4B1B681BB94A4B1B68002B5D
S2140269E87FD015F4406A05F040071BD19FBBB5F56A
S2140269F8804F61D24FF48074B9F1400F73D0B9F169
S214026A08800F63D0B9F1100F6BD100239BF80000FA
S214026A183D4AD9B2884264D932F8021B0133A142F0
S214026A28F7D166E008F1030016F0C1F84FF6FF73D7
S214026A38984214BF0124022487B1052705F440436F
S214026A48B3F5004F44F0080425D0B5F5804F24D29C
S214026A5844F4807421E054460327EFE7B5F5804FE7
S214026A684FF00507F4D3BAF5406F14BF022008208A
S214026A783844404416F09BF8019012F05EF9019BE8
S214026A8805F4404598420CBF44F0080444F0040458
S214026A98B5F5004F01D144F08004BAF5006F0FD166
S214026AA808EB070016F083F8054612F029F9A84203
S214026AB8A2D144F010049FE7544603270220D7E7E2
S214026AC8BAF5406F08BF44F0200495E70C4B1B68E4
S214026AD83BB10022D1B233F8110033F91110002964
S214026AE803DA002008E0074BF1E7A04202F10102B0
S214026AF8F0D106B13480012003B0BDE8F08F00BFA4
S214026B082058002024580020785D00209E6400202B
S214026B18034B1A78022A04BF09221A70704700BF6C
S214026B28666400200C22034B1A211A7003200022E6
S214026B3801F090BD666400200C2208B5054B1A21A8
S214026B481A700022104601F085FD0022024B1A60D8
S214026B5808BD00BF666400202C5800200C2270B5C1
S214026B680D4B05461E781A7030B93046BDE870409F
S214026B7800221A2101F06EBD084B1C78E1B21A29D0
S214026B88F3D825FA04F3DB0703D54422304601F08E
S214026B9861FD0134F2E700BF666400202D6E002016
S214026BA80C22024B1A7010F0E5BB00BF6664002088
S214026BB8F0B50C8805460E468BB0E4B94FF6FF775B
S214026BC8ADF8247010F0EBFB10B902200BB0F0BD44
S214026BD8CDE90340CDE90544134A0294B2F85C3085
S214026BE86032019300923B464CF60101FF2009AA47
S214026BF813F0D1FB3080284612F0C8F90B4C70B15E
S214026C08237863B1013BDBB22846237012F0BEF943
S214026C1838B12078B0FA80F04009C0B2D6E705232A
S214026C28F2E70120F9E700BF485700202C6E002043
S214026C38034B11461B6803B118470FF05BBF00BF32
S214026C482C5800200C22024B1A7008F039BF00BFDD
S214026C58666400200148FEF79BBE00BF2A5D00203E
S214026C687FB505460C46164615F01AFE00286BD167
S214026C78062D03D85223EB40DB071AD4B4F1006F73
S214026C8805D3E30E1C3B032B18D94F202EE0002217
S214026C982F4B1A602F4B1D7011F0E6FF03460A2D84
S214026CA854D8DFE805F02D183E49182518535341E5
S214026CB8360002F0A3F8B4F1006FE2D20022244BA9
S214026CC8042D1A60234B1D70E6D1022001F0B6F996
S214026CD811F0CAFF0346012202921F4A01921F4A76
S214026CE800921F4A314620460AF078FA04B070BD70
S214026CF8314620461B4A04B0BDE870400AF056BA30
S214026D0831462046184B194A04B0BDE870400AF0CE
S214026D1831BA00220292164A0192104A0092154A85
S214026D28E0E702220B4B1A7000221046124904B002
S214026D38BDE87040FEF7BAB9002202920F4A0192E5
S214026D48064A00920E4ACDE74D20CFE70120CDE74E
S214026D582C58002066640020656B0200A16D0200B4
S214026D68CF8F03004D6C0200416B0200396C0200A3
S214026D78A96B0200B96B0200196B02002D6B0200A8
S214026D88918F030008B50AF059FA0C22014B00202D
S214026D981A7008BD66640020F0B585B0ADF8060026
S214026DA818B97621644815F024FEBDF8060011F0DD
S214026DB826FD0446BDF8060011F021FD082846D037
S214026DC80C2CBDF8060042D111F009FE074615F054
S214026DD8EEFE0DF10F010646BDF806000FF028FF7D
S214026DE8002879D009220021384615F06FFA9DF856
S214026DF80F301033C518BDF8060015F043FBEDB288
S214026E08854269D22946BDF806000AF025FB06F433
S214026E184C4416F44066054614D0F81C15F0C7FE16
S214026E284FF6FF73984208BF44F04004B6F5006F69
S214026E3808D1781D15F0BBFE4FF6FF73984208BFBF
S214026E4844F010049DF80F305BB3072D44D1BDF80B
S214026E58060011F0CAFC0446BDF8060011F0CFFC85
S214026E68082817D0A30615D524F0200189B2BDF844
S214026E78060011F0A5FCBDF8060011F0B0FD0021D1
S214026E88092215F023FA00F1100189B20DF1060065
S214026E9813F0AAFB0022BDF80610284815F0F5FEE6
S214026EA81AE0082D16D8BDB1013D072D14D801A346
S214026EB853F825F0196F0200256F0200E16E0200F2
S214026EC8E56E0200E16E0200316F0200576E0200A4
S214026ED8376F02007C2D24D005B0F0BD24F4884418
S214026EE8A4B2B4F5084FF7D1BDF8060011F082FC3B
S214026EF8BDF8061013F039FA0028A8D0BDF8060027
S214026F0811F0D0FC00220146022015F019FEE3E734
S214026F1824F48064A4B2B4F5484F97E7B4F54C4F0E
S214026F2894E7B4F54C4F92D04CF6500301E04CF679
S214026F3840439C428AE700BFD46C0400285D0020C8
S214026F482DE9F7430F4690469946064615F07EFA0F
S214026F580446304615F096FAC5B2083D2C44E17848
S214026F68094BA2781970094B31461A70002043461D
S214026F783A46CDF800900DF0D9FC003818BF01202B
S214026F8803B0BDE8F08300BF806400207F64002061
S214026F982DE9F04FDFF84081DFF8409198F800209D
S214026FA899F8003006469A4285B004D340F2191181
S214026FB8424815F01EFD30460DF10F0115F01AFC79
S214026FC820B14FF48E713D4815F013FD98F8007005
S214026FD89DF80F403D1B15F0FF0530D04FF0FF3CE3
S214026FE8374B01211B78A140184699F800304FF616
S214026FF8FF790CFA03FC0023324A01F1FF3E0193A3
S214027008C1F1000A9DF80430984243D8122004FBC6
S21402701800002D4BA0F1120105EBC50252001944DF
S21402702804F101091844F6F765FF4FEA890927486B
S214027038A9F104010144AA004844F6F75BFF224975
S21402704804EBC40201EB420321F81260204A01371E
S21402705812784FF6FF71DA731A745A7412025A804B
S2140270681C4A0D2012781A7110225A7100229A733D
S214027078C3F80620C3F80A20144B43F8242088F8DD
S214027088007015F05DFD0EB912F0CEFF204605B071
S214027098BDE8F08F13884B450AD053680AEA030BFB
S2140270A803EA0E030B4403EB4B0343EA0C03536059
S2140270B8019B083201330193A4E700BFE76C040082
S2140270C8116E002060480020C45C00205C48002046
S2140270D88064002067640020D16300200F6E0020C1
S2140270E810B5074C2046FEF743FF04F06BFB02F090
S2140270F8DDFE2046BDE810404FF47A5115F092BAEC
S214027108D46B00202DE9F041074600250A4B0B4EAA
S21402711893F80080ECB2A04503D8FF242046BDE8C9
S214027128F08108223846B11DF7F7DEF90135002846
S214027138F4D01236EEE700BFD1630020C45C00200C
S21402714807B50DF1070115F055FB30B19DF807306C
S214027158034803EBC30300EB430003B05DF804FBEC
S214027168C45C00202DE9F843294E044633785D1E98
S2140271782D1A8342EDB204D84FF4A171254815F0B2
S21402718838FC0123A3404FF0FF305F1E3B4400212A
S2140271984FF6FF7E6FEA03081F4A92F800C01F4A9E
S2140271A8127890401E4ACBB29C4523D8BDB127B26E
S2140271B804EBC4041B48640005EBC50204F1120183
S2140271C8014452002044F6F795FEBF001648AA006E
S2140271D8391D014402F0FC023844F6F78BFE337878
S2140271E80022013B33704FF6FF71BDE8F8430E20CC
S2140271F815F0A6BC1388734507D0536808EA030936
S2140272083B4003EB59030343536008320131CAE794
S214027218D1630020E76C0400116E00200F6E002078
S21402722860480020C45C00205C48002010B50A4C68
S214027238207858B9094B1B781A2B03D99921084884
S21402724815F0D7FB0322074B1A7010BD0138C0B2DF
S214027258FFF788FFECE700BFD16300200F6E00201F
S214027268E76C0400CD6300202DE9F047054615F0CB
S2140272787FFDFF28044624D1DFF884901E4B99F838
S21402728800201B789A422BD22846BDE8F047FFF723
S2140272987FBE38883B79504518D86F2B4FEA1312B1
S2140272A814D85B0710D0123708F1010899F80010B5
S2140272B85FFA88F6B142ECD80023104ADEB28E4254
S2140272C814D32046BDE8F087022AECD913F01DF83D
S2140272D80028E8D129463046BDE8F04711F097BEA7
S2140272E84FF000084FF6F77A044FDFE710790133BC
S2140272F88F28EFD81232E1E70F6E0020C45C002018
S214027308D16300204FF6F773984210B514D8FFF7EA
S214027318ABFFFF2810D0134C00B200EBC00004EB02
S21402732840040DF015FD104938B962880B7802EB57
S2140273380313A3EB1213638010BD227C637C0978C7
S2140273489A42E2732374617407D98B4203D21346B6
S2140273588B4228BF0B461B02EDE78A42F8D3134638
S214027368F9E700BFC45C0020806400202DE9F041E4
S21402737806460F4600240E4DDFF8388098F800308F
S214027388A34201D8BDE8F081082229463046F7F71D
S214027398ABF840B935F8063CBB4204D02046FFF7A6
S2140273A8E1FE013CE4B20134E4B21235E6E700BF7E
S2140273B8CA5C0020D1630020F8B5054608460E468A
S2140273C8FFF7A0FEFF2830D01D4B294653F8207041
S2140273D83046FFF7CBFF2846FFF746FFFF2804464E
S2140273E825D112F0ADFFFF280AD1164C207838B105
S2140273F80FF001FB2378B0FBF3F202FB1300C0B2D6
S214027408294611F004FE044623B20F4D03EBC303CC
S21402741805EB430508223146A81DF6F76BFD2B79C6
S214027428204603F00F032B71F8BD0027D3E7074B5E
S2140274381B78002B18BF0027014B43F82070E3E7A0
S2140274485C4800200F6E0020C45C00202E6E0020D0
S21402745838B50B4B04461B780D46834204D840F2D7
S2140274685A21084815F0C5FA074804EBC40400EB8D
S21402747844002946BDE8384008220630F6F73ABDE9
S2140274880F6E0020E76C0400C45C002070B504464A
S21402749808460E4615F06CFCFF28054610D0204616
S2140274A8FFF730FEFF2807D0084B1B7823B9084B96
S2140274B853F8202043F8252021462846FFF7C8FF20
S2140274C831462046BDE87040FFF750BF2E6E0020BA
S2140274D85C4800202DE9F84300248046012726460A
S2140274E8114DDFF84C9099F80030A34210D83E436D
S2140274F80134E4B21A2C4FEA470705F11205F2D115
S2140275084FF0FF30094B1B7898403043BDE8F883AC
S2140275182B884345EBD0284611F0C2FD0328E6D84F
S2140275282B796F2BE3D8E3E7C45C00200F6E0020AC
S214027538D163002010B5084C00EBC00004EB4004F1
S21402754823795B0707D1204611F0AAFD237923F099
S21402755807031843207110BDC45C00200022084BA4
S2140275681878084BD1B2884203F1120300D8704744
S21402757813F80D1C013221F0100103F80D1CF1E777
S214027588D1630020C45C00202DE9F04702261227AA
S214027598DFF85C90DFF85C8099F8004000250CE084
S2140275A807FB05F338F803A00021504611F08DFDBD
S2140275B810B15CB1013CE4B2013599F80030EAB288
S2140275C89342EDD8A34204D14FF6FF7A5046BDE85F
S2140275D8F0870FF010FA99F80030012EA3EB040397
S2140275E890FBF3F202FB1300C4B2EDD00126D5E7F6
S2140275F8D1630020C45C0020034B00211A7803489C
S2140276089200F6F725BC00BF0F6E00205C480020EB
S21402761810B5134B0C461B7886B0834212D9114913
S21402762800EBC00001EB4001082220460631F6F7BF
S21402763861FC00220821204611F0F0FA80F00100D1
S214027648C0B206E0C01A01A9C0B212F082FE10B19A
S214027658002006B010BD01AB03CB20606160E8E7EE
S2140276680F6E0020C45C002008B5074B024653F88C
S21402767820308B4206D915204FF6FF7115F060FAB6
S214027688002008BD0120FCE75C480020024B0131BF
S21402769843F82010704700BF5C4800202DE9F347E6
S2140276A881460C4600272A4EDFF8ACA09AF800302E
S2140276B8FDB2AB4210D86946204612F063FEC0B34C
S2140276C8082269464846F6F70FFF90B34946204611
S2140276D811F0A1FFFE2537E006F10608082241460A
S2140276E84846F6F701FF90B94FF6FF739C422BD037
S2140276F83388A34228D0204615F04BFBFF2814D126
S2140277084946204602B0BDE8F047FFF755BE14B911
S21402771812360137CAE73388A342F9D10022082174
S214027728404611F07BFA0028F2D12846FFF71AFDE8
S214027738CCE74946002015F02AFBFF28054603D069
S214027748044B1B780344DDB2284602B0BDE8F08736
S214027758C45C00200F6E0020D16300200F4B1B78FC
S21402776883420CD8C01A0E4AC0B232F81030D90476
S21402777811D443F4805322F8103001207047094B85
S21402778800EBC00003EB40035A79D10603D442F05B
S21402779810025A71F1E70020704700BF0F6E0020F2
S2140277A8F85C0020C45C0020F0B5134B06461B7834
S2140277B8FBB100251148DFF84CC090F800E01048ED
S2140277C807781F44E8B2864501D80020F0BD7C1B26
S2140277D894FBF3F003FB10440CEBC4003CF8344073
S2140277E8B44204D1002AF1D184788C42EED0013515
S2140277F8E8E71846EAE700BF116E00207C4A002038
S214027808CF6300206048002070B50CF0F5FB142505
S2140278180F49104E0B78328830809B1A03449BB26D
S214027828B3FBF5F405FB14330B700B49E2B20B7885
S214027838934292BF00239B1ADBB2032A0B7088BFBF
S214027848002306499EBFD2000B68D3400B6070BD6A
S214027858696400202C5D0020CE6300207C4A00204C
S214027868084B1868084BC2B21B789A4208D2074BD4
S214027878C0F307201B78984234BF002001207047C7
S214027888012070477C4A0020116E002068640020A0
S214027898F8B505461746FFF7E3FF064610B9184B34
S2140278A81A783AB9212001224FF6FF7115F048F9E5
S2140278B80020F8BD1348DFF854C003780133B3FB41
S2140278C8F2F402FB143303700F48DCF8002000EBD6
S2140278D8C30420F8335002F10132A1703846CCF8BE
S2140278E80020FFF7F7FDE670606011F009FAA8427B
S2140278F801D10120DDE7E3780133E370F9E700BF41
S214027908116E0020CF630020604800207C4A0020C9
S21402791810B50B4C0B4A2378063B13700CF06CFB25
S2140279280022094BFF211880084B09481A60227862
S214027938D200F6F78DFA0422064B1A7010BD00BF65
S214027948116E0020686400202C5D00207C4A00200E
S21402795860480020CE6300202DE9F843074615F05C
S21402796841F805461A4815F0B8F91A4B48B31C6888
S2140279783C1B2C44A4B20022174BDFF864901B78F9
S214027988164D99F8006005EB03155FFA82F846452E
S21402799809D9AB8805F11000A34215D9B21A2946AF
S2140279A81201F6F7A7FA013689F80060AC80B8F13A
S2140279B8000F03D13946064814F034FE2846BDE8BF
S2140279C8F8833C461D60D6E705460132DDE700BF70
S2140279D8F46B0020305800206B6400205C470020BF
S2140279E86C6400202DE9F74F14F0FCFF4FF0000EF0
S2140279F8284D294F2978294C97F800A004EB011343
S214027A0803EB0A120092F3465246DFF898801FFAF2
S214027A1880FC0646B8F80000ACEB0009A0EB0C00A8
S214027A281FFA89F901900098984217D1BEF1000F03
S214027A3800D02970524503D200203A70FDF7DEFACC
S214027A483B7823B32B78164804EB0314A188C8F8AE
S214027A58006003B0BDE8F04F14F0E4BDB3F804C00C
S214027A68CC450FD84FF0010E93F802C001310CF145
S214027A78FF3C013AA3F804B083F802C0C9B2D2B2F6
S214027A881033D0E701988444A3F804C0F8E703B09B
S214027A98BDE8F08F6B6400206C6400205C47002011
S214027AA8F46B0020305800207FB56C461E4B1F4DE5
S214027AB81E78013EF6B21E7095E80F0084E80F00A5
S214027AC81B4B28461A7805F1100132441201F6F7C4
S214027AD811FA9DF8026016F00F0511D1BDF80800DC
S214027AE809F02CFE360918BF29464FF00002BDF8E9
S214027AF8000008BF039904B0BDE8704002F022BD3A
S214027B08BDF80400FFF728FF0346828804ADADF8E7
S214027B180420224603CAAA4218605960144603F192
S214027B280803F6D104B070BD6B6400205C470020E1
S214027B386C640020F8B50024084D094F094E3B78BE
S214027B483178E2B20B449A4204F1010400DBF8BD34
S214027B582846FDF71DFF1035F1E700BF5C470020F9
S214027B686C6400206B64002070B5134B06460D4605
S214027B78104612491A78124B09781B780B4493421E
S214027B8806DB1F204FF6FF7114F0DAFF002070BDE7
S214027B98FFF7E2FE013506808570044614F01DFFE5
S214027BA8E08009F0D1FD40F602432081E360002020
S214027BB8FDF724FA0120EAE70E6E00206C64002026
S214027BC86B6400202DE9F84386460023144FDFF83D
S214027BD85C803E7898F8005012497219DCB29442DA
S214027BE81CDA4FEA041C31F80C900133F14501EB1C
S214027BF80410F3D1631CD21A0CF1100C1201614462
S214027C08F6F778F9A5428BBF05F1FF3506F1FF3680
S214027C1888F800503E700CB9034B1C70BDE8F88318
S214027C286C6400205C4700206A6400206B640020B5
S214027C38044B054A1B781278D3420CBF0120002059
S214027C48704700BF6B6400206C640020024B1878F3
S214027C58003818BF012070476B640020002108B561
S214027C68084B09481970094B1970094B1970094BCA
S214027C781A781201F6F7ECF8BDE808400648FEF74F
S214027C8877B900BF6C6400205C4700206B64002054
S214027C986A6400200E6E0020F46B002010B50B4CB0
S214027CA823784BB10A4802F03BFD58B1084B012134
S214027CB8188811F017F908B9002010BD0122054BE3
S214027CC81A70FAE7FFF7F0FEEAE700BF6B640020D7
S214027CD85C4700206A64002010B50E4B1B78BBB1C7
S214027CE80D4C238883424FF0000311D10B4AE16002
S214027CF8137049B9A3781033A37011F0BDFB18B9F5
S214027D08A37823F00F03A370FFF7CEFE012010BD61
S214027D181846FCE76B6400205C4700206A64002073
S214027D2870B592B00C4606460EF062FEE17A05463B
S214027D380020FCF733FE28B394F90A0010F079FF06
S214027D4810BB134BE27A294683F85820A27A83F8A6
S214027D585A206A46FDF748F94FF6FE739E420CBF54
S214027D684FF6FF7323896A4629460020ADF8066057
S214027D78ADF80430FDF7EEFB40B92289054B5A8070
S214027D8812B070BD5520FBE75620F9E72120F7E729
S214027D98485700203458002010B5044601460822E9
S214027DA80948F6F7A7F8237B022B0AD8002B14BF3C
S214027DB83122012205490B7017234B61044B1A70B6
S214027DC810BD00230122F5E7385800203458002059
S214027DD8D7630020014610230120014AFEF742B964
S214027DE864EE0100014B5861704700BF345800200A
S214027DF8014B1878704700BF3458002010B5054C60
S214027E082378112B03D0E221034814F0F2FD412314
S214027E18237010BDD7630020F26C0400064B01469F
S214027E281B78042B04D1054A137E05331376704754
S214027E38034814F0F7BB00BFD8630020345800206C
S214027E48146C002008B50648FDF7A2FD0548FDF7A4
S214027E589FFD0EF0F9FEBDE8084000F0EBBF00BF3C
S214027E68285D00205A5D0020064B1878332806D075
S214027E7800F0EF00A0F14303584258417047012032
S214027E88704700BFD7630020002208B5074B4FF69D
S214027E98FE701A7010F040FF4FF6FF7010F059FF90
S214027EA8034B5869BDE808400EF064BED76300204D
S214027EB83458002008B5064B187838B10548FEF73E
S214027EC843F84FF47A73B0FBF3F0C0B208BD00BFB4
S214027ED8CC6300203C4A00202DE9F0438BB00746CD
S214027EE8154698460E469DF8489049B9104605AC80
S214027EF814F04FFF214612F02CFA172818BF264610
S214027F08B9F1000F0AD1124B1B781BB9284612F09A
S214027F183DFAD0B92846FEF7A1FA02E0284612F042
S214027F2835FA80F00104E4B29DF850302A460293EE
S214027F389DF84C303146CDE90093384643460394C3
S214027F4811F014F90BB0BDE8F0834C46ECE700BF1D
S214027F58D36300200022014B1A767047345800205B
S214027F6808B50020FEF788FC0023024AC2E901335E
S214027F78538008BD3458002010B5144B1B78033BB9
S214027F88012B16D8124BB3F868204FF6FF739A42A5
S214027F980FD10320FEF7E6F801F052FFFFF7E0FFE5
S214027FA8002014F049F978B1BDE81040002010F01E
S214027FB824BDFEF7C7F80446FEF7BEF8014620467B
S214027FC807F01AF80220E5E710BD00BFD8630020C4
S214027FD84857002008B5114A114B58611378032BED
S214027FE81BD0D3B1332B01D0432B10D10D4B1B78AA
S214027FF8033B012B05D803231370BDE808400EF097
S214028008B9BD0EF0B7FDBDE80840FFF7B5BF21239E
S2140280181370BDE8084001F07DBD08BDD763002097
S21402802834580020D863002008B50348FDF7A0FF9F
S214028038FFF796FF022008BD3C4A002038B5114DCE
S21402804804462B78834218BF28700FF0A0F980B137
S21402805824B920460FF09DF902220DE001200FF008
S21402806898F92B781A1F012A05D9062BF4D1032270
S21402807802E0002CF5D10122BDE83840002108466E
S21402808810F0B4BFD863002030B5044685B0684601
S2140280980D46FFF79FFE94B100212846144A01F0C8
S2140280A8F3FE144B20681B7861688DF80430124B77
S2140280B81B788DF8053002AB03C305F071F90F4B38
S2140280C893F8582093F85A308DF803208DF802302A
S2140280D810F033FEADF8000010F012FE1023ADF8D3
S2140280E8060069460020064AFDF7BCFF05B030BD0B
S2140280F800F8FF07056E0020D863002048570020C6
S21402810864EE010010B5104B04461A780F4B002097
S21402811883F8582014F090F810B1002010F06DFC87
S21402812800210846FFF7B0FF0FF023F92046FDF7B7
S21402813849FA40F617400EF01DFD0023044A138044
S214028148044A138010BD00BF6D6400204857002003
S214028158025D0020005D00201FB504466846FFF752
S21402816839FE54B100238DF80530102369460020E5
S214028178064AFDF777FF04B010BD10F0C1FDADF852
S214028188060010F0DAFDADF80000EEE764EE010036
S21402819810B5014604460020FCF700FC90B10C4BD3
S2140281A81B78023B032B0FD80A4B1C7014F078FB83
S2140281B860B9094A0949FCF779FF003818BF012057
S2140281C8800010BD5520FCE70220FAE74D20F8E7AC
S2140281D8D76300206D6400205DAA02000D810200AC
S2140281E8F8B5064614F05CFB044668B914F024F8A1
S2140281F850B1064D204695F8587085F8586010F02C
S214028208FCFB10B185F858704D20F8BD4857002081
S2140282182DE9F04180461846033B012B0E461746C9
S21402822802D918B1212438E0FFF708FF274B1D783A
S214028238022D08D0032D46D1B8F1000F03D1244BE6
S2140282481B689B073FD43320FDF78CFF01F096FA94
S214028258B6F1006F34BF1F4B052231464FF00600B9
S21402826838BF1A78FEF7FCFC044628BB1A4D28735A
S214028278012000F017FE10F060FD68802846B8F16D
S214028288000F0DD0022300F8043B10F0C2FF6C73F7
S2140282982F61394630460EF0B1FB2046BDE8F08124
S2140282A8012300F8043B10F0B4FF6C732F613946C3
S2140282B830460EF0A2FBF0E72846FDF753FFB8F16A
S2140282C8000FF4D0E5E70224E7E700BFD7630020F3
S2140282D8904A00202F6E002034580020034B18784E
S2140282E818B9034B034A1B78D05C7047D663002044
S2140282F8D863002074D1040038B5437B0446DB07F4
S21402830803D590F909000FF033F800250F4B83F8D0
S21402831859502079FFF764FFFFF7E0FF6188248849
S214028328034622462846FEF7ADFA044620B1172031
S214028338FFF750FE204638BD1723054DC8210548CD
S2140283486B6114F06FF903232B76F3E74857002086
S21402835834580020146C0020F0B51A4D06460C4618
S21402836893B0A5F8680005F16A0729BBC5F86A1034
S21402837879600EF03DFB6A4601460020FCF734FEA3
S214028388D5F86A30ADF81060CDF812307B68CDF8B3
S21402839816300EF02DFB6A4601460020FDF7DAF885
S2140283A84FF6FF73B5F86800984203D014B1064931
S2140283B80EF027FB13B0F0BD08223846F5F79AFDF3
S2140283C8D7E700BF48570020B25700202DE9F041F2
S2140283D8DFF8B8801F4698F8003005460C46164661
S2140283E81BB102252846BDE8F081531E052BF8D896
S2140283F814F056FA0028F4D13B7B032B14D14FF61F
S214028408FE739C4212D1012E09D0022EE9D110F039
S21402841877FC4FF6FB73984203D810F071FC0446BB
S21402842804E011F0C8F8FAE7012EDAD0EDB93946B9
S2140284382046FFF775FC05460028D3D198F8003089
S214028448332B03D0532B1CBF0E4B18613046FFF755
S214028458F5FD00214FF6FF70FFF77EFF0A4B1B78EB
S214028468002BBFD011F078FFBCE7397B721ECB1EFB
S214028478594259415042504105F07CFF05460028B2
S214028488D5D0AFE734580020306E0020D7630020DE
S2140284982DE9F04105460F46904610F031FC6B7BFD
S2140284A80446DB0703D595F909000EF061FF10F0C4
S2140284B827FC384B384E188010F03FFC374B188094
S2140284C8FDF73AFE364B1880FDF73CFE08220146B9
S2140284D83448F5F70FFD10F0D5FB334B18702879A2
S2140284E8FFF77EFE00216888FFF736FFFDF726FFB6
S2140284F860B14FF6F672631E9BB2934206D911F02C
S2140285085AF8B6F8683004468342F8D0204610F087
S21402851803FC288810F01DFC4146B6F86800B847E8
S214028528044628B91920FFF755FD1920BDE8F08141
S214028538B6F8681010F09DF900231C4D86F85930DD
S2140285482B7803F0FB03022B02D0204610F0FEFD28
S214028558002220461146FFF707FB0446B0B1172350
S2140285686B61134B1B78042B09D1C821114814F0F0
S21402857859F803232B7684F00100C0B2D6E74FF4ED
S21402858816710C4814F04EF80023F3E71720FFF78D
S21402859821FDF0E7325D002048570020305D0020BC
S2140285A82E5D00206E640020766400203458002079
S2140285B8D8630020146C0020F0B50C461E460B4605
S2140285C82049074689B004F1140053F8045B834235
S2140285D841F8045BF9D11B8802AD0B80D4F80E0073
S2140285E8D4F81210238803C5ADF8103023798DF815
S2140285F812208DF8133000233A468DF814304FF6C1
S214028608FE71012002ABFFF7E1FEC8B902A8FFF728
S214028618C3FB237B4BB10C4D0C4B01AA2946012008
S21402862801930EF083FE2A781AB92046FFF764FEF5
S21402863803E020460199FFF72BFF08B9044B1E708A
S21402864809B0F0BD345D0020345800203192030092
S2140286587764002001232DE9F341304E05460F4684
S21402866800202F491446737300F0EAFB0EF082FED0
S214028678DFF8AC8038B9012D01D9042D0FD1214677
S21402868838460EF03BFA1020002111F07DFE002835
S2140286983CD0002002B0BDE8F041FCF7AFBC002C8D
S2140286A8F1D1204B1B78212B03D0062B01D0532B5C
S2140286B802D101F02FFAE6E7FDF740FE0028E2D0E5
S2140286C800F0EAFB28B9307BC0F11800FFF782FCFD
S2140286D8D9E7154B41462046019300F0B1FB20B17D
S2140286E840F61901114814F084F901AA0B4998F8C2
S2140286F80C000EF01BFE32781AB90948FFF7FCFD8B
S214028708C1E701990648FFF7C3FEBCE7FFF79EFAE2
S2140287180028BED102B0BDE8F08100BF3458002060
S214028728345D0020D763002031920300F26C040007
S2140287381FB5144B04461B88DB0707D44FF6FF7099
S2140287480021FFF709FE002004B010BD0A230E4AD6
S214028758012001A9FDF786FC4FF6FF73BDF80C2031
S2140287689A42EBD00822FF2101A810F057FA0028F7
S214028778E4D10CB90120E7E7BDF80C0001A9FFF720
S214028788EBFDF7E74C5D002026E1010038B50C4604
S214028798154610F0C1FA02F053FF29462046FFF7A5
S2140287A8DBFD00F079FB48B1054BDB790E2B28BFC1
S2140287B80E230133DBB2034A137038BD0123FAE7EE
S2140287C8345D00208364002038B51D46FFF7FEFDA1
S2140287D80446C8B92B7B2846032B03D1BDE838408C
S2140287E810F036BDFFF7D8FA084B25469C8110F0E4
S2140287F849FA0121064B81401A780620FEF730FA1C
S214028808044608B1034B1D70204638BD3458002074
S2140288182F6E0020D763002030B5012087B0FFF7FF
S21402882887FF6B460446144A1068516803C384B926
S21402883804F0C4FD02A8FFF7CDFA4FF6FF752246EC
S214028848BDF80E002946FFF7A1FF0EF0DEF807B0C6
S21402885830BD6B46094AD2F86A00D2F86E10B2F8F2
S214028868685003C304F0AAFD02A8FFF7B3FA6A46E3
S214028878BDF80E00E6E700BF86F50300485700205D
S21402888837B5324B04461B781BB10224204603B088
S21402889830BD14F005F80028F7D100F00DFB14B12E
S2140288A822882B4B1A8000210DF10700FDF7D0FC19
S2140288B8002848D110F09EFC04460028E6D1254D33
S2140288C89DF80700FFF7BAFB2B78033B012B27D846
S2140288D82046FFF72DFF18B3FFF79EFF00F0FCFEB9
S2140288E8FFF74AFB012010F097F948B9184B1B8886
S2140288F89A0707D52346052201201749FFF788FC61
S2140289080446C3E7154D022329460120144AFDF7FB
S214028918A9FB2B885B07B9D5204600F0F1FEB5E720
S2140289282B78053B012BB1D8FFF776FFFFF724FB20
S2140289382B78052B0CBF04200520FDF713FC01201D
S21402894810F06AF9DCE71724A0E700BFD763002017
S2140289584C5D0020D863002000F8FF07FE5C00206C
S21402896827E101007FB50024184E194D3278E3B28C
S2140289789A4201D804B070BD4FF6FF73B5F8682066
S2140289889A421AD0134B1B88DB0714D5124AB5F83D
S214028998683010685168ADF80C3001AB03C30F4A53
S2140289A80A23002001A9FDF75DFB022300200C4ADA
S2140289B80C49FDF757FB0134D8E700220821064880
S2140289C810F02CF90028F6D1DCE700BF106E002064
S2140289D8485700204C5D0020B257002026E10100CF
S2140289E827E10100FE5C002010B500F0C7FE01F08A
S2140289F813FCD8B10E48FDF7BBFA0E480E4C017AA6
S214028A080E30FFF741FB23781BB100F0F7F900237D
S214028A1823700022094B1A73FFF7AEFA07F0B8F96B
S214028A2800F012FFBDE81040FFF79CBF10BD00BF64
S214028A38146C0020345D002077640020345800202F
S214028A4810B52548FDF794FA01F0E6FB30B1234B42
S214028A581B781BB9BDE81040FFF7C6BF01F0DCFB68
S214028A6878B11F4C237E83B1C8211B4813F0DAFD68
S214028A780021237E0846013B2376BDE81040FCF71A
S214028A882BBBFDF75BFC0028EBD1FDF757FC154B1B
S214028A981B7858B9112B03D003F0FD03412B19D1CB
S214028AA8BDE810400E4B5869FFF794BA332BF7D13E
S214028AB80D4B188810F030F90C4B188810F049F94D
S214028AC80B4B0C491888FFF747FC0B4B1878FFF737
S214028AD887FBE5E710BD00BF146C0020D3630020B7
S214028AE834580020D7630020325D0020305D002015
S214028AF82E5D00206E640020766400202DE9F04F7B
S214028B080F4685B002AD044629463846914611F00E
S214028B18CDFE4FF0000B82463846CDF804B00FF073
S214028B285EFF4678022C804606F0020609D85CB13B
S214028B38FDF704FC0446002848D1754B01241B782F
S214028B4865E0043C022C3AD9FDF7F8FB38460FF0EC
S214028B58BFFE00240546A046DFF8D8A138460FF027
S214028B683EFF50F809300DF10500019314F01FF886
S214028B789DF807B00746B8F1000F4DD1BBF1000FBC
S214028B885BD0DFF88C9199F800300BB1002E63D0D9
S214028B98002C61D05F4B1B78022B5DD1BBF1000F16
S214028BA853D1384610F0B8F858465946FFF76CFACB
S214028BB807F0EEF840F607400DF0DCFF34E010F060
S214028BC80DFBFDF7BBFB0446F8B15C464EB1524BB3
S214028BD81B78012B02D0043B012B0BD805B0BDE84D
S214028BE8F08F4B4B1B782BB14B4B1B7803F0FB03D8
S214028BF8022BF3D0BAF1000F404608BF002511F049
S214028C0848FE4FF001088246A8E7414B1B78002B26
S214028C18F0D0002EEED1E1E7BAF1000FAED0504602
S214028C28FDF71EFE0028A9D1002013F005FB002838
S214028C38D4D000200FF0E1FED0E74FF6F7739F423C
S214028C489FD91720FFF7C6F9EEE7FDF777FB48B17D
S214028C583248FDF78DF9F4E7FDF770FB10B1BBF16A
S214028C68000FF5D1FDF76AFB0028DDD02846FEF78F
S214028C7849FAFF28DFF89CA0294C03D09AF800305E
S214028C88012B04D12946B4F86800FEF795FBFEF7D7
S214028C9851FC2A463846B4F86810FFF777FD214B90
S214028CA8214A93F906301B0213809AF80030012BEA
S214028CB819D0312B14BF432311238AF800301B4BDB
S214028CC81648196813F0AEFC00F006FD0023124C95
S214028CD899F80010237641B9104813F0A3FC40F621
S214028CE81B436361A0E71123E7E7B8F1000F03D03F
S214028CF816B1FFF779FEF2E70D4B1B78042BEED17F
S214028D080521064813F08EFC09232376E7E700BF01
S214028D18D3630020D763002034580020146C002048
S214028D2848570020345D00204A5D0020346C00203D
S214028D38D86300205D64002070B508468CB00D46E6
S214028D480FF04DFE09220021064613F0BFFA04462C
S214028D5828460FF0BDFD052228460DF10F0304A98B
S214028D680DF05AFF02281BD09DF80F3029461C44E6
S214028D780023E4B204F11002365D01200093D2B259
S214028D880BF0D4FD60B1022E0AD1064B1B78012BDC
S214028D9806D1054B187818B922462946FFF7AEFEC3
S214028DA80CB070BDD76300203458002008B5084BB5
S214028DB8187050B1074B1B883BB14FF47A710648BE
S214028DC8594313F02FFC002008BD0120FCE700BF22
S214028DD8CA630020B06D00205C490020014B188051
S214028DE800207047B06D002008B5FDF7C1F80022D4
S214028DF8014B1A7008BD00BFCA63002010B50024D4
S214028E08044B05481C80054B1C70FDF7B1F820463C
S214028E1810BD00BF4E5D0020386C0020786400202C
S214028E2808B50348FDF7A4F8BDE80840FFF7E6BF13
S214028E38386C00200148FCF7ABBD00BF4E5D002031
S214028E48F7B5134B04461B780E46EBB183421DD981
S214028E580021104813F013FF002501460D4F09B9EB
S214028E68012009E0AC4209D10024162322463046E6
S214028E78009413F099FF204603B0F0BD384613F06D
S214028E8822FF01350146EAE71820F5E72720F3E72F
S214028E98786400204E5D0020014B1878704700BFAA
S214028EA87864002025289DBF024B187000202120D8
S214028EB8704700BF316E0020012307B51846064AE0
S214028EC80DF10701FDF7CEF89DF80720034B1A703F
S214028ED803B05DF804FB00BF29E10100B26D002073
S214028EE884B010B502AC84E80F00082224480DF1BD
S214028EF81601089CF5F7F8FA38BB9DF815309B075B
S214028F0805D4204B1B7803F0FD03312B23D11E49D1
S214028F186378097803F00F028A4203D0012928D120
S214028F28022A18D12278B2B91B09022B13D194F956
S214028F380230002B21DB154BB3F86820BDF80A3047
S214028F489A4208D1FEF790FF06E0002208210C4854
S214028F580FF064FE20B90020BDE8104004B0704748
S214028F680B4BBDF808205B889A42C6D0002BC4D0AB
S214028F78F1E70229EFD1012AD3E70120ECE700BF87
S214028F8838580020D7630020056E00204857002076
S214028F983458002084B02DE9F0478EB016AC84E829
S214028FA80F00DFF868C1564BBCF802009DF85D90CA
S214028FB810F001049DF96220BDF870E09DF875A0D6
S214028FC89DF976709DF878509DF97A109DF95E8025
S214028FD89DF860601B782FD09DF87D00C0F3400492
S214028FE8C0F38000002B44D0464B1B78012B02D1DD
S214028FF8002C00F08280C0B19CF800301E335BB2B1
S214029008BB42ACBF002701279845D4BF00230123E3
S214029018BB4209D18A4208DB0CD1A81BC0B2802801
S2140290288CBF0020012000E038460EB0BDE8F047AD
S21402903804B070470020F8E710F0020F18D0C3B14A
S214029048490814BF01200020520814BF0123002338
S2140290588342EAD1AB1BDBB2802B0AD9AE42E9D1F6
S214029068B84506DB49D1CA4594BF00200120DCE793
S2140290780BB90120D9E7AE4216D002AC1CAF0FCF0F
S2140290880FC497E8030044F8040B2180DDE91A01AF
S21402909816AB0090ADF804100FCB0EF040F900287E
S2140290A8E7D1AE42B9D1C0E7BDF8583073451ED0F5
S2140290B808AC0DF1700CBCE80F000FC49CE8030066
S2140290C844F8040B2180104C638873450FD108229C
S2140290D8211D0DF12E00F5F707FA024638B90821C8
S2140290E8201D0FF09BFD10B96388002BC1D1B8452F
S2140290F8BFDBC2D1CA45BCD8BFE7204695E700BF4A
S21402910878640020D763002034580020B26D00200F
S21402911884B02DE9F04F8FB06A4E18AC08AD84E8DB
S2140291280F00162200212846F4F792FE33783BB940
S2140291380024654B32781B789A4239D2002726E0FB
S2140291480021624813F09BFD00270446B846DFF864
S2140291587C91002C45D13FB1224639465B480FF038
S214029168C1FC3378013B33703378002BE0D0002102
S21402917856484FF0000913F082FD4F468046CA460D
S214029188DFF848B1B8F1000F6CD1002FD1D0162104
S214029198002218A80FF03EFC014648B1002F00F046
S2140291A88B80224649480FF055FC337801333370DA
S2140291B8454B32781B789A4207D9444800220188E0
S2140291C80FF090FC3378013B33703378012B03D1D0
S2140291D83F49404813F026FA0FB0BDE8F04F04B0F6
S2140291E870470022214616232846CDF8008013F041
S2140291F8DBFD1622294618A8F5F776F90028EBD0E3
S2140292089DF864209DF824309A4225D1BDF8602046
S214029218BDF820309A421FD108220DF12E010DF119
S2140292286E00F5F761F9B8B902AF0DF1600CBCE84B
S2140292380F000FC79CE8030047F8040B39800EABF3
S21402924813E903000090ADF8041095E80F00FFF745
S214029258A1FE0028C0D027462146484613F033FD13
S214029268044676E71623002241462846CDF800A093
S21402927813F09AFD02AF0DF1600CBCE80F000FC7A1
S2140292889CE8030047F8040B39800EAB13E9030089
S2140292980090ADF8041095E80F00FFF77BFE07462E
S2140292A820B1B9F1000F04BF4446814641465846EC
S2140292B813F009FD804665E73A46044813F0E5FCD4
S2140292C873E700BF78640020316E00204E5D0020F0
S2140292D820BF0200386C00202DE9F04F002104461A
S2140292E89FB00DF14008162240460E91CDE90C11AA
S2140292F8CDF83B10F4F7ACFD052220460DF11F030E
S21402930816A90DF089FC0228074600F0F2802046CE
S2140293180FF065FB064613F04AFC8146F01C13F074
S21402932846FCADF84000701D13F041FC012FADF865
S2140293384200204640F0E0800FF051FB05462046EA
S21402934813F084F80D3502232D1A0093214643465E
S2140293580820EAB20BF0EAFA002800F0CA80204693
S2140293680FF042FB012F83469DF84D3040F0DC801B
S21402937800252F4643F001038DF84D3016AE33888C
S214029388022B4DD1F1782046023108F065F81B28E9
S21402939846D1F1782046033108F05EF819283FD105
S2140293A8F1782046043108F057F84A2838D14FF0A9
S2140293B8050AF17820460131514408F04DF8F17853
S2140293C805905144204608F047F8059B00EB032019
S2140293D883B200F03F02932B059240F0958000235B
S2140293E8F778214602375744FFB23A4600930CA84C
S2140293F80F2313F0D9FC07F10F01204611F02FF9BD
S21402940807F111010546204611F029F9ADF8420088
S214029418059B023353445FFA83FA33795345C8D817
S21402942806360DF17603B342A9D19DF84D20C5F351
S214029438C03363F3410220468DF84D200FF066FADA
S2140294488DF8440020460FF056FA8DF8450020465F
S2140294580FF056FA9DF83230BBF1190FC3F3C30268
S2140294688DF84720DDF833208DF84600CDF84E20DB
S214029478DDF83720CDF8522094BF00229DF83E2012
S2140294888DF8482003F003028DF84A209DF84D20F7
S214029498DB0963F38202694B8DF84D201B78022B99
S2140294A856D1BDF840600FF048FC864250D108A855
S2140294B80FF0AFFEBBF1190F47D908220DF14E0186
S2140294C808A8F5F711F800283CD1B9F5004F02D0E4
S2140294D8B9F5624F0DD140F6FF7325F440459D421B
S2140294E807D1002208210DF14E000FF097FB002845
S2140294F83ED01FB0BDE8F08F0FF071FA0546204641
S21402950812F0A4FF07351EE7412B81D1F1782046D9
S2140295180231514407F0A0FF494B1B78C3F1B3034D
S21402952818448DF8490073E76FF30003F01D8DF8B1
S2140295384D3013F03CFB0CA9054620460FF0BBFE47
S2140295480B2772E700F058FDBFE700F055FDD0E79D
S214029558B9F5004F02D0B9F5624FCAD140F6FF738B
S21402956825F440459D42C4D1BBF1190FC1D9B8E7CD
S214029578BBF11A0F06D007F11F0142462046C9B2B0
S2140295880DF0D3FE2F4C304D637BDBB12B78012BCD
S2140295981DD1012323730CAB029314AC94E8030089
S2140295A80090ADF8041098E80F00FFF799FC90B108
S2140295B894E803000090ADF8041098E80F00FFF74F
S2140295C8A7FD08E0FCF7BAFE0028DFD0E1E703F0C3
S2140295D8FD03042BDDD02B78012B01D0042B88D178
S2140295E81A4BDDF84E001B78DDF852108DF8223043
S2140295F8BDF84030ADF820309DF84D30C3F3400337
S2140296088DF823309DF8313003F00F038DF82C3097
S2140296189DF848308DF82D3009AB03C30C4B1B68F8
S2140296281BB1414608A8984763E79DF946209DF86E
S214029638451008A80DF060FA5BE700BFD763002064
S2140296487F64002034580020666400207E64002070
S2140296582858002010B513F0C5F9114B1B78022BB9
S2140296681CD1104A1468A04218D00F4910600A6824
S214029678121B10440D4A086012786AB1013A9340E8
S2140296883C2253434FF47A725343984206D9BDE8B4
S21402969810400320FCF766BD0A23F3E710BD00BF9F
S2140296A8D7630020884A0020844A0020016E0020E2
S2140296B8064B1B88DB0708D50022054B43F82020FB
S2140296C8044A135C63F00F0313547047505D00207E
S2140296D8D84800209C63002008B513F083F90022BE
S2140296E8024B1860024B1A6008BD00BF884A002069
S2140296F8844A0020014B1868704700BF844A00203D
S21402970808B50C48FCF734FCFCF772FD80B10A4B2E
S2140297180322B3F8681001200DF027FE4FF47A7181
S214029728064B04481B885943BDE8084012F07ABF26
S21402973808BD00BF586C002048570020946D0020D2
S214029748014B188000207047B66D0020044A054B6E
S2140297581870138823F003031843108000207047FC
S214029768505D0020026E0020034B1888C0F30E00DE
S214029778003818BF01207047FE5C002008B5FFF7C6
S214029788F3FF30B1002004490223044A0880FCF79C
S21402979869FC002008BD00BFFE5C002027E101002E
S2140297A8024B1888C0F30E00704700BFFE5C00200C
S2140297B80023084A01201370074A08491370084B09
S2140297C8084A1B7843F0040313800223064AFCF770
S2140297D849BC00BF7B6400207A640020FE5C00203F
S2140297E8026E0020505D002027E1010030B50121FD
S2140297F800240B2385B0104D019400918DF80C308F
S2140298088DF80D000323B5F8680003AA8DF80E40FC
S21402981810F0DEFF68B1B5F868100FF009FE40B127
S2140298280522064B64211A70054B06481C7012F076
S214029838F9FE05B030BD00BF485700207A64002004
S2140298487B640020786C0020064B1B78033B012BB8
S21402985806D8054B1B781BB9044B1878FFF7C6BF0A
S214029868704700BFD863002079640020016E00208C
S21402987810B51548FCF77CFB144B1978F9B9144A4D
S21402988813787BB1013B1370124B1B78042B02D161
S2140298980846FBF721FCBDE810404FF496710A48CB
S2140298A812F0C0BE0C4A128802F00302022A0AD13B
S2140298B8BDE81040032201200849FEF7A9BCBDE80E
S2140298C81040FFF7C1BF10BD786C00207B640020F3
S2140298D87A640020D8630020FE5C002000F8FF07A8
S2140298E8084B1A785AB10223013A93404EF6602280
S2140298F8534303210448B3FBF1F112F093BE42F23C
S2140299081073F6E7016E0020786C002070B50546E5
S2140299181748FCF72DFB0122164B28461A7010F042
S2140299287BFF411C044689B2284607F095FDA11C18
S214029938064689B2284607F08FFD0F4C0223208080
S214029948214600200D4AFCF78DFB86B9238803F0D2
S2140299580303022B03D1FFF7BFFEFFF7C1FF2388DD
S2140299685B0704D5BDE870400548FFF7C9BE70BD61
S214029978786C00207B640020FE5C002027E1010052
S214029988586C00202DE9F0431F4C0546238889B001
S214029998002B33D01D4E00214FF4807010F0D4FCFB
S2140299A83378DB0728D50121208812F087FD074681
S2140299B820880FF014F8023013F0F9F805A980464B
S2140299C8208811F010F83378384613F0020F104B3F
S2140299D818BF0025B3F8009012F054FD0646384624
S2140299E812F034FDF6B20290424606212846CDE928
S2140299F8009605AB0DF03CF800232380054809B015
S214029A08BDE8F043FCF7B4BA565D00207C6400203B
S214029A18545D0020986C002010B5044640F621409C
S214029A28FFF7B0FF01214FF4807010F08DFC78B17B
S214029A380022084B1C80084B1A7007F085FEBDE80A
S214029A481040064B1880064B0648198812F0EABDE5
S214029A5810BD00BF565D00207C640020545D0020C7
S214029A68966D0020986C0020044A137818B943F0C3
S214029A7801031370704743F00303FAE77C6400207F
S214029A88044B1B781BB9044A1380FEF707B900205B
S214029A98704700BF6A640020525D0020042230B579
S214029AA801F0400387B0002B054614BF01240024AA
S214029AB88DF80C208DF80D1004D004A910F062FC65
S214029AC810B304ABCDE9004301210223284603AABA
S214029AD810F07EFE0446C8B10D4BB3F868100EF0BF
S214029AE8C8FE4FF6F7739D4209D932220221204654
S214029AF8FEF73AF880F00100C0B207B030BD29463A
S214029B0820460FF095FCF5E70120F6E71920F4E762
S214029B184857002010B5FFF731FE04F031FA0FF06F
S214029B2813FB002010F026FC12F0BAFE08B1FDF76F
S214029B3829F9204C2378532B12D1032323700023B0
S214029B48FF2219460120FEF763FB002012F074FB81
S214029B5810B100200EF051FFBDE810400DF009BC10
S214029B68062B01D0212BF0D10120FEF7F5FA4FF68D
S214029B78FE700FF0D1F84FF6FF700FF0EAF80020EB
S214029B88FEF752FA0020FEF759FAFEF7E9F900F056
S214029B9829FB0DF0F1FB2378212B02D1FEF774F98D
S214029BA8D3E70020FCF7DEFA00214FF4004010F05D
S214029BB8BBF9CAE7D763002010B50A4C0A48FCF777
S214029BC8D7F92378062B02D10120FEF7C5FA2378A7
S214029BD8062B01D0532B03D1BDE81040FFF79ABFDE
S214029BE810BD00BFD7630020B86C00202DE9F047EF
S214029BF8DFF8C08004460E461746FFF7BFFD98F802
S214029C08005015B90220BDE8F087212DFAD0284861
S214029C1813F063F80028F5D114F0200439463046CC
S214029C28DFF894A0DFF8949005F00F051BD00CF02F
S214029C38E7FE012D8AF80070A9F8006029D12123D1
S214029C4888F80030FFF766FF0020DCE7212388F853
S214029C580030FFF75FFF00214FF6FE70FEF77CFB31
S214029C68FEF780FEF0E70CF0CAFE012D8AF80070B7
S214029C78A9F80060EAD0062321464FF6FD7088F858
S214029C880030FFF70BFF40F22621094812F0CAFC03
S214029C98E1E7532321464FF6FD7088F80030FFF7B8
S214029CA8FDFE40F22621024812F0BCFCCCE700BFBB
S214029CB8B86C0020D76300207D640020B86D0020B1
S214029CC8F8B50D460646511C284607F0C5FB04465D
S214029CD828460EF084FE0546023012F068FF154B41
S214029CE807461B78022B02D0043B012B21D8124BC5
S214029CF81B68580201D5A1061BD5620619D50F4B5B
S214029D08B3F86830B34214D16B781B070DD52846D2
S214029D1810F0BFFDFCF7A4FD58B1314604F0200050
S214029D280122BDE8F840FFF761BF0EF0E9FFB8422E
S214029D38F3D0F8BDD7630020904A00204857002089
S214029D4873B504460D4613F024F8FF28034625D0BB
S214029D58134A12784AB1134A32F81020520404D52C
S214029D6810F0F9FA002002B070BD184610F004FB95
S214029D786946064610F006FB40B1FCF7E7F928B13B
S214029D88002302226946304605F0DCF8204645F0F4
S214029D98400102B0BDE87040FFF780BE0120E2E74E
S214029DA8D3630020F85C002038B505460EF017FE8F
S214029DB80446284610F030FD411C89B2284607F0B2
S214029DC84BFB42060DD563781B070FD5204610F0CD
S214029DD860FD0146002012F0DAFFBDE8384010F0B8
S214029DE8BABA0348BDE83840FFF7E6BE38BD00BF3A
S214029DF8B86C002038B54FF6FF75A842044617D04F
S214029E080EF09BFFA04213D04FF6FD72094B19883D
S214029E1891420DD9084A1288AA4201D0A24207D115
S214029E281C804FF47A71BDE83840044812F0FABB39
S214029E3838BD00BF9E6D0020BA6D00201C4A002067
S214029E4808B50448FCF794F84FF6FF72024B1A80DE
S214029E5808BD00BF1C4A00209E6D002037B5054687
S214029E680C46082369460120064AFCF7FBF815B19A
S214029E789DF806302B700CB1009B2360BDF80400D9
S214029E8803B030BD25E1010007B508238DF80600AA
S214029E98ADF80410009269460020034AFCF7E2F87F
S214029EA803B05DF804FB00BF25E10100024A1378FF
S214029EB80BB1013B13707047C863002008B50EF05B
S214029EC848FF00214FF6FF72054B08461A80FEF738
S214029ED8DBF8BDE8084040F616400CF04BBE00BF63
S214029EE89E6D002008B5FCF743F80A4B1B78023B28
S214029EF8032B08D84FF6FE73074A108898424FF687
S214029F08FF7301D1138008BD9842FCD0BDE8084013
S214029F18FFF7D4BFD76300209E6D002010B5084B0C
S214029F281B78042B0AD00EF0EBFE002104460846E6
S214029F38FFF794FF231A5842584110BD0020FCE749
S214029F48D8630020F0B5002689B00546CDE9056637
S214029F58ADF81C6010F060FC0A2302460446294647
S214029F68009605A812F020FF9DF815309DF814708B
S214029F781F2B27D803A80FF04CF908220DF116015B
S214029F8803A8F4F7B1FA0646E0B9092F1CD1FFF781
S214029F98C5FFB8B1144B1B78A3B1144B1A884FF6F9
S214029FA8FD739A420ED9124C124A23780433DBB256
S214029FB823701278013AB3EB820F03DD58B20AF027
S214029FC893FE267009B0F0BD0A34E4B2214628464C
S214029FD807F042FA0FF0B0F9611C284610F03FFB72
S214029FE8FFF708FFEEE700BF156E00209E6D002003
S214029FF8C8630020006E002038B5134B1B78033B5D
S21402A008012B20D9114B4FF6FF711B78ABB1104DBF
S21402A0182B888B4217D10EF090FE4EF6602104462E
S21402A0280C4812F0FFFA4FF6FE7322462B800021E8
S21402A038BDE8384009200FF08DB9074A13888B42CD
S21402A0481CBF0133138038BDD8630020156E00206C
S21402A0589E6D00201C4A0020FA5C002008B50448C1
S21402A068FBF786FFBDE8084000210846FBF734B830
S21402A078D86C002010B5044661B1FF210EF050FCE2
S21402A088002120460EF052FC0EF093FB01462046B5
S21402A0980EF052FC2146BDE810400022014812F09C
S21402A0A8F4BD00BF5A5D00202DE9F0410D46174663
S21402A0B804460EF094FC06782846FCF74DF9294625
S21402A0C8804620460EF0D5FB0EF01AFEA84206D1B0
S21402A0D820460121FFF7CEFF0120BDE8F081284681
S21402A0E8B8F1000F0AD0FCF7B9F950B9144B3A4642
S21402A0F82046BDE8F0411978FDF736BD10F046F95E
S21402A108F3E706F00306012E08D00EF0F9FD002349
S21402A1182246294602F042FA0028D9D120460EF0F5
S21402A12864FB430505D52046BDE8F04100210EF044
S21402A138D9BE204610F015F9B0FA80F04009CCE7EF
S21402A148FF6D002010B586B0044610F065FB104B74
S21402A1580246186819790290D3F805005B7A01322C
S21402A1688DF8143000238DF80C10049021460093C5
S21402A17892B2052304A812F017FE052204A902A823
S21402A188F4F7B2F9B0FA80F0400906B010BD00BF85
S21402A198ECD0040008B511480EF0DEFC104B1B7814
S21402A1A8012B06D8FF2010F0AFF8FDF7B1FB10F030
S21402A1B8CAF8FDF73BF801F091FCFFF7F9FA10F040
S21402A1C8A3FC07F0F1FDFDF749FD07F03DFB0CF097
S21402A1D819FCBDE8084002F0D3BC00BF10580020A6
S21402A1E89563002008B5F0F7D3FDFF2803D0094B86
S21402A1F81B78012B06D9002010F086F8FDF788FB9D
S21402A20810F0A1F8FDF712F801F068FCBDE8084066
S21402A21802F0B6BC95630020064B1878112806D0C3
S21402A22800F0FD00A0F14103584258417047012052
S21402A238704700BFD76300202DE9F8430446FDF7B0
S21402A2480FFB18B100263046BDE8F8834FF6FF78B4
S21402A258184BB3F868104145F4D020460EF009FBB7
S21402A268154B022120461A88FDF77EFC0646002872
S21402A278E8D020460EF0B3FB90F807900546043067
S21402A28812F095FC07460EF03BFD49460246384654
S21402A298FDF7FEFAA81C12F08AFC404502D12046B9
S21402A2A8FFF7BAFB2B789B07CDD101212046FFF793
S21402A2B8E1FEC8E748570020585D0020F8B5074673
S21402A2C80EF08DFB0546043012F071FC0646A81CFB
S21402A2D812F06DFC0446304612F05BFD3046FCF781
S21402A2E83BF82B789B0701D10EF00AFDAB790BB928
S21402A2F80320F8BD0EF004FDA0420CD10EF000FDBE
S21402A3080446094B214638461A78FFF7CDFE002840
S21402A318EED00020EDE7054B1B78052B1CBF044B3F
S21402A328B3F86840EDE700BF585D0020D863002008
S21402A338485700202DE9F041064610460D4610F013
S21402A3486BFAA0F11004E7B256FA84F42146EA1B27
S21402A35804F10E00F3F7CEFD2823DFF84480F35508
S21402A36898F80030637301F0CDFB611C02460120A9
S21402A3780DF017F808220949601DF3F7BBFD98F897
S21402A38800000FF02DFE05F10E0130463B46002276
S21402A398C9B201F069FC1220BDE8F0815D640020B4
S21402A3A8D26300202DE9F04F87B004460EF017FB63
S21402A3B8064620460EF076FA0746301D12F0F7FBE0
S21402A3C88146B01C12F0F3FB384696F807A012F046
S21402A3D8E9FC33789A075FD12146042001F04CFD48
S21402A3E8002859D0204610F017FA0146204607F0F2
S21402A3F833F8830750D1204610F00EFA014620465D
S21402A40807F02AF810F00303039345D12046FFF716
S21402A41899FE002840D0204610F0D4FA451C204663
S21402A42812F030F8EDB205F10A0B83455DDA304AD0
S21402A43804AB1068516803C3691C204607F00CF881
S21402A44829468046204607F007F800EB08205946BA
S21402A4581FFA80F8204606F0FFFF8346039B214634
S21402A468AA1C009304A8082312F09EFC20460EF0AD
S21402A47819FA5A4641460CF086FF0122404604A9BC
S21402A4880FF0E4F888BB022007F032FC013003D153
S21402A498404604A9F0F744FD0EF032FC48453A4619
S21402A4A8514607D10EF034FEF8B907B0BDE8F04FB2
S21402A4B80FF080B848460EF02BFEB0B90D4B1B784D
S21402A4C81BB9394648460EF08BFF3A46514648466F
S21402A4D8FDF7DEF948B1317811F0030105D12046BF
S21402A4E807B0BDE8F04FFFF7C5BD07B0BDE8F08F6F
S21402A4F886F50300CE63002038B5114D2B78023B53
S21402A508012B18D80CF041FF0446B0B9FFF7A2F8A1
S21402A5182B78032B07D12346FF2221460120FDF77D
S21402A52877FE012038BD21462046FAF7D5FD0038C9
S21402A53818BF0120F6E71720F4E70220F2E700BF6B
S21402A548D76300202DE9F74305460E4614460EF05B
S21402A55856F90C2828464AD10EF041FA092200215B
S21402A56811F0B4FE00F11001C9B2284606F074FFD5
S21402A578042813D07C282BD0012840F0AC8046B99A
S21402A5881321284610F06BF803B0BDE8F0430EF02E
S21402A598E0BB03B0BDE8F043FDF7DCBC5B4B1B78C1
S21402A5A8022B40F0988046B9FFF7FAF8C3070AD597
S21402A5B8FFF792F8002C08BF3F26304603B0BDE8E6
S21402A5C8F0430CF03BBAFFF7CFF80028F0D0F1E7DB
S21402A5D8284611F057FF0446284611F037FF024670
S21402A5E83046E1B203B0BDE8F0430CF025BA0EF0EF
S21402A5F8F6F98046043012F0DAFA074608F1020045
S21402A60812F0D5FA4FF6F773984204460CD8404A29
S21402A618138801339BB213800BB93E4A13801EB1CE
S21402A6283C4A13880133138098F8009009F003090E
S21402A638B9F1010F1DD1284610F0EEF8014628465A
S21402A64806F00AFF0B2809D00D2807D0042842D1A5
S21402A658284603B0BDE8F043FFF7A6BB2E4B1B788F
S21402A668042B38D10021084603B0BDE8F043FAF7B8
S21402A67833BDB9F1000F2ED13146284603F05EFDF0
S21402A6884EB34FF6F7739C4225D898F801602046D9
S21402A69816F0040622D10FF047FE054620467DB185
S21402A6A80FF074FE034600BB0C2200902146384683
S21402A6B80FF064F80C22002339462046009308E07F
S21402A6C80FF064FE0346C8B9144A00901278214671
S21402A6D838460FF053F803B0BDE8F0830FF056FE85
S21402A6E8034678B90B220090F1E706223346214644
S21402A6F8384600960FF042F80622DCE72B4600950D
S21402A7080622E4E74B46CDF80090F9E7D763002027
S21402A718025D0020005D0020D8630020336E002012
S21402A7282DE9F04F05888BB0044628460EF057F9F7
S21402A7380746043012F03BFA8146B81C12F037FA84
S21402A74805A98046284610F0B1F8284610F064F8A5
S21402A75801460646284606F07FFE3B78824603F008
S21402A7680303012B0CBF83464FF0FF0B12F035F99B
S21402A778E388019002930EF0C3FAFB7900904846EC
S21402A788039300F081FF002876D1404600F07CFF54
S21402A798002840F08880FDF72BFB8046FBF7CEFDAD
S21402A7A810B9FFF739FD30B1A8F104085FFA88F846
S21402A7B8B8F1020F1BD90BF0FD03042B00F0B3808F
S21402A7C8FFF72AFD20B10AF0030ABAF1010F0ED0EC
S21402A7D8FBF70EFD28B9714B1B7803F00F03062B07
S21402A7E868D16F4B2846B3F868100EF042F8BBF1F2
S21402A7F8010F63D128460EF026F84FF6FF739842EB
S21402A80840F0918000233146284607AA0FF094FDAF
S21402A8180746002842D042799DF82530934209D946
S21402A828711D284689B206F02BFEA37823F00F0383
S21402A8380233A3700CF0DFF87E23B0FBF3F202FBC0
S21402A848130303F58073A3809DF8263013F0180FC0
S21402A8580AD0A3781B0707D1009B4B4504D048466D
S21402A8687A7905A90CF0FCF89DF82700003818BF7D
S21402A87801200BB0BDE8F08F28460EF0B0F8023083
S21402A88812F095F94FF6F773984207D9039B2BB93E
S21402A8982846FFF757FC00287FF477AFA37823F003
S21402A8A80F03A37008E0404612F07CFA00287FF4F3
S21402A8B872AFF3E72823A3800020DAE7BBF1020F82
S21402A8C854D10123314607AA28460FF035FD8046A3
S21402A8D80EF016FABDF8223098421FD1B8F1000FD2
S21402A8E8DCD00122B8F80230314628460FF022FDA5
S21402A8F82C4A13780133DBB2FB711370B8F80230B6
S21402A908BDF81E209A421FBFA37823F00F03023316
S21402A918A3704FF4C873A3800120AAE7184612F062
S21402A92841FA0028DAD128460DF08DFF12F0DAF93E
S21402A938012808BF1C4BA27809BF1B78FA2303EB31
S21402A948830303EB830302BF9B00FA339BB212090D
S21402A958A4D1DDE90121521A92B293429ED30CF099
S21402A9684AF800F01F001030A080D5E7BBF1030FAD
S21402A978D9D1009B4B45D6D1711C284689B206F020
S21402A9886BFD0C28CFD1FCF7FFFD4FF6FF739842FC
S21402A9980146C8D028460DF06CFFC4E7D7630020EE
S21402A9A848570020D56300200E6E00202DE9F0419E
S21402A9B805460C460DF023FF082802D10120BDE803
S21402A9C8F081201D12F0F3F80646284694F8078010
S21402A9D80DF068FF074628460DF007FF010612D558
S21402A9E8184B1B78042B0ED1174B1B78022B0AD157
S21402A9F8164BB3F868204FF6FF739A4203D000212D
S21402AA080846FAF769FB124B1B78002BD6D1A01C16
S21402AA1812F0CDF84FF6F773984202D86378DA0741
S21402AA280DD523789B070AD13A46414630460EF0A2
S21402AA386FFB80F00100C0B200F00100BFE7012002
S21402AA48FAE700BFD8630020D763002048570020E3
S21402AA58826400202DE9F04F9DB004460DF0CFFE2B
S21402AA68054620460DF0CBFE082869D14FF4004370
S21402AA782046ADF85030ADF85C4011F003FDBDF845
S21402AA885C20A0F11005EDB21046102300210095B7
S21402AA980FF0D2FD294617A80FF0A6FD204611F0A2
S21402AAA8D5FC0AF037F9002321461A460C200093F3
S21402AAB809F03CFF98B3204611F0C8FC14A90246D8
S21402AAC81020FBF779FF0501204611F0BFFC14A9F8
S21402AAD802464020EDB2FBF76FFF10B120460BF09E
S21402AAE893FF204611F0B2FC14A902468020FBF719
S21402AAF863FFB8B99DB1102517A805F067FF204671
S21402AB08BDF8507011F0BEFC0646204611F09EFCB9
S21402AB1829460090F3B2384617AA0CF00BF81DB077
S21402AB28BDE8F08FBDF8503017A8ADF85E40ADF816
S21402AB385C300CF022FC0028DCD145F08005DBE70F
S21402AB4820460DF09CFEB0F5006F40F005812046C9
S21402AB580DF0A8FE0646042D40F0018120460DF0B1
S21402AB6844FE80F40060C0F3C02000223146400054
S21402AB7811F0E6FF944B1A78022A0DD0FFF74CFB29
S21402AB8850B902F0FD03312B06D0043A012A03D944
S21402AB988E4B1B78002BC2D02146022001F06CF99E
S21402ABA805900028BBD02046ADF846400DF017FFAA
S21402ABB80446BDF846000DF075FE0646201D11F047
S21402ABC8F6FFA31C83461846039311F0F0FF12A95A
S21402ABD80746BDF846000FF069FE63780690BDF892
S21402ABE8460094F8008008930FF016FE6378054630
S21402ABF808F0030830460C93FBF7AEFBB8F1010FDA
S21402AC080CBF032302230E93714B08BF4FF00B09A8
S21402AC181E80237818BF4FF00A0903F03C03082B5E
S21402AC280D907FF47CAFBDF8460011F02BFCA842CD
S21402AC387FF675AFB8F1010F03D023789B077FF430
S21402AC486EAF644BB3F86830B3420DD1624A634BB9
S21402AC58B2F9001093F90030002900F0A58001EB44
S21402AC680313A3EB211313804FF0010AA5F1100377
S21402AC78DBB20A938DF8453010224846BDF84610D6
S21402AC88CDF800A00DF1450309F050FE00283FF468
S21402AC9846AF089B13F00203099300F00981504B54
S21402ACA81B78002B3FF43BAFBDF8469048460FF0A2
S21402ACB8B3FD002307904846CDE917331993ADF83C
S21402ACC868300DF0EFFD079B039003F10E0148462E
S21402ACD889B20FF074FD002870D000234946079AFF
S21402ACE8009317A80E2312F05FF850460DF15D0187
S21402ACF80CF065FB9DF869300B9004939DF85C3068
S21402AD08282B5BD10DF16100FBF7AAFD0F900028F6
S21402AD1854D104980FF064F90F9B002866D1314B82
S21402AD28049A1B78D31A1C0648D404F059F95045DD
S21402AD383CD111F057FE2C4E0546346824B104F077
S21402AD4855F92C1B844239D30023FF22194618468C
S21402AD58FDF75EFA356031E04FF6FD76FBE64FF614
S21402AD68FF70301A18BF012000223146400011F049
S21402AD78E7FE0C2D0DD12146012001F07DF80028B2
S21402AD883FF4CDAE214600201DB0BDE8F04FFDF7DA
S21402AD98D3BF2DB920461DB0BDE8F04FFEF79CBACA
S21402ADA8042D7FF4BCAEE5E61B025CE704F018F956
S21402ADB8022803D104F0F6F80028BAD00022192097
S21402ADC8039911F0BDFEAAE6D7630020826400202C
S21402ADD8765D0020485700204A5D00207F640020E8
S21402ADE8D3630020D263002058580020102148461A
S21402ADF8079ACDF800A00EF043FF0028DED0BB4B22
S21402AE08049A1B78934240F0AA8003990DF16102D6
S21402AE1814A811F0D7FC012114A8FBF7F5FA82460C
S21402AE2848F2030114A8FBF763FBBAF1000F03D03C
S21402AE38082114A80CF066FA48460FF00BFD039991
S21402AE480DF16100FCF72AFCFE288246B6D0FF28E0
S21402AE580AD1039811F08CFFFF28824600F08780FB
S21402AE680DF16101FCF7F4FAA04B049A1B789342A1
S21402AE7800F0A38050460B99FCF7F6FB00283FF437
S21402AE884EAE50460B99FCF701FC237898070FD173
S21402AE9848460FF0C1FC0146484606F0DDFA00F0C7
S21402AEA80300012804D103980DF16101F0F738F880
S21402AEB8BDF846000DF099FC010440F18580204655
S21402AEC811F075FE40F4007189B2204611F071FE49
S21402AED800224FF40041BDF846000DF077FCDDF87D
S21402AEE81490012310220093BDF846100E980DF117
S21402AEF8450309F01BFD00283FF411AE032866D16E
S21402AF08204611F054FE40F4007189B2204611F032
S21402AF1850FE304611F046FF002840F0B680DDF8B5
S21402AF281490B8F1010F40F0B6800320BDF8461021
S21402AF3800F0A2FF002840F0AE802946BDF8460081
S21402AF4806F08AFA0F2801467FF6E9AD4FF6F77340
S21402AF589F423FF6E4AD30460EF0AFFADFE55046C4
S21402AF68049903F085FA00287FF44FAF26E7237882
S21402AF7803F00303012B08D148460FF04DFC0146A7
S21402AF88484606F069FA082892D0594B1A78594B5F
S21402AF981B789A4209D20DF161010398FCF70CFA64
S21402AFA8039811F0E5FE82465EE7A01C11F0FFFD4D
S21402AFB84FF6F7739842EED900E75046FCF7CEFBF9
S21402AFC800283FF457AF5CE74FF0000989E73046A0
S21402AFD811F0E8FE0028A4D0099B002B57D1B9F13E
S21402AFE8000F52D1B8F1010FBDF846009DD0294690
S21402AFF806F032FA8246DFF8089199F80030002BFC
S21402B00854D00DF07DFE87427FF489ADB8F1010F6A
S21402B0187ED1BAF1070F75D8BAF1050F7FF67FAD64
S21402B028354B1B78022B02D0043B012B03D899F828
S21402B0380030002B41D00C9B9A0640F1B4800D9B41
S21402B048002B40F0AC80304611F0A3FEFF2840F0FB
S21402B058A6805E457FF463AD069B002B00F09D80BC
S21402B06812AB46F204020124ADF85C200193214695
S21402B07802233046009417AA0FF0AAFB00283FF4D2
S21402B0884EAD21460DF02EFF49E5DDF81490304608
S21402B0980FF064F945E72946BDF8460006F0DCF9E4
S21402B0A8099B824613B9B9F1000FA4D0124B1B783C
S21402B0B8022B02D0043B012BBDD8304600F0E4FA3E
S21402B0C8814600287FF42BAD0DF01AFE864225D164
S21402B0D80A4BB3F868400DF013FE4B4601460D22A4
S21402B0E82046CDF800900EF049FB18E5D263002002
S21402B0F8D16300200F6E0020D76300204857002037
S21402B108D3630020AAF10E03DBB2012B88D906E529
S21402B1180AF00303012B7FF402AD81E7304611F0F3
S21402B12841FE58B90DF009FE4FF6FF73984205D056
S21402B13811F0B6FB10B93046FCF7E4F8304611F0C9
S21402B14831FE88B10DF0F9FD4FF6FF7398420BD029
S21402B15811F0A6FB40B9B8F1010F02D1BAF1060FF9
S21402B16802D030460FF0F9F8069BA3B91946012219
S21402B17858460EF06BFA814600287FF4D0AC20467B
S21402B1880FF087FB4A46014638460EF05FFA00285B
S21402B1983FF451AFC3E412A9E9E7069B61E7637877
S21402B1A823F0200363704FF6FC739F423FF4B7AC5C
S21402B1B84FF6FD739F4204D1B34B1B78042B3FF422
S21402B1C8AEACA3790BB1013BA37163785B0727D5B5
S21402B1D80023584617AA14A917930FF09FF8179832
S21402B1E8F0B10FF094F88146384611F0D2FD179A5E
S21402B1F80146137903F03000102806D003F00C003D
S21402B20808281CBF23F00C031371137903F03303C9
S21402B218202B05D1FF2903D0012248460FF086F8D5
S21402B228304611F0B6FDFF281EBF0022974B43F8A2
S21402B2382020089B03F001094FF6F7739F4200F29D
S21402B248F980B9F1000F40F00181314658460EF0F8
S21402B258C7F80DF055FD874200F0C680384611F053
S21402B268A1FD002841D0B8F1010F27D1BAF1010F8C
S21402B27817D14A462946BDF846000FF05AF838460E
S21402B28811F090FD824B1B78002B72D1584611F0B4
S21402B29889FD002866D1384611F084FD002861D160
S21402B2A83DE4384611F07EFD50B3BAF1030F27D1BC
S21402B2B82946BDF846000EF099FA30E4384611F0F1
S21402B2C871FD38460FF062F8002847D00023394649
S21402B2D85846BDF8462001F061F900283ED0002104
S21402B2E8BDF84600FEF7C6FE19E4384611F05AFDC8
S21402B2F818B1B8F1010FD8D0E3E7B8F1010FE0D1E1
S21402B308634B1B78002BC1D0BAF1050F31D10DF073
S21402B318F7FC8DF85C000DF0F3FC000A8DF85D0072
S21402B3280123022217A90DF14600FAF775FD002837
S21402B3387FF4F5AB691C89B2BDF8460006F07AF8C8
S21402B3480378013303706378590715D40DF0D8FCD7
S21402B358834522D0002239461C2032E54C4B1B7806
S21402B368002B93D0B8F1010FCED063785A0714D5C4
S21402B37802E06378580718D5BDF8464020460FF015
S21402B3880DFA411C89B2204606F054F80378B8F143
S21402B398010F03F1FF33037004D0BDF84600FEF731
S21402B3A88DFF09E0BAF1050FD0D0BDF84600FEF7CA
S21402B3B885FFBAF1030FCDD00228CBD1002158461B
S21402B3C817AA0EF0AEFF30B10379468003F03C03AD
S21402B3D843F04003037100232E4A00933946584629
S21402B3E812780EF0CBF9B5E7B8F1010F7FF477AF14
S21402B3F80AF1FF330C2B00F2868001A252F823F0E2
S21402B40869B4020069B40200B9B202007FB402004D
S21402B418A1B4020027AB0200C5B40200D5B40200EC
S21402B428E1B40200E1B4020027AB0200F7B402005E
S21402B43803B50200B8F1010F71D0B9F1000F08D1B7
S21402B448BDF84600FEF7AEFFFFF769BBB8F1010F7D
S21402B458CED0237A03F00303012B7FF460ABEFE729
S21402B468AAF102035A422946BDF846005A410EF08E
S21402B47860FFFFF754BB2A465846BDF84610FEF74B
S21402B4881FFCFFF74CBB00BFD8630020D84800203B
S21402B498136E0020336E0020691CBDF8460089B280
S21402B4A805F0DAFF0235EDB20246BDF846305846D8
S21402B4B8009512A906F0D4FDFFF731BB01200A9ABF
S21402B4C8BDF84610FDF71AFBFFF729BBBDF8460084
S21402B4D80EF035FFFFF723BBBDF84600FEF732FD38
S21402B4E8FFF71DBBBDF84600FEF72CFDA8E7BDF822
S21402B4F84600FEF70BFAFFF712BBBDF846000BF044
S21402B50836FFFFF70CBB2B4622465046BDF84610C0
S21402B5180BF003FF00287FF402AB51461BE50AF145
S21402B528FF330C2B3FF6FBAA01A252F823F000BF0A
S21402B53869B4020069B40200B9B202007FB402001C
S21402B548A1B4020027AB0200C5B40200D5B40200BB
S21402B558EDB40200EDB4020027AB0200F7B4020015
S21402B56803B5020010B5002111480DF09CFA0446F6
S21402B578E8B10DF0C0F90F4B187020460DF0C0F96F
S21402B5880D4B187020460DF0C1F90C4B187020466A
S21402B5980DF0C1F90A4B1860012011F027FA20466F
S21402B5A8FFF758FABDE81040002011F01FBA10BD88
S21402B5B8285D0020806400207F6400207E640020CE
S21402B5C85058002070B5144E044633680D46BBB179
S21402B5D80DF015F90C2813D120460DF000FA0922B1
S21402B5E80021044610F072FE235C042B08D10B4C93
S21402B5F825B10B4B22781B789A4203D3002323707B
S21402B608002070BD0748316811F00CF82378012035
S21402B61801332370F5E700BF5458002081640020E8
S21402B628326E0020D86C0020014B93F90100704757
S21402B6384A5D0020014BB3F868007047485700205F
S21402B64870B500240D4D2C70EFF77CFAE6B2B042C6
S21402B65808D800220A4B1A700A4B198801B11A80B8
S21402B668012070BD304611F09AFBC30748BF2B78FD
S21402B67804F1010444BF01332B70E5E7D0630020D0
S21402B688C9630020FC5C002038B50B4B05461B78C6
S21402B69873B101335C08094B188810F0D7FE0023F3
S21402B6A830F81320AA4205D00133DAB2A242F7D301
S21402B6B8002038BD0120FCE7C9630020FC5C00209E
S21402B6C830B5054685B008460C4611F064FBFF28DF
S21402B6D80CD00DF070FF012200210346CDE90112BD
S21402B6E8009221462A460720FCF7F6FB284611F068
S21402B6F850FBFF2804460FD011F051FBC2070DD5A8
S21402B708204611F04CFB830708D40B4A32F8143053
S21402B71843F4806322F8143005B030BD0DF04BFFB9
S21402B728012200210346CDE90112009207202A468B
S21402B738FCF7D2FBF0E700BFF85C00204FF6FA727F
S21402B748431E9BB2934270B504462AD8FFF79CFF65
S21402B75838BB194B1B78042B23D0204611F008FB64
S21402B768FF2801D0FBF7FEFC20460EF0D2FD08B1FA
S21402B7780EF0C9FD2046114E03F0ACFE20460BF033
S21402B7886DF931780E4D69B1288810F05FFE0546CE
S21402B79801461E220230F2F7ADFB2C8033781E2BB0
S21402B7A807D970BD202010F0C5FE28800028EBD1EE
S21402B7B8F7E702333370F4E7D8630020C963002042
S21402B7C8FC5C0020044A13782BB1013BDBB21370F1
S21402B7D80BB9024A13807047C9630020FC5C00203C
S21402B7E80148FAF7D5B800BFFC5C00202DE9F047FF
S21402B7F8804617460D468CB061B903AE00211B4839
S21402B80811F03DFA4FF000090446DFF860A01CB9B3
S21402B81820461DE00E46F1E7002221462423304644
S21402B828CDF8009011F0C0FA082241463046F2F7E9
S21402B8385BFEA8B9337C9BB96FB945B92A4621463F
S21402B8480A480DF04FF90A4A1388013B1380012073
S21402B8580CB0BDE8F0873B88B28953405B06ECD54E
S21402B8682146504611F02FFA0446D0E75E5D0020C6
S21402B8785C5D0020024B1888003818BF012070470C
S21402B8885C5D00202DE9F04330488DB0FAF770FB76
S21402B89811F0A8F82E4D2B68C41A4FF47A73B4FB2D
S21402B8A8F3F4A4B214B111F09DF82860294F4FF6AC
S21402B8B8FF763B88DFF8A080ADF80A3000233B808D
S21402B8C800210DF10A000DF0EEF8054658B9224B94
S21402B8D81B882BB14FF47A711C48714310F0A2FEF4
S21402B8E80DB0BDE8F0834FF0000924234A462946E6
S21402B8F8CDF8009003A811F057FABDF81A30A34203
S21402B90894BFDB1A1B1B9BB2ADF81A3063B9BDF89D
S21402B91818301B0602D508980BF00DFBB8F8003055
S21402B928013BA8F80030CBE79E4228BF1E460123FB
S21402B9384A462946009303A8242311F035FA4A46B4
S21402B9482946384611F0A1F9BAE700BFBC490020DB
S21402B9585C5800205E5D00205C5D0020F0B5044661
S21402B9682E4A8DB01068516801AB03C3A378012B29
S21402B9784FD1162200210DF11A00F2F769FAD4F80F
S21402B9882110D4F81D0003AB03C32388190644BF4D
S21402B99862680892DA050BD5221D08AE04F1140770
S21402B9A8354610685168083203C5BA422E46F7D1A2
S21402B9B8ADF8183013F0040318BFA3690593EFF720
S21402B9C8D9F80023ADF81A00082201A903A88DF8B1
S21402B9D81C30F2F789FD18B106A903A80EF086F8FE
S21402B9E80022242103A80DF015F8044698B1002079
S21402B9F8FFF748FF00222146094811F046F9094A8E
S21402BA080020138801331380FFF73CFF00200DB097
S21402BA18F0BD0220FBE71920F9E700BF86F5030010
S21402BA285E5D00205C5D0020F7B5044600200E46E9
S21402BA38FFF728FF104B1B88A34202D8212003B029
S21402BA48F0BD00210D4811F01AF9002501460B4FEA
S21402BA580029F3D0A54208D10024242322463046E2
S21402BA68009411F0A1F92046E9E7384611F02BF9BF
S21402BA7801350146ECE700BF5C5D00205E5D0020F4
S21402BA880148F9F785BF00BF5E5D0020014B1888A4
S21402BA98704700BF5C5D002070B50C4611460E4A22
S21402BAA823781278064613F0200542EA030222702B
S21402BAB818BF611D0822F2F71DFA002D0CBF0520DB
S21402BAC80D20D4F80130B3602378337303F01803DB
S21402BAD8082B08BF013070BDD3630020042307B5C6
S21402BAE801200DEB0301054AFAF7BCFA019B044A4A
S21402BAF81B03136003B05DF804FB00BF63E5110087
S21402BB08804A002010B5064C2368C3F30B0313B90A
S21402BB180448E3F7A9FC2068431C236010BD00BF55
S21402BB28804A002063E51100014B1868704700BF81
S21402BB38804A002007B50020054B064A18600423F1
S21402BB480DEB03010190FAF78DFA03B05DF804FBDA
S21402BB58804A002063E511007FB511230A4A0120B6
S21402BB6801A9FAF77FFA094B9DF814201A70084BB8
S21402BB781B780BB1052B05D10AF03CFF012007B054
S21402BB885DF804FB0020FAE779EB0100D263002097
S21402BB98D36300202DE9F04F0646CBB088460088CE
S21402BBA80121174610F08AFC2E4B3A463188ADF82A
S21402BBB8160006A80EF039F80DF1280B5A4641462B
S21402BBC8C41930880DF0BBFFE4B208EB0003A342A9
S21402BBD808BF044605464FF004091CBFA4EB080438
S21402BBE8E4B223465A460121CDE900090BEB050AC1
S21402BBF8CDF808B02D1B06A8EFF7ECFBEDB20BEB61
S21402BC0804030093019523465A46414630880DF0B0
S21402BC18C4FF34883946204605F01EFC394600F033
S21402BC28F802204605F02CFC0121308810F046FC6C
S21402BC3801234A46514680B10DF11600FAF7ECF890
S21402BC4801210446BDF81620308810F04BFCB4FAE1
S21402BC5884F040094BB0BDE8F08F3046FAF7DCF8BE
S21402BC680446F4E75D6400202DE9F04FC9B00446A7
S21402BC7888469246C118224A04A81F46FFF70CFFB8
S21402BC884FF00409C519EDB208AB0293A5EB0A0BEF
S21402BC98A8EB0A035FFA8BFBA8EB0506DBB2F6B243
S21402BCA804EB0A02009301215B46CDF8049004A82F
S21402BCB8EFF790FB06F590730DEB03025A44A2F5D4
S21402BCC88072136808A844F80830E35D324623F009
S21402BCD80703E3552C442146F2F74AFA08ABCDE9A6
S21402BCE8019308AA00230121009604A8EFF772FB25
S21402BCF83246204608A9F2F73BFA49B0BDE8F08F6B
S21402BD085D640020F8B506460EF05CFE811C05460A
S21402BD1889B230460EF053FDF0B1EDB129463046F1
S21402BD2805F09AFB1228074616D80C4B691C1C5CB1
S21402BD3889B2304605F090FB2C44052FE4B205D1B3
S21402BD48052809D8064B1B5C1C44E4B2214630463B
S21402BD58BDE8F8400EF033BD0020F8BD2ED1040031
S21402BD6828D10400F8B505460EF056FD04462846C6
S21402BD780CF035FEA11C074689B228460EF01FFDB8
S21402BD8800283ED0002C3CD02146284605F064FB0D
S21402BD980646611C284689B205F05EFB0F2E30D88F
S21402BDA8194B9B5DE118731E89B2092B0ED8DFE882
S21402BDB803F009050D0D120D0D181E1EC40644BF0C
S21402BDC8083189B2820601D5083189B22846BDE80B
S21402BDD8F8400EF0F4BC7B78DB0612D501EB400186
S21402BDE8F3E700F01F0000EB40000144EDE71F28D0
S21402BDF805D8092E0ABF4000022080B2F5E7C828F7
S21402BE08E4D00020F8BD00BF41D10400F8B50646CC
S21402BE180CF0E5FD09220021054610F057FA00F15C
S21402BE281004284610F0C3FEE4B207462146304600
S21402BE3805F012FB0546304610F024FBBA05A0EBC7
S21402BE480403DBB20AD47C2D0AD0082D0AD8064A87
S21402BE58505D98428CBF00200120F8BD1220F8E7FA
S21402BE680320F6E7FF20F4E752D10400014B1878C6
S21402BE78704700BF346E002038B5114B04461B7855
S21402BE8808469BB9012038BDA24205F101050FD12B
S21402BE9803EBC1035B6898470028F3D11E202246AD
S21402BEA84FF6FF7110F04CFE0020ECE70025054B1C
S21402BEB8E9B213F83120002AE6D11446EEE700BFAD
S21402BEC8346E0020F8D004004FF6FF7307B502223E
S21402BED80DF106010348ADF80630E3F701FB03B09F
S21402BEE85DF804FB603202E0002307B5ADF80430C3
S21402BEF8134B984221D10B88DA0703D5232003B0C7
S21402BF085DF804FB9B0748BF4FF47F434FF00202DD
S21402BF180C480DF1060148BFADF80430E3F7B4FA51
S21402BF284FF6FF73BDF806209A42E7D1022205486B
S21402BF3801A9E3F7D5FA0020E1E72120DFE700BFF1
S21402BF481FD1BACA603202E0002313B50222038068
S21402BF5804460DF106010F48E3F796FA2D2801D09C
S21402BF68112805D14FF6FF73ADF80630FFF7ACFF80
S21402BF789DF80630BDF806201BB1238843F001035E
S21402BF8823800020FF2A82BF238843F002032380EF
S21402BF9802B010BD603202E0034B1B78002B14BFC0
S21402BFA8442056200E307047D36300202DE9F04F08
S21402BFB88DB0179C06468946CDE90223BDF858700F
S21402BFC8D588ADF816103CB9EC0605D500970AF0E8
S21402BFD842FE0DB0BDE8F08FC5F380242B054FEA6C
S21402BFE8043448BF44F40064A80511D544F080041C
S21402BFF80A2E00F26981DFE816F09A002F00170071
S21402C008370067016701370010009A0037009E0064
S21402C018E90548BF44F04004EAE74FF001084FF04C
S21402C028020B4FF0000A14E008A95FFA89F00EF036
S21402C03838F8DDF82500DDF8291006AB03C3A44B53
S21402C04833F81930ADF816304FF00008C3460DF134
S21402C058180A002F5DD125E006AA0DF116015FFA2F
S21402C06889F003F017FAEFE74FF6F773994540F2AF
S21402C0782B8115F4026F40F02781964B1B78022B12
S21402C08803D0043B012B00F2218147BB032E4FF05D
S21402C09801080CBF4FF00C0B4FF0080BBA4624F4FD
S21402C0A8C074A4B28C4B18884FF6FF73984206D019
S21402C0B88A49FAF767FB10B124F48054A4B2039BAA
S21402C0C838460093BDF81620534644F4027105F02C
S21402C0D8EBF9ADF82000002838D1192079E7384660
S21402C0E810F0D0F90246FFF757FF032E08BF0138B3
S21402C0F8824201DD38206CE7032E4FF001080CBFA0
S21402C1084FF00C0B4FF0080B4FF0000A24F4C074E3
S21402C118A4B2029B1B889BB91A463946062000938E
S21402C12808F027FC0028BDD140F6014051E74FF041
S21402C1380008C34675E74FF001084FF0030B70E797
S21402C148002339461A4607200093E9E74FF6FF739D
S21402C158614A118899421CD00CF041FC03465E4A9B
S21402C16804301188039310F024FD5D49039B097877
S21402C17814F4805FD9715949574A1FBF08689860F6
S21402C1884868D8604FF6FF7313804FF0FF330B6092
S21402C1984B605946029A08A805F03AFA00289CD03D
S21402C1A8504C2378002B3CD1A7B1384610F06AF9D8
S21402C1B80746BDF8200010F065F923780744002BDF
S21402C1C814BF12220022EB1003F0040317443B4468
S21402C1D8842B8FDC15F400570AD0BDF82040204681
S21402C1E80CF003FB40F4806189B220460CF0E8FAB2
S21402C1F8A6F10803012B05D801221021BDF820005C
S21402C2080CF0E4FA179BBDF8204043B32046BDF86D
S21402C21816100CF02EFBBDF82030179A002013805B
S21402C228D7E6AA06C0D56B0103F020030A2E14BF70
S21402C23843F0010363F07E03DBB2B8F1000F08D0C7
S21402C24800215246009108A800F082FE0028ABD0D2
S21402C258BFE61A46514608A80DF012FEF6E7204633
S21402C2680EF0DAFA179B024621460420009308F0DD
S21402C27880FB00283FF458AF0A2E18D84FF4D9632B
S21402C288F340DB0713D5072E0AD00A2E08D0BDF8CE
S21402C29820000DF0B5F880F00100C0B2800098E6E4
S21402C2A808A80BF047F80028F1D0042091E617B149
S21402C2B825F04005ADB22B463146BDF820005FFAA0
S21402C2C889F201F07DFE84E6012082E6162080E6E9
S21402C2D82C5C0020D7630020BC6D0020356E002041
S21402C2E88D640020D3630020F7B50F469DF828100A
S21402C2F80446DDE90B061D46F1B94FF6FF739C426C
S21402C3081CBF174B1C804FF000041CBF154B1A703D
S21402C318BDF8240005F012FA00232A46CDE90043A8
S21402C328394606209DF82030FFF740FE10B90EB1B8
S21402C338AB7A337003B0F0BD78B14FF6FF739C4208
S21402C3481FBF074B1C80074B1A7000220CF062FBBB
S21402C35804460028DCD11920ECE72120EAE700BFD2
S21402C368BC6D00208D6400202DE9F04788469DF8B4
S21402C3782810074616461D469DF820A0BDF82490AC
S21402C3880B9839B158B300220CF044FB044610B996
S21402C398192025E00C464FF6FF739D421FBF114B2E
S21402C3A81D80114B83F800A04FF6F7739E4208D8FB
S21402C3B80E4B4FF6FD761A784FF6FF73002A18BF13
S21402C3C81E46484605F0BAF900233A46CDE9084320
S21402C3D831464346BDE8F0470320FFF7E7BD212074
S21402C3E8BDE8F087BC6D00208D64002094630020B1
S21402C3F82DE9F04786B09DF838600546DDE90FA8B6
S21402C4080C4617469946B6BB374B1B78022B1DD1EE
S21402C41825BB4FF6F7739C4214D80026484605F00B
S21402C4288DF900233A46CDE900632146FF232846C4
S21402C438FFF7BCFD38B9B8F1000F04D0BB7A88F80C
S21402C448003000E0012006B0BDE8F087043B012B6F
S21402C458DED908460AF06BFF10B31DB3022D31D1A0
S21402C468EEF76AFBA042EDD9204B33F814204FF6BC
S21402C478FD739A4219E0BAF1000F32D01A4B1B78B4
S21402C488022B05D1FFF788FDB042E6D23820DAE75C
S21402C498043B012BF6D908460AF049FF0028F1D1D9
S21402C4A81620D0E74FF6F7739C42CBD8002EB4D0AE
S21402C4B83146002250460CF0ADFA06460028ADD1A9
S21402C4C81920C0E7012DBDD104AA0DF10E01E0B274
S21402C4D802F0E0FF064B1B78A342B3D9BDF80E2044
S21402C4E8C5E72120AFE700BFD76300202C5C0020F9
S21402C4F8096E002030B5104B87B005460C46186802
S21402C508596803AA03C298680C4910609A88DB889F
S21402C51852BA23F04003ADF812300023CDE90043A7
S21402C528ADF81020FF23098803AA0720ADF80E509D
S21402C538FFF73CFD07B030BD6A5D0020765D00203F
S21402C54838B50C461146124A124D108022682A60E7
S21402C55862686A60A268AA60E288500616D5EA8807
S21402C568520613D561B1002218460CF053FA01465A
S21402C57850B16088FFF7BEFF0522074B1A7038BD18
S21402C58808460EF08AF8F2E71920F5E70220F6E7E1
S21402C598765D00206A5D00209D6400202DE9F04F3C
S21402C5A8074689B0104615461C468A460EF034F9E8
S21402C5B80146284604F050FF064628460CF00FFAB5
S21402C5C8043010F0F4FA80460CF09AFB804550D0FE
S21402C5D8B2074ED1DFF8AC80284605A9B8F800B0F5
S21402C5E80EF001FA9DF81930A8F8007003BBBDF8E2
S21402C5F81430EBB928460CF0F2F9023010F0D7FAEC
S21402C6084FF6F773984294BF4FF000094FF00109AE
S21402C61801230134E4B22A463846CDF8009005A92B
S21402C628039303F001FC039B40B901339C421ED2DC
S21402C6380020A8F800B009B0BDE8F08F022CF8D1A7
S21402C648012BF6D10C4A0D4BA3F800A01378591CFF
S21402C65811700B4A7F3B16F00C01137007D1BDF818
S21402C6681A305B0603D5BDF81600FFF743FF022310
S21402C678D1E70020DFE700BFD5630020BC6D0020AD
S21402C6888D640020765D00202DE9F04FABB00F4692
S21402C698ADF81E000CF0A3F900F1020A0646504651
S21402C6A810F085FABDF81E40054620460EF0B4F88E
S21402C6B80146204604F0D0FE814600F00308301DED
S21402C6C810F075FA414C20800CF01AFBA8422DD0C7
S21402C6D84FF6F7739D4229D87378DA0726D4284688
S21402C6E80DF054FE30B101232946BDF81E202088DD
S21402C6F8FFF754FF0CF004FB344B1B8883420FD120
S21402C708BDF81E4020460EF087F80146204604F083
S21402C718A3FE10F00C0103D1BDF81E0001F00EFDB9
S21402C72800222B4B1A602BB0BDE8F08F2949BDF8C2
S21402C7381E000EF058F92849BDF81E000EF0B6F88D
S21402C7480028254B08BF0023214ABDF81E001360A7
S21402C7580CF0D1F8214B1870BDF81E000CF0D0F87A
S21402C7681F4B1870BDF81E000CF0D5F81D4B18604C
S21402C77800238DF82230002F3AD0164BDB889B0612
S21402C78836D5194B1B689D071ED4B8F1010F14BF86
S21402C798082318230DF12202009200220DF11E0032
S21402C7A8114600F0D5FB18B3B8F1010FA2D10F4B12
S21402C7B81B78112B9ED10DF002FC00289AD140F668
S21402C7C81D40FBF70FFB95E70823E3E7765D00209D
S21402C7D8645800206A5D002085640020806400207A
S21402C7E87F64002050580020904A0020D76300201B
S21402C7F8504610F0DCF98246BDF81E000FF042FEE5
S21402C808A0F11005EDB22A4631460AA8F1F7B0FCA7
S21402C818FF238DF82F304FF6F7739A4540F2DF80E4
S21402C828B8F1010F00F0E780B8F1020F00F0468178
S21402C838B8F1000F7FF45EAFA44DBDF81E00EB887A
S21402C848ADF8240004930CF0CAF8BDF82460074635
S21402C85830460DF0E1FF0146304604F0FDFD8DF846
S21402C8682300B81C7E7810F0A2F907460CF048FAA6
S21402C87806F00106B4F8009003906C88002E7FF448
S21402C88839AF4FF6F77A4246494657458CBF0620D7
S21402C898082010F055F9BDF824B058460DF0BCFF34
S21402C8A85946024643460420CDF8008008F03EF872
S21402C8B8574583460AD8B5F90620EB88002A05DBD1
S21402C8C8580603D541462046FFF714FEBBF1000F73
S21402C8D83FF410AF2B88002B5AD16B79002B57D117
S21402C8E84FF6F7730DF126019F42BDF8240094BF58
S21402C8F84FF0000B4FF0010B0DF032FCDFF8D8A119
S21402C90800F1FF38BAF800301FFA88F10593EB8871
S21402C918BDF82600069304F09FFD069B0499019035
S21402C928009322465B460598C1F340110AF00CFDB7
S21402C93800283FF4DFAE042306200093BDF8261035
S21402C948624B5FFA88F207F0F1FF00283FF4D2AE96
S21402C95848F202036A889A4205D1BDF82410BAF84A
S21402C968000000F025FF594D09AA29460DF12300BB
S21402C9780AF0E8FC034600287FF4BCAE2104BAF8A5
S21402C9880000BDF8242060D5234629460DF0FDFB9D
S21402C9989DF823304D4D03F00C030C2B75D12889D6
S21402C9A80DF0BEFB00283FF4A5AE039B00202989A4
S21402C9B84B4514BF0226032602F044FC444B18706B
S21402C9C84FF6F7739F42BDF8240075D8A4F13802D3
S21402C9D85342534132463D4904F036F88AE6B8F1E6
S21402C9E8020F6BD0394BB3F90630002B26DAB8F1B2
S21402C9F8010F7FF41DAF0CF083F9238883423FF4BE
S21402CA0879AE0520BDF81E10FFF736FA00283FF467
S21402CA1871AE2E4AD3885B0607D50023CDE90033CC
S21402CA280A20FF232188FFF7C1FA3A469DF82230EA
S21402CA382188BDF81E0002F01DF85BE629460AA802
S21402CA4800F070F80028D2D054E60221DFF88C8075
S21402CA5888F800102946CDF800B003F0E5F9132C43
S21402CA6896D0EB885D0493D41A4B1B78D80703D567
S21402CA7898F80020022A8BD099077FF53BAE98F8E3
S21402CA880030012B7FF436AE82E700222B7912485B
S21402CA9800936B791146008802F0FCFB0C4B187069
S21402CAA89DF8233003F00C03082B89D1039B4B45D2
S21402CAB814BF0426052683E701238BE74846BDF8FC
S21402CAC81E20024901F0AEFA14E600BF6A5D002095
S21402CAD89C64002098630020765D00208E64002007
S21402CAE810B5002108480BF0DEFF044650B1014697
S21402CAF80420FFF7C1F928B12046BDE810400121FD
S21402CB08FFF7C2BD10BD00BF5A5D0020034BFF21D0
S21402CB181A7803489200F1F79BB900BF0A6E002004
S21402CB284847002070B5451804464FF0FF31AC421E
S21402CB3812D1104B10481A7805460023934211DB8F
S21402CB480E4C2078431CB3FBF2F602FB163345F86C
S21402CB582010237000200CE014F8010BE1F7F4FD16
S21402CB680146E4E750F8044BA14201D00133E5E759
S21402CB78012070BD0A6E0020484700208F640020FE
S21402CB88042307B501200DEB0301054AF9F76AFAF3
S21402CB98019B044A1B03136003B05DF804FB00BF45
S21402CBA823E1110060580020014B1868704700BF47
S21402CBB860580020014B1868704700BF6058002074
S21402CBC810B5064C2368C3F30B0313B90448E2F7FF
S21402CBD84BFC2068431C236010BD00BF6058002031
S21402CBE823E111002DE9F04F93B003930023DDE90A
S21402CBF81C79069399F8003083460DA804930E46CE
S21402CC0815460AF02FF899F8003013F003043ED0C0
S21402CC18039B0DF1250A8DF8243000220821384698
S21402CC280BF0FCFF002870D028880BF0D8FE99F885
S21402CC3800301C074CBF043002300FF0B8FF07A9BB
S21402CC488046F9F79FFB9DF824300446980633D5AC
S21402CC58288806F10D010DF0B2FDA8B10023009355
S21402CC68384608232988721D10F09EF899F8003075
S21402CC7803F01803182B4AD1B8F1000F47D0A94B76
S21402CC88B3F86830434542D040F60A4327E028887E
S21402CC98711D0DF094FD0028F6D000940523324647
S21402CCA8298809A810F080F89DF824300DF1240A86
S21402CCB803F018030393B0E714BB39464046F9F766
S21402CCC861FD0028D2D099F800309907DCD04023BD
S21402CCD82246214640460DF0FFFA40F6094399F8E7
S21402CCE8002012F0030440F0F780288803930BF024
S21402CCF8D9FD224601461A200FF022FF039BEBE0DD
S21402CD0807AB03CB38607960B0E74FF6FF780AF0D6
S21402CD18FEFA044620B104213846F9F74FFB0446CA
S21402CD281E9B002B5AD009231E990DA88DF8343065
S21402CD380AF012F9209B0BB1209B0693039B002B4B
S21402CD4840F08E800DA8EEF7A7FB99F800309A07F8
S21402CD5800F09880FFF734FF5146024601200AF099
S21402CD6820FB99F800309B0710D5594628880DF005
S21402CD7800FE0BF1090350FA83F35FFA83FB594668
S21402CD8828880DF0CDFD00EB0B06F6B299F80030B8
S21402CD9813F0C20F0AF104030DD09DF8242062494D
S21402CDA842F020028DF824200A68CAF804204A684D
S21402CDB85A600AF10C03012209A800921B1A32468D
S21402CDC829889BB20FF0F0FF324659462846FEF7EE
S21402CDD8E1FE002800F0A48000237DE01F9B5BB1E3
S21402CDE89E460DF1340CBEE80F00ACE80F00DEF8E4
S21402CDF80030CCF800309DE7049B594603F0200328
S21402CE082888049304F028FB10F0030F0CBF0123B4
S21402CE1800230593049B059A003B18BF012342EAA8
S21402CE28430300930DAA06AB38461F9900F0FEFA94
S21402CE38049A034682B1002880D0059B0DAA009367
S21402CE48384606AB1F9900F0F1FA034699F8002017
S21402CE5822F0200289F80020002B3FF46FAF3EE74D
S21402CE68039B102B06D1BDF8363043F00103ADF80C
S21402CE78363067E7039B182B4FD1BDF8363043F0A0
S21402CE880203F4E701200DF125010AF098FA99F851
S21402CE980030824613F0040F288821D1069B1BB364
S21402CEA8002C35D00BF0FEFC0022014616200FF0AF
S21402CEB847FE84B17FB14FF6FF7398450BD0002327
S21402CEC80DA91A4638460AF058F9394640469DF8DA
S21402CED835200AF032FA0123184613B0BDE8F08F5F
S21402CEE8002CDFD1104F01E0002CDBD100233246A4
S21402CEF8009359463B460CF0C3FE00283FF4C4AEE6
S21402CF08002C3FF469AF069A0AF10103136063E73F
S21402CF181B685345C6D80124E8E740F60A43DBE710
S21402CF281923D9E7485700205D640020002307B577
S21402CF38054A0648136004220DEB02010193E2F744
S21402CF48CFFA03B05DF804FB6058002023E1110015
S21402CF582DE9F04F0446B1B000888DF82F301646FA
S21402CF688A460DF059FC0146814620880DF0D8FC09
S21402CF7800EB090820880DF025FD00239DF82F50A8
S21402CF885FFA88F815F001070790ADF8363008D131
S21402CF9801460DF1360220880DF0CBFB08B1ADF83C
S21402CFA8367016B9CDE90E660EAEFEF763FC18B1FA
S21402CFB845F020058DF82F500023CDE90333029360
S21402CFC80DF12F03CDE900632246534641464846F3
S21402CFD8FFF708FE0546002800F043819DF82F302B
S21402CFE813F0010746D1B44A23F0200310685168AB
S21402CFF88DF82F3010AB03C3184600F0FBF9054630
S21402D008FEF744FDBBB2984200F2B7803A9B13B1D2
S21402D01800233A9A1370BDF83630CBB10121208826
S21402D0280FF04CFA27880546002800F04F810121A8
S21402D03838460FF043FABDF83670054638460FF004
S21402D04821FA002300903A46194628460DF0F4FACB
S21402D0580023CDE9033302930DF12F03CDE90063D4
S21402D0682246534641464846FFF7BCFD0546002879
S21402D07800F0F7809DF82F3003F01103102B40F0D4
S21402D08803818E4B1B78432B40F0FE808C4B1B682B
S21402D0985B0640F1F980208808F105010DF08FFB48
S21402D0A88346002800F0F0804146208804F0D4F930
S21402D0B8844B10F0200F08BF1E4612A800F09AF9FB
S21402D0C80822314612A8F1F70FFA002800F00E815E
S21402D0D8314612A80AF0FAF8012326AE0093324621
S21402D0E8002314A912A800F0A1F9002840F0CC8069
S21402D0F812AB0DF12F07CDE903600290009322468A
S21402D1085346414648460197FFF76CFD002800F053
S21402D118EF80BDF89A30102043F0080318AA14A925
S21402D128ADF89A300CF083FC002840F0AD8012ABC4
S21402D138CDE90360CDE90170009322465346414685
S21402D1484846FFF74FFD0546002840F09D8018AB7D
S21402D1584FF49071002012AA00F0D4F84FF0005154
S21402D16800200CF0E1FEBBF1000F00F08C804FF0BF
S21402D178805100200CF0D8FE85E018AB14AA26A928
S21402D188F8B20AF04FF8002840F09480082210A956
S21402D19827A8F1F7A9F98346ADB19DF8A53013F093
S21402D1A8020F08930FD0082212A927A8F1F79CF9B4
S21402D1B848B9089B590706D53A9B13B101233A9AF0
S21402D1C81370089507E03A9B002B61D1BBF1000F5C
S21402D1D870D1002308930DF1740C14AB0FCB8CE8B6
S21402D1E80F00BDF83630CBB1012120880FF066F962
S21402D1F8B4F800B000284FD0012158460FF05EF967
S21402D208BDF836208346104609920FF03BF90023F4
S21402D2181946099A009058460DF00EFA2A4B0DF157
S21402D228740B0493002303930DF12F03CDE90063D7
S21402D2382246534641464846CDF808B0FFF7D2FC88
S21402D248002837D1002D33D012AA5B464FF48271DC
S21402D2584FF4005000F056F8089B13B126A809F0C0
S21402D268FCFD174B1B689A070DD4FEF703FB50B15B
S21402D278114A18AB1068516803C3002226A918A8D9
S21402D2880CF0F8FB68BB0025284631B0BDE8F08FE5
S21402D29800233A9A137099E7BDF836200A9010468A
S21402D2A809920FF0EFF8DDE9092307990090B2E733
S21402D2B82A46CAE70137A3E686F50300D7630020A5
S21402D2C8904A0020B25700208C4A0020BDF836B09B
S21402D2D858460FF0D7F82B4600905A463846079914
S21402D2E8B4E626A918A80CF001FCC6E78346F3E6BE
S21402D2F814AB2DE701461A230120014AF8F7B2BEFD
S21402D30824E10100F0B5164691B0074609A80D4675
S21402D3181C46FFF7EFFF3EB1336845F04005CDF8EF
S21402D32826307368CDF82A301B4B1A6822EA0702A1
S21402D33842EA050119604B040DD5BDF824200B0AF4
S21402D34803F4E243C9B222F4E3420B4322F07F021B
S21402D3581343ADF824301A230020104A09A9F8F717
S21402D36881FEB4B104A809F07DFC02236A468DF852
S21402D37810301546234604F11006144618685968F4
S21402D388083303C4B3422246F7D1294604A809F053
S21402D398E3FD11B0F0BD00BF904A002024E1010071
S21402D3A847F2FF10044B196841F48042014041F4E9
S21402D3B880411A600CF0B8BD904A002000B589B0CA
S21402D3C8FEF7CAFB01A8FFF795FF0948BDF8042037
S21402D3D80168130221F0FF0103F4E2030B43D2B201
S21402D3E8134343F48043036009B05DF804FB00BFAF
S21402D3F8904A002010B50C4B0446186888B083077C
S21402D40806D54FF0FF3323600120636008B010BDD5
S21402D41810F04000FAD001A8FFF76CFFDDF80630DE
S21402D4282360DDF80A30EFE7904A00202DE9F04F36
S21402D43899B081460C461E4617469DF88880A2B1CA
S21402D4481546284609F00EFC18F0020B0FD004B950
S21402D45811AC6B4622462946484609F0C1FE0EB173
S21402D4680023336019B0BDE8F08F0CADE9E76B46D0
S21402D4782946484604AA09F080FE6B7808F0010897
S21402D488FF2B25D000287AD154B104AB08AF1A4630
S21402D49803CABA4220606160134604F10804F6D152
S21402D4A826B16A78374B03EB82033360B8F1000F74
S21402D4B801D10020D6E7BDF80030D906F9D41820E5
S21402D4C84FF6FF716A780FF03BFB40F60E40C9E74D
S21402D4D8DFF8B8A0DAF800302EB19A0756BF2A4A03
S21402D4E8C6F800B0326003F03003102B01D0202BB0
S21402D4F81ED111A8FFF7FEFE082248460DF1460186
S21402D508F0F7F2FF28B1DAF8003003F04403402BB4
S21402D5180ED0B8F1000F0ED108A80CF009FD0223B0
S21402D5282B70C4B9002FC4D0281DFFF763FFC0E7CD
S21402D53840F60A4096E7DAF80030DB03ECD508A88E
S21402D5480CF0F6FC02232B70BCB9002FB7D0281DAE
S21402D558FFF750FFB3E7002608AB0CAF1A4603CA1C
S21402D568BA4220606160134604F10804F6D1281D09
S21402D578FFF740FF002E9CD0A1E70126ECE72D20FE
S21402D58870E700BFA44600208C4A0020904A00207C
S21402D59849B9084B197849B14EF66023594328B160
S21402D5A805480FF03FB841F28831F8E70248F8F725
S21402D5B8DFBC00BF96630020DC49002070B586B049
S21402D5C80546F8F7C3FD10B9022006B070BD01A8DB
S21402D5D8FFF710FF06460028F6D08DB92E4B1C68BA
S21402D5E814F0020406D02D4B1B78112BECD12C4BD1
S21402D5F8B3F868404FF481630221ADF80C3023E09B
S21402D6082846F9F72DF90028DED1234B1C6814F0BA
S21402D618020406D0214B1B78112BD5D1204BB3F828
S21402D62868400822294601A8F0F75EFF0028E1D0E4
S21402D6384FF4027300260A21ADF80C302B68CDF899
S21402D6480E306B68CDF81230002203A80BF0E2F910
S21402D658024608B91920B8E70F4B196801F03003DB
S21402D668102B17D0202B14BF01230323490001F0E7
S21402D67804010B432046002100F0F4FF0028E9D0FD
S21402D68800210120FFF784FF16B10122054B1A700C
S21402D69800209AE70323E9E7904A0020D763002090
S21402D6A8485700208464002030B500251D4C85B0FC
S21402D6B8CDE90055F8F75CFC23784BB31A491B48AA
S21402D6C80A780078904223D90132012B0A700ED1CB
S21402D6D82A464FF4A071284602F0BEFAC0B2B8B97C
S21402D6E841F2883112480EF09DFF05B030BD022B7C
S21402D6F809D1284602A9F9F745F80028EED102A86A
S21402D708FFF75CFFEAE7032B02D101F065F9E5E7CC
S21402D718002108462170FFF73BFF0421684609F0FE
S21402D7280FFAE2E790640020916400203D6E002024
S21402D738DC49002070B5194A194D0446516810682C
S21402D74886B02E7801AB03C31EB10224204606B06B
S21402D75870BDF8F745FD0228F7D103A800F0E8FDEA
S21402D768082201A90DF10E00F0F7BEFEA0B10D4B7E
S21402D77832464FF4A07130461C7002F06DFA044629
S21402D7880028E3D10123084A41F2883107482B7062
S21402D79813700EF047FFD9E72324D7E75BD10400BE
S21402D7A8906400203D6E002091640020DC49002031
S21402D7B8F0B50C4600219BB02B4F0646492207A817
S21402D7C80691F0F745FB3B78012B34D19EBB0DF151
S21402D7D80E0120460CF0C4FC0546BDF80E000EF0FD
S21402D7E851FE441BE4B2BDF80E1023462A460096A4
S21402D7F806A80FF0D9FA304604A9F8F7C3FFD0B93D
S21402D808CCB19DF81920B2B9BDF8233003F47E4393
S21402D818B3F5285F1ED3B3F5385F0ED31349BDF8A8
S21402D8280E000B6843F400030B60294609F068FDF6
S21402D83818B104233B701BB0F0BD01220C4B04A8A0
S21402D8481A70FFF7BBFE41F288310A480EF0EAFE6C
S21402D8580223EFE711463A70FFF79AFE1E2104A844
S21402D86809F06EF9E7E700BF90640020904A0020AE
S21402D87891640020DC490020014B1870704700BFF5
S21402D88891640020014B1878704700BF906400200E
S21402D898014B1870704700BF906400202DE9F04FC6
S21402D8A80446408891B00E298846ADF81A0074D00E
S21402D8B894F80890A7790BF092F809A90546BDF8DE
S21402D8C81A00E6790DF08FF8BDF81A000AF08DFFF7
S21402D8D8430542BFBDF82A3043F40053ADF82A3058
S21402D8E8E379D80642BFBDF82A3043F48053ADF830
S21402D8F82A30BDF82A30990613D5022F52D10CA920
S21402D908207A0CF0CEFBDDF83500DDF8391007ABCF
S21402D91803C307AA0021042300910DF11A00FFF79A
S21402D92817FB0121BDF81A000EF0C8FD022F824629
S21402D93844D1454B33F81950B8F1000F79D0BDF8E9
S21402D9482A305A0675D54FF6FB72954271D83F4A69
S21402D958B2F86820AA426CD0DB0502D528460CF03D
S21402D968E6FCBDF82A30D80463D5002F33D1BDF8BB
S21402D9781A000AF03AFFC10663D548F23403BDF826
S21402D98826209A4209D1324E3078FF2805D0032243
S21402D9982946FCF72BF9FF2333700023236011B0C6
S21402D9A8BDE8F08F012F01BF237A2A4A03EB43030F
S21402D9B802EB830314BF00229A1CABE7012F05D1A2
S21402D9C80C2303FB09F3234AD55AB5E7A81C0FF024
S21402D9D8EEF80546B0E7284601F07CFDBDF81A00C9
S21402D9E80AF003FFC206C8D46389504605930EF0B0
S21402D9F849FD834650460EF029FD059B02905FFAC4
S21402DA088BF04A46394601900093404609AB09F026
S21402DA182FF8B8F1000F14BF0B20092016F00302E6
S21402DA2818BF02F1FF32294618BFD2B20FF088F8A3
S21402DA38A3E7BDF81A000AF0D8FEC3069DD4002F45
S21402DA48D2D1A946D0E700BF2C5C00204857002058
S21402DA58416E00206C5B002038B500240F4B104D39
S21402DA682A78A24205D8C2B9BDE838400D48F8F768
S21402DA787FBA598869B9013AD2B2A2422A70EFD05F
S21402DA88121B184603F110011201F0F733FA034687
S21402DA98E6E701341033E4B2E2E738BDA8460020D0
S21402DAA894640020F86C002070B51A4B1A4A1D7848
S21402DAB80023DCB2A54200D870BD1446668801333E
S21402DAC8864202F11002F4D1E379A588E16003F0F8
S21402DAD840028DB9CAB123F00403E3710AF07FFF4E
S21402DAE8037803F07F03037021880029E4D1BDE898
S21402DAF870400A480EF096BD00216580A180002A73
S21402DB08E9D1BDE87040FFF7A7BF2046FFF7C6FE7B
S21402DB18F7E700BF94640020A8460020F86C0020AF
S21402DB282DE9F047044686B040880F4615460AF0A7
S21402DB3856FFA3798046082B52D8DFE803F0052E55
S21402DB48185151515151050002300FF030F8002D8E
S21402DB584ED06946F8F716FE002841D1684601F00D
S21402DB6863FDB0FA80F0400906B0BDE8F08702A966
S21402DB78207A0CF096FA6B466E46DDF80D00DDF854
S21402DB881110334A03C3237A32F81390314AD05C11
S21402DB9875B131460CF0A9FAE6E7237A2E4903EB6B
S21402DBA8430301EB830231F82390907A961CEFE741
S21402DBB84FF6FB7AD14515D930460CF0E0FB4FF606
S21402DBC8FF739842054615D00146304601F09EFC82
S21402DBD8554508D9E379DA060ED440F62243E360BF
S21402DBE80020C1E74D46294608F102000EF0E1FF83
S21402DBF80120B9E74D46EDE74FF6FC78454512D1C8
S21402DC0803F00C030C2B1CD1DFB130464FF6FD7126
S21402DC1801F07CFC40F61F412046E160FFF73EFE1D
S21402DC28FFF71AFFDCE74FF6FD739D4209D1002382
S21402DC38304619461A4602F0DBF84146304601F0ED
S21402DC4865FCE37943F00C03E37140F62343C6E729
S21402DC582C5C00209D6300206C5B002073B5044694
S21402DC6840880E460AF0BBFE02300EF0A0FF09F00E
S21402DC785EFB18B1A11C201D09F05EFBE6B1E57932
S21402DC880135EDB2E57115F0400514D0ECF74EFFFC
S21402DC980122054600212046FFF742FF18B1394BFC
S21402DCA81B882B449DB2384B1B78042B01BF354B7F
S21402DCB81B885B199DB22580002231462046FFF755
S21402DCC82FFF20B360880AF08AFEE2792F4922F0F5
S21402DCD80C03E3710B7805460133DBB20B70C37194
S21402DCE82B4BA61C1B780BB3E37998061ED529493D
S21402DCF8097871B159060CD592070AD50022042371
S21402DD08114630460092FFF723F910B1E06002B0E0
S21402DD1870BD00220123114630460092FFF718F91B
S21402DD2820B1E37943F00303E371EFE7304609F0E5
S21402DD3801FB0028EAD16088FCF7C0FA0328E6D877
S21402DD48DFE800F0020D1D19E37943F00403E371DE
S21402DD581B06DCD5104B1A78104B1A70D7E740F61C
S21402DD682443E360E37943F00803E3712B7803F076
S21402DD787F032B70CBE740F62543E360C7E740F600
S21402DD882643FAE7966D0020D8630020D563002064
S21402DD98D36300203E6E00209B630020936400201D
S21402DDA82DE9F74F06460EF018FE5F4B0546B3F808
S21402DDB8009018805D4BA0EB09041B78A4B2A3421E
S21402DDC898BF00234FF000084FF6FF7788BF1B1B4B
S21402DDD8564A88BFDBB21370DFF864B1A9EB0003BA
S21402DDE80093534B5FFA88F2197891420ED80EB117
S21402DDF8FFF732FE4FF6FF739F4200F08E803946D9
S21402DE084C4803B0BDE8F04F0EF00CBCBBF802203D
S21402DE18002A3CD0484B9BF807201878BBF800A08D
S21402DE28042818D00020BAF1000F08BFA2462044E2
S21402DE38504523D2BBF80010009B1944ABF80010DB
S21402DE48002E4ED002F04802482A4AD100215846EF
S21402DE58FFF704FF45E00192F8F704FC30F01003E0
S21402DE68019ADFD1FBF746FC344B019AB3F800C09F
S21402DE788445D7D9ACEB000080B2D4E702F00C0098
S21402DE88042807D10022ABF800200BF1100B08F18A
S21402DE980108A6E7510602F0030C02F008000ED5A8
S21402DEA828B3BCF1030F25D1DEB1DBF80C105846B7
S21402DEB8002908BF4FF44261FFF7F0FC11E040B3B7
S21402DEC8BCF1010F25D11206EED44FF4C862ABF8A6
S21402DED800209BF8072022F0030242F002028BF889
S21402DEE80720BBF80020974228BF1746CDE7032035
S21402DEF88445D9D213060ED50C4B1A780AEB0200C3
S21402DF08844208DA4A44521B0AEB0201ABF80010B4
S21402DF18E7E70120ECE7012199E7064803B0BDE8E8
S21402DF28F04FF8F725B800BF605D00209364002024
S21402DF3894640020F86C0020D8630020966D0020B8
S21402DF48A8460020F8B500250A4E0B4F3378ECB2E7
S21402DF58A34204D8BDE8F8400848F7F719BD07EB0E
S21402DF680414A01CF7F714FD201DF7F711FD013560
S21402DF78ECE700BF94640020A8460020565D002007
S21402DF8870B500240B4D0C4E2B78A34208D81B1BE9
S21402DF98DBB22B706BB9BDE870400848F7F7E8BFEC
S21402DFA806EB041040F621410134FFF777FCE4B291
S21402DFB8EAE770BD94640020A8460020F86C0020AA
S21402DFC8F8B5154EDFF858E035789EF800E0134F9E
S21402DFD8AE454FEA051C07EB051419D0002503F4D5
S21402DFE8835343EA1323A1712272E371608027F8F0
S21402DFF80C50A58003F0A8FB40F60243E360337892
S21402E0086081013328463370FFF7CAFE2846F8BDFA
S21402E01840F60340FBE700BF94640020A8460020B1
S21402E028086E00202DE9F04F344B0D461C78174633
S21402E03885B05CB9B1F90680DFF8C890DFF8C8A0E9
S21402E048DFF8C8B099F80030A34202D805B0BDE898
S21402E058F08F0AEB0416B08800B9708801A90CF094
S21402E068C2FCAA7A9DF80E309A4244D1B8F1000F43
S21402E0780FDA297A9DF80C202B89914209D8204874
S21402E08800780844824236DA521A1B0A1341D90724
S21402E09831D538460CF096FCBDF80A3004469A0686
S21402E0A802D5EB889B06D1D5F37903F00C03042B33
S21402E0B808D17088F9F786FD002372881946184633
S21402E0C80CF057F900213046FFF7E8FBFFF7C4FCCF
S21402E0D838460EF0D7F9844208D2337A01228BF8F2
S21402E0E8003029460023384602F0AEFCB8F1000F8D
S21402E0F8ACDA0024A6E70134E4B2A3E7926400206F
S21402E108076E002094640020A84600209C64002025
S21402E11808B50EF062FC074B1B88C01A80B2B0F531
S21402E128807F05D9BDE80840002103480EF07ABA78
S21402E13808BD00BF605D0020F86C00202DE9F0479E
S21402E14888B004460D460CF067FB0146204603F0ED
S21402E15883F910F003035FD110F00C0F06D129469D
S21402E168204608B0BDE8F047FFF79EBC20460AF0F6
S21402E1783CFBC30638D420460CF04EFB014620462C
S21402E18803F06AF9064620460AF029FC8046023061
S21402E1980EF00DFD05A9074620460CF024FC06F0F5
S21402E1A80C0698F801300C2E0CBF4FF003094FF0FE
S21402E1B80609012113F0010F204618BF4FF0030984
S21402E1C80EF07CF9174B80461B88A3420FD1B5FA8E
S21402E1D885F04009FBF748FC20460AF034FB00228B
S21402E1E8014607200EF0ACFC08B0BDE8F08703F045
S21402E1F8ABFA824640460EF045F9064640460EF011
S21402E20825F9F6B202903A4649462846CDE900A6CE
S21402E21805AB08F02DFCDFE7012BE5D110F00C0F5B
S21402E228E2D19CE7565D0020002210B5094B1C7807
S21402E238094BD1B28C4201D8002010BD197A81420E
S21402E24802D19979022902D010330132F1E701206E
S21402E258F3E700BF94640020A84600200146002287
S21402E26810B5084B1C78084BD0B2844201D800205F
S21402E27810BD187A884202D198790128F8D010334E
S21402E2880132F1E794640020A8460020002210B468
S21402E2980A4B1C780A4BD1B28C4203D85DF8044B61
S21402E2A8FFF7DABB197A814205D19979012902BFAB
S21402E2B800211980598010330132ECE7946400205B
S21402E2C8A8460020024B1878003818BF012070476D
S21402E2D894640020044B1B6813F0300F03D02021EF
S21402E2E830200BF021BE7047904A0020002310B55C
S21402E2F8044608491A4601EA00414FF07F60FFF7D4
S21402E30801F8E30703D5002130200BF00DFE0020AC
S21402E31810BD00BF00007207044B5B8823F47843E5
S21402E32823F08D0303800020704700BF904A002028
S21402E33808B500220346C3F80220C3F806200B4A93
S21402E34802301268D1B212F0200F18BF41F0100145
S21402E3581980930701D4FFF74DF8054B1B78023B4B
S21402E368032B8CBF1720002008BD00BF904A002050
S21402E378D763002038B505460C46FDF7EDFB98B185
S21402E3880E4B187878B10E4B1B681A040FD58CB151
S21402E39813F0420F00D17DB103F44073B3F5407F0A
S21402E3A80CBF0020232038BD40F60840FBE740F6A5
S21402E3B80B40F8E72046F6E72320F4E7D36300206D
S21402E3C8904A0020F0B504468DB007A80D461646BA
S21402E3D808F048FC1022002103A8EFF739FD5CB1CB
S21402E3E8234603AC03F11007224618685968083317
S21402E3F803C2BB421446F7D1012703A986EA0703DC
S21402E40807A88DF81C708DF81D3008F096FD80EA76
S21402E418070401A8E4B2EDF79DF8B6B101A88DF895
S21402E4280650EDF7C3F864B1002303A907A88DF8D0
S21402E4381D3008F091FD0C4B1B78432B01D1F9F7E0
S21402E448DBF80A4B1D700DB0F0BD01A88DF8075019
S21402E458EDF7ACF8002CF6D003A907A88DF81D70C6
S21402E46808F07AFDEFE700BFD7630020D2630020EA
S21402E478F0B5012593B007460DA80C4608F0F2FB46
S21402E48805A90DA8ADF8345008F081FD01A8EDF7EE
S21402E49861F809A90DA88DF835509DF8066008F0B0
S21402E4A876FD0DA89DF8075008F007FD70BB731B94
S21402E4B8DBB2802B28D91FB1A64225D0A54223D18C
S21402E4C805A90DA808F048FD03A8EDF743F803A828
S21402E4D88DF80F60EDF76AF80122294609A8FFF7BA
S21402E4E871FF0AF007FE01214FF400700BF02CFFB3
S21402E4F8FDF71AFBB0F1004F01D9FDF71BFB044BE1
S21402E508187808F01BFB012013B0F0BD0020FBE7CB
S21402E518D263002070B50E46144605460320FFF760
S21402E528B7F946F004022946204608F06FFD002295
S21402E538014B1A6070BD00BF8C4A0020F0B587B048
S21402E548078805461022002102A8EFF781FC3E4BF9
S21402E5581B78002B76D1BC055ED407F08403842B87
S21402E56863D00022394C11461046FFF72BFF17F4EA
S21402E578045F276005F102061CD0B9040AD53046A6
S21402E58802F09CFA00284ED1236823F4005343F481
S21402E5988073236030460BF043FD002842D108F012
S21402E5A85FFB18B9236843F480332360236843F07B
S21402E5B82003236022680DF1060042F4004323601C
S21402E5C8FFF7AAFE12F4805FBDF8063031D043F09A
S21402E5D82003ADF806302168334611F0400218BF12
S21402E5E805F123024FF07F60FEF78CFEBDF8063079
S21402E5F8DA0703D5002130200BF096FC23689B052A
S21402E60806D5012295F8221005F11200FFF7DAFE68
S21402E61800200F4B186006E005F112000BF000FD13
S21402E62800289AD0292007B0F0BDB80799D523202C
S21402E638F9E723F02003ADF80630FDF77BFAFEF77C
S21402E64875FCC8E70220EEE7D7630020904A002050
S21402E6588C4A0020024B1868C0F30050704700BF6F
S21402E668904A00202DE9F04F0646894610460021BA
S21402E67889B01546984602F0EFFE102807460AD8D3
S21402E6886A4B0341DB0706D4C8F340049DB9002051
S21402E69809B0BDE8F08F664B1C78002CF6D0FFF761
S21402E6A8D9FF00280CBF4FF4F0744FF4D074FC4026
S21402E6B804F00104EAE74FF0000A18F0010F534687
S21402E6C8524629464FF00500CDF800A00CBF4FF081
S21402E6D8080B4FF4027B06F04CF90028D7D0C82363
S21402E6E83246009359465346284602F0DDFEADF8F8
S21402E6F80E000028CBD018F0080A4AD14FF6F77356
S21402E708A7F10F02D2B29E428CBF09230123012A27
S21402E71801D843F04003474A8DF810301378591C45
S21402E72811708DF81130002C4FD09DF81030052F3F
S21402E73843F020038DF8103033D03F4B1D78002D60
S21402E7485AD04FF6F77300259E424FF00F0248D96B
S21402E758012304A90DF10E00F7F75EFB002896D1F7
S21402E768002C4DD1BAF1000133463A4618BF0121B2
S21402E778BDF80E00CDF8009008F0E3FDADF80E00E7
S21402E788002884D018F0040F4DD031460AF050FE07
S21402E7987EE749460DF10E000BF0FBFD0028ADD1D1
S21402E7A875E70121BDF80E000DF088FE012102F082
S21402E7B853FE0123834013F0620F1CD11E4B1B78B5
S21402E7C8E3B14FF6F7731825BEE71B4B25461B78B1
S21402E7D80222002BBCD04FF6F7739E42B8D8052FFC
S21402E7E8B6D0BAF1000FB3D19DF8103043F040030B
S21402E7F88DF81030ACE710250F22A9E71825FBE79D
S21402E808BAF1000F0AD002234A46009029460DF1B3
S21402E8180E00FEF79DFB0028A4D038E74123524697
S21402E828CDF800A0F2E70AF0EBFD31E79FFEFEFF07
S21402E838D3630020D4630020C76300202DE9DF439A
S21402E8481E46144B80461B680F469B0791460A9C39
S21402E8581BD4204614B108F05EFDC0B20622CDE9EC
S21402E86802403B460020CDE900890B490BF054FFD5
S21402E878024650B10021002E0CBF0123032308468E
S21402E88804B0BDE8D043FFF7EDBE002004B0BDE8F3
S21402E898D08300BF904A0020006D04002DE9F04F97
S21402E8A88DB081468A461F4693469DF85C803AB9E3
S21402E8B803A8FEF79FFDB0BB00200DB0BDE8F08FA1
S21402E8C815460022232110460AF0A4F8ADF80A00DD
S21402E8D80028F1D00DF0BAFD0523044618F0100FF3
S21402E8E800F8023B677020D011220021EFF7B0FA39
S21402E8F804F11306032F4FF0080237D15946304663
S21402E908EFF7F8FAC8F3801306F10905337208F030
S21402E918FEFC00283ED000232B706B7001230335C3
S21402E92805F8013C36E003ADCBE70126102216991E
S21402E938EFF7E0FA06FA07F313F0620F02D104F1D2
S21402E9481206D7E707A808F08DF905A88DF81C6007
S21402E958ECF700FE9DF8162018F0200F9DF81730E9
S21402E96808BF134604F11306A374C3E7514630469C
S21402E978EFF7C0FA012306F10802121B2846009395
S21402E988BDF80A10082392B20EF00EFA042F06F10A
S21402E9981005BCD02D1BA9B20DF10A000BF024FEFF
S21402E9A8002889D118F0040F0BD048460EF0F1F96A
S21402E9B8FF281FBF074A32F8103023F4804322F894
S21402E9C81030434651464846BDF80A20FFF74AFE2D
S21402E9D873E700BFF85C002070B5032690B08DF888
S21402E9E80760F7F7B3FB18B90224204610B070BDCB
S21402E9F802AD2846FEF7FEFC0028F5D01B4B1C6825
S21402EA0814F00204F0D140F20F43194AADF824304C
S21402EA18136804A8CDF826305368CDF82A3008F0D3
S21402EA2821F995E8030005AB83E80300062304A84A
S21402EA388DF81D308DF81060ECF72EFD01210DF1D2
S21402EA482E020DF10700ECF77FFC22461A2109A8D0
S21402EA5809F0E0FF024608B91924C6E70123294649
S21402EA682046FFF7FFFD0028BFD1F5E7904A0020B1
S21402EA785D6400202DE9F04F04460D46002191B052
S21402EA881F2208A89B460791EFF7E2F920460BF0EB
S21402EA98C3FE0146204602F0DFFC8DF81100204630
S21402EAA809F09DFF9DF81130467899068146C6F30F
S21402EAB84006204648BF46F002060BF083FF804613
S21402EAC820460DF0DFFC0022A0EB0803DBB2232B66
S21402EAD828BF232300922146424607A80EF064F96F
S21402EAE800283AD1A24B9DF81C701B789DF81DA0F1
S21402EAF8B3B3FFF7AFFD00280CBF4FF4F0734FF423
S21402EB08D073FB40DA072BD5B30729D4082F22D1B6
S21402EB18BAF1040F21D1FBF77FFBF0B90123424675
S21402EB280093214605200DF1110305F0FFFEA0B162
S21402EB38053F0D2F11D8DFE817F024001000AF01AB
S21402EB48BC01C501100010001000100010001000D3
S21402EB58CB01F901F901052F07D011B0BDE8F08FF6
S21402EB68102F05D1BBF1000FF7D0FBF755FBD5E701
S21402EB78FBF752FB0028D1D0052FCFD0112FCDD0CE
S21402EB88EBE7BAF1050FE8D8204609F08BFE0290AB
S21402EB9809F102000EF00BF882460DF11200FFF79B
S21402EBA8BBFB01239DF81D8003FA08F313F06203EA
S21402EBB803932DD0BDF812309D0722D5B407CCD5C5
S21402EBC8FBF72AFB0DF11E000BF02AFAB8F1030F29
S21402EBD804469DF82EB02FD10DF12F050AF090F8B5
S21402EBE8824540F03181032EB7D19DF836100DF1DB
S21402EBF81E02003918BF01210DF12E0008F0ACFBE9
S21402EC08ABE7FBF709FB0028DCD1002EA5D0D9E735
S21402EC18FBF702FB68B10DF11E000BF001FAB8F122
S21402EC28030F04464FF0000B40F082800DF12E05CC
S21402EC38D4E7002E91D0EEE74E4B1B6898072AD5EC
S21402EC48FF2208210DF1370009F0E8FF814610BBC4
S21402EC58034601460DF137020220FEF753FB0AF07F
S21402EC684FF882450DF137070DF12F0523D04FF6E1
S21402EC78F7739A4540F2ED8000220821284609F0EB
S21402EC88CDFF002800F0E580002259460DF11E004F
S21402EC98FFF798FB61E70DF137070DF12F053846A8
S21402ECA80BF06AF9002848D00AF02AF8824540F0A4
S21402ECB8CC804FF000092846F7F7D2FD002800F06E
S21402ECC8C480B8F1010F5BD0B8F1040F7FF445AFEA
S21402ECD80BF075F910B1032E7FF43FAF002C7FF4CA
S21402ECE83CAF3A4602210DF11E00FFF713FC224BF9
S21402ECF81B7863B1FFF770FEFEF7C4FD022806D143
S21402ED080120FEF7B9FD01210846FEF741FC1B4B20
S21402ED181B78022B20D10321384607F011FFFEF795
S21402ED28B1FD014600287FF418AFFEF731FC14E760
S21402ED380DF136070DF12E05B1E7104B1B78432B64
S21402ED487FF40BAFB8F1010F7FF407AF09F0D8FFD5
S21402ED5882457AD1C146AEE7412B7FF4FEAE054B1B
S21402ED681B6859057FF5F9AEF9F73EFEF5E600BFD2
S21402ED78D3630020904A002084640020D7630020D2
S21402ED886C4D2B78022B22D02B78412B3FF4E5AE24
S21402ED983CB9FBF741FA594602460DF11E00FFF749
S21402EDA811FBFBF739FA00283FF4D7AE0BF007F948
S21402EDB8614C98B123681B0502D42B78432B0DD1DE
S21402EDC8B0070BD440F61A40F9F70CF8C5E60BF074
S21402EDD8F6F80028D8D0B207D6D4BEE6206810F0D7
S21402EDE8020002D102990BF0A9FA2B78112B16D140
S21402EDF82368590513D50020FEF7E0FB04460028D1
S21402EE087FF4ABAE0AF0EAF940F61C40F8F7EAFFE0
S21402EE1821462046FEF7BCFBF8F7F0FF9DE6B20750
S21402EE2801D5FFF757FAB9F1000F9DD007F018FF82
S21402EE3818B94FF480310BF077F800223F4B38466A
S21402EE481A600BF090F88FE70027039B002B7FF4DD
S21402EE580EAF4FF6FF73284605A9ADF8143009F031
S21402EE6842FF20B1284609F01FFFADF814004FF6FE
S21402EE78FF73BDF8140098423FF46FAE002C0CBF27
S21402EE880423152301930DF11E0300933A464346C5
S21402EE982946FFF703FD60E60DF11D00F7F7E0FCD3
S21402EEA800283FF45AAE022229460020FAF79EFEB0
S21402EEB853E6F3077FF551AE3246284607A90BF00C
S21402EEC867FA4AE69DF81D100120FFF7D1FA44E6D4
S21402EED8184B1B78022B20D1002D7FF43EAE05A8D6
S21402EEE8FEF788FA00283FF438AE154B1D709DF8D9
S21402EEF81D30002B14BF64246524FEF7C3FC0328C8
S21402EF0806D128462946FEF743FB2846FEF7C0FCEC
S21402EF18214605A807F014FE1FE6043B012BDBD9A1
S21402EF28284608F004FA0028D6D116E6204608F045
S21402EF3800FA12E6D7630020904A00208C4A002086
S21402EF48846400202DE9F34105460E461746984686
S21402EF580BF035F8044640B101233A4631462846B6
S21402EF68CDF80080FFF76AFC04460BF028F830B1AB
S21402EF78FFF770FB78B10A4B1B689B010BD4002382
S21402EF883A4631462846CDF80080FFF757FC002C53
S21402EF980CBF0446012404F0010002B0BDE8F0816B
S21402EFA8904A002070B58AB005A807F05BFE0223D7
S21402EFB801AA15468DF81430084B03F110061446BC
S21402EFC818685968083303C4B3422246F7D129465B
S21402EFD805A807F0B2FF0AB070BD00BF63D10400EF
S21402EFE8014B1878704700BF3F6E0020014B188807
S21402EFF8704700BFBE6D00204FF6FF732DE9F04341
S21402F008994280460D4685B00BD000274FF6FD790B
S21402F0181C4EEBF791FDFCB2A0420BD84FF6FF70E0
S21402F0281DE0F7F71DFC0028EFD005B0BDE8F04359
S21402F03809F066BE36F814304B4517D8694620469E
S21402F0480AF0F3FF082241460DF10500EFF74CFAE5
S21402F0584FF6FF7360B99D4204D136F8140005B026
S21402F068BDE8F08326F814500AF0B9FF0137D0E756
S21402F0789D42FBD036F81430AB4208BF26F81490EF
S21402F088F4E700BF2C5C00202DE9FF4706460F4632
S21402F09800254FF6FD79DFF83C80DFF83CA0EBF759
S21402F0A84BFDECB2A04202D804B0BDE8F08738F8AF
S21402F0B814304B450CD8694620460AF0B6FF08229B
S21402F0C831460DF10500EFF70FFA08B90AF8047091
S21402F0D80135E4E72C5C00209D630020014B33F8E1
S21402F0E8100070472C5C0020F0B5064600250D4F30
S21402F0F885B0EBF721FDECB2A04201D805B0F0BD11
S21402F10837F81430B3420BD1694620460AF0C9FFD5
S21402F1189DF80030022B1CBF4FF6FD7327F81430FB
S21402F1280135E6E72C5C002030B585B004460D466E
S21402F138EBF702FDA0420FD9084B33F814204FF61E
S21402F148FD739A4208D8694620460AF0AAFF29465D
S21402F1580DF10500FFF750FF05B030BD2C5C00200E
S21402F16830B585B00446EBF7E7FCA04219D920462D
S21402F178FFF75AF80546B0B9694620460AF055FF21
S21402F1889DF800302BB1694620468DF800500AF0EB
S21402F1986AFF4FF6FF720020044B23F8142005B0CE
S21402F1A830BD2820FBE740F60440F8E72C5C002038
S21402F1B82DE9F0410B7805460E461BB9BDE8F0412D
S21402F1C8FFF7CEBFEBF7B8FCA84231D92846FFF7BF
S21402F1D82BF878BB374617F8058B4FF6FF7138467B
S21402F1E8FFF70AFF0446384600F01EFAB0FA80F027
S21402F1F84009B8F1000F15D0B8F1030F15D04FF635
S21402F208FF724FF6FD73944208BF1C460B4B3146FD
S21402F21823F815400A4B585528460AF024FF0020C2
S21402F228BDE8F0814FF6FF74F0E74FF6FE74EDE79F
S21402F2382820F5E740F60440F2E700BF2C5C0020E1
S21402F2489D6300202DE9FF410D4604464FF6FE78E1
S21402F2580F4F0E0AEBF770FCA04204D8FF24204694
S21402F26804B0BDE8F08137F8143043450CD169463E
S21402F27820460AF0DAFE9DF80520EBB29A4203D140
S21402F2889DF80630B342EAD00134E4B2E2E700BFA2
S21402F2982C5C00202DE9F04F0C46174698460025B0
S21402F2A84FF6FD7B87B09DF840A0DFF85C90019092
S21402F2B8EBF742FCEEB2B04201D8FF2616E039F868
S21402F2C816205A451ED8304602A90AF0AEFE3FB9A5
S21402F2D89DF80920424515D19DF80C20524511D1BA
S21402F2E844B939F81620019B9A420BD1304607B02A
S21402F2F8BDE8F08F082220460DF10D01EFF7F4F86D
S21402F3080028F3D00135D3E72C5C002010B514464C
S21402F3180AF08BFE2046BDE8104008220149EEF7A7
S21402F328E9BD00BF5D6400202DE9FF470746154684
S21402F3380846082224491E46EFF7D6F8044600284F
S21402F3483FD14FF6FF7ADFF88490EBF7F5FB5FFACA
S21402F35884F880450BD385B3384605F0A8FB01250B
S21402F3680C9B18700120357004B0BDE8F08739F898
S21402F378183053451FD0694640460AF056FE7A783A
S21402F3889DF801309A4216D17A88BDF802309A4220
S21402F39811D13A799DF804309A420CD108220DF11F
S21402F3A80501781DEFF7A0F828B9002DD7D14046F9
S21402F3B805F098FBD3E70134C7E7FF2005F092FB78
S21402F3C8CEE70020D0E700BF5D6400202C5C00205A
S21402F3D8F0B50025154E164F85B0EBF7ADFBECB22F
S21402F3E8A04201D805B0F0BD694620460AF01DFEC7
S21402F3F89DF80030032B06D90023694620468DF86F
S21402F40800300AF030FE9DF8002062B14FF6FD7318
S21402F4184FF6FE71032A08BF0B4626F8143000235F
S21402F42801353B55D9E74FF6FF73F6E72C5C00200B
S21402F4389D630020F8B50E4604464FF6FF770C4B40
S21402F4480C4D1B7803EB430305EB8305A54202D854
S21402F45800242046F8BD2388BB4206D0082231463F
S21402F468A01CEFF741F80028F3D00C34EEE700BFF3
S21402F478096E00206C5B0020044BFF211A780448B2
S21402F48802EB42029200EEF7E3BC00BF096E0020D0
S21402F4986C5B0020F8B504460C4B0D461B781046EC
S21402F4A8A3420DD90C27022117FB04117C43084EF0
S21402F4B808223144EEF71EFD335B00202B80F8BD90
S21402F4C80023136053604FF6FF73F6E7096E0020B9
S21402F4D86C5B002038B504464FF6FD75FFF704FE50
S21402F4E80022084B1878084BD1B2884200D838BD9B
S21402F4F833F80C1C0132A14208BF23F80C5C0C330B
S21402F508F2E700BF096E0020785B002070B505465A
S21402F5180E460846FFF7DEFF31462846FFF76CFD23
S21402F52829460648FFF786FF00B970BD044624F848
S21402F5380C6B0AF054FD29462046F3E76C5B002064
S21402F54810B5082286B023490446EEF7CDFF20B947
S21402F55806B0BDE8104009F0D3BB082220461E4973
S21402F568EEF7C2FF20B91D4BB3F8680006B010BD0F
S21402F5780023012221464FF6FF700093FFF78AFE0A
S21402F588FF2806D0164B33F810004FF6FB73984246
S21402F598ECD903A8FEF7CCFE58B9BDF80C305B06CA
S21402F5A807D5082221460DF10E00EEF79DFF00282A
S21402F5B8DCD021460B48FFF73DFF40B14FF6FB7201
S21402F5C84FF6FF730088904288BF1846CEE74FF67C
S21402F5D8FF70CBE75D640020B25700204857002032
S21402F5E82C5C00206C5B002070B5002204464FF6A7
S21402F5F8FB7608460A4B1D780A4BD1B28D4201D8D3
S21402F608002009E01988B14207D8A14205D108228C
S21402F618991CEEF76FFC012070BD0C330132ECE743
S21402F628096E00206C5B002037B5014605460E4879
S21402F638FFF700FF044640B1807A29460AF055FDD6
S21402F64880F00100C0B203B030BD0346009001222C
S21402F65829464FF6FF70FFF71DFEFF2816BF034B1D
S21402F6682046185CE9E700BF6C5B00209D6300201B
S21402F6782DE9F341224B04461B780F468342154672
S21402F68838D9FEF7EBFDB8BB4FF6FD739D421D4E0B
S21402F6980ED004EB440326F823504FF6FF739D4220
S21402F6A81FD12046FEF7F2FD002002B0BDE8F08129
S21402F6B80DF10601384609F016FB4FF6FF72BDF843
S21402F6C806303846934218BF1D460C236343F5524C
S21402F6D806EB0308FFF7A8FFB0FA80F0400988F89F
S21402F6E80A000C2303FB0460082239460230EEF7B0
S21402F6F801FCD9E72820D8E740F60540D5E700BF41
S21402F708096E00206C5B002038B504460D46FFF7EC
S21402F718BBFC21460448FFF78DFE00B938BD85724A
S21402F72821460C30F7E700BF6C5B00200023074A2F
S21402F7381370074A1370074A118801B11380064BE3
S21402F7481A880AB100221A80704700BF9664002001
S21402F75895640020665D0020645D00202DE9F04F68
S21402F7683C4C1D46238887B00746884610469DF8B7
S21402F77840605BB952B10AF050FF20804FF4FA613C
S21402F788354807B0BDE8F04F0CF04CBFDFF8D8900C
S21402F798B9F80040002C49D020460CF073FEC0F39E
S21402F7A8470620460CF052FEDFF8C0A00296BAF8CA
S21402F7B80030DFF8BCB00193BBF800300446009373
S21402F7C800222B46012025490AF0A6FFADF81600AE
S21402F7D8E8B1012504EB4606B4420DD1BDB9BDF821
S21402F7E81630A3B12A464146384600F06FF9ABF800
S21402F7F80050AAF800500AE0012321461A460DF1E5
S21402F8081600F6F709FB023405460028E4D0002362
S21402F818134AA9F800301378013BDBB21370002BA9
S21402F828ACD107B0BDE8F04FFFF780BF0D4C237888
S21402F83823B90DF035F808B9012323703246294654
S21402F8480520F7F70DFA0028EBD1207007B0BDE8BF
S21402F858F08F00BF665D0020186D0020066D04005C
S21402F8689664002095640020645D0020005D0020F8
S21402F878025D002030B5154D87B02C889CB923460A
S21402F8884FF4A07248F2380103A80AF00AFD21468E
S21402F8982046FAF7E3FA22460D4B009403A9FFF72F
S21402F8A85DFF07B030BD204609F099F804300DF028
S21402F8B87EF903A9044628880BF095F800230093DE
S21402F8C820462A8803A900F0AFFAEAE7665D002018
S21402F8D800F8FF0737B5002001A9FAF7BFFA0D4C62
S21402F8E8014623780C4D7BB10C4B019A1878FAF72F
S21402F8F8CBFA2078F8F74CFC002323702B700848C4
S21402F908F6F736FB03B030BD2B78002BF7D0FFF79F
S21402F918B1FFF4E7986400209664002097640020FC
S21402F928186D002008B50548F6F732F80448F6F7C9
S21402F9382FF8BDE808400348F6F72AB8665D0020A7
S21402F948645D0020625D00202DE9F04F89B089468B
S21402F9580446CDE905239DF84870139E30B316F881
S21402F96801ABBAF1000F23D00AF1FF34A400E4B2C7
S21402F9783146012007F023FDC00E1BD1DFF838B14F
S21402F9883146012007F01BFD9BF8005034442279CB
S21402F998BDB1002F47D180234846CDE90277CDE98D
S21402F9A800773E4A059900F091F83CE08246DFE788
S21402F9B85446DDE71B28ECD93146012007F0FFFC48
S21402F9C8E7E7DFF8F880FF2A00EA08080BD1424684
S21402F9D8E379A179607901EB032189B209B0BDE820
S21402F9E8F04FFAF751BA2E4909688B070AD5FE2A4C
S21402F9F835D101230135EDB2202D4FEA43030AD152
S21402FA08FF250AE0294628460792FAF727FA4845C4
S21402FA18BFD1079AEBE79845ECD1224B1B78FF2B10
S21402FA2804D0AB4204D009B0BDE8F08FFF2DFAD05F
S21402FA3829460020F4F7B2FF0028F4D09BF80030DD
S21402FA486479002BEFD1FFF771FE17484FF4105177
S21402FA580CF0E8FD154B8BF800501C70E3E7052AFE
S21402FA6897D8BAF1010F94D8B8F1000F91D0002FA9
S21402FA78D9D17379002BD6D00D49098821B9082B1C
S21402FA8828BF08230B490B70434648461292DDE905
S21402FA98051209B0BDE8F04FFFF760BE066D040018
S21402FAA8904A0020406E0020186D002097640020BF
S21402FAB8665D0020966400209864002000F8FF0720
S21402FAC8014B1880FFF7D6BE645D00200CB42DE902
S21402FAD8F04F8BB014AA0E4652F8041B074609923A
S21402FAE8002940F08F80BDF85400ADF822000028A7
S21402FAF800F0A18033794FF6F778002B40F0868025
S21402FB0847458CBF4FF009084FF008084C4B1C7845
S21402FB18FF2C40F08380B6F90230002BA9BF494B70
S21402FB28347A1C780134A2BFE4B21C7044F0800414
S21402FB38DFF81CB12246002101F0A2FC9BF8003037
S21402FB48BDF82200002B6CD0DFF808A14FF00009A0
S21402FB58BAF8003007930CF095FC0546BDF822006B
S21402FB680CF074FCEBB2CDE90193FF23CDE903094F
S21402FB7800932246334639460798FCF7B5FB4FF6FC
S21402FB88FF7305468BF80090AAF80030382D33D15B
S21402FB983246394640460DF1220307F0D0FB0028CC
S21402FBA84BD04FF6F7739F4226D8B6F902307088C4
S21402FBB8002B21DA48F204022349244B4FF00008AE
S21402FBC8904214BF8946994609F09AF84946034670
S21402FBD88A220120CDF800800AF09EFD814658B19F
S21402FBE82246414601F04CFCFF233246394640463F
S21402FBF8CDE90098FCF7DAF928460BB0BDE8F04FD5
S21402FC0802B0704701200AF064FD6EE700234745FC
S21402FC188CBF4FF006089846337177E7FF221A70B2
S21402FC2886E7CDE900033246FF2339464046FCF70D
S21402FC38BDF90546AAE71925DEE70546DCE700BF53
S21402FC48426E00209A640020176D04000C6D0400B2
S21402FC5899640020685D002070B54FF400330024D4
S21402FC680546164688B0ADF81A100DF10F0204A91B
S21402FC780593ADF81840ADF81C4004948DF80F4073
S21402FC8807F03CFB9DF80F3028460193049B044A74
S21402FC98009305A93346FFF719FF08B070BD00BFE9
S21402FCA8106D040030B54FF48035002487B00395F4
S21402FCB8BDF82850CDE900128DF81030074A0346E1
S21402FCC803A9BDF82C008DF81140ADF81250ADF816
S21402FCD81440FFF7FBFE07B030BD00BF1C6D0400E2
S21402FCE8B1F1006F2DE9F04314462CBF39223822B1
S21402FCF88BB01D464FF00003ADF81E204FF480026D
S21402FD082CBF4FF001099946FF2C0646ADF81C3069
S21402FD180892ADF824304FEA11471FFA81F80FD13E
S21402FD2809F0FFFAB9F1000F19D1154ACDE9020513
S21402FD3843463046CDE9007407A9FFF7C7FE1AE026
S21402FD48FE2C0AD109F0EDFA0130C0B209F0F4FA35
S21402FD58B9F1000F12D00B4A02E0E8B2F8E70A4AF5
S21402FD68CDE9030501233046CDE90174CDF80080BC
S21402FD7807A9FFF7ABFE0BB0BDE8F083034AD5E749
S21402FD88146D04001A6D0400136D04001B6D040044
S21402FD984FF498124FF0806310B586B0CDE903236E
S21402FDA80023ADF8143008F0ABFF0446F8F796FACD
S21402FDB8054B01900093054A234603A94FF6FD70AA
S21402FDC8FFF784FE06B010BD5D640020206D0400B7
S21402FDD808B5064B1B78022B02D0043B012B03D82E
S21402FDE8FFF7D6FF002008BD0220FCE7D7630020F5
S21402FDF830B500244FF4806587B0CDE900128DF83F
S21402FE081030084A034603A94FF6FD708DF81140D4
S21402FE180394ADF81250ADF81440FFF757FE07B03A
S21402FE2830BD00BF246D04002DE9F04F99B00E4690
S21402FE3805460CA91046CDE90A329DF888700AF0E4
S21402FE488FF9BDF83090804648460CF01BFBB6F991
S21402FE5802300446002BB6F806A0B6F802B004DA5A
S21402FE6800228D4B1A70002049E048460CF00AFB27
S21402FE784045F5D3A4EB0804E3B2002F18BF4FF4AD
S21402FE88A07A152B099328BF15230024013308F1FD
S21402FE98FF324946DBB292B2009412A80CF084FFF5
S21402FEA86FEA4B436FEA53437C499DF8482008683B
S21402FEB84968ADF83E300DAB03C3ADF84040ADF827
S21402FEC83C40ADF842A0ADF84420BBF1000F24D167
S21402FED80DF14900F6F7C4FCA0B108F011FF5C4624
S21402FEE880460DF151060DF149030A9A96F80090DC
S21402FEF8012A2CD14FB384F0010404F0010019B092
S21402FF08BDE8F08F0DF149000AF039FA4FF6FF7492
S21402FF18011B4C4280464C41E3E7BBF1010F57D127
S21402FF28BDF8498008F0ECFE80450AD040460DA987
S21402FF380AF028FA80F00104E4B20DF14B060DAB84
S21402FF48D3E7574B0DF14B06CFE70A9CD5E75FB3CD
S21402FF5844BBB9F1010F25D830D108F0D1FE08F01C
S21402FF68CFFE2246804671784D4B02910021012031
S21402FF78CDE900814B490AF0CFFBADF8320088B1D3
S21402FF8824BBB9F1010F0CBF0D210C210DF1320073
S21402FF980AF02AFB024628B92846BDF832300FA9CD
S21402FFA8FFF794FD0120AAE7B9F1010F04D1002C4E
S21402FFB8D3D081227178D8E7002CFAD1B9F1010F93
S21402FFC894BF002201227178D201CEE70C21DDE728
S21402FFD80A9B002B7FF447AF7388342B4BD1099BBF
S21402FFE8092B7FF440AF002F7FF43DAF9DF9516097
S21402FFF83A46B41008210DF1490004F0200408F02E
S2140300080DFEA0B1284B1B78012B3FF42CAF274AD3
S214030018274BB2F868201B68AA421DD0DA001BD506
S214030028C8232846234A0FA9FFF750FD1BE70DF1FF
S2140300384900F6F715FC0028E4D10DF149000AF04B
S2140300489EF94FF6FF739842EAD02146F9F778FEF1
S21403005803460028E4D1E4E75B0201D5002E08DA5C
S21403006800232846134A0FA9FFF730FD124B1C70CE
S214030078F9E68D23D5E7099BCDE905A204930DF18F
S2140300884903CDE9028331462846CDE900790B9B1F
S2140300980FAA00F03DF8E6E68E64002086F5030016
S2140300A85D640020286D0400D863002048570020AC
S2140300B8904A002070220400416E0020024B1878F4
S2140300C840F08000704700BF9A640020014B1880F8
S2140300D800207047C66D00204FF6FF71034602885E
S2140300E81B798A4217BF074901200A8041881EBF29
S2140300F8054A00201180FF2B1EBF044A00201370F8
S214030108704700BFC26D0020C06D00209B640020AE
S2140301182DE9F04FA1B09946BDF8AC302D9F0D934D
S2140301289DF8B03004460E93BDF8BC3038460F939E
S2140301389DF8C0304E88884615469DF8A8B010939B
S2140301480CF035FD112E824671D808F0D9FD5045BE
S21403015876D0062E10D14FF6FD72924526D0BBF107
S214030168000F10D100228023CDE900A2294620469D
S214030178BC4AFFF7ABFC06E0BBF1000F03D1032E26
S21403018807D8012E09D80022B74B1A7021B0BDE84C
S214030198F08F043E022EF6D8E4E78023294620464D
S2140301A8B24ACDF800A0FFF791FCECE7B04B1B78FA
S2140301B85E074CD408F0A4FD002603463246012009
S2140301C8A84900960AF0A8FA3B79ADF866000F939B
S2140301D80028DBD0DDE90E320D9803EB42090CF05C
S2140301E851F95FFA89F909F105085FFA88F8804535
S2140301F8CCD241460D9801F02FF9109008EB400831
S2140302080D980CF03FF98045C0DADDE90F32134349
S214030218DBB2002B40F03482BBF1000FB6D1D846D0
S21403022842460421BDF8660001F02AF974E1904AB3
S2140302383A2E127812D948F23B039E4207D013E0AF
S2140302488B4A127850070BD5321F022A08D8B8F8FB
S214030258063043F48043A8F8063097E71B2E1DD8CC
S214030268B21E91B213295FD9109B494602930F9B7E
S2140302783046CDE900B30E9A234607F046F80F2812
S21403028884D10122784B1A70794B1B789B0740F16F
S2140302982783BBF1000F7FF479AFD8E7A6F11C01DB
S2140302A81E29E1D801A050F821F000BFFF0803007B
S2140302B87102030071020300950103007102030033
S2140302C8ED060300ED060300710203007102030046
S2140302D87102030071020300710203007102030036
S2140302E87102030071020300710203007102030026
S2140302F87102030071020300710203007102030016
S2140303081F0703001F070300D10803007102030039
S21403031871020300F3080300710203004F09030088
S2140303286509030073090300132A9DD801A151F830
S21403033822F000BF8D0303001D0403003B040300E3
S21403034853050300BD010300710203007102030095
S21403035871020300710203007102030071020300B5
S21403036871020300710203007102030071020300A5
S214030378710203007102030097060300710203006B
S2140303882B09030000231A938DF866300DF16603D4
S21403039822460E99484600931AAB06F0B0FF08F0BB
S2140303A8AFFC0646EAF7D4FB162894BF4FF00209BB
S2140303B84FF02209F7F792FF2E4B0746B3F800A033
S2140303C8FBF7EAFD2C4B80464FF6FF70B3F800B0F8
S2140303D809F08DFF294B9DF866201988244B1B7856
S2140303E813F002031CBF264B1B780B921A9ACDE90F
S2140303F80701CDE9093240232946CDE90193204672
S2140304080023CDE9058BCDE9037A1E4A0096FFF74C
S2140304185DFBBBE608F074FC1B4B1C4A1B88CDE946
S2140304282A0300232946204621B0BDE8F04FFFF7EC
S2140304384DBBBE781AA9731EDBB2EF2B304627D9FD
S214030448F22E25D005F08DFA822608F059FC0023F3
S2140304582946CDE90003034A33462046FFF736FB11
S21403046894E600BF0C6D04008E640020176D04002C
S21403047898630020C66D0020C26D0020C06D002062
S2140304889B6400202E6D0400C46D00203B6D0400A1
S21403049805F067FA002856D008F032FC9DF86C2061
S2140304A89DF86E100492BDF86A2049000392BDF8C1
S2140304B86820C9B2CDE901629DF86D200346520053
S2140304C8D2B208320A44009201200022C6490AF032
S2140304D823F99DF86D30ADF866008DF86330002873
S2140304E83FF454AE4FF0000801230DF163011A469A
S2140304F80DF16600F5F790FC074600287FF446AE34
S2140305089DF86330FAB293420CD89DF86E308DF896
S2140305186330B8F1000F02D0BDF8663036E04FF00E
S2140305280108E1E74146304605F01DFA0123ADF818
S2140305386400022219A90DF16600F5F76DFC013770
S2140305480028DDD022E683267FE708F0D9FB064697
S21403055805F028FA3346009000220120A3490AF042
S214030568DBF800283FF412AE00273E46ADF86800D5
S21403057805F018FA5FFA87F840450DD83246042185
S214030588BDF8680000F07CFFBDF8683000222946F5
S2140305982046FFF79BFAF9E5404605F0E0F9FF2801
S2140305A88DF866000BD0012301361A460DF1660155
S2140305B81AA8F6B2F5F730FC00287FF4E7AD013742
S2140305C8D6E75046B7F8029005F0C9F9FF288DF824
S2140305D8640000F0E2811AA905F0C3F9BDF8683093
S2140305E84B4507D04FF6FF72914540F0D681190464
S2140305F800F1D3819DF86D3012930E9B0533DBB261
S21403060813930F9B149300234FF0000911934B4643
S21403061813E017934900139BC9B219440D9889B27E
S2140306280AF01DF84FF0000A179B159012995FFA07
S2140306388AF28A4216D309F10109149A5FFA89F1F4
S2140306489142E6D39DF86E201292169A1392002BC7
S21403065840F09581119B002B40F09F81109B1493CB
S2140306680123D1E711999DF86400179305F07BF9E8
S214030678159A179B0AF1010A824208BF0123D5E798
S21403068809F106095FFA89F3B046169386E1BD1C9D
S21403069829465046BC7A06F0BBF90122294650463D
S2140306A808F0D4FF504609F036FE284609F067FEE0
S2140306B83A88824207D04FF6FF72904203D00CF076
S2140306C868FB09F048FE84F00804C4F3C004214616
S2140306D82846FFF719F82146284621B0BDE8F04F0B
S2140306E806F03CBEBBF1000F7FF450AD12073FF592
S2140306F8AEAD33463A462946204601F08FF9002820
S2140307087FF444AD842329462046394A21B0BDE800
S214030718F04FFFF7DBB90F9897F8008009F0A3FBB3
S21403072800210746204601F0E3FC312EA7EB00071D
S214030738FFB240F0D5804FF0000A012053465246D8
S214030748CDE9008A2B4909F0E7FFADF866000028D3
S2140307583FF41CAD162251461AA8EDF779FB1AA8E2
S21403076808F057FD4FF0FF33DFF894B0CDE91C339C
S2140307789BF80090B9F1000F02D14FF0010A55E03B
S2140307881D4E33796F2B02D90026324625E0504694
S2140307981CA9F6F73DFF0028F6D0184BB6F80090CC
S2140307A8B3F86830B9F1000F2CD1003B18BF01230A
S2140307B85B0143F004038DF87A3002238DF87B300F
S2140307C873881B0A49461EA88DF87D300CF0F1F98C
S2140307D8B8F1000F65D0002601220221BDF8660095
S2140307E800F04EFE32461CE53F6D04000C6D040017
S2140307F870220400476D0400C45C0020485700209C
S214030808D1630020B3EB090318BF01235B0143F050
S21403081805038DF87A3002238DF87B300F238DF885
S2140308287C30CDE70AF1010A5FFA8AFA0AF1FF3645
S214030838F6B230460CF0B3FAC307F3D59BF800308C
S21403084819EB030F04D009F101095FFA89F9E9E7FF
S214030858584B1CA918783044C0B2F6F7D9FE0028BE
S21403086892D0304609F088FD814630460CF097FA58
S214030878C0070FD416238DF87A304F4B1B780133F5
S214030888DBB20F2B28BF0F238DF87C304B4B33F886
S214030898163096E730460CF082FA8107EAD412231C
S2140308A8E9E7BDF866000BF0EDFD1630B84292DCBA
S2140308B8012316221AA90DF16600F5F7ADFA0028EA
S2140308C87FF464AC012660E712073FF5C0AC3B46ED
S2140308D8224629460F9801F0F9F800287FF456AC0B
S2140308E8BBF1000F7FF452AC0CE7BBF1000F7FF4AB
S2140308F84DAC802307E708F003FA50457FF446AC6F
S214030908B81CF5F7ADFF00283FF440AC08F0F8F93B
S214030918064608F0F5F92A4B2A4ACDE92A03334650
S21403092880E538460CF043F909F0E1FC00283FF46B
S2140309382DAC2A90002329462046234A21B0BDE839
S214030948F04FFFF7C3B84B462A4621460020CDE9A9
S2140309582AB721B0BDE8F04FFEF7F6BF4B462A4646
S21403096821460120CDE92AB7F3E75B464A462946DE
S21403097820462A9721B0BDE8F04F06F0F4BC0123C1
S21403098819A91A460DF16600F5F746FA00287FF40A
S214030998FDAB08F101085FFA88F8013605F002F89E
S2140309A85FFA86FA50453FF60CAEB8F1000F3FF4EF
S2140309B833AC35E40F6E002083640020F65C002019
S2140309C85D6400204C6D0400176D0400F8B5164BE3
S2140309D804461D88154B20F8025B196879B108226E
S2140309E8EDF788FA124B0C201B78124EA372124BA3
S2140309F819780023DAB2914205D8FF2209E0C4F831
S214030A0802104160EEE7013300FB03F7F75BAF42E2
S214030A18F0D10A4BE2721B782373094B1B78637376
S214030A28084B1B682361F8BD765D002064580020D8
S214030A389C640020605B0020096E00208064002010
S214030A487F64002050580020F0B589B006460C464F
S214030A58154609F0B7FF0DF10A020146304609F0BC
S214030A6868FE144F0346F0B901223A702288BDF88F
S214030A780A102AB102460090072003F057FF90B1E8
S214030A8803A8FFF7A3FFBDF80A000BF0FBFC064616
S214030A98BDF80A000BF0DAFC21460090F3B22846AC
S214030AA803AA05F0DFFF0023034A3B70136009B06F
S214030AB8F0BD00BF9D64002064580020142230B5A2
S214030AC88BB005460DEB02011548DEF7DDFC10BBBF
S214030AD8BDF81430DA0720D413F0060FC3F3410227
S214030AE808BFC3F341220F4B0DF116019C5C684601
S214030AF82246EDF73DFBBDF8263004F128026A448A
S214030B0802F8283C02341B0A02F8273C69462A46A0
S214030B18E0B208F08CFF0BB030BD2320FBE700BF24
S214030B28703214E07BD1040010B58AB0ADF82620E5
S214030B380022CDE9052204920CAA02924FF6FF7210
S214030B480446AC2101200192064A039004FB0122C5
S214030B58603200924CF620010DF1260209F01BFCC8
S214030B680AB010BD4857002010B54FF6FF741E4A4A
S214030B788AB0B2F86800B2F85E10A042ADF8260054
S214030B88B2F85C304FF6FD70ADF8241018D08142E9
S214030B984FF0000094BF48F660014CF66001CDE9BB
S214030BA80500CDE90300CDE9010094BF09AA603228
S214030BB800920DF12602042009F0EDFB0AB010BDE1
S214030BC881424FF000008CBF603209AA00928CBFA6
S214030BD84CF6604148F66041CDE90500CDE90300CF
S214030BE8CDE90100014AE6E748570020B25700203E
S214030BF800B50E4B0022B3F85E308BB0ADF8243048
S214030C084FF6FF73CDE90522CDE90322CDE901228C
S214030C1809AA00924FF400610DF126020720ADF8E9
S214030C28263009F0B8FB0BB05DF804FB48570020E4
S214030C38202A10B5144614D8012A04D10C88B4F512
S214030C48004418BF0124620030B10748EDF752F993
S214030C58064B00201C7010BD0548EDF74BF9054BF5
S214030C68F7E72120F7E700BF785D00209E640020A1
S214030C78B85D00209F6400202DE9F047104617460C
S214030C880BF095FFDFF814A1DFF814919AF80030FB
S214030C9899F800200546134302D10020BDE8F087E3
S214030CA810F4406800F0400619D186BBB0F5804FB3
S214030CB85CD24FF4807400239AF80000344AD9B201
S214030CC888425DD8002399F80000324AD9B2884290
S214030CD8E3D932F8021B0133A142F7D155E0F81CD9
S214030CE80BF065FF4FF6FF73984214BF01240224E6
S214030CF886B1052605F44043B3F5004F44F00804CF
S214030D0824D0B5F5804F23D244F4807420E04446BB
S214030D180326EFE7B5F5804F4FF00506F4D3B8F58D
S214030D28406F14BF02200820304438440BF03FFFBE
S214030D38194B05F44045B3F85C3083420CBF44F0C6
S214030D48080444F00404B5F5004F01D144F08004C8
S214030D58B8F5006F0ED1B8190BF029FF0E4BB3F890
S214030D685E308342A7D144F01004A4E74446032622
S214030D780220D9E7B8F5406F08BF44F020049AE785
S214030D8832F8021B0133A14299D1012086E700BF3E
S214030D98B85D0020785D0020485700209F64002037
S214030DA89E6400202DE9F04F104685B016469846F7
S214030DB80BF0FDFE5D4F00F00803B7F85C10044621
S214030DC800F00709F01C02930391B7F85EB00BF026
S214030DD8EEFE06F1050A054650460BF0E8FE034606
S214030DE84FF6FF70854218D00399A1EB050CDCF18A
S214030DF8000545EB0C056D004FF6FF718B420ED1CF
S214030E0845F004050BF04CFD029B6BB1B9F1000FDE
S214030E1811D0422005B0BDE8F08F0125ECE79B45CD
S214030E2808BF45F00805EDE7B9F1030FF1D8DFE889
S214030E3809F0021B795D0BF033FD08B9A807E8D55E
S214030E4824F00804A4B2B4F5004F05D0B4F5624FF5
S214030E5802D0B4F5404FDCD10025294697F8A820E0
S214030E68002007F09AFD3CE0D7F88030E3B900216C
S214030E7832460846FFF700FFD8B948F6410224F081
S214030E8838039BB29342C4D10A2D49D0062DC0D14C
S214030E9897F87730023B012BBBD8F3F745FD0028BC
S214030EA8B7D140F6040505E0414630469847002882
S214030EB8DDD00825E20648BF45F08005A30648BFEF
S214030EC845F4805505F00C03042BC6D1F01D0BF032
S214030ED86EFE97F8A8303246009341462B4607F035
S214030EE831FD08B30E9B1880002093E7A90705D1A8
S214030EF84FF6FF73B7F85C209A428AD104F440632E
S214030F08B3F5006F0AD0B3F5406F82D10822504676
S214030F180749EDF7E9FA00287FF47BAF0C25C9E704
S214030F280425C7E7432075E7192073E748570020C9
S214030F38A8570020034B1A781AB1FF2A04BF0022C9
S214030F481A707047A164002070B5084C084E2378C1
S214030F58F55C1DB13E2107480BF04BFDFF222378B5
S214030F682846F2540023237070BD00BFA0640020F7
S214030F78A1640020506D0400034B044A1B78D05C20
S214030F88FF3818BF01207047A0640020A164002022
S214030F980023074A07491360074A1360074A136082
S214030FA8074A11600121074A1170074A1360704700
S214030FB87458002029A50300705800206C58002098
S214030FC8386D0020436E00207C5800200E2A70B52A
S214030FD80C4606461546194603D9FFF7D9FF50208F
S214030FE870BD012807D10020F3F7B8FCB0B1FFF7AE
S214030FF8CFFF2120F4E780220021224B1A70224BD0
S2140310081960224B1B684BB134200BF093FA204B24
S214031018188018B9FFF7BCFF0120E1E724F0FF6347
S21403102823F4FF231BB1FFF7B3FF4F20D8E774B9A8
S2140310382046F3F7ADFC0124032510F0800F43B2D6
S2140310481BBF00F01F039C409C4044F078440020DC
S214031058104B24F078441E700F4B10491D70104B2C
S2140310681C60104B1870104B1A68F4F71FF818B169
S214031078FFF78EFF0420B3E79DF810200B4B1A707A
S214031088AEE700BFA2640020785800206C58002002
S214031098F85D0020A7640020A564002099130300C8
S2140310A87C580020A664002074580020A3640020FF
S2140310B87FB5244B00251A7801232348234903FACE
S2140310C802F200781A440A60ADF80E5020B398422C
S2140310D836D11F4C1F4B20781B680DF10E0198471D
S2140310E81D4EBDF80E20307092B11C4B2946009356
S2140310F8284602230195F4F713F83278237822B1A9
S214031108012A12BF1B230133DBB2237004B070BD60
S214031118013818BF0120F0E778235A43013A0A60DA
S21403112808220F490BF04CF90B49094A097813783A
S21403113821B1012912BF1B230133DBB21370E5E784
S2140311481846E3E7A5640020A7640020805800201B
S214031158A6640020386D0020436E0020D5130300D4
S21403116835C80300024B1868003818BF01207047BB
S2140311786C58002037B505461C460BF091FB68B93A
S21403118874B1084B1A60084B0A461C6001232946AB
S21403119800930323FFF71AFF03B030BD4D20FBE788
S2140311A82520F9E7685800207058002013B5044630
S2140311B80BF076FB58B962B1074B1A6001230A464F
S2140311C8009321460323FFF701FF02B010BD4D200D
S2140311D8FBE72520F9E700BF6C5800202DE9F0410E
S2140311E80446DDE906861D469DF820700BF058FB7D
S2140311F888B99EB1A2B10B4B01201A600A4B0A4666
S214031208C3F80080094B21461E602B460697BDE8A7
S214031218F041FFF7DBBE4D20BDE8F0812520FBE754
S2140312282120F9E7386D00207458002070580020F4
S2140312380148F4F7ADBB00BFF85D00202DE9F04187
S2140312480020F3F7A1FE114B114C1E68114B2088A2
S2140312581D68114B114FD3F8008010B13978F4F795
S21403126871FD00203870FFF793FEF4F7ABF90EB163
S2140312784046B0473DB12088A84700232380BDE8F1
S214031288F0410BF031BCBDE8F08100BF7058002078
S214031298F85D00206C5800207C580020A8640020C5
S2140312A8F8B52F48F4F764FE2E4B187830BBF3F7DF
S2140312B86FFB2D4F06463B6803B32C4B2C4D1C681F
S2140312C824B195F900301A461946A047294B1B68DE
S2140312D883B1294C2378312B0CD8284B18880BF06C
S2140312E8B5F823785A1C22702A78C25423785A1CD5
S2140312F82270C65480232B7000233B60204C23782F
S2140313081A2B22D81F4A1278012A09D100211E4A0D
S214031318156825FA03F0C007DAB20ED501B12270B4
S2140313280020F3F735FB2178884212D10022174BA9
S2140313381A70FFF7BDFE40B9F8BD0133D8B21A28B4
S2140313484FF00101E5D90A442270BDE8F840FFF7DB
S21403135875BF0020F3F72EFB0028E7D0F5E700BF9C
S2140313683C6D0020A76400207858002068580020A9
S214031378A26400206C580020A8640020F85D0020B2
S214031388A6640020436E00207C580020A464002036
S21403139808B50B4B187880B90221F3F7CDFA094B39
S2140313A81B782BB100214FF6FF720846F3F7A6FA0F
S2140313B8BDE808400448FFF773BF00210846ECE77A
S2140313C8A7640020A36400203C6D002038B5144BA6
S2140313D80C461D78012D21D181B90846F3F7D8FAB2
S2140313E8104A05FA00F013680F4923EA000313604E
S2140313F820462A46BDE838400AF0E2BF0B4A13786F
S2140314080133DBB2022B137004D9BDE83840084811
S214031418FFF746BFFFF74CFE0028F6D138BD00BFDE
S214031428A76400207C58002035C80300A464002065
S2140314383C6D002038B50C4605460BF023F8A04251
S21403144803D82D2103480BF0D4FA28460AF0FEFFEA
S214031458204438BD646D040070B506460D460AF090
S214031468F5FF044648B130460BF00CF8A84203D8FB
S214031478352102480BF0BDFA605D70BD646D04004B
S21403148870B50C46064615460AF0FCFFA04203D87C
S2140314983E2104480BF0ADFA30460AF0D7FF00B1F8
S2140314A8055570BD646D04002DE9F0438FB00746FB
S2140314B80C4615461E469DF85880F8F755F920B190
S2140314C8F4F796FE08B144F400544D4B1B7813B951
S2140314D824F40074A4B2200509D546B9284604A9FD
S2140314E8F5F750F9002846D024F40064A4B2ADF802
S2140314F81840ADF81A5007F003FC424BADF81C0031
S214031508B8F1000F02D01A78424501D293F800804A
S2140315183D4AE105137848BF0DF1210103F10103A4
S214031528DBB2137058BF08A922058DF81E808DF804
S2140315381F3006D53368083141F8083C736841F80C
S214031548043CE30407D5314A0831136841F8083CDC
S214031558536841F8043C0DF11808A1EB08005FFA3C
S21403156880F9002148460AF0E5FF064628B9002018
S2140315780FB0BDE8F08304AEB9E70AF067FF41464B
S2140315884A46ECF7F5FD30460AF07CFF80463046BF
S2140315980AF05CFF0023024600934FF6FF7004230D
S2140315A85FFA88F107F0CEF9ADF80E000028DED012
S2140315B840F201131C421AD14FF6F7739D4216D810
S2140315C80AF060FF0DF10E010446284600F090FD70
S2140315D8BDF80E000AF056FFE4B2A04207D9BDF8DC
S2140315E80E0007F0FCF9437843F004034370BDF894
S2140315F80E003A4601210AF075FFBDF80E00B7E75C
S214031608D3630020036E0020D56300205D640020AA
S214031618F0B50829D58889B028D00C2926D0AE0479
S21403162824D405F040030B43424C267816B105F044
S214031638200423432FB2002FB8BF43F080030329A7
S21403164820D11223AC068DF80430937A10D48DF883
S21403165805300DF1060401A9621A012392B2F4F7C4
S214031668DBFBB0FA80F0400909B0F0BD0B46DBE7B8
S21403167832228DF805308DF80420002EE9D00DF1BE
S2140316881304E8E70C298DF804300ABF1389537945
S2140316988DF80530548805BF1B0A8DF806308DF87B
S2140316A805300DF1070318BF0DF106031C70240A55
S2140316B85C70148802399C70240ADC70147901293A
S2140316C81C7111D8917A002F597131DA02211289C7
S2140316D89971DA71120A03F109041A72002EBAD044
S2140316E8AB06B8D50534B6E7A9071AD4002F0CDA23
S2140316F8117A51B1917A59711189127A03F1080452
S21403170892B102229A71D971E8E70B4C217801F15C
S214031718010C84F800C091729C1D002F5971DDDA04
S214031728EAE7917A9C1DF8E70122090A9A71EAE723
S2140317389C1DD3E7D3630020D4630020014B188095
S214031748704700BFFA5D0020014B1888704700BF3A
S214031758FA5D00202DE9F84307460BF043F90546E2
S2140317681B480BF0BAFA1B4B60B31C683C1B2C4493
S214031778A4B20022184BDFF868901B78174D03EBCA
S214031788830399F8006005EB43055FFA82F846453C
S2140317980AD9AB8805F10A00A34216D90A23B21A56
S2140317A829465A43ECF7A6FB013689F80060AC8055
S2140317B8B8F1000F03D1394605480AF033FF284627
S2140317C8BDE8F8833C461D60D3E705460132DCE7EF
S2140317D85C6D002084580020A9640020925C0020D9
S2140317E8AA6400201FB5154A154C1378013BDBB2D3
S2140317F813706168206801AA03C221891180114AFF
S2140318081278D21805D00A2320465A43E118ECF773
S21403181871FB9DF806301B070DD0BDF80C00FFF7CB
S21403182899FF03468288ADF8082001AA03CA1288DE
S214031838186059601A8104B010BD00BFA96400205F
S214031848925C0020AA640020002108B5084B0948CA
S2140318581970094B1970094B1A7802EB8202520069
S214031868ECF7F6FABDE808400548F4F781BB00BF75
S214031878AA640020925C0020A96400200D6E002054
S2140318885C6D0020F8B50024084D094F094E3B78D7
S2140318983178E2B20B449A4204F1010400DBF8BD46
S2140318A82846F4F775F80A35F1E700BF925C00207E
S2140318B8AA640020A964002010B5064C207828B135
S2140318C8054807F0B8FD10B1034B188810BDFFF79D
S2140318D889FFF3E7A9640020925C002008B50A4A4A
S2140318E80346107860B1094A1088984209D121B98D
S2140318F89378103323F00F039370FFF773FF0120D9
S21403190808BD0020FCE700BFA9640020925C002005
S2140319182DE9F74F00260BF065F8DFF8F890B24686
S21403192899F80070B3463A46DFF8EC801FFA80FE53
S214031938B8F800C0344CAEEB0C039BB20193237883
S214031948324D009303EB830305EB4303ACEB0E0C1A
S2140319585FFA86FEBE4515D3BAF1000F01D0009B89
S2140319682370BA422AD3002F37D00A222378C8F81E
S214031978000002FB03532648998803B0BDE8F04FDE
S2140319880AF050BEB3F804E001998E4512D84FF01A
S214031998010A009993F802E001310EF1FF3EC9B23D
S2140319A8013AA3F804B083F802E00091D2B20A33EE
S2140319B80136CDE7E644A3F804E0F8E789F8002003
S2140319C84AB10A222378C8F8000002FB03531048DA
S2140319D899880AF027FE237813B903B0BDE8F08F79
S2140319E8FFF76AFF06460028F5D006F02CFF0146E7
S2140319F8304607F01DFD20B100212888FFF76EFF4B
S214031A08E9E740F60241F8E7A9640020925C002063
S214031A185C6D0020AA640020845800202DE9F0415C
S214031A2892F808801F4608F1FF33DBB2EF2B054612
S214031A380E46144688B00BD982238DF80E303146ED
S214031A4828469DF80E30204AFEF740F8012037E076
S214031A580E22002104A8ECF7FBF9B4F809308DF838
S214031A681180ADF81230E37A03F07F02032A08D018
S214031A78012B24D103238DF81030A389ADF8153034
S214031A880EE0032B14BF022301238DF81030E368FE
S214031A98CDF815302369CDF81930237D8DF8143029
S214031AA8A7F121014A420DF10E034A41009321464C
S214031AB80DF10F0304A8FDF737FC0028BFD100205B
S214031AC808B0BDE8F08100BF702204002DE9F04F8E
S214031AD800241D7895B0CDE90201049223462246D8
S214031AE80120CDE90054404908F016FEADF81E0063
S214031AF8F8B1A346264627460DF120090DF1380A04
S214031B08E9F71AF85FFA84F8404516D83A460221E8
S214031B18BDF81E00FFF7B4FC32460421BDF81E00CC
S214031B28FFF7AEFCDDE903100022BDF81E30FDF713
S214031B38CDFF012015B0BDE8F08F4A4640460AA9F6
S214031B48FDF7E4FB9DF8282022B12DB1013DEDB247
S214031B580137FFB20134D3E7BBF1000FF8D199E898
S214031B6803009DF829308AE803008DF84030BDF855
S214031B782A30032A8DF841304FEA13238DF8423072
S214031B8817BF032301238DF843309DF82C30DDF867
S214031B983110DDF82D0014BF8DF84C308DF8433026
S214031BA811AB03C302980CBF4FF00E084FF015088D
S214031BB808F059F90590BDF81E000AF063FC05996C
S214031BC800EB080399420BDB0123424651460DF10D
S214031BD81E00F4F721F90028ABD10136F6B2B7E7B1
S214031BE84FF0010BB4E700BF476D040038B5054650
S214031BF80D4B0E481C88F4F7A7F9012D0CD10C4B96
S214031C081C88FA21614358B1884209D28408012CFA
S214031C18204638BF012038BD022D08BF0224F0E74E
S214031C2802480AF0FFFCF2E78E5C00207C4900209D
S214031C388C5C0020012208B5054B06481A70002163
S214031C480AF0F0FCBDE808400020FFF7CFBF00BF4E
S214031C58BE6300207C4900201E4B73B51A8802F128
S214031C6808039BB2012B02D81B4B1B7823B902B07F
S214031C78BDE87040F4F77CB90024184B184D1C7067
S214031C88184B1C702B787BB14FF6FC73164E0093DB
S214031C98224623462146308808F00BFB4FF6FD7391
S214031CA82C70338001200FE0104B1046197807F08C
S214031CB8BDFB0028F6D10C4B1A884FF6FD739A42E3
S214031CC8F0D0012302202B7002B0BDE87040FFF766
S214031CD88DBF00BF905C0020BE630020C163002058
S214031CE8BF630020C06300208A5C0020C263002014
S214031CF8012808B50AD002280CD020B9084B18705A
S214031D080848F4F735F94FF0FF3008BDBDE808403A
S214031D18FFF790BF0020BDE80840FFF767BF00BF86
S214031D28BE6300207C49002002280CD859B1064A15
S214031D3813780133DBB21370044A12789A4202D836
S214031D480220FFF7D5BF7047C0630020C363002097
S214031D5838B5A0F61343012B04460D4615D80E4A8C
S214031D6813780133DBB213700C4A12789A420CD8F4
S214031D784FF6FD720A4B00201988914201BF0022D4
S214031D881D80084B1A70FFF731FF29462046BDE829
S214031D98384004F06BBE00BFC1630020C463002054
S214031DA88A5C0020BF63002000234FF6FD71054AB6
S214031DB81370054A1370054A1180054A1370054ABD
S214031DC813707047C1630020C06300208A5C00203C
S214031DD8BF630020BE63002030B5094B02461B785C
S214031DE833B1084B084C19780023D8B2884201D37C
S214031DF8FF2004E0013334F823509542F5D130BD73
S214031E080C6E0020C66300206A5C00200022FF21B7
S214031E18044B05481A70054B1970054B1A7892003F
S214031E28ECF716B8C66300206E5C0020C563002076
S214031E380C6E0020F7B58DF807100DF10701044660
S214031E4802F0E0FD234B1D78002D41D02046FFF716
S214031E58C3FF214EFF283178204B05D1204A10783E
S214031E6885422DD9451C1570884219D01C4A1B4D2E
S214031E7892F800C00022D7B2BC450CD92F4697F873
S214031E8803E00132864505F10405F4D102B203EBFB
S214031E988202D278FA7002B203EB8202D1703070F3
S214031EA802B203EB820123F82240FF228A709DF8D0
S214031EB80720FF2A02D003EB8203987003B0F0BD15
S214031EC80A46104603EB8202D278FF2AF9D1CBE7FB
S214031ED8FF20F3E70C6E0020C56300206E5C00202D
S214031EE8C66300202DE9F843FFF776FFFF2804466C
S214031EF869D04FF6FF72354F03B2DFF8DC80344EF5
S214031F0827F8232098F80050A54202D10020BDE800
S214031F18F883337820B28100A34207EB800090F859
S214031F2803E010D00023294A5FFA83F94D45944607
S214031F3806D99CF803900133A14502F10402F3D1B4
S214031F488CF803E001E086F800E0013DEDB22A1BB9
S214031F58D2B2043192003944EBF7CCFF88F800502C
S214031F683378FF2B04D0A34224BF03F1FF33337027
S214031F7800214FF6FF70154BCAB2AA420CD30023B2
S214031F884FF6FF71134ADCB2AC42BBD2013332F8C8
S214031F9823008842F7D1B5E79A78A2420BD1188076
S214031FA8DA78FF2A04D0A24224BF02F1FF32DA709D
S214031FB801310433E0E7FF2AF2D0A24224BF02F13C
S214031FC8FF329A70ECE72D20A1E700BF6E5C002075
S214031FD8C56300206A5C0020C6630020F8B51C4B66
S214031FE805461B78084673B3FFF7F6FEFF28044634
S214031FF829D02846FFF7F0FEFF2806D0154B164EC5
S2140320081A780023D9B2914218D3FF212846FFF73E
S21403201811FFFF28014616D00546104F23B207EBDB
S214032028830237F823009678FFF704FFA84208BF11
S214032038FF25FF2E214608D12846F8BD013316F89A
S21403204823108142DED1FF25F6E73446E6E700BFD4
S2140320580C6E0020C66300206C5C00206E5C0020BB
S2140320682DE9F04180460E461F46002386B001A898
S21403207814469DF830508DF80330FEF7A7FCADF8EC
S21403208804802EB13368CDF806307368CDF80A306D
S21403209838460AF0DBF90DF103034219214601A875
S2140320A804F0F0FC9DF8033093B931464046E8F750
S2140320B837FF0E4B1B785BB10B2C09D8FF21404624
S2140320C8FFF7B8FE064605EB4404E4B2A54202D180
S2140320D806B0BDE8F0812946384608F0C0FA31460E
S2140320E8FFF7A8FE02350646EDB2EFE70C6E0020B2
S2140320F800232DE9F3470DF107028DF80730044650
S2140321080E4602F06AFC9DF80730054663B920467A
S214032118FFF762FE04465EB130880AF0B3F95FFA49
S21403212880F8FF2C45D10025284602B0BDE8F08785
S214032138B046F6E701320C2AF5D02DB207EB850533
S214032148AD78FF2DF6D112F0FF0AECD04FEA4A0518
S2140321580235EDB2002EE7D0304605EB080108F04D
S21403216843FA0028DFD1524641463088FFF788F9FC
S2140321780AF1FF3208F1010108F102093088D2B2E8
S214032188C9B25FFA89F9FFF77BF924B207EB84042F
S214032198A478FF2CC8D023B2494637F823203088C2
S2140321A808F06DFA0028BED109F102095FFA89F929
S2140321B8EBE725460022014FBFE700BF6E5C002011
S2140321C808B5D5F7B7FCD5F721F800F06EFAD6F7B9
S2140321D8F3FCBDE80840D4F7D9BD10B5044601881A
S2140321E80120D5F767FDE3880BB9C823E38010BD44
S2140321F837B50446D5F76CFD658885420ED8A188A1
S214032208E288814205D3431B5343491BB3FBF1F3CF
S2140322189AB280B240EA024003B030BD0022F8E723
S21403222870B50C46088800F062F994F84430054601
S21403223883420FD004F11C06304600F093F984F865
S214032248445000F093F9618BA0643046BDE87040B3
S21403225800F083B970BD38B5044690F84410837807
S214032268826CCB1A59425941D4F7FAFDE37893B1F5
S214032278257985B900F07AF90346A268218A04F11C
S2140322881C009C1A8C4236BF52182946D11ABDE840
S214032298384000F062B938BD09B100F014B900F04F
S2140322A81CB9838810B50446DBB1E3780088A178A7
S2140322B8C3B10023B1FA81F1E3704909FFF7ECFFD4
S2140322C84FF6FF72A388934206D1218904F10C00C6
S2140322D8BDE8104000F041B9013B9BB2A380002B38
S2140322E8F3D110BD0123E370FFF7D6FFE188EDE7CE
S2140322F810B5044681780088FFF7CEFF0123E37004
S2140323080023A38010BD10B581780446B1FA81F185
S21403231800884909FFF7C0FF0023E370A38010BDB8
S21403232870B51E46838804460D46C18002810BB1EC
S214032338868070BD81780088FFF7AEFF0123E370BF
S2140323482946A68004F10C00BDE8704000F005B9E4
S21403235870B50446054600262B4655F8040B10B1FF
S2140323681B1B0C2B00DD70BD237C8680002BF3D053
S214032378637C13B1FFF7BCFFEEE7FFF7C4FFEBE799
S214032388FFF7E6BF70B5044605464FF6FF762B46BD
S21403239855F8040B10B11B1B0C2B00DD70BD83888E
S2140323A8B342F4D04FF4FA724FF6FF731146FFF7B1
S2140323B8B7FFECE709B100F086B800F08EB810B5A1
S2140323C80446C0600830D5F7E7FD21792088B1FABE
S2140323D881F14909FFF7EEFFA37943B121796088B4
S2140323E8B1FA81F1BDE810404909FFF7E3BF10BD14
S2140323F800F0A9B80346184613F8012B8A4201D001
S214032408002AF8D1704710B53B2104460068FFF749
S214032418F1FF0022034603F8012B2068236010BD52
S21403242810B540B1421E0A24002012F8013F303B83
S214032438D9B2092900D910BD04FB0030F5E708B561
S21403244800F07EF808B540F2BA4200211020D5F70E
S214032458ADFB41F2E823584340F6FF7300F2FF70E2
S214032468B0FBF3F080B208BD50F80C3C23B150F82B
S214032478041C30F80E0C18477047084619B1FF219C
S214032488103002F0D1B9704773B505460E466DBADB
S2140324981446D5F7B7FCADF804507EB1012C04D02A
S2140324A8032C09D00022012101E02246022101A8BB
S2140324B8D7F784FF02B070BD0022F7E7042132463F
S2140324C80DEB0100F4E707B540BAADF8040001A820
S2140324D8D7F7A8FF03B05DF804FB07B540BAADF815
S2140324E8040001A8D7F7CAFF03B05DF804FB00236E
S2140324F807B540BAADF804000DF1030101A88DF83D
S2140325080330D7F7E7FF9DF8030003B05DF804FB35
S214032518007800F0DF03552B07D0642807D0663809
S21403252818BF4FF0FF30C0B2704701207047032032
S214032538704718B12D280CBF01200220704770473A
S21403254808B501F063FD08B500F063F8BDE8084078
S21403255804F066BA50E9023018470A460830FF21E5
S21403256802F059B9FF21083002F066B908B50AF037
S21403257898FABDE8084009F01DB813B500240DF114
S21403258807008DF8074003F0FDF940B99DF80700EA
S214032598033803288CBF0020012002B010BD204654
S2140325A8FBE72DE9F041044600274FF00C0E8F4257
S2140325B802DB0020BDE8F0812078904204D1002594
S2140325C894F80780454502DB01370C34EFE70EFB2A
S2140325D805F6D4F808C00CEB06003CF806609E42E5
S2140325E8E8D00135EEE708B51288D5F72BFD50B1CC
S2140325F80279BDF80C309A4207D881680298EBF73F
S21403260879FC002008BD8620FCE78920FAE7D5F781
S2140326181DBE002004F080BA2DE9FF4105460E468C
S21403262817469846D5F70EFD044680B13146284628
S214032638D5F7C0FCA378A268B8F1000F0AD02179B1
S2140326482846CDE900213A463146D5F76BFE04B055
S214032658BDE8F0818178CDE9013200290CBF8023DB
S21403266840233A4631462846CDF80080E4F7F4FE80
S214032678EDE708B504F0B8FA002814BF03200020D5
S21403268808BD10B50446FFF778FF20B12046BDE81D
S2140326981040DFF727BE10BD08B5FFF76EFF18B169
S2140326A8BDE80840DFF710BE08BD704708B501F05F
S2140326B897FFFFF785FDD5F76BFE6420DFF722FE4D
S2140326C86420DFF70FFE01F08DFFD4F78DFB08F0CB
S2140326D89BFBF8E72DE9F041D0E90176437B0446F6
S2140326E80D4613B133463E461F46FFF73FFF012DFF
S2140326F8206438460FD1D4F75DFC3046D4F77EFC09
S214032708257360780023BDE8F0414FF47F424FF409
S2140327188171FFF781BF022D05D1D4F76FFC3046D0
S214032728D4F748FCECE7D4F769FC3046D4F766FCE4
S2140327380025E5E738B5037B04468B420D4607D1EB
S21403274890F844305BB3BDE838404830FFF70ABF1B
S214032758FFF70CFF216C431AC72B0CD80123C8318B
S21403276884F8455084F84430091A04F14800BDE853
S2140327783840FFF7F2BE0DB1237B2BB92946204616
S214032788BDE83840FFF7A6BF00212046FFF7A2FFA3
S2140327980123C82184F8455084F84430E5E738BD5A
S2140327A890F84510FFF7C6BF0121FFF7C3BF022104
S2140327B8FFF7C0BF0021FFF7BDBF4FF6017399426D
S2140327C810B5044602D10021FFF7B4FF2046BDE842
S2140327D81040D5F77FBF032910B504462BD0007BDE
S2140327E830B9012903D002290CBF0120FF2010BDF0
S2140327F8032A07D8DFE802F00208101401291CD0C0
S21403280802291FD0FF20F2E70029FBD1B4F85C2089
S214032818012A12D0022AF4E704290ED00529F0E784
S214032828042914D0052914D00029EBD1B4F85C2068
S214032838111F0129ECD80220D9E75A1E53425341E7
S2140328485800D4E7022B0CBF02200120CFE7002054
S214032858CDE70120CBE730B587B005460C46D5F75C
S214032868E3FC012820D11CB1611E4B424B415800A2
S2140328786B784FF480728DF804304FF48273ADF89A
S21403288806304FF48173ADF8083001238DF80B300A
S214032898002385F8900001A8CDE903238DF80A40A4
S2140328A88DF81430D5F7F8FC07B030BD41680346F9
S2140328B8C978027B99B98168C97899B9002A08BF8B
S2140328C80321D5F7CDBF9B7B002B0CBF012102212B
S2140328D8F7E79B7B002B0CBF02210121F1E7012AB6
S2140328E8F1D17047012AF4D17047042910B50B4675
S2140328F8044604D831B1BDE81040D6F735B80529E3
S2140329080ED010BD027B002A08BF03235522A0F869
S2140329185C300B4640781221FFF77EFE2046EAE736
S21403292843681A8A83681A82E5E7012303730378E0
S214032938013343734FF44073C381032303740023A3
S214032948A0F85C3080F89030704738B504460D46DA
S21403295801B945890123E373FFF708FEFA2202FB50
S214032968050020612089BDE838405043FFF789BE3B
S21403297810B50446806BE0B1E278022A04D0636B94
S2140329885B797AB984F83C3094F83C3073B1FFF736
S214032998AFFC60780023BDE810404FF602720621AC
S2140329A8FFF73ABEB3FA83F35B09EBE7FFF7ABFC33
S2140329B8EFE710BD10B50446406BD4F7FBFA204684
S2140329C8BDE81040FFF7D4BF10B50446406BD4F7F4
S2140329D815FB2046BDE81040FFF7CABF10B50446EE
S2140329E8406BD4F731FB2046BDE81040FFF7C0BF65
S2140329F8002310B504461A4606214078FFF70CFE56
S214032A08A378022B01D0FF2B04D12046BDE8104043
S214032A18D6F71ABB10BD4FF60273994210B5044693
S214032A2801D1FFF7A5FFE378022B02D02046FFF774
S214032A389FFF2046BDE81040D6F706BB10B5D0F872
S214032A48A4407CB103791BB14079D6F7BDFB48B9DE
S214032A58A3883BB932222046BDE81040012311461D
S214032A68FFF75EBC10BD4279C1784078D6F712BC32
S214032A7810B58278044603799AB90BB1D6F7CAFB20
S214032A882046FFF7F0FF0323A4F86C300123607891
S214032A9855221221FFF7C0FD2046BDE81040FFF778
S214032AA8CDBF012B01D1D6F7B5FBA379012B04D1F2
S214032AB86279E1786078D6F7EDFB0123A4F86C30E9
S214032AC8E5E7C17831B1012908BF0021427940788A
S214032AD8D6F7E0BB0121F9E78278836862B9DB7829
S214032AE8002B14BF03230423A0F86C3055220023BD
S214032AF812214078FFF790BD1A7922B9DB78003B9C
S214032B0818BF0123F0E70223EEE77FB500239E6A8A
S214032B180446B6F5C04F0D460CD201A8D6F766FF95
S214032B28039B5B0506D529462046336C04B0BDE8EF
S214032B387040184704B070BD00239B6AB3F5C04FB6
S214032B4805D21B6BB3F5C04F01D29B6818474FF4E9
S214032B58817070471FB500239A6AB2F5C04F04D335
S214032B6840F2011005B05DF804FB126BB2F5C04FD6
S214032B78F6D2012201A8CDE902338DF80420D6F750
S214032B8835FF039BDB03EBD5029B1A0EE8D0012A1D
S214032B9803D1C3F307430A2BE2D900239B6A1B6BB3
S214032BA81B6C9847DEE700230360704703680B60D7
S214032BB80160704710B538B132B129B10023013925
S214032BC8D45C14B90023037010BD8B42FAD200F804
S214032BD8014B0133F4E7034638B10020814204D0A1
S214032BE81A5C02B970470130F8E770474FF0FF31B7
S214032BF8FFF7F1BF70B50C461646054660B15AB1E5
S214032C0851B1FFF7F3FF844206D9211A3246284406
S214032C18BDE87040FFF7CEBF70BDFEE7FEE70023B2
S214032C289A4200D1704710B550F8234041F8234024
S214032C3801339A42F8D110BDD7F7A4BB4369426C57
S214032C48D91C143AB1FBF2F103EBC1000330B0FB15
S214032C58F2F00230704738B505460C46FFF7EEFF2C
S214032C686A6CE31D143AB3FBF2F3013304EBC304B3
S214032C7802FB004038BD38B5054644692146FFF7D0
S214032C88EAFF6A6CE31D143AB3FBF2F3013304EB71
S214032C98C304204438BDF7B507460E4600257C6CAA
S214032CA8A819644280EA06031C4003D02C46204633
S214032CB803B0F0BDFB6B01225B6901A99847019B32
S214032CC80133F4D10435EAE770B505460C46D9F75F
S214032CD833F9EB6B2046BDE87040DB68184770B5E0
S214032CE80025044686B00562E369AB4202D8206A2B
S214032CF806B070BD666C2068E36B05225B6901A9A4
S214032D0806FB0500984701A800F023FC00F046FCE4
S214032D1810B1236A013323620135E5E738B5044663
S214032D28456C006804F1400305FB0101E06B00F005
S214032D3842FC05462046FFF7D2FF284638BDF0B5C5
S214032D480546002687B0EC69013CB44203D80C4616
S214032D58204607B0F0BD01B14C1E6F6C2868EB6BBC
S214032D6805225B6901A907FB0400984701A800F040
S214032D78F0FB00F013FC0028EAD121460136E2E70F
S214032D88F0B504460D46466CE36B006887B005222B
S214032D985B6901A906FB0500984701A800F0D9FB63
S214032DA800F0FCFB20B101A800F0AAFB07B0F0BDB9
S214032DB829462046FFF7C3FF0646676C2068E36B81
S214032DC805225B6901A907FB0600984701A800F0DE
S214032DD897FB431CEAD0B54238BF0130E6E72DE936
S214032DE8F0434FF6FF79D0F8248004460E46C845CC
S214032DF814BF45460025002787B0E369BB4202D8BF
S214032E0807B0BDE8F083E26B2368606CD2F814C0A1
S214032E1800FB0530052201A9E04701A800F099FB4D
S214032E28022806D0C8450CD1721C29462046FFF74F
S214032E3875FFE3690135B5FBF3F2013703FB12555A
S214032E48DBE729462046FFF79BFFB0F1FF3F14BF99
S214032E58024632460132E8E70368F0B5CC1A436CFB
S214032E680646B4FBF3F4002587B0F36937685A1EA1
S214032E789542706C08D3706C336800FB043007B057
S214032E88BDE8F04000F095BB0134B4FBF3F203FB56
S214032E981244F36B05225B6901A900FB047098478B
S214032EA801A800F056FB00F079FB0028E3D10135B2
S214032EB8DBE710B423F0030422449B070A44436C5D
S214032EC818BF04325B4281EA0204234203D05DF84A
S214032ED8044BFFF7C1BF10465DF8044B70472DE956
S214032EE8F041D0E90A369E42044686B028D1142219
S214032EF8C369456802FB1355284606B0BDE8F0814A
S214032F082068676C331AB3FBF7F3E26B07FB03001F
S214032F18D2F8148001A90522C04701A800F019FBBE
S214032F28012804D0636C1D44013B3340ED1A314637
S214032F382046FFF791FF0646A36AB342E0D1DBE7D4
S214032F480025F9E708B508301346D1E90012D8F783
S214032F5879FF012008BD13B50C460021217600939E
S214032F68616813462246D7F767FB18B1E37D03B1BA
S214032F78A07EA075A07D02B010BD73B5164600F1FD
S214032F8808050C46284609680DF1070200F098F96B
S214032F98032E06D16368834203D12846216800F0CE
S214032FA876F9012002B070BDD01E009B4242424112
S214032FB8187E824211D11A688A420ED85A688A4203
S214032FC80BD35A6901325A61D3E9030282423FBFDF
S214032FD8986840F8221001321A610120704710B52C
S214032FE8032A029C07D1A26A5340626C52421342D8
S214032FF801D100F04CF9012010BD08B5C3680020C4
S2140330089847BDE80840D8F79FBF012814BF042097
S214033018022070B5002442431C70CC7D101D02F0BC
S21403302802024CB91AB1012220F003001A7000F10B
S21403303808034868184470BD1AB1012220F003003B
S2140330481A7000230C7E01F12005DAB2A24201D3DE
S2140330580020F0E735F833205E1C824206D901EBE0
S214033068C30300F10802D8691044E4E73346801A1C
S214033078EBE773B5054690F842601C4630460DF1FB
S2140330880303FFF7C2FFEB6B012E5B690DD13246D4
S21403309801A998479DF8033013B1BDF8063001938C
S2140330A8BDF80430236002B070BD0122214602B089
S2140330B8BDE870401847F0B5054600244868EB6B32
S2140330C887B00E4601225B69029402A90830984726
S2140330D8274695F84230012B40F0AC80632C00F26B
S2140330E8AB80612C08D805AB224631462846FFF745
S2140330F8C0FF9DF814305BB305AB2246314628461D
S2140331088DF81070FFF7B5FF95F84230012B059B35
S2140331187FD14FF6FF72934256D0082205A904A81A
S21403312800F063FA059B9DF81010C3F3072291423B
S2140331384AD1DBB2029A1A44029245E0DCD005ABC8
S214033148224631462846FFF794FFBDF81430D2E7E7
S21403315895F84230012B39D1612C2ED822463146B8
S214033168284603ABFFF785FF3146284604AB621CA7
S214033178FFF77FFF3146284605ABA21CFFF779FF0A
S214033188102208230DEB02010DF107008DF8073016
S21403319800F02BFA102205A90DF1070000F025FA16
S2140331A8039BDAB24AB99DF80720B2EB132F04D172
S2140331B8DDE9043203EB0243029395F84230012B10
S2140331C814BF012302231C44013482E7302CF4D8AD
S2140331D822463146284603ABFFF74BFF31462846BF
S2140331E804AB621CFFF745FF102320220DEB0301F7
S2140331F80DF107008DF8073000F0F7F9039B9AB234
S214033208002ADAD19DF80720B2EB134FD5D1049BD9
S214033218D2E70133D8D0102205A90DEB020000F03F
S214033228E4F9059B9DF81010C3F307429142CBD1EE
S2140332389BB27FE7312C81D9029807B0F0BD13B54E
S21403324800240194049C0094D7F7D2FE02B010BD64
S21403325813B501240194049C0094D7F7C9FE02B061
S21403326810BD00234FF0FF3230B544689C4202D1AC
S2140332780023037230BD016801EBC30541F8332010
S2140332886A600133F2E7C0E90012FFF7EABF0023DA
S214033298F0B545689D4210D00468DF0054F8332023
S2140332A804EBC306B2F1FF3F08D0C2F31302914200
S2140332B804D14FF0FF33E3517360F0BD0133E9E700
S2140332C80023F0B545689D4202D14FF0FF300EE06B
S2140332D80468DE0054F83340671C09D0C4F31307A8
S2140332E8B94205D1240D1470036833445868F0BDF9
S2140332F80133E8E7704770B59400224605460E4644
S21403330809F08EFD431C0AD058B922463146284692
S214033318EBF7EAF8002814BF3D20002070BD6E20A6
S214033328FCE77120FAE713B5044601A8DAF79CF818
S2140333389DF8063023804FF480736380DAF7AEF87F
S2140333486060002002B010BDDAF70EB808B5D9F7EA
S214033358FBFF002008BD10B5044644EA010313F03A
S2140333680303084609D1934201D1002010BD54F83F
S214033378231040F823100133F5E721469200EAF7B5
S214033388F7FEF2E710B5044609F042FD431C10D0D9
S21403339888B9DAF783F8234620F0030020449842D6
S2140333A801D1002010BD53F8042B0132F7D03E207C
S2140333B8F8E76E20F6E77120F4E7704713B50023A5
S2140333C8044601461B220DF107008DF8073000F06E
S2140333D80CF922689DF80730B3EBD26F0CBF0120B7
S2140333E8002002B010BD13B5002304460146202270
S2140333F80DF107008DF8073000F0F7F80DF1070018
S2140334081A22211D00F0F1F862689DF80730B3EB25
S214033418926F0CBF0120002002B010BD0068431C49
S214033428584258417047006810F07E0F0CBFC0F32F
S214033438C160002070470068C0F3D3107047006867
S21403344800F07F0001288CBF002001207047036826
S21403345813F07E0F14BF042008207047036813F088
S2140334687E0F03D1406820F07C40704713F0780045
S2140334781CBF03F07F03D81F7047006800F07F0067
S2140334887047032809D0022803D1C1F10201C8B244
S214033498704700290CBF07200020704737B505463C
S2140334A801F10C0443696946012220469847BDF892
S2140334B80030012201932046AB6901A9984703B05F
S2140334C830BD37B501F10C04436901226946054648
S2140334D8204698474FF6FF72009B99B291420DD14A
S2140334E86FF30F0343F4254343F0A5030193012227
S2140334F82046AB6901A9984703B030BD0020FBE717
S21403350837B5044600251B22011D0DF107008DF86B
S214033518075000F06AF860689DF80720B2EBD06F92
S21403352803D120F0784003B030BD0DF107001B220D
S21403353804F108018DF8075000F057F8A0689DF8C5
S2140335480730B3EBD06F01D1C043EAE74FF0FF3043
S214033558E9E74BF29A22036810B5B2EB134F044619
S21403356813D19BB2012B13D1FFF7CAFF01300CD03E
S2140335784FF6FF72E068B2EB104F4FEA104309D1DB
S21403358880B2C01A18BF012010BD2368013303D0C8
S2140335980420F9E70220F7E70320F5E701288CBFA4
S2140335A8002001207047033801288CBF0020012023
S2140335B87047143070472DE9F0410546984603696D
S2140335C808460E4617469847044638B943463A46C9
S2140335D831462846D8F728FD044618B1314628460A
S2140335E8FFF75CFF2046BDE8F0811F2A0B689EBFE5
S2140335F84FF0FF3191408B43590801F055315B1A60
S21403360803F033319B0803F033330B44017803EBA1
S21403361813130A444FF0013103F00F334B43A2EB65
S21403362813620270704708B507F0BAFABDE8084097
S2140336380021D8F7F7BE0029CCBF01210021D8F70F
S214033648F1BE02214FF42070D9F7C2B9704770470C
S2140336580020D9F75DBA0120D9F75ABA704770B572
S214033668054614460E4609F030F92B685C4034408C
S2140336785C402C60BDE8704009F022B94369DB0161
S214033688FCD4012300F5005043607047022A10B5A6
S2140336984FF0000405D9033A022A0CD903600471D3
S2140336A810BD11F4000218BF4FF07F4221F07F438C
S2140336B813430C0EF2E721F0FF03CCB2EEE730B467
S2140336C8012500F5805344685D60CB784D785B042C
S2140336D843EA05230D7889782B43090401F48031DE
S2140336E80B43C0F89830E30702D430BCFFF7C6BFD5
S2140336F830BC704738B50C460546FFF7BFFF23783E
S2140337081146627803F0070343EAC203E2782846C1
S21403371843EA0223A278120102F0300213432B670E
S214033728EB6AA27923F48B3323F4807343EA0243C8
S2140337382279120202F4E06213436279120302F456
S21403374880521343EB62FFF7BAFF012305F5805255
S2140337585360E27902B1EB6038BD08B50A6FC96FEA
S21403376802F00702FFF792FF08BD4FF050234FF40D
S21403377800321A6770474FF0B0435A6812B19A6A14
S214033788002AFAD1704770B5054614460E4609F066
S2140337989CF82B685C4034405C402C60BDE8704065
S2140337A809F08EB80122417803788A4030214B43CA
S2140337B842F2100103F1A04303F570335A507047E1
S2140337C821FA00F2D20730B5034600F0FC040FD501
S2140337D800220132D2B2042A02D14FF0FF3008E0A9
S2140337E8831803F00303234421FA03F5ED07F0D403
S2140337F8184630BD002070470020704700207047E9
S2140338080020704701207047012070470F2070473B
S214033818EBF78CB900207047FFF7FCBF0020704712
S21403382870470020704700207047C36819448368B0
S21403383853F8210030F8023B13607047012310B594
S21403384880F888300378044653B100F061FA2146BD
S2140338582046DAF787F92046BDE8104000F04DBA4F
S21403386810BD38B50D460446DAF764F96B6820468A
S214033878C4F8B032A96800F096F94FF0FF33204633
S214033888C4F8B432FFF7CDFF38BDD0F8B43210B55C
S2140338980133044601D0002010BD00F0BCFAC4F87A
S2140338A8B4020130F7D194F8B80280F00100F3E7C8
S2140338B808B5DAF77BF908BD0A7801382D2A0ABF56
S2140338C8012200228918DAF7CDB907281BD8DFE8C2
S2140338D800F0060A0D10131504170120704700227E
S2140338E80820DAF7BFB900221020FAE700222020C2
S2140338F8F7E70820FFF7E0BF1020FBE72020F9E7EB
S2140339080846DAF711BA002070472DE9F743072867
S2140339180C46DDE90A7690461D4608D8013806287F
S2140339280AD8DFE800F01D27303A44574A00212812
S21403393850D003B0BDE8F083002220461146EAF7CC
S21403394853FA3368C0B205EB83013A6845F8230097
S214033958013348F8221033603B6801333B60E8E7DD
S214033968002220461146EAF73FFA336880B205EB91
S2140339788301EAE7002220461146EAF735FA336858
S21403398805EB8301E1E7002220461146EAF7DAFB56
S214033998336840B205EB8301D7E700222046114679
S2140339A8EAF7D0FB336800B205EB8301CDE70022C4
S2140339B820461146EAF7C6FBE1E7002389461E467A
S2140339C81D468DF8063019F8013F7D2B06D1257064
S2140339D82D0A65703B6848F82340BDE7202BF2D0D4
S2140339E806F00102013612B98DF80430EBE710220F
S2140339F8002101A88DF80530EAF7A4FB6319013501
S214033A089870ADB2DFE72DE9F04F9B46002385B0EB
S214033A188B45814688469246CDE902336BDC1A46C7
S214033A281E4619F80340212C09D81F2C04D8103C2D
S214033A38072C98BF012200E001260133F1E7FF2C8B
S214033A48FBD15B4436B1013B43450ADD2B2005B069
S214033A58BDE8F08F62B1013B4345F7DC3546374690
S214033A6802E000252F462E46454504DB0020EEE7F8
S214033A789845F3D0EAE75D453BDB19F80730202B7A
S214033A8818D109EB07035B78FF2BDFD1CEB92046A5
S214033A985AF82510FFF719FF78B303AB019302AB67
S214033AA800932046DDE90E235AF82510FFF72DFF6D
S214033AB80135D9E7212B0ED109EB07035B78FF2BDA
S214033AC8C4D1029B5AF825200E99012641F82320D3
S214033AD801330293ECE7A3F11004072C02D91C4622
S214033AE80137D3E709EB07035B78FF2BAED1E4B2C4
S214033AF8CCE70624CAE72120A9E72620A7E72DE96D
S214033B08F04F07460E4615469846044685B0DDF838
S214033B184490DDE90FAB206808B3DAF80020D8F83C
S214033B2800108A421BDA0E9B53F82210D6F75EFB68
S214033B3848BBDAF800200132CAF800206268117B15
S214033B48FE291BD10E9B1068012100932A46434683
S214033B58CDE902B9CDF804A0FFF7D1FF04462B78C8
S214033B6843B999F800302BB97EB101233C4689F84E
S214033B7800302B70204605B0BDE8F08F01238BF884
S214033B8800302B70EBE70C34C5E73446F2E710B584
S214033B980446236803B910BD237A13B92046DAF717
S214033BA8F9F80C34F5E710B541B10A7932B90124AE
S214033BB89C300C71FEF7FAFF204610BD0020FCE788
S214033BC82DE9F041BAB005460AAA084603A900F04B
S214033BD85FF90446B0B90DF10A0301930DF10B031F
S214033BE88DF80A0000930AAA284604AB03A9DAF755
S214033BF881FA9DF80A20B2B19DF80B2048B12AB184
S214033C08DAF7C8F820463AB0BDE8F081FFF7BFFFF9
S214033C18F8E7D5F89C50002DF4D0A86808B1FFF74C
S214033C28B6FF2D68F7E700B346681AAB06F10C082B
S214033C382AAF01934046049B039900970AAAFFF705
S214033C48E2FE04460028DDD1039B05A8CDE9063726
S214033C58049B0595CDE90838DBF73CFD05A83368D2
S214033C68984705A800F03FFDCCE72D24CAE710B512
S214033C780446AC30E9F7E8FF04F1AB031A18002052
S214033C88934200D110BD13F8011F0029FAD00A2960
S214033C9808BF0130F4E70023F0B50B60136006464F
S214033CA8D0F8AC0278B196F8AC0060B1012406F1FE
S214033CB8AC07D6F8AC02844210D306F1AC00B3F5D1
S214033CC8007F10D30120F0BD0D6801350D6015681F
S214033CD801351560F85C01330A2802D0B3F5007F76
S214033CE8F2D30134E5E7C15C0A29EBD00029E9D011
S214033CF81168013301311160E1E710B50021D0F8EE
S214033D088C200446EAF7A4F80023C4E9243310BD3C
S214033D1873B5044600F1AC0580212046FEF75BFF29
S214033D284FF4007106462846FEF755FF0136C0F5E0
S214033D380070864220461FD8E9F786FF06462846BF
S214033D48E9F782FF01362946421CA819EAF7D2F892
S214033D582046E9F779FF214602462846EAF708FA95
S214033D682046E9F771FF0A23204480F8AC30002385
S214033D78C4F8AC3202B070BDFFF779FF01AAC4F8E5
S214033D88AC0269462046FFF786FF0022009B2344C1
S214033D9883F8AC20C0E773B50D460446FFF767FF04
S214033DA86B1C19D1D4F8AC3213B1013BC4F8AC324E
S214033DB800252046E9F748FFA84215D82046FFF70E
S214033DC89CFFD4F8AC322BB16946204601AAFFF70C
S214033DD862FFA0B902B070BD012DFBD1D4F8AC3296
S214033DE88342F7D20133E1E7082000F023F82020C6
S214033DF800F020F8082000F01DF80135D9E7009DEB
S214033E0804F1AC06019BAB42E4D9715D2046DAF7B0
S214033E189FFA0135F6E707B500200DF1070100F014
S214033E28E7F820B99DF8070003B05DF804FB4FF0E8
S214033E38FF30F9E710B5C1B20446002000F0C8F811
S214033E4800280CBF20464FF0FF3010BD0FB407B54F
S214033E5804AA52F8041B00200192DAF71DFC00207E
S214033E6803B05DF804EB04B0704710B54C1C0B4662
S214033E780119045D222C03D07B2C01D05C2C05D1C0
S214033E88D21A1844EAF736F8012010BD0020FCE7DA
S214033E982DE9F047054691468846E9F7D5FE2A46B2
S214033EA806461346197801322029FAD0C9F8003095
S214033EB85C1B01236FF0404AC8F80030A64201D8BD
S214033EC8002014E02F5D29197B2F12D0222F2ED124
S214033ED8D8F80030621C53442A4449F82320012C9E
S214033EE809D911F8013C13F0DF0F04D02120BDE8EF
S214033EF8F0877D27F3E701342B5DBB4209D12B19E5
S214033F085B7813F0DF03F1D1222F00D12B55013450
S214033F18D4E75C2B07D1324621462846FFF7A5FF90
S214033F280028E3D0013E0134A642E5D8DEE75C2F3D
S214033F3808D1324621462846FFF797FF0028D5D0F2
S214033F48013EE4E7202FE2D10022631CB3420A7045
S214033F58DDD2EA18EB5C202BD9D0D8F800300F2B2B
S214033F6805DC49F823200133C8F80030CFE71E20C4
S214033F78BDE700F000B800207047D6F725B970B53E
S214033F880C46154610B9DAF77BFB38B143682BB1F4
S214033F982A462146BDE8704000681847232070BDAE
S214033FA8F7B50D4616461C4638B9DAF769FB04B961
S214033FB801AC20B9232003B0F0BD03B901ACC76830
S214033FC8002FF7D02346324629460068B847F2E75B
S214033FD807B501228DF807100DF10701FFF7CFFF8C
S214033FE803B05DF804FB0B4601461846FFF7F0BF1F
S214033FF800230122FFF7D4BF08B508F0F3FCFA2321
S214034008B0FBF3F080B208BD0420704740F20160AD
S214034018DAF72CBC7047012070470020704749BA6E
S21403402889B280EA0103C3F303125340180380B22C
S21403403858405B0103F4FF535840704708B5DBF755
S21403404817F858B1A0F15903042B06D8042B04D843
S214034058DFE803F00404040304005C2008BDDBF770
S21403406849B97047F8B50C468D18073552421540BE
S214034078A5F108070646384600F0DFF9A188381B7D
S214034088628801EBE00189B2A2EBE00225F8041C82
S21403409825F8062CA288C310AAB1A4EBC202B2F86C
S2140340A802C0D18003EB0C015180E28892B1D31A87
S2140340B89BB204EBC20425F8023CA380B36803440E
S2140340C8B3603846F8BD15F8082C42F0020205F826
S2140340D8082CEAE725F8022CF0E72DE9F04F4FF015
S2140340E8000887B09946531C109B0546174614BF0D
S2140340F814460824CDF81480002B00F0C580C3F8B6
S2140341080080002900F0C28042688A4240F2BE80DE
S214034118073121F0070608F0E5FB05AACDE900827A
S21403412882463A464B463146284600F08AF9059FAA
S214034138834607B130B9504608F0CFFB192007B0BD
S214034148BDE8F08FB7F8028029694FEAC802C0EBCA
S214034158C8080139B8F1270F29617AD9B9F1000FD0
S21403416851D1864206F1080848D0224639462846E1
S214034178FFF778FF04460590059B9844404600F0F1
S2140341885CF9059906F10F004A88C308A2EBD0022A
S214034198A8F80220CA88A8F80430002A30D0D31A10
S2140341A89BB201EBC202A8F8063093808B88F60808
S2140341B8A380B8F804303A46E380414600232846ED
S2140341C8668000F0A6F9AB680833AB60237843F043
S2140341D8010323702B6901332B616288AB68504651
S2140341E803EBC203EA68AB60934288BFEB6008F050
S2140341F874FB109B083400201C60A0E73C46BBE712
S214034208A8F80620D2E707EB08042046039200F036
S21403421814F90BF10703DB080599638008F1070314
S214034228DB08A380CB8893B1DB00039AD81D821AD8
S2140342385A44C2F3CF020B44E2809A80A38808F15B
S214034248FF384FEAD808A1F80280CB80BBE7E380A3
S214034258F4E7B9F1010F1BD107F10803B3FBF4F236
S21403426804FB1233B3B1224639462846FFF7FAFE53
S214034278044623783A4643F0010323702146012374
S214034288284600F046F9A8E7222058E7212056E7F3
S2140342988642E8D13C46ECE707B500224FF0FF31EB
S2140342A801AB0192DAF766FC019803B05DF804FBEC
S2140342B82DE9F74F04460D46002900F0AB80D0E9F8
S2140342C8056808F00FFB15F8087C35F8061CFB078D
S2140342D8009000D531B9009808F0FFFA012003B022
S2140342E8BDE8F08FA368D4F8109035F804ECA3EB78
S2140342F8C10B09F10103A5F1080C4A1CC4F808B060
S2140343082361BEF1000F7BD0ACEBCE03D888B3F89D
S21403431802A00190187807F00207C00765D4002F9B
S21403432864D10198A0EB0A07012F69D18A1CABF167
S21403433808075244C4F81090A76035F802ECBEF19B
S214034348000F61D0D4E900700CEBCE0A07EB000926
S214034358CA4559D21CF83EC057461CF0010C15D165
S214034368AEEB0101012911D1BAF80210AAF802C06E
S21403437801310A44BAF80610002943D00AEBC107EC
S214034388216901392161A1680839A16015F8081C5B
S214034398013A21F0010105F8081C002125F8061C3E
S2140343A85A801A7861F300021A707FB3C3F10702C2
S2140343B83A44C2F3CF02DA80BA804EB3B34227D365
S2140343C87288002A08BF1E46B8F1000F06D0434578
S2140343D804D8B8F80220002A18BF43460098C4E950
S2140343E8056308F07AFA002079E74FB115F8087CD8
S2140343F8724427F0020705F8087C00279F809CE78D
S21403440863469AE70F46BBE70027BFE7DF80D4E794
S2140344181E46D9E7222062E710B50446DAF7C2FB40
S2140344282146BDE81040FFF743BFFFF7F5BF084630
S214034438FFF732BF0846FFF7F8BF00230360436061
S2140344487047F0B5D0E90554561C08BF0822002B60
S2140344584FF0000008BF2C46DDF818C0CCF8000063
S214034468002C37D09DF814706588FF0007EBC50548
S214034478C2F1000E2078C00708D51BBBE088A0B1A0
S21403448804EBC004658807EBC505F3E78D42F4D350
S21403449863B904F10806B6FBF2F002FB106670185F
S2140344A80EB1A842EAD8CCF80040F0BD082A0FD0CF
S2140344B86088013004EBC000461A06EA0E06801B25
S2140344C88542F0D2A0880028EFD0A4EBC004D9E731
S2140344D80846E8E72046E8E703460069C0B10AB994
S2140344E851B91A6810460378DB0711D531B9C38862
S2140344F85BB100EBC300F6E79A69F3E7012904D139
S214034508838823B1A0EBC300EDE700207047184665
S21403451870472DE9F041D0E9055407468846164604
S214034528ABB1954200D00ABB424600213846FFF796
S214034538D3FFB442054600D02EB942460121384679
S214034548FFF7CAFF0446C7E90554BDE8F08195425C
S21403455808D08D4228BF0D46B44205D0444538BF1F
S2140345684446F0E70D46F7E74446ECE79442EAD1BB
S214034578E3E770B500261C46C3E90001C3E90266F3
S214034588C3E905001E611A775E62FFF756FF2369C3
S2140345980139C908013341802361A36830460833CB
S2140345A8A360E3680833E36070BD002307B5684675
S2140345B800938DF80430D8F73DFB03B05DF804FB91
S2140345C810B508F082F9044606F058FB2046BDE805
S2140345D8104008F075B970474FF4C870DAF76ABB2D
S2140345E8DAF752BC00F01CB87047704708B503F0FA
S2140345F815FA03F01DFA03F024FA03F033FABDE8BC
S214034608084003F040BA704708B503F002FA03F00F
S21403461801FA03F000FA03F000FAFFF7F4FF08BD07
S21403462808B503F031FA03F030FA03F030FABDE8C0
S214034638084003F033BA7047012070472DE9F34169
S21403464812F001050446884622D110F0030525D149
S2140346582F465208BA4209D1D8F776FE0026B74243
S21403466804EB860008D1D8F77FFE11E054F827300C
S21403467801330CD10137EDE7042258F826300DEB49
S2140346880201019308F0CCFB30B1D8F76DFE3D2547
S214034698284602B0BDE8F0810136E0E70125F7E7D2
S2140346A87047B0F1006F0FD300F07843B3F1006F93
S2140346B80CD000F06040B0F1404F09D0B0F1604F25
S2140346C814BF04200320704700207047012070475A
S2140346D802207047002070471AB111B180B2DAF78A
S2140346E809BE2120704701F056BEE3F733BFFFF734
S2140346F88DBCD0E9023253F8223000211878E3F74C
S2140347087BBB704702F08CB901F0DABDC3688268D8
S214034718013BDBB252F823305B78652B02D10020CD
S214034728E5F7BABE6E2B01D10120F9E7662B01D156
S2140347380220F5E7704710B5D0E90232044653F86D
S2140347482230187802F046FAE368A268013352F872
S2140347582330BDE81040187802F03ABA10B504467C
S214034768C0B2DBF795FF200ABDE81040DBF790BF21
S214034778D0E9023253F822301878DCF791B802F001
S214034788E1B9E4F787BB08B501F0B8FEBDE8084011
S214034798E5F770BDD0E9023253F82230186801F005
S2140347A8ABBE0020E5F76CBE0120E5F769BE022123
S2140347B8DCF70CB80321DCF709B80521DCF706B8E3
S2140347C808B501460C20DBF7DDFFBDE80840DBF73C
S2140347D86BBF08B501460020DBF7D4FFBDE80840E9
S2140347E8DBF762BF07B5C2688368043253F8223022
S2140347F801211B880DF10602ADF806300023DCF70D
S21403480869FD03B05DF804FB08B508F0FFF8BDE8DA
S2140348180840F1F777BF10B51446DDF777F8214659
S214034828BDE8104007F0FEBE08B5DDF76FF8BDE833
S2140348380840002107F0F6BE08B5DDF767F8BDE8BF
S2140348480840F1F795BB08B5DDF760F8BDE8084002
S21403485808F043BA08B5DDF759F8BDE80840F1F79C
S21403486873BB7047704708B508F0D0F8FFF7FAFF30
S21403487803F077F9BDE80840DDF794B870470120E0
S21403488870470120704708B5DDF728F900280CBFE4
S2140348980420012008BD70472DE9F34104460D4660
S2140348A816461F46DDF8208008F048F93B46324690
S2140348B829462046CDF8008003F055F93B46324694
S2140348C829462046CDF80080FFF7E5FF02B0BDE88D
S2140348D8F04101F060BD2DE9FF4704460D46164634
S2140348E81F46BDF830809DF83490DDF838A008F0F0
S2140348F825F93B46324629462046CDE9019ACDF8A6
S214034908008000F0FDFF04B0BDE8F04701F043BDAA
S214034918704708B508F012F903F028F9FFF7F8FF0F
S214034928BDE8084001F037BD012070472DE9F7437D
S21403493804460D4616461F469DF8289008F0FEF8CE
S2140349483B46324629462046CDF80090FFF7ECFF53
S21403495880463B46324629462046CDF8009003F06B
S21403496806F901F018FD404603B0BDE8F0830120C0
S21403497870472DE9F74304460D4616461F469DF82D
S214034988289008F0DBF83B46324629462046CDF801
S2140349980090FFF7ECFF80463B4632462946204602
S2140349A8CDF8009003F0E4F801F0F5FC404603B0B8
S2140349B8BDE8F083F8B504460D4616461F4608F0CC
S2140349C8BDF83B4632462946204603F0D2F8BDE8F2
S2140349D8F84001F0E0BC00207047F8B504460D46E1
S2140349E8164608F0ABF8324629462046FFF7F3FF8B
S2140349F8074632462946204603F0BCF801F0CBFCAE
S214034A083846F8BD38B504460D4608F097F82946E3
S214034A18204603F0B0F8BDE8384001F0BCBC10B53A
S214034A28044608F08BF8204603F0A6F82046FDF760
S214034A38EEFDBDE8104001F0AEBC704738B504463D
S214034A480D4608F07BF82946204603F0A7F82946C2
S214034A582046FFF7F2FFBDE8384001F09CBC7047DC
S214034A6870B504460D46164608F068F832462946D9
S214034A78204603F095F8324629462046FFF7EFFF0F
S214034A88BDE8704001F087BC704738B504460D464C
S214034A9808F054F82946204603F084F829462046A9
S214034AA8FFF7F2FFBDE8384001F075BC704738B52C
S214034AB8054608F043F8284600F0EFFE044601468C
S214034AC8284601F0ABFF01F066FC204638BD38B532
S214034AD804460D4603F068F829462046FFF7E6FF26
S214034AE838BD704738B5054608F028F82846E3F772
S214034AF8DDFC04460146284601F08EFF01F04BFC18
S214034B08204638BD38B504460D4603F04EF8294608
S214034B182046FFF7E6FF38BD704710B5044608F091
S214034B280DF8204603F042F82046FFF7F5FFBDE8E8
S214034B38104001F030BC704738B504460D4607F000
S214034B48FDFF2946204603F033F829462046FFF79B
S214034B58F2FFBDE8384001F01EBC704770B5044646
S214034B680D46164607F0EAFF32462946204603F066
S214034B7820F8324629462046FFF7EFFFBDE8704087
S214034B8801F009BC704738B504460D4607F0D6FF52
S214034B982946204603F00EF829462046FFF7F2FF7B
S214034BA8BDE8384001F0F7BB704738B504460D46F4
S214034BB807F0C4FF2946204602F0FDFF2946204693
S214034BC8FFF7F2FFBDE8384001F0E5BB704710B5C4
S214034BD8044607F0B3FF204602F0EEFF2046FFF731
S214034BE8F5FFBDE8104001F0D6BB704710B5044684
S214034BF807F0A4FF204602F0E0FF2046FFF7F5FF84
S214034C08BDE8104001F0C7BB7047704770B504464F
S214034C180D46164607F092FF32462946204602F00E
S214034C28CFFF324629462046FFF7EFFFBDE8704020
S214034C3801F0B1BB704710B5044607F07FFF204666
S214034C4802F0BFFF2046FFF7F5FFBDE8104001F06E
S214034C58A2BB704738B504460D4607F06FFF2946D2
S214034C68204602F0AFFF29462046FFF7F2FFBDE8CD
S214034C78384001F090BB704770B504460D4616469B
S214034C8807F05CFF32462946204602F09DFF32466F
S214034C9829462046FFF7EFFFBDE8704001F07BBBCF
S214034CA870472DE9F34104460D4616461F46DDF8C0
S214034CB8208007F043FF3B46324629462046CDF878
S214034CC8008002F082FF3B46324629462046CDF84E
S214034CD80080FFF7E5FF02B0BDE8F04101F05BBBDB
S214034CE80E2070470E20704738B5044607F026FF97
S214034CF82046FFF7F7FF0546204602F067FF2046E3
S214034D08FFF7EEFF01F047FB284638BD0020704743
S214034D180020704738B5044607F010FF2046FFF713
S214034D28F7FF0546204602F052FF2046FFF7EEFF40
S214034D3801F031FB284638BD704708B507F0FEFE7C
S214034D4802F046FFFFF7F8FFBDE8084001F023BB73
S214034D58002070477047704708B5DCF791FF0028B6
S214034D680CBF0420012008BD70470B68DA7B1AB90C
S214034D78DB7C0BB9DCF7A8BF8120704708B5DCF7E6
S214034D88BBFFBDE80840DCF7C5BF7047DCF7B4BF18
S214034D98DCF7C0BF082808D84FF48B73C34013F05A
S214034DA8010F0CBF212000207047212070470121E6
S214034DB8DDF7A2B80221DDF79FB80421DDF79CB81A
S214034DC80821DDF799B81021DDF796B808B500F085
S214034DD826F808B1002008BDDDF7DEF80028F9D16B
S214034DE8DDF7ECF80120F6E7152808B503D1BDE88A
S214034DF80840DDF7D7B801F089FE60B9E2F7AAFEE6
S214034E08032806D100F009F828B9BDE80840FFF7DB
S214034E18DDBF0028EBD008BD704700207047002090
S214034E28704708B5DDF7B0FAFA23B0FBF3F008BD10
S214034E380321DDF7D9BA01207047D0E9023253F8C7
S214034E4822301878DDF7D8BC0868C37B1BB9C37C47
S214034E580BB9DDF701BD81207047D0E9023253F85C
S214034E6822301878DDF73ABD704730B50546044654
S214034E7815F8100B85B0029565691D44CDE9002524
S214034E880B46A21D618801F023FE05B030BD7047AE
S214034E9810B492F80A4192F8053103EB04230B8108
S214034EA800235DF8044B1A4601F010BE1FB50446EE
S214034EB8084671B12178FF290BD0238B02936369C7
S214034EC80193237C00936288A31DE3F70BFBFF2360
S214034ED8237004B010BD0868C37B73B9C37C032B67
S214034EE80BD8DFE803F002080406DDF7F7BFDEF7A2
S214034EF827B8DEF757B8DEF705B88120704770473E
S214034F08704700207047137810B5032B0CD15479DB
S214034F18CBB29C4208D19379B3EB112F04D15378C3
S214034F281B1A5842584110BD0020FCE77FB50546BA
S214034F380E4600246946E0B201F076FD28B96A46B3
S214034F4831462846FFF7DFFF18B90134202CF1D184
S214034F58002004B070BDFFF7E9BF0868C37B9BB9A0
S214034F68C37C052B10D8DFE803F0030D070B0905F0
S214034F78DEF7BCB8DEF7F8BADEF752B9DEF7A4BA3E
S214034F88DEF722BADEF7F4B88120704700207047B0
S214034F9830B5102587B001AA00210195FEF745FC18
S214034FA804462A46002102A8E8F752FF2A46214665
S214034FB802A8E8F79FFF012102A8DEF7B3FC07B0B3
S214034FC830BDDEF741BC7047FFF7FDBF0B68DA7BE1
S214034FD85AB9DB7C012B04D0022B04D02BB9DFF79C
S214034FE8C5B8DFF7CFB8DFF7D9B8812070470023F5
S214034FF807B5012101A80193D4F71AFF08B9D4F716
S2140350080BFD012003B05DF804FB08B502F030FA87
S214035018052803D0003818BF012008BD0220FCE786
S2140350287047D0E9023253F822301878003818BF90
S2140350380120E0F733BCE0F737BC002070470020B8
S21403504870477047FF207047FF207047002070475F
S2140350580020704700207047704706207047DFF728
S214035068DBBE0868E0F7B4BB70B50D4604460021FE
S2140350782846164601F074F932462080022128464F
S21403508801F06EF9324660800421284601F065F97E
S2140350980023A360E3606060082070BD034641B147
S2140350A881424FF0640005D94343B3FBF1F0C0B225
S2140350B8704708467047E0F705BCE1F7FBB9E1F728
S2140350C803BBB0F5807F05D0A0F50073584258415E
S2140350D8400170470820704730B599B00D466946B9
S2140350E81446E1F755FA30B915B1BDF802302B600E
S2140350F80CB10D9B236019B030BD2DE9F04788B07D
S2140351080E46904604A905AA07461D46FFF7E4FF80
S214035118044638BB28800DF10C09DDE904A39A453B
S21403512820D2062251463846CDF8009006ABE1F762
S2140351384BFAD8B9039B062B18D12A88DDF81A3000
S21403514842450ED2BDF8181026F832102A8806EB08
S214035158C20253602A885344013206332A800493D2
S214035168DBE7F7D9204608B0BDE8F0870124F9E75E
S2140351782DE9F0438FB00F46904601A90022044656
S2140351889946FFF7A9FF18B101200FB0BDE8F083D1
S214035198062220460DF1020302A9FFF7AEFF0028F8
S2140351A8F2D105460246BDF80210019CEEB28E42C5
S2140351B8EAD20EAB03EBC60656F82C3C36F8306C30
S2140351C80634BE4217BFE4180122134600220135EF
S2140351D822B1C8F80040C9F80030D6E71A46E5E712
S2140351E870B50024012602F01DF9E5B2C26806FA76
S2140351F805F59542234604F10104F4D3D8B270BDED
S21403520870B586B0E1F712F800F11006E6F77EFBF4
S21403521800240546142201A9301902F00AF91CB91C
S2140352289DF80430FF2B16D0002303F118026A44B6
S21403523812F8142CFF2A06D11C44601E90FBF5F0C6
S21403524880B206B070BD2B44DBB2132BEDD91434F1
S214035258B4F5826FDED14FF0FF30F2E7E0F71CBEFD
S21403526807B504220DEB020102F0E3F8019803B038
S2140352785DF804FB37B5054608460C46FFF7F0FF0E
S214035288A84206D0042220460DEB02010195E6F754
S2140352988FFB03B030BD07B50B46009200210246CC
S2140352A80120E0F78BFE03B05DF804FB08B5012187
S2140352B8E0F7BCFDBDE80840E6F726BDE1F7FAB817
S2140352C808B5FFF7F3FF002008BD08B513460A46DE
S2140352D801461846E0F706FF80F00100C0B208BD95
S2140352E800207047704708B1E1F704BA704730B436
S2140352F8DDE902451DB1029430BC00F0C6B930BCE6
S21403530870471F2804D8142200F5A030DAF7BCB873
S21403531870471F2804D8142200F5A030DAF7E0B83F
S2140353287047152808B505D1FFF7DCFFBDE8084028
S214035338E1F726BB08BD10B5142486B02246002123
S21403534801A8E8F785FD2023224601A94FF4A030DB
S21403535801F078FC06B010BD0020704713B5002393
S2140353680C461A460146CDE90033E0B2E2F7CCF81C
S21403537802B010BD13B50023144601900122009312
S214035388E0B2E2F7C1F802B010BDD0E9023253F832
S21403539822301868E2F730BA194491420ADC4218F8
S2140353A8002003B9704712F8011D013B01EB0020EA
S2140353B8DBB2F6E7002070472DE9F04F4FF0000AFE
S2140353C885B0019381460F4615465346019A1178D0
S2140353D85FFA8AF2914203D8002005B0BDE8F08F41
S2140353E8019909EB050801EB4202517892F802B0DD
S2140353F811F04004009101F03F061BD0AC19BC42E3
S214035408D4BF0024012433466400A20740F18880F1
S214035418009B1B0640F192800E9B324603EB0B0063
S2140354280021E8F715FD3D4600231D44ADB20AF1F9
S214035438010ACBE7042E07D866B1B31E022B0BD896
S214035448DFE803F0122130003E2E37D03F2E5BD024
S2140354583D2E4BD00320C0E7BD4234BF00240124B1
S214035468012664003346D0E7AB1CBB4250DC02235C
S2140354783A4629464846FFF78FFFADF80A00022347
S2140354880DF10A08C1E7EB1CBB4243DC03233A468B
S21403549829464846FFF780FF0390042603230DF1A9
S2140354A80C08B2E72B1DBB4236DC04233A462946D2
S2140354B84846FFF771FF03900423F0E77A1E9542E8
S2140354C82CDA02233A4629464846FFF765FF4FF685
S2140354D8FF7380B298420EBF0223023083B25C1970
S2140354E8A742B4BF0324012404268EE7BD4215D27F
S2140354F898F80030FF2B0CBF01230133EC18BC428D
S214035508CCBF03240124EFE70124042600237CE709
S2140355183446B4E70224C0E70224CDE70324E3E7CE
S2140355280E9A02EB0B0014B142F80B807DE7324665
S21403553841460093E8F71CFE009B76E702204CE7FB
S21403554810B5144686B018811A460A9B0291CDE90F
S214035558034301230193099B014600930320BDF8E7
S2140355682030E2F70DFA06B010BD1FB500240294EA
S214035578079C0194BDF818400094FFF7E1FF04B0B8
S21403558810BD2DE9F0410E461746054686B098B37A
S21403559891B38AB34FF0000802A95FFA88F001F0C6
S2140355A843FA044640B99DF80830032B08D008F19F
S2140355B80108B8F1200FEFD1204606B0BDE8F08108
S2140355C89DF809202B799A42F1D1BDF80A206B88F9
S2140355D89A42ECD19DF80C30BDF80D006B7128810A
S2140355E82B4622464FF6FF71CDE90067FFF7BDFF4E
S2140355F80028DCD00446DFE72124DDE710B586B0B3
S2140356080A9C04949DF824400394BDF82040029411
S2140356180124CDE9003413460A4601460620E2F77C
S214035628AFF906B010BD1FB5044608461946002351
S2140356380094CDE90123079BBDF81820FFF7DEFF8A
S21403564804B010BDF0B5022805460E4614461F469C
S2140356588BB00AD106A9F0B201F0E6F998B99DF81D
S214035668193023719DF81C306371119B22460493ED
S2140356780023CDE902330193109B31460093284655
S2140356883B46E2F77DF90BB0F0BD13B50024019451
S214035698049C0094FFF7D6FF02B010BD2DE9F04531
S2140356A80646884614469A46002701258BB006A95F
S2140356B8F8B201F0B9F920BB9DF81830012B19D1BF
S2140356C89DF8192033799A4214D1BDF81A207388A5
S2140356D89A420FD19DF81C3032467371B9B2CDE9A0
S2140356E8030ACDE90100434602200094E2F748F98D
S2140356F8054610B90137202FD9D128460BB0BDE887
S214035708F0850546F9E70023FFF7C8BF10B504463A
S214035718E2F714FF0021631E04F10F0213F8010FCA
S214035728FF2808BF19709342F8D10023237410BDCD
S2140357380020704770B506461D46E2F773FD04461B
S21403574808B9212070BD3046E3F73AF80028F8D0A8
S214035758A0682A46FF21FFF75EF89DF81030002060
S21403576863719DF81430A371ECE713B59DF81040E8
S214035778CDE9003413460122FFF7DCFF02B010BD63
S21403578808B5E2F74FFD28B18068FF21FFF754F804
S214035798002008BD2120FCE70122FFF7F1BF1FB553
S2140357A80B466A460146184601F034F96A4608234A
S2140357B8002032F8021B013B13F0FF0380EA0100C6
S2140357C8F7D1012838BF012080B205B05DF804FB85
S2140357D82DE9F04F87B0DDE9109B05468846484615
S2140357E819461F461446BDF848609DF84CA0FFF7B7
S2140357F8D6FF042D0346ABF800001AD8022D1DD990
S214035808042D07D04FF2F222A188914222D1E288D2
S21403581891071FD5E17A0022CDE9013720463346A2
S214035828CDE90392CDF800A001F043F907B0BDE82F
S214035838F08F6A1F012A11D92120F7E70022414673
S214035848CDE9119228462246109707B0BDE8F04FD7
S21403585801F03EB94FF6FF760C21DCE7052D0ED195
S2140358680023E17A0022CDE90137CDE903920091BE
S214035878234652464146304601F00EF9D6E74FF224
S214035888F222A188914204D1E288920701D5E17AEF
S214035898E8E74FF6FF760C21E4E7F0B585B0054652
S2140358A8E2F780F948B16B88B3F5006F05D1681D38
S2140358B805B0BDE8F04000F0EEBC284600F004FD55
S2140358C80446C8B9E7B26946384601F0ADF878B970
S2140358D89DF8006066B92946384601F0A9F820B154
S2140358E840F60443984207D08C26304605B0F0BDF0
S2140358F80134202CE6D1F7E78D26F6E7E2F738BB26
S2140359082DE9FF4704460D460146184617461E4628
S214035918BDF830809DF83490DDF838A0DDF71EF921
S214035928D0B92146284601F021F933463A46294696
S2140359382046CDE9019ACDF80080E2F7BDFB334651
S2140359483A4629462046CDE90D9ACDF8308004B06C
S214035958BDE8F04702F009B904B0BDE8F087E2F7FE
S21403596855BDE2F70DBDE2F731BD10B5044601F0AB
S21403597809F9082201462046BDE81040E8F7BABAF6
S21403598801F002B9002101F0FFB801F011B90020B7
S214035998704720207047EFF795BFEFF7DFBFF2F7A2
S2140359A889BA7047E2F77EBE70B506460C461546BA
S2140359B800F04CF850B13CB135B1204600F0D6FCA7
S2140359C8013080B2A84200D9002070BD304600F0EE
S2140359D843F840B1002CF7D0012DF5D9204600F046
S2140359E8CAFC0230EDE73046E2F7BCFDEAE7F8B555
S2140359F8BDF8185010B3967855B9D478A6F1410770
S214035A08012F07D8621ED2B200F0CFFD0020F8BDE2
S214035A182C46F3E7433E012E04D8A21E92B200F0AA
S214035A28DCFDF3E7D27813B90DB1AA4206D811B94B
S214035A38E8F70EFAEAE7E8F75DFAE7E78920E6E724
S214035A48413803288CBF00200120704741380128BD
S214035A588CBF002001207047433801288CBF0020E4
S214035A680120704700207047002070470388B3F56D
S214035A787C4F01D3FFF7F8BF0846FFF7F3BF10B50F
S214035A884A880488A2420DD1037B0C79234009D0A7
S214035A98B2F57C4F08D3FFF7E7FF0B891B1A58426A
S214035AA8584110BD0020FCE70120FAE738B50D88F9
S214035AB8D488A5420AD10388B3F57C4F08D2FFF7EA
S214035AC8D5FF13891B1A5842584138BD0020FCE7F6
S214035AD80120FAE72DE9F04715460446B8B149B15F
S214035AE8EAB100264FF0140AB04690F80490F3B2D1
S214035AF8994501D800240AE027680AFB0677384642
S214035B08FFF7BDFF013628B13C46A5F800802046BE
S214035B18BDE8F0877B8943441FFA83F8E7E7144612
S214035B28F5E72DE9F0470E4615460446B8B149B1E0
S214035B3812B300274FF00C0AB846B0F80890BBB269
S214035B48994501D800240AE06368324620460AFBD2
S214035B580731FFF7ABFF28B10C46A5F800802046AF
S214035B68BDE8F0870B79013713F0300F02BFCB7807
S214035B7843441FFA83F8E2E71446F0E72DE9F041B9
S214035B8886B00D461446984604AA05AB03A90646EE
S214035B98E2F7BEFD40B30DB1049B2B6034B3049DFE
S214035BA803982946FFF762FF2B8807460246718843
S214035BB8307800F04FFBD8B1297911F010030BD0D9
S214035BC8EB782A46CDE900433B4671883078FCF7E4
S214035BD80AFD06B0BDE8F0812A4620460599CDF8A9
S214035BE80080FFF704FFF4E78620F2E72046F0E795
S214035BF87E20EEE71FB51C460023ADF80A20BDF845
S214035C0818208DF80400ADF80610ADF80C20694688
S214035C181A4601A800938DF80840FFF7AFFF0098CF
S214035C2804B010BDF0B587B00E4605AB04AA03A9A9
S214035C380446E2F76DFD08B3049D03982946FFF76B
S214035C4815FF2B88074602466188207800F004FB78
S214035C58B0B1297911F0100108D000963B462A46C0
S214035C6861882078D2F7C4FA07B0F0BD0091012303
S214035C782A4631460598FFF7BAFEF5E78620F3E786
S214035C887E20F1E72DE9F041064600254FF014087B
S214035C980779E8B2874201D800241AE008FB05F022
S214035CA8D6F800C00CEB00043CF8000081421AD179
S214035CB832B1802A10D194F90CC0BCF1000F12DA65
S214035CC8B0F57C4F05D32046FFF7CEFE834200D0BF
S214035CD84BB92046BDE8F081402A04D194F80CC09D
S214035CE81CF0400FECD10135D3E70121E2F74CBC99
S214035CF808B513460022E2F775FD003818BF0120E1
S214035D0808BD08B513464022E2F76CFD003818BFF5
S214035D18012008BD08B513468022E2F763FD003864
S214035D2818BF012008BD08B540220023E2F75AFD34
S214035D38003818BF012008BD08B580220023E2F703
S214035D4851FD003818BF012008BD0023E2F74ABDFD
S214035D580021E2F7B7BD10B504460121E2F7B2FD0C
S214035D682046BDE8104001F034BF7047F8B5164624
S214035D781F469DF81820BDF81C300546E2F732FD8D
S214035D8878B10421E2F71CFE044650B1284600F019
S214035D980EFB3A4631462846A047BDE8F84000F0D1
S214035DA8FABAF8BD2DE9F74F1E46DDE90C9B074600
S214035DB888461446BDF838302AB3B9F1000F22D006
S214035DC80EB392F804A099F80020504612F0080F74
S214035DD80CBF802240226188E2F704FD98B10821AF
S214035DE8E2F7EEFD054670B1504600F0E0FA33469A
S214035DF8224641463846CDE9009BA84703B0BDE88E
S214035E08F04F00F0C8BA03B0BDE8F08FF8B5BDF898
S214035E18187016461A463B460446E2F7E3FCE0B11A
S214035E2877B90221E2F7CCFD0546B0B1204600F06B
S214035E38BEFA31462046A847BDE8F84000F0ABBA9C
S214035E481021E2F7BDFD054638B1204600F0AFFA4B
S214035E583A4631462046A847EEE7F8BD73B5BDF87F
S214035E68184016461A4623460546E2F7BBFCB8B161
S214035E78C4B92021E2F7A4FD044670B1284600F011
S214035E8896FA099B3146009328469DF820309DF8DC
S214035E981C20A047044600F07EFA204602B070BDD8
S214035EA88624FAE70024F8E72DE9F04186680446D5
S214035EB8007800F07CFA002514273279EBB29A4270
S214035EC803D8BDE8F04100F066BA7B433268207811
S214035ED8D15A02EB030800F0C1F901214046E2F764
S214035EE86FFD034608B1207898470135E5E72DE9A5
S214035EF8F04F1C4689B09DF84C30BDF84880019396
S214035F089DF85030924602932246434607460D466E
S214035F18E2F768FC8DF814700646ADF816508DF84F
S214035F281840ADF81AA0ADF81C8018B9012009B0BE
S214035F38BDE8F08F05A9FFF7A2FD0028F6D00025D7
S214035F482F46A8462C4634E00C231FFA85F903FB94
S214035F5809F931887368B1F57C4F33F8092003EBE8
S214035F68090B1AD333F8090050452CD3019BA342D7
S214035F782DD900F0B8F99BF80200E3F7CDF9029B98
S214035F8843B19BF8043013F0010F0CBF052007201C
S214035F98E3F7C2F90134A4B219E0ADF81A2059465A
S214035FA8304605AA0393FFF781FD039B0028D9D142
S214035FB801353289ABB29A42C6D804EB0800C31B34
S214035FC858425841B3E708F101081FFA88F8013721
S214035FD8BFB2EDE710B5012488B006949DF83C409F
S214035FE805949DF8384004949DF8344003949DF82E
S214035FF8304002940B9C0194BDF828400094E2F7C5
S21403600823FE08B010BD2DE9F04786B0BDF83880EA
S214036018DDF83C909DF840A0CDF80080CDE9019AC4
S21403602804460D4616461F4600F012F9B8B1431E3D
S214036038DBB2012B10D800230122811E48424841B7
S214036048CDE90432CDE902A03B463246294620462E
S214036058CDE90089FFF7BEFF06B0BDE8F08701204B
S214036068FAE730B50024012587B0CDE90445039542
S2140360789DF82C5002950A9DCDE90045FFF7AAFF27
S21403608807B030BD30B50024012587B0CDE90445F7
S21403609803959DF828500094CDE901354023FFF772
S2140360A899FF07B030BD10B5012486B0CDE9044486
S2140360B8002403949DF828400294099C0194BDF893
S2140360C820400094FFF786FF06B010BD1FB5089C56
S2140360D803949DF81C400294069C019400240094A3
S2140360E8E2F7AEFE04B010BD70472DE9F84F02295B
S2140360F8074688460C9D04D84FF0000A5046BDE86C
S214036108F88F1BB10429F7D942F004023A702BB36F
S21403611803247B701B0ABB70E4F7A8F94FF0000949
S2140361289DF82830385504F1020A01343B550B9A7A
S2140361385FFA89F3D45C002CE0D0732C10D82E4673
S2140361484C2C56F804BB3DD0532C15D0622C45D1A5
S214036158AC8805F1080600231A4616E00124DBE797
S214036168A4F17503032BC7D8763C2E1D022C52D8F0
S214036178DFE804F0565A58006A6805F1080694B230
S214036188D2B2B2F1FF0318BF01230AEB0401194484
S2140361988845B1DB50461946002947D153441FFAB0
S2140361A883FA5CB1BBF1000FA6D0224607EB0A00C0
S2140361B85946E7F7DDFF54441FFA84FA354609F1D2
S2140361C80109B4E74FF6FF736A6805F1080694B247
S2140361D822469C4214BF02230023D6E76C2C05D123
S2140361E8584600F0C8F8841CA4B2B4E7732C04D14C
S2140361F8584600F0BBF8441CF6E7A4F13003DAB2BD
S214036208092A01D89CB2A6E7A4F14103062B3FF658
S21403621873AF373CE8E7012300242A68A346B4E7AC
S2140362280223F9E70323F7E70423F5E700F1010C54
S21403623801393A54C9B2120A1FFA8CF0ACE70020A7
S214036248E2F7F2BF0022E3F70FB80023E3F722B81A
S21403625801207047012070470120704770470020CF
S21403626870470020704700207047002070470020C2
S21403627870470020704770470E207047002070470D
S2140362880020704700207047002070477047FF20A3
S21403629870470E2070478420704770470020704769
S2140362A87047002070470020704700207047002082
S2140362B870470020704700207047002070477047DB
S2140362C80E20704700207047002070470020704754
S2140362D8704770470E20704770470020704781202C
S2140362E870477047704738B50546C0B2E3F714F8E9
S2140362F80446280AE3F710F814B1002808BF002458
S214036308204638BDF8B50546C0B2E3F705F8044697
S214036318C5F30720E3F700F80746C5F30740E2F797
S214036328FBFF0646280EE2F7F7FF24B12FB136B176
S214036338002808BF00242046F8BD3C46FBE7344641
S214036348F9E710B4CC18944203DC5DF8044BFFF766
S21403635823B800205DF8044B70470423FFF7F1BF0A
S21403636808B50223FFF7EDFF80B208BD0078FF28C3
S21403637808BF0020704708B502220021FFF7F0FF88
S2140363884FF6FF73984208BF002008BD003818BFB1
S2140363980120400070470020704708B5FFF7A5FCAA
S2140363A8FF284FF0FF3018BF0020C0B208BD08B55D
S2140363B8FFF7F3FFFF280CBF2120002008BDF8B520
S2140363C806460C4615461F4600F011F810B125443C
S2140363D8AC4200D1F8BD3946304614F8012BE3F732
S2140363E88DF8F5E7014600220220E3F717B80120E7
S2140363F8704737B50546E1F7A1FA044601950CB987
S21403640881201CE0237823B12046E1F79FFA04464F
S214036418F5E72B6862685B889A42F5D1A368EA7B3E
S21403642899B272B12A8A9142EED16A7DB2EB134FC2
S214036438EAD10020E36801A998478128E4D003B08D
S21403644830BD4FF6FF72EEE72DE9F84304460F46D4
S214036458904699460BB3012A1FD80C20E7F7FEFE91
S214036468064610B91920BDE8F8831020E7F7F6FEAC
S21403647818B93046E7F7FAFEF4E70123002547EA9A
S214036488084770600570C0F80C90446087603380D6
S2140364983046E1F74BFA2846E5E72120E3E738B527
S2140364A80446436808460D469847B4F90830002B57
S2140364B802DB2B78042B06D1002320466360BDE855
S2140364C83840E3F7ADBB38BD30B54FF48A5587B0CF
S2140364D8ADF816200DF116041A46029543B10023AB
S2140364E80122CDE90033234600F01EFA07B030BD7B
S2140364F8019401240094F7E7FFF7EBBEFFF7BEBE4F
S2140365080020704708B500F001FB20B900F048FBEF
S21403651808B9E0F703FCFFF7D2FEBDE80840FFF72B
S214036528DBBE0020E3F7E4BF0021E4F781B80022CE
S214036538E4F740B81FB5D2880B4612F0200F4FF683
S214036548FD7114BF49245224ADF80610510544BF03
S214036558083CE4B2110544BF083CE4B2120444BF45
S214036568023CE4B2032805D8DFE800F0020F161C45
S214036578ADF80630BDF80600FFF789FEFF281CBFF6
S214036588241AE4B2204604B010BD02AA0DF106018F
S214036598D8B200F079FAEDE7D8B200F047FAADF8CA
S2140365A80600E7E7013CE4B2E4E7F8B50646174613
S2140365B80D4681B10C78FF2C0BD00846FFF7D6FEA4
S2140365C8B84228BF3846C4B22246691C701CE7F78F
S2140365D891FC3470F8BD0C46FBE770B504461546C7
S2140365E80E4611B94170017070BD0B78FF2B05D1AB
S2140365F84B78FF2B02D103704370F5E73046FFF75D
S214036608BAFEA84228BF284685B22A46B11CA01C53
S214036618E7F770FC25702D0A6570E5E7F0B523B932
S214036628013A531C2FD1002020E0042AFBD800236C
S2140366381C46551E6E1C1AD1042A10D00121D200FE
S214036648501E01FA00F020421EBF914049420C43F7
S21403665818421EBF4FF0FF3101FA02F213439C4261
S2140366681EDCB4BF4FF0FF30002040B2F0BD40B18F
S214036678465DEF00BE4034434E5D013DBE403343A6
S214036688D8E70646F5E78C5C38B90346A34202F119
S214036698FF32C6D24FF0FF30E8E7835CA342F5D952
S2140366A80120E3E7283807288CBF0020012070471D
S2140366B81D2810D004D840B11C2804D05520704794
S2140366C81E380128FAD81A2901E00B390F298CBF7E
S2140366D85520002070470829F9E700200021704755
S2140366E8F7B59DF820400546082C104619469DF830
S2140366F8246036D8002213462C44AC4208D106F050
S214036708FD04382C0ED10096FFF7E7FF03B0F0BD63
S21403671814F8017D1B0243EA12631202BA1843F106
S2140367280003EAE7392E10D107EE100A07EE902A7F
S214036738B4EEE77AF1EE10FACCBF77EE677A77EE27
S214036748C77A002117EE900AE0E7824273EB01044A
S21403675803D2801A61EB0301D8E7101A63EB010131
S214036768D4E700200146D1E738B5C3681446194470
S214036778836853F821501AB12846E7F765FA20705C
S214036788284638BD2DE9F3411C4616460DF1070287
S2140367989DF82050FFF7E8FF9DF807308046A34290
S2140367A888BF8DF807409DF807700DB1E41BE5B266
S2140367B82A4600213046E7F74BFB3A46414670190E
S2140367C8E7F798FB384602B0BDE8F0812DE9F341B8
S2140367D81D46164601AA9DF82040FDF726F8019B9C
S2140367E880469D4238BF0195019F04B1EC1B2246A3
S2140367F800213046E7F72CFB3A4641463019E7F7BF
S21403680879FBF8B202B0BDE8F08173B500241546EB
S21403681801AA1E460194FDF708F8019B072B0AD91F
S2140368282146CCB216B1C4F10704E4B2425C013186
S21403683808292A55F5D1D8B202B070BD1FB5030A88
S2140368488DF80E300323009303AB8DF80D0000F08C
S214036858BBF805B05DF804FB1FB58DF80F100421CF
S214036868030A8DF80E30009103AB8DF80D0000F087
S214036878ABF805B05DF804FBF0B589B016689DF86B
S2140368883C50CDF809608DF811305668BDF838309D
S214036898012D109FBDF84440CDF80D60ADF81230B9
S2140368A88DF8145014D0032D19D13B68CDF8153044
S2140368B87B68CDF819309DF848308DF81D301623BF
S2140368C80093BDF84C2002AB00F07EF809B0F0BD8B
S2140368D88DF81540240A0F238DF81640F0E701209B
S2140368E8F4E71FB50446084611461A4602238DF8F0
S2140368F80D100093214603AB00F066F804B010BDF4
S21403690810B514461A460B6886B0CDF80D304B689A
S2140369183421CDF811300A23009303AB8DF81540C4
S21403692800F052F806B010BD2DE9F041B6B0144693
S2140369381D4606460F469DF8F080E4F79DF803AA21
S2140369488DF80C001046330A8DF80F703F0A8DF841
S2140369580E308DF80D602B468DF810708DF81140AB
S21403696805EB4405AB4202F102021FD16200D2B224
S214036978931DDBB23D99D8336B44073203F8CC8CAE
S21403698801EB4805D3B250FA82F2A94202F1020299
S21403699812D103EB4803009006213046BDF8F820D1
S2140369A8DBB2E4F773F836B0BDE8F08133F8021BC0
S2140369B81171090A5171D5E731F8024B02F8024CF6
S2140369C8240A02F8014CE0E72DE9F0411C46054687
S2140369D80E4617469DF81880E4F74EF8207043468F
S2140369E83A46314628460694BDE8F041E4F74EB8E1
S2140369F8002070477047D8F791B8704770477047BC
S214036A0870477047002070477047704700207047EC
S214036A187047704703F00BB8FEF774B8FEF757B81D
S214036A2803F04EBBF8F79CBB03F03BBBF8F756BB2B
S214036A38F8F7BEBBF8F778BBFEF71EB9FEF76DB8D6
S214036A48FEF77AB8F4F7F0BDF4F7F4BDF3F754BDE0
S214036A58F2F776BEF2F77ABEEFF74EBBFEF7B7B895
S214036A68FEF77CB8FDF718BFFEF79FB8FEF78BB89E
S214036A7830B4BDF808409DF80C50CDE9024530BC4B
S214036A88FDF729BFFDF796BFF8F704BDE4F74EB840
S214036A98F8F7CABDF7F716BC70B49DF80C40BDF8F6
S214036AA810509DF814600394CDE9045670BCF5F7AE
S214036AB81BBC70B49DF80C40BDF810509DF81460CC
S214036AC80394CDE9045670BCF5F74EBCF5F738BD0C
S214036AD810B49DF8044001945DF8044BF5F788BCA0
S214036AE810B49DF8044001945DF8044B02F090B886
S214036AF802F090B8FDF7A2BFFDF7B2BFFDF7C5BF1A
S214036B08F1F786BBF2F7C8B9F2F79AB9F1F7ACB959
S214036B1802F0BCBBF1F750BD02F0FEBBF1F7B0BE06
S214036B28F1F782BAF2F7BEB9F2F740B9F2F756B9F7
S214036B38F0F796B8FEF7B5B8FEF768B8FEF77BB871
S214036B48FEF788B800F00BBC00F004BCF7F7F0BB00
S214036B58F5F7FAB9F7F7CABBF7F7F0BCF5F7C4B910
S214036B68EFF7B6BAF6F7E6BDFFF745BFFBF7DCB8AF
S214036B78FEF7E3B8FDF753BFFEF738B801F01EBEBD
S214036B88E3F732BFEFF768BEEFF762BB02F0B8B8B9
S214036B9802F088B8EFF7B0BBEFF7EEBDEFF7F2BD3C
S214036BA8EFF71EBBE3F73CBFE3F74EBFE3F726BF9B
S214036BB8EFF7CCBAE3F72CBFF9F78EBA02F070B842
S214036BC802F037B8EFF7C8BAEFF730BEEFF710BBE7
S214036BD8E3F7CABFE3F7C2BFF9F782B8F9F76EBAA5
S214036BE803F07ABB03F080BBF9F7F2B8F9F76EBA8D
S214036BF800F063B900F0A1B900F0C9B900F0A0BA73
S214036C0800F010BB00F079BAE4F7A4BC00F0E6B9CC
S214036C1800F013BA00F026B810B51C4601F0DFFEE4
S214036C2805F0C5FF0023C0F340202370400010BDC5
S214036C38002208B50B461146FFF7EEFF023818BFC9
S214036C48012008BD00207047704700207047704732
S214036C580020704770470E20704701207047704722
S214036C680120704714220021E7F7F2B8704770B581
S214036C7805460C468AB0252200210DF10300E7F7E6
S214036C88E7F86B68CDF81D30AB68CDF8213023469E
S214036C9801AC03F11006224618685968083303C284
S214036CA8B3421446F7D101236A7B8DF8023012F0FB
S214036CB8040F0CBF4FF480734FF4A073110748BF3B
S214036CC843F48063ADF80030930748BFBDF800303F
S214036CD8684644BF43F00803ADF80030F4F73EFEB9
S214036CE80AB070BD30B5427B0D46D10704468BB05B
S214036CF807D5407801A9F4F797FED8B12D200BB035
S214036D0830BD9307FAD5C2F3800310074FEA8313FF
S214036D18ADF8023044BF43F48063ADF80230BDF8E3
S214036D280220201D0AB10DF1020201A902F09CFE01
S214036D380028E3D001AB03CB9DF81430A16023737E
S214036D48BDF810306060590642BF627B42F0040209
S214036D5862735A0542BF627B42F0080262731B07DE
S214036D6842BF637B43F0020363732B4606AC0AAD4C
S214036D78224603CAAA4218605960144603F1080358
S214036D88F6D10020BBE7F0B504460D4693B025229E
S214036D9800210DF12300E7F75BF8636804F1040CA0
S214036DA8CDF83D30A36809AECDF841302B4605F142
S214036DB81007324618685968083303C2BB4216469A
S214036DC8F7D105238DF82230637B5B0103F4007348
S214036DD8ADF820306378FF2B1AD1002360461A4695
S214036DE801A900F0CAF99DF80530FF2B0DD1002341
S214036DF801A91A46184600F0C0F99DF80530FF2B7E
S214036E0803D11C26304613B0F0BD9DF805306370D9
S214036E180020617808AA00F09BFA06460028F1D1FC
S214036E28607801A900F02FFA2B4603AD2A461868A6
S214036E385968083303C2BB421546F7D1637B6078AB
S214036E48DB0648BF9DF81C3001A944BF63F07F03E7
S214036E588DF81C3000F02EFAD4E710B504468AB035
S214036E682422002101A8E6F7F3FF637B590744BFF2
S214036E784022ADF810201A0742BFBDF8102042F48E
S214036E888062ADF81020DB070FD5607801A9F4F708
S214036E98CBFD10B12D200AB010BD01AB03CB637B2D
S214036EA8606043F00203A160637304A9201D02F027
S214036EB8DDFD0028EED00020EDE71FB5694600F09B
S214036EC866F8002818BF2D2005B05DF804FB73B5D7
S214036ED80D4614460646E3F76BFF6B881A071AD562
S214036EE822463146102002F0A2FD2046E3F760FF53
S214036EF86B88D90717D50023224601210DF1070011
S214036F088DF80730E4F720FA6B88002B0CBF212096
S214036F18002002B070BDDE06EAD522460821281DE9
S214036F28E4F712FAE1E79A0701D50223E4E75B07D9
S214036F38EAD50323E0E70F2070471FB50C466946DA
S214036F4800F025F8102221466846E7F7CDFAB0FA8E
S214036F5880F0400904B010BDB8B1B1B14388A3B9F5
S214036F680378013B082B10D8DFE803F00507090B65
S214036F780F0F0F0F0D00E4F7E9B8E4F743B9FFF76F
S214036F8876BEFFF700BFE4F7D1BA2120704738B5BD
S214036F980D4609B300B30378013B082B1AD8DFE87C
S214036FA803F0050D1013191919191600E4F706F955
S214036FB80446284602F03BFF204638BDE4F742F96C
S214036FC8F6E7FFF78FFEF3E7E4F772F9F0E7E4F77F
S214036FD8B7FAEDE72124ECE72124EDE770B586B090
S214036FE8064601A80C461546FFF73CFE04238DF813
S214036FF804301CB12068616802AB03C3294601A8A4
S2140370088DF80560FFF7A8FF06B070BD70B586B0AB
S214037018044601A80D461646FFF724FE03232068F8
S21403702861688DF8043002AB8DF8116003C32946F6
S21403703801A8FFF791FF06B070BD0022FFF7E6BF71
S21403704830B5437B044613F001020D468BB007D0D8
S214037058407801A9F4F7E8FC70B12D200BB030BDD9
S2140370689B07FAD5ADF8022001A90DF102020430F8
S21403707802F0FAFC0028F0D000210E22A81CE6F73E
S214037088E7FEBDF810302B80039BAB60BDF81230CB
S214037098AB819DF81430237301AB03CB6060A1600A
S2140370A80020DBE770B5437B0446DB070E468AB051
S2140370B803D42D2528460AB070BD6946407800F0EB
S2140370C845F905460028F4D1DDF81D300E22636025
S2140370D8DDF821300146A360637BB01C43F002034E
S2140370E86373E6F7B5FEBDF80030069A43F004036B
S2140370F83380059BB2607360DCE70B4610B5044625
S214037108102200211846E6F7A3FE2278032A09D0A0
S214037118042A0DD0022A11D101462046BDE81040A4
S214037128E4F774BA01462046BDE81040FFF788BF67
S21403713801462046BDE81040FFF7B4BF262010BD21
S214037148F8B5074608460C4616461D46FFF78AFD59
S21403715804232370637B314643F00103204667709C
S2140371686373FFF714FF08B12D20F8BD29462046A0
S214037178FFF7C3FF0028F8D0F6E7F8B50546084634
S2140371880C461F461646FFF76DFD0423237025B1EC
S21403719808222946E018E6F7ADFE637B43F00203B0
S2140371A863734EB932460121284600F0DAF8FF2801
S2140371B8607007D12D20F8BD31462046FFF7E7FE5D
S2140371C80028F7D1637B43F0010363730DB90020EE
S2140371D8F1E7002FFBD039462046FFF78EFFF6E788
S2140371E8F8B50C460746084616461D46FFF73AFD09
S2140371F803232046394600F8043B0822E6F77AFEBE
S214037208637B314643F0020320466373FFF7BFFEF2
S21403721808B12D20F8BD29462046FFF76EFF002843
S214037228F8D0F6E7F8B5074608460C4616461D4650
S214037238FFF718FD03232370637B314643F00103EE
S214037248204667706373FFF7A2FE08B12D20F8BDCA
S21403725829462046FFF751FF0028F8D0F6E718B16D
S2140372688022012100F07DB8FF207047002307B570
S2140372781A4619460093F6F7D9F8B0FA80F040098B
S21403728803B05DF804FB0B4610B519220446FF212C
S2140372981846E6F7DDFD7E2C01468CBF04F5C430A0
S2140372A804F583304FF01902BDE8104088BFAD30AF
S2140372B8D8F7EAB87E2888BF00F5C4304FF019021D
S2140372C894BF00F58330AD30D8F70AB930B589B026
S2140372D80D46FFF7C4FFFF2804460DD001A9FFF7A4
S2140372E8D2FF2868696801AB03C3204601A9FFF7E4
S2140372F8E1FF002009B030BD2D20FBE7704770473B
S2140373080020704770470F2070470F2070470020F3
S21403731870470F207047002070470020704784B0DE
S2140373288DE80F00002004B07047704770470020B0
S2140373387047704700207047704700207047012049
S2140373487047704700207047012070470E2070472B
S2140373580E2070470E2070470020704770470E2097
S2140373687047FF2070477047704700207047704784
S214037378704770470020704770470020704700200A
S21403738870470020704770477047002070470020FA
S21403739870477047002070470020704770470020EA
S2140373A8704710B50024E3B210B9C3F10303DBB288
S2140373B80134042CCA544FEA1222F4D110BD10B576
S2140373C80B784C788A78C97828B91046224604463A
S2140373D808461946034642EA012043EA042343EAD9
S2140373E8004010BD7047E4F7C5B908B5D2F75EFC90
S2140373F8002814BF8620002008BD08B5D2F726FE4D
S214037408003818BF012008BD08B5D2F7DFFD0038DD
S21403741818BF012008BD08B5D2F764FE003818BFA8
S214037428012008BD08B5E4F785FABDE80840E4F787
S21403743833BA70B504460D461646E4F77BFA0420BD
S214037448E4F71CFA324629462046FFF7DDFF0446D2
S2140374580220E4F713FA204670BD08B5E4F76AFA83
S214037468BDE80840D2F796BDE4F79CBDE4F77CBDBB
S21403747808B5E4F779FD20B1BDE808400020E4F735
S214037488B1BE112008BD08B5E4F78EFFE4F794FFF4
S214037498E4F79CFFBDE80840E4F7ACBF10B5044624
S2140374A822F07042103060602160A26039B1A26891
S2140374B803F070431343A360029BE36010BDA36805
S2140374C843F08043F7E701234360C36843F0200390
S2140374D8C360836843F000538360704737B5154627
S2140374E84A6804463AB18C680093096845EA040377
S2140374F8FFF7D4FF0446204603B030BD2DE9F04F0E
S214037508D3B0CDE90123DDE9608500230390042089
S21403751803ACCDE9050307C907AB83E80700214693
S21403752818465D9E0494E4F77DFF0746002840F05E
S214037538BA805C9A0AAB07CA83E80700494201F097
S2140375480F0900215E9B5F9A5B6852680D9113448E
S2140375585B4203F00F0AD8F8043012915B4200939B
S214037568B368DA0048BF73684FF0100242BF0333AC
S21403757823F003037360AB68DB0041BF6B68033318
S21403758823F003036B605E9BD3F804B05F9B5C68D1
S2140375980BEB04035344CDE90E3173685B4203F0E7
S2140375A80F03CDE910136B685B4203F00F03CDE9B5
S2140375B8131316AB18461591E6F74AFC5C9A5168FE
S2140375C851B9D8F804100C4354EA0B0401BF10222F
S2140375D89146CDE90B240A9011234FF0005204A9D3
S2140375E832A8FFF77BFF40F611034FF0005207A9B6
S2140375F8FFF774FF42F611034FF000520299FFF7A4
S2140376086DFF44F611034FF000520199FFF766FF2A
S214037618412300225E99FFF761FF4FEA0A234FF0E2
S21403762800525F9943F04103FFF758FF4FEA0923D7
S2140376384FF0005243F001030AA9FFF74FFF009BE0
S2140376484FF000521B0203F47063414643F00103F4
S214037658FFF744FF1038FFF736FF00230DA91A4635
S2140376681AA8FFF73BFF002331461A46FFF736FFF3
S214037678002310A91A46FFF731FF002329461A46A6
S214037688FFF72CFF002313A91A46FFF727FF00234B
S21403769862991A46FFF722FF1038FFF714FF1AA954
S2140376A832A8FFF7F0FE384653B0BDE8F08F10B5A2
S2140376B8044608B1E4F798FF2046BDE81040FCF7F7
S2140376C8B4BE10B50446006A10B1616AFFF7EFFF4F
S2140376D80020C4E9080010BD38B50546FFF7F1FFDA
S2140376E82B7E0446012B0ED0023B012B0ED8EB69EA
S2140376F8012B18BF6FF09604282200212846E6F7C8
S214037708A7FB204638BDEB69002BF2E76FF096041B
S214037718F2E718220021E6F79BBB70472DE9F84FDE
S2140377289846DDE90B490D9B15469A0706460F460C
S21403773823D02A460A9B03EB040A1444A24220D108
S2140377480D9B9B0705D5A2EB050AD14505EB0A0455
S21403775820D82046BDE8F88F434639462020B04750
S2140377680AF1010ACA450AEB0B02F5D3A9EB040290
S2140377784C4588BF00222A44DCE7A246A5EB040B47
S214037788F0E702F1010B434639461AF8010DB047F4
S2140377985A46D3E74346224639462020B0470AF1DD
S2140377A8010AD2E72DE9F047DDE90D7616F0020F58
S2140377B89DF82880DDE90854DDE90BCE1FD106F0D5
S2140377C801094FB1B9F1000F06D0B8F1000F02D185
S2140377D816F00C0F00D0013F4FF0300A04E0202CBF
S2140377E804D005F804A001347445F8D3B9F1000FA2
S2140377F805D04FF03009A74201D9202C2DD116F019
S214037808100F1FD016F4806F2CD15CB3744501D0CB
S214037818BC4227D1B4F1010E23D0BCF1100F46D1D8
S214037828023C16F0200F28D1202C28D04FF0780CD5
S21403783805F804C00134202C21D04FF0300C05F88D
S21403784804C00134202C1AD0B8F1000F23D04FF00F
S2140378582D0C05F804C0013412E005F80490013431
S214037868C9E77446BCF1100FDBD0BCF1020FE2D1B6
S214037878202C04D04FF0620CDAE7202C08D1202401
S214037888CDE90A76CDE90854BDE8F047FFF746BFC9
S2140378984FF0580CCCE716F0040F02D04FF02B0C21
S2140378A8D7E716F0080FEBD04FF0200CD1E7BCF162
S2140378B8020F7446C1D1DDE72DE9F04391B0189D58
S2140378C81A9E1D9F0DB927F010077C0500D515B322
S2140378D817F0200F14BF4FF0410E4FF0610EAC4661
S2140378E800250DF12008AEF10A0EBCFBF6F906FBDF
S2140378F819C95FFA89F4B9F1090F94BF303474448F
S214037908E4B2B44508F8014B05F10105BCFBF6F4EF
S21403791801D3202D10D11C9C069705941B9CCDE9FA
S21403792803649DF86440CDE9015408AC0094FFF75E
S21403793839FF11B0BDE8F083A446D6E72DE9F04F2A
S21403794895B0269ECDE90A23DDE91E74DDE9229B60
S21403795857EA040308BF26F010067205CDE90801A6
S21403796802D557EA040337D016F0200F14BF412375
S214037978612300250DF1300AA3F10A0821464A4679
S2140379885B463846E5F7F8FED2B2092A94BF30328A
S21403799842444F45D2B274EB0B0405F101050AF8CD
S2140379A8012B01D3202D14D1259B06960593249BE2
S2140379B8DDE90801CDE903939DF88030CDE901534D
S2140379C80CAB0093DDE90A23FFF7ECFE15B0BDE820
S2140379D8F08F07460C46D1E70025E5E708B100F027
S2140379E814B8704710B1D1E900311847704738B555
S2140379F8441E14F8015F25B90A2000F006F8284645
S214037A0838BD284600F001F8F3E701460020FCF7E6
S214037A18DFBA70477047EDF76FBF704708B5FCF7D6
S214037A28A8FAD2F743F9BDE80840D4F77BBA7047FB
S214037A3808B5D2F7A7FCFBF7FFF8BDE80840E3F75D
S214037A4879BF08B5FBF7E8FEE4F702FEFBF7E2FEAC
S214037A58E5F7ACF9E5F798F9E5F70EF9BDE8084058
S214037A68D7F7ECBC08B5D5F7C7FEFBF7D1FED5F7B5
S214037A78CFFED9F7F5FED9F79BFFDAF7A3F8BDE8EB
S214037A880840D9F7C1BF70477047E5F71BB908B573
S214037A98FCF7BAFEBDE80840FCF7E5BE704707B535
S214037AA800220346114601200092D9F753F803B083
S214037AB85DF804FB07B500920B46027D8189806852
S214037AC8FDF77AFC003818BF0120C00103B05DF843
S214037AD804FB08B50020E0F7C5FB0020E2F756F9DB
S214037AE80020DAF74FFA0020DAF7E6FC0020DAF788
S214037AF8E5FE0020DBF7D2F90020DBF7FBFE0020CB
S214037B08DEF72AFA0020DEF795FF0020DFF78AFD66
S214037B18BDE808400020DFF775BE08B50120FDF76D
S214037B282DF90120DAF78EFBBDE808400120DBF7C4
S214037B38B5B908B50220E0F789FC0220DFF77CFE1A
S214037B480220E2F731FC0220FFF790FC0220FDF743
S214037B58B5FB0220DEF76EFFBDE808400220E0F71B
S214037B6815B9DAF7B3BCFDF7C9BE70477047704757
S214037B78704770477047704710B50446E0F720F81B
S214037B882046FDF731F92046DCF7C6F92046DDF72F
S214037B9819F92046BDE81040FDF7C3BBFDF7DEBB69
S214037BA8FDF7E8BBDFF748BD70477047FDF740B9F8
S214037BB870477047704770477047704704F0BDBFFB
S214037BC870477047DFF7D2BD7047704770477047F6
S214037BD870477047D0F758BAFEF76BBB704700205C
S214037BE87047FEF768BBFEF771BBE7F749BA38B5C7
S214037BF804460D4600F097F850B129462046ECF7A0
S214037C08F1FB30B929462046BDE83840E7F700BA05
S214037C180E2038BD08B5ECF72BFA18B1BDE80840B6
S214037C28EAF7A2BD08BD70B516460C4604F04DFE2D
S214037C38314605462046EAF773F90446284604F013
S214037C483FFE204670BD00F032B970B504460020EA
S214037C580E4600F039FBD4F8F0503DB10023314608
S214037C682046AC46BDE870401A4660472B460122BC
S214037C7831462046E7F74CFC284670BD38B504461F
S214037C8848880D4600F020FBD4F8F0302BB9294677
S214037C982046BDE83840E7F74DBB022038BD00F064
S214037CA815BB00F03CB9E7F781B800F01BBB70B50D
S214037CB8BDF81060054606B16BB1334428469BB23F
S214037CC800F073F9044620B91EB13146284600F081
S214037CD8ADF9204670BD2124FBE7E8F7F5BEC0F8EA
S214037CE8EC1000207047E7F733BDE7F723BE10B460
S214037CF8BDF8044001945DF8044B00F09FB80B46AA
S214037D0810B514461846A1689288E6F731FAE16872
S214037D18034631B1A0886288121A92B21844E6F76D
S214037D2827FA002010BD0346408A18B1188A00387F
S214037D3818BF012070470846E9F742BA00F0D6BADA
S214037D4800F0D4BAE9F754BC084708B5E7F776F85D
S214037D58C0B208BD022A01D800F00CBA2120704729
S214037D68022A01D800F017BA21207047022A01D840
S214037D7800F023BA21207047E8F75CBB0846E8F70B
S214037D8877BB00F033BA002070470020704770476F
S214037D98D0F8903003F06003402B0DD0602B03D04F
S214037DA8203B58425841704749B10B68012B06D906
S214037DB8486940F00100704740F201107047002000
S214037DC87047F7B504461046D4E952C7DDE90826D6
S214037DD88CEA020587EA06010540194085EA0C0580
S214037DE87940C4E95251002523F4004106EA010309
S214037DF820F0010043F40073024043F00203CDE988
S214037E080055EAF783FF94F824309A0713D5D4F875
S214037E184C319B050FD54FF48811204600F034FCEF
S214037E2894F82430024665F3410384F82430204648
S214037E380B46E6F7D7FF002003B0F0BDF0B587B0D2
S214037E481C461746BDF830601AB90024204607B00A
S214037E58F0BD002BF9D00029F7D001AAE8F734FEC5
S214037E680028F2D0BDF80630A2199A42BDF8085089
S214037E78C4BF9B1B9CB2B54212D90399AD1BADB2C6
S214037E883144A5420391ADF808500DD22A46384628
S214037E98E6F76EF90499621B7819E6F769F9D5E7E8
S214037EA80499761B3144049122463846F5E708467A
S214037EB8E9F7DEBF0220E9F791BB08B5D0F8E4304E
S214037EC84BB11A68022A06D993F825204AB1186ACC
S214037ED8B0FBF2F008BD4FF446624C210020ECF7E5
S214037EE8AFFA0020F6E7D0F8E42008B57AB11368AD
S214037EF8022B0CD9536A13F47F4FC3F3072106D01A
S214037F08126ADBB253438B42B3FBF1F006D200206E
S214037F1840F67F424C21ECF793FA002008BD03464F
S214037F28D0F824010860B3F8283100208B80704706
S214037F3890F824310C2B14BF90F82900FF207047C3
S214037F4838B50C464FF400610546EBF7C1FF70B130
S214037F587CB195F81E3173B94FF480724FF4807173
S214037F682846EBF7A1FF003818BF012038BD2202C8
S214037F78F4E72246F2E70020F8E74FF48071EBF7C0
S214037F88A7BF08B54A024FF40071EBF78DFF002030
S214037F9808BD08B58A024FF48061EBF785FF002019
S214037FA808BD4FF40071EBF793BF2DE9F0418846FF
S214037FB818F0030706461546194633D1B2F5805F0F
S214037FC830D89A422ED33F2A28D9B2FA82F401220D
S214037FD80120C4F11F03DBB29A4092B2AA422CBF17
S214037FE8C4F11904C4F11A04E2B2931DDBB2984033
S214037FF880B2A84214D096F8F530ABB9012096F8AB
S214038008243060F3C71386F824304046E8F70EFB9F
S214038018C6F82080B5823846BDE8F0813A46EAE7D6
S2140380280020ECE72127F6E70E27F4E7084600F0DA
S2140380382EB9F8B511F0030607460D46144621D1A6
S21403804802B313883F2B1DD9B3FA83F3C3F119017F
S214038058C9B2062901D8192B12D0062928BF06212A
S21403806801238A1DD2B293402846238000F015F9CF
S21403807823883846FD617B82E8F7E8FB3046F8BD7F
S2140380883146EDE72126F9E738B5148811F00305DC
S2140380984FEAC4041ED13F2C1CD9B4FA84F4C4F1A5
S2140380A81903DBB2052B01D8192C11D0052B28BFD1
S2140380B8052301240633DBB204FA03F3C3F3CF0420
S2140380C81480816104820387E8F7C0FB284638BD1D
S2140380D82B46EEE72125F9E710B514460846012195
S2140380E8E9F798FD2046BDE810400121E9F792BD5F
S2140380F8F8B504460E46174604F0E7FB3A46054627
S21403810831462046EAF744F80446284604F0D8FBE6
S2140381182046F8BD0220704703207047E9F756BA91
S21403812810B50023E7F7A2FE044608B9EBF726F8CE
S214038138204610BD70B505460E46144600F0C9F82D
S2140381483146284600F04CFA00F0C3F8230744BF2C
S21403815824F00804A4B221462846E6F775FE002252
S2140381684FF400312846EBF79FFE002070BD8021B0
S214038178EBF7AEBE7FB5531C05AAADF814100292F2
S21403818802210022DBB2CDE900211146EBF7AAFE55
S21403819807B05DF804FB7FB5531C05AAADF81410A9
S2140381A8029204210222DBB2CDE90021002201213A
S2140381B8EBF798FE07B05DF804FB1FB5531C029156
S2140381C800220821CDE900210122DBB21146EBF794
S2140381D889FE05B05DF804FB10B50446E6F72EFEE7
S2140381E801462046BDE81040E6F72EBE002914BF18
S2140381F821200020704738B5054610460C46E8F798
S21403820863F965B1D5F8E0304BB15B693BB12268D9
S214038218013204BF6FF00102226022681A60002050
S21403822838BD002070472DE9F74F01251C469DF8F9
S2140382383030064601930368174603F007030633F0
S2140382489D4005F1FF380B46A1B1416804EA080BC7
S214038258A5EB0B0A41F00059524509EB0B0114D95B
S21403826852461846E5F784FF49467A1B5A44504453
S214038278E5F77EFF019B2BB13C4448EA050804EA70
S2140382880804F46003B0BDE8F08F1846F0E74FF033
S2140382983A43022298615A6370474FF03A430122E1
S2140382A85A6740F6FF72D96418651A67704737B578
S2140382B8002514460095FFF7B6FF204603B030BDE9
S2140382C8E7F774BF00207047002070470020704708
S2140382D87047704710F0FD0F14BF4FF0FF300020B3
S2140382E8C0B27047704700200021704708B5E9F709
S2140382F8BFFABDE80840E9F7E3BA38B50446FFF71E
S214038308F5FF0546FFF7F2FF431BA342FAD338BD32
S21403831838B50D460446E9F7ABFA35B1844200D9B9
S2140383280139204601F0030138BD844238BF0131C4
S214038338F7E708B50121FFF7EBFFBDE80840E9F7C3
S214038348BFBA08B521B19200E5F712FF002008BDB1
S2140383582120FCE700F06F43B3F1804F02D0B3F15E
S214038368204F02D120F07040704700F06043B3F10D
S214038378204F08BF20F0805070470B0C23F480531F
S214038388B3F5284FF7B50D468FB2064699B216D001
S2140383984AF60103994214D04AF60203994212D0C8
S2140383A8B1F5204F14BF04240324D6F8E0300BB1EC
S2140383B8196851B9D6F8DC3093B928680EE000245A
S2140383C8F3E70124F1E70224EFE7234668463A4633
S2140383D8E9F7EAFADDE90003002BEBD103B0F0BDB9
S2140383E819680029E9D0234668463A46E9F7DCFACD
S2140383F8DDE90003002BE0D1F0E70204C0F389139C
S21403840807D56FEA83536FEA935313F5007F18B2C1
S21403841806D0A3F1C8006FF4FF739842B8BF184696
S21403842870474FF0384359699A6903F500530A4071
S2140384385A6170470E207047EBF7B0B8EBF7AEB843
S214038448EBF7ACB8EBF7AAB808B50846EBF798FC11
S21403845808BDEBF7A3B80220704702207047002038
S214038468704701207047002070470E207047002091
S2140384787047E7F703BF08461146012200F086B89F
S21403848870B505460C4611461A46EBF7AFFD066867
S2140384982B462046B446BDE87040604710B5EBF758
S2140384A8A5FDBDE8104083681847FFF739BEE7F710
S2140384B8EFBDFFF79CBBE7F7EDBA70B504460D466C
S2140384C816464FF4881100F0F4F83246294620463B
S2140384D8BDE87040E8F708B87047431E012B03D978
S2140384E8031F58425841704701207047FFF7EABEFA
S2140384F84FF4D4720021E5F7ABBC70B50446E7F732
S21403850861FB0546A8B9A169F1B1238AD3B1204610
S21403851804F11002FFF7B8FD38BBE16919B3638AA3
S214038528A3B1204604F11202FFF783FD78B105468E
S21403853803E00023A3612361E36100232846636104
S214038548236270BDA061E8E72082E6E7E361216A5B
S2140385580029F2D0A28A002AEFD02046E38ABDE893
S2140385687040FFF722BD6182F1E76582E561DEE7C9
S21403857811B9D0F8DC1021B1CB6813B18B68D88950
S21403858870474FF6FF707047E6F73EBC10B50C46CB
S2140385981146E6F75FFCE7F771FE012801D10020D4
S2140385A810BD002CF7D10520FAE7FFF786BCFFF7C6
S2140385B89ABC70B500232425D0F8DC00C4689C4216
S2140385C801D1212070BD826805FB0322D6898E421D
S2140385D802D8128A8A4201D20133F0E70020F1E773
S2140385E8F8B506460D46EBF763FDD8B94FF6FF73A5
S2140385F84FF0240CEF68C1B28F4208D81C462146B8
S2140386083046EBF7EFFEFFF763FE2046F8BDAA6891
S2140386180CFB0122D4899C4202D2002CEFD02346BD
S2140386280130E8E70024F0E7808D70470A7838B50C
S21403863805461046FFF751FF60B14C782046FFF712
S2140386484CFF38B12243530704D42846BDE83840C4
S214038658E6F738BE212038BD10B504460878FFF77C
S2140386683CFF58B14A781046FFF737FF30B1042A63
S21403867804D02046BDE81040E6F742BE212010BDD0
S214038688FFF79FBBE7F768B938B505460C4604F00D
S2140386981CF9D5F88C301C40D5F888302343C5F828
S2140386A8883004F00DF9211E18BF01210020490265
S2140386B838BD38B504460D4604F007F9D4F88C30AF
S2140386C81D40D4F8883023EA0505C4F8885004F01A
S2140386D8F7F8284638BD38B504460D464FF48811D2
S2140386E8FFF7E7FF29462046BDE83840E7F71CBFF3
S2140386F873B50D7806460C4635B304238DF8043057
S2140387082379304601A98DF80530FFF7A5FF0546FE
S214038718B8B92278A37952BB8DF80430E37930468A
S21403872801A98DF80530FFF781FF054648B9237878
S2140387383BB161883046E6F7D1FF01213046FFF7A3
S214038748FFFB284602B070BD2946FFF7F9FB29460A
S2140387583046FFF716FC29463046FFF71AFC2378FF
S214038768002BCAD123798DF804306379C9E702222E
S2140387788DF80420D3E7FFF704BCFFF712BC0020EC
S2140387887047704710B50446EBF7BCFE2146002039
S214038798ECF70CFDBDE81040002000F02BB970473D
S2140387A80120704708B5EDF72FFB80F00100C0B233
S2140387B808BD4FF0FF30FFF7C1BA70470020704777
S2140387C810B50C4603F042FE048010BD38B50C46BF
S2140387D8154603F03BFE03881DB11C43A1B2018076
S2140387E838BD23EA040189B2F9E708B503F02EFE7B
S2140387F8008808BD08B503F029FEC07808BD08B58B
S21403880803F024FE008800F00C0008BD08B503F04A
S2140388181DFE008800F00C00031F5842584108BD8F
S21403882838B5054603F012FE04462846FFF7EEFF62
S21403883830B904F1100004F0BAF900F4406038BD0A
S2140388484FF40060FBE738B5054603F0FFFD044622
S2140388582846FFF7DBFF014648B9103420460422B2
S21403886803F034FD2044BDE8384004F0A0B9A088DE
S21403887838BD10B50C4603F0E9FD848010BD38B545
S214038888054603F0E3FD04462846FFF7BFFF30B965
S21403889804F1100004F08BF900F4404038BD4FF49F
S2140388A80060FBE738B5054603F0D0FD04462846C6
S2140388B8FFF7ACFF014648B910342046062203F0FA
S2140388C805FD2044BDE8384004F071B9A08838BDDA
S2140388D838B5054603F0BAFD04462846FFF796FF63
S2140388E8014608B1201D38BD10340622204603F081
S2140388F8EDFC2044F7E708B503F0A8FD007A08BDA9
S21403890808B503F0A3FD90F9090008BD08B503F000
S2140389189DFD807A08BD08B503F098FDC06808BDBC
S21403892810B50C4603F092FD047210BD10B50C4644
S21403893803F08CFD447210BD10B50C4603F086FD9B
S214038948C46010BD2DE9F8430F468046002107F1A1
S21403895810001646994603F0EDFD0446D0B103F021
S21403896875FD0546204603F08DFD00210246284680
S214038978E5F76EFA00232046AB7049F00401FFF7CB
S2140389881FFFA5F804802EB13A46314605F11000BC
S214038998E5F7EEFB2046BDE8F883F8B505460F462F
S2140389A81020002103F0C6FD0446B0B103F04EFDC7
S2140389B80646204603F066FD002102463046E5F7E4
S2140389C847FA002339462046B370FFF7F9FE25B168
S2140389D82A460121204603F085FD2046F8BD08B542
S2140389E803F034FD103008BD08B503F04BFD10380E
S2140389F8C0B208BD0020ECF701BB08B5ECF75CFD78
S214038A08002008BD4088C0F30C00033080084000EF
S214038A180430704770B50E4605461146304603F0D7
S214038A2889FD044635B128B103F010FD32462946C0
S214038A38E5F760FA204670BD0088B0FA80F0400972
S214038A48704738B505880022044604F01EF905B1B8
S214038A58258038BDF8B507460D460088002116461A
S214038A6803F02CFDB042044605D129463846BDE836
S214038A78F840FFF7E6BF0021204603F01FFDB0428B
S214038A8805D02046002103F019FD0446F3E72A46DD
S214038A982046002103F026FD32462846BDE8F84066
S214038AA8002103F01FBDF8B5058807467DB1CCB293
S214038AB82146284603F002FD8542064609D10023CF
S214038AC83B8000222146304603F00CFD35462846F7
S214038AD8F8BD214603F0F2FC21460246284603F079
S214038AE801FDEEE72DE9F0470788824688461446D7
S214038AF85FB3384603F0C6FC3D460646E4B2214655
S214038B08284603F0DBFC4045814616D1214603F090
S214038B18D5FC21460246284603F0E4FC474504D123
S214038B28454508BF0025AAF80050002221464046BE
S214038B3803F0D8FC3046BDE8F0878742FAD003F046
S214038B48A1FC30444D4686B2D9E73E46F2E70022FA
S214038B580123C0E900237047F8B504460127002619
S214038B6803F0C0FE23683BB903F0B7FE0022636830
S214038B78012B0ED16360F8BD1D691F61266003F0E3
S214038B88ACFE012DF2D02B462D691E61012DFAD1BC
S214038B98E6E719691A610B46EAE7036823B94068EA
S214038BA8012803D0EDF7D0B9002070474FF0FF3007
S214038BB87047F8B5054603F015FF01230646002758
S214038BC8A8602B7303F08EFE2B6802467BB11C69E4
S214038BD82169A1420CBF2F6019612761104603F073
S214038BE87CFE012C08D0204663689847EAE76C6841
S214038BF8012C04D103F071FE00232B73F8BD6169C1
S214038C08711AB1F1004FF5D8216969602361E5E768
S214038C1802207047022070470020704701448842AC
S214038C2801D10120704710F8013B9342F7D000208A
S214038C38704770B50146064692B00020EBF78EFEE5
S214038C48044670B9FDF7D4FE054601466A46204633
S214038C58ECF7CAF96A46294620468DF80260ECF70F
S214038C6879FC204612B070BD00B593B0FDF7C0FE80
S214038C786A4601460020ECF7B7F99DF9020013B0DF
S214038C885DF804FB00B593B0FDF7B2FE6A460146ED
S214038C980020ECF7A9F99DF8000013B05DF804FB73
S214038CA8ECF766B9012070477FB54FF6FF7101AA46
S214038CB8EDF7BCFB20B1BDF80C0007B05DF804FB6C
S214038CC84FF6FF70F9E708B51046EEF775FBBDE8F3
S214038CD80840EEF72FBC70477047704770477047D9
S214038CE870477047704738B54FF6FF750D800C46CA
S214038CF8F6F726FC2080A8420CBF2D20002038BD9E
S214038D08002100B593B06A460846ECF76DF9BDF83E
S214038D18060013B05DF804FB002110B592B00446B4
S214038D286A460846ECF760F900216A460846ADF835
S214038D380640ECF70FFC12B010BD002100B593B047
S214038D486A460846ECF750F9BDF8040013B05DF818
S214038D5804FB002110B592B004466A460846ECF7B1
S214038D6843F900216A460846ADF80440ECF7F2FBDF
S214038D7812B010BD70472DE9F04F87B00C469146E8
S214038D880746FFF73CFD0546661C304603F00FFF13
S214038D98042D40F090803846FFF721FE0378092219
S214038DA803F00303012B14BF0223032301212046E8
S214038DB8039303F08BFA092200210546204603F0A5
S214038DC885FA21788DF8170001390022204689B2E2
S214038DD8FFF720FE04EB09088346F0B14FF0010ABB
S214038DE82A460146CDF800A003980DF11703FBF7B2
S214038DF8C0FD0228054626D1584603F043FB002249
S214038E082070C0B2431E00929BB252465946304663
S214038E1803F0CAFF2378534423703846FFF7E5FC6C
S214038E28020424D498F8013021789B071FD501390A
S214038E38A1EB09013A464046C9B2F1F77BFA237813
S214038E481844207013E020B92070284607B0BDE800
S214038E58F08F032809D1404603F0A9FE20F40071D9
S214038E6889B2404603F0A5FED7E70428D5D10125E5
S214038E78002220462178FFF7CDFD07460028E4D0D8
S214038E884FF000080146434601224046CDF80080CD
S214038E98FBF76FFD022819D1384603F0F3FAC2B27E
S214038EA8013A207093B2394601223046CDF8008045
S214038EB803F07AFFC9E780F0800520F0800081B2CE
S214038EC83046C5F3C01503F074FED1E70028BCD1BD
S214038ED82070BAE708B50020FFF764FC80F00100AD
S214038EE8C0B208BD0A4608B501460020EDF7ECFCFB
S214038EF8B0FA80F0400908BD0020ECF75FBC0021FB
S214038F080846ECF703B90020FFF74ABC70B50446D9
S214038F1803F04DFE042200210646204603F0D6F948
S214038F28204403F044FE032205460021204603F0AE
S214038F38CDF9204403F03BFE4FF6FF730540ADB270
S214038F489D4214D1F30712D506220021204603F0CA
S214038F58BDF9204403F02BFE0446EDF727FD8442B3
S214038F6814BF02240624EDF71BFD204070BD2046DF
S214038F78FBF7D0FEC400E4B2F5E708B5FFF7C6FF73
S214038F88003818BF012008BD0120704710B50446F5
S214038F98FEF700FA08B9FEF7FFF903050FD40C230A
S214038FA81B2B01D1002009E020FA03F1C90703F1BE
S214038FB8010206D5DBB2E31A5842584110BD0B230B
S214038FC8F9E71346ECE710B50C46098819B90846BD
S214038FD8F7F70EFE2080012010BD08B510461A4686
S214038FE800F08CFABDE8084003F07FBD70B5044670
S214038FF80D46164692B06A46EBF7F6FF6A462946CA
S21403900820468DF81F60ECF7A5FA12B070BD10B5B0
S2140390180C46EEF7A7F82046BDE81040EDF7B8BFB4
S2140390280129F8B505460C461DD003291ED0052987
S21403903820D0072922D00026002400270120EBF79A
S21403904825FF304485421DDA0320EBF71FFF204433
S214039058854219DA0520EBF719FF38448542B4BF71
S21403906807200520F8BD6FF00406E5E76FF0040453
S2140390780526E2E700266FF00407DFE70024052746
S2140390882646DBE70120EDE70320EBE738B1437913
S214039098490023F00C0301F00C010B43437170479E
S2140390A810B5044678B141794088490801F00601AD
S2140390B80131000AFFF7B4FF024601462046FFF7D0
S2140390C8E5FF104610BD0722FBE738B50D46EEF759
S2140390D837F8044608B9002038BDFFF7E1FF002D2E
S2140390E8FAD1237913F00703F5D0984238BF184608
S2140390F8C0B2F1E7EEF732BA0022EEF755BB00210D
S214039108012208B5EEF750FB401A18BF012008BD28
S21403911838B51546FFF7F0FF0446284603F028FE41
S21403912884B1FF2804D0626822FA00F3DB0701D56E
S214039138012038BD0123834013436360E37801337A
S214039148E370F5E72046F4E7EEF788BD10B503F0BD
S2140391587DF900F11004204603F029FD20F4007180
S21403916889B22046BDE8104003F023BD2DE9FF4130
S2140391781546019101218DF80D301B0A8DF80E3026
S2140391889DF82C308DF80C008DF80F3028460423F4
S214039198009103AA9DF828809DF830709DF83460E6
S2140391A801F016FB044670B12946FFF762FBB8F1D7
S2140391B8000F02D12046FFF7C9FF2FB146B9314643
S2140391C8204601F0D0F80024204604B0BDE8F0811C
S2140391D8002220461146EEF7C7FCF4E74FF47A70F0
S2140391E8EEF71CBE08B5ECF7C3FEBDE80840002042
S2140391F8EEF71ABF00B58BB06846EEF7EBFD009B9B
S214039208BDF8060004A90693EEF78AFD0BB05DF8D1
S21403921804FB1FB504466846EEF7DCFD02AB03CB3A
S2140392282060616004B010BD1FB5062304468DF8A0
S2140392380C30EFF753F800238DF80D00CDE9003313
S21403924801210223204603AA01F0C2FA04B010BD86
S21403925838B5002208210546FFF7E0FC044698B90E
S214039268FFF74EFD22464FF6FF71EFF78FFA2846B3
S214039278297CEEF709FF287C6A69E989F0F704FE7A
S214039288EEF77AFE204638BD0120FCE770B50C469B
S21403929805460120EFF706FE237B4BB1FFF730FDAB
S2140392A8014623462A46BDE870400120EFF78CBAEC
S2140392B84FF6FE71F5E7F8B50E460746FFF78FFB40
S2140392C8054603F074FC00F44040B0F5404F14BF65
S2140392D80022062202F10A03EB5C0B325C0004F060
S2140392E80E045B08144403F0380338461C44FFF79F
S2140392F87BFB844208D2001BC2B20F2A28BF0F2268
S21403930830462919E4F734FF2046F8BDECF730BE9B
S21403931840F62740F0F736BBFF224FF6FF71F0F70B
S21403932865BC07B500210DF10700F0F797FD9DF81A
S214039338070003B05DF804FB13B5044601A9002033
S214039348F0F78CFD019A01462046F0F79DFD20466E
S21403935802B010BDF0B50F46002187B00446084694
S2140393681646F0F77BFD012305460DF10A008DF836
S21403937808408DF80930FFF74CFF092C1DD13146FC
S2140393880DF1120003F015FC05AB002102AA9B1A87
S2140393982846CDE90011DBB2642101F019FA054627
S2140393A8E0B1092C15D1F0F7B9FD044688B1284673
S2140393B8F0F7C8FD204607B0F0BD31460DF113009F
S2140393C88DF812704FF6FF7503F0F3FB0DF11503D6
S2140393D8DBE7284600F014F80446EBE70446E9E71B
S2140393E838B504460D4603F0DDFC40B1AC4206D062
S2140393F8204603F0CEFCBDE8384000F0ACBF38BDCD
S21403940810B50446FFF7EBFA023003F0D0FB4FF62D
S214039418F7739842204603D9BDE81040F0F70CBF0F
S214039428F0F74CFFB0FA80F0400910BD01207047F2
S2140394380022F0F739BE70B504460088FFF7CFFA66
S2140394480546043003F0B3FB0646A81C03F0AFFB3F
S214039458054603F0C2FA3046F2F716F930B928463D
S214039468F2F712F910B1284603F09CFCA378002003
S21403947823F00F03A37070BD70B50546FFF7AFFA68
S2140394880646284601F0C8F901462846F7F7E4FFDA
S21403949804462846FFF7D7F94FF6F773984208D8D5
S2140394A8337803F00303012B05D1A31E5842584112
S2140394B870BD0120FCE70020FAE741F2033330B51C
S2140394C885B00D46ADF808300446FFF719FC8DF84D
S2140394D80A00FFF715FC0021000A8DF80B00052388
S2140394E82046CDE9001102AA8DF80C5001F070F958
S2140394F810B12146FFF79CFF05B030BD2DE9F041BA
S214039508044617460D46E1B13F294FF0000600D141
S21403951835462046FFF773F9082814D1012120465B
S21403952802F0CCFF064602F0ADFF0446304602F0D2
S2140395388DFF3B4601462A46E0B2BDE8F041FDF7FB
S214039548FBBA0126E5E72046FFF759F9024630B984
S214039558BDE8F0414FF6FF71012003F0F1BA20464B
S214039568FFF75EF9B0F5006F0ED12046FFF76BF9EB
S2140395784FF6FF739842014617D0002D0CBF032001
S2140395880520002203F0DCFA29462046EEF7A4FB62
S21403959868B929462046F2F715F840B932462946EF
S2140395A82046BDE8F041F0F7CDBF0120E9E7BDE866
S2140395B8F0817047704737B54FF6F675FDF71BFA17
S2140395C8431E9BB2AB420446F8D8EDF7B9FD002814
S2140395D8F4D169462046EDF7D5F80028EED02046A4
S2140395E800F09AFE0028E9D12046FFF788FD0028F8
S2140395F8E4D12046F2F748F80028DFD1204603F0E6
S214039608D1FB0028DAD12046FDF700FA0028D5D189
S214039618204603B030BD73B504460E46F2F734F859
S214039628054688B92046F2F789F821462B460D22C7
S2140396384FF6FD70009500F0A1F83146204602B0BB
S214039648BDE87040F2F73CB802B070BDF7B5044603
S2140396580D461746FFF754FB0646002D3FD04FF638
S214039668FB739C423BD82046F2F70EF808B1A64295
S21403967835D02046F2F708F810B1012003B0F0BD44
S2140396882046FDF7C3F9C0B1A642F6D0F4B1694641
S2140396982046EDF777F80246C0B908216846FFF773
S2140396A8BDFA98B9082269462846E4F71DFF68B14B
S2140396B829462046FFF7AFFFDFE7A642E6D128464E
S2140396C8EDF7CEF810B900F03DFED6E73FB12146D8
S2140396D82846EDF7DBFE21462846F5F717FF002058
S2140396E8CCE737B5054614460C2914D8DFE801F04D
S2140396F82C132C131313071313131324240069466C
S214039708EDF740F818B901216846F5F7FDFF412043
S2140397182946F8F71DFBD4B12046FFF760F9023057
S21403972803F045FA4FF6F773984210D9204603B06C
S214039738BDE83040F0F736BE40F6144040F6134313
S2140397480B2908BF1846E3E700F0EDFDE3E703B08F
S21403975830BD1FB50346084603218DF80D308DF836
S2140397680C1001230021ADF80E20CDE9003103AA21
S214039778042301F02DF805B05DF804FB2DE9F34149
S21403978806460F4614461D469DF82080FFF7B8FA8E
S214039798B04207D100222146384602B0BDE8F04160
S2140397A8FFF79FBF3A4631462046FFF7D2FFADF88C
S2140397B8060060B10D2C05D100224FF6FF71282054
S2140397C803F0BEF935B9BDF80600FFF719FE02B077
S2140397D8BDE8F0810123424629460DF10600ECF761
S2140397E81BFBBDF80630002BEDD1F0E7F7B50C46AA
S2140397F80546FFF7F4F8611C06462846F7F72CFEDD
S214039808A11C0746284600F02AFF014604463846A8
S214039818FDF72AF90D2F34D12046F1F735FF78B135
S214039828301D03F0C4F904462846F679FFF73AF8DC
S21403983831460246204603B0BDE8F040FFF768BC51
S214039848B01C03F0B4F94FF6F773984202D92846CA
S214039858F0F7A8FD2046F1F771FFFFF751FAA0428B
S21403986805D1002003B0BDE8F040FFF7A2BE6B4663
S214039878B068F16803C369462046F1F721FF03B0D1
S214039888F0BD2A463946204603B0BDE8F040FFF748
S21403989828BF14220021E4F7DBBA2DE9F04F11F0B4
S2140398A80F0704460E4615468FB05CD10120E1F734
S2140398B821FE09A8FDF7D6F9092309A88DF824304F
S2140398C8FDF7D4F909A8E1F7E7FD01A909A8FDF70B
S2140398D85EFB26F00F08A84404F1100904F10F0AEA
S2140398E8454511D1236901A93344236109A8FDF726
S2140398F833FB0020E1F7FEFDB6F1005F28BF2727FC
S21403990838460FB0BDE8F08F05AA23469646944618
S214039918186859680833ACE803004B456246F6D125
S2140399282B46224605F1100B53F8041B5B4542F8F9
S214039938041BF9D1714609A8FDF70EFB09A8E1F740
S214039948ABFD224621460120E1F790FD013D631E4B
S21403995813F8012F15F8011F534582EA01021A70FE
S214039968F6D15D46BCE70227CAE7F0B5174685B0C9
S21403997805460C46102200216846E4F769FABFB389
S214039988C4B30F2C04F00F0608D924F00F043A4684
S21403999821462846FFF781FF40BB2744324639460F
S2140399A86846E4F7E5FB80222F6906F1100337447F
S2140399B86B44B7F5005F03F8102C2F61C6F1100649
S2140399C81AD3062E1FDDFB001A0E8DF80A201A0C72
S2140399D85BBA8DF80B20ADF80C306A461021284682
S2140399E8FFF75BFF00202B69103B2B6105B0F0BD2A
S2140399F83E46D8E72646D6E7022E04DDFB005BBACA
S214039A08ADF80E30E9E76A4610212846FFF745FF0A
S214039A182B691022A3F11004002168462C61E4F791
S214039A2817FAB7F5005F4FEAC403CDD2E7E770B578
S214039A380E46054686B001A81446FFF72AFF3246A7
S214039A48294601A8FFF791FF2246054601AB05AE56
S214039A581C4603CCB44210605160234602F1080248
S214039A68F6D1284606B070BDF1F7C0BE0A460021F7
S214039A78F1F7BCBEF0B58BB00C4601A9F1F7B6FEFC
S214039A88054680B325220021E01CE4F7E1F901230B
S214039A98A3700E23BDF810702380FA0510D523464D
S214039AA84FF4877206AE23F8042B0DF1280C3246C2
S214039AB803CA624518605960164603F10803F6D1CF
S214039AC83B0605D5238843F080032380069B636003
S214039AD801AB03CB039BC4F81D00C4F82110A36194
S214039AE8F3F768F8606128460BB0F0BD30B5054655
S214039AF80C4687B001A8FDF7B5F82868696802AB75
S214039B0803C39DF8113043F002028DF8112074B197
S214039B182288510644BF43F006038DF811305305D7
S214039B2842BF9DF8113043F008038DF8113001A8A1
S214039B38FDF793F9B0FA80F0400907B030BD2DE978
S214039B48F3410F460546164602F09CFC4FF0000804
S214039B58C41BE4B2294623463A463046CDF800806D
S214039B6803F022F90121284602F0A8FC88B1012156
S214039B78284602F0A3FC074602F084FC0546C3B257
S214039B88424630193946CDF8008003F00DF92544CE
S214039B98ECB2204602B0BDE8F0812DE9F04F85B05F
S214039BA80C46054691461F464FF0010ADDF83880F5
S214039BB89DF83CB002F066FC22463B46294606461C
S214039BC8CDF800A0484603F0EFF85146284602F0C1
S214039BD875FC3C4418B35146284602F06FFCF6B2AF
S214039BE8B442814610DAE7B2F31BDBB2404622469C
S214039BF82946CDF800A003935F4403F0D5F8039BEA
S214039C08BF1B984407F0FF0B012300220E93494617
S214039C185B46404605B0BDE8F04F03F0C5B85B4663
S214039C2822462946CDF838A0F3E72DE9F041002669
S214039C3886B0074608460C4615469846CDE902669A
S214039C4804968DF8146002F01DFC411BCBB20D2B55
S214039C5828BF0D232A462146009602A803F0A4F837
S214039C68424602A93846F1F717FF06462946204614
S214039C789DF80820F7F704FC304606B0BDE8F081E7
S214039C882DE9F04F0E46CBB00121054617461C4674
S214039C9802F014FC23463A462946814606A8FFF7EF
S214039CA8C4FF0DF1280A00EB070B52463146284637
S214039CB85FFA8BFBFFF743FFB34503D200204BB095
S214039CC8BDE8F08FABEB06085FFA88F808F10403E3
S214039CD89842F3DB331F18440423C4B20193A31B2F
S214039CE8DBB20093524643460021CDF808A006A8E7
S214039CF8E1F770FB0028E1D1A4EB0B040AEB080399
S214039D08E4B2524628463146009301944346FFF789
S214039D1844FF39462846F7F79FFB394600F0F80212
S214039D282846F7F7ADFB0121284602F0C7FB0028B3
S214039D3818BF4D462846ADF8165002F0A3FB011F80
S214039D48C9B20DF1160000F04FFC0120B7E72DE964
S214039D58D841064600F060FD411C044689B23046E9
S214039D6800F02DFD98B394B321463046F7F774FBFD
S214039D7800F00C03042B074629D000F00308B8F1BB
S214039D88020F00D11BBB384600F0B0FD3B06044467
S214039D98A4B216D5611C304689B200F010FDB0B1E6
S214039DA821463046F7F758FBB8F1010F014600F095
S214039DB803030CD0032B0AD0384600F0A6FD03197C
S214039DC89CB221463046BDE8D84100F0F8BC0020D6
S214039DD8BDE8D881F8B5064600F0E0FC054604461B
S214039DE83046FEF7FCFD43785B0718D5AC1CA4B2D7
S214039DF82146304600F0E3FCB8B129463046F7F76B
S214039E082BFB0746691C304689B2F7F725FB1FB1BB
S214039E18874201D8FF2808D104EB4704A4B2214699
S214039E283046BDE8F84000F0CABC0020F8BD13B5BC
S214039E38044601A8F2F788F8BDF80430DA0710D408
S214039E489B0707D410220021204602B0BDE8104025
S214039E58E3F7FEBF224621461020FFF7E8FD002859
S214039E68F0D102B010BD024608B5F2F795F85105D1
S214039E7844BF0838C0B2130544BF0838C0B208BD8B
S214039E88F0B5D30705460C468BB04AD5008800F0D4
S214039E98C3FC00230646029314B9CDE9034403AC76
S214039EA8002208212046FEF7B9FEA8B12888FEF747
S214039EB896FD023002F07BFE21460746ECF762FC6D
S214039EC850B1002240231146384600F005FA40F602
S214039ED8094528460BB0F0BD31462888F7F7BCFA83
S214039EE810F0030F0CBF01260026F1F7C3FC46EA61
S214039EF84000C0B200900021204602AB05AAF3F743
S214039F0895FA0546F1F7B6FC0028E2D0002DE0D016
S214039F1800212046009602AB05AAF3F787FA054602
S214039F28D7E740F60A45D4E700231A46F3F7EAB913
S214039F3830B58BB005AD04462846FCF793FE0223DE
S214039F48284601A98DF81430FDF721F8234601AAFF
S214039F58144603CCAC4218605960224603F1080342
S214039F68F6D10BB030BD08B500230246194618468D
S214039F78F3F7C8F9012008BD37B504466846F3F772
S214039F8839FA054648B1082221466846E4F7ACFA8A
S214039F98B0FA80F0400903B030BDFF2208212046FE
S214039FA8FEF73CFE034628B106212846FFF7BCFF0A
S214039FB80120F0E722460146F3F7A4F9F8E707B5C8
S214039FC86846F3F717FA10B16846FDF74FF900F03D
S214039FD8010003B05DF804FB0120F3F7E1BE704708
S214039FE830B50124054689B003A8FCF73BFE01A853
S214039FF88DF80C40E1F7AEFA9DF806209DF8073079
S21403A008AA4209D0AB4209D103A88DF80D40E1F75F
S21403A01843FA012009B030BD0024F5E70020F9E72C
S21403A02800221021FEF7FABD70477FB50D4600F5EE
S21403A03882300D22694600F58070D5F725FA6B46FF
S21403A0482A4602AE1C4603CCB4421060516023462F
S21403A05802F10802F6D120681060237913710023F1
S21403A0686B7304B070BDF0B585B06A4605460B46FB
S21403A078164601F10807144618685968083303C4D6
S21403A088BB422246F7D118680D2220601B7905F5D6
S21403A09882303146237100F58070D5F721FA05B072
S21403A0A8F0BD38B504460D46E0F746FDA04205D98F
S21403A0B820462946FFF7B9FF002038BD2820FCE7CD
S21403A0C830B5002485B08DF80040E0F735FDE5B2DD
S21403A0D8A84204D8F5F77CF9002005B030BD6946D8
S21403A0E82846FFF7C0FF0134EFE738B504460020DB
S21403A0F802F04DFEFF2805460FD002F050FE10F082
S21403A108010009D0284602F04AFE400840EAC1701A
S21403A11880F0010000F0010038BD04F00100FBE701
S21403A1280146F8B506460020F5F78CF8FF2801D057
S21403A1380120F8BDE0F7F0FC00240546871CE0F78D
S21403A148EFFCE3B2984201D80020F2E735F8243052
S21403A158B34203D117F82430002BE9D10134EEE7D4
S21403A16838B50D460121044602F0A8F930B101219D
S21403A178204602F0A3F92880012038BD20462C800B
S21403A18800F020FC0130C0B2F7E72DE9F04788B0AD
S21403A1980746894610460DF10A011D469046FFF705
S21403A1A8DFFF4FF0000ABDF80A6004463046CDE9E3
S21403A1B805AACDF81BA002F065F9031BDBB20B2B2F
S21403A1C828BF0B2322463146CDF800A005A802F087
S21403A1D8EBFD48F21F039D4243D00BD885F400439A
S21403A1E8012B15D923464246494628460097FDF7CC
S21403A1F88AF833E048F23A039D42F3D1FEF780FD2E
S21403A208B8422BD02246414605A8FDF7ADF825E00F
S21403A2189DF8143013BBBDF81D40DDF81500DDF8B6
S21403A228191003AB03C3204603A9E0F779FE0122FE
S21403A238204603A9FFF70AFAA74206460ED00121CD
S21403A24803A8F5F761FA48F201039D4206D12EB931
S21403A258334632463946204600F058FC08B0BDE877
S21403A268F0879DF81450002DF8D12F469DF81580D9
S21403A2780234EAB24245F1D2D200D2B222440823CB
S21403A288314692B2009703A8CDE9037702F08CFD16
S21403A29803A800F074F802F07CFD00F05CF80135C2
S21403A2A8E7E710B50024418084800480C2800381D8
S21403A2B810BD13B5BDF81040CDE900340023F5F7FB
S21403A2C8F1FC02B010BD13B5BDF810400190009420
S21403A2D8F5F7E8FC02B010BD07B500930123FFF7B6
S21403A2E8F2FF03B05DF804FB0123F5F781BD38B52B
S21403A2F80546EFF713FE0446E0F72AFCA40144EAF2
S21403A3084020284038BD7047704700207047FF201C
S21403A3187047002070477047002070474FF6FF705D
S21403A328704700207047704700207047704700202A
S21403A3387047704700207047002070477047704783
S21403A3480020704770477047002070474FF6FF702D
S21403A35870471720704770477047704770477047B5
S21403A368704701207047012070470020704700207F
S21403A37870477047704770474FF6FF7070474FF641
S21403A388FF70704700207047002070470020704712
S21403A3987047002070472DE9F04F002785B08146A7
S21403A3A80C467E2039469846BDF83CB09DF844A036
S21403A3B8BDF84C500192ADF80E7002F0BBF8064695
S21403A3C8002800F0AA8002F041F839467E22E3F717
S21403A3D83FFD304602F03AF80090304602F036F871
S21403A3E8B9F1FF0F0CBF274644F003073B0A14F4E2
S21403A3F84062077043705FD14FF00808C31C1846C5
S21403A40842460199E3F776FD034604F44044434481
S21403A41884B1790606D419464FEA1B2201F802BB13
S21403A4285A700B46B4F5004F56D0A4F54042544232
S21403A4385441E400224618460E99E3F75BFD009A5A
S21403A44803462044A0EB02085FFA88F89DB14FF450
S21403A4587C521A53841C284601F0F8FF8346284684
S21403A46802F010F8C5B22A4659462046E3F780FE9E
S21403A47860190235EDB2B9F1FF0F2FD05246109985
S21403A48800F8019BE3F774FE08F101015AFA81F11B
S21403A49829443046EBF756FC0C210022FF0007F050
S21403A4A8800710463943FEF778FAADF80E00E8B988
S21403A4B8002005B0BDE8F08FB2F5006F80F8038082
S21403A4C84FEA182880F8048000F1050314BF4FF0FC
S21403A4D808084FF0020892E70224ABE708EB0A01E4
S21403A4E829443046EBF72EFC0821D6E7304601F020
S21403A4F8ADFF0446304601F0C5FF01230246214658
S21403A5080DF10E00EBF788FC0028D1D10121BDF828
S21403A5184820BDF80E0001F0E5FFBDF80E00C8E7B9
S21403A52810B50C46098821B90846F6F761FB208062
S21403A53808B1012010BD0220FCE72DE9F04780464C
S21403A5480F460646002402F1FF39BC4202D219F828
S21403A558015F25B9A6EB080080B2BDE8F0879A46E6
S21403A568A5F13102012A5AF8041B10D83246322DB7
S21403A57802F8011B06D10134A4B2A74232D309124A
S21403A588B21C7170013453461646A4B2DDE7342D67
S21403A5980CD10334BC42DDDA0B0A317073700B0C32
S21403A5A8090EB370321DF170A4B2EBE7A5F13302BE
S21403A5B8062A0DD8303DADB22B19BB42CADA2A4655
S21403A5C83046013CE3F796FC15FA84F47219EBE778
S21403A5D8A5F14102062A01D8373DECE79D8803F129
S21403A5E8080AE9E71646B5E770B5054600880C4637
S21403A5F801F048FFA04228880AD201F043FF00234F
S21403A608221A19462846BDE8704092B2EBF704BCF6
S21403A6182146EBF797FB002070BD38B5054601F0D9
S21403A62815FF0446284601F02DFF00220146204662
S21403A638BDE83840FEF7EEB9F8B516460C461D4693
S21403A648BDF8187001F002FF0444304601F0FEFE20
S21403A6583A4641192046BDE8F840E3F74BBC70B5C7
S21403A6680C46013189B20646F6F7F6FE214605463C
S21403A6783046F6F7F1FE00EB052080B270BD1FB535
S21403A6880123ADF80C2000930A460223014603A8CB
S21403A69802F08AFB05B05DF804FB0FB437B5069DD8
S21403A6A80021A8B201F046FF044601F0CFFE2CB104
S21403A6B8002207AB0193D1B28D4205D8204603B0DA
S21403A6C8BDE8304004B0704753F8041B8154013288
S21403A6D8F1E773B504460D4640200021164601F0FF
S21403A6E829FFADF8060001F0B1FEBDF8063013B930
S21403A6F8002002B070BD402133462A462044FFF7A7
S21403A7081CFF211889B20DF10600FFF76DFF00281C
S21403A718EED1BDF80600ECE70EB403B503AA52F86B
S21403A728041B0192FFF7D5FF02B05DF804EB03B0F4
S21403A73870472DE9F7430F4601218146164601F077
S21403A748BDFE054658B1FFF768FF308088B928462E
S21403A75801F098FE68B1192003B0BDE8F0834846B7
S21403A76801F090FEFF2FA0EB0704E4B214D014B94F
S21403A77834800020F0E72A4621462846FEF74AF9A1
S21403A78880460028E7D03B464A4629460094FFF70A
S21403A79853FFA6F80080ECE70120DDE708B5FEF7CF
S21403A7A81EF9437803F001001A074CBF103008302F
S21403A7B8DB0644BF0830C0B21030C0B208BD10B5BF
S21403A7C80C4601F05FFEA04234BF0020012010BDF6
S21403A7D87FB514460091024641F2092141F6092045
S21403A7E89DF820601D46002E18BF0146099B0020D1
S21403A7F8F6F75AFEADF80E0010B9002004B070BD87
S21403A80801232A4621460DF10E00EBF705FB002827
S21403A818F3D1BDF80E00F1E738B50546FFF7BEFFDE
S21403A8280446284601F02EFE631C9BB283420FD8CB
S21403A8382846FEF7D4F843785B0707D5214628460B
S21403A848F6F70AFE013004EB4004E4B2204638BDAE
S21403A8580024FBE71FB5ADF80E0001F013FE04460F
S21403A868BDF80E00FFF7D8FF00F10E03DBB2BDF804
S21403A8780E200146E01A80B200901046FFF7DCFE71
S21403A888A4F10E0189B20DF10E00FFF7ADFE04B078
S21403A89810BD4278034612F0080006D0D20702D449
S21403A8A803F10800704703F10900704737B50546FA
S21403A8B80C46FEF794F8437813F0100212D09CB1B6
S21403A8C803F001021B074FF00003294600932046B6
S21403A8D84FF0080354BF1832203202F065FA0120FD
S21403A8E803B030BD1046FBE72046F9E700F0030344
S21403A8F8012B08D0C30606D400F00C000C2814BF9E
S21403A90808200920704702207047034611F0030009
S21403A91805D003F00303022B14BF0220032070475D
S21403A928F8B50C46064601F0ADFD631C834202D912
S21403A93800252846F8BD21463046F6F78DFD07461E
S21403A948FFF7D4FF3B060546F3D50444304601F02B
S21403A95899FDA4B2631C9BB28342E9D821463046CC
S21403A968F6F77AFD01463846FFF7CFFF2844C5B207
S21403A978DFE770B506460D46FFF7D2FF044610B963
S21403A9880024204670BD29463046F6F765FD820644
S21403A998F7D5304601F076FD2544ADB26B1C9BB265
S21403A9A88342EDD829463046F6F756FD00F01803DD
S21403A9B8082B14BF05340634E4B2830644BF0834B0
S21403A9C8E4B2DEE738B50546FFF726FF044608B9BE
S21403A9D8002038BD01462846FFF7CBFF0028F7D0EE
S21403A9E82044C0B2F5E72DE9F04387B005460C4688
S21403A9F8FDF7F5FF804602F0DAF807462846FFF724
S21403AA080BFF064601462846FFF78AFF0022034641
S21403AA1800922946324602A802F0C6F99DF8086055
S21403AA2806F00C030C2B06F003090BD0B9F1010F43
S21403AA3859D0F10657D49DF809300DF10A050020C0
S21403AA48637107E0FF230DF10900637102F0AFF8A5
S21403AA580DF10B05208198F80130DA0704D508F1C3
S21403AA68020002F0A4F82081B9F1010F5FFA89F811
S21403AA783DD0F3063BD4284602F099F86080A81C1C
S21403AA8802F095F8053515F8013C208023712B78DC
S21403AA98B006A37206F0400348BF43F02003390606
S21403AAA827D543F40073F80448BF43F48063390595
S21403AAB848BF43F400633206E38011D56A7812F080
S21403AAC803020DD06FEA43436FEA5343A978B8F1FC
S21403AAD8020FE3800B4611D1EB7841EA032121816B
S21403AAE807B0BDE8F083FF230DF10905A7E7FF23A9
S21403AAF8CCE77A0648BF43F48073D4E7012A04BF39
S21403AB080B029BB22381EBE7F7F780B90BB1F7F794
S21403AB18E9B90AB9F7F762BAFF21F7F78BB9431C05
S21403AB2808BF0020E4F76ABA034B5868C0F3080066
S21403AB38003818BF0120704700ED00E0014B186885
S21403AB48704700BF58680020084B1B6F03F00703C5
S21403AB58022B04D0032B05D0012B05D0FEE7044BAC
S21403AB6818687047034BFBE703487047008000509C
S21403AB785868002060680020002D310108B5FFF7EB
S21403AB88E3FF054B1B6FC3F303330133B0FBF3F04B
S21403AB98024B186008BD00BF0080005054680020B0
S21403ABA80048704700B4C40400487047002D3101BC
S21403ABB8014B1868704700BF60680020014B18688F
S21403ABC8704700BF5C680020B8B1036813F4E07FE1
S21403ABD803F03F00C3F382120AD0012A0DD1084BB3
S21403ABE841B103F58053012282401A600020704762
S21403ABF8044BF5E703F50053F5E70E20704700BF4F
S21403AC08688000506480005007B500F095FC6A46DB
S21403AC1800F0F2FC18B14721034801F0EAFEDDE92B
S21403AC28000103B05DF804FB61D703000229F8B5F9
S21403AC3896BF104B00245C5C012805460E4608D0D8
S21403AC48022809D008B944F002040B4B1F6837B929
S21403AC58F8BD44F00804F8E744F02004F5E77B68F9
S21403AC681A68144203D0314628465B6898473F68FB
S21403AC78EDE700BF867104003440002038B5104D58
S21403AC882B78ABB10F4C23781BB100F04FFA002397
S21403AC982370002001F0C0FE0B4C50B100F098FA68
S21403ACA80023012120782B70FFF7C0FF01232370B0
S21403ACB838BD0122054B1A702278054B1A70F7E740
S21403ACC8355E0020335E00203B5E0020365E0020A3
S21403ACD8375E00200E490B78FF2B01D198B17047D9
S21403ACE80BB990B97047002814BF0122FF221344FA
S21403ACF80B7060B1074B1B78012B08D9064B1B78E2
S21403AD082BB9FFF7BBBF1A46F1E70122EFE77047F7
S21403AD183A5E00203B5E0020365E002010B501F048
S21403AD28D4FD064B04461B781BB1BDE8104001F062
S21403AD38C7BDFFF7A3FF2046F7E700BF325E002034
S21403AD4802282DE9F04147D029480378FF2B41D143
S21403AD58002941D11A461344DBB2037000293BD0BD
S21403AD68244E3278012A37D9002B3ED001F0ADFDA8
S21403AD78214F04463B780BB3204D2B781BB9012291
S21403AD882A701F4A1370DFF87C8098F8003023B1C6
S21403AD9800F0CCF9002388F80030204601F090FD37
S21403ADA8012001F039FE01F090FD2B7804461BB113
S21403ADB800F00EFA00232B7000233B70204601F0A8
S21403ADC87FFD01243078A04206D02146FFF72EFFE8
S21403ADD8347001E013B931B9BDE8F081002914BF16
S21403ADE80122FF22B7E70122B5E70224EAE700BFFC
S21403ADF83A5E00203B5E0020355E0020325E00206F
S21403AE08365E0020335E00202DE9FF47EFF31085FA
S21403AE1872B6AFF3008001F0D4FE002800F0A480D9
S21403AE286B4E6C4F337823B10020FFF753FF002394
S21403AE383370387878B903A900F04EFB044650B946
S21403AE48654B039A1B689A4200F296800120FFF727
S21403AE5841FF012333703B78002B40F0AB805F4BF8
S21403AE681B78002B00F0A3804FF002085C4CDFF839
S21403AE7890912078DFF88CA140450AD0002389F802
S21403AE8800309AF8003013B94146FFF7CFFE84F82E
S21403AE98008099F800303BB12378022B04D10023B5
S21403AEA889F8003001F0D7FEB8F1020F0FD1DFF8AA
S21403AEB82C8198F8003053B94A4B1B7823B900F015
S21403AEC82FF90122484B1A70012388F8003020789E
S21403AED800F0FEF89AF8003013B1444B1B78237041
S21403AEE8AFF30080284601F092FDEFF3108572B6A3
S21403AEF83F4B1A7852B100221A703C4B20781B78C5
S21403AF08984203D101212170FFF790FE394800F0DB
S21403AF18A3FA01F06AFE8046002883D12F4F89F8EA
S21403AF2800003B789BB1DFF8C0908AF8000099F8D8
S21403AF3800301BB100F0FAF889F80080002001F011
S21403AF486BFD002839D000F043F900233B703378B3
S21403AF5823B10020FFF7BEFE0023337000212078BC
S21403AF68FFF764FE00232370AFF30080284604B07F
S21403AF78BDE8F04701F04BBD1F4BD3F8008000F047
S21403AF8861F9039B80449845BFF460AF00F054F919
S21403AF988200039942F0020292B2CDE900422346A8
S21403AFA8164AA1EB0801134801F038FD53E700F0F1
S21403AFB8A1F859E74FF0010858E7012000F088F890
S21403AFC8284601F024FDEFF3108572B6B6E700BFF6
S21403AFD8345E00203A5E00203C400020355E0020A8
S21403AFE83B5E0020395E0020335E0020375E00207B
S21403AFF8305E0020404000203840002025AD030086
S21403B008385E0020365E002010B501F05EFC002294
S21403B018054B1C781A7001F053FC00F021FBE4B2D0
S21403B0282043C0B210BD00BF315E002038B501F022
S21403B0384CFC094B05461B78012B04D801F040FC51
S21403B0480024204638BD054B1C6800F0FBF8044472
S21403B058284601F035FCF4E73B5E00203840002024
S21403B0681649174A0B6F10B503F007031360154A02
S21403B078154C9269032B02F00200C2F340022270B9
S21403B0881AD0D1F8203103F00303022B14D0D1F8D9
S21403B098243103F007039C1E634263410B4A137073
S21403B0A848B143B9054BD3F8003103F00303591EDF
S21403B0B84B424B41137010BD0123EFE7008000504D
S21403B0C89C40002000C00150405E0020415E0020E6
S21403B0D8012805D00238012808D80020D1F776BD04
S21403B0E8034A136923F00403136130BF704700BF94
S21403B0F800ED00E0074A0849D2F8203103F00303BD
S21403B1080B60D2F82431054A03F007031360F8F7F7
S21403B1189FBA00BF00800050A8400020A44000202B
S21403B1280122014B1A7070473F5E0020F8B51F4B8B
S21403B1381B78002B39D01E4C2378B3B91D4B9A6D58
S21403B148D10302D5DA6D92072FD49B6DDB072CD477
S21403B15801F0A7FC184B194A1860136F23F007036E
S21403B16843F003031367FFF709FD01F09AFC124B3C
S21403B178134D1B68134EC01A2B78134F56F823200B
S21403B18846F82300111A3A681048521A0A213A60F8
S21403B1980932B2FBF1F20133DBB20260B3FBF1F220
S21403B1A801FB12332B7000232370F8BD415E002089
S21403B1B83E5E002000C000509440002000800050EF
S21403B1C83D5E00206C40002068400020644000205C
S21403B1D808B5F8F740FA124B12491A6F096822F0B5
S21403B1E807020A431A671049D3F82021096822F090
S21403B1F803020A43C3F820210C49D3F8242109681B
S21403B20822F007020A43C3F82421094B1B7813B11B
S21403B2180122084B9A62BDE80840FFF7AFBC00BF9F
S21403B228008000509C400020A8400020A440002036
S21403B238415E002000E00050014B1878704700BFBD
S21403B248415E0020054B187818B1054B186800EBCB
S21403B258D000044B1B681844704700BF415E0020AB
S21403B268644000209840002008B5104B1A78C2B1F5
S21403B27800221A700E4B1A6F22F0070242F00102E0
S21403B2881A67D3F8202142F00302C3F82021D3F823
S21403B298242122F0070242F00302C3F82421FFF711
S21403B2A86DFC0122034B5A6708BD00BF3F5E0020B2
S21403B2B80080005000E000500D490B68A0B1002242
S21403B2C8A3B1834203D1836822B90B6003E01A460D
S21403B2D89B68F5E7936083680BB9002070475A6943
S21403B2E841690A445A61F8E72220704702207047EA
S21403B2F8B440002010B501F0F0FB0A4C0A4B19685D
S21403B3082368C31A09B9206010BD002BFBD04A690D
S21403B3189A423ABF9B1A0022D21A4A6128BF0023D0
S21403B3288968EFE7B0400020B440002038B5154DD3
S21403B3382B682BB35B69B3B1134A022014681C4409
S21403B34800F088FA204600F047FA00220F492B68D7
S21403B3580A70012A05D823B1D88880070AD501239D
S21403B3680B70002038BD022000F074FA022000F0AB
S21403B37893FAEAE79B68002BF3D058690244E8E798
S21403B3882220EFE7B4400020B0400020435E0020B0
S21403B398C38870B504460D463BB9FFF747FE85429A
S21403B3A8064602D2F9F70CF935460E4A6561136864
S21403B3B89BB91460A3600FE02D1A98681946656157
S21403B3C8034618B15869A842F6D941B18C60A36000
S21403B3D813B15A69521B5A6170BD0021F2E7146013
S21403B3E8F5E700BFB440002070B516469DF8142054
S21403B3F8C0E903360271049ABDF8183002600022C9
S21403B40804460D468260C38006BB01F066FB2844EB
S21403B418A0613DB9E368656113B120462168984782
S21403B42896B1354601F051FA0646FFF763FF2946FB
S21403B4382046FFF7ADFF074B1B68A34201D1FFF772
S21403B44875FF304601F03CFA002070BD01F045FB5D
S21403B4583044DDE7B4400020F8B50546D0B101F026
S21403B46834FA0646FFF746FF0B4B28461F68FFF7D6
S21403B47823FF044620B1304601F022FA2046F8BDE1
S21403B488AF42F8D1FFF752FF2228F4D1022000F08A
S21403B498EDF9F0E72224F1E7B440002038B50C466E
S21403B4A80546A8B1A1B100230B7001F01BFA0121D0
S21403B4B8084B1B6833B901F010FA002038BD9D42CB
S21403B4C804D121702278002AF9D0F4E79B68F1E7C3
S21403B4D82220F3E7B4400020F8B506460F4601F0ED
S21403B4E801FA00250446124B1B6823B9204601F0CF
S21403B4F8F4F91B2011E05A691544DA88B2420DD1D3
S21403B50801F0EBFA0B4E3368C01AA8420AD300239D
S21403B51820463B6001F0E1F90020F8BDFF2EEFD08E
S21403B5289B68E2E701F0D9FA33682B441B1AEFE766
S21403B538B4400020B040002070B501F0D3F90646A9
S21403B54801F0CBFA084B044601201D6801F0B5FA52
S21403B55818B101F0C2FA04460135304601F0BDF9C8
S21403B5682046294670BD00BFBC400020014B186822
S21403B578704700BFB8400020F8B50C4B05461B685B
S21403B5880E4683420FD3002440F2E7302146084B89
S21403B5984FF47A721F680023E5FB0701E2F7ECF81D
S21403B5A830602046F8BD2120FCE700BFAC400020F1
S21403B5B8B84000200F4B10B51A689AB14FF47A7149
S21403B5C8531E1342A0FB01010ED1B2FA82F2C2F156
S21403B5D81F04531CD243E04001FA03F3184321FA2D
S21403B5E802F20243104610BD0023E2F7C5F80246EE
S21403B5F8F8E700BFB840002038B5164B1446834218
S21403B608154B8B4123D3154B1A6802B34FF47A753F
S21403B618A0FB050305FB0131531E134211D1B2FAF1
S21403B62882F3C3F11F055A1CDB4301FA02F2E84012
S21403B63821FA03F310431843E940C4E90001002044
S21403B64838BD0023E2F798F8C4E90001F7E721209C
S21403B658F6E700BFEFA7C64B37894100B84000207E
S21403B66810B501F03FF9034B1C7801F036F9E4B244
S21403B678204610BD425E002008B5084B1B7803F031
S21403B688FF004BB101F00DFA054B1B689B69C01A06
S21403B69802288CBF0020012008BD00BF435E00209F
S21403B6A8B4400020C2072DE9F843044607D5474AA5
S21403B6B8136801331360FFF71DFEFFF737FEA30772
S21403B6C840F1818001F00EF94FF000080546464622
S21403B6D8FFF710FE3E4F3C680CB16369A3B1002226
S21403B6E83C4B012E1A7003D118F0020F18BF1E70B8
S21403B6F8FFF71CFE222802D1022000F0B7F82846DE
S21403B708BDE8F84301F0E9B823465A693AB91A7905
S21403B7182179914288BF1C469B68002BF5D12846A1
S21403B72801F0DBF8D4F81080B8F1000F3FD001F031
S21403B738D4F9A269851AEB17454573F1000337DB7D
S21403B74823691344A36101232269CAB1C3B9A38B2E
S21403B758B8EB050833B1E28B13449BB2B3F57A7F93
S21403B7681CD2E38301F0BEF8054641462046FFF7A0
S21403B7780FFEA369226928461344A36101F0ADF8B6
S21403B788E36813B1204621689847B4F8068001F0A9
S21403B798A9F801360546FFF7ADFD9CE7A3F57A73CE
S21403B7A8E383A36918F1FF38013BA361DAE745464B
S21403B7B801F098F881462046FFF77EFD484601F0DB
S21403B7C88CF80023C0E7BDE8F88300BFBC40002020
S21403B7D8B4400020425E002010B5044601F075F818
S21403B7E84FF0B042936A1907FCD4136A116C526976
S21403B7F8520604D4CA1A032A01D899420ED1E21A69
S21403B808022A98BFDC1CB4F1FF3F38BF013C4FF057
S21403B818B04340221C6403F580539A6101F050F844
S21403B828054A13783BB14FF0B041CB6B43F00203A4
S21403B838CB630023137010BDCC6D002007B5044BF3
S21403B84801A9187901F06AF8019803B05DF804FBBA
S21403B858D06F040000F001038207034A48BF43F091
S21403B86840039361704700BF00100058820700F03A
S21403B87801030AD50121064A43F0400311704FF02D
S21403B888B041CA6B22F00302CA63024A9361704747
S21403B898CC6D002000200058830742BF4022014B8E
S21403B8A85A6170470010005873B502AB164603E991
S21403B8B80600044600F052FF0546204600F05EFFE9
S21403B8C89DF800208DB1202C33780ED8012B2ED866
S21403B8D84FF6FF752D4803EB4313234430F8131034
S21403B8E8A94202D0013120F81310294B294E33F808
S21403B8F8141036F81400814232D34FF6FF75A94266
S21403B9084FF0010502D0013123F8141004F0FD01AD
S21403B918092927D1998AB68A0A44B242B4BF9A82B9
S21403B9289E8233F81430834227D202B070BD022BAE
S21403B938DBD14FF6FF704FF6FF75144B33F8141030
S21403B948814218BF013104F1210018BF23F81410EF
S21403B95833F81010A9421CBF013123F81010C4E7AE
S21403B9680025D0E71D2CDCD1598F8E18864203DAC2
S21403B97801390A445A87D4E75887002DD5D120467B
S21403B98802B0BDE8704001F0C3B800BF405A0020BB
S21403B998185B0020C45A002038B50D46044600F04C
S21403B9A8A1FF064A13889BB22DB123431380BDE833
S21403B9B8384000F092BF23EA0403F7E71E5D002031
S21403B9C80022034B01214FF480701A70FFF7E4BF7F
S21403B9D85764002008B5054B1868FCF74AFD00F0C5
S21403B9E80300C31E5842584108BD00BF44570020F1
S21403B9F838B5044601F02AF90C4B05461978187928
S21403BA0881420FD0631E082B0CD8DFE803F0050D20
S21403BA180B0D0B0D0D0D0D0000220146044B186887
S21403BA28FCF725FD284638BD0022F7E7FA6D002007
S21403BA384457002038B54FF0FF300C46FFF76FF831
S21403BA480A4B05461868FFF76AF8641B241A20B2DF
S21403BA5810F1630F06DB10F1240F05DA643080005B
S21403BA68C0B238BD0020FCE7FF20FAE744570020A1
S21403BA7808B5134B1B78062B04D040F62101114852
S21403BA8800F0B7FF104B1B881B0704D440F62201AF
S21403BA980C4800F0AEFF0D4B2A201978FFF7A8FFD5
S21403BAA800210820FFF778FF0222094B1A70094B7A
S21403BAB81868E8F7E5FABDE8084001F016B800BFCD
S21403BAC857640020846C04001E5D00205464002024
S21403BAD8266E00204457002010B50E4C236823B961
S21403BAE840F6A3410C4800F084FF2068013001F0BB
S21403BAF85EF800F0070003280AD12468092201210A
S21403BB08204600F0E3FB205C031F5842584110BD53
S21403BB180020FCE734570020846C040038B50C4634
S21403BB2840B100210420FFF737FF00F0DEFF012CA9
S21403BB381DD038BD244B1B889B07F6D50129234AFD
S21403BB482FD1117869B30139C9B2117011B9202000
S21403BB58FFF722FF00210220FFF71EFF04221C4BDB
S21403BB6800211C481A7000F05DFD00F0BEFF1A4C59
S21403BB782068013001F01BF800F44060B0F5006F50
S21403BB881FD1246801210422204600F09FFB20448D
S21403BB9801F00DF80146BDE838400022202000F0E9
S21403BBA8CFBF00210D4D02201170FFF7F5FE2B784D
S21403BBB8FF2B04D040F29961094800F01AFF2C7055
S21403BBC8B3E74FF6FF71E6E71E5D002056640020D4
S21403BBD857640020706B002034570020276E00201F
S21403BBE8846C040038B5134C05462388580709D5D2
S21403BBF8FFF7F0FE01460720FFF7FAFEFF210120B4
S21403BC08FFF78CFF238899070BD50B4B2846197823
S21403BC188A1F51425141FFF7EBFE01210020FFF72F
S21403BC287DFF23881B0703D5BDE83840FFF720BFF1
S21403BC3838BD00BF1E5D002057640020F7B5124CC0
S21403BC48D4E9006586EA020C85EA03070CEA000CC9
S21403BC580F405CEA070E15D086EA0C067D40C4E959
S21403BC680065CDE900230B46084902460868FCF739
S21403BC7807FD38B14FF4FD71054803B0BDE8F04041
S21403BC8800F0B7BE03B0F0BDB0150020445700203F
S21403BC98846C040008B50A4B1B88DB0604D440F6FC
S21403BCA84701084800F0A5FE00211020FFF774FEA0
S21403BCB8002000F06BFBBDE8084000F016BF00BF8D
S21403BCC81E5D0020846C04002DE9F04F570680465D
S21403BCD814461D4691B005D5FFF77CFE01460120A4
S21403BCE8FFF786FEEE0403D500212D20FFF780FE1E
S21403BCF8A00224D54046FCF740FD0146F8B940208B
S21403BD08FFF74AFE40460AA9FCF738F8B8B99DF883
S21403BD183030022B40F0D980BDF8280001F039F8FE
S21403BD28FF2808D14046FCF727F840B901214020F0
S21403BD38FFF732FE03E001F030F80028F2D1A10342
S21403BD4805D5FFF747FE01460320FFF751FEE2013C
S21403BD5804F0807640F1C080854B1B889B072DD561
S21403BD68844E3068FBF79FFF40BB834B834F1870A6
S21403BD783B78FF2B04D040F25761814800F039FE28
S21403BD884FF0000900210220FFF706FE87F800900F
S21403BD987C4F3B78062B07D101210820FFF7FCFDD3
S21403BDA849462820FFF724FE3B78052B06D10021B9
S21403BDB82B20FFF71DFE3068E8F762F900F095FEC2
S21403BDC8220717D56B4F0321386805AAFBF785FFAB
S21403BDD8064620B940F2C961694800F00AFE9DF894
S21403BDE81430072B00F0D080FFF7F4FD014604203B
S21403BDF8FFF7FEFDE10505D5FFF7ECFD0146042038
S21403BE08FFF7F6FD14F4863F05D0FFF7E3FD01467A
S21403BE180220FFF7EDFDA20113D5FFF7DBFD014670
S21403BE280820FFF7E5FD00210420FFF7B5FD554B75
S21403BE381B78012B03D14F4B1868E8F721F900F05C
S21403BE4854FE14F0084F09D0FFF7C4FD0146072037
S21403BE58FFF7CEFDFF210120FFF760FEA30009D5FB
S21403BE68FFF7B8FD01460620FFF7C2FDFF210120B4
S21403BE78FFF754FEA70705D53D4B1B881E0701D5BC
S21403BE88FFF7F6FD6C0603D500210A20FFF7B0FD81
S21403BE98280602D50120FCF782FCE90540F18581D6
S21403BEA840460AAA05A9FCF7E0FA9DF81430222BA7
S21403BEB800F06D8100F28281152B40F26A8140F60C
S21403BEC80A112F4800F095FD6FE1032B7FF437AF77
S21403BED80AA800F05AFF30E705F0020756EA0703F8
S21403BEE80DD0284B26201978A1F1060EDEF10001A5
S21403BEF841EB0E01FFF77CFD0121304611E004F00B
S21403BF08805656EA07030FD01E4B26201978A1F150
S21403BF18060CDCF1000141EB0C01FFF769FD022179
S21403BF283846FFF7FBFD4BE704F0884151EA060362
S21403BF3809D0144B272019788F1F79427941FFF7C8
S21403BF4857FD0221D9E705F008030B4302D0232047
S21403BF58FFF74EFD680703D500212420FFF748FDA9
S21403BF68E9077FF52DAF00212520FFF741FD27E7D9
S21403BF781E5D00204457002056640020276E0020CC
S21403BF88846C040057640020314638680AAAFBF715
S21403BF98AAFE20B14FF4DA619E4800F02AFDBDF8E8
S21403BFA81630386802330AA9ADF82C30FBF79DFE25
S21403BFB820B140F2DF61974800F01BFD0023009391
S21403BFC831460423386804AAFBF791FE042804D0F4
S21403BFD840F2E4618F4800F00CFDDFF8589299F8B8
S21403BFE80030C3BB0DF1110000F0E1FD00F00700BF
S21403BFF8022830D1FFF7EEFC01460920FFF7F8FCCC
S21403C008854B1B78062B23D1844B9DF813201B786E
S21403C0189A421DD19DF8353023B940F2FA617D481E
S21403C02800F0E7FC0DF1110000F0C1FDC0F30016A7
S21403C03831462920FFF7DCFC00210820FFF7ACFC7B
S21403C048774B1E70FFF748FD10B93868E8F718F8FD
S21403C05800F04BFDCEE6BDF816000121083080B28D
S21403C06800F068FA039030B9FFF7B4FC01460420E1
S21403C078FFF7BEFCECE700F0E9F905AA0146064619
S21403C0883868FBF73CFE99F800A0BAF1000F22D1F6
S21403C09806F1010B584600F08AFD83065AD5386820
S21403C0A8FCF76BFB0746FFF795FC05370146F8B226
S21403C0B8FFF79EFC584600F07AFD00F007000328B9
S21403C0C8584F2DD001210420FFF766FC4FF0FF30B0
S21403C0D8FBF734FE386000225349BDF8163009785A
S21403C0E8F718F1549DF83630BB709DF83730FB705F
S21403C0F80A9B190E3971190C7971FB71190A99F88B
S21403C1080030B97123B9737892B343F02003737080
S21403C118002000F069F97870039800F071FA97E741
S21403C12801210922304600F0D1F8305C01210428A9
S21403C138C9D1FFF731FC4FF0FF30FBF7FFFD3B4B50
S21403C14838601B885806C6D551464020FFF724FC9E
S21403C1580122C1E7FFF73EFC01460920FFF748FC2A
S21403C1682D4B1B78012BB6D13868E7F789FFB2E762
S21403C17823F02003CBE701227E33DBB202FA03F374
S21403C18813F00A1F31D113F0011F3FF498AE27208E
S21403C1982CE0012202FA03F3254A1A402ABB13F0BD
S21403C1A8041FF4D1DA077FF58AAEAB052FD5012134
S21403C1B8802011B0BDE8F04FFFF7EEBB652B1AD809
S21403C1C8622B12D8452B0CD8422B0ED8352B06D803
S21403C1D8322B0AD8252B08D9322BD8D06FE6422B18
S21403C1E8FBE7552B05D8522BF7D92620FFF7FAFC81
S21403C1F8DBE7622BF1E7952B3FF661AE812BBAD8C6
S21403C208722BC4D0733B022B3FF659AEEDE711B041
S21403C218BDE8F08F846C0400576400205364002044
S21403C228266E002030570020286E00201E5D002052
S21403C2383A0038005A640020024B1878B0FA80F0A7
S21403C248400970475764002008B5064B4FF0FF3186
S21403C2581868FCF730F90028B8BF033040F38700A6
S21403C26808BD00BF4457002008B5074B1868FCF7FD
S21403C2789CF930B1054BB3FBF0F083B20BB118460B
S21403C28808BD0120FCE700BF4457002040420F00CA
S21403C29838B510200C460121FFF77EFB064B1D68B8
S21403C2A8FFF7E2FF012200FB04F1044B2846FCF7E4
S21403C2B8E7F8002038BD00BF445700209DBC0300A4
S21403C2C8014800F096BB00BF9E6C0400032A70B5B5
S21403C2D8144602D82C4B985C70BD81F0010519B939
S21403C2E80D2A07D1FF20F7E70D2A03D10078053872
S21403C2F8C0B2F1E7084400F05AFCC5F1040110F493
S21403C30840660246C9B209D1042C0846E4D0052C77
S21403C31816D112F0400F18BF0846DDE7C5F106032D
S21403C328042CD8B2D8D0B6F5006F03D1C5F10805EA
S21403C338E8B2ECE7B6F5406FE9D1C5F10E05F7E7C5
S21403C34812F4404107D1062CC6D0072CC4D0082CBB
S21403C35813D10130CCE755065CBF831CD8B2062C34
S21403C368BAD0B1F5004F02D1831CD8B2EDE7B1F5C8
S21403C378404FEAD100F10803F7E7130744BF053037
S21403C388C0B20C2CA8D9ADE7C4CF0400AC2370B553
S21403C398094C054603FB00435E6D26B940F2FD31A2
S21403C3A8064800F026FBAC2303FB0544002363651D
S21403C3B83346BDE87040184748570020DB6C040036
S21403C3C810B40C461146AC22064B02FB0033586DDC
S21403C3D820B95C655DF8044BFFF75ABF02205DF889
S21403C3E8044B704748570020AC22034B02FB00332C
S21403C3F893F8A800704700BF4857002028B1034B9E
S21403C4081B68C01A4010013080B2704708580020D5
S21403C41830B1044B00F100401B68013803EB4000C1
S21403C428704700BF08580020064B1B68834206D88F
S21403C438054B1B68834294BF0020012070470020E9
S21403C448704700BF085800200458002010B504465B
S21403C45808B9002010BD00F00BFC20B940F2CD410E
S21403C468074800F0C6FA2046FFF7D2FF0028F0D0A8
S21403C4780388DB0B14BFD0F80A000830EAE700BFCE
S21403C488B26C040010B508B9002010BDFFF7C0FF52
S21403C498044600F0E4FB20B94FF49D61064800F01B
S21403C4A8A8FA002CF0D02388DB0B0ABF6088208903
S21403C4B8C0F30C00E9E700BFB26C040038B5FFF719
S21403C4C8A7FF0D46044650B100F0C9FB20B940F259
S21403C4D84151034800F08DFA023534F8150038BD8B
S21403C4E8B26C040070B5FFF793FF0C461646054674
S21403C4F8B0B100F0B4FB20B940F24D510C4800F03F
S21403C50878FA3046FFF784FF00F0A9FB20B940F21B
S21403C5184E51074800F06DFA023425F8146070BDD2
S21403C52840F25251BDE87040014800F062BA00BFBD
S21403C538B26C04002DE9F8430746884600F0FBFA78
S21403C54820B940F28E512A4800F053FAFC1CA4087E
S21403C558284B64000434B7F5005F1E68A4B204D3FE
S21403C56840F29551224800F044FA00F0BBF92249FC
S21403C57881460B687BB9214B1D68761BC6F34F06AD
S21403C588B44227D90025484600F0A7F92846BDE84F
S21403C598F843FFF733BFB8F1000F11D0174A1568F1
S21403C5A85A1BC2F34F029442ECD81448620005EBB8
S21403C5B844040460B8F1000F0FD113440B600CE079
S21403C5C8F61AC6F34F0676B940F2A651084800F0A5
S21403C5D810FAD7E705EB44041C6000236F80AB8092
S21403C5E8EB802B80CFE7B442CCD8044A1568DCE747
S21403C5F8B26C04000C580020F4570020045800209E
S21403C60838B5054600F06EF9044629460448002264
S21403C61800F03BFB2046BDE8384000F05EB900BF9B
S21403C628245D002082684B4B2DE9F0419A4204466C
S21403C6380E46056815D121B140F21311464800F09D
S21403C648D8F900F04FF923691BB92B682BB9246175
S21403C6582C60BDE8F04100F040B91A6922611C61FC
S21403C668F6E700F0BFF98046FEF75EFA20B14FF40E
S21403C6789571394800F0BDF96FF000439E42216971
S21403C6884BD22B7B08EB0602002B4DD0AB689342AC
S21403C6984AD1531C002949D06169994242D01EB930
S21403C6A8521AB2F1004F3DD9636123696E689C4202
S21403C6B803D19D21284800F09CF92F460023B44255
S21403C6C80BD0002B41D172696169891AB1F1004F09
S21403C6D832D83269374694422CD12269BD420CBF00
S21403C6E86A603A617BB92669B44203D1B8211A480D
S21403C6F800F07FF93B46012E05D062697169521A2C
S21403C708B2F1004F23D99D420BBF6B681A692361A8
S21403C71822610CBF6C601C6104E0434431B162695A
S21403C7289342C1D1BDE8F0811346B3E76A68226134
S21403C7386C60B9E71646C6E7A8EB0202B2F1004FEB
S21403C748C7D93B4637463669B9E71F46F9E733463E
S21403C7583669D0E7455F0200C66C04000823064A1C
S21403C76812F8011B814205D0013B13F0FF03F7D1F2
S21403C778184670470120704775D004000823064AF8
S21403C78812F8011B814205D0013B13F0FF03F7D1D2
S21403C79818467047012070476DD0040010B508226C
S21403C7A807490446E1F7A0FEB0FA80F04FF6FF7398
S21403C7B82289400940009A4208BF40F0010010BD94
S21403C7C886D0040030B504460D4685B002B9084A3B
S21403C7D81068516801AB03C301AB03CB2060204646
S21403C7E8ADF80C501B886160238105B030BD00BFCF
S21403C7F886F50300002270B50A4B1C780A4BD5B29F
S21403C808AC4202D800200C7008E01E88013286422B
S21403C81805D30D701B881B1A5842584170BD123336
S21403C828EDE700BFD1630020C45C002010B5164BAB
S21403C838187860B1154C2368CBB14FF4707200209A
S21403C8481349FFF7BDFD2368013B236010BDFFF7BF
S21403C858FBFC1049104A91F90040136884420B4CBC
S21403C86803F1010313602368B8BF087053B90B4874
S21403C87800F033FA0028E9D1BDE81040014607481E
S21403C888FFF7D0BE0822DAE7A76400208058002006
S21403C89835C80300A2640020785800203C6D0020A9
S21403C8A8054B1B682BB9054B1868003818BF0120C1
S21403C8B870470120704700BF705800206C5800204E
S21403C8C810B962B6BFF36F8F7047EFF3108072B676
S21403C8D87047302383F31188704780F31188BFF3BA
S21403C8E86F8F7047EFF31180302383F311887047F7
S21403C8F8002070474FF4004070474FF47A70704733
S21403C9080122417803788A4030214B4341F21001D3
S21403C91803F1A04303F570335A50704709B100F08A
S21403C92808B8222070470121FEF74EB90021FEF70A
S21403C9384BB970B506460D46FFF7D4FF04461D2EC1
S21403C94848D8DFE806F00F18471D20234726292C6A
S21403C95847472F32473538473B473E4747444747BD
S21403C96847474741FEF7F0F8002628602046FFF7BA
S21403C978B4FF304670BD4FF4C070CFF793FDF3E7AE
S21403C9884FF42070F9E74FF44070F6E74FF4607001
S21403C998F3E74FF40070F0E74FF48060EDE74FF4E9
S21403C9A89060EAE74FF4C060E7E74FF4F060E4E727
S21403C9B84FF4B060E1E74FF4D060DEE74FF4E06091
S21403C9C8DBE74FF4A060D8E74FF48070D5E74FF461
S21403C9D80860D2E700202126C7E708B5FEF714F952
S21403C9E880B208BD08B5FEF70FF908BD704742DEEA
S21403C9F8704738B504460D4600F008F8FFF769FF98
S21403CA0829462046BDE83840FFF7F1BF704710B9FE
S21403CA1862B6BFF36F8F7047012070472DE9FF4159
S21403CA280D4616461F460446A8B14FF00008C0F840
S21403CA381C80FEF711FDBDF82C30424602939DF884
S21403CA4828302946CDE9007320463346FEF7CCFC4A
S21403CA5804B0BDE8F0812220FAE7F0B51F460023AC
S21403CA6887B00D46164604468DF81730A8B1C3613D
S21403CA780DF11701FEF712FD9DF817207AB9BDF8D8
S21403CA883430294602939DF830302046CDE90073AA
S21403CA983346FEF7A9FC07B0F0BD2220FBE70320C8
S21403CAA8F9E738B5FFF71EFF054600F016F8044603
S21403CAB82846FFF712FF204638BD4FF0B04301283B
S21403CAC85B6904D0022805D1C3F38010704703F0CE
S21403CAD8010070470020704770474FF0B0439A6ACA
S21403CAE81207FCD4186A7047704708B5FFF7FCFFAF
S21403CAF800F01DF808BD10B5FFF7E7FE0121044650
S21403CB080846FEF71DF92046BDE81040FFF7D8BED5
S21403CB1810B5044600F012F82046FBF74FF82046F7
S21403CB28F8F772F8BDE81040F9F735BC704708B552
S21403CB38FFF7FCFF08BD01207047704700207047C9
S21403CB4830B589B00446ADF806108DF81020FFF707
S21403CB5805FE05462046FFF711FE03469DB1BDF8C0
S21403CB680600ABB900F0BEF8FF2808BF00200DF199
S21403CB780F038DF80F001A46204604990593FEF70F
S21403CB8893FE09B030BD0028F5D00DF10603F2E791
S21403CB9800F0A8F8FF2808BF0020BDF806308DF877
S21403CBA80F00ADF81A308DF8180006ABE3E70088D7
S21403CBB870470170090A41707047012070470120C9
S21403CBC8704738B5E0F778F80446D4F787FF051EAC
S21403CBD818BF2546D5F754F8041E18BF2C46FFF78A
S21403CBE8ECFF002818BF204638BD38B5FEF70CFA08
S21403CBF80446F7F709FA04281ED002284FF0000562
S21403CC0808BF0124F8F7A8F8042817D0022808BF95
S21403CC180124F7F738FE042812D0022808BF012497
S21403CC28FFF7CDFF04280DD0022808BF0124002DE6
S21403CC3818BF0024204638BD0125E3E70125E8E7A9
S21403CC480125EDE70024F5E7FF20704708B5FFF751
S21403CC58FBFF002008BD02210120E1F76FBE08B5DF
S21403CC6820B1FFF7E1FB00F0010008BD0120FAE759
S21403CC7808B5FFF7CDFBBDE80840FFF7F0BF00880F
S21403CC8810B1C9B2FFF71ABC70472DE9F041B0F8E6
S21403CC98008006460C46D5B2B8F1000F11D02946D7
S21403CCA84046FFF70BFC2246074629464046FFF751
S21403CCB819FC3A4629462046FFF714FC3480BDE89B
S21403CCC8F0810F46F5E703461B8808468B4202D0D9
S21403CCD80021FFF7F3BB002070470069003818BF30
S21403CCE80120704700207047F8B506460D46FFF743
S21403CCF855FD0328044621D02846FFF74FFD032891
S21403CD0807461BD010F0020318D1A0070DD5F90764
S21403CD1816D401233C43E20704D431892A89914275
S21403CD2818BF002303F00100F8BD08222946304641
S21403CD38E1F7DAFBB0FA80F35B09EBE70020F3E7E9
S21403CD481846F1E770B50D4600210646FFF797FF2C
S21403CD58044630B1FFF77AFB01462846FFF7C4FFBF
S21403CD6808B1204670BD21463046FFF7ACFFEFE713
S21403CD7807B50DF10701FFF73DFD20B19DF8070044
S21403CD8803B05DF804FBFF20FAE700207047FF2096
S21403CD987047FF207047FF20704700207047002029
S21403CDA800217047002070472DE9F84307460846D8
S21403CDB8154688461C469DF82090FFF747FB4619FC
S21403CDC8A4B19EB14046FFF75DFB254485420FDCC0
S21403CDD82246B9F1000F06D131463846E1F78AF8FC
S21403CDE80020BDE8F88339463046F7E72120F8E700
S21403CDF81D20F6E700000000F8B500BFF8BC08BC25
S21403CE089E467047F8B500BFF8BC08BC9E467047F8
S21403CE185FF800F0016600205FF800F0496500201F
S21403CE285FF800F0A9660020446576696365207498
S21403CE38797065206368616E6765206465746563E9
S21403CE487465643A202564202D3E2025640D0A0067
S21403CE5850726573732064657465637465640D0A3C
S21403CE68004D756C746920707265737320646574FD
S21403CE7865637465643A2025640D0A0052656C651B
S21403CE886173652064657465637465640D0A004C94
S21403CE986F6E672070726573732064657465637458
S21403CEA865640D0A0072656C61795F7374617274E8
S21403CEB85F6C61746368696E675F70756C73653AF7
S21403CEC820616E6F746865722070756C736520696F
S21403CED873206163746976650D0A0072656C6179FF
S21403CEE85F6F6E0D0A0072656C61795F6F66660D1B
S21403CEF80A0072656C61795F746F67676C650D0A03
S21403CF080057726974696E6720636F6E6669672077
S21403CF18746F206E763A2025730D0A0053697A6576
S21403CF283A2025640D0A004661696C656420746FAF
S21403CF38207772697465204445564943455F434FD5
S21403CF484E4649475F4441544120746F204E562C41
S21403CF58207374617475733A2025642E20286279C9
S21403CF687465733A202564290D0A0073756363652F
S21403CF787373210D0A004661696C656420746F201B
S21403CF8872656164204E565F4954454D5F44455665
S21403CF984943455F434F4E4649472C207573696E90
S21403CFA8672064656661756C7420636F6E6669676F
S21403CFB820696E73746561642C2073746174757369
S21403CFC83A2025642E202862797465733A202564EE
S21403CFD8290D0A005573696E6720636F6E66696765
S21403CFE83A2025642063686172732066726F6D0D3C
S21403CFF80A25730D0A00736F6E6F66663B5A424DB9
S21403D008494E494C322D637573746F6D3B424130FC
S21403D018753B4C4335693B534136753B5241354165
S21403D028343B004E6574776F726B20737461747546
S21403D03873206368616E67656420746F2025640DCA
S21403D0480A004D616E756661637475726572207445
S21403D0586F6F206269670D0A004D6F64656C2074F4
S21403D0686F6F206269670D0A00496E697469616C9F
S21403D078697A696E67205A69676265652077697495
S21403D088682025642073776974636865732C202584
S21403D098642072656C6179732C20256420636F762F
S21403D0A865722073776974636865732C202564201A
S21403D0B8636F766572732C202564206C6F6E672DFC
S21403D0C87072657373206570730D0A00436F6E661E
S21403D0D8696720706172736564207375636365732B
S21403D0E87366756C6C790D0A0072656164207665E3
S21403D0F87273696F6E20666F726D206E6577206C2B
S21403D1086F636174696F6E0D0A004661696C6564C6
S21403D11820746F207772697465206C617374536525
S21403D128656E56657273696F6E20746F204E562C43
S21403D1382073743A2025640D0A004F6C64207665C4
S21403D1487273696F6E3A2025640D0A00437572720E
S21403D158656E742076657273696F6E3A2025640D62
S21403D1680A00524553455420414C4C210D0A006889
S21403D178616C5F6770696F5F63616C6C6261636B38
S21403D1883A2065787469206C696E6520256C64207E
S21403D19873746174757320256C750D0A0068616C69
S21403D1A85F6770696F5F63616C6C6261636B3A207B
S21403D1B86E6F20667265652045585449206C696E03
S21403D1C865730D0A002F686F6D652F72756E6E6531
S21403D1D8722F776F726B2F747579612D7A69676210
S21403D1E865652D7377697463682F747579612D7A0D
S21403D1F869676265652D7377697463682F73696CED
S21403D2086162735F746F6F6C732F73696D706C698B
S21403D218636974795F73646B2F2E2E2F2E2E2F73EC
S21403D22872632F73696C6162732F68616C2F7A69F6
S21403D238676265652E630044726F7070696E672057
S21403D2486F6C64204F544120696D6167652C2063B9
S21403D258757272656E74206F66667365743A2025F8
S21403D2686C750A00556E6B6E6F776E20636F766506
S21403D2787220636F6D6D616E643A2025640D0A0033
S21403D288556E6B6E6F776E20636D642025640D0A8A
S21403D29800427574746F6E207072657373206465CC
S21403D2A87465637465642C20627574206E6F2062DF
S21403D2B87574746F6E206973207072657373656412
S21403D2C80D0A00427574746F6E206C6F6E6720705B
S21403D2D8726573732064657465637465642C206271
S21403D2E87574206E6F20627574746F6E2069732070
S21403D2F86C6F6E6720707265737365640D0A004EF3
S21403D3086F20636F7665722073776974636820632A
S21403D3186F6E66696720696E204E562C2075736992
S21403D3286E672064656661756C74730D0A004174D4
S21403D33874726962757465206368616E6765642CC8
S21403D3482065703A2025642C20636C7573746572A7
S21403D3583A2025642C20617474723A2025640D0AD9
S21403D36800506F6C6C20636F6E74726F6C3A207328
S21403D378656E64696E6720636865636B2D696E0DF9
S21403D3880A005A434C2061637469766974792C20C1
S21403D398656E746572696E67206661737420706F54
S21403D3A86C6C0D0A00506F6C6C20636F6E74726F32
S21403D3B86C3A20636865636B2D696E2072657370BB
S21403D3C86F6E73652C20666173743D25642C207418
S21403D3D8696D656F75743D25640D0A00506F6C6C36
S21403D3E820636F6E74726F6C3A2066617374207074
S21403D3F86F6C6C2073746F700D0A00506F6C6C2022
S21403D408636F6E74726F6C3A20736574206C6F6EFC
S21403D4186720706F6C6C20696E74657276616C3DFC
S21403D42825640D0A00506F6C6C20636F6E74726F00
S21403D4386C3A207365742073686F727420706F6C0F
S21403D4486C20696E74657276616C3D25640D0A00FE
S21403D458506F6C6C20636F6E74726F6C3A206368DF
S21403D46865636B2D696E20696E74657276616C20D0
S21403D4787772697474656E3D25640D0A00506F6C87
S21403D4886C20636F6E74726F6C3A20696E76616C8B
S21403D498696420636865636B2D696E20696E7465BD
S21403D4A87276616C2C20726576657274696E670D88
S21403D4B80A00506F6C6C20636F6E74726F6C3A2040
S21403D4C86661737420706F6C6C2074696D656F7514
S21403D4D874207772697474656E3D25640D0A00506E
S21403D4E86F6C6C20636F6E74726F6C3A2066617330
S21403D4F87420706F6C6C2074696D656F75742C205E
S21403D508737769746368696E6720746F206C6F6ECF
S21403D5186720706F6C6C0D0A00556E6B6E6F776EB6
S21403D528204C6576656C4374726C20636F6D6D6111
S21403D5386E643A2025640D0A00556E6B6E6F776E1F
S21403D548204F6E4F666620636F6D6D616E643A207A
S21403D55825640D0A00496E64657820617420777225
S21403D56869746520617474723A2025640D0A004E46
S21403D5786F2073776974636820636F6E66696720C4
S21403D588696E204E562C207573696E67206465662F
S21403D59861756C74730D0A00496E76616C69642054
S21403D5A872656C61795F696E6465782025642069A5
S21403D5B86E204E562C20726573657474696E6720E8
S21403D5C8746F2064656661756C740D0A00496E6431
S21403D5D86578206174207772697465206174747243
S21403D5E820286C6F6E67293A2025640D0A004E6F53
S21403D5F820737769746368206C6F6E6720636F6E39
S21403D60866696720696E204E562C207573696E67A7
S21403D6182064656661756C74730D0A003E200055B8
S21403D6286E6B6E6F776E206572726F7200496E70DE
S21403D6387574206275666665722069732046554C54
S21403D6484C004D6178696D756D206E756D626572F7
S21403D658206F6620617267756D656E7473206578D2
S21403D6686365656465640054686520617267756DF3
S21403D678656E74206973206E6F7420666F726D61B1
S21403D6887474656420636F72726563746C79004999
S21403D6986E636F727265637420617267756D656E0B
S21403D6A874207479706500496E636F72726563746B
S21403D6B8206E756D626572206F6620617267756D80
S21403D6C8656E7473004E6F20636F6D6D616E6420B4
S21403D6D8666F756E640075696E7438006164646994
S21403D6E874696F6E616C002A00756E6B6E6F776E69
S21403D6F80077696C6463617264006865786F707438
S21403D70800737472696E676F70740075696E74332C
S21403D718326F70740075696E7431366F7074007585
S21403D728696E74386F70740068657800737472690C
S21403D7386E670075696E7431360075696E743332B8
S21403D748002E2E2E200068656C70000A25730A25A5
S21403D7587325730025732008002F686F6D652F7275
S21403D768756E6E65722F776F726B2F747579612D70
S21403D7787A69676265652D7377697463682F74754C
S21403D78879612D7A69676265652D7377697463684D
S21403D7982F73696C6162735F746F6F6C732F736931
S21403D7A86D706C69636974795F73646B2F706C61F1
S21403D7B874666F726D2F736572766963652F6C6511
S21403D7C8676163795F68616C2F7372632F62617335
S21403D7D8652D7265706C6163656D656E742E630086
S21403D7E82F686F6D652F72756E6E65722F776F7201
S21403D7F86B2F747579612D7A69676265652D737702
S21403D808697463682F747579612D7A6967626565CB
S21403D8182D7377697463682F73696C6162735F74B9
S21403D8286F6F6C732F73696D706C69636974795F56
S21403D83873646B2F706C6174666F726D2F73657289
S21403D848766963652F746F6B656E5F6D616E61676E
S21403D85865722F6C65676163792F7372632F736CB8
S21403D8685F746F6B656E5F6D616E616765722E635D
S21403D878002F686F6D652F72756E6E65722F776FE2
S21403D888726B2F747579612D7A69676265652D7376
S21403D89877697463682F747579612D7A6967626529
S21403D8A8652D7377697463682F73696C6162735F38
S21403D8B8746F6F6C732F73696D706C6963697479B1
S21403D8C85F73646B2F706C6174666F726D2F73650C
S21403D8D872766963652F746F6B656E5F6D616E61D3
S21403D8E86765722F6C65676163792F7372632F732D
S21403D8F86C5F746F6B656E5F6D616E75666163747E
S21403D9087572696E672E630043757272656E74204E
S21403D918436F6E6669673A2025307800536574202E
S21403D928434341206D6F646520746F2025643A2055
S21403D93825307800656E61626C656400646973619E
S21403D948626C6564006F757428636C69656E742908
S21403D95800696E202873657276657229004D4647FE
S21403D96820537472696E673A2025730041707042BB
S21403D97875696C646572204D464720436F64653A43
S21403D98820307825303458006E6F6465205B00417C
S21403D99864646974696F6E616C20696E7465726617
S21403D9A86163657300202025643A2000706167650B
S21403D9B8205B25645D206368616E205B25645D20BB
S21403D9C8707772205B25645D006E6F7420616374E4
S21403D9D8697665006572726F72203078253038581C
S21403D9E80070616E4944205B3078253034585D20DA
S21403D9F86E6F64654944205B3078253034585D2063
S21403DA08007870616E205B307800706172656E74A2
S21403DA184944205B3078253034585D207061726540
S21403DA286E7452737369205B25645D006E6F64655C
S21403DA3854797065205B0053656375726974792041
S21403DA486C6576656C205B253032585D006E6574B0
S21403DA58776F726B207374617465205B2530325858
S21403DA685D20004275666665722062797465733A4E
S21403DA78202564202F20256400457020636E743AA1
S21403DA88202564006570202564205B656E64706FCE
S21403DA98696E742025732C20646576696365202572
S21403DAA8735D20006E776B205B25645D2070726F54
S21403DAB866696C65205B3078253034585D2064656C
S21403DAC8764964205B3078253034585D2076657255
S21403DAD8205B3078253032585D00202020202573BF
S21403DAE820636C75737465723A2030782530345821
S21403DAF820004E776B20636E743A202564006E7799
S21403DB086B202564205B25735D005072696D617216
S21403DB1879202870726F290020206E6F6465547907
S21403DB287065205B3078253032585D002020736599
S21403DB3863757269747950726F66696C65205B30B9
S21403DB4878253032585D0045502025643A202573E1
S21403DB5820004572726F723A2020556E6B6E6F778F
S21403DB686E20656E64706F696E742E00456E616212
S21403DB786C65206576656E742064656275672069D2
S21403DB886E666F20696E20436F726520434C49208A
S21403DB98636F6D706F6E656E74006F6E6C7920635D
S21403DBA86F6F7264696E61746F72732063616E203F
S21403DBB8666F726D0A006A6F696E20307825303892
S21403DBC8580A006C65617665002573203078253021
S21403DBD832580A0072656A6F696E0072656A6F6901
S21403DBE86E4469666644657669636554797065004C
S21403DBF86578742E2050414E2049443A20004E57EB
S21403DC084B206F70656E3A20257520736563004E4A
S21403DC18574B20636C6F7365640066696E64206A8D
S21403DC286F696E61626C653A203078253032580029
S21403DC3866696E6420756E757365643A2030782558
S21403DC48303258004368616E67696E6720746F20C8
S21403DC586368616E6E656C2025643A2030782530DB
S21403DC68325800696E76616C6964206E6574776FE6
S21403DC78726B20696E6465780053686F7274204906
S21403DC88443A203078253034582C204555493634C4
S21403DC983A20002C2050616E2049443A20307825DB
S21403DCA83034580053746172746564206D756C74EF
S21403DCB8692D70687920696E74657266616365009C
S21403DCC84661696C656420746F202573202573206C
S21403DCD8307825303258005465726D696E61746504
S21403DCE86420257320307825303258004B656570DC
S21403DCF820616C69766520737570706F7274206521
S21403DD086E61626C65642E006661696C6564207476
S21403DD186F20736574206B65657020616C69766522
S21403DD28206D6F64652E007375636365737366751C
S21403DD386C6C792073657420746865206368696CF5
S21403DD48642074696D656F7574206F7074696F6E7F
S21403DD58206D61736B2E006661696C656420746F51
S21403DD682073657420746865206368696C6420741E
S21403DD78696D656F7574206F7074696F6E206D6159
S21403DD88736B2E00646973636F766572004D6174F6
S21403DD986368202573792066726F6D203078253086
S21403DDA834582C206570202564004E574B20416458
S21403DDB8647265737320726573706F6E73653A2049
S21403DDC83078253034580049454545204164647207
S21403DDD865737320726573706F6E73653A200053AC
S21403DDE86572766963652025737920646F6E652E80
S21403DDF800232020747970652020206E776B2020FE
S21403DE086C6F6320202072656D202020636C757309
S21403DE182020206E6F646520202065756900202009
S21403DE282564202020203078253034582020307868
S21403DE38253034582020307825303458203078253B
S21403DE483034582000736C5F7A69676265655F676C
S21403DE5865745F62696E64696E67204572726F7275
S21403DE683A203078253038580A002564206F662013
S21403DE7825642062696E64696E67732075736564CA
S21403DE8800656E61626C6564207072696E74006406
S21403DE98697361626C6564207072696E740061648C
S21403DEA864206C696E6B206B6579004552523A2084
S21403DEB843616C63756C61746564204352432064E4
S21403DEC86F6573206E6F74206D61746368004552C6
S21403DED8523A20496E7374616C6C20436F646520F4
S21403DEE86D75737420626520382C2031302C2031F0
S21403DEF8342C206F72203138206279746573206958
S21403DF086E206C656E677468004552523A20414528
S21403DF18532D4D4D4F2068617368206661696C65A3
S21403DF28643A2030782530325800536574206A6F77
S21403DF38696E696E67206C696E6B206B6579007312
S21403DF4865742062696E642025643A20307825302B
S21403DF58327800454D50545900554E494341004DBB
S21403DF68324F4E45004D554C5449003F2020202043
S21403DF7800496E64657820494545452041646472C6
S21403DF886573732020202020202020204E574B49DD
S21403DF986E6465782020496E204643202020202082
S21403DFA854544C28732920466C6167202020204B44
S21403DFB865792020202000256420202020200020AA
S21403DFC820256420202020202020002020253038EB
S21403DFD85820200020307825303458202000496EF9
S21403DFE864657820494545452041646472657373C2
S21403DFF8202020202020202020496E204643202051
S21403E0082020205479706520204175746820204BA1
S21403E0186579002D2020202020002563202020203D
S21403E028202563202020202000696573005741526D
S21403E0384E494E473A202052454144494E47204FC1
S21403E04846204B45592056414C5545532044495381
S21403E05841424C4544204259204D464720544F4B95
S21403E068454E004E574B204B6579002573206F7538
S21403E078742046433A2025303858002573207365A4
S21403E08871206E756D3A2030782530325800257326
S21403E098206F75742046433A202530387800544359
S21403E0A820257320002573205461626C650025645F
S21403E0B82F256420656E74726965732075736564AD
S21403E0C82E005472616E7369656E74204B65790011
S21403E0D8256420656E7472257320636F6E73756D81
S21403E0E8696E67202564207061636B6574206275AA
S21403E0F86666657225732E0057494C4C0057494C83
S21403E1084C204E4F540054727573742043656E74D6
S21403E118657220257320616C6C6F77207472757333
S21403E128742063656E7465722072656A6F696E73B0
S21403E138207573696E672077656C6C2D6B6E6F77C9
S21403E1486E206B65792E005365742074696D656F50
S21403E158757420666F722054727573742043656EE7
S21403E1687465722072656A6F696E73207573696E5B
S21403E178672077656C6C2D6B6E6F776E206C696E97
S21403E1886B206B657920746F202564207365636F35
S21403E1986E64732E004552524F523A20002573730D
S21403E1A87461636B206D75737420626520646F7782
S21403E1B86E2E0052656164696E6720416C6C6F77DA
S21403E1C865640048617368696E67206F6E6C7900D2
S21403E1D8736C5F7A69676265655F6B65795F73659C
S21403E1E87474696E67735F743A20307825303458D0
S21403E1F80020205065726D697373696F6E733A20D9
S21403E2082573004572726F723A204661696C6564BD
S21403E21820746F2067657420636F6E6669672C20A9
S21403E2287374617475733A2030782530385800460D
S21403E23861696C65643A20307825303858004D7328
S21403E248673A20636C7573203078253034582C2051
S21403E258636D64203078253032582C206C656E2028
S21403E2682564006275666665723A2000454D424528
S21403E278525F00257353454355524954595F4C45DD
S21403E28856454C3A2025303258002573657261731B
S21403E29865206B65792025643A2030782530385810
S21403E2A800636D64206E6F74206275696C74007306
S21403E2B8726320657020253032782C20636C757362
S21403E2C820253034780073656E64696E6720746F32
S21403E2D8206D756C7469636173742062696E64007B
S21403E2E825733A2065703A2025642C20636C3A20FF
S21403E2F83078253034582C20617474723A2030787C
S21403E30825303458002C207376723A20256300256E
S21403E318733A20726561643A203078253032780083
S21403E3282C207376723A2025632C206474797065E2
S21403E3383A2030782530325800417267756D656E1D
S21403E3487420617420696E6465783A2025642069B0
S21403E35873206F7574206F662072616E676500435D
S21403E3686F6D6D616E6420616C726561647920629D
S21403E37875696C742E202043616E6E6F7420736506
S21403E38874204D4647207370656369666963206326
S21403E3986F646520666F7220636F6D6D616E642EA1
S21403E3A8004D464720436F64652053657420666FA7
S21403E3B872206E65787420636F6D6D616E643A20A3
S21403E3C830782530345800557365204E65787420A8
S21403E3D853657175656E63652053657420666F7241
S21403E3E8206E65787420636F6D6D616E643A2030B5
S21403E3F878253032580044697361626C6520446539
S21403E4086661756C7420526573706F6E73652053FE
S21403E418657420666F72206E65787420636F6D6D01
S21403E428616E643A20307825303258004552523AA5
S21403E4382072656164696E672061747472696275B7
S21403E44874652025303278004552523A2061747438
S21403E4587269627574652073697A65202564207409
S21403E4686F6F206C6172676520666F7220627566CF
S21403E478666572004572726F723A206174747269C7
S21403E48862757465204944203078253034582072E4
S21403E49865706F727461626C65206368616E676528
S21403E4A82069732073697A65202564422C20627577
S21403E4B8742025644220656E74657265640A006E6E
S21403E4C86F20636D64004572726F723A20434C493D
S21403E4D82053656E64206661696C65642C207374CA
S21403E4E8617475733A20307825303858004572724F
S21403E4F86F723A2020455549363420617267756D28
S21403E508656E7420697320656D70747920616E6416
S21403E518206C6F6F6B7570206279206E6F64652050
S21403E5284944206661696C65642E0047726F75708E
S21403E53800556E696361737400556E62696E642074
S21403E5482573202573307825303258005265717547
S21403E5586573743A20005A444F2073696D706C656E
S21403E5682064657363207265712025303278005AFB
S21403E578444F206E6F64652064657363207265710B
S21403E5882025303278005A444F206D617463682022
S21403E598646573632072657120253032580055739D
S21403E5A8696E67206D79206C6F63616C20455549E9
S21403E5B8363420666F722064657374204555493671
S21403E5C83420696E2062696E64696E67005A444F28
S21403E5D82062696E64207265712025303278006384
S21403E5E86C7573746572206C696D697420726561E5
S21403E5F86368656400696E76616C69642070616738
S21403E608653A202564206F72206368616E6E656CB8
S21403E6183A202564004368616E6765206368616E07
S21403E6286E656C207374617475733A203078253080
S21403E6383278006475726174696F6E206D757374D1
S21403E64820626520696E2072616E67652030202D12
S21403E658203500636F756E74206D7573742062655C
S21403E66820696E2072616E67652031202D20380080
S21403E6787363616E20737461747573203078253004
S21403E6883258006E6574776F726B207570646174A8
S21403E69865207365742073746174757320307825E8
S21403E6A83032580041637469766520455020726598
S21403E6B87175657374207374617475733A20307852
S21403E6C825303258004C5149205461626C652072DB
S21403E6D86571756573743A20307825303258004270
S21403E6E8696E64696E67205461626C652072657131
S21403E6F8756573743A20307825303258004C656156
S21403E708766520257330782530325800506F776544
S21403E718722044657363726970746F722025733050
S21403E7287825303258005573696E67206D79206CEA
S21403E7386F63616C20455549363420666F722064D2
S21403E74865737420455549363420696E20756E62A4
S21403E758696E64696E6700526F75746520546162EA
S21403E7686C65202573307825303258002F686F6D16
S21403E778652F72756E6E65722F776F726B2F747551
S21403E78879612D7A69676265652D7377697463683D
S21403E7982F747579612D7A69676265652D73776954
S21403E7A87463682F73696C6162735F746F6F6C73DD
S21403E7B82F73696D706C69636974795F73646B2F03
S21403E7C870726F746F636F6C2F7A69676265652FF3
S21403E7D86170702F6672616D65776F726B2F636FEA
S21403E7E86D6D6F6E2F736C5F7A69676265655F73AD
S21403E7F8797374656D5F636F6D6D6F6E2E63004519
S21403E8087874656E64656420526573657420696EF2
S21403E818666F3A2030782530345820282573290027
S21403E8282F686F6D652F72756E6E65722F776F72B0
S21403E8386B2F747579612D7A69676265652D7377B1
S21403E848697463682F747579612D7A69676265657B
S21403E8582D7377697463682F73696C6162735F7469
S21403E8686F6F6C732F73696D706C69636974795F06
S21403E87873646B2F70726F746F636F6C2F7A69672C
S21403E8886265652F6170702F6672616D65776F724A
S21403E8986B2F636F6D6D6F6E2F7A69676265655F41
S21403E8A86170705F6672616D65776F726B5F736CAC
S21403E8B86565702E630053746179206177616B65B3
S21403E8C8207768656E206E6F74206A6F696E65645C
S21403E8D83A20257300466F72636564207374617902
S21403E8E8206177616B653A20202020202020202095
S21403E8F820257300466F7263696E672064657669C0
S21403E908636520746F2073746179206177616B6522
S21403E91800416C6C6F77696E67206465766963651A
S21403E92820746F20676F20746F20736C65657000A2
S21403E9382F686F6D652F72756E6E65722F776F729F
S21403E9486B2F747579612D7A69676265652D7377A0
S21403E958697463682F747579612D7A69676265656A
S21403E9682D7377697463682F73696C6162735F7458
S21403E9786F6F6C732F73696D706C69636974795FF5
S21403E98873646B2F70726F746F636F6C2F7A69671B
S21403E9986265652F6170702F6672616D65776F7239
S21403E9A86B2F636F6D6D6F6E2F7A69676265655F30
S21403E9B8737461636B5F736C6565702E630052587E
S21403E9C83A205265736574546F466163746F72793F
S21403E9D844656661756C747343616C6C6261636BE2
S21403E9E800657A737020636F756E7465727320663C
S21403E9F861696C656420257500657A7370205265B5
S21403EA08736574205468726573686F6C64206572E6
S21403EA18726F7220257500657A73702053657420AB
S21403EA285468726573686F6C64206572726F7220BF
S21403EA382575002575292025733A20257500536505
S21403EA487474696E67205468726573686F6C6420A3
S21403EA58636F6D6D616E64003F3F3F004D616320D9
S21403EA685278204263617374004D616320547820A2
S21403EA784263617374004D61632052782055636165
S21403EA887374004D61632054782055636173740072
S21403EA984D616320547820556361737420526574FE
S21403EAA87279004D6163205478205563617374202E
S21403EAB84661696C00415053205278204263617363
S21403EAC874004150532054782042636173740041A4
S21403EAD85053205278205563617374004150532075
S21403EAE85478205563617374205375636365737331
S21403EAF8004150532054782055636173742052653F
S21403EB0874727900415053205478205563617374A6
S21403EB18204661696C00526F757465204469736397
S21403EB2820496E69746961746564004E656967682F
S21403EB38626F72204164646564004E656967686243
S21403EB486F722052656D6F766564004E65696768F7
S21403EB58626F72205374616C65004A6F696E204950
S21403EB686E6469636174696F6E004368696C6420D8
S21403EB784D6F76656400415348204F766572666C20
S21403EB886F7700415348204672616D65204572725F
S21403EB986F7200415348204F76657272756E204532
S21403EBA872726F72004E574B204643204661696C5B
S21403EBB875726500415053204643204661696C755B
S21403EBC872650041534820584F66660041505320EB
S21403EBD8556E617574686F72697A6564204B6579DA
S21403EBE8004E574B204465637279707420466169FA
S21403EBF86C7572657300415053204465637279706F
S21403EC0874204661696C75726573005061636B6541
S21403EC18742042756666657220416C6C6F63617416
S21403EC2865204661696C757265730052656C617917
S21403EC3865642055636173740050687920746F2087
S21403EC484D4143207175657565206C696D6974203F
S21403EC5872656163686564005061636B657420560A
S21403EC68616C69646174652064726F7020636F7584
S21403EC786E74004E574B207265747279206F7665F2
S21403EC8872666C6F7700434341204661696C757200
S21403EC9865730042726F61646361737420746162A2
S21403ECA86C652066756C6C00505441204C6F205080
S21403ECB87269205265710050544120486920507289
S21403ECC8692052657100505441204C6F2050726978
S21403ECD82044656E69656400505441204869205095
S21403ECE872692044656E69656400505441204C6F10
S21403ECF8205072692054782041627274005054413F
S21403ED082048692050726920547820416272740042
S21403ED184164647265737320436F6E666C696374CB
S21403ED282053656E740043534C20527820736368EF
S21403ED386564756C65206661696C6564000D0044DE
S21403ED4865627567207072696E742067726F757076
S21403ED582025730A0057726F6E6720706172616DA3
S21403ED68657465720A005363686564756C65206D1F
S21403ED786F7665206E776B0025732025643A202509
S21403ED8864004D6178206D6F7665206C696D6974D3
S21403ED982072656163686564206E776B2025643A24
S21403EDA820256400456E64204465766963652050B3
S21403EDB86F6C6C20496E666F726D6174696F6E0056
S21403EDC8454D4245525F454E445F44455649434583
S21403EDD85F54494D454F55543A2020202020202083
S21403EDE8256400506F6C6C20636F6D706C6574657A
S21403EDF8642063616C6C6261636B3A202573002040
S21403EE082043757272656E7420506F6C6C20496E61
S21403EE1874657276616C20287173293A2020202540
S21403EE286C640020204C6F6E6720506F6C6C204912
S21403EE386E74657276616C20287173293A202020D7
S21403EE48202020256C6400202053686F727420509D
S21403EE586F6C6C20496E74657276616C20287173CA
S21403EE68293A2020202020256C6400202057616B37
S21403EE78652054696D656F757420287173293A2067
S21403EE882020202020202020202020256C640020FD
S21403EE982057616B652054696D656F7574204269E8
S21403EEA8746D61736B3A20202020202020202030A8
S21403EEB8782530385800202043757272656E7420A2
S21403EEC8417070205461736B733A202020202020F1
S21403EED82020202020203078253038580020204352
S21403EEE8757272656E7420506F6C6C20436F6E7407
S21403EEF8726F6C20202020202020202020257300DD
S21403EF08202044656661756C7420506F6C6C2043D2
S21403EF186F6E74726F6C2020202020202020202003
S21403EF28257300466F7263696E6720646576696346
S21403EF386520746F2073686F727420706F6C6C0032
S21403EF48416C6C6F77696E672064657669636520C4
S21403EF58746F206C6F6E6720706F6C6C00534C5F19
S21403EF685A49474245455F41465F4C4F4E475F50B7
S21403EF784F4C4C00534C5F5A49474245455F414600
S21403EF885F53484F52545F504F4C4C00706F6C6C35
S21403EF98206E776B2025643A203078253032580067
S21403EFA846696E6420616E642042696E6420496E09
S21403EFB869746961746F723A20436F6D706C657417
S21403EFC8653A2030782530325800537461727420BD
S21403EFD87461726765740046696E6420616E6420A6
S21403EFE842696E64205461726765740025733A201B
S21403EFF825733A2030782530325800467261676D9B
S21403F008656E746174696F6E2052582077696E64F2
S21403F0186F772073697A652073657420746F20256B
S21403F02864002F686F6D652F72756E6E65722F7725
S21403F0386F726B2F747579612D7A69676265652DB2
S21403F0487377697463682F747579612D7A69676253
S21403F05865652D7377697463682F73696C6162736A
S21403F0685F746F6F6C732F73696D706C6963697403
S21403F078795F73646B2F70726F746F636F6C2F7A1C
S21403F08869676265652F6170702F6672616D657753
S21403F0986F726B2F706C7567696E2F667261676D1A
S21403F0A8656E746174696F6E2F667261676D656EDF
S21403F0B8746174696F6E2E630052583A2041646413
S21403F0C847726F7570526573706F6E73652030780C
S21403F0D8253032582C203078253034580052583A88
S21403F0E8205669657747726F7570526573706F6ED1
S21403F0F87365203078253032582C20307825303404
S21403F108582C20220052583A2047657447726F7568
S21403F118704D656D62657273686970526573706F5A
S21403F1286E7365203078253032582C203078253099
S21403F13832582C00205B3078253034585D005258FE
S21403F1483A2052656D6F766547726F7570526573B0
S21403F158706F6E7365203078253032582C203078DF
S21403F168253034580065705B253032585D20696455
S21403F1785B253034585D00436C656172696E6720A1
S21403F188616C6C2067726F7570732E004552523A25
S21403F198204661696C656420746F206372656174C8
S21403F1A8652062696E64696E672028307825303278
S21403F1B85829004552523A2042696E64696E6720A0
S21403F1C87461626C652069732066756C6C004552C1
S21403F1D8523A2077726974696E67206E616D65208E
S21403F1E8737570706F727420253032580052583A0F
S21403F1F82041646447726F75702030782530345820
S21403F2082C20220075760052583A205669657747AF
S21403F218726F757020307825303458007576730011
S21403F228766965775F67726F75700047726F75707A
S21403F238733A206661696C656420746F2073656E23
S21403F2486420257320726573706F6E73653A203079
S21403F2587825303258006765745F67726F75705F1C
S21403F2686D656D6265727368697020726573706F19
S21403F2786E73650064656661756C745F726573703A
S21403F2886F6E73650052583A2047657447726F75F8
S21403F298704D656D626572736869702030782530C5
S21403F2A832582C007575620047726F7570733A2072
S21403F2B86661696C656420746F2073656E642025C7
S21403F2C8733A203078253032580052583A2052651F
S21403F2D86D6F766547726F757020307825303458B1
S21403F2E8004552523A204661696C656420746F2063
S21403F2F864656C6574652062696E64696E67202848
S21403F308307825303258290072656D6F76655F67E9
S21403F318726F75700052583A2052656D6F76654164
S21403F3286C6C47726F7570730052583A2041646468
S21403F33847726F757049664964656E74696679695C
S21403F3486E67203078253034582C20220061646498
S21403F358004368616E6E656C206E6F742076616C10
S21403F36869643A202564005072696D6172790025D4
S21403F37873206D61736B206E6F7720307825303875
S21403F38858005365636F6E64617279004D61736BE1
S21403F398206E6F742076616C69643A202564007069
S21403F3A872696D617279007365636F6E64617279F1
S21403F3B80025733A20536574202573206D61736B9B
S21403F3C820746F203078253038580053746174756C
S21403F3D8730025733A2025733A004368616E6E6599
S21403F3E86C206D61736B3A00202020202831292079
S21403F3F8307825303858205B0020202020283229F2
S21403F40820307825303858205B0053746174653A89
S21403F4182030782530325820282573290043757202
S21403F42872656E74206368616E6E656C3A20256437
S21403F43800546F74616C20626561636F6E733A2063
S21403F4482564004A6F696E20617474656D70747301
S21403F4583A202564004E6574776F726B2073746167
S21403F46874653A203078253032580053746F70002C
S21403F47825732053746F702E2020436C65616E6964
S21403F4886E672075702E0042726F616463617374D1
S21403F498696E67207065726D6974206A6F696E009D
S21403F4A854727573742063656E746572206C696E26
S21403F4B86B206B657920757064617465207374615D
S21403F4C87475730025733A205741524E494E473A8E
S21403F4D820736C5F7A69676265655F7365745F69D5
S21403F4E86E697469616C5F73656375726974795F55
S21403F4F87374617465206661696C65642E20436F56
S21403F5086E74696E75696E6720776974686F75744B
S21403F51820696E7374616C6C20636F64652E004596
S21403F52872726F723A20696E7374616C6C20636FC3
S21403F5386465207365747570206661696C65642EEE
S21403F54820497320616E20696E7374616C6C206346
S21403F5586F646520666C6173686564206F6E746F8C
S21403F56820746865206465766963653F00D0D1D2E8
S21403F578D3D4D5D6D7D8D9DADBDCDDDEDF00FFFF78
S21403F588FFFFFFFFFFFF005A6967426565416C6C22
S21403F59869616E636530390025733A20697373753C
S21403F5A8696E67207363616E206F6E202573206310
S21403F5B868616E6E656C7320286D61736B20307896
S21403F5C8253038582900257320697320616C7265C5
S21403F5D861647920696E2070726F67726573730051
S21403F5E85374617274004578616D696E696E67203D
S21403F5F8626561636F6E206F6E206368616E6E6509
S21403F6086C20256420776974682070616E496420CD
S21403F618307825303458005468697320626561630E
S21403F6286F6E206973206E6F742070617274206F1A
S21403F63866207468652063757272656E74206368E5
S21403F648616E6E656C206D61736B2028307825308B
S21403F6583858292E2047657474696E67206E657856
S21403F6687420626561636F6E2077686F73652063C5
S21403F67868616E6E656C206269746D61736B206970
S21403F68873207365742E004572726F723A20257361
S21403F69820636F756C64206E6F7420617474656D77
S21403F6A87074206A6F696E3A2030782530325800B5
S21403F6B84E6F20626561636F6E73206C6566742097
S21403F6C86F6E2063757272656E74206D61736B2E30
S21403F6D8204D6F76696E6720746F206E6578742088
S21403F6E87374617465002573206A6F696E696E6743
S21403F6F820307825303458206F6E206368616E6E2C
S21403F708656C2025640025732053746174653A205C
S21403F7182573004572726F723A20257320636F75DE
S21403F7286C64206E6F7420736574757020736563DC
S21403F73875726974793A20307825303258004572E4
S21403F748726F723A205363616E20636F6D706C65D7
S21403F75874652068616E646C657220726574757270
S21403F7686E6564203078253032580025732073631D
S21403F778616E20636F6D706C6574652E20426561DB
S21403F788636F6E732068656172643A20256400258A
S21403F7987320737461636B2073746174757320309C
S21403F7A87825303258002573206E6574776F726B30
S21403F7B8206A6F696E65642E0025732074727969F2
S21403F7C86E67206E657874206E6574776F726B2E1D
S21403F7D8004E6F6E65005363616E205072696D61EB
S21403F7E87279204368616E6E656C7320616E64205F
S21403F7F875736520436F6E66696775726564204B1B
S21403F8086579005363616E205072696D6172792061
S21403F8184368616E6E656C7320616E6420757365EC
S21403F82820496E7374616C6C20436F646500536380
S21403F838616E205072696D617279204368616E6EDD
S21403F848656C7320616E64205573652043656E741A
S21403F85872616C697A6564204B6579005363616EDF
S21403F868205072696D617279204368616E6E656CAB
S21403F8787320616E642055736520446973747269D6
S21403F8886275746564204B6579005363616E205313
S21403F89865636F6E64617279204368616E6E656C2A
S21403F8A87320616E642075736520436F6E6669679F
S21403F8B875726564204B6579005363616E205365E2
S21403F8C8636F6E64617279204368616E6E656C73EC
S21403F8D820616E642075736520496E7374616C6C61
S21403F8E820436F6465005363616E205365636F6ED0
S21403F8F864617279204368616E6E656C7320616E0D
S21403F90864205573652043656E7472616C697A6505
S21403F91864204B6579005363616E205365636F6E8D
S21403F92864617279204368616E6E656C7320616EDC
S21403F93864205573652044697374726962757465C7
S21403F94864204B6579005363616E205072696D615C
S21403F9587279204368616E6E656C7320616E6420ED
S21403F96855736520416C6C204B6579732028696E46
S21403F9787374616C6C20636F64652C2063656E74A6
S21403F98872616C697A65642C20646973747269623F
S21403F9987574656429005363616E205365636F6EDF
S21403F9A864617279204368616E6E656C7320616E5C
S21403F9B8642055736520416C6C204B657973202849
S21403F9C8696E7374616C6C20636F64652C20636561
S21403F9D86E7472616C697A65642C206469737472D8
S21403F9E869627574656429004F6E2F4F66662073C7
S21403F9F865742076616C75653A2025303258202563
S21403FA08303258004552523A2072656164696E670F
S21403FA18206F6E2F6F66662025303258004F6E2F84
S21403FA286F666620616C72656164792073657420FD
S21403FA38746F206E65772076616C756500546F6702
S21403FA48676C65206F6E2F6F66662066726F6D2013
S21403FA582530325820746F202530325800455252CC
S21403FA683A2077726974696E67206F6E2F6F6666C1
S21403FA78202530325800496E7374616C6C656420B7
S21403FA8854797065202842617365293A20203078B6
S21403FA9825303258004361706162696C6974696520
S21403FAA8733A20202020202020202020203078256C
S21403FAB830345800426F6F746C6F616465722056F9
S21403FAC8657273696F6E3A202020202030782530BF
S21403FAD834580053656375726520426F6F746C6F94
S21403FAE861646572204B65793A2020202020200027
S21403FAF8426F6F746C6F6164696E67206661696CC8
S21403FB0865642100446F776E6C6F61642066616973
S21403FB186C65642E0044656C6574696E672066615F
S21403FB28696C656420646F776E6C6F61642C2073F0
S21403FB3874617475733A2030782530325800496DED
S21403FB4861676520646F6573206E6F7420636F6EDC
S21403FB587461696E20616E205570677261646520F2
S21403FB68496D6167652054616720283078253034ED
S21403FB7858292E20536B697070696E6720757067F5
S21403FB88726164652E00457865637574696E6720CF
S21403FB98626F6F746C6F61642063616C6C6261631F
S21403FBA86B2E005374617274696E672045424C204D
S21403FBB8766572696669636174696F6E0045424C5F
S21403FBC8206661696C656420766572696669636137
S21403FBD874696F6E2E0045424C20706173736564BA
S21403FBE820766572696669636174696F6E2E00258F
S21403FBF873696E67204F544120636C69656E742081
S21403FC087374617465206D616368696E65007374E7
S21403FC186F7070004572726F723A204E6F20696D6E
S21403FC2861676520617420696E64657820256400C1
S21403FC384E6F7420737570706F727465642E00430C
S21403FC486C69656E7420696D616765207175657288
S21403FC587920696E666F004D616E75662049443A71
S21403FC6820202020202020202030782530345800DB
S21403FC78496D61676520547970652049443A2020A8
S21403FC8820203078253034580043757272656E74B8
S21403FC982056657273696F6E3A202030782530389F
S21403FCA85800486172647761726520566572736995
S21403FCB86F6E3A20004E410051756572792044658F
S21403FCC86C6179206D733A20202020202020202084
S21403FCD8202020256C64005365727665722044697B
S21403FCE873636F766572792044656C6179206D73EA
S21403FCF83A20256C6400446F776E6C6F6164204409
S21403FD08656C6179206D733A2020202020202020FE
S21403FD1820256C640052756E2055706772616465A1
S21403FD282044656C6179206D733A202020202020BA
S21403FD38256C64005665726966792044656C61793A
S21403FD48206D733A202020202020202020202025E4
S21403FD586C6400446F776E6C6F6164204572726FD3
S21403FD6872205468726573686F6C643A2020256441
S21403FD78005570677261646520576169742054681A
S21403FD88726573686F6C643A202020202564004FE0
S21403FD98544120446F776E6772616465733A2044F2
S21403FDA8697361626C6564004F544120446F776ED3
S21403FDB86772616465733A20456E61626C656400B8
S21403FDC8426F6F746C6F61642073746174653A2054
S21403FDD8257300496E76616C696420455020256456
S21403FDE8207768656E20747279696E6720746F2051
S21403FDF873656E64204F5441206D65737361676540
S21403FE082E0053656E64696E672055706772616469
S21403FE186520456E6420726571756573742E0025BA
S21403FE28733A20696E76616C696420636D6449640D
S21403FE3820307825303258004572726F723A202087
S21403FE484661696C656420746F2073656E64204F21
S21403FE58544120636F6D6D616E64203078253032AF
S21403FE68582C207374617475733A203078253032B1
S21403FE78580053657276657220756E6B6E6F776E73
S21403FE882C2066616C6C696E67206261636B2074F4
S21403FE986F20646973636F766572792E004D617897
S21403FEA8696D756D207175657279206572726F72EA
S21403FEB8732068697420282564292C20737461725A
S21403FEC874696E672073656172636820666F722053
S21403FED86E6577204F5441207365727665722E0AD5
S21403FEE8004170706C79696E67207570677261641B
S21403FEF8650025733A20696E76616C6964206F66BF
S21403FF08667365742063757272656E7454696D657D
S21403FF182830782530385829203E20757067726156
S21403FF28646554696D652830782530385829004F3C
S21403FF38544120436C75737465723A20776169740B
S21403FF4820666F72202564207300525865642074F7
S21403FF58696D654F75742030782530385820732CB2
S21403FF68204D41582074696D654F75742030782587
S21403FF783038582073004D6178696D756D2075703B
S21403FF886772616465207265717565737473206D35
S21403FF98616465202825642920776974686F7574F9
S21403FFA820726573706F6E73652066726F6D20734B
S21403FFB865727665722E00557067726164696E673E
S21403FFC820616E79776179004F54412053657276C4
S21403FFD869636520646973636F76657279207072E6
S21403FFE86576656E746564202D20616E6F7468652A
S21403FFF87220697320616C726561647920696E206A
S21404000870726F6772657373004661696C65642005
S214040018746F20696E697469617465207365727695
S21404002869636520646973636F766572792E004F19
S2140400385441205365727669636520446973636F17
S2140400487665727920696E2070726F67726573734D
S21404005800436C69656E74207665726966696361C7
S21404006874696F6E206661696C65642E00536967EF
S2140400786E617475726500437573746F6D00706194
S21404008873736564004641494C4544004E6F2073BB
S21404009869676E61747572652076657269666963E8
S2140400A86174696F6E20737570706F72742C20613A
S2140400B87373756D696E6720696D6167652069730A
S2140400C8206F6B61792E00257320766572696669E0
S2140400D8636174696F6E2025733A20307825303250
S2140400E858004D6178696D756D206E756D62657220
S2140400F8206F6620646F776E6C6F61642065727219
S2140401086F727320726561636820282564292C2021
S21404011861626F7274696E672E004F544120436C97
S21404012875737465723A2073657474696E672049CA
S2140401384545452061646472657373206F66204F75
S214040148544120636C7573746572005061727469E7
S214040158616C2066696C6520646F776E6C6F616489
S21404016820666F756E642C20636F6E74696E75698D
S2140401786E672066726F6D206F66667365742030CE
S214040188782530385800466F756E642066756C6C32
S2140401987920646F776E6C6F616465642066696C39
S2140401A86520696E2073746F7261676520287665AA
S2140401B87273696F6E20307825303858292E0046B9
S2140401C86F756E642066696C6520696E2073746F3B
S2140401D87261676520776974682064696666657203
S2140401E8656E742076657273696F6E20283078257C
S2140401F830385829207468616E2063757272656E8B
S214040208742076657273696F6E20283078253038C6
S21404021858290046696C6520696E2073746F72618C
S21404022867652069732073616D6520617320637543
S2140402387272656E742072756E6E696E6720766566
S2140402487273696F6E202830782530385829004E26
S2140402586F20696D61676520666F756E6420696EC8
S2140402682073746F726167652E004F54412053657E
S214040278727669636520446973636F76657279205C
S214040288756E626C6F636B65640049676E6F72693E
S2140402986E67207365727665722066726F6D206C61
S2140402A86F6F706261636B20616464726573730058
S2140402B849676E6F72696E67203078253034582027
S2140402C84F54412073657276657220696E20736593
S2140402D861726368206F66205443005365747469BA
S2140402E86E67204F54412053657276657220746F8A
S2140402F8203078253034580044656C6179696E6717
S214040308202564207365636F6E6473206265666F68
S2140403187265207374617274696E67204F54412045
S214040328636C69656E740054696D656F75742077BF
S214040338616974696E6720666F72206D6573736190
S21404034867652E00426164204F544120636F6D6DCB
S214040358616E643A20307825303258004F54412074
S214040368636F6D6D616E6420307825303258207462
S2140403786F6F2073686F727420286C656E2025640E
S214040388203C206D696E20256429004F5441206363
S2140403986F6D6D616E642066726F6D20756E726522
S2140403A8636F676E697A6564207365727665722012
S2140403B83078253034582E20204D79204F5441204B
S2140403C87365727665723A20307825303458004959
S2140403D86D616765204E6F7469667900476F74208F
S2140403E8756E65787065637465642025732E2020A1
S2140403F8537461727420646973636F766572792EB8
S2140404080064656661756C74004F54413A206661F1
S214040418696C656420746F2073656E642025732088
S214040428726573706F6E73653A203078253032586B
S21404043800496D616765206E6F7469667900476F59
S2140404487420756E65787065637465642025732EEC
S214040458202049676E6F7265642E004F54413A2017
S21404046844656661756C7420726573706F6E736527
S21404047820666F7220496D616765206E6F746966C1
S214040488792C20737461747573203078253032584B
S21404049800496D616765206E6F7469667920636FBD
S2140404A86D6D616E6400257320756E69636173747F
S2140404B82C207175657279696E6700496E76616C71
S2140404C86964002573202573207061796C6F6164F4
S2140404D820747970652030782530325800257320CA
S2140404E825733A206F7574206F662072616E67658F
S2140404F8206A697474657220256400257320257340
S2140405083A207061796C6F6164206C656E677468F4
S21404051820646F65736E2774206D61746368207435
S2140405287970652030782530325820282564203C98
S2140405382025642900257320257320647565207496
S2140405486F206E6F6E2D6D61746368696E67206DBB
S214040558616E756661637475726572204944002518
S214040568732025732064756520746F206E6F6E2D56
S2140405786D61746368696E6720696D616765207468
S21404058879706520494400257320257320647565B1
S21404059820746F206D61746368696E67206669727B
S2140405A86D776172652076657273696F6E00257360
S2140405B82025732C2052782764204A69747465723F
S2140405C82028307825303258292C205069636B65EA
S2140405D864204A6974746572202830782530325845
S2140405E829005175657279206E65787420696D6185
S2140405F8676520726573706F6E7365002573207265
S214040608657475726E6564203078253032582E20ED
S214040618204E6F206E657720696D61676520746F5C
S21404062820646F776E6C6F61642E00257320746F78
S2140406386F2073686F727420282564203C20256414
S214040648290025733A204E657720696D6167652011
S214040658697320617661696C61626C6520666F7285
S21404066820646F776E6C6F61642E0025732069733F
S214040678206E6F74207573696E67206D7920696DB6
S21404068861676520696E666F2E004552524F523A6E
S214040698204E65787420496D6167652069732074F7
S2140406A86F6F2062696720746F2073746F72652099
S2140406B828307825303858203E2030782530385869
S2140406C8290025732072657475726E6564207361DB
S2140406D86D652046696C6556657273696F6E206130
S2140406E8732063757272656E746C7920696E7374A0
S2140406F8616C6C65642E004F544120446F776E67B6
S21404070872616465732044697361626C65643A2037
S21404071846696C6556657273696F6E2062656869AA
S2140407286E642063757272656E7420696E73746184
S2140407386C6C6174696F6E005374617274696E6769
S21404074820646F776E6C6F61642C205665727369CB
S2140407586F6E20307825303858004572726F723ABA
S214040768204661696C656420746F2064656C6574E2
S2140407786520696D6167652E004572726F723A204E
S2140407884661696C656420746F20657261736520C0
S2140407986F6C642074656D7020646174612E004902
S2140407A86D61676520626C6F636B20726573706F2A
S2140407B86E7365004F54413A20496D616765426C13
S2140407C86F636B5265706F6E736520636F6E7461CA
S2140407D8696E7320696E76616C6964206F7220692D
S2140407E86E636F6D706C6574652064617461005522
S2140407F870646174696E67204D696E20426C6F631D
S2140408086B205265717565737420506572696F64E0
S21404081820746F202564206D7300446F776E6C6FA8
S21404082861642064656C61792062792073657276E8
S2140408386572202564206D7300446F776E6C6F6153
S214040848642061626F7274656420627920736572CD
S2140408587665722E0053657276657220646F6573CA
S2140408686E277420737570706F7274207061676574
S21404087820726571756573742C206F6E6C7920759B
S21404088873696E6720626C6F636B20726571756539
S21404089873742E0053657276657220726574757269
S2140408A86E65642027756E737570706F72746564F0
S2140408B820636C757374657220636F6D6D616E6406
S2140408C8272E00556E6B6E6F776E20257320737413
S2140408D86174757320636F646520307825303258E8
S2140408E80025732068617320646174612073697AD3
S2140408F865202825642920736D616C6C65722074E4
S21404090868616E2061637475616C207061636B65E1
S214040918742073697A6520282564292E0025732097
S2140409286572726F723A20457870656374656420E0
S2140409386F6666736574203078253038582C2062C4
S214040948757420676F74203078253038582E202028
S21404095849676E6F72696E6700257320696E666FE5
S21404096820646964206E6F74206D61746368206DFA
S2140409787920657870656374656420696E666F2E81
S214040988202044726F7070696E672E004661696C29
S214040998656420746F20777269746520746F207399
S2140409A8746F7261676520646576696365210044BF
S2140409B86F776E6C6F61640055706772616465204A
S2140409C8656E6420726573706F6E73650053657226
S2140409D87665722061626F727465642075706772DA
S2140409E86164652C207374617475733A20307825B5
S2140409F8303258004572726F723A20257320686147
S214040A086420696E76616C69642025733A200066F2
S214040A18696C652076657273696F6E0041646469F3
S214040A286E67202564206D732E2064656C617920BA
S214040A38666F7220696D6D6564696174652075708A
S214040A4867726164652E00436F756E74646F776EA3
S214040A5820746F20757067726164653A2025642077
S214040A686D73002053746174653A20202025730042
S214040A782057616974696E6720666F7220726573A1
S214040A88706F6E73653A20257300204E657874205F
S214040A984576656E742054696D65723A202564201F
S214040AA86D73002043757272656E7420446F776E9A
S214040AB86C6F6164204F66667365743A20307825D7
S214040AC8303858202825642525290025733A2066B9
S214040AD861696C65642070617273696E67204F542F
S214040AE84120636D6420307825303258004F5441D5
S214040AF82044656661756C7420726573706F6E73D6
S214040B086520746F20636F6D6D616E6420494420A0
S214040B183078253032582C207374617475732030FD
S214040B28782530325800496D61676520626C6F63BA
S214040B386B20726571756573742074657374206FA1
S214040B486E6C7920776F726B73207768656E207386
S214040B587461746520697320424F4F544C4F414466
S214040B685F53544154455F4E4F4E450052616E6480
S214040B786F6D2044656C6179206265666F726520C6
S214040B88737461727400446973636F766572696E10
S214040B9867204F5441205365727665720047657422
S214040BA8204F544120536572766572204555490096
S214040BB84F627461696E206C696E6B206B65790090
S214040BC85175657279696E67204E65787420496D2B
S214040BD861676500446F776E6C6F6164696E672041
S214040BE8496D61676500566572696679696E67203E
S214040BF8496D6167650057616974696E6720666F39
S214040C08722055706772616465206D6573736167D9
S214040C186500436F756E74646F776E20746F205525
S214040C287067726164650057616974696E672074D9
S214040C386F207570677261646520766961206F75C8
S214040C48742D6F662D62616E64206D656368616ECF
S214040C5869736D0025733A202564252520636F6D16
S214040C68706C65746500496D6167652025640020AD
S214040C78204552524F523A20436F756C64206E6F6B
S214040C8874206765742066756C6C20686561646595
S214040C987221002020486561646572205665727367
S214040CA8696F6E3A2030782530345800202048651D
S214040CB861646572204C656E6774683A2020256402
S214040CC82062797465730020204669656C64204345
S214040CD86F6E74726F6C3A20203078253034580062
S214040CE820204D616E75662049443A202020202035
S214040CF82020307825303458002020496D616765F7
S214040D0820547970653A2020202020307825303405
S214040D185800202056657273696F6E3A202020208A
S214040D28202020203078253038580020205A69673B
S214040D386265652056657273696F6E3A2030782549
S214040D4830345800202048656164657220537472F4
S214040D58696E673A20202573002020496D6167650F
S214040D682053697A653A2020202020256C64206266
S214040D7879746573002020536563757269747920E5
S214040D88437265643A202030782530325800202093
S214040D985570677261646520446573743A20202030
S214040DA80020204D696E2E204857205665723A203A
S214040DB82020203078253034580020204D61782EA5
S214040DC8204857205665723A20202020307825304F
S214040DD83458002020546F74616C20546167733A49
S214040DE820256400202020205461673A2030782586
S214040DF8303458002020202020204C656E67746804
S214040E083A20256C64004572726F723A20436F75F7
S214040E186C64206E6F74206F627461696E207461EE
S214040E286720696E666F2066726F6D20696D6167EC
S214040E38652E000A256420696D6167657320696EEE
S214040E48204F54412073746F726167652E00496D94
S214040E586167652064656C65746525732E00457244
S214040E68726F723A2020436F756C64206E6F74201C
S214040E787265616420626C6F636B3A203078253043
S214040E8832582E0A005374617274696E672065724C
S214040E986173652066726F6D206F6666736574206D
S214040EA830782530385820746F20307825303858F4
S214040EB800436F756C64206E6F742073746172746B
S214040EC82045524153452120283078253032582968
S214040ED800454550524F4D20457261736520636F37
S214040EE86D706C657465002F686F6D652F72756E0E
S214040EF86E65722F776F726B2F747579612D7A69A8
S214040F08676265652D7377697463682F747579618C
S214040F182D7A69676265652D7377697463682F73BC
S214040F28696C6162735F746F6F6C732F73696D702D
S214040F386C69636974795F73646B2F70726F746F0E
S214040F48636F6C2F7A69676265652F6170702F66A8
S214040F5872616D65776F726B2F706C7567696E2F2B
S214040F686F74612D73746F726167652D73696D7024
S214040F786C652D656570726F6D2F6F74612D737453
S214040F886F726167652D656570726F6D2D70616728
S214040F98652D65726173652E63002F686F6D652F06
S214040FA872756E6E65722F776F726B2F74757961B2
S214040FB82D7A69676265652D7377697463682F741B
S214040FC87579612D7A69676265652D7377697463C7
S214040FD8682F73696C6162735F746F6F6C732F73B9
S214040FE8696D706C69636974795F73646B2F70726A
S214040FF86F746F636F6C2F7A69676265652F6170AB
S214041008702F6672616D65776F726B2F706C75677B
S214041018696E2F6F74612D73746F726167652D73B3
S214041028696D706C652D656570726F6D2F6F746170
S2140410382D73746F726167652D656570726F6D2E9A
S21404104863004F54412053696D706C652053746F68
S2140410587261676520454550524F4D207761726E20
S214041068696E673A20636F756C64206E6F742067C8
S214041078657420736C6F7420696E666F20666F7271
S21404108820736C6F7420256420286572726F722032
S214041098307825303258292E2044656661756C747C
S2140410A8696E6720746F2073706563696669656422
S2140410B82061646472657373206F666673657473FF
S2140410C80053746F72616765204472697665723A74
S2140410D8202020202020202020202020204F54417B
S2140410E82053696D706C652053746F726167652050
S2140410F8454550524F4D20506C7567696E005265D1
S2140411086164204D6F646966792057726974652036
S214041118537570706F72743A20206E6F00534F4385
S21404112820426F6F746C6F6164696E6720537570C4
S214041138706F72743A2020202079657300426F6FAE
S214041148746C6F616465722053746F72616765208E
S214041158537570706F72743A205573652066697299
S214041168737420736C6F7400536C6F7420746F20E0
S2140411787573653A20202020202020202020202057
S2140411882020202025640043757272656E742044FE
S2140411986F776E6C6F6164204F66667365743A2069
S2140411A82020203078253038580045424C20537487
S2140411B8617274204F66667365743A202020202076
S2140411C820202020202030782530385800454550E7
S2140411D8524F4D2053746172743A202020202020E8
S2140411E82020202020202020203078253038580041
S2140411F8454550524F4D20456E643A202020202005
S2140412082020202020202020202020203078253050
S214041218385800496D61676520496E666F205374B7
S2140412286172743A2020202020202020202020309C
S21404123878253038580053617665205261746520E5
S21404124828627974657329202020202020202020F5
S2140412582020307825303858004F66667365742029
S2140412686F6620646F776E6C6F6164206F66667352
S2140412786574202020307825303858004F66667309
S2140412886574206F662045424C206F6666736574E5
S2140412983A20202020202020307825303858004F47
S2140412A86666736574206F6620696D61676520736A
S2140412B8746172743A202020202020307825303833
S2140412C85800736C5F7A69676265655F61665F6F0D
S2140412D874615F73746F726167655F64726976655B
S2140412E8725F726561645F63622829206661696C4F
S2140412F865642100426164206D61676963206E75C8
S2140413086D62657220696E2066696C653A2030786D
S2140413182530325820307825303258203078253019
S2140413283258203078253032580042616420766579
S2140413387273696F6E20696E2066696C65203078F2
S21404134825303458004572726F723A2072656164AB
S214041358416E6456616C696461746553746F726532
S21404136864496D6167652829207472696564207408
S2140413786F2072656164206D6F72652064617461A4
S214041388207468616E20697420636F756C642068C5
S2140413986F6C642E00736C5F7A69676265655F615B
S2140413A8665F6F74615F73746F726167655F64729A
S2140413B8697665725F726561645F63622829204690
S2140413C841494C454421004C617374206F6666732A
S2140413D8657420646F776E6C6F616465643A203058
S2140413E878253038580053746F72616765204D6FDE
S2140413F864756C653A204F54412053696D706C656A
S2140414082053746F7261676520506C7567696E0047
S214041418496D616765732053746F7265643A20205A
S2140414282564206F6620310A00253032583A006554
S21404143870202530325820636C7573202530345854
S21404144820617474722025303458207376722025EF
S2140414586300206D66672025303258002072657058
S2140414686F7274206D696E2025303458206D61784B
S2140414782025303458207270742D63686720253010
S21404148838580020726563656976652066726F6DE4
S2140414982025303458206570202530325820746949
S2140414A86D656F7574202530345800636C656172F9
S2140414B80072656D6F766500636C656172696E6748
S2140414C8206C617374207265706F72742074696D11
S2140414D865206F6620616C6C20617474726962752D
S2140414E87465730074657374696E672074696D69CE
S2140414F86E67206F6620766172696F7573207265F1
S214041508706F7274696E67206F7065726174696F44
S2140415186E73002D2D2D2D2D2D2D2D2D2D2D2D2D90
S2140415282D2D2D2D2D2D2D2D2D2D2D2D2D2D2D2DDA
S2140415382D2D2D2D2D2D2D2D2D2D2D2D2D2D2D2DCA
S2140415482D2D002D2D7461626C652072656164739F
S214041558202D2066756C6C207461626C652D2D00D8
S214041568726573756C74203D202564206D73002D98
S2140415782D696E6974202F207363686564756C65BD
S214041588207469636B2D2D2D002D2D6C6F616420DE
S214041598636F6E66696775726174696F6E206465D9
S2140415A86661756C74732D2D002F686F6D652F72C8
S2140415B8756E6E65722F776F726B2F747579612DE1
S2140415C87A69676265652D7377697463682F7475BD
S2140415D879612D7A69676265652D737769746368BE
S2140415E82F73696C6162735F746F6F6C732F7369A2
S2140415F86D706C69636974795F73646B2F70726F4E
S214041608746F636F6C2F7A69676265652F61707093
S2140416182F6672616D65776F726B2F706C7567696C
S2140416286E2F7265706F7274696E672F7265706F4D
S2140416387274696E672E6300524541445F52505473
S2140416485F43464700726561645F7265706F7274C3
S214041658696E675F636F6E66696775726174696FD2
S2140416686E005265706F7274696E673A20666169B7
S2140416786C656420746F2073656E6420257320720D
S2140416886573706F6E73653A20307825303258006B
S2140416984552523A2072656164696E6720636C75B8
S2140416A873746572203078253034582061747472E7
S2140416B86962757465203078253034583A20307855
S2140416C825303258004552523A207265706F72744B
S2140416D8696E67206F66204C4F4E47207374726994
S2140416E86E672061747472696275746520747970A3
S2140416F865206E6F7420737570706F727465643AC3
S21404170820636C75737465722030782530345820DD
S214041718617474726962757465203078253034583B
S214041728005265706F7274696E6720456E747279BC
S2140417382046756C6C202D206372656174696E672B
S214041748206E6577207265706F7274004346475F33
S21404175852505400202D20646972656374696F6E54
S2140417683A253032582C20617474723A253034582D
S21404177800202020747970653A253032582C206D64
S214041788696E3A253034582C206D61783A25303401
S21404179858002020206368616E67653A0020202080
S2140417A874696D656F75743A2530345800636F6EC6
S2140417B86669677572655F7265706F7274696E675D
S2140417C8002054434C4B2075706461746520616C2A
S2140417D8726561647920696E2070726F67726573CA
S2140417E873004D616E75616C2054434C4B207570C4
S2140417F864617465206661696C65642E257300539C
S21404180874617274696E6720757064617465207497
S214041818727573742063656E746572206C696E6B7A
S214041828206B65792070726F6365737300557064F6
S214041838617465205443204C696E6B204B657900AF
S214041848204E6577206B65792065737461626C69D0
S214041858736865643A00204572726F723A00506184
S21404186872746E65723A20005A434C20676C6F6235
S214041878616C20636C757374657220636F6D6D613B
S2140418886E647300646972656374696F6E00646974
S21404189873632D636F6D2D67656E00646973632DBE
S2140418A8636F6D2D726563006578706563742D7259
S2140418B865706F72742D66726F6D2D6D6500757721
S2140418C872697465006E7772697465007265706F04
S2140418D872742D726561640073656E642D6D652D72
S2140418E8612D7265706F72740043726561746573F6
S2140418F8206120676C6F62616C20646973636F761D
S214041908657220636F6D6D616E6420666F722074F5
S2140419186865206173736F636961746564207661B2
S2140419286C7565732E00636C757374657249641FF1
S21404193861747472696275746549641F6D61784E62
S214041948756D626572546F5265706F72741F0043CA
S214041958726561746573206120676C6F62616C20C0
S21404196873656E64206D652061207265706F72748D
S21404197820636F6D6D616E6420666F72207468658F
S214041988206173736F6369617465642076616C752E
S21404199865732E00636C757374657249641F61748D
S2140419A87472696275746549641F646174615479F4
S2140419B870651F6D696E5265706F727454696D65D3
S2140419C81F6D61785265706F727454696D651F7205
S2140419D865706F727461626C654368616E67651FD3
S2140419E80043726561746573206120676C6F626179
S2140419F86C2072656164207265706F7274696E67B4
S214041A0820636F6D6D616E6420666F7220746865FE
S214041A18206173736F63696174656420636C75739E
S214041A287465722C206174747269627574652061B9
S214041A386E64207365727665722F636C69656E745E
S214041A4820646972656374696F6E2E00636C7573BF
S214041A5874657249641F6174747269627574654941
S214041A68641F646972656374696F6E1F00476C6FE0
S214041A7862616C207265706F7274696E6720636F3A
S214041A886D6D616E6400656E64706F696E741F6355
S214041A986C757374657249641F61747472696275CF
S214041AA8746549641F6D61736B1F004372656174C6
S214041AB86573206120676C6F62616C20726561646F
S214041AC820636F6D6D616E64206D65737361676501
S214041AD820746F20726561642066726F6D20746866
S214041AE86520636C757374657220616E6420617416
S214041AF8747269627574652073706563696669656E
S214041B08642E00636C757374657249641F6174741B
S214041B1872696275746549641F0043726561746509
S214041B2873206120676C6F62616C207772697465D4
S214041B3820636F6D6D616E64206D65737361676590
S214041B4820746F20777269746520746F20746865D2
S214041B5820636C757374657220616E642061747496
S214041B68726962757465207370656369666965640D
S214041B7800636C757374657249641F617474726962
S214041B886275746549641F747970651F646174614D
S214041B981F0043726561746520612065787065630B
S214041BA8742D7265706F72742D66726F6D2D6D6507
S214041BB8206D65737361676520776974682061733F
S214041BC8736F6369617465642076616C7565732EDA
S214041BD800636C757374657249641F617474726902
S214041BE86275746549641F74696D656F75741F0042
S214041BF8437265617465206120446973636F766512
S214041C087220436F6D6D616E64732047656E6572EE
S214041C186174656420636F6D6D616E6420776974A2
S214041C2868206173736F6369617465642076616C98
S214041C387565732E00636C757374657249641F73D7
S214041C4874617274436F6D6D616E6449641F6D616F
S214041C5878436F6D6D616E6449641F0053657473D1
S214041C682074686520646972656374696F6E20669B
S214041C786F7220676C6F62616C20636F6D6D616E46
S214041C8864732C2065697468657220636C69656E74
S214041C987420746F20736572766572206F72207371
S214041CA8657276657220746F20636C69656E742E2F
S214041CB80053657473206120666C616720736F2017
S214041CC87468617420746865206170706C696361F7
S214041CD874696F6E206672616D65776F726B2057D4
S214041CE8494C4C204E4F5420726573706F6E6420B6
S214041CF8746F20746865206E657874205A434C2087
S214041D086D657373616765207468617420636F6DAD
S214041D18657320696E206F76657220746865206125
S214041D2869722E0053657473206120666C6167209F
S214041D38736F207468617420746865206170706CB1
S214041D4869636174696F6E206672616D65776F7218
S214041D586B2057494C4C20726573706F6E64207400
S214041D686F20746865206E657874205A434C206D1D
S214041D78657373616765207468617420636F6D6545
S214041D887320696E206F76657220746865206169B1
S214041D98722E0053657473207468652044697361F1
S214041DA8626C652044656661756C74205265737050
S214041DB86F6E7365204672616D6520436F6E74722C
S214041DC86F6C2062697420746F2075736520666F63
S214041DD87220746865206E65787420636F6D6D6113
S214041DE86E642069662074686520636F6D6D616E25
S214041DF864206973206E6F7420616C7265616479FF
S214041E08206275696C742E0064697361626C65443B
S214041E18656661756C74526573706F6E73651F00C2
S214041E28536574732074686520666C616720746FE4
S214041E38207573652074686520696E6372656D65C0
S214041E486E7465642073657175656E6365206E755A
S214041E586D6265722066726F6D207468652066729E
S214041E68616D65776F726B20666F72207468652083
S214041E786E6578742072617720636F6D6D616E6429
S214041E882E007573654E65787453657175656E6353
S214041E98651F00436C6920636F6D6D616E64207402
S214041EA86F2063616C6C20736C5F7A696762656522
S214041EB85F61665F7365745F74696D652066756EC9
S214041EC86374696F6E20646F63756D656E7465649C
S214041ED820696E2061662E680075746354696D65A2
S214041EE81F0053657473207468652074776F2062C6
S214041EF8797465206D616E75666163747572657252
S214041F08207370656369666963206964656E7469BD
S214041F186669657220746F2075736520666F722013
S214041F28746865206E65787420636F6D6D616E6481
S214041F382069662074686520636F6D6D616E642021
S214041F486973206E6F7420616C72656164792062AF
S214041F5875696C742E006D66675370656369666987
S214041F686349641F006E6F742000534C5F535441DA
S214041F785455535F4E4554574F524B5F5550203077
S214041F8878253034580054727573742043656E741B
S214041F986572204555492068617320257363686116
S214041FA86E6765642E00534C5F5354415455535F13
S214041FB84E4554574F524B5F444F574E00534C5F51
S214041FC85354415455535F4E4F545F4A4F494E45F8
S214041FD84400534C5F5354415455535F5A4947423F
S214041FE845455F4E4554574F524B5F4F50454E45F7
S214041FF8443A2025642073656300534C5F53544168
S2140420085455535F5A49474245455F4E4554574FC2
S214042018524B5F434C4F5345440025733A2025736F
S2140420280064697374726962757465640063656EC6
S2140420387472616C697A656400466F726D00257304
S214042048696E67206F6E2063682025642C20706193
S2140420586E496420307825303458004572726F72A1
S2140420683A2044657669636520646F6573206E6FED
S2140420787420737570706F7274202573206E65747F
S214042088776F726B20666F726D6174696F6E004A43
S2140420986F696E00496E76616C6964205365637572
S2140420A8726974792050726F66696C653A20307864
S2140420B82530325800704A6F696E20666F72202584
S2140420C864207365633A20307825303258004C69AA
S2140420D86D6974696E67206475726174696F6E20C1
S2140420E86F66207065726D6974206A6F696E206603
S2140420F8726F6D20666F7265766572202832353584
S2140421082920746F203235340052583A205A444FE6
S2140421182C20636F6D6D616E6420307825303458DA
S2140421282C207374617475733A20307825303258CD
S2140421380053696D706C650052583A202573204424
S2140421486573632052657370004D61746368002C70
S214042158204D6174636865733A2025640044657687
S21404216869636520416E6E6F756E63653A203078D4
S214042178253034580052583A20494545452041648C
S214042188647265737320526573706F6E736500525C
S214042198583A204163746976652045502052657321
S2140421A8706F6E73652C20436F756E743A202564C1
S2140421B8004E6F6465002C204D6174636865733A3D
S2140421C82030782530345800737461636B20766544
S2140421D8722E205B25642E25642E25640020257324
S2140421E8206275696C642025645D005A444F005368
S2140421F84500484100436C757374657200476C6FFC
S21404220862616C0025737478203078253038582C31
S214042218200050726F66696C653A20257320283052
S2140422287825303458292C20436C75737465723AB3
S214042238203078253034582C20256420627974653B
S214042248732C00205A434C20257320436D64204980
S214042258443A202564005072652D52656C65617396
S2140422686500416C706861203100416C70686120BB
S2140422783200416C70686120330042657461203115
S2140422880042657461203200426574612033004759
S2140422984100526573657420696E666F3A2030781B
S2140422A82530325820282573290064656C657465C2
S2140422B82062696E64696E673A2025303258202594
S2140422C8303258000102030405060708090A0B0CF5
S2140422D80001010101010101010101010100575238
S2140422E8495445204552523A2000257365702025E6
S2140422F830325820636C7573202530345820617446
S21404230874722025303458206E6F7420737570707C
S2140423186F72746564002573696E76616C696420EF
S21404232864617461207479706500257361747472CD
S214042338206E6F74207772697461626C65005752F8
S2140423484954453A206E6F2077726974652C206A62
S2140423587573742061207465737400524541443A59
S214042368206174747269627574652073697A65206D
S214042378746F6F206C6172676520666F7220636184
S2140423886C6C657200636C6E7400737276720052BD
S2140423985700524F00202052414D20200020746FD1
S2140423A86B656E200065787465726E2000454E4431
S2140423B8504F494E54202530325800636C757320AC
S2140423C82F2073696465202F2061747472202F206F
S2140423D86D666720202F74797065286C656E292FC2
S2140423E8207277202F2073746F72616765202F2000
S2140423F86461746120287261772900253034582076
S2140424082F202573202F2025303458202F200020F5
S2140424182F202530325820282530325829202F20BE
S2140424282573202F202573202F2000556E73757072
S214042438706F72746564004F544120524541443AA3
S2140424482065703A25303258206369643A2530345A
S214042458582061747469643A25303458206D736B57
S2140424683A25303258206D66636F64653A253034F1
S2140424785800524541443A20636C7573202530341D
S214042488582C20617474722025303458206661698B
S2140424986C6564202530325800524541443A20631E
S2140424A86C757320253034582C206174747220257A
S2140424B83034582C20646174614C656E3A2025309B
S2140424C832582C204F4B00282563292530325825AE
S2140424D8303258253032582530325825303258256F
S2140424E830325825303258253032580064697361C2
S2140424F8626C65002573642C2064726F7070696E54
S214042508672065702030782530325820636C7573E0
S2140425182030782530345820636D64203078253090
S21404252832580047656E6572617465640052656367
S214042538656976656400446973636F7665722043DB
S2140425486F6D6D616E647320726573706F6E7365FC
S2140425582028636F6D706C6574653A202563292C92
S214042568202573204944733A2000307825303258A1
S21404257820005F45585400524541445F4154545224
S2140425880057524954453A20636C757320253034F5
S2140425985820617474722025303458200046414906
S2140425A84C20253032580057524954453A20746F07
S2140425B86F2073686F727400444953435F415454E0
S2140425C85200257325733A20636C757320253034BE
S2140425D8580053766320446973633A20002573577A
S2140425E8616974696E672025642073656320666F65
S2140425F87220646973636F7665727920746F2063DA
S2140426086F6D706C65746500537461746520636FD0
S21404261872726573706F6E64696E6720746F207467
S2140426286865207468652072657175657374206EB4
S2140426386F7420666F756E640A002573636F6D7019
S2140426486C6574652E0A002573536572766963652E
S21404265820446973636F7665727920537461746570
S214042668206C696D69747320726561636865640AB1
S214042678002573496C6C6567616C2062726F6164CF
S2140426886361737420616464726573732C20726565
S2140426986D617070696E6720746F2076616C69640A
S2140426A8206F6E652E0025734661696C6564207418
S2140426B86F2073656E64206D617463682064697343
S2140426C8636F766572793A2030782530325800255B
S2140426D8735374617274696E6720646973636F7682
S2140426E865727920666F7220636C757374657220E0
S2140426F83078253034580025734661696C65642043
S214042708746F2073656E642073696D706C652064DD
S214042718657363726970746F722072657175657318
S214042728743A203078253032580025734661696C2F
S214042738656420746F2073656E642049454545209A
S2140427486164647265737320726571756573743A2F
S214042758203078253032580025734661696C6564E4
S21404276820746F2073656E64204E574B2061646432
S2140427787265737320726571756573743A20307860
S21404278825303258004572726F723A2025732062DB
S21404279861642073696D706C65206465736372691F
S2140427A870746F72206C656E6774682E0025734D9E
S2140427B865737361676520746F6F2073686F7274CE
S2140427C80025734D65737361676520746F6F207396
S2140427D8686F727420666F72206E756D2E20656E33
S2140427E864706F696E74730025734D61746368252D
S2140427F87320666F756E642066726F6D2030782558
S2140428083034582E004572726F723A202573206948
S2140428186E76616C6964206C656E6774682028251A
S2140428286420213D2025642920666F722041637444
S21404283869766520456E64706F696E742072657378
S214042848706F6E7365002573676F742061637469AF
S214042858766520455020726573706F6E73650055F3
S21404286854432074696D653A2025642F25642F2502
S214042878642025643A25643A256420282530385887
S214042888290028556E6B6E6F776E20636C75732EF1
S214042898205B3078253034585D29000D0A542530DD
S2140428A838583A005258206C656E2025642C2065EA
S2140428B87020253032582C20636C757320307825A8
S2140428C83034582000206D66674964202530345813
S2140428D80020464320253032582073657120253061
S2140428E8325820636D642025303258207061796C24
S2140428F86F61645B004261736963004F766572209A
S2140429087468652041697220426F6F746C6F6164E5
S214042918696E67002573525820706B7420746F6F45
S2140429282073686F72743A202564203C202564005E
S2140429382573525820706B74206D616C666F726DC7
S21404294865643A202564203C2025640020204861DC
S214042958766520526F7574657220537570706F7241
S21404296874002020456E6420446576696365204FAC
S2140429786E6C79002020456E61626C6564002020C8
S21404298844697361626C6564004572726F72207282
S214042998657472696576696E6720696E666F206607
S2140429A86F72206C696272617279204944202564CA
S2140429B8002573206C6962726172792573207072BF
S2140429C86573656E74005A69676265652050726F30
S2140429D80042696E64696E6700536563757269744C
S2140429E87920436F7265005365637572697479203C
S2140429F84C696E6B204B6579730043424B45203116
S214042A0836334B310043424B4520445341205369E7
S214042A18676E004543430043424B452044534120D8
S214042A28566572696679005061636B6574205661F1
S214042A386C6964617465005A4C4C0043424B4520EB
S214042A483238334B3100454343203238334B310058
S214042A5843424B4520636F7265004E4350004D75E4
S214042A686C7469206E6574776F726B00456E686166
S214042A786E63656420426561636F6E2052657100FB
S214042A8843424B45203238334B3120445341205679
S214042A986572696679004D756C74692D50414E00EF
S214042AA82F686F6D652F72756E6E65722F776F72ED
S214042AB86B2F747579612D7A69676265652D7377EE
S214042AC8697463682F747579612D7A6967626565B8
S214042AD82D7377697463682F73696C6162735F74A6
S214042AE86F6F6C732F73696D706C69636974795F43
S214042AF873646B2F70726F746F636F6C2F7A696769
S214042B086265652F737461636B2F636F6E6669679E
S214042B182F736C5F7A69676265655F636F6E666953
S214042B286775726174696F6E2E63002F686F6D65C2
S214042B382F72756E6E65722F776F726B2F74757938
S214042B48612D7A69676265652D7377697463682F82
S214042B58747579612D7A69676265652D737769740A
S214042B6863682F73696C6162735F746F6F6C732F1D
S214042B7873696D706C69636974795F73646B2F70BD
S214042B88726F746F636F6C2F7A69676265652F73EB
S214042B987461636B2F6672616D65776F726B2F61F4
S214042BA865732D6563622E63002F686F6D652F72DB
S214042BB8756E6E65722F776F726B2F747579612DCB
S214042BC87A69676265652D7377697463682F7475A7
S214042BD879612D7A69676265652D737769746368A8
S214042BE82F73696C6162735F746F6F6C732F73698C
S214042BF86D706C69636974795F73646B2F70726F38
S214042C08746F636F6C2F7A69676265652F73746176
S214042C18636B2F73656375726974792F7A69676253
S214042C2865652D73656375726974792D6D616E615A
S214042C386765722D6E6F2D7661756C742E6300450C
S214042C4872726F723A20204661696C656420746FEC
S214042C5820726561642066726F6D20454550524F38
S214042C684D2061742030782534582C207374617490
S214042C7875733A20256400454550524F4D20496ED9
S214042C88697469616C697A65643A20256300454508
S214042C9850524F4D20427573793A2025630050618F
S214042CA8727469616C20576F72642053746F726112
S214042CB8676520436F756E743A2025640041646422
S214042CC8726573733A2030782534582C2050617214
S214042CD87469616C20576F72643A203078255800FE
S214042CE8636F6E6669726D656400617373756D658E
S214042CF864000A454550524F4D20496E666F004E93
S214042D086F7420617661696C61626C6520286F6CEB
S214042D1864657220626F6F746C6F616465722900F3
S214042D2850617274204465736372697074696F6E57
S214042D383A202020202020202020202573004361CC
S214042D48706162696C69746965733A202020202072
S214042D58202020202020202020307825325800509B
S214042D686167652045726173652074696D652028FE
S214042D7873293A202020202020256400506172748C
S214042D882045726173652074696D65202873293A35
S214042D98202020202020256400506172742045726B
S214042DA86173652074696D6520286D73293A20203F
S214042DB820202020256400506167652073697A65A1
S214042DC820286279746573293A2020202020202040
S214042DD82020256C00506172742073697A65202857
S214042DE86279746573293A20202020202020202028
S214042DF8256C00576F72642073697A652028627997
S214042E08746573293A202020202020202020256459
S214042E18202825702900454550524F4D20696E6973
S214042E28743A2030782558002F686F6D652F7275B0
S214042E386E6E65722F776F726B2F747579612D7A43
S214042E4869676265652D7377697463682F74757925
S214042E58612D7A69676265652D7377697463682F6F
S214042E6873696C6162735F746F6F6C732F73696DCB
S214042E78706C69636974795F73646B2F7574696CB5
S214042E882F706C7567696E2F706C7567696E2D6325
S214042E986F6D6D6F6E2F656570726F6D2F656570DB
S214042EA8726F6D2E6300556E61626C6520746F20B8
S214042EB8626F6F7420696D61676520617420736C36
S214042EC86F7420256C640A00536C6F74204D616E11
S214042ED861676572206661696C656420746F206535
S214042EE87261736520736C6F740A004D6178207282
S214042EF8656164206C696D69742073657420746FE9
S214042F082025642062797465730A004164647265D6
S214042F187373202020202020202020204461746100
S214042F280A00307825346C78202020202020203091
S214042F387825780A004661696C656420746F207287
S214042F486561642066726F6D20666C6173680A003A
S214042F58536C6F7420256C640A202041646472657F
S214042F68737320202020203A20307825346C580AA1
S214042F7820204C656E6774682020202020203A2084
S214042F88307825346C582028256C6420627974655A
S214042F9873290A00202054797065202020202020D8
S214042FA820203A20004E6F2047424C2070726573EA
S214042FB8656E740A005A69674265650A0054687241
S214042FC86561640A00436F6E6E6563740A00426C3A
S214042FD87565746F6F74680A00426C7565746F6FF4
S214042FE87468206170706C69636174696F6E0A0036
S214042FF84D43550A004F7468657220283078256C4E
S21404300858290A00202056657273696F6E2020209E
S21404301820203A203078256C580A00202043617016
S2140430286162696C69746965733A20307825346C12
S214043038580A00202050726F64756374204944202F
S214043048203A2000307825582000536C6F74204DA1
S214043058616E616765723A206661696C656420749E
S2140430686F20696E697469616C697A6520626F6F2E
S214043078746C6F6164657220286572726F72203092
S21404308878253478290A0056657273696F6E20208D
S2140430982020203A2025640A0050617274202020DB
S2140430A820202020203A2025730A0043617061629C
S2140430B8696C69746965733A20307825780A005013
S2140430C86172742073697A652020203A202564206A
S2140430D8420A00506167652073697A652020203AA1
S2140430E820256420420A00576F72642073697A6543
S2140430F82020203A20256420420A00536C6F7473FB
S214043108202020202020203A2025640A00466169D1
S2140431186C656420746F20726561642066726F6DD6
S2140431282073746F7261676520666C617368202803
S2140431386572726F72202564290A00496E76616C7E
S214043148696420736C6F7420256420286D61782068
S214043158736C6F74202564290A004661696C65647B
S21404316820746F2067657420696E666F20666F72B8
S21404317820736C6F742025640A00536C6F74204D9A
S214043188616E616765723A20736C6F742077726932
S2140431987465206661696C7572652E204164647274
S2140431A8657373206F666673657420282564292002
S2140431B82B207772697465206C656E67746820289E
S2140431C82564292067726561746572207468616E67
S2140431D820746F74616C20736C6F74206C656E67F2
S2140431E8746820282564290A00536C6F74204D617E
S2140431F86E61676572207761726E696E673A2073CE
S2140432086C6F74202564206C656E677468202825A6
S2140432186429206E6F7420616C69676E6564207417
S2140432286F20706167652073697A6520282564298C
S2140432382E2054686520656E7469726520736C6FF9
S214043248742077696C6C206E6F74206265206572D2
S214043258617365642E0A00536C6F74204D616E6149
S2140432686765723A206661696C656420746F2065C8
S2140432787261736520256420627974657320696EAB
S21404328820736C6F742025642061742061646472F2
S21404329865737320307825347820286572726F72C7
S2140432A82030782578290A004572617365642025DC
S2140432B86420627974657320696E20736C6F742059
S2140432C825640A004661696C656420746F2073651A
S2140432D87420736C6F7420746F20626F6F74202868
S2140432E86572726F72203078253478290A00466130
S2140432F8696C656420746F20736574206C697374D4
S214043308206F6620736C6F747320746F20626F6FFF
S2140433187420286572726F72203078253478290AEA
S214043328004661696C656420746F20676574206E56
S2140433386577206C697374206F6620736C6F74737A
S21404334820746F20626F6F7420286572726F722003
S2140433583078253478290A00426567696E6E696E86
S2140433686720696D61676520766572696669636159
S21404337874696F6E2E2E2E002E6661696C65642144
S21404338820284572726F72203078253478290A000E
S2140433982E7061737365642120426F6F74696E675B
S2140433A820736C6F742025640A00666E692B0066A9
S2140433B86E69006E616E00666E692D006C696273D4
S2140433C8006273656E640072657365740072617773
S2140433D80073656E645F6D756C74696361737400FD
S2140433E873656E642D7573696E672D6D756C746977
S2140433F8636173742D62696E64696E670074696DBF
S2140434086573796E63006765742D7074692D7261CF
S21404341864696F2D636F6E66696700636F6E6669AD
S214043428672D6363612D6D6F6465006576656E74DC
S21404343873007365637572697479007A696762657F
S214043448655F7072696E7400706C7567696E006E7D
S2140434586574006B657973006F7074696F6E0070BD
S2140434686C7567006368616E67656B657900636889
S214043478616E67656B007A646F007072696E74209B
S21404348872656C6174656420636F6D6D616E6473D8
S2140434982E0061747472005A646F2072656C6174CD
S2140434A8656420636F6D6D616E64732E00726F754C
S2140434B8746500706F776572006D676D742D6C7136
S2140434C869006D676D742D62696E64006E6F64655D
S2140434D80073696D706C65006965656500756E6274
S2140434E8696E64006E776B2D757064006F75742D45
S2140434F8636C2D6C69737400696E2D636C2D6C692E
S2140435087374005A646F20696E2D636C2D6C69732E
S214043518742072656C6174656420636F6D6D616E8A
S21404352864732E005A646F206F75742D636C2D6C4B
S2140435386973742072656C6174656420636F6D6D5D
S214043548616E64732E005A646F206E776B2D7570E7
S214043558642072656C6174656420636F6D6D616E5A
S21404356864732E007363616E2D6368616E2D6D61DE
S214043578736B007363616E006368616E5067006303
S21404358868616E005A646F20756E62696E64207294
S214043598656C6174656420636F6D6D616E64732E0B
S2140435A800756E6963617374006368616E67656B42
S2140435B865792072656C6174656420636F6D6D61EE
S2140435C86E64732E006C696E6B004F7074696F6E50
S2140435D82072656C6174656420636F6D6D616E64DA
S2140435E8732E007265676973746572006469736321
S2140435F800696E7374616C6C2D636F646500626930
S2140436086E64696E672D7461626C65007072696EAB
S214043618742D72782D6D7367730061707372657498
S21404362872790041505320726574727920666C6111
S2140436386720666F72636520636F6D6D616E647371
S21404364800456E61626C65732F44697361626C65CC
S21404365873207072696E74696E67206F662052787C
S214043668206D657373616765732E00656E61626CA1
S214043678650042696E64696E67207461626C6520D1
S21404368872656C6174656420636F6D6D616E6473D6
S2140436982E005365637572697479206B6579732097
S2140436A872656C6174656420636F6D6D616E6473B6
S2140436B82E0064656C657465004E6574776F726B6E
S2140436C82072656C6174656420636F6D6D616E64E9
S2140436D8732E00666F726D0072656A6F696E2D646C
S2140436E86966662D6465766963652D747970650008
S2140436F865787470616E69640069736F70656E00CE
S21404370862726F61642D706A6F696E006368616EB9
S21404371867652D6368616E6E656C00696E69740012
S2140437286368616E67652D6B6565702D616C697677
S214043738652D6D6F64650074696D656F75742D6F9E
S2140437487074696F6E2D6D61736B006D756C74693A
S2140437582D7068792D7374617274006D756C746954
S2140437682D7068792D73746F700066696E64006EC8
S2140437786574776F726B2066696E6420636F6D6D0F
S214043788616E64732E006A6F696E61626C6500759B
S2140437986E7573656400736C6F742D6D616E616706
S2140437A8657200636F756E7465727300656E642D5A
S2140437B86465766963652D737570706F72740066D8
S2140437C8696E642D616E642D62696E64006672614A
S2140437D8676D656E746174696F6E0067726F757075
S2140437E8732D736572766572006E6574776F726B87
S2140437F82D7374656572696E67006F74612D626FE8
S2140438086F746C6F6164006F74612D636C69656EA8
S21404381874006F74612D73746F726167652D636FBE
S2140438286D6D6F6E006F74612D73746F726167656A
S2140438382D656570726F6D0069646C652D736C65B3
S2140438486570007570646174652D74632D6C696E9B
S2140438586B2D6B6579007570646174652D74632DC2
S2140438686C696E6B2D6B65792072656C6174656422
S21404387820636F6D6D616E64730074696D657200A4
S2140438886E6F7700436F6D6D616E647320746F207E
S214043898636F6E74726F6C2069646C696E672F73DD
S2140438A86C656570696E67206F6620746865206449
S2140438B8657669636500666F7263652D6177616B0B
S2140438C865006177616B652D7768656E2D6E6F741C
S2140438D82D6A6F696E6564007265706F7274696EBE
S2140438E8672072656C6174656420636F6D6D616EC4
S2140438F864732E00636C6561722D6C6173742D722B
S21404390865706F72742D74696D6500746573742DB3
S21404391874696D696E67006F74612D73746F726174
S21404392867652D656570726F6D2072656C61746568
S2140439386420636F6D6D616E64732E0077697065BD
S214043948006F74612D73746F726167652D636F6D94
S2140439586D6F6E2072656C6174656420636F6D6D3F
S214043968616E6473007072696E74496D616765731D
S2140439780072656C6F61640073746F726167652D9D
S214043988696E666F00646174612D7072696E740086
S2140439986F74612D636C69656E742072656C6174EE
S2140439A8656420636F6D6D616E64732E0076657250
S2140439B869667900626C6F636B2D74657374007046
S2140439C86167652D726571756573740075706772C5
S2140439D86164652D726571756573740064697361D5
S2140439E8626C652D646F776E6772616465730065D3
S2140439F86E61626C652D646F776E67726164657359
S214043A08006F74612D626F6F746C6F6164207265E9
S214043A186C6174656420636F6D6D616E6473006EAB
S214043A286574776F726B2D7374656572696E67203B
S214043A3872656C6174656420636F6D6D616E647322
S214043A482E007072652D636F6E666967757265649D
S214043A582D6B65792D736574006D61736B207265C3
S214043A686C6174656420636F6D6D616E642E00739B
S214043A78756274726163740067726F7570732D7300
S214043A8865727665722072656C6174656420636F0E
S214043A986D6D616E64732E00667261676D656E7413
S214043AA86174696F6E2072656C6174656420636FF7
S214043AB86D6D616E64732E007365742D72782D7740
S214043AC8696E646F772D73697A65006172746966C6
S214043AD8696369616C2D626C6F636B2D64726F70B9
S214043AE80046696E6420616E642062696E642072A2
S214043AF8656C6174656420636F6D6D616E64732EA6
S214043B0800696E69746961746F7200656E642D6409
S214043B1865766963652D737570706F727420726547
S214043B286C6174656420636F6D6D616E64732E00DA
S214043B38706F6C6C2D636F6D706C657465642D6343
S214043B48616C6C6261636B00666F7263652D736883
S214043B586F72742D706F6C6C00656E61626C655F55
S214043B687479706500737461636B00617070007AB1
S214043B78636C006C65676163795F61665F64656240
S214043B88756700636F756E746572732072656C6111
S214043B9874656420636F6D6D616E64732E00707255
S214043BA8696E742D636F756E7465722D747970659D
S214043BB80073696D706C652D7072696E740070722E
S214043BC8696E742D7468726573686F6C64730073B9
S214043BD865742D7468726573686F6C6400726573B7
S214043BE865742D7468726573686F6C6473007365A6
S214043BF86E642D726571756573740073656375728A
S214043C086974792072656C6174656420636F6D6D80
S214043C18616E6473007365742D616C6C6F772D74B4
S214043C28727573742D63656E7465722D72656A6F2A
S214043C38696E2D7573696E672D77656C6C2D6B6E62
S214043C486F776E2D6B6579007365742D616C6C6F78
S214043C58772D74727573742D63656E7465722D7220
S214043C68656A6F696E2D7573696E672D77656C6CFA
S214043C782D6B6E6F776E2D6B65792D74696D656F18
S214043C887574007365742D6B65792D726571756529
S214043C9873742D706F6C696379006D66672D746F25
S214043CA86B656E0061707300536563757269747929
S214043CB8206170732072656C6174656420636F6D2F
S214043CC86D616E64732E004765742F736574204D9A
S214043CD8464720746F6B656E2E00656E64706F6958
S214043CE86E742072656C6174656420636F6D6D61B3
S214043CF86E64732E00656570726F6D207574696CDA
S214043D086974792072656C6174656420636F6D6D7F
S214043D18616E647300536C6F74204D616E616765E1
S214043D28722072656C6174656420636F6D6D616E74
S214043D38647300626F6F742D736C6F7400657261C0
S214043D4873652D736C6F74006578742D666C617377
S214043D58682D696E666F00736C6F74732D696E6672
S214043D686F005072696E74732074696D652E005006
S214043D7872696E7473206174747269627574652EE0
S214043D8800436C6561727320746865205A444F203A
S214043D986C697374206F6620636C69656E7420287A
S214043DA8696E2920636C7573746572732E0041649A
S214043DB8647320636C75737465727320746F2074EF
S214043DC86865206B6E6F776E20636C69656E742009
S214043DD828696E2920636C757374657273206F6E18
S214043DE82074686973206465766963652E00436C7D
S214043DF86561727320746865205A444F206C697331
S214043E0874206F6620636C69656E7420286F7574F9
S214043E182920636C7573746572732E004164647329
S214043E2820636C75737465727320746F2074686588
S214043E38206B6E6F776E20636C69656E7420286FCE
S214043E4875742920636C757374657273206F6E209D
S214043E5874686973206465766963652E0053656EB5
S214043E68647320616E20757064617465206368618C
S214043E786E6E656C20726571756573742E00636862
S214043E88616E6E656C1F0053656E647320616E20E8
S214043E98757064617465206368616E6E656C207005
S214043EA8616765207265712E205468652073746195
S214043EB8636B2073656E6473206E776B20656E681B
S214043EC8616E6365642075706461746520726571DB
S214043ED820666F72206E6F6E2D7A65726F20706121
S214043EE867652E006368616E6E656C1F7061676532
S214043EF81F00506572666F726D7320616E20656E62
S214043F0865726779207363616E2E007461726765E3
S214043F18744E6F646549641F7363616E4475726199
S214043F2874696F6E1F7363616E436F756E741F00DA
S214043F3842726F61646361737473207468652049A0
S214043F4844206F6620746865206E6577206E6574F5
S214043F58776F726B206D616E6167657220616E643F
S214043F6820616374697665206368616E6E656C7338
S214043F782E006E776B4D676549641F6368616E6EC5
S214043F88656C4D61736B1F00506572666F726D7356
S214043F9820616E20656E65726779207363616E2092
S214043FA86F6E20676976656E206368616E6E656CF1
S214043FB8206D61736B2E007461726765744E6F644E
S214043FC86549641F7363616E4475726174696F6EC4
S214043FD81F7363616E436F756E741F6368616E6EDC
S214043FE8656C4D61736B1F0053656E6473206120A6
S214043FF86E6574776F726B20616464726573732080
S2140440087265717565737420666F722074686520AE
S214044018676976656E20494545452061646472651E
S21404402873732E00696565651F005265717565733F
S214044038747320616E204945454520616464726541
S2140440487373206261736564206F6E2061206769EC
S21404405876656E206E6F64652049442E006E6F6424
S2140440686549641F0053656E647320612073696D27
S214044078706C652064657363726970746F722072FD
S21404408865717565737420666F722074686520732D
S214044098686F7274206164647265737320616E64F9
S2140440A820656E64706F696E7420737065636966E4
S2140440B86965642E00646573741F74617267657439
S2140440C8456E64706F696E741F0053656E64732062
S2140440D861206D6174636844657363726970746F94
S2140440E872735265717565737420746F207468658D
S2140440F820676976656E2064657374696E61746991
S2140441086F6E2077697468207468652067697665B9
S2140441186E2070726F66696C652E006E6F646549F2
S214044128641F70726F66696C651F0053656E6473EE
S2140441382061206E6F6465206465736372697074A9
S2140441486F72207265717565737420746F206120B0
S214044158676976656E20746172676574206465762F
S2140441686963652E007461726765741F0053656E13
S21404417864732061205A444F2042696E6420636F3A
S2140441886D6D616E6420746F206120646576696362
S214044198652073706563696669656420696E207452
S2140441A8686520636F6D6D616E6420617267756DF6
S2140441B8656E74732E0044657374696E6174696FF2
S2140441C86E1F536F7572636520656E64706F696ED3
S2140441D8741F44657374696E6174696F6E20656EC6
S2140441E864706F696E741F636C7573746572494482
S2140441F81F72656D6F746545554936341F6465735B
S2140442087445554936341F0053656E647320616ED1
S2140442182061637469766520656E64706F696E7470
S214044228207265717565737420746F2074686520D0
S21404423864657669636520776974682074686520A0
S214044248676976656E2073686F72742049442E0019
S21404425853656E647320616E20756E62696E6420A1
S2140442687265717565737420666F72206120756E49
S21404427869636173742062696E64696E6720746F1B
S214044288207468652074617267657420646576694D
S21404429863652E007461726765741F736F75726345
S2140442A8652065756936341F736F75726365206596
S2140442B86E64706F696E741F636C75737465724987
S2140442C8441F64657374696E6174696F6E455549F5
S2140442D836341F64657374696E6174696F6E20651D
S2140442E86E64706F696E741F0053656E6473206124
S2140442F86E20756E62696E64207265717565737476
S21404430820666F722061206D756C746963617374BE
S2140443182062696E64696E6720746F20746865200D
S214044328746172676574206465766963652E0074C3
S21404433861726765741F736F757263652065756946
S21404434836341F736F7572636520656E64706F69A3
S2140443586E741F636C757374657249441F67726F55
S2140443687570416464726573731F0053656E647375
S2140443782061205A444F204D616E6167656D656EF5
S21404438874204C6561766520636F6D6D616E64207C
S214044398746F207468652074617267657420646538
S2140443A8766963652E007461726765741F72656D3D
S2140443B86F76654368696C6472656E1F72656A6FAA
S2140443C8696E1F0053656E64732061205A444F203B
S2140443D84D474D542D42696E64202842696E6469BF
S2140443E86E67205461626C65292052657175657321
S2140443F87420746F2074686520746172676574200D
S2140444086465766963652E007461726765741F73E4
S21404441874617274496E6465781F0053656E6473BC
S2140444282061205A444F204D474D542D4C51492065
S214044438284C5149205461626C652920526571756F
S21404444865737420746F2074686520746172676578
S21404445874206465766963652E0053656E647320FC
S21404446861205A444F20506F776572204465736301
S214044478726970746F7220526571756573742074EE
S2140444886F20746865207461726765742064657645
S2140444986963652E0053656E64732061205A444F21
S2140444A820726F7574652072657175657374206300
S2140444B86F6D6D616E6420746F2074686520746116
S2140444C8726765742E007461726765741F696E641A
S2140444D865781F00696E6465781F65756936341FCC
S2140444E8696E7374616C6C436F64651F00696E64EF
S2140444F865781F65756936341F6B65791F005443E4
S214044508206C696E6B206B657920726571756573AE
S2140445187420706F6C6963791F417070206C696EC3
S2140445286B206B6579207265717565737420706F7E
S2140445386C6963791F00426F6F6C3A20616C6C6F0C
S214044548772074727573742063656E74657220724E
S214044558656A6F696E207573696E672077656C6C1B
S2140445682D6B6E6F776E206B65791F0070726F66A1
S214044578696C6549641F636C757374657249641F56
S2140445880074617267657449641F00456E61626CE5
S2140445986573207072696E74696E67206F66205240
S2140445A878206D657373616765732E00536574733D
S2140445B8207468652062696E64696E672074616237
S2140445C86C6500696E6465781F636C7573746572D0
S2140445D81F6C6F63616C45701F72656D6F746545FB
S2140445E8701F65756936341F00436C6561727320E5
S2140445F87468652062696E64696E67207461626CAB
S214044608652E005072696E7473207468652062693A
S2140446186E64696E67207461626C6520746F2074BA
S214044628686520636F6D6D616E64206C696E652EB7
S21404463800436C6561727320616C6C2073656375E6
S21404464872697479206B6579732E0044656C657499
S2140446586520746865207370656369666965642097
S2140446686C696E6B206B657920696E6465782E00BC
S2140446785072696E747320616C6C2073656375720E
S214044688697479206B6579732E005465726D696E4A
S2140446986174657320746865206D756C74692D5033
S2140446A8485920696E74657266616365005573655A
S2140446B86420746F207374617274206D756C7469E9
S2140446C82D50485920696E74657266616365206F5B
S2140446D874686572207468616E206E6174697665A4
S2140446E820616E6420666F726D20746865206E653E
S2140446F874776F726B2E2054686520737461636BCD
S21404470820757365732073616D652050616E496406
S214044718206173206E617469766520726164696FBE
S214044728206E6574776F726B2E00706167651F6301
S21404473868616E6E656C1F706F7765721F6F707434
S214044748696F6E734D61736B20284269742030203C
S2140447583D20526F757465727320616C6C6F776553
S214044768642C204269742031203D2042726F6164B3
S2140447786361737420616C6C6F776564291F0041EC
S2140447887474656D70747320746F206368616E67E3
S2140447986520746865206368696C642074696D654F
S2140447A86F7574206F7074696F6E206D61736B20FB
S2140447B8746F2066696C746572206F757420756EE4
S2140447C8646573697261626C652076616C7565737D
S2140447D82028652E672E206E6F206D6F72652074F4
S2140447E868616E20332064617973292E0074696DBC
S2140447F8656F7574206F7074696F6E206D61736B66
S2140448081F005377697463686573206265747765F7
S214044818656E20646966666572656E74206B656588
S2140448287020616C697665206D6F64657320737596
S21404483870706F72746564206279206120726F7577
S2140448487465722E004B65657020616C6976652008
S2140448586D6F64651F005072696E747320746865A2
S2140448682063757272656E74204E6F6465204944C1
S2140448782C2045554936342C20616E642050616ED0
S2140448882049442E00496E697469616C697A6573B7
S2140448982061206E6574776F726B3B207468697349
S2140448A82069732061207465737420636F6D6D616D
S2140448B86E64207573656420666F722074632D7346
S2140448C87761702D6F75742074657374696E672EBE
S2140448D8005365747320746865206E6574776F7208
S2140448E86B20696E64657820757365642062792028
S2140448F8616C6C2066757475726520434C49206338
S2140449086F6D6D616E64732E20204265666F7265E6
S21404491820657865637574696E67206120434C4921
S21404492820636F6D6D616E642C20746865206672F2
S214044938616D65776F726B207377697463686573E6
S21404494820746F2074686973206E6574776F726B51
S2140449582E202041667465722074686520636F6D26
S2140449686D616E642066696E697368657320657820
S21404497865637574696E672C207468652066726151
S2140449886D65776F726B20737769746368657320D7
S2140449986261636B20746F20746865207072657634
S2140449A8696F7573206E6574776F726B2E2020544A
S2140449B8686520434C4920757365732074686520C0
S2140449C873616D65206E6574776F726B20696E64AB
S2140449D8657820756E74696C2074686520646576DD
S2140449E869636520726573657473206F72206974D1
S2140449F8206973206368616E676564207468726FE3
S214044A08756768207468697320636F6D6D616E647A
S214044A182E00417474656D70747320746F20636817
S214044A28616E676520646576696365206F7665726E
S214044A3820746F206120646966666572656E7420EA
S214044A486368616E6E656C20676976656E20696E4C
S214044A5820746865206368616E6E656C2061726791
S214044A68756D656E742E00546865206368616E6E95
S214044A78656C20746F206368616E676520746F1FA9
S214044A880066696E64556E7573656450616E496434
S214044A980066696E644A6F696E61626C654E657419
S214044AA8776F726B005065726D697473206A6F69EC
S214044AB86E696E67206F6E20746865206E657477FD
S214044AC86F726B20666F72206120676976656E2048
S214044AD86E756D626572206F66207365636F6E64AB
S214044AE87320414E442062726F6164636173747309
S214044AF82061205A444F204D676D74205065726DAE
S214044B086974204A6F696E696E6720726571756587
S214044B18737420746F20616C6C20726F7574657280
S214044B28732E00412073696E676C6520627974651C
S214044B3820696E6469636174696E6720686F77209C
S214044B486C6F6E6720746865206465766963652093
S214044B5873686F756C642068617665207065726D1D
S214044B686974206A6F696E696E67207475726E65FB
S214044B7864206F6E20666F722E20412076616C75F5
S214044B8865206F662030786666207475726E7320AA
S214044B986F6E207065726D6974206A6F696E20691D
S214044BA86E646566696E6974656C792E1F00436861
S214044BB865636B73206E6574776F726B20706A6FAB
S214044BC8696E207374617475732E00577269746500
S214044BD8732074686520657874656E6465642070EF
S214044BE8616E20494420666F722074686520646587
S214044BF8766963652E0065787470616E69641F0053
S214044C0852656A6F696E7320616E2065786973747D
S214044C18696E67206E6574776F726B20696E2061A3
S214044C2820736563757265206F7220696E73656399
S214044C38757265206D616E6E65722077697468207A
S214044C486120646966666572656E74206465766953
S214044C58636520747970652E00426F6F6C65616EAB
S214044C68206E6574776F726B206B65792061766148
S214044C78696C6162696C6974791F4368616E6E65F4
S214044C886C206D61736B1F416E20656E756D657261
S214044C986174696F6E20696E6469636174696E67AE
S214044CA82074686520646576696365207479706520
S214044CB820746F2072656A6F696E2061732E54685B
S214044CC86520737461636B206F6E6C79206163630F
S214044CD86570747320534C5F5A49474245455F458F
S214044CE84E445F44455649434520616E6420534C00
S214044CF85F5A49474245455F534C454550595F45B9
S214044D084E445F4445564943452E1F0052654A6F34
S214044D18696E732061206E6574776F726B2E00421D
S214044D286F6F6C65616E206E6574776F726B206B3F
S214044D38657920617661696C6162696C6974791F4A
S214044D484368616E6E656C206D61736B1F004C65FD
S214044D58617665732061206E6574776F726B2E00BA
S214044D685475726E73207065726D6974206A6F6903
S214044D786E696E67206F6E20666F72207468652091
S214044D88616D6F756E74206F662074696D65206931
S214044D986E646963617465642E00412073696E6786
S214044DA86C65206279746520696E646963617469E8
S214044DB86E6720686F77206C6F6E6720746865204E
S214044DC86465766963652073686F756C64206861CA
S214044DD87665207065726D6974206A6F696E696E8F
S214044DE867207475726E206F6E20666F722E20416F
S214044DF82076616C7565206F662030786666207448
S214044E0875726E73207065726D6974206A6F696E48
S214044E1820696E646566696E6974656C792E1F0010
S214044E284A6F696E732061206E6574776F726B20A3
S214044E386F6E206120676976656E206368616E6EA2
S214044E48656C2C2077697468206120676976656EBE
S214044E5820545820506F77657220616E6420504144
S214044E684E2049442E00546865206368616E6E655A
S214044E786C206F6E20776869636820746F206A6F89
S214044E88696E20746865206E6574776F726B1F4F41
S214044E986E652D62797465207369676E656420761D
S214044EA8616C756520696E6469636174696E6720F0
S214044EB874686520545820506F776572207468614A
S214044EC8742074686520726164696F2073686F75EE
S214044ED86C642062652073657420746F1F5468655B
S214044EE82050414E204944206F6E207768696368D5
S214044EF820746F206A6F696E20746865206E657406
S214044F08776F726B1F00466F726D732061206E6533
S214044F1874776F726B206F6E206120676976656E92
S214044F28206368616E6E656C2C20776974682061EE
S214044F3820676976656E20545820506F776572200E
S214044F48616E642050414E2049442E005468652002
S214044F586368616E6E656C206F6E20776869636837
S214044F6820746F20666F726D20746865206E657491
S214044F78776F726B1F4F6E652D627974652073693F
S214044F88676E65642076616C756520696E6469630E
S214044F986174696E672074686520545820506F776A
S214044FA86572207468617420746865207261646927
S214044FB86F2073686F756C6420626520736574204F
S214044FC8746F1F5468652050414E204944206F6E04
S214044FD820776869636820746F20666F726D207422
S214044FE86865206E6574776F726B1F005468697302
S214044FF820696E6974696174657320612054434C32
S2140450084B207570646174652070726F636564758F
S21404501872652E0053706563696679207468652026
S214045028616D6F756E74206F662074696D65207483
S2140450386F2077616974206166746572206F6E6587
S2140450482054434C4B20757064617465206F7065FA
S214045058726174696F6E20636F6D706C65746573C6
S214045068206265666F726520626567696E6E696E32
S214045078672061206E65772054434C4B2075706416
S214045088617465206F7065726174696F6E2E005462
S214045098686520616D6F756E74206F662074696D1F
S2140450A865206265747765656E20737562736571CD
S2140450B875656E742074727573742063656E746592
S2140450C872206C696E6B206B6579207570646174E8
S2140450D8657320696E206D696C6C697365636F6EA1
S2140450E864731F00536574206F7220636C65617265
S2140450F82073746179206177616B65207768656EC3
S214045108206E6F74206A6F696E6564005365742038
S2140451186F7220636C65617220666F7263652061C6
S21404512877616B6500446973706C6179207468658F
S21404513820736C6565702073746174757300464FCC
S214045148522054455354494E4720505552504F53B5
S2140451584553202D206761746865722074696D69EB
S2140451686E67206D65747269637320666F72207249
S21404517865706F7274696E67207461626C65206FFF
S2140451887065726174696F6E732E00436C65617224
S2140451987320746865206C617374207265706F720E
S2140451A8742074696D65206F662061747472696210
S2140451B8757465732E00416464732061206E657788
S2140451C820656E74727920746F2074686520726521
S2140451D8706F7274207461626C652E005468652062
S2140451E86C6F63616C20656E64706F696E7420669C
S2140451F8726F6D20776869636820746865206174C7
S21404520874726962757465206973207265706F724A
S2140452187465641F54686520636C757374657220BE
S214045228776865726520746865206174747269624B
S214045238757465206973206C6F63617465641F54A4
S2140452486865204944206F66207468652061747414
S214045258726962757465206265696E672072657026
S2140452686F727465641F3020666F7220636C69659C
S2140452786E742D73696465206174747269627574DA
S2140452886573206F72203120666F7220736572769C
S21404529865722D73696465206174747269627574C5
S2140452A865731F546865206D696E696D756D207227
S2140452B865706F7274696E6720696E74657276615C
S2140452C86C2C206D6561737572656420696E207335
S2140452D865636F6E64732E1F546865206D61786904
S2140452E86D756D207265706F7274696E6720696E6D
S2140452F874657276616C2C206D656173757265646D
S21404530820696E207365636F6E64732E1F54686518
S214045318206D696E696D756D206368616E676520BA
S214045328746F207468652061747472696275746534
S21404533820746861742077696C6C20726573756C68
S2140453487420696E2061207265706F7274206265BD
S214045358696E672073656E742E1F0052656D6F76CE
S214045368657320616E20656E7472792066726F6D3F
S21404537820746865207265706F7274207461626C3C
S214045388652E0054686520696E646578206F66200B
S214045398746865207265706F727420746F20626515
S2140453A82072656D6F7665641F00436C6561727361
S2140453B820616C6C20656E74726965732066726F02
S2140453C86D20746865207265706F727420746162EB
S2140453D86C652E005072696E74732074686520724A
S2140453E865706F7274207461626C652E00576970FC
S2140453F8657320616C6C206461746120696E207426
S21404540868652073746F726167652064657669637E
S214045418652E005072696E747320617262697472C4
S214045428617279206279746573206F662074686582
S214045438204F544120696D616765206F6E2064694A
S214045448736B2E0054686520696E646578206F66F1
S2140454582074686520696D61676520746F207072B2
S214045468696E742069747320646174611F54686576
S214045478206F666673657420696E746F2074686539
S214045488204F544120696D616765207468617420F3
S21404549877696C6C206265207072696E7465641F27
S2140454A8005072696E747320696E666F726D6174EB
S2140454B8696F6E2061626F757420746865207374F2
S2140454C86F72616765206465766963652E00526548
S2140454D86C6F6164207468652073746F72616765A5
S2140454E8206465766963652E0044656C6574657327
S2140454F82074686520696D61676520617420746826
S214045508652073706563696669656420696E646599
S214045518782E0054686520696E6465782061742066
S214045528776869636820746F20626567696E2064AB
S214045538656C6574696E672074686520696D616753
S214045548651F005072696E74732074686520696DEF
S214045558616765732E00456E61626C6573204F54EF
S2140455684120646F776E6772616465732E004469C0
S2140455787361626C6573204F544120646F776E675D
S21404558872616465732E0053656E647320616E20C1
S21404559855706772616465456E64526571756573A6
S2140455A87420746F20616E204F54412073657276A0
S2140455B865722E0043616E206265207573656420EB
S2140455C8746F2064796E616D6963616C6C7920749C
S2140455D875726E206F66662073656E64696E6720E2
S2140455E870616765207265717565737473206F6E74
S2140455F82074686520636C69656E742073696465D5
S2140456082C20696620746865207365727665722036
S214045618646F65736E277420737570706F72742068
S2140456287468697320666561747572652E00426FC6
S2140456386F6C65616E2076616C7565207475726E24
S214045648696E67206F6E20283129206F72206F6676
S2140456586620283029207468652070616765207282
S21404566865717565737420666C61671F0053656E93
S214045678647320616E20696D61676520626C6F6370
S2140456886B207265717565737420666F722061206D
S21404569866696C6520746865207365727665722021
S2140456A873686F756C64206E6F7420686176652EF7
S2140456B8202054657374206861726E657373206F56
S2140456C86E6C792028746573742063617365203959
S2140456D82E352E36202D204D697373696E67204645
S2140456E8696C6529005072696E747320696E666FFA
S2140456F8726D6174696F6E206F6E207468652063BE
S214045708757272656E74207374617465206F662092
S214045718746865204F544120636C69656E74206410
S2140457286F776E6C6F61642E0053746F7073207499
S2140457386865204F5441207374617465206D6163F5
S21404574868696E652E005374617274732074686594
S214045758204F544120636C69656E742073746174B9
S21404576865206D616368696E652E205468652073CC
S21404577874617465206D616368696E652064697315
S214045788636F7665727320746865204F544120737E
S21404579865727665722C2071756572696573206604
S2140457A86F72206E657720696D616765732C206457
S2140457B86F776E6C6F6164732074686520696D61B9
S2140457C867657320616E6420776169747320666FF9
S2140457D872207468652073657276657220636F6DCF
S2140457E86D616E6420746F20757067726164652ECF
S2140457F8005072696E747320746865206D616E75E6
S21404580866616374757265722049442C20496D611B
S214045818676520547970652049442C20616E64209D
S21404582856657273696F6E20696E666F726D617401
S214045838696F6E207468617420617265207573657B
S21404584864207768656E2061207175657279206EAC
S21404585865787420696D6167652069732073656E61
S2140458687420746F20746865207365727665722078
S21404587862792074686520636C69656E742E0050BE
S2140458886572666F726D73207369676E617475727C
S2140458986520766572696669636174696F6E206FE0
S2140458A86E2074686520696D61676520617420746C
S2140458B868652073706563696669656420696E64E3
S2140458C865782E0054686520696E6465782061746E
S2140458D820776869636820746F20626567696E203C
S2140458E8766572696669636174696F6E206F66208F
S2140458F874686520696D6167651F00426F6F746C14
S2140459086F6164732074686520696D6167652061DA
S21404591874207468652073706563696669656420B5
S214045928696E6465782062792063616C6C696E6759
S21404593820746865204F544120626F6F746C6F61E1
S214045948642063616C6C6261636B2E005468652026
S214045958696E646578206174207768696368207462
S2140459686F20626567696E20626F6F746C6F61641E
S214045978696E672074686520696D6167651F0050E5
S21404598872696E747320696E666F2061626F7574CF
S2140459982074686520696E7374616C6C6564206233
S2140459A86F6F746C6F616465722E005375627472DF
S2140459B8616374732061206368616E6E656C20662B
S2140459C8726F6D20656974686572207468652070E6
S2140459D872696D617279206F72207365636F6E6485
S2140459E8617279206368616E6E656C206D61736B95
S2140459F8206F6620746865206E6574776F726B2DE9
S214045A087374656572696E6720636F6D706F6E6513
S214045A186E742E00546865206368616E6E656C202B
S214045A286D61736B20746F2073756274726163742E
S214045A3820746865206368616E6E656C2066726F94
S214045A486D1F546865206368616E6E656C20746F9C
S214045A5820737562747261637420746865206D615E
S214045A68736B2066726F6D1F004164647320612037
S214045A786368616E6E656C20746F2065697468650A
S214045A887220746865207072696D617279206F720D
S214045A98207365636F6E64617279206368616E6EE5
S214045AA8656C206D61736B206F6620746865206E64
S214045AB86574776F726B2D7374656572696E67208B
S214045AC8636F6D706F6E656E742E00546865206320
S214045AD868616E6E656C206D61736B20746F2061EF
S214045AE864642061206368616E6E656C20746F1F41
S214045AF8546865206368616E6E656C20746F2061F7
S214045B08646420746F20746865206D61736B1F006D
S214045B1853657473206569746865722074686520B3
S214045B287072696D617279206F72207365636F6E27
S214045B3864617279206368616E6E656C206D61734A
S214045B486B2E00546865206368616E6E656C206D04
S214045B5861736B20746F207375627472616374204A
S214045B68746865206368616E6E656C2066726F6D16
S214045B781F5468652076616C756520746F2073659C
S214045B887420746865206368616E6E656C206D6148
S214045B98736B20746F2E1F005365747320746865C6
S214045BA8207072652D636F6E66696775726564200A
S214045BB86B657920736F2074686174207468652037
S214045BC86A6F696E696E67206465766963652063C3
S214045BD8616E20656E74657220746865206E6574DF
S214045BE8776F726B2E005365747320746865207023
S214045BF87265636F6E66696775726564206B65792E
S214045C081F0053746F707320746865206E6574770C
S214045C186F726B207374656572696E672070726F35
S214045C28636573732E0053746172747320746865A5
S214045C38206E6574776F726B207374656572696E0F
S214045C48672070726F636573732E0041206D6173ED
S214045C586B206F66206F7074696F6E7320666F7240
S214045C6820696E6469636174696E6720737065631E
S214045C7869666963206265686176696F7220776908
S214045C887468696E20746865206E6574776F726BC5
S214045C982D7374656572696E672070726F636573B9
S214045CA8732E1F00446973706C6179732074686579
S214045CB82063757272656E742073746174757320CC
S214045CC86F6620746865206E6574776F726B2073D0
S214045CD874656572696E672070726F636573732E78
S214045CE800436C65617273207468652067726F750B
S214045CF87073207461626C65206F6E2065766572B9
S214045D087920656E64706F696E74005072696E747B
S214045D187320696E666F726D6174696F6E20616256
S214045D286F75742074686520636F6E74656E74731B
S214045D38206F66207468652067726F7570732074A8
S214045D4861626C652E004172746966696369616C88
S214045D586C792064726F70732074686520626C6F47
S214045D68636B206E756D62657220646566696E6520
S214045D786420627920746865207061737365642092
S214045D88617267756D656E74206F6E6C79206F6EC0
S214045D9863652C20616E64207468656E20616C6C83
S214045DA86F77732069742075706F6E206120726532
S214045DB87472792E0054686520626C6F636B206E6B
S214045DC8756D62657220746F2061727469666963A2
S214045DD869616C6C792064726F7020746F20666FCA
S214045DE87263652061207265747279202D2073654C
S214045DF87420746F203078464620746F2064697364
S214045E0861626C651F00536574732074686520723C
S214045E186563656976652077696E646F772073694C
S214045E287A652E2020427920646566696E697469ED
S214045E386F6E20696E2074686520536D61727420D5
S214045E48456E657267792070726F66696C6520693D
S214045E5874206D7573742062652073657420746F7E
S214045E68203120627574207468697320616C6C6FC5
S214045E78777320697420746F206265206368616E86
S214045E886765642E00546865206D6178206E756DAC
S214045E98626572206F662074686520626C6F636B37
S214045EA873207265636569766564206265666F72D9
S214045EB86520616E204150532061636B206973200E
S214045EC867656E6572617465641F004D616B657302
S214045ED82074686973206E6F6465207374617274C5
S214045EE8206964656E74696679696E6720617320D3
S214045EF8612074617267657420666F722062696EC9
S214045F0864696E67207769746820616E20696E69B3
S214045F18746961746F72206E6F64652E00546865C8
S214045F2820656E64706F696E74206F6E207768697A
S214045F38636820746F20626567696E2074686520DC
S214045F4846696E64696E6720616E642042696E6491
S214045F58696E67207461726765742070726F636512
S214045F6873731F004D616B65732074686973206EC4
S214045F786F64652073746172742074686520696E32
S214045F8869746961746F722070617274206F662018
S214045F987468652066696E64696E6720616E64203D
S214045FA862696E64696E672070726F636573732EB8
S214045FB80054686520656E64706F696E74206F6E31
S214045FC820776869636820746F20626567696E2045
S214045FD87468652046696E64696E6720616E64201D
S214045FE842696E64696E6720696E69746961746F64
S214045FF8722070726F636573731F00536574732021
S214046008776865746865722074686520434C49200F
S214046018666F726365732074686520646576696361
S2140460286520746F2073686F727420706F6C6C2EA2
S214046038005468652076616C756520696E646963CA
S2140460486174696E67207768657468657220746819
S21404605865206465766963652073686F756C64206B
S21404606873686F727420706F6C6C1F00536574735A
S2140460782077686574686572207468652064657638
S2140460886963657320706F6C6C20636F6D706C65E4
S2140460987465642063616C6C6261636B2066756EFC
S2140460A86374696F6E20697320656E61626C6564DB
S2140460B82E005468652076616C756520696E64697F
S2140460C8636174696E67207768657468657220749E
S2140460D86865206465766963657320706F6C6C20E8
S2140460E8636F6D706C657465642063616C6C626163
S2140460F8636B2066756E6374696F6E2069732065BA
S2140461086E61626C65641F00446973706C617973B0
S2140461182074686520737461747573206F662074C0
S214046128686520456E6420446576696365732070E7
S2140461386F6C6C696E672E00456E61626C652F64C1
S214046148697361626C6520646562756720606C6556
S2140461586761637920617070206672616D65776F18
S214046168726B20646562756760207072696E74204D
S214046178747970652E00456E61626C652F64697368
S21404618861626C651F00456E61626C652F64697395
S21404619861626C6520646562756720607A636C600A
S2140461A8207072696E7420747970652E00456E616D
S2140461B8626C652F64697361626C652064656275D8
S2140461C867206061707060207072696E74207479DC
S2140461D870652E00456E61626C652F646973616232
S2140461E86C652064656275672060636F72656020FD
S2140461F87072696E7420747970652E00456E6162DB
S2140462086C652F64697361626C6520646562756782
S2140462182060737461636B60207072696E74207496
S2140462287970652E0053656E6473206120726571FB
S2140462387565737420666F72204F544120636F75BA
S2140462486E746572732E0052657365747320616C80
S2140462586C207468726573686F6C64732076616CFE
S21404626875657320746F203078464646462E00536C
S2140462786574732061207468726573686F6C642033
S21404628876616C756520666F722061207061727421
S2140462986963756C61722074797065206F66206313
S2140462A86F756E7465722E0054797065206F66205B
S2140462B8636F756E7465721F5468726573686F6C65
S2140462C8642056616C75651F005072696E7473207D
S2140462D8746865207468726573686F6C6473206F7D
S2140462E86620616C6C2074686520636F756E7465CF
S2140462F872732E00436C6561727320616C6C206344
S2140463086F756E7465722076616C7565732E0050B1
S21404631872696E747320616C6C20636F756E746535
S214046328722076616C7565732E005072696E74738C
S214046338207468652076616C7565206F66207468BD
S214046348697320706172746963756C617220636F17
S214046358756E7465722E0054686520636F756E7466
S2140463686572207479706520746F207072696E7413
S2140463781F005072696E747320616C6C20636F75AD
S2140463886E7465722076616C75657320616E642020
S214046398636C65617273207468656D2E005365744A
S2140463A8204D464720746F6B656E2C2043414E4E35
S2140463B84F5420424520554E5345542042592043B5
S2140463C84C492E005072696E74204D464720746FEF
S2140463D86B656E2E005072696E74206163746976FC
S2140463E865206576656E74732E0044697361626C05
S2140463F8652074686520656E64706F696E742066BF
S2140464086F72205A434C206D657373616765732EEB
S21404641800456E64706F696E7420696E6465781FD3
S21404642800456E61626C65732074686520656E64E9
S214046438706F696E7420666F72205A434C206D65BF
S2140464487373616765732E005072696E7420737473
S21404645861747573206F6620656E64706F696E74F8
S214046468732E0053686F7773207468652076657298
S21404647873696F6E206F662074686520736F667420
S214046488776172652E005365742074686520636F9F
S2140464986E66696775726564203830322E31352E1B
S2140464A83420434341206D6F646520696E20746808
S2140464B86520726164696F2E2053656520646F6376
S2140464C8756D656E746174696F6E20726567617246
S2140464D864696E67205241494C5F494545453830E2
S2140464E8323135345F4363614D6F64655F742E00E3
S2140464F841205241494C5F4945454538303231358B
S214046508345F4363614D6F64655F742076616C75B0
S214046518651F0052657475726E7320505449207254
S2140465286164696F20636F6E66696720696E666F5B
S214046538726D6174696F6E20746F20646574657219
S2140465486D696E65207468652050485920747970A2
S21404655865206265696E67207573656420627920B4
S2140465685241494C2E2072657475726E2076616CA1
S214046578756520697320656E756D205241494C5FB8
S214046588494545453830323135345F50746952616F
S21404659864696F436F6E6669675F7420652E67204B
S2140465A8205241494C5F49454545383032313534E7
S2140465B85F5054495F524144494F5F434F4E4649E2
S2140465C8475F32503447485A203D2030783030559B
S2140465D8205241494C5F49454545383032313534B7
S2140465E85F5054495F524144494F5F434F4E4649B2
S2140465F8475F32503447485A5F414E544449562000
S2140466083D203078303155205241494C5F49454544
S214046618453830323135345F5054495F5241444925
S2140466284F5F434F4E4649475F32503447485A5F98
S214046638434F4558203D2030783032552052414942
S2140466484C5F494545453830323135345F505449F6
S2140466585F524144494F5F434F4E4649475F325065
S2140466683447485A5F414E544449565F434F455849
S214046678203D2030783033550053656E64732061AE
S2140466882072656164206174747220666F72207467
S21404669868652074696D65206F6620746865206473
S2140466A86576696365207370656369666965642ED3
S2140466B82049742073657473206120666C616720B2
S2140466C8736F207768656E20697420676574732015
S2140466D874686520726573706F6E736520697420BC
S2140466E8777269746573207468652074696D6520AB
S2140466F8746F20697473206F776E2074696D6520D3
S214046708617474722E0049641F737263456E6470F4
S2140467186F696E741F64657374456E64706F696E12
S214046728741F005768656E2073656E64696E67200B
S2140467387573696E6720612062696E64696E672C7A
S214046748207370656369666965732077686574681D
S21404675865722061206D756C746963617374206258
S214046768696E64696E672073686F756C6420626509
S21404677820757365642E007573654D756C7469634E
S21404678861737442696E64696E671F0053656E644C
S214046798732061207072652D62756666657265641D
S2140467A8206D756C746963617374206D65737361A9
S2140467B8676520746F206120676976656E20677246
S2140467C86F75702049442066726F6D206120676972
S2140467D876656E20656E64706F696E742E006772D7
S2140467E86F757049641F7372632D656E64706F6984
S2140467F86E741F00437265617465732061206D654D
S2140468087373616765206279207370656369667956
S214046818696E67207468652072617720627974658A
S214046828732E20557365207468652073656E64201E
S214046838636F6D6D616E6420746F2073656E64207B
S214046848746865206D657373616765206F6E63652C
S21404685820697420686173206265656E20637265BA
S214046868617465642E2045783A2072617720307802
S21404687830303046207B30302030412030302031D4
S214046888312032322033332034342035357D20739A
S214046898656E64732061206D657373616765207423
S2140468A86F20636C757374657220313520283078D0
S2140468B83030304629206F66206C656E6774682011
S2140468C83820776869636820696E636C75646573D5
S2140468D820746865205A434C206865616465722E86
S2140468E800436C757374657249641F446174611F50
S2140468F80052657365747320746865206E6F6465EA
S2140469082E005772697465732061206D6573736110
S21404691867652E00456E64706F696E741F436C75E8
S214046928737465722049441F41747472696275747D
S214046938652049441F4D61736B1F4461746120745C
S2140469487970651F4461746120627974651F00520A
S214046958656164732061206D6573736167652E00D5
S214046968456E64706F696E741F436C7573746572D4
S2140469782049441F417474726962757465204944D9
S2140469881F312069662073657276657220646972A1
S214046998656374696F6E2C203020696620636C69A1
S2140469A8656E7420646972656374696F6E1F00533C
S2140469B8656E64732061206D6573736167652E0068
S2140469C844657374696E6174696F6E1F536F75726C
S2140469D8636520656E64706F696E741F44657374AE
S2140469E8696E6174696F6E20656E64706F696E7423
S2140469F81F00536F7572636520656E64706F696EE9
S214046A08741F004C69737473207768696368206F11
S214046A187074696F6E616C206C6962726172696504
S214046A2873206F662074686520737461636B2061D5
S214046A38726520696D706C656D656E746564206F2B
S214046A486E2074686973206465766963652E0050E1
S214046A5872696E747320696E666F726D6174696F9D
S214046A686E2061626F757420746865206E6574772D
S214046A786F726B2073746174652C20636C75737401
S214046A886572732C20616E6420656E64706F696E1F
S214046A9874732E006F66667365741F005072696E91
S214046AA8747320696E666F726D6174696F6E2066A2
S214046AB86F7220616C6C20617661696C61626C65CA
S214046AC820736C6F74732E00526561647320726150
S214046AD87720646174612066726F6D20666C6173DA
S214046AE8682073746F726167652E0041646472650A
S214046AF8737320746F20726561641F4E756D6265CA
S214046B0872206F6620627974657320746F207265CC
S214046B1861641F005072696E747320666C617368D2
S214046B282073746F7261676520696E666F726D6133
S214046B3874696F6E2E004572617365732074686598
S214046B482073706563696669656420736C6F742066
S214046B5849442E0053746F7261676520736C6F74B2
S214046B68206E756D6265721F00426F6F74732074B1
S214046B78686520696D61676520696E20746865209C
S214046B8873706563696669656420736C6F742049FD
S214046B98442E00434C4920696E7374616E63652005
S214046BA86578616D706C650064756D6D795F696E86
S214046BB87374005A434C20636F6D6D616E64730082
S214046BC8626173696300676C6F62616C006D666707
S214046BD82D636F6465007573652D6E6578742D7303
S214046BE8657175656E636500782D64656661756C98
S214046BF8742D7265737000746573742D7265737082
S214046C086F6E73652D6F6E00746573742D7265737D
S214046C18706F6E73652D6F6666005A434C2062610A
S214046C2873696320636C757374657220636F6D6D26
S214046C38616E6473007274666400436F6D6D616E92
S214046C486420746861742072657365747320616C5B
S214046C586C206174747269627574652076616C75EB
S214046C68657320746F20666163746F727920646537
S214046C786661756C742E005241494C006C6F7765DA
S214046C88722D6D61632D7261696C2D3830322E3128
S214046C98352E342E63006C69627261696C2E61004D
S214046CA8756E636C61696D656400627566666572A7
S214046CB82D6D616E6167656D656E742E630065760D
S214046CC8656E742D71756575652E63007A696762DD
S214046CD865652D75707065722D6D61632E63006E23
S214046CE865696768626F722E63006173736F6369A0
S214046CF86174696F6E2E6300313832317300313433
S214046D0832323100313231003273003132323131AD
S214046D183200313232313100323831003831310004
S214046D283138323131003132313131323132323266
S214046D38317300313232003132313132323100317E
S214046D4831313100323238006D61632D6D756C74E3
S214046D58692D6E6574776F726B2E63006C65676158
S214046D6863792D7061636B65742D627566666572EA
S214046D782E6300000000020000000000000000006F
S214046D88BA04000000000000000002000000000032
S214046D9800000000BA04000000000000000102031E
S214046DA80E312E312E322D64333839653539340098
S214046DB801000002030301000600000000020300AD
S214046DC80000000013B779FAC925DDB7ADF3CFE0A4
S214046DD8F1B614B80102000000000000FFFFFFFF30
S214046DE80100000001000000000000000000000090
S214046DF80000000000000000000000000000000082
S214046E080000000000000000000000000000000071
S214046E1800000000073F0300553303005133030006
S214046E282F330300FD3203008D3303005F33030062
S214046E38FF3203002C0000000202020300000000D8
S214046E4800000000648000506880005000020100C2
S214046E580009007F906E04000100000F706E0400A5
S214046E680000000000000000E1FE59FF8FFFADFFA0
S214046E78C1FFD0FFDCFFE4FFEBFFF2FFF6FFFAFFEB
S214046E88FDFF0000030005005500EDFEFF0064004A
S214046E981E0000007F001B0DD063FDFF3600B703FD
S214046EA84DDAFFFF1C005901EC3600001100BD0046
S214046EB8C83B00000B0071001435000007004900A9
S214046EC8352C0000050037000526000003001400D2
S214046ED8FF140000E522040027D6030027D6030083
S214046EE827D6030027D6030027D6030027D6030091
S214046EF827D6030027D6030027D6030027D6030081
S214046F0827D6030027D6030027D6030027D6030070
S214046F1827D6030027D6030027D6030027D6030060
S214046F2827D6030027D6030027D6030027D6030050
S214046F3827D6030027D6030027D6030027D6030040
S214046F4827D6030035D6030027D603004AD60300FF
S214046F5827D6030027D603006FD6030027D60300D8
S214046F6827D6030027D6030027D6030097D60300A0
S214046F7827D6030027D6030027D6030027D6030000
S214046F88AFD6030027D60300CDD6030001030401B9
S214046F98010109030B0000000B00000002000000BA
S214046FA80000202000000000030000008C8C3C0039
S214046FB80000000000000000000000001E000000A2
S214046FC80A0000001A000000000000581200000022
S214046FD8C46F0400554E4B00474F200042544C00E3
S214046FE8474F3200474F3300474F3400474F35006A
S214046FF8474F3600474F3700474F3800474F39004A
S214047008474F4100474F4200474F4300474F44000D
S214047018474F4500474F46004A4D500042445200E9
S2140470285550520042544D004D534D0046544C00A2
S214047038554E4B00474F200042544C0042414400F2
S21404704846544C00465243004F54410044534C00A7
S2140470584241500055504700544D4500464155009E
S214047068545A4600554E4B0050494E00454D340080
S214047078554E4B0048562000554E4B004558500078
S2140470884C574D00554E4B005242540044534C0046
S214047098454D3400554E4B0041535400554E4B0055
S2140470A856465900494E4800554E4B004C434B0033
S2140470B858544C004F424600554E4B004852440024
S2140470C84D454D004255530055534700444247002A
S2140470D8444D410056435400554E4B00555020002D
S2140470E85250200041503000415031004150200099
S2140470F84450200044454300DC6F0400E06F04005D
S214047108387004006C700400787004008070040002
S2140471188C7004009C700400A4700400B070040012
S214047128C0700400E0700400554E4B004649420007
S21404713842544C0045585400505752005744470090
S21404714820535700435253004653480042414400D4
S214047158464C540042524F0001040103030601053D
S214047168010501090600060B0000070B050B0000C5
S21404717800000000000000000400E40C0200010403
S2140471881001000000050002000003001C7404003F
S214047198187404000474040000740400FC730400E7
S2140471A8F8730400E6730400D6730400BC73040082
S2140471B8B4730400AA730400A8730400907304004C
S2140471C88D730400857304007473040064730400E8
S2140471D852730400387304003073040024730400E4
S2140471E8207304001C7304000E7304000373040065
S2140471F8EA720400D1720400757204007472040002
S214047208647204003C720400317204003072040094
S2140472181C720400000000000000000000000000CB
S21404722800000000000000000F000000000000003E
S214047238000000000000000000000000000000003D
S214047248000000000000000000000000000000002D
S214047258000000000000000000000000010000001C
S2140472680000000000000000000000000F000000FE
S21404727800000000000000000000000000000000FD
S21404728800000000000000000000000000000000ED
S21404729800000000000000000000000000000000DD
S2140472A800000000000000000000000000000000CD
S2140472B800000000000000000000000000000000BD
S2140472C800000000000000000000000000000000AD
S2140472D8000000000000000000000000000000009D
S2140472E8000000000000000000000000000000008D
S2140472F8000000000000000000000000000000007D
S214047308000000000000000000000000000000006C
S214047318000000000000000000000000FFFFFFFF60
S214047328FFFFFFFFFFFF0000000000000000000052
S214047338000000000000000000000000000000003C
S214047348000000000000000000000000000000002C
S214047358000000000000000000000000000000001C
S214047368000000000000000000000000000000000C
S21404737800000000000000000000000000FFFFFFFF
S214047388FFFFFFFFFF9C0000FF0000000000000056
S214047398000000000000000000000000800000005C
S2140473A80000FFFFFFFFFFFFFFFFFFFF00000000D6
S2140473B8FFFF0000000000000000000000000000BE
S2140473C80000000000000000000000000000FFFFAE
S2140473D8FF0000000000000000000000000000009D
S2140473E8000000000000000000000000000000008C
S2140473F8000000000000000000000000000000007C
S214047408000000000000000000000000000000006B
S21404741800000000FC030101010101010101010152
S2140474280101010101000000000000010020000025
S21404743800000001010000200204110404021110D7
S2140474481A080A021801081110111A080A04020D6B
S2140474580B19195C0110280B011400000000000029
S2140474680000000000000000000101010101010005
S21404747801010101010101000001010100010001EF
S21404748801000000000000000000000000000000EA
S21404749800010000000000000000000000000000DA
S2140474A801FF010023E1010075E4010063E2010025
S2140474B863E5010062E1010079EB010064EE010076
S2140474C824E1010025E1010026E1010027E101008D
S2140474D828E1010029E101002AE101000000010079
S2140474E88000010000010100800101000002010083
S2140474F88002010020E201000003010000050100EB
S21404750880050100000601002C89010080060100A0
S2140475180007010001E5010002E50100000801007A
S214047528800801000040010086321010FFFFFFFFAC
S214047538FFFFFFFF5BDF030061DF030067DF030075
S2140475486DDF030073DF03005677777777777777EF
S21404755877777777777777775A6967426565416C7F
S2140475686C69616E636530395A6967426565416C52
S2140475786C69616E636530394E574B205374656584
S21404758872696E67000095969595950507090D002E
S214047598000000000001020304060000D9F70300F7
S2140475A8740B04008E0B0400A50B0400B80B04002F
S2140475B8C80B0400DC0B0400EE0B0400FE0B0400EE
S2140475C81A0C04002F0C04000208010D0D01010119
S2140475D812010000FFFFFFFFFFFFFFFF000000008F
S2140475E80000000001090501000200000000000375
S2140475F81EF1EE0B0C76040070180400E522040055
S214047608FE0000008C1804006C77040000000000DC
S214047618961804005C77040000000000A318040011
S2140476284C77040000000000B01804003C770400FF
S21404763800000000CE1804002877040000000000AC
S214047648C61804001477040000000000CD180400CF
S2140476580077040000000000DB180400F07604003D
S214047668000000004D170400DC760400000000004B
S214047678D4180400CC76040000000000E0180400C7
S214047688B8760400000000008CDD0300A876040029
S21404769800000000000000000000000000000000D9
S2140476A8C9470300F11804002E190400010100FF5D
S2140476B845100100571904009C1904000101000133
S2140476C80107FF0001100100E9190400541A040018
S2140476D8010100FF410F0100751A04008E1A040008
S2140476E800010100FF000000DB470300B31A040092
S2140476F80B1B04000101FF00C3470300221B040000
S214047708791B040001010207FF000000BD470300BF
S214047718221B0400791B040001010207FF00000075
S214047728B7470300221B0400791B04000101020763
S214047738FF000000F50E01009A1B0400D91B040084
S214047748010101FF950E0100F81B04003D1C04000E
S214047758010000FF510E0100F81B04003D1C040044
S214047768010000FFD90E0100641C04006A1A040014
S21404777800FF0000B1470300B91C04008547040055
S214047788FF000000AB4703002C1D040085470400D7
S214047798FF000000310E01009B1D0400101E0400AB
S2140477A800FF0000090E0100281E04008A1E0400BB
S2140477B800FF00009D4703009B1E0400E11E040012
S2140477C802FF0000D10D0100EA1E04005E1F04003B
S2140477D801FF0000000000005E2204001100000003
S2140477E86A2204001200000072220400130000003B
S2140477F87A220400210000008222040022000000ED
S214047808892204002300000090220400AA00000035
S21404781897220400FF00000000000000FFFFFFFF9F
S214047828FFFFFFFF00000000000000000000010842
S2140478380109020A030B040C050D060E070F0810AF
S21404784801180119021A031B041C051D061E071F2E
S21404785808200121022203230424052506260727D7
S21404786808280129022A032B042C052D062E072F87
S21404787808300131023203380239043A08E004E1D8
S21404788804E204E802E902EA04F008F11000000041
S21404789800000000040500000079040002000F0040
S2140478A82879040002000F005079040002000F0033
S2140478B87879040002000F00A079040002000F0083
S2140478C8C879040002000F00F079040002000F00D3
S2140478D8187A040002000F00407A040002000F0021
S2140478E8687A040002000F00907A040002000F0071
S2140478F8B87A040002000F0000000000E07A0400D2
S214047908030000004000000000000000190000000A
S214047918047B040004000F00800000000000000040
S21404792800000000E07A04000300000040000000A5
S2140479380000000019000000047B040004000F0087
S214047948800000000000000000000000E07A040048
S21404795803000000400000000000000019000000BA
S214047968047B040004000F008000000000000000F0
S21404797800000000E07A0400030000004000000055
S2140479880000000019000000047B040004000F0037
S214047998800000000000000000000000E07A0400F8
S2140479A8030000004000000000000000190000006A
S2140479B8047B040004000F008000000000000000A0
S2140479C800000000E07A0400030000004000000005
S2140479D80000000019000000047B040004000F00E7
S2140479E8800000000000000000000000E07A0400A8
S2140479F8030000004000000000000000190000001A
S214047A08047B040004000F0080000000000000004F
S214047A1800000000E07A04000300000040000000B4
S214047A280000000019000000047B040004000F0096
S214047A38800000000000000000000000E07A040057
S214047A4803000000400000000000000019000000C9
S214047A58047B040004000F008000000000000000FF
S214047A6800000000E07A0400030000004000000064
S214047A780000000019000000047B040004000F0046
S214047A88800000000000000000000000E07A040007
S214047A980300000040000000000000001900000079
S214047AA8047B040004000F008000000000000000AF
S214047AB800000000E07A0400030000004000000014
S214047AC80000000019000000047B040004000F00F6
S214047AD880000000000000000000200120000000D4
S214047AE8080000000400422130000000787B0400EF
S214047AF800FF420030000000000000000000F0080C
S214047B0840000000997B04000100230440000000A4
S214047B18A17B0400060030014000000000000000BD
S214047B28FDFF2102400000000100000019000004C7
S214047B3819000101190002041900030119000504BB
S214047B48190006011900070404004100AD300100BD
S214047B5806004100D14F0300190081009D4D010025
S214047B681900840029580100008000000000000065
S214047B7806435553544F4D00000000000000000013
S214047B8800000000000000000000000000000000E4
S214047B9800FFFFFFFFFFFFFFFFFFFFFFFF000401DB
S214047BA8040104010401040104010401040104019C
S214047BB8040104010401FFFFFFFFFFFFFFFFFFFFAF
S214047BC8FFFFFFFFFFFFFFFFFFFFFFFFFFFF0001B1
S214047BD802030405060708090A0B1F1C1F1E1F1E9E
S214047BE81F1F1E1F1E1F07021F012F0037013F00FD
S214047BF85701DF02E700FF02000000000000000053
S214047C080000000000000000000000000000000063
S214047C18000000000000000000000000FD2804002A
S214047C281900000003290400FFFF000000000000FC
S214047C38CE290400D9290400E5220400E129040019
S214047C48EF290400E5220400022A04000D2A040091
S214047C581B2A04001F2A04002F2A0400E1F8030044
S214047C683F2A0400432A04004E2A0400582A040023
S214047C78622A0400662A0400742A0400882A040077
S214047C889E2A040000800000000000000000000097
S214047C9800000000FFFFFFFFFF00000000000000D8
S214047CA80000000000000000000000400000000083
S214047CB80100000059DE0100000000000000F03F4B
S214047CC800000000000024400000000000005940A6
S214047CD80000000000408F40000000000088C340F9
S214047CE800000000006AF8400000000080842E416E
S214047CF800000000D01263410000000084D79741BA
S214047D080000000065CDCD415AFC03007C930400B6
S214047D1800000000C43304006C9304000000000054
S214047D28C93304005C93040000000000CA3304004E
S214047D384C93040000000000DB1804003893040089
S214047D4800000000CE18040024930400000000007D
S214047D58CF3304001493040000000000D533040055
S214047D680493040000000000D9330400F4920400CD
S214047D7800000000E8330400E49204000000000059
S214047D8805340400D4920400000000000E340400F5
S214047D98C49204000000000023340400B4920400D3
S214047DA8000000001C0A0400A4920400000000005E
S214047DB833340400649204000000000039380400D8
S214047DC8C089040000000000E62704008089040037
S214047DD8000000003A340400C088040000000000D4
S214047DE843340400C4870400000000005034040030
S214047DF86C830400000000006C2A0400448204001B
S214047E080000000057340400448204000100000007
S214047E185B3404000482040000000000603404009C
S214047E28C88004000000000019D70300C8800400B6
S214047E3801000000503404006C83040000000000B5
S214047E48673404006C830400010000006C340400EA
S214047E589480040000000000763404009480040033
S214047E68010000007E340400C47E04000000000004
S214047E7891DE0300907E040000000000000000006D
S214047E880000000000000000A07E04008234040005
S214047E98E5220400FE0000009A340400688A040000
S214047EA8000000000E390400588A04000000000090
S214047EB8000000000000000000000000D47E04005B
S214047EC89F340400E5220400FE000000B5340400D4
S214047ED8E88B040000000000BB340400D88B0400C0
S214047EE800000000C1340400C88B04000000000031
S214047EF8CA340400B88B040000000000CBDB03007F
S214047F08A88B040000000000D5D90300708B040079
S214047F1800000000E3E203005C8B0400000000009D
S214047F28D43404004C8B040000000000D0DE0300A8
S214047F383C8B040000000000D93404002C8B040099
S214047F4800000000E03404001C8B0400000000005D
S214047F587CED03000C8B040000000000E5340400EC
S214047F686080040000000000EC340400088004006C
S214047F7800000000F4340400D47F0400000000006D
S214047F8800350400A07F0400000000000000000084
S214047F980000000000000000B07F04000B35040059
S214047FA8E5220400FE00000055F30300888A040056
S214047FB800000000B3140400788A040000000000DF
S214047FC8000000000000000000000000E47F040039
S214047FD82C350400E5220400FE00000055F30300D7
S214047FE8A88A040000000000B3140400988A040059
S214047FF80000000000000000000000000000000070
S214048008188004004E350400E5220400FE00000033
S2140480186C350400F88A0400000000005D3A040089
S214048028E88A0400000000007B350400D88A0400AF
S2140480380000000080350400C88A04000000000020
S21404804887350400B88A0400000000000000000019
S2140480580000000000000000708004008C35040056
S214048068E5220400FE00000017F30300948B0400C6
S21404807800000000A9350400808B040000000000FE
S214048088000000000000000000000000A4800400B7
S214048098B1350400E5220400FE000000CD350400D6
S2140480A8288C0400000000006C2A0400188C0400C5
S2140480B800000000000000000000000000000000AF
S2140480C8D8800400D2350400E5220400FE0000002F
S2140480D8EB350400D88C040000000000D8EF030039
S2140480E8C88C040000000000F4350400B88C0400B2
S2140480F800000000CD350400088C040000000000D1
S214048108F9350400F88B0400000000000636040065
S214048118C4810400000000001436040090810400A2
S214048128000000002236040050810400000000000D
S2140481383A340400C0880400000000000000000070
S2140481480000000000000000608104002B360400D4
S214048158E5220400FE0000000D6C0400A88C040050
S214048168000000001E6C0400988C04000000000048
S21404817809040400888C04000000000000000000C5
S2140481880000000000000000A08104004936040036
S214048198E5220400FE00000073360400F88C040090
S2140481A800000000F4240400E88C0400000000002A
S2140481B8000000000000000000000000D481040055
S2140481C87A360400E5220400FE00000091DE03006F
S2140481D82C8D040000000000B31404001C8D040059
S2140481E8000000005D3A0400088D0400000000004A
S2140481F800000000000000000000000014820400D4
S2140482089A360400E5220400FE00000091DE03000E
S2140482185C8D040000000000BA3604004C8D04008F
S21404822800000000B31404003C8D040000000000A5
S2140482380000000000000000000000005482040053
S214048248C1360400E5220400FE000000DB36040004
S214048258908E040000000000A3F40300808E04003F
S214048268000000000E370400708E040000000000B2
S214048278CBDB0300608E040000000000DCDB030098
S214048288508E040000000000E0360400408E04000F
S21404829800000000F8360400308E040000000000D9
S2140482A801370400208E040000000000083704008C
S2140482B8108E04000000000014370400E08D04004B
S2140482C8000000005D3A0400D08D040000000000A1
S2140482D823370400C08D040000000000C80404000E
S2140482E8B08D04000000000028370400A08D0400A8
S2140482F8000000003F370400908D040000000000D2
S214048308533704007C8D0400000000006337040023
S2140483186C8D0400000000007237040038830400E3
S214048328000000000000000000000000000000003C
S2140483384883040077370400E5220400FE000000A2
S2140483488E370400008E04000000000097370400EF
S214048358F08D04000000000000000000000000008B
S214048368000000007C830400E5220400E5220400E3
S214048378FE0000009E370400008A04000000000087
S214048388AB3704004488040000000000B437040037
S2140483988487040000000000C737040050870400E0
S2140483A800000000D53704001C8704000000000005
S2140483B8E3370400E886040000000000F1370400F0
S2140483C850860400000000000238040028860400D2
S2140483D8000000000F380400888504000000000030
S2140483E81A38040030850400000000002D38040004
S2140483F80885040000000000BF170400A4840400D5
S21404840800000000403804006484040000000000F3
S2140484184B3804003084040000000000000000000C
S2140484280000000000000000408404005E380400D9
S214048438E5220400FE00000082380400B08E040022
S2140484480000000088380400A08E04000000000025
S214048458000000000000000000000000748404000F
S2140484688C380400E5220400FE000000C5F403006E
S214048478E08E040000000000BE380400D08E04001D
S21404848800000000CA380400C08E04000000000083
S214048498000000000000000000000000B48404008F
S2140484A8E0380400E5220400FE00000091DE030024
S2140484B8448F040000000000B3140400348F040042
S2140484C800000000B9140400248F04000000000013
S2140484D855F30300108F040000000000FC38040065
S2140484E8008F04000000000013390400F08E040016
S2140484F8000000000000000000000000000000006B
S214048508188504001F390400E5220400FE00000054
S21404851844390400548F04000000000000000000E2
S21404852800000000000000004085040049390400EB
S214048538E5220400FE0000006D390400A48F040040
S21404854800000000BA360400948F040000000000FF
S21404855879390400848F0400000000008039040080
S214048568748F0400000000008D390400648F040032
S21404857800000000000000000000000000000000EA
S2140485889885040098390400E5220400FE000000DB
S214048598063804005490040000000000B5390400AE
S2140485A844900400000000005AFC030034900400C1
S2140485B800000000880B040024900400000000005B
S2140485C86D3704001490040000000000C5F403008E
S2140485D80490040000000000BC390400F48F040072
S2140485E800000000C7390400E48F040000000000FF
S2140485F8D4390400D48F040000000000E4390400D1
S214048608C48F040000000000F7390400B48F040087
S2140486180000000000000000000000000000000049
S21404862838860400093A0400E5220400FE00000027
S2140486385AFC0300649004000000000000000000D8
S214048648000000000000000060860400273A0400CA
S214048658E5220400FE000000C5F40300D4900400DC
S21404866800000000880B0400C4900400000000000A
S2140486786D370400B4900400000000004A3A040071
S214048688A49004000000000076350400A8860400C0
S21404869800000000000000000000000000000000C9
S2140486A8B8860400613A0400E5220400FE000000CF
S2140486B85D3A0400949004000000000055F303009B
S2140486C88490040000000000773A040074900400C4
S2140486D80000000000000000000000000000000089
S2140486E8F8860400803A0400E5220400FE00000030
S2140486F891DE0300F490040000000000B3140400A4
S214048708E4900400000000000000000000000000E0
S214048718000000002C870400A03A0400E5220400A8
S214048728FE000000C03A0400149104000000000093
S214048738D33A04000491040000000000000000007E
S214048748000000000000000060870400E93A040006
S214048758E5220400FE000000093B040034910400EE
S21404876800000000D8EF0300249104000000000075
S21404877800000000000000000000000094870400C9
S214048788133B0400E5220400FE000000C5F40300C1
S2140487986491040000000000383B0400549104006F
S2140487A800000000503B0400449104000000000050
S2140487B8000000000000000000000000D487040049
S2140487C8E5220400E5220400FE000000613B0400E4
S2140487D8EC87040000000000000000000000000011
S2140487E800000000FC870400E5220400E5220400DB
S2140487F8FE0000006D3B0400B49104000000000075
S2140488085D2A0400A491040000000000733B0400E1
S2140488189491040000000000773B0400849104004F
S214048828000000007B3B0400749104000000000074
S2140488380000000000000000000000005488040047
S2140488488B3B0400E5220400FE00000091DE0300D2
S2140488583492040000000000A63B0400249204009E
S21404886800000000B93B0400149204000000000055
S214048878B31404000492040000000000C63B04007D
S214048888F491040000000000D73B0400E4910400BF
S21404889800000000E53B0400D4910400000000003A
S2140488A8F63B0400C4910400000000000000000029
S2140488B80000000000000000D0880400033C040008
S2140488C8E5220400FE0000001D3C0400588C040049
S2140488D800000000503C0400488C0400000000001F
S2140488E88B3C0400388C040000000000A23C040002
S2140488F84C89040000000000AC3C040018890400FD
S2140489080000000000000000000000000000000056
S21404891828890400B03C0400E5220400FE00000098
S2140489280D6C0400788C0400000000001E6C040023
S214048938688C04000000000000000000000000002E
S214048948000000005C890400CF3C0400E522040013
S214048958FE000000F0EF030054920400000000003C
S2140489685D3A040044920400000000000000000081
S214048978000000000000000090890400E23C0400A7
S214048988E5220400FE00000091DE03009492040031
S21404899800000000733604008492040000000000FF
S2140489A8F424040074920400000000000000000090
S2140489B80000000000000000D0890400FD3C04000C
S2140489C8E5220400FE0000008D390400AC93040080
S2140489D800000000C5F403009C9304000000000097
S2140489E85AFC03008C9304000000000000000000FA
S2140489F80000000000000000108A04001D3D04006A
S214048A08E5220400FE0000003B3D0400FC9304003D
S214048A1800000000453D0400EC930400000000003C
S214048A28503D0400DC93040000000000DB1804003A
S214048A38CC930400000000005F3D0400BC930400CF
S214048A480000000000000000000000000000000015
S214048A588F4703006A3D0400E5220400FF00000077
S214048A688B470300773D0400E5220400FF0000005E
S214048A7845150100893D0400E5220400FF000000B6
S214048A88E1140100B63D04007E45040001FF000021
S214048A9845150100F63D0400E5220400FF00000029
S214048AA8E1140100243E04007E45040001FF000092
S214048AB879150100653E0400863E040000FF0000A8
S214048AC8791501008F3E0400EC3E04000000FF0008
S214048AD8F5150100FA3E0400133F0400010001FFE7
S214048AE861160100383F04007A3F04000102FF00C3
S214048AF8F5150100903F0400BF3F04000100010281
S214048B08FF00000071130100F03F04002C4004002D
S214048B1807FF00009113010032400400654004007A
S214048B2801FF0000A51301006D400400BD400400C9
S214048B380100FF0001140100D24004002341040090
S214048B480101FF00D5130100334104006D41040000
S214048B5801FF00005514010075410400BE410400DD
S214048B68010000010707FF009116010010420400E7
S214048B786540040001FF00009117010058420400F4
S214048B889C420400010700010700FF00ED470300AC
S214048B98F1420400374304000107000101FF000006
S214048BA81917010073430400AE430400010000FFD4
S214048BB8E9160100CC430400104404000100FF0039
S214048BC8B916010023440400104404000100FF0001
S214048BD861170100624404006D41040001FF0000AF
S214048BE8D11701009D440400CE4404000100FF0090
S214048BF801010100E5220400DC440400000707FF25
S214048C08A5000100E5220400F5440400000707FF58
S214048C18B1050100E52204000145040007FF000031
S214048C28B1050100E52204000145040007FF000021
S214048C383F470300E5220400064504000000FF0041
S214048C488D050100E5220400EF1B040001FF000067
S214048C5855050100E52204003E45040000FF000017
S214048C6885000100E5220400E5220400FF00000058
S214048C7885000100E5220400E5220400FF00000048
S214048C8815470300E5220400E5220400FF0000005F
S214048C9815470300E5220400E5220400FF0000004F
S214048CA815470300E5220400E5220400FF0000003F
S214048CB855000100E5220400744504000101FF0084
S214048CC841000100E52204008945040001FF000074
S214048CD811470300E5220400E5220400FF00000013
S214048CE80900010051360400E5220400FF000000D4
S214048CF80900010093450400E5220400FF00000073
S214048D0889010100B4450400CB45040000010000B5
S214048D1807FF00000D470300F1450400E5220400A0
S214048D28FF00000005FF00000B460400E5220400CF
S214048D38FF0000008747030039460400E5220400C4
S214048D48FF0000007947030053460400D544040096
S214048D5800FF00008508010078460400E5220400A8
S214048D68FF000000D9FD000092460400E522040036
S214048D78FF0000006DFD0000B546040032470400FD
S214048D8800000310FF00000049FE000087470400A7
S214048D98F547040001FF00001DFE00000A48040011
S214048DA84D48040000FF000031FD00005E48040042
S214048DB8E5220400FF0000000B4703008D4804006A
S214048DC8E5220400FF0000000DFD0000D948040059
S214048DD8D544040000FF0000D9FC00001A4A040029
S214048DE86F4A040000FF0000BDFC0000894A040026
S214048DF8E5220400FF000000A1FC0000994A0400D4
S214048E08E5220400FF000000FB460300AD4A040008
S214048E182B4B040000FF000071FC0000B64B040056
S214048E28E5220400FF0000002DFC0000D34B0400DC
S214048E38FE4B040007FF0000EDFB0000084C04008E
S214048E48614C0400000500FFA5FB0000144D040057
S214048E58274D04000002FF0081FB0000564D040065
S214048E68E5220400FF000000FB460300684D0400EA
S214048E78A24D040000FF000015FB0000284E040065
S214048E886E4E0400000301FF05FB00000E4F0400AD
S214048E98544F0400000301FFA1760100F44F0400B8
S214048EA8E5220400FF000000935303001C5004004E
S214048EB89750040002FF0000B11B0100EC500400A8
S214048EC88547040000FF00007D1B010014510400C0
S214048ED88547040000FF00002D1B01002D510400E7
S214048EE8E5220400FF000000AD68010046510400B6
S214048EF8E5220400FF000000856801009351040081
S214048F08E5220400FF00000011680100BE510400B9
S214048F18E451040000010100010102FFE9670100B1
S214048F28635304008B53040000FF0000C967010064
S214048F38B2530400E5220400FF0000001167010094
S214048F48DC530400E5220400FF0000006552030019
S214048F58F5530400E5220400FF000000E15B01006D
S214048F681B5404004C5404000002FF00C7500300BE
S214048F78A9540400E5220400FF000000C3500300BF
S214048F88D6540400E5220400FF000000955B0100A7
S214048F98F15404001B55040000FF00005559010055
S214048FA84B550400E5220400FF000000D1440100EC
S214048FB85E550400E5220400FF000000B9440100E1
S214048FC876550400E5220400FF0000003F50030025
S214048FD88F550400E5220400FF0000002B50030010
S214048FE8BC5504003656040000FF00006158010012
S214048FF875560400E5220400FF00000051570100DE
S214049008ED560400E5220400FF0000007543010045
S21404901831570400E5220400FF000000594301000C
S2140490284E570400E5220400FF000000D143010067
S214049038F9570400E5220400FF000000C5430100B8
S21404904887580400CC58040000FF00009143010030
S214049058035904005459040000FF0000BD410100F0
S21404906887590400E5220400FF0000005536010075
S214049078B35904001C5A04000000FF0055360100CA
S214049088715A0400D35A04000000FF00F5360100A4
S214049098185B04004B5B04000002FF00994F0300B2
S2140490A8A05B0400EE5B040007FF000029380100FB
S2140490B80A5C0400E5220400FF0000003D360100B7
S2140490C82E5C0400535C040000FF000049370100CE
S2140490D8AC5C0400E5220400FF0000000D3001002B
S2140490E8E95C0400E5220400FF000000D52F010017
S2140490F8135D0400E5220400FF000000714E03001F
S2140491084E5D0400BD5D040000FF00003129010027
S2140491180E5E04008D5E040000FF0000634E03002C
S214049128D35E0400255F040000FF0000434E0300DE
S2140491386C5F0400B95F040000FF0000F921010019
S214049148036004003960040003FF000031220100B4
S21404915874600400BA60040003FF0000E120010004
S21404916810610400E5220400FF000000CF4D030050
S214049178406104007E61040000FF0000C94D03003E
S2140491888E6104007E61040000FF0000C34D0300E6
S214049198B56104007E61040000FF0000BD4D0300B5
S2140491A8DC6104007E61040000FF0000B74D030084
S2140491B8046204007E61040000FF0000934D03006F
S2140491C82D620400E5220400FF000000994D030008
S2140491D84F620400E5220400FF000000311E01006F
S2140491E877620400B06204000001FF005D1E0100FF
S2140491F8D1620400E5220400FF000000954D030038
S214049208FC620400E5220400FF000000191E0100A9
S21404921817630400E5220400FF000000D51D0100C2
S214049228326304005F63040000FF0000BD1D0100F4
S2140492387A630400E5220400FF0000000506010026
S214049248A5630400E5220400FF00000005060100EB
S214049258CC630400E5220400FF000000F5FA0000D1
S214049268DD630400E5220400FF000000C1FA0000E4
S214049278F26304001964040000FF0000C1FA000049
S214049288296404001964040000FF000059FA000069
S21404929850640400E5220400FF000000F3460300BF
S2140492A86B640400E5220400FF000000B5F6000025
S2140492B88E640400F864040000FF000095F60000BD
S2140492C81B650400E5220400FF0000007D1201006F
S2140492D8816604000E670400010000FF61110100A6
S2140492E82B6704007F67040000FF00009511010047
S2140492F894670400E66704000100FF0001110100FA
S214049308FC670400E96804000107FF00F746030049
S214049318F9680400E5220400FF000000610A010061
S2140493280A6904001C690400000101000007FF0024
S214049338590901005769040068690400000101001E
S214049348FF00000095110100B7690400C86904000D
S214049358010000FFD1080100B7690400FA69040097
S21404936800FF000041A901000B6A0400E52204007E
S214049378FF000000E9F60000576A0400E52204002E
S214049388FF000000EF730300E5220400E522040052
S214049398FF00000009B70100E5220400E5220400E6
S2140493A8FF000000CDB60100E52204009C6A040014
S2140493B802FF000079BE0100A46A0400E522040046
S2140493C8FF00000005BE0100D06A0400F36A04002A
S2140493D80200FF00717403001C6B0400E5220400FD
S2140493E8FF000000E1BD01003E6B04005C6B040056
S2140493F802FF0000B9BD0100716B04005C6B040039
S21404940802FF000001000000884F00200000000052
S21404941800000000FFFF0000734D0300000000007A
S21404942803000000FFFF0100514E03000000000087
S21404943804000000FFFF0100DF4E030000000000E8
S21404944804000000FFFF0000634F03000000000054
S21404945806000000FFFF0000D54F030000000000D0
S21404946819000000FFFF01006B500300773B04005F
S2140494789C6A0020000000000000000000000000B5
S21404948800000000C86B0400F89404000000000004
S214049498CE6B0400FC75040000000000D56B0400C5
S2140494A8CC770400000000000E390400BC770400E2
S2140494B800000000DE6B0400AC7704000000000027
S2140494C8F06B04009C77040000000000FF6B0400A7
S2140494D88C77040000000000106C04007C770400FD
S2140494E8000000000000000000000000000000006B
S2140494F808950400226C0400E5220400FE0000001F
S2140495083D6C0400209504000000000000000000E4
S2140495180000000000000000A77A0300426C040064
S214049528E5220400FF03010001013F040201003F95
S214049538040202003D040202003D04010200010286
S2140495480003010002023D040201000202020100B7
S2140495580202000000202020202020202020282886
S21404956828282820202020202020202020202020D2
S2140495782020202020881010101010101010101012
S2140495881010101010040404040404040404041042
S21404959810101010101041414141414101010101D0
S2140495A8010101010101010101010101010101019A
S2140495B810101010101042424242424202020202A6
S2140495C8020202020202020202020202020202026A
S2140495D8101010102000000000000000000000001A
S2140495E8000000000000000000000000000000006A
S2140495F8000000000000000000000000000000005A
S2140496080000000000000000000000000000000049
S2140496180000000000000000000000000000000039
S2140496280000000000000000000000000000000029
S2140496380000000000000000000000000000000019
S2140496480000000000000000000000000000000009
S214049658000000000000000210000000245400204F
S214049668801300200000020800000000FFFFFFFF30
S214049678FFFFFFFFFFFFFFFF0000000000000000E1
S21404968800000000000000000000000000000000C9
S21404969820000000CDE901001000000045E90100A3
S2140496A800000001000001010001010120C001B80A
S2140496B80000000000000000FFFFFFFFFFFFFFFFA1
S2140496C8FFFFFFFFFFFFFFFFFFFFFFFFFFFFFFFF99
S2140496D8FFFFFFFFFFFFFFFF03040408080808084E
S2140496E800B801B802B800B054CB04000304040858
S2140496F8080500000000000000000000000000004C
S21404970800000000F8330000E0030000D83700002B
S21404971814000000383E000008000000002F000077
S214049728F8040000EC37000004000000343E000093
S2140497380300000000000000002F0000F0370000BF
S21404974801000000403E000039000000012F000020
S2140497580100000070B50822804B1A60804B1B6815
S214049768DC0302D50020088070BD0C880019401E52
S21404977800787C4DA870641C0C8045076D0F052D79
S21404978805D8794E3668F60603D5022D0DD0032083
S21404979870BD9604AE401E4001D1082070BD052D4C
S2140497A803D1104201D1641E0C80AA4848600020E8
S2140497B870BDF3B582B008886C490978491CC9B2EB
S2140497C8814204D202990918491E097800E000214A
S2140497D8644A517093785B075B0F01933023019CAE
S2140497E8052C28D1194232D19478E5081E242C4039
S2140497F8CD0702D5250001242C430125A14EE640B9
S2140498082E4072D0019FA04EE641402426403E4397
S2140498184C0602D5340020262643947889080D4041
S214049828A7080C2139402943C02525400D4320218B
S2140498382943967051704A490C68557802212326A4
S2140498482E4008D0660302D52B40202B01D00520D5
S21404985882E0424B196093789B0601D4202203E0E9
S2140498689278120702D540223C4B1A603D4A9278F9
S2140498786B461A70C022854B1E680E4001D11542ED
S21404988812D06E46377827263E40232E03D1E602AA
S21404989807D4012606E0252E03D0212E04D126035C
S2140498A802D504262D4F3E601B6819402026019FCA
S2140498B8002F1CD11E4027D02A4B5B781A40402A1A
S2140498C813D00C221A40042A0FD02A073BD40122AC
S2140498D8002902D0E100CB0F5A4069460978CB0725
S2140498E8DB0F1A422FD021012AD4072034E0022F96
S2140498F8E2D11E4008D00029DED1CC232B4003D168
S2140499086B461B785B0601D5032025E0A30311D517
S2140499189C4E73691B051B0D5B1C3668F60205D541
S214049928994E36683607B60F9B1B5B1E9BB2052BF3
S21404993804D1C1E7029B1B78052BBDD006200BE09B
S2140499488021064A1160E90702D4401C039908805E
S214049958AB4803994860002004B0F0BD481002A83C
S214049968C83E0000343E0000440002A8543E0000EE
S214049978F2B586494978CA0705D4009A1288801829
S214049988401E037800E000239E4A106802249E4D79
S2140499982E68F60611D512695340DBB2002B03D1A4
S2140499A86E68D30973402340002B03D0020204D404
S2140499B80A20F2BDE206954E3260744A1E02C0239F
S2140499C80B403343914E336093785E07760F022E2E
S2140499D806D16D682C4003D1002000990880F2BD9A
S2140499E8A0250D409E08102737402F433D090E0733
S2140499F802D42E0010253543CC240C401A262E40BB
S214049A080A2E04D1CC2C02D02E00FD253540804EDB
S214049A18EE40F60705D4000416D5412B10D10829C4
S214049A2812D17C48E84011210140214320200843F4
S214049A3810700D210140009808D000F0A9F8F2BD76
S214049A480B2B01D10029ECD00720F2BD00F020F83A
S214049A58F2BD00005F2F000038B50C006E490B7885
S214049A681A0953399500491925881B071B0FEB1A41
S214049A789A1A8018FEF756FE010002D1200000F05C
S214049A8807F832BDF300A3E398144068480002A818
S214049A98F8B50400614805683C4F3878D02630424B
S214049AA802D00D21014005D008205D490860EF204A
S214049AB8FEF7F6FD39782000314204D009093970DA
S214049AC800F066F8F2BD052129401FD002884D49EA
S214049AD8CA60544BEC0705D5521C0280690607D4A5
S214049AE8514B05E043242C40422C03D1521C0280DF
S214049AF843600DE010224A4B1A604C4A09688B00F2
S214049B08DB0F1901D162802109031160002101804D
S214049B180020F2BD0A888018401E0078830601D407
S214049B28121D0A801822024004D008885208801899
S214049B38C01E088039480068C00702D50888401C3B
S214049B4808803948486000207047344A1368DB07A1
S214049B5808D51268920705D40A888018401E00782B
S214049B6804280CD110202E4A10603048254A126862
S214049B789300DB0F1A01C2628022120302600020DF
S214049B88088070470C4000A8080001A8343E00006E
S214049B9831B581B02649002000900822254B1D784F
S214049BA802230C24254202D10022234903E02C4038
S214049BB8082C00D10222EC0703D50C001E216140B4
S214049BC800931D4207D015490968090601D51B49A3
S214049BD801E00021C943019B194C21601949FF245F
S214049BE88C70009C15012543CD7008701888009960
S214049BF840188018188014485860002036BD0000A5
S214049C081D310000C83E0000440002A8441002A803
S214049C180D0F0C0D071708504B3F0000480002A80C
S214049C28482002A8C1320000F73200001C1002A81F
S214049C38DE1B2501343E00002084100000FCFF01D2
S214049C48F43E0000483F000005320000343E0000A1
S214049C58C1290000D9290000D9290000D929000003
S214049C68D9290000D92900000000000000000000DF
S214049C780000000000000000D9290000D9290000CF
S214049C88D9290000192E0000D92900005523000000
S214049C9865230000F123000039240000B3240000E3
S214049CA81D260000D3240000BD2600001F25000042
S214049CB85D250000D5250000312800000129000094
S214049CC827230000632B00004D200000812B000092
S214049CD8F52B0000D9290000D52C00009D2C000087
S214049CE8D9290000D9290000212D0000D92900000F
S214049CF8D9290000D92900005D100000531000007F
S214049D0867100000711000007B1000008C48806803
S214049D18000200D4704780B580208002A8490860F5
S214049D28CF2000F045FA01BDF8B586480068864C91
S214049D38802292032260854E316809051DD5110BD1
S214049D48A023034001D0216017E002403FD18027BA
S214049D587F4A17607F4A1760084038D0784D287ABB
S214049D68400705D501207C49086000027B49086045
S214049D782878002801D0062801DB0020F2BD00F070
S214049D8851FB716889684E682978052907D1B90591
S214049D98A1606E60B668CC218901704A116000F033
S214049DA84AFB012E00DA0226BC2080058549086095
S214049DB8942080058449086065480021C9430164E5
S214049DC87142416481490F6040210160D5E7AE487D
S214049DD80160FFF79BFF0120F2BD5A480168890518
S214049DE804D5C06E0004000F022801D00020704776
S214049DF80120704738B580245548046000F012FBEB
S214049E0805007348006800F05FF9280000F013FBAB
S214049E18FFF77CFF4A48007A000705D5A0004A49A0
S214049E28086000F0FEFB31BD600397490860AD4842
S214049E38046031BDFEB50500CC2080019349486016
S214049E48012693480660FFF7C8FF002877D03C4CE5
S214049E582078002873D031020195052802D02A46B6
S214049E680A406CD1CC27BF01884A17609E4A1268FC
S214049E7853075B0F022805D1022B5ED30801374926
S214049E880860F7BD4D01032804D1022B55D9334881
S214049E980560F7BD042802D111404ED0F7BD052849
S214049EA84BD10198002848D0C005C10F68464170B8
S214049EB80198C004C10F6846017000F0B3FA029016
S214049EC8606869464978002903D006688021214AD3
S214049ED811602C04A7496A461278002A0CD0C26876
S214049EE80B68D21AA44B1B68234001D0066800E00E
S214049EF84668964200DD1600684640786A46127838
S214049F08024308D008684242B01E824202DA70420F
S214049F18886000E00026029800F08DFA0198800513
S214049F2801D5964804600198054001D09448046019
S214049F38002E02D009480760F7BDFFF75BFFF7BDA0
S214049F48403E0000400002A8402002A8C83E000088
S214049F580CC001A890E001A894D000A8505201A80B
S214049F6838B5802487480460012049490860864D2E
S214049F782878052802D0600084490860FFF72DFF7A
S214049F88002812D012480068000A80214140A868B8
S214049F98000EC9B2814208D2534800684007400FF1
S214049FA8022802D2FFF726FF31BD79480168C0228D
S214049FB80A4002D1C06F204001D00448046031BD75
S214049FC81C1002A808E001A808D001A894D001A88B
S214049FD818C000A8F1B582B00F008026B600A020ED
S214049FE8384002D06B4806604CE000F01BFA00903C
S214049FF869480468F80202D5A0680069029000F06F
S21404A0085FFBB102606800F069F92178200000223D
S21404A018491C43788B4200D2002118234B43C518A9
S21404A0280C352B78082BF3DA0C000170856056483B
S21404A038297801703E4007D0574909688968CA6874
S21404A048F90201D403218A4382600126104630406F
S21404A05803D100F0F6FB00F0B4FFF104686900F0E1
S21404A0683DF93C2000F0A4F8E0B200F0A1F800980E
S21404A07800F0E1F9300547490860484806603002B0
S21404A088024908600298FEBD401002A84C6201A866
S21404A09894E000A810B542480068800501D4FE2064
S21404A0A810BDC02080033F49086000F0BBF93A4958
S21404A0B809688A78D20702D589688C7800E00C7813
S21404A0C800F0B9F9200010BD334909688A688B780E
S21404A0D8DB0704D5927818235A438A180C32906002
S21404A0E870470000100002A8084001A8F1B582B025
S21404A0F82D4F3C680026200F000702D1E00102908D
S21404A1082AE000F05EFF00F08DF901908021090333
S21404A118606800F0E3F825786D1C6078A84200D2E1
S21404A1280025E80020180C30009000680290802172
S21404A13809030098406800F0D1F83D2000F038F88C
S21404A148E8B200F035F825700098A060019800F091
S21404A15872F902A800F09AFF14480068800407D52C
S21404A168786901F050FC02990818029000D5029606
S21404A1780298FEBD48C001A8480002A8481002A8D4
S21404A188482002A894E001A8403E0000506201A8B6
S21404A19814C001A8402002A8CC3E000090E000A805
S21404A1A8400002A8401002A8D03E0000FC0302A803
S21404A1B841490968002901D5404908607047F3B544
S21404A1C881B03F4FB9683F4C4A004CD50125090178
S21404A1D800D5212501003C4A106856682268920674
S21404A1E8920E94463A6893008022134062461343BC
S21404A1F8802252001A4300920A0023D0890601D509
S21404A208012008E0F021014007D16946097A0C22AA
S21404A2180A4002D0022000F03FF82C4909680904D5
S21404A2280AD53968090701D5022605E039684903BD
S21404A23801D5002600E003264835009A2449096813
S21404A248890003E0009A2249C9690909402319408C
S21404A25811439A00002E02D0164326660835216656
S21404A268024322662566E06D4407640F00F0C4F8CE
S21404A278A0070BD0052C09D0B868000406D400F053
S21404A288D1F80221134A116000F0D5F800F0BDF8A1
S21404A298002000F001F8F7BD0B490A68F0239A433A
S21404A2A8000110430860C0B270478020C0020A4903
S21404A2B808607047000000004C0002A8884000A808
S21404A2C8440002A8284000A8683F0000384101A8B6
S21404A2D8084001A87CD40350485000A880B5664AB4
S21404A2E8116001F0BBFBFFF7E0FF01BDFEB500F00F
S21404A2F899F80290102061490860002360480360BA
S21404A3080220604908606048C0684005C20DD52A26
S21404A31801D2D52204E0D1204000824200D90200AE
S21404A32810000100594C0194843C246864011DD52E
S21404A338574C0094251D574E367806277E43AA5355
S21404A3480024019D2D7CE540ED070CD5009D0626CE
S21404A3586643AD19AD888FB2BD4200D2290086B2D5
S21404A368AE4200D22800641C022CEAD389B24631D5
S21404A3780904494C0C404638C005C00D20434249E0
S21404A3880860C0200006454908604048017D002949
S21404A3980CD04349D52A02D98024E4050C60D1247C
S21404A3A86400A24202D2802424060C6010213D4C8C
S21404A3B821603D490B604188002900D1028002983B
S21404A3C800F039F8F7BD80B5384839490860394887
S21404A3D8C1680902090A192251434160052101602E
S21404A3E8FFF784FF01BD33480068C00300D47047F4
S21404A3F880B5FFF77BFF01BD8020C0021E490860B8
S21404A4082D4800684007FBD470478020C0022B49BB
S21404A4180860704701E02A4908602A49096801402B
S21404A428F9D17047284800682021284A116010216D
S21404A438274A116070473021014002D11020234971
S21404A448086070472048006830210140102901D16F
S21404A45801207047002070471E48007806210140F6
S21404A46807D01D480068022803D0032801D001201D
S21404A4787047002070470000401002A8F41302A892
S21404A488048002A8409002A87C400050743F000054
S21404A498643E0000603E00000000FF01A06000501B
S21404A4A8A4500050F42302A818E000E07F1A06011E
S21404A4B8500002A810E000E0400002A8402002A8CD
S21404A4C8282002A8280002A85C0002A85C2002A88B
S21404A4D85C1002A8BC3E00006C3F0000F8B5534868
S21404A4E88021490281610221514A51600021514A62
S21404A4F81160514A118003214D4A116002210160FE
S21404A50820204E49086080204D490860CC208001F0
S21404A5184C49086001204C4908604648806F009002
S21404A5280F24070B274049480068C505ED0D103D64
S21404A538C0202843C0B2FFF73BFE3E4800698003AC
S21404A5480AD5092F08D0FFF787FF002802D040480D
S21404A5580068804701F0D8F80098044000943D4805
S21404A56804680098032803D0022806D1032F3AD09B
S21404A57800F002FA0098032803D0062F33D1062DDC
S21404A58831D0354800680104C90F01D001F084FBB6
S21404A59832480068000109D5052D07D10125012098
S21404A5A82F4908604005FFF735FF00E00025210025
S21404A5B8380000F0E3F904002A4E002D06D000F017
S21404A5C889FB012030600220274908608020800328
S21404A5D87065800925490860FFF73EFF002802D009
S21404A5E8234800688047124880214902C161002F29
S21404A5F808D10221416000200E490861C020C0002D
S21404A6081C4908602000F2BD80B5FFF7F5FE1A481D
S21404A6180078800602D4022018490860FFF7F5FE81
S21404A62801BD022016490860704700002C1002A8D5
S21404A638282002A8340002A8743E000094E001A86A
S21404A6480CC001A8506201A894E000A804ED00E03C
S21404A658E8370000B44000A800E200E0F03E00003E
S21404A668645000A8646000A82C4000A880E200E0BB
S21404A678E43700002C6001A8C83E0000081002A8B1
S21404A688082002A87B480068800700D4704730B5C5
S21404A69881480421904A0123E024E4008568254083
S21404A6A802D01360D160D3600068044002D01360FF
S21404A6B85160536030BD894801218160016070474C
S21404A6C810B5012075498A680240FCD1844A0423DF
S21404A6D8D3600C680440FCD15360106010BD8149F7
S21404A6E808680122104200D1704710B5E023DB0049
S21404A6F80340FF24A41CA34204D37B4B1B689B067D
S21404A70800D54868024001D000F0B6F810BDFEB582
S21404A7180700C82075490860062075490860802027
S21404A72840037449086074480168744A0A408021E2
S21404A738090111430160724CC020C0002060022544
S21404A748A56168036F4908606F4E7048F0664C2030
S21404A7586F49C86638686F498968814201D2009192
S21404A76800E000900099401A38600121380000F093
S21404A77855FB01903868009940183860FFF782FF47
S21404A788634800686349086063480168490601D558
S21404A798624900E0624931670199002908D103211A
S21404A7A8E16100683068054002D08020800220619C
S21404A7B80198FEBDF1B55B4C8020C00120605A4D5F
S21404A7C80126AE62594F3E601D20286056206866F2
S21404A7D8072001F009FB022028600621296654494F
S21404A7E80968002902D40821296669665149296539
S21404A7F8C021C900504A1268F823DB01134001D16E
S21404A808A96700E07961E16B314008D0216BC9077C
S21404A81805D44A490968084001D101F0EDFA4848C8
S21404A82848490860206B064001D1FFF72BFF0098C3
S21404A83801F0C8FA206B8001FCD4206A42490860FB
S21404A848F1BD30B53748414B0121026B0A4001D1AE
S21404A8585961D9603E4A3F4C54663F4C14650324FC
S21404A8681C600023CE4D2B6014609162C9030160FE
S21404A87830BD00004C0002A8F0210901374A1160D7
S21404A888014037480160202036490860364909687F
S21404A8980840C849086070476C0102A8700102A8FD
S21404A8A880B532480821324A13680B4001D001614A
S21404A8B841611178C90602D5862109010160FFF7AE
S21404A8C80EFF14202B490860BB480168490701D0CD
S21404A8D8FF21416101BD0000681102A86C2102A88D
S21404A8E8682102A8783F0000400002A8548001A806
S21404A8F80C9001A8942002A8680102A8FFF1FFFFA3
S21404A908441102A8A01002A8E40002A8294E0600D2
S21404A918300002A8A03F0000FC0302A8CC3F0000B9
S21404A928C43F0000100002A8E01002A8442102A8B0
S21404A93828C000A80C1E0000A88001A8483E0000F5
S21404A948FFFF7F7FB46000A89C3F0000602102A838
S21404A958E02002A85E060000041E00002C6001A881
S21404A9682C5001A8442002A8084001A8301102A8C7
S21404A978F84F0000703F000070470000F8B586B036
S21404A98805000C008D48866AFFF74CFD0590B00557
S21404A99803D58B480068FFF797FB00200190012237
S21404A9A87306DB0F87498F688860B8204000864E98
S21404A9B830606608B82030400978F0260E40402EED
S21404A9C802D10100402008430D2D02D13900042786
S21404A9D80F43790704D501001420084310218C433B
S21404A9E87A4909686D462A7004930500784EC805A6
S21404A9F806D58020400077490860280001250543CD
S21404AA080498002811D10C20284008280DD02800C6
S21404AA186A49496BCA0601D410229043890601D4B0
S21404AA2820218843B121014067D068460078002871
S21404AA3865D0B26BB06D012101235207520F921DE7
S21404AA489340C004C00C181A80B2082809D280257E
S21404AA5806205A4A106008049D4A106000206A4678
S21404AA681070812028404DD00820049A002A00D16E
S21404AA7830623A00082717431020844304200390C2
S21404AA880005984A10604008974A10609748016085
S21404AA9868460078002832D00398062838D39448A5
S21404AAA8806BC00634D593480068000E0190904821
S21404AAB8006880B202908F48006A000604D00298A4
S21404AAC88021490101430291FFF7C6FC002809D0FA
S21404AAD889480078C00605D002988021C901014338
S21404AAE889B20291029830610298001230613748A0
S21404AAF80168C80500D57AE70AE0082030620094A1
S21404AB08049732E090A06906C90E405C0390BFE73C
S21404AB180094049703982949CB6A764A12683468DD
S21404AB286F463C8128241C400443980CC0012043EB
S21404AB381C001B0E2340102423400343900040228D
S21404AB481040184302AA9070086B000A02A9C8703D
S21404AB58FFF7A0FA02A908710198487167480068C7
S21404AB68C8800298F0660398F0660598FFF763FCB9
S21404AB7808240098400601D55A488460FFF76CFC00
S21404AB88002805D05E480078002801D05D48046097
S21404AB980498C1B2E8B2FFF712FB009807B0F0BDFC
S21404ABA8400102A8081A03D2574909684018401CED
S21404ABB870470000441002A80C4000A8180002A819
S21404ABC81CC000A8683F0000B46000A81C0100AAC6
S21404ABD8540000AA1C2100AAF8B54C4E0F240125DF
S21404ABE84B491027706B38401BD001200870494821
S21404ABF8006849490968FFF7D5FF484909684018B5
S21404AC0801284BDB01F0A4F945490968090B0C40F7
S21404AC18022C41D16905434A11604349CF63356024
S21404AC283AE0F06BC0001ED540480068E02189056C
S21404AC38014033D03A4D2868210301407802814206
S21404AC482CD1FFF7EFFB3A4A3A490968C90502D5F9
S21404AC583949096811602968090B21400229F3D08B
S21404AC68FFF7E9FBF1BD354E3068002816D00D70A5
S21404AC7801F0A8F8002811D101F06AF928490968F2
S21404AC88090B0C40022C07D12904264A116002211C
S21404AC98254A11600021316001F05EF9F1BD80207B
S21404ACA880042749086070478020400424490860C7
S21404ACB870478020C0042249086070478020000539
S21404ACC81F4908607047802040051D490860704782
S21404ACD8141100AA1B480168490701D0FF214161E5
S21404ACE870470000401002A8205001A8006101A87F
S21404ACF81C4000A8084001A8C43E0000448001A8DF
S21404AD08F0370000845000A838C001A8100002A834
S21404AD18773E00001CC101A820C001A8E03E000040
S21404AD28AC0002A81C1002A8082002A8204001A80B
S21404AD38800000AA084000A8904000A84C3E0000E6
S21404AD48382002A80C4000A80301070603010706DA
S21404AD58050106060501060603020706030207069A
S21404AD680502060605020606FF2807D0032805D2AC
S21404AD78A9490978C140C807C00F70470020704722
S21404AD88F0B5802000020821A44A11600A23012194
S21404AD98A34A01249C400443B6A5ED5C254395606C
S21404ADA8F025A04E35609D4DB5A6F65C02273743C0
S21404ADB82F6004262E609C4D2D680D4006D1CD02CA
S21404ADC86D1E03D0966C3603FAD401E00220F0BD5B
S21404ADD8956CD66C6D036D0BAE4200D220005B1EDC
S21404ADE8D7D508238F4C23609060904B1B685B0173
S21404ADF812D58F4C63785D1C01262E4066701D00A4
S21404AE080626754365191268AA80E8802370824866
S21404AE1802789940114301700020F0BDF1B582B064
S21404AE28FFF749FC002481480068400102D4012049
S21404AE3801901DE07F48826B00207D49C3B2062539
S21404AE486B43CB189B8895B2AB4204D0401CC3B264
S21404AE58022BF3D3FF200870012001907348006882
S21404AE68400105D50878FFF77FFF002800D0019435
S21404AE787148006871498861714D02980068296DA7
S21404AE884618002E15DD00F072FD2860C001301A41
S21404AE9800280EDDFFF714FC00F093F8029800680B
S21404AEA8296D401800F08EFF050002D00298046051
S21404AEB885E0644E802080003060604A1068072869
S21404AEC82ED005210840052805D011600C2000F076
S21404AED88BFF050073D15C4D5C482862FFF7F0FBD6
S21404AEE802202860E020C002594908600002594937
S21404AEF8486080208004706002203060012000F0E2
S21404AF0873FF802040002862022000F06DFF902026
S21404AF1840012862022000F067FF8020C0002862F3
S21404AF284D4EE02040003060042000F05DFF050030
S21404AF383CD10220474908608002B062C001B06272
S21404AF4810203C4908600127F765402643480068F6
S21404AF5830401BD135480068400113D53448007882
S21404AF686946087068460078FFF7FEFE002809D090
S21404AF782F4869460978062251434018C0882D4947
S21404AF88086403E0FFF7FCFE05000FD129480760B4
S21404AF98C467022000F028FF314C2660B000206009
S21404AFA8022000F021FF8120C002A0620198002838
S21404AFB805D02A480068800101D4FFF714FA28004F
S21404AFC8FEBD70B5FFF777FBFFF77AFB0226194834
S21404AFD80660244DF0022862C4082C62012000F0A2
S21404AFE803FF600828622E601F482862E02040009D
S21404AFF81B490860174D2E60FFF7FEF91B4E307884
S21404B008002800D005200D490860FFF7FEF92C60DB
S21404B01817480068706370BD843F0000889001A8D4
S21404B028448001A888A001A8140002A8F03E0000E5
S21404B038603E00000C8001A8F80302A83C0102A8A0
S21404B0488C3F0000941002A83C1102A8BD0800001A
S21404B058142102A8942002A82C9001A84C0002A847
S21404B0682CA001A83C2102A8FD680000603F00004F
S21404B078300002A800000001010204081020200085
S21404B088505050404040403020202000F8B504007E
S21404B098FFF716FB2948C021C900294A1268F82375
S21404B0A8DB01134002D1274A116000E001600094D6
S21404B0B82549AC2252008A640A220A60234980225F
S21404B0C852030A60224C626A224B13408022D20042
S21404B0D81A43626280222260022242605003C860D9
S21404B0E81D48E0601D4E4C20F0661D4D686996218B
S21404B0F8C901471800980068874200D30700C01B98
S21404B1080099086000210098FFF788FE00990968EE
S21404B118C919009A116031682960124909684906F4
S21404B12801D5114900E011492161F2BD80200001D2
S21404B1380F49086000010F4908607047582102A8A3
S21404B148AC8001A8581102A80C8001A8941002A883
S21404B158440102A8FFF1FFFF286E0600300002A88B
S21404B168903F0000FC0302A8CC3F0000C43F000048
S21404B178401002A8685000A8F1B584B0B448006826
S21404B1880390B448006B9621C90140180499884274
S21404B19805D2081A00F016FE002800D013E2AE4CBA
S21404B1A86068C00700D50EE20420AC4988628003B4
S21404B1B8AB494862AB480568606B8607B60F032E32
S21404B1C803D01020A549886224E008468021890215
S21404B1D84162A16B890601D5012062E0290610D5D3
S21404B1E8A26B02210A400CD19F4A05231360A36B65
S21404B1F810273B401943116000211160616B090A4E
S21404B208116004218162A06B002803D5C803934902
S21404B21848620026606B400705D5606BC000802135
S21404B2284900084003E08B488068C10701D5FFF74A
S21404B23823FB0122154008D0B748B1014018006A1C
S21404B248C004C00C401EB549086000200021B44B59
S21404B258DB6E1B0417D5B34B1B68002B13D40121D4
S21404B268AE4B5B69002B0ED0AF4B1A70AF4A10601A
S21404B2781022AF4B1A60CA06AE4B9A670723AD4D29
S21404B2882B60AB4B5A65AC4AC0239B00136035024F
S21404B298002901D0190000E02900CC4E3160536023
S21404B2A87560E16B942292050A40150000D00125CA
S21404B2B880263602284300062CD06A482821405C9B
S21404B2C8C0210140402902D1FFF79EF901E0FFF7AB
S21404B2D8A8F9202020602D0600D174E1944D606BF7
S21404B2E8400708D570085E4948620220686000F086
S21404B2F859FA002806D0042058498862400258495A
S21404B30848626E6057480078000600D45BE1300156
S21404B3185249FEE00125606828405AD1AC480068C6
S21404B328C005400F022803D0032801D0062802D1FE
S21404B33869464D7005E0002069464870A548A64948
S21404B3484860680446498862FFF756F87348406EB2
S21404B358E16B0E4008D1C00606D5FFF763F8022154
S21404B3689E4A1160FFF767F8FFF74FF82803206036
S21404B3789B4EC02000067060280497490860606BDE
S21404B3884007C10F684601703020039949072CD539
S21404B3984021A24A1162904F4901396603219164FB
S21404B3A80021116030607D6580207060062000F002
S21404B3B81BFD00280DD12802F866022000F014FDB3
S21404B3C828029749886618207060082000F00CFD4B
S21404B3D8002800D0F7E024207060E020C0029049DE
S21404B3E8C865A020C00238666FE0E16BC90246D57E
S21404B3F8BE4949680902090E01914909022901DB77
S21404B408884A01E0B32292000199302937D31149BA
S21404B4180B88E72B33D395277F00BB4205D8FB1A46
S21404B4281B095A43920A534204E07F4FDB191B094F
S21404B4385A43930A5BB2019AD2180F6BBC46CF6B79
S21404B4487B436746FB180B639F2A0FD39F2210E0A3
S21404B458FC0302A8743F0000100002A81C2002A8DF
S21404B4681C1002A8C83E0000E40000AA202A00D83F
S21404B47821221102114312040A4329490A60674922
S21404B488AA020A629A4A8A6414220A603060524FF0
S21404B4987D65E020C0026249C865A803B866400214
S21404B4A87060062000F0A0FC002833D12D06FD6647
S21404B4B8022000F099FC5A488566680970600820DE
S21404B4C800F092FC002825D17560032000F08CFC5F
S21404B4D888481849886700F04AFA874D401DC00115
S21404B4E8296B401801908548406F8021C90108409F
S21404B4F802900846824908600198049988421FD237
S21404B5080846296B401A00F05DFC002816D00298FD
S21404B5187C49086057E000BF0C0000AA204000A839
S21404B528CC4001A8784201A8763E0000703E000090
S21404B538645000A83C6000A8046100A80498019020
S21404B548206AE86204270398384001D0402002E0C5
S21404B558F8057060C0087060012000F045FCB8016A
S21404B5681D490860019800F02DFC8A4E684600784C
S21404B578002805D161480068F061380586490860E6
S21404B5880298604908608548854908602448790215
S21404B598416669464978002900D10760206A6862CE
S21404B5A868460078002808D0012000F01DFC307892
S21404B5B8000602D5780492490860E06BC00202D5FA
S21404B5C84A480068286305B0F0BD00BF045100A8C7
S21404B5D8204001A8040000FFB41002A87CE403502D
S21404B5E8441102A810B5FEF71DFF864900240C6016
S21404B5F80A22CA61FEF71FFF8348C0218902016038
S21404B60882494160824810210160C905416540208D
S21404B618804908608048047010BD0000400102A8F4
S21404B628B82002A833070000D6FEFFFF7B48406B0D
S21404B638800300D47047F8B57948046800270020CA
S21404B64800257849E20706D5C02080028025ED0348
S21404B658EA0A0A6003E0A20701D403204025284327
S21404B668C862012000F0C0FB802040006E490867CD
S21404B67808206E4908606E490968090203D46D49B2
S21404B68809680140FBD0012000F0AEFB6A4EE007D3
S21404B69802D58020800430643564042000F0A4FBBE
S21404B6A8600702D5E020C002F060644830640120D8
S21404B6B800F09AFB62483064C320000630645A4897
S21404B6C88021490201671021B163890271615D49CD
S21404B6D80F60012232603022F2638F628021890172
S21404B6E84E4A116009010160F1BD0000F83F0000F0
S21404B6F8F3070000FFFF7F7F743F000020C001A807
S21404B70894E001A894D001A8F8B54F4800680D271E
S21404B71807400424002F00D104274C48102566034C
S21404B72808214B4A4B4B1B682340126814D04260CE
S21404B738394004D00220FEF7AFFD474806603C4077
S21404B74807D046480068054344480560B00842499F
S21404B75808600220424915E00260394005D00220FC
S21404B768FEF79AFDA0023C4908603C4006D03B48D8
S21404B77801680D4305607009374908603848066053
S21404B788300329490860FFF751FF00210020FEF71F
S21404B79816FDF1BDC83E00001C1002A803000300F5
S21404B7A8482102A810B580202E490A6802400AD00B
S21404B7B82D4B1A680624144005D15C6E2B4A224089
S21404B7C81B6D9C0101D5002010BD096808400DD0EA
S21404B7D82748824203D1180501D5012010BD254803
S21404B7E80068C107C90F481E8041C00F10BD224813
S21404B7F80321C163A82181631021016070470000FA
S21404B8081C2002A8D80000AA402002A80400008031
S21404B818646000A82C4000A8763E0000100002A829
S21404B828FC0302A81C1102A8442002A84C6201A822
S21404B838C44001A84C4201A8082102A8240000011B
S21404B84898008800600102A8B44000A8E83E0000FA
S21404B8581CC101A8440002A8401002A8683F0000C2
S21404B868685000A8400002A814C001A81F1F0000C2
S21404B878010C000030C101A8082002A86C48006822
S21404B8880121084209D16B4A12686B4B000C184018
S21404B898F03291400B40984201D0022070470020B5
S21404B8A87047F8B507000F386A461080604CA068E1
S21404B8B80A0004D16B461B8882B29A423AD2002206
S21404B8C86B461A80012502263A0013D022683240B5
S21404B8D807D000292ED059480088401C57490880AC
S21404B8E800203900E16056490E6080B2B84201D3A0
S21404B8F869460D805348456000E030BF20683040F4
S21404B90803D1FFF7BBFF0028F7D04D484560390040
S21404B91810D02168314005D048490A886B461B88F0
S21404B928D2180A8006600020E060A068B84201D2F7
S21404B93844480660FFF7A2FFF2BD38B5050000F0DC
S21404B94807FB0400012199204543A8093E4A1268CA
S21404B9588018123880B2FFF7A4FF05008020C001C3
S21404B9683A490860200000F0F7FA280032BD334848
S21404B97803883549096802889342F9D110040818DF
S21404B9887047FEB51238070C6946088000F0E0FADE
S21404B9980190274C294D2888B8421ADA01202C49E8
S21404B9A80860274E30BF02202168014006D0306068
S21404B9B84003264908602888401C2880FFF75EFF55
S21404B9C8002802D12988B942ECDB012171600028DD
S21404B9D80DD12888B8420AD1A068694609888842E1
S21404B9E805D2002168460088FFF75BFF01E0FFF7F1
S21404B9F845FF04008020C00114490860019800F03F
S21404BA08ABFA2000FEBD10B512490A680E4B1B6837
S21404BA180C689442FAD0DB014033141A02D28869BF
S21404BA282418641C0C4800684443181B10BD000006
S21404BA38280002A804ED00E0FF3F0000743E000062
S21404BA48282002A8281002A8300002A880E200E0F5
S21404BA582C1002A820C001A8B43F0000F0B502E0EC
S21404BA680A601C602E607EC84F1C07D05F1C04D07A
S21404BA786F1CF5D10A601C60F0BD0A60F0BD0000BA
S21404BA8880B5FEF709FC01207F49086001BD80B532
S21404BA98EB2000F001F801BD30B57C490B6818406E
S21404BAA81022134210D07A4B7A4C2468224008D0CD
S21404BAB8A84A14682402FF252D022540DD620024C6
S21404BAC81460802252031A60086030BDF3B5010082
S21404BAD816001C00002500959F48019A330000278D
S21404BAE80BE0BC464F5D4743AE009E597E40575D0B
S21404BAF847433740664637436D1CA542F1D3390998
S21404BB0839438A080A43510811430840C1090143C6
S21404BB180F208A0B0A4302405040F6BDF1B582B0A6
S21404BB280E0000208B490860FD25AD01EF7AA87A3F
S21404BB3801900F21394000910ED00B46874A884958
S21404BB480298FFF7C3FF01990140824801608548BF
S21404BB5841438548084001D1012400E044013809DE
S21404BB6815D032003B0929000298009E6D7A751993
S21404BB784019FFF7ABFF019909110140754802689F
S21404BB880B0113430360002901D048004443774857
S21404BB980068204001D10420FEBD0020FEBD80B50B
S21404BBA80A0000211180724952888018FFF7B6FFF0
S21404BBB802BD70B50F226F4B5C7905780F202040C4
S21404BBC8C5402009284001259C79C4402C4001D151
S21404BBD8032070BD2F4C2468254005D09D68460078
S21404BBE8AD5B6D1E644E3560DD78DE79C640F007C1
S21404BBF811D5E0060FD5002D0DD06048486008889A
S21404BC08488008881C7800192A4080185A788018B2
S21404BC182A09801800E000200880002070BD80B53E
S21404BC2857480168574A0820014201D050611061FC
S21404BC38C90602D58621090111605349534A126878
S21404BC4812040CD5524A1268530401D5C00305E001
S21404BC58C0239B0113404202934200D008600D485B
S21404BC680078C022024002D1802040050860494876
S21404BC78006820221040086047480068C00101D4C4
S21404BC88FFF705FF01BD00002C4000A8703F000028
S21404BC981C1002A8C83E0000F8B5404F38687E68F5
S21404BCA806403F4830403F4908608024A4033E4D80
S21404BCB8F00227D53D48016801200A0605D53C4907
S21404BCC80968A9602870022014E0014202D03949A4
S21404BCD8A9600FE00020C9060CD52849A960364A91
S21404BCE891780B071B0F12789A1809095118A9801E
S21404BCF8E880A888A880A888002801D0264301E000
S21404BD08FFF7C5FE264023D0264E74603460A88804
S21404BD1800280BD0F969814208D3291D2748AA6848
S21404BD2890470100F3D0FFF7ABFEF1BD01000CD03D
S21404BD38FC218902B161224902038A6134604C609D
S21404BD48FA69824204D30C60F1BDEB20FFF7A4FE27
S21404BD58F1BD0000503E000001010101F83E00005C
S21404BD68383F00001111000021840000F43E000052
S21404BD78183F0000483F0000204000A8531F00005A
S21404BD88F84F0000302102A8441002A8384101A840
S21404BD98204201A8084001A8CC4000A8B44000A846
S21404BDA8FFFFDFFFB46000A8543E0000C83E000052
S21404BDB8EC370000671F0000493F0000D44000A885
S21404BDC8B45000A810B5C409FFF7D1FD201A3128CD
S21404BDD806DAC000183801D4C01EFDD5002010BDF0
S21404BDE82000FFF7CEFD10BDC32148436F3801D4A9
S21404BDF81E38FDD500207047FEB5C020C00436495D
S21404BE08086036483649C865102436480460102049
S21404BE18FFF7EAFF00285ED1FF20000532490860D4
S21404BE2832483349086033482D49086025042E48AB
S21404BE380560314807680820FFF7D6FF00284AD16E
S21404BE4808262E4806600120FFF7CEFF2A48806899
S21404BE5802902B4806602B48214908602248056052
S21404BE680820FFF7C1FF002835D1244806600120C2
S21404BE78FFF7BAFF204DA868019021480660184EBF
S21404BE88214830600299019800F046F80104FC2025
S21404BE988003084000900298C10B0198C00B00F07C
S21404BEA83BF80006FC218905014000980143174821
S21404BEB80A0C4240FF239B1CD218104008433060EB
S21404BEC82F60E00308490860286828601048046062
S21404BED8104981640020FEBD20E000A8F717000082
S21404BEE82C0102A8401102A8B02002A80000380EAF
S21404BEF8B01002A810103030E04001A8E05001A8A5
S21404BF08E06001A830301010202020203F3F0000B9
S21404BF18402102A8F7FFF00010B54904CA104004EF
S21404BF28C310991A00209A18D30F9A185210521848
S21404BF388B115B0E5B18DB11D2182023541A01D41C
S21404BF4822001843CC0F611849105B08F6D110BDBF
S21404BF58EFF3108072B67047002800D162B67047B7
S21404BF6880B5FEF779FA002802D0B74800688047FB
S21404BF7801BD80B5FEF7B2FAB448006800030AD4D7
S21404BF88FEF7FAFCFFF752FBFEF75BFC0120FFF70F
S21404BF9829FBFFF716F880208005FEF73BFA01BD5B
S21404BFA880B5FEF79BFA80204002FEF733FA01BDFF
S21404BFB8F8B5FEF721FA052097490860FEF725FA32
S21404BFC8964806680124264201D1FEF774FBFEF75C
S21404BFD885FA9F48016800919E4A40681060B1053A
S21404BFE8C80F002126420FD000919B4B5D68156050
S21404BFF81D689A4A17687B1BBD4202D39769DB19EA
S21404C0085B1C974FBB42F5D3964D2960002804D095
S21404C01831000098FDF7DEFF00902868204004D120
S21404C0286846FEF774FB002802D10098FEF7C2FBA8
S21404C038A94804606004FEF7EDF9F1BD38B5A74CCD
S21404C048E06BC00506D580200006206000BF00BF50
S21404C05840082060FEF724FCFEF740FAFDF764FE6D
S21404C06805009F489F490860FFF77AFF8020C002B2
S21404C078FEF7D0F9002D01D08020206001209A49CF
S21404C088087031BDF8B5FEF729FA984F2C20385CAD
S21404C0980521014002D0FEF7B7FA01E0FEF7C1FA1F
S21404C0A88E4C0225F86A284001D001202060102012
S21404C0B8C0438F4908600026A6638E480660FEF7CC
S21404C0C8CBF9002803D08C480068804700E03E601F
S21404C0D8FEF792F989480068E16B090407D400075B
S21404C0E805D5FEF79FF986490D60FEF7A4F9FEF715
S21404C0F88CF9FFF794FDA804FEF78CF9F1BD80B51A
S21404C108FEF7ECF951480068000303D4FEF799FBE0
S21404C118FEF757FF80204003FEF77CF901BD38B5CB
S21404C128FEF7DCF96D4C2025FFF73CFB002806D00B
S21404C138206B000704D5FFF75AFBFEF7F7FF2560C8
S21404C148FEF77FFBFEF73DFF6E4800780C210140A2
S21404C158042902D1FEF758FA01E0FEF762FA6804E9
S21404C168FEF758F94020206031BD1CB5FEF744F9A7
S21404C178052029490860FEF748F9FEF7AFF9FFF7E6
S21404C18836FBB848006800906846FEF77FFF040050
S21404C198FFF7E6FE002C02D10098FEF7EDFF80209C
S21404C1A84004FEF737F913BDF8B5FEF797F9AE4C19
S21404C1B8256A5020284002D0FEF726FA01E0FEF74A
S21404C1C830FA464FFFF7EEFA00281BD1786B400783
S21404C1D81DD4386BE0214901014018D1A80611D4B2
S21404C1E8FEF70AF9256AA14E354207D0FF20C04358
S21404C1F82D182562802000059D490860FEF705F97C
S21404C2082E4002D00120386001E000202060802003
S21404C2188004FEF7FFF8F1BD3C1102A8400002A80E
S21404C22880B5FEF75BF993480068400601D5FEF72B
S21404C23808FB0120FFF7D6F9FEF7C3FE8020C004EA
S21404C248FEF7E8F801BD0000DC3700000C0002A881
S21404C258B83F00004C3E0000D43E000020C001A8B1
S21404C26801FF0000483E000010B526480468FEF7A3
S21404C27835F981490968090328D40321C00601D57C
S21404C288214001E0A0080140012902D1FEF7BCF9CB
S21404C2980BE0200107D50E20FFF7F2FBA748042180
S21404C2A8016008210160FEF7BCF9A54C2069A54980
S21404C2B80860FFF755FE2068002807D040001228BB
S21404C2C802D2FFF791FD01E0FFF737FB80208003D9
S21404C2D8FEF7A0F810BD0000402002A8100002A82F
S21404C2E870012000B46000A8773E0000C43E000039
S21404C2F8442002A8503E0000E0370000844000A80E
S21404C3087CE40350F03E0000F8B584B00126684685
S21404C318067000270297FEF7E1F80390564C20684B
S21404C328000300D597E00320A849C8638648006838
S21404C338FB25AD010F210F220240032A03D0000B70
S21404C348014006294DD1A2480068A2498E6DE16BCA
S21404C358890701D59F49CE6DFFF755FB8619FEF769
S21404C3687BF800280ED02879C1060BD02868090D5A
S21404C3784143890B761897490968002902D10002B7
S21404C388400C3618002E01D5019700E00196606B24
S21404C3980107C80F03212A6B0A40022A1BD1039AF5
S21404C3A8D20618D5AA68D30513D5A66B8A4B1E40A1
S21404C3B89E4203D11021854AD1630CE092050AD423
S21404C3C8E26B2823134006D16B461F70284A116077
S21404C3D801E06A461770029068460678002E03D174
S21404C3E80FE07C48406D0190FFF7DCF9002808D080
S21404C3F8FFF7FDF90298002802D0FEF797FE00E042
S21404C4080026022071490860002E10D03020285CCF
S21404C4180C210140042902D0A06BC00602D5FEF701
S21404C428F3F801E0FEF7FDF82020606013E0FEF75D
S21404C43808FA802000060E490860684868490860BB
S21404C44801A8FEF723FE0400FFF78AFD002C02D19C
S21404C4580198FEF791FE80200004FDF7DBFF05B087
S21404C468F0BD0000CC3F0000D03E000000FFFF00F7
S21404C478441002A8440102A80C0002A8FEB5002431
S21404C4880194FEF72BF8FFF76BFD564EF06E564DEB
S21404C4980007000F072807D17068002804D4002076
S21404C4A8FFF7A0F8286841E0012103204F4A736883
S21404C4B85B070BD44E4B1B680B4007D01368DF058D
S21404C4C80BD55B0502D43368DB0503D40191916A66
S21404C4D8890904E01021474B1960916A0909084044
S21404C4E800900020FFF77EF80098002805D17068B1
S21404C4F8C00602D4FEF795F801E0FEF785F800209A
S21404C5080199002903D13C480068FFF77CFA696959
S21404C518401801D5009400E000906846FEF7F7F846
S21404C528002805D10098FEF745F9A869054908606A
S21404C53880200005FDF76EFFF7BD000080E200E0EE
S21404C548AC3F00004C3E0000AC0002A8F8B5FDF76E
S21404C558C5FF002400252948066B80277F0530067A
S21404C56806D5300709D5FFF742F9FEF7DFFD29E0BF
S21404C57801251F480068284019D00020FFF732F824
S21404C5880220064002D01E490C60C8611D48046893
S21404C598002D03D02000FDF7A9FD0400FFF727F9B6
S21404C5A82000FEF7E9FD3800FDF734FFF1BD164814
S21404C5B80078C0210140402902D1FEF725F801E0A1
S21404C5C8FEF72FF820200D490860ECE7082002A89B
S21404C5D80CC101A86C3F000010000010FFFF7F7F0D
S21404C5E8B46000A8400002A8BC3F0000C83E000093
S21404C5F8B44000A8441002A81CC101A8100002A850
S21404C608180000AAD83F0000F03E000000F03CF8EE
S21404C61802480349486000F052F800BF732A000035
S21404C6280000000080B5EFF305800B2801D23A21FC
S21404C63800E02921FF221632002000F03FFAFEE728
S21404C64810B5C20018231340FF249C40E243890710
S21404C658090E9940030004D470489B089B00C01830
S21404C66806E0AD4B0007000F08388008800018184D
S21404C67803681A401143016010BD80B57322542123
S21404C688002000F01BFA01BD10B5FFF761FC01217C
S21404C698634A1160634B644A1360644A1360032355
S21404C6A8634C2360634C2360634B1960634B1960C7
S21404C6B88023A44C2360D160FFF74EFC10BDFFF71F
S21404C6C847FC05000024012160B2FFF7B9FF641C8B
S21404C6D80E2CF8D301210F20FFF7B2FF01211120F9
S21404C6E8FFF7AEFF01211320FFF7AAFF0121172049
S21404C6F8FFF7A6FF03210120C043FFF7A1FF01218E
S21404C7081B20FFF79DFF7348734908607348C16A86
S21404C718C1620168016002207149086001208A49E3
S21404C728086047046F4C20693840FCD020688001B4
S21404C73801D4FDF748FE2800FFF70EFC774D0AE003
S21404C74800281BD0FDF76EFE18E020693840FCD0A0
S21404C7583000FFF701FC206E0004000F022801D108
S21404C768FEF73AFAFFF7F4FB0600FDF76BFE00281F
S21404C778A878E5D0002801D1FDF75DFE0120697888
S21404C788002909D12978002905D17049096889063C
S21404C79801D45349086030BF0021697029780029FC
S21404C7A8D6D102214E4A116067490860CDE7684829
S21404C7B8016842680A40674810401B4908608007B9
S21404C7C803D5A4480188491C0180704770B562489F
S21404C7D8016840680840000E000660498022120579
S21404C7E8104218D05E4B1C68641C1C605D4C5E4D81
S21404C7F82D682D0407D5A568002D04D007250D60DF
S21404C8080125AC4E3560402525601B68012B02D9EE
S21404C81810238B62CA67886770BD000000E400E0D6
S21404C828040002A80000FF3F282002A82C1002A833
S21404C83840E002A844C002A804C001A8044001A815
S21404C848F8B5854C206B616B01400091834D084612
S21404C858286000988249014007D0FDF7FDFD0028AE
S21404C86803D00098944909688847802000990140B5
S21404C8781CD0F821C90123680B4017D0C022120126
S21404C888934213D880231B06EB6226680E40944F07
S21404C8983F683F043F0F022F01D0032F03D1002E19
S21404C8A801D09642F1D38F490B6028608E480078F1
S21404C8B806280DDA0098CC218901014008D0FFF734
S21404C8C847FB04000098FDF7B5FA2000FFF744FB81
S21404C8D8F1BD0000FFFF9B0800E100E0E04001A86E
S21404C8E85C2002A84C0002A810B580480168446879
S21404C8F80C407F48046080210C4205D041607D4886
S21404C90801600020FDF796FA600403D580204005F0
S21404C9187949086010BD00001CED00E0763E000072
S21404C92838B57648016844680C40E00707D5FFF731
S21404C9380FFB0500FDF714FB2800FFF70DFB7048F6
S21404C948046031BD505201A85C1002A8F40302A882
S21404C958280002A8FFFF00C0B44000A83C6000A856
S21404C968703E00002C4000A8384101A8FEB5654C6E
S21404C978206C666C064001273E4216D03D06624887
S21404C9880560206861490F60002802D00021FDF781
S21404C998A5FC5F480068A021C90188428041C043BD
S21404C9A8C00F5C4988705C480560FDF73BFD029043
S21404C9B802210E4049D06068C2B20192000A009073
S21404C9C808224B4B4C03554D0020019E012E27D0C0
S21404C9D8022E38D1009E012E24D1EE780096504EB1
S21404C9E82F780C2047430020F051287840059027DC
S21404C9F87F04C719032038434A4F38601C604A48E6
S21404CA080460301D2B780C246343484C2468009F2C
S21404CA18E419C45028780C2358433150444811E08C
S21404CA280091DCE7002E0ED1424E37603C4E361D90
S21404CA382D780C277D4370515C601C60C8043E4BFF
S21404CA4818603E480260314801600298FDF7F3FC1E
S21404CA58F7BD0000743E00001C4201A84C6201A801
S21404CA680200060070B5FDF7DDFC0400FFF770FA57
S21404CA782C490A68D20717D5294A121D304B5D7A05
S21404CA880C2675435659294D2D681E60CE685E607F
S21404CA984968D9818021C9041B4E3160197B6918FD
S21404CAA85B7A0C256B43D150FFF756FA2000FDF746
S21404CAB8C2FC70BD3C5000A8D8370000002800D03F
S21404CAC8704710B50C00FDF7ADFC1E490C6001223A
S21404CAD81D4B1A600B6C1340FCD1FDF7ACFC10BD63
S21404CAE8AC0002A8785201A8403E000090C001A8F5
S21404CAF890E001A80CC001A804ED00E090C000A8CE
S21404CB0890E000A800C002A8401002A840E002A8CE
S21404CB18404000A8763E0000402002A88D3E000053
S21404CB28300000A860C101A894D001A8200000A87D
S21404CB38F42302A860E101A880E200E0F41302A846
S21404CB48843E0000008002A8409002A890CB04000F
S21404CB58000000006CCB0400010000000000000088
S21404CB6800F04902000000004063598F404B4C0017
S21404CB780B000B001A00FF7F2C6B0020000000003F
S21404CB880CCF0400000000000C40020001801400D2
S21404CB987F40000020400200000000000000000063
S21404CBA830400700000000000000000000000000FD
S21404CBB8000000000000000000400000A007040079
S21404CBC850400100000000005C4002000000000025
S21404CBD800000000A840010007000000BC40040054
S21404CBE80000000000000000000000000000000034
S21404CBF80441040000400000FF4C0000FF5D0000F4
S21404CC08FF4D000020C0011000F8070020C00130C6
S21404CC18F502080024C00110FF00000024C00130FB
S21404CC280018000028C00700EC80B3834375405101
S21404CC38A00F00483040000000000000000000007C
S21404CC482E02000050C00400511130040E2D09E6CF
S21404CC5854060708D1B6020064C00A000430001C53
S21404CC68403018090D647920EBFCFB017FF6E803D5
S21404CC78BD4B721511A3180510325476980A000095
S21404CC880000000008000101040700001800010164
S21404CC980000000020000101088400001C40080170
S21404CCA81000000020F9130407C05200000000001A
S21404CCB80000000000000003000000000000000060
S21404CCC8584006016402FF00410800000100000005
S21404CCD8B0070800A700000000000000804011010B
S21404CCE84B01A0089BC34A74F00300000000000030
S21404CCF8000000000101103050707F7F0000000023
S21404CD080000000000000000000000000000000012
S21404CD180000000000000000000000000000000002
S21404CD2800000000E040020133000000000000009C
S21404CD38EC4001017DA8D98BF440050164048307FF
S21404CD488813C83A9C200A0000612000B75635129A
S21404CD580C410301F95412002030042988BB4040D2
S21404CD6824410201000000000310000030410A01BB
S21404CD786406660C0C010000E853FA000000000084
S21404CD880000000000000000000000000000000092
S21404CD9800000000010100006841030164048307E1
S21404CDA888138200000000003042040100000000DE
S21404CDB80000000E000000000000000044420201CB
S21404CDC800000000F4811F0054420C01000000001B
S21404CDD800003C00000000000000000055555555B2
S21404CDE8170000000000000000000000AAAA0600C1
S21404CDF80000000000000000000000001080010190
S21404CE0803000000388002011149100001000000E8
S21404CE189C800301EB40020070780300D5C0000034
S21404CE28A8800111F0010000A88001310542CB0159
S21404CE38AC800111F0010000AC80013105228D00A0
S21404CE48B0800201000300023700000198000202C5
S21404CE58000C00044C000000A400010200040000BA
S21404CE68D0000202050040AA88010000E40001027E
S21404CE786C2C5111F4000202000000003D21081138
S21404CE88FC0001123F000000FC00013200540400BC
S21404CE98300101026000510254010102C43F00003F
S21404CEA86801010200040000FC4F0103BCCE040024
S21404CEB8FFFFFFFF12000000666666000000000021
S21404CEC874CF040064CF040000000000001A9A001F
S21404CED8005A620280841E000420F500114950029C
S21404CEE8000000000ECF0400000000000000000050
S21404CEF800000000B1841E000000000000000000CE
S21404CF080000000005020200000000F049020614B2
S21404CF18000000E0930405380000A00800000000A4
S21404CF28580901040706100A01040707C80A00047A
S21404CF380807800B00040808380C00040908610870
S21404CF4800000000680800000000C7090104040384
S21404CF582C0B01040404920C01040504ED170000CC
S21404CF68ED1700000000000000000000193F01064D
S21404CF780410010000010106001027000009000043
S21404CF88000000000000000005F20100B5F10100F1
S21404CF98C1F10100B1F20100BD7E03005F84030005
S21404CFA863840300678403006B8403006F840300B0
S21404CFB800000000A8010000081400200001030473
S21404CFC864EE01001000000024E101001A000000CD
S21404CFD879EB01001100000075E40100110000005F
S21404CFE863E511000400000023E1110004000000BA
S21404CFF825E101000800000026E101000A000000FF
S21404D00827E1010002000000000000000000000004
S21404D01879D1040073D10400000000007AD104001A
S21404D028977C040000000000917C0400937C0400B4
S21404D03800000000957C040051D104007FD1040050
S21404D048987C0400927C040000000000967C04008F
S21404D0586CD004008F7C0400907C0400947C04004C
S21404D0688E7C0400000203040508090A0B0001026A
S21404D0780304051D2000B40108020200AA00FFFFED
S21404D088FFFFFFFFFFFFFFFF7FA30300C14F020060
S21404D0983D7B02008D1803004D7E0200E58C0300DC
S21404D0A8E78C0300E98C0300EB8C03004DDF0200D9
S21404D0B8E9B702002DF90200391203005D6C02007C
S21404D0C8DF8C030089BA0200E18C03006160020069
S21404D0D8E38C0300A5730300556502001B4903008F
S21404D0E8000000000013000000000000000000001C
S21404D0F80100000015BE020002000000DD9D0300CA
S21404D108030000006DBD020004000000579D0300E4
S21404D118050000000DBD020000000000000000002D
S21404D1280023001B2200FF00000000000C09020276
S21404D138000000001C1A0B0303FF06080402020280
S21404D14804020A0B030302030480FF0204FF01011E
S21404D15801010800000000000000005A69674265E3
S21404D16865416C6C69616E6365303980008F8E8C9E
S20C04D17880808006080C10807C
S20C04D180A49BFB7F01000000E4
S21004D18894D1040020670020CB010000B6
S21404D1940000000000000000FFFF00000100000083
S21404D1A40000000000000000000000000000000072
S21404D1B40000000000000000000000000000000062
S21404D1C40000000000000000000000000000000052
S21404D1D40000000000000000000000000000000042
S21404D1E40000000000000000000000000000000032
S21404D1F40000000000000000000000000000000022
S21404D2040000000000000000000000000000000011
S21404D2140000000000000000000000000000000001
S21404D22400000000000000000000000000000000F1
S21404D23400000000000000000000000000000000E1
S21404D24400000000000000000000000000000000D1
S21404D25400000000000000000000000000000000C1
S21404D26400000000000000000000000000000000B1
S21404D27400000000000000000000000000000000A1
S21404D2840000000000000000000000000000000091
S21404D2940000000000000000000100000000F0018F
S21404D2A40800000008100020010023010400000008
S21404D2B410100020060030010100000014100020A5
S21404D2C4FFFFFFFFC0EA2101C0EA2101008000003D
S21404D2D400F049026868002000600700008000002F
S21404D2E4E8380020C8000000FE000000000000002B
S21404D2F4206E040018100020FFFFFFFF8071040056
S21404D30433000000FD190100330000005D4D0300E6
S21404D31460EA030064EA030071EA03007EEA030099
S21404D3248BEA030098EA0300ABEA0300BDEA0300B1
S21404D334CAEA0300D7EA0300E4EA0300F9EA0300AE
S21404D3440CEB03001EEB030033EB030042EB030079
S21404D35453EB030062EB030072EB03007EEB030063
S21404D3648BEB03009BEB0300ADEB0300BCEB030069
S21404D374CBEB0300D4EB0300E9EB0300FEEB030062
S21404D38413EC030033EC030041EC030060EC0300ED
S21404D3947BEC03008EEC03009BEC0300B0EC030070
S21404D3A4BFEC0300CEEC0300E0EC0300F2EC030055
S21404D3B405ED030018ED03002EED03000000000045
S21404D3C40F00000065EF03007CEF0300FF0000007D
S21404D3D40000000000000000000000000000000040
S21404D3E40000000000000000000000000030E70415
S21404D3F400C81803D9F70300DEF703000BF803008C
S21404D40436F8030064F8030092F80300C1F8030036
S21404D414EEF803001EF903004EF903009EF9030018
S21404D424FFFFFFFF00F80300FFFFFFFF00000400F8
S21404D43400000400005C2605CC69002006000000F9
S21404D4441494040000000000010019000100000008
S21404D454D04400200100190001000000D04400203C
S21404D4640100190001000000D04400200100190046
S21404D47401000000D044002001001900010000004F
S21404D484D04400200100190001000000D04400200C
S21404D4940100190001000000D04400200100190016
S21404D4A401000000D044002001001900010000001F
S21404D4B4D04400200100190001000000D0440020DC
S21404D4C40100190001000000D044002001001900E6
S21404D4D401000000D0440020DC48002000000000C6
S21404D4E400000000107D0400884F0020806A00209D
S21404D4F448520020B06B0400060000000000000040
S21404D5040000000000000000749404008C940400DE
S21404D514BB6B0400E5220400FE000000B06A002091
S21404D5240000000058520020C05200202853002057
S21404D53400000000000000000000000000000000DE
S21404D54400000000000000000000000000000000CE
S21404D55400000000000000000000000000000000BE
S21404D564000000000000000000000000937D03009B
S21404D5748F7D0300FFFFFFFF977D0300FFFFFFFF80
S21404D584EF8203004B830300FFFFFFFFFFFFFFFF51
S21404D594FFFFFFFFFFFFFFFF2F2A0000FFFFFFFF31
S21404D5A400000000E1840300B8CF0400FFFFFFFF7F
S21404D5B40000000020A1070000000000D1BC030006
S21404D5C4000000000000000000000000000000004E
S21404D5D4000000000000000000000000000000003E
S21404D5E410580020D1450200455F0200E5220400DD
S21404D5F4000000000000000000000000000000001E
S21404D60410580020694C020000000000E5220400C3
S21404D61400000000000000000000000000000000FD
S21404D6241058002091560200455F0200E5220400CB
S21404D63400000000000000000000000000000000DD
S21404D644A86C040010580020E970020000000000D2
S21404D654E5220400000000000000000000000000B2
S21404D6640000000010580020ED79020000000000BD
S21404D674E522040000000000000000000000000092
S21404D6840000000010580020498A02000000000030
S21404D694E522040000000000000000000000000072
S21404D6A400000000B80B000010580020298E020069
S21404D6B400000000E5220400000000000000000052
S21404D6C40000000000000000105800200997020023
S21404D6D400000000E5220400000000000000000032
S21404D6E40000000000000000105800207998020092
S21404D6F400000000E5220400000000000000000012
S21404D70400000000000000001058002019930300D5
S21404D71400000000E52204000000000000000000F1
S21404D724000000000000000010580020C19B020006
S21404D73400000000E52204000000000000000000D1
S21404D74400000000000000001058002065A002003D
S21404D75400000000E52204000000000000000000B1
S21404D764000000000000000010580020E19F0300A1
S21404D77400000000E5220400000000000000000091
S21404D784000000000000000010580020DDF802002D
S21404D79400000000E5220400000000000000000071
S21404D7A4000000000000000029A503001058002013
S21404D7B4A9120300455F0200E522040000000000ED
S21404D7C400000000000000000000000010580020C4
S21404D7D41919030000000000E522040000000000FC
S21404D7E4000000000000000000000000FFFFD00757
S21404D7F4B80B0000FFFFFFFFCEFAEFBEFFFFFDFFEE
S21404D804FDFF0C002C01001E2C0140068000FFFFC7
S21404D81404F8FFFF0C000000000000004000FDFFB9
S21404D8242C019C000000FFFFFDFFFFFFFFFF60EAE2
S21404D8348000800010C1CDAB0A01320101FFFFFF56
S21404D844FFFFFFFFFFFFFFFFFFFFFFFFFFFFFFFFDB
S21404D854FFFFFFFFFFFFFFFFFFFFFFFFFF01FF05C3
S21404D864FFFFFF0101FFFF0201FFFF640250FF0FE9
S21404D8740208031E050216010A0C052007051001FA
S21404D884010F080101010104FF0301FF0CFF0F7FD0
S21404D8947F0150403000FFFFFF0B03FF050B01031D
S21404D8A40105020201FFFFFFFFFFFFFFFF01010264
S21004D8B4FFFFFF01056D0000DD6C0000A6
S80400A25504
