S01B00006275696C642F72656C656173652F7A69676265652E73333714
S214004000081000205D7D0000F1C40000114E030082
S214004010114E0300F9C4000001C50000114E030054
S214004020114E0300114E0300114E0300114E030003
S21400403005C5000004940400114E0300114E030051
S214004040114E0300114E0300114E03007578000058
S214004050114E0300114E0300114E0300114E0300D3
S214004060114E0300114E030005CA0000114E030056
S214004070114E0300114E0300114E0300114E0300B3
S214004080114E0300114E0300114E0300114E0300A3
S214004090114E0300114E0300114E0300114E030093
S2140040A0114E03002581000009810000114E030017
S2140040B0114E0300114E0300114E03005519020065
S2140040C003AA0300FFA90300B910020019AA0300FF
S2140040D007AA0300151902000BAA030049FD0100F8
S2140040E095190200114E0300114E0300114E0300F5
S2140040F0114E0300114E0300114E0300114E030033
S214004100114E0300114E0300114E0300114E030022
S214004110114E0300114E0300114E0300114E030012
S214004120114E0300114E0300114E0300114E030002
S208004130114E030024
S214004134F0B5114A114C124E00F00105E3695F0711
S21400414413D40DB9334213D103EA00078F4207D1C3
S2140041540B4A1A40002A14BF6FF001000020F0BD7D
S214004164013AEBD16FF00200F9E74FF0FF30F6E7C3
S2140041746FF00100F3E700BF80969800000003503C
S214004184020001000B4B70B5D96911F480310DD1D2
S21400419401244FF48072084E084DF46020462C64C7
S2140041A41A61FFF7C5FF3464EC6070BD6FF0010060
S2140041B4FBE700BF0000035000100350002003502C
S2140041C438B541F6713301220C4C0021E569E363EE
S2140041D40B4B05F48035DA600223606121202361ED
S2140041E4FFF7A6FF10B92120FFF7A2FF0122054B17
S2140041F4DA600DB10023E36338BD00BF000003504E
S214004204001003500020035070B5134C6061E3693E
S2140042145B071ED40E4656F8043B8D18A361AE42C7
S2140042240BD10423002121202361FFF781FF58B915
S214004234BDE870402120FFF77BBF08210846FFF742
S21400424477FF10B10423236170BD56F8043BA361C5
S214004254E5E74FF0FF30F7E7000003502DE9F84399
S214004264154641F67132164B8946DF69DA63012238
S214004274064603F58053DFF8508007F48037DA608B
S21400428455B9284601220F4BDA601FB10022A3F568
S2140042940053DA63BDE8F88306F5005404EA08041C
S2140042A4A41BAC4228BF2C46494622463046FFF79C
S2140042B4ABFF0028E6D12644A1442D1BE0E700BF4F
S2100042C4000003500020035000E0FFFF45
S2140042D02DE9F04F4FF0FD0BC9B09A460DF11B09C2
S2140042E09DF8503108AFCDF80C90CDF808B0019786
S2140042F0059303890446009383790E4690464188C9
S2140043008288407812F044F8054650B10090A388A1
S214004310002062883A4912F07FFB284649B0BDE883
S214004320F08F99F8000033F08AFE38B12846A3884B
S2140043306288344912F070FB8D25EEE75A463946FE
S21400434099F8000033F023FE8346002851D0529B94
S2140043501BB1BDF84C3198424BD8002399F8009019
S2140043600793A9F14102012A5FFA8BF123D8384658
S2140043700139254ADFF898C05FFA81FE734513DBE2
S214004380059B04210792C3B907AF18221F489FED6B
S2140043901A7B02FB060420460A460830394684ED9E
S2140043A0027B17F08FF811E010F8011F013351401F
S2140043B00CFB01F2E2E7059B33B123464A4638463A
S2140043C000960FF00DFFA8E70829DED9B8F1000F18
S2140043D001D088F80090BAF1000F01D0AAF800B01A
S2140043E0529B002B99D05A46184608A917F06AF82F
S2140043F093E7012591E700BF0000000000000000E1
S214004400983D0400CD3D0400C59D1C818010002011
S21400441093010001000000002DE9F04F93B0CDE9B4
S2140044200A32DDE91C530E9353EC102BCDE908013C
S214004430104619468DED060B1E9E16F0CDFA80B17D
S214004440DDE906014FF0FF32C54B16F0EDFA40B934
S214004450DDE906014FF0FF326FF4801316F0C6FA5E
S21400446070B1DDE908019DED060B0E9B1E96CDE9A9
S2140044701C53DDE90A3213B0BDE8F04F00F088B9EE
S2140044800022DDE90601002316F0B0FA002800F04D
S2140044903381DDE906A303F1004BCBF30A5016F493
S2140044A08063A0F2FF3008BF06250F9315F0C2FF09
S2140044B09BA3D3E9002316F027F89BA3D3E9002398
S2140044C015F06CFECBF31304894644F07F5180460A
S2140044D00022A44B504641F4401115F05DFE94A313
S2140044E0D3E9002316F010F802460B46404649462C
S2140044F015F054FE16F0A2FA044615F09BFF8EA3A4
S214004500D3E900238046894615F0FEFF0022964B2D
S21400451015F044FE16F092FA89A3D3E90023074665
S2140045204946404615F0F0FF80463846894615F065
S21400453081FF85A3D3E9002315F0E6FF02460B466C
S2140045404046494615F028FE02460B46CDE90C23A8
S21400455015F0DAFFDDE90C23804689461046194639
S21400456015F01CFE0022CDE91001804B404649465E
S21400457016F0F4F800227E4B15F010FE02460B46AD
S2140045804046494616F0EAF800227A4B15F006FE39
S21400459002460B464046494616F0E0F8DDE90C2395
S2140045A08046894600204FF0804115F0F5FD024612
S2140045B00B464046494615F0F1FD02460B46DDE93E
S2140045C0100116F0CBF807F2FF3700226A4B15F001
S2140045D0E5FD00223B0515F097FF52465B468046F8
S2140045E0894616F021FA002840F08980CDE90C892A
S2140045F004F16303C62B8CBF0527042731051BD5A2
S21400460053A3D3E900235046594616F003FA002870
S2140046107FD051A3D3E900235046594616F0E6F959
S214004620002876D00027A542C6BF2C1B04F1FF3514
S21400463000253C4646F480660E9B9F422CBF4FF0FA
S2140046400008A3EB070816F0020903D0002F18BFD6
S2140046504FF000083CB1DDE90C235046594616F0F1
S2140046607DF882468B46DDE906010022002316F01F
S214004670BDF910B10BF100439B46DDE9080126F4B5
S2140046800063CDE90183DDE90A324BEC10AB0095FF
S21400469000F07EF802465FB3DDE9091316F0200F3E
S2140046A000F10105089E0CBF65204520B047DDE9F6
S2140046B008010523002205930A23002CCDE90232C7
S2140046C007F1FF374FEAD473B8BF64422A46019316
S2140046D004970A9B009435F00CFB0246B9F1000FD4
S2140046E006D00B9BC41A0B9B1A190E9BA34245D8E7
S2140046F0104613B0BDE8F08FDDE906ABCDE600222C
S214004700404649461A4B16F029F8013CCDE90C0103
S2140047106EE7002D90D00F9B002B8DD0013D8BE7D0
S214004720FB799F501344D33FB3C8608B288AC63F9B
S21400473061436F63A787D23F71A379094F930A40FD
S2140047401655B5BBB16B0240EF39FAFE422EE63F76
S2140047502D431CEBE2361A3F0000000080842E41F9
S214004760FFFFEF7F0000F83F0000E03F00002C4016
S21400477000002440000018400000F03F2020DDE943
S2140047800913089DA8470134ADE700BF00000000EC
S2140047902DE9F04F5BEC10AB97B0CDE90501DDE9F4
S2140047A02058CDE90723504652465B465946229F7D
S2140047B016F012F970B90323CDE902870193AA4BCC
S2140047C00093DDE90501DDE9072335F0C4F917B0EC
S2140047D0BDE8F08F4FF0FF326FF480135046594615
S2140047E016F004F928B10423CDE9028701939F4B04
S2140047F0E6E74FF0FF32504659469D4B16F014F947
S21400480068B19C4A07F00403002B08BF03229A4BAA
S2140048101CBF13460422CDE902870192D0E750461A
S2140048208DA3D3E90023594616F0FEF838B98CA3B9
S214004830D3E900235046594616F0D8F868B1DDE9AA
S2140048400723DDE905014BEC10ABCDE92187209568
S21400485017B0BDE8F04FFFF7DFBD0022002350463B
S214004860594616F0C3F8002800F091805B46524681
S2140048700020002115F090FC012382468B46099308
S21400488017F4806400F08580092D40F285800024AE
S21400489030210EABA5F109020134202C03F8011BD0
S2140048A0A5EB040901D09442F6D15946504616F0BD
S2140048B0C5F8724B054603EBC90393ED007B8DEDFF
S2140048C00A7B15F0B7FD02460B465046594615F0D2
S2140048D063FCDDE90A2315F017FE02460B46CDE918
S2140048E00C2316F0D3F8064615F094FD02460B4648
S2140048F0DDE90C0115F050FC02460B46CDE90C2311
S21400490000225F4B16F090F8002848D0013630465B
S21400491015F080FD02460B46DDE90A0116F070F838
S21400492008B100260135B9F1000F45D1284615F02B
S21400493081FD02460B465046594615F02DFC0022D6
S2140049404F4B16F053F810B9E90700D501350A2188
S2140049500EAB1A19202C0AD095FBF1F001FB10556E
S214004960303502F8015B013405460028F2D107F025
S2140049700302012A55D1B8F1000F52D0099A12B994
S21400498017F00C0F01D008F1FF38302240E00990F4
S21400499076E74FF0060988E7A946002485E7002257
S2140049A0DDE90C01364B16F021F80028BBD10EB11C
S2140049B0F007B8D50136B6E70A210EAB1A19202C37
S2140049C00DD0B6FBF1F001FB1063092E03F13003A6
S2140049D009F1FF3904F1010402F8013B11D8302136
S2140049E0A1440EAA202CB2D04C4504F101030AD1F2
S2140049F004F158020DEB02042E2204F8202C1C466B
S214004A00A5E70646DBE7A1541C46EBE71A5501343A
S214004A10444506D2202CF9D1CDE9028701940EAB8D
S214004A20CEE6202CF8D0099B3BB12D2204F158038A
S214004A306B4403F8202C0134EEE77A0704D504F122
S214004A4058032B226B44F4E73B07E5D504F15803E3
S214004A5020226B44EDE700BF0000000065CDCD418D
S214004A600000000065CDCDC1875B04008B5B0400B1
S214004A70FFFFEF7F7E5B0400835B040040A304001F
S214004A800000E03F0000000070B58EB02C22002130
S214004A9003A816F087FB64234FF002320893CDE993
S214004AA005230B2301218DF834305B4B8DF8101055
S214004AB01D880D4040F0A980084639F0D9FB0A222F
S214004AC0564B574C1A704FF42873ADF812304FF00F
S214004AD0FF332360534B54491B8820460B82534BAD
S214004AE0534A1B68CD828B61524B0D621B884B82EA
S214004AF0514B1B68CB611CF0C3FF20B14FF41B71F8
S214004B004E483AF0F6FC0521206835F0DBFA20B175
S214004B1040F27D2149483AF0ECFC206815F0F8FA9E
S214004B20474B2068196835F090FB0C253AF008F8DA
S214004B30684309903AF004F868430DEB05010790C6
S214004B40206817F0F1F920B140F295213B483AF081
S214004B50D0FC25681FF03EFB00220146284635F0B3
S214004B60ECFB20B140F2972134483AF0C2FC40F208
S214004B700353344D344E2B80052396F90000AB705A
S214004B807F2801D11DF072F83378EB7039F0D8FF2A
S214004B9000EB80008000A88039F0D2FF0023C00020
S214004BA04FF0FF31E880AB604FF0FF3018A3D3E939
S214004BB0002339F0AFFC2549206835F077FB2068E4
S214004BC002A935F093FF20B14FF434711B483AF038
S214004BD090FC042220680DEB020135F00BFB042844
S214004BE004D040F2D72115483AF083FC01A90120F1
S214004BF034F016FF07F0C0FC01201DF0C9FC30F0B1
S214004C00FFFE1DF0EFFC1CF0C9FF0EB070BD00BF2C
S214004C100A0020FF42030000126000207167002097
S214004C204458002072BC04002C6E002078BC04009F
S214004C3099E2030070BC040074BC0400B692040041
S214004C407C6B0020385800204A7100200DE30300DA
S214004C500348044B834202D0034B03B11847704706
S214004C607C7100207C71002000000000064B074984
S214004C70C91A891048BF0131491003D0044B0BB143
S214004C8001481847704700BF7C7100207C710020E7
S214004C900000000010B5064C237843B9FFF7D8FF94
S214004CA0044B13B10448AFF300800123237010BDFA
S214004CB0681600200000000018E0040008B5044B49
S214004CC01BB104490448AFF30080BDE80840CDE7B7
S214004CD0000000006C16002018E00400A3F5803ADF
S214004CE0704700BF154B002B08BF114B9D46FFF7C2
S214004CF0F5FF00218B460F461148124A121A16F08D
S214004D0051FA0C4B002B00D098470B4B002B00D0D1
S214004D1098470020002104000D000B4816F088FD7F
S214004D2016F018FA200029002FF0B6FD16F06EFDDA
S214004D30000008000000000000000000081000202E
S214004D4008100020D467002099B8010007B501219B
S214004D5020200DF1070201F093F850B10121202028
S214004D600DF107028DF8071001F09AF803B05DF810
S214004D7004FB9DF807100129F8D00122084815F019
S214004D80FFF801210DF1070220208DF8071001F031
S214004D9087F82FF0F6FC4FF4FA6000F0BBFEE5E76C
S214004DA028F9030038B501F003FA012805D001F010
S214004DB0FFF9022801D001F021FA064D2B783BB905
S214004DC001F0F6F90128044602D12FF05CFD2C70A4
S214004DD038BD00BFFE60002010B5044600882FF0E6
S214004DE0A4FCA37884F84400834202BF0123E37046
S214004DF02371074B04F11C00C4E9073401F096F850
S214004E00224620880349BDE8104000F0D3BF00BF0B
S214004E10934403005D44030070B5C37804460D4612
S214004E201646002B34D1D1B1214815F0A9F801233C
S214004E30E370E36CA6600BB1E06D9847E368F61A82
S214004E4063699E4221D2217E1A480131C9B2217679
S214004E5015F096F8A36D13B1217EE06D9847E570C6
S214004E602FF0A2FC15B3237903BBA268238A801A0D
S214004E7083421BD801231048237115F081F8236D57
S214004E80A3B1E06DBDE87040184701232376E6E73E
S214004E900029E4D1094815F073F8636DE660E57003
S214004EA02571002BDBD0E06D9847D8E770BD00BFBA
S214004EB050F9030061F903008FF903007CF9030041
S214004EC010B50446054BC0E903300C3001F02EF84F
S214004ED02046BDE810402FF034BB00BFDF4403007F
S214004EE010B501790446B1FA81F1008849092FF01E
S214004EF07FFB21796088B1FA81F149092FF078FBB0
S214004F00034B1A68A24204BF00221A6010BD00BFFD
S214004F108416002070B543790446A3B100880E4E6F
S214004F2004F10805336813B10C4B1B786BB121797B
S214004F302FF05EFB64210A4B3460A3602846BDE870
S214004F4070402FF028BC4088E9E7064815F018F8AE
S214004F50054B3221A360F1E784160020FF60002095
S214004F60E14E0000A5F90300154F000010B50446F9
S214004F70E0B10F4815F004F801236371A37953B923
S214004F80217920882FF034FB236B7BB1606B0121E5
S214004F90BDE8104018472046FFF7A2FF04F10800BE
S214004FA02FF0FEFB2046FFF7B5FFEDE710BD00BF74
S214004FB0DBF9030010B50446F8B1104814F0E0FF22
S214004FC000236371A3796BB921792088B1FA81F146
S214004FD049092FF00DFB236B7BB1606B0021BDE808
S214004FE0104018472046FFF77BFF04F108002FF01B
S214004FF0D7FB2046FFF78EFFEDE710BDE6F903006E
S21400500010B5044668B1074814F0BAFF6379204625
S2140050101BB1BDE81040FFF7CDBFBDE81040FFF75D
S214005020A5BF10BDF2F9030010B50E4C0E48214680
S21400503014F0A6FF82210D4814F0A2FF8221022060
S214005040A21E00F02DFF014630B134F8022C0848AD
S214005050BDE8104014F094BF0648BDE8104014F0B8
S2140050608FBF00BF9659002001FA03001CFA030008
S21400507027FA03006BFA030038B5104C822122464B
S214005080022000F0FDFEA51C014678B122880C48DF
S21400509014F076FF2A460B4B03F1340153F8040B49
S2140050A08B4242F8040BF9D13323238035F8021CD7
S2140050B0054A0648BDE8384014F062BF94590020FF
S2140050C076FA0300F6FA030096590020D4FA030095
S2140050D0034B1B781BB18B4201D82FF052BB704795
S2140050E0EA70002010B5044601460E4814F048FF4A
S2140050F0012C11D10C4B0D481A884FF6FF739A42BB
S2140051001EBF0022094B5A742FF058FA01F05AFEBF
S214005110BDE8104001F02CBD0448BDE810402FF05B
S2140051204FBA00BF2AFB03009C700020086B0020CB
S21400513070B500241A4D1B4E3378A3421BDC0024A6
S214005140194D1A4E3378A3421BDC0024184D194E15
S2140051503378A3421BDC01F02BF8012816481CD13B
S2140051602FF02CFA01F02EFE01F002FDBDE8704093
S214005170124801F03DB82846FFF72EFE0134603590
S214005180DAE72846FFF79CFE01343435DAE728468E
S2140051902FF033FA01343835DAE72FF011FAE5E765
S2140051A020250020066100204029002007610020FD
S2140051B0F022002005610020086B0020E55000006A
S2140051C02DE9F04F87B0FFF757FFB34B05A80593BF
S2140051D02FF037FA054615F0E1FEB04CC2B21F2A92
S2140051E0627004D9AE4814F0CBFE00F087FC294666
S2140051F0A01C16F067F905A82FF023FA054615F04F
S214005200CDFEC2B21F2A84F8212001D9A548EAE7BC
S214005210294604F1220016F055F905A82FF011FAD8
S2140052203225044600262778002F40F0B2809E4D97
S214005230FFF77EFF2B789D4C01932378DFF890A232
S214005240DFF8A8829A4E00939AF8003098F800206B
S2140052503178984814F094FE307898F80020297831
S2140052609AF80050831824782B44934D2344BC4668
S2140052702C460B44DBB2B84200F343830024274697
S2140052808E48A14200F34883012B38BF01238C4F80
S21400529002933A4600233C464FF482714FF6FF795C
S2140052A002980133834213705180A2F8049002F1F1
S2140052B00C02F5DB834B82497848A36001F08AF83C
S2140052C0E079A36800EB400003EB800000F022FECC
S2140052D0E3790133E3717C4B1B884B4503D0784957
S2140052E07A4801F07BF94FF00009764C33784B454D
S2140052F000F31B8300274FF00C09DFF8F4B1704D64
S21400530098F800203178BA4200F3228302EB0109B4
S2140053100C2100274FF0940B01FB09516C4B1878B9
S2140053206C4AB84200F331830C214FF000094FF06D
S214005330700B98F8003037781F44074401FB07517C
S2140053405A4B1878644A484500F3348398F800307E
S214005350367800271E449AF800304FF068081E443E
S2140053600C23064403FB06554F4B1B78BB4200F349
S21400537037830299524800F05BFE059B46491A4661
S2140053808B4240F04183554807B0BDE8F04F14F01B
S214005390F7BD532F0FD163784C2B40F05181A37883
S2140053A0502B40F04D8101224D4B1A7005A82FF06E
S2140053B048F9044637E7442F13D16378303B092B6E
S2140053C0F4D8601C2FF04AF9464B474A1978002358
S2140053D085B2994202F16002E8DD22F8465C0133AC
S2140053E0F7E7422F0CD16378542B40F08380A01C43
S2140053F000F02EFD344B188018462FF00CF8D5E739
S214005400582F33D8412FD1D9433F152FCED801A3DB
S21400541053F827F075580000AD530000AD53000058
S214005420AD530000AD530000AD530000955500008D
S214005430AD530000AD530000495500007F540000F6
S214005440AD530000AD530000AD530000AD53000057
S214005450EF56000041560000AD530000AD5300006B
S214005460AD530000AD53000075570000692F9DD165
S214005470601C2FF0F3F880B22FF07FF996E70C4B04
S2140054800120197800230C4A994202F1A8028DDD0A
S21400549002F8A60C0133F7E7965900201C6A002094
S2140054A049FB030060FB030003610020006100204D
S2140054B00461002070FB030044200020A41E00208E
S2140054C0D8160020981700209C7000208816002010
S2140054D001610020E81B0020981A0020D3FB03007F
S2140054E0FF600020066100202025002002610020C9
S2140054F0A41D0020601C00F0ABFC0746E01C2FF04B
S21400550025F901210446024638462FF0DBF86021D3
S214005510C748DFF838C30278A4F1030E51430CEBFA
S21400552001032CF801704FF4FA6119824FF44871A8
S214005530DEF100045961BF4944EB0E0401325D837D
S21400554019659C70027031E7601C00F081FC002237
S2140055504FF034088146B84F11462FF0B3F838782C
S214005560B64E08FB00F326F80390F218E3781046D0
S214005570693B18BF01239370FFF7A2FC3B78B04A43
S21400558003FB08660021166001265160167433443A
S2140055903B700BE7601C00F05BFC00221146814666
S2140055A02FF090F83422A44FDFF89082387802FB70
S2140055B000F328F8039008EB0301E3780846693BFC
S2140055C018BF01238B70FFF77BFC9E4A0023104612
S2140055D0916B29BB00EB831034233A7802FB0383DC
S2140055E08363994A00231046D2F8A410F1B9A82282
S2140055F002FB030034233A7802FB0383C0F8A4308E
S2140056005EB98F4A3346114652F8040BA0B93422CD
S214005610387800FB028241F823203B780133B7E755
S2140056200133042B02F14002D2D1DAE70133042B16
S21400563002F1A802D8D1E3E70133042BE4D1ECE76A
S214005640601C00F005FC8046E01C2FF07FF801216E
S2140056500446024640462FF035F8602274487B4FD9
S2140056600178A4F1030C4A43BB1827F802804FF4D4
S2140056704872DCF1000444EB0C049C70A8241A82E7
S2140056805A61DFF8E4C1724A5D839A659CF800307F
S214005690DFF8B4E15C430EEB04020EF804304FF47E
S2140056A00074548003241471947101EB4104013199
S2140056B00170682107EB4417322466480133DBB2D9
S2140056C053718CF80030037882F8A0405943624C3E
S2140056D0976063546218022151800521517143F28C
S2140056E0FF210133DBB21371D18003705EE6601CCC
S2140056F000F0AEFB00224FF0380A94F80390834681
S214005700B9F1690918BF4FF00109DFF86081114649
S2140057102EF0D8FF98F80030504F0AFB03F3FA1823
S21400572027F803B082F80490E37883B1692B0ED093
S214005730E01C00F08DFB0022114604462EF0C2FF4E
S214005740012298F800300AFB03735C809A71444883
S2140057503C4A03789901535498F8001002EB8314DE
S214005760C1EBC10207EBC2074A1C676388F800203A
S2140057700133BAE7601C00F06BFB8046E01C00F0CB
S21400578067FB0746601D2EF0E1FF04460246012136
S21400579040462EF097FF2246384601212EF092FF13
S2140057A04FF0600C4FF4487EDFF88490274A99F853
S2140057B000300CFB03F0111822F80080E01EDFF822
S2140057C0908044424441A1F810E0C1F814E08C7087
S2140057D04D83C1F85880591CC9B20CFB01FC02EB82
S2140057E00C008470942422F80C701E4FA0F810E071
S2140057F0C0F814E04583C0F85880981C89F800006B
S2140058003878DFF86CC0444303EB430302EB4313E2
S2140058100CEB040E01EB4101CEF8043002EB411212
S214005820CEF808200CF8040001303870BEE500BF42
S214005830066100202D460300076100204029002055
S214005840086B0020A41D00204420002020250020F6
S214005850D150000003610020A41E0020F02200208A
S2140058600261002001610020046100200561002023
S214005870E81B0020601C00F0EBFA8046E01C00F0FD
S214005880E7FA002264790746693C1146404618BF8D
S21400589001242EF017FF0022384611462EF012FF84
S2140058A03820DFF88CC15D4A9CF8003000FB03FE10
S2140058B022F80E804FF0000802EB0E010C7181F802
S2140058C00680591CC9B2484302EB000E8EF804400D
S2140058D070241752524F981C8CF800003878DFF866
S2140058E054C14443C3EBC3038EF8068002EBC303E4
S2140058F00CEB040EC1EBC101CEF8043002EBC10282
S2140059008EE794F805E00137964584BF84F804C016
S21400591084F805C0A834AEE490F804C00134944579
S21400592084BFC77007716830ABE4B9F1000F06D0CA
S21400593017F8053C03EB430304EB8304BC603946CD
S214005940284601F087FC09F10109A8350C37CDE49B
S21400595079180AD04A1E09FB0252D27902EB42029B
S21400596004EB820409FB01529460584609FB01517E
S21400597001F0BAF931782B48394409FB015101F09E
S214005980DDF801370BF1400BBAE417EB090F18BF2F
S21400599011F8050C03911EBF00EB400004EB8004D9
S2140059A08C600BFB072000F0E1FF03991E4B0137CC
S2140059B00C31B4E419EB070F18BF11F8050C03916E
S2140059C01EBF00EB400004EB80048C600BFB09203C
S2140059D000F0A0FE0399124B09F101090C31B0E466
S2140059E0F74218BF15F8053C29461CBF03EB4303D6
S2140059F004EB83040D4B18BFAC6008FB073001F0C6
S214005A006FFD01370C35AFE413F8011D00297FF454
S214005A10B5AC3B2102F8011CB0E400BFF022002028
S214005A2000610020E422002001610020A41E002066
S214005A3005610020981A002007B5012121200DF1EC
S214005A40070200F01DFA18B99DF80720024B1A70DD
S214005A5003B05DF804FB00BFEA70002007B5064BF4
S214005A608DF80700187001210DF10702212000F0C3
S214005A7017FA03B05DF804FBEA70002007B50221B0
S214005A8001200DF1060200F0FBF938B9044814F0C5
S214005A9077FABDF8060003B05DF804FB0020FAE7CD
S214005AA0F0FB030007B50221ADF806000DF1060273
S214005AB0012000F0F5F9014610B1034814F060FA31
S214005AC003B05DF804FB00BF11FC030010B5FFF740
S214005AD0D5FF04460146074814F052FA012106484D
S214005AE014F04EFA24B9BDE810400120FFF7DABFE3
S214005AF010BD00BF41FC030053FC030008B504487A
S214005B0014F03EFA00F0DCF92EF03BFE2EF036FEE6
S214005B1069FC030038B50446084D094B28462B603F
S214005B2000F004FA002C18BF21462846BDE838408D
S214005B3008BF4FF496712EF02EBE00BF442A0020F8
S214005B407B4603002DE9F043384D91B008AC07467C
S214005B50894690460FCD0FC495E80F00002684E8CE
S214005B600F0001250323324C3248CDE90366CDE908
S214005B7005668DF80E300796029539F063FC2E48C0
S214005B8039F060FC32462D4920468DF8176004F047
S214005B908FFD334632462A498DF81900009020467C
S214005BA08DF82390CDF82C808DF8216004F09AFDB6
S214005BB00A9020468DF8097004F0FCFC204608AADE
S214005BC005A904F0B5FD02AA204603A92FF074FE2D
S214005BD04FF400721B4B5A62194BE560626A9205DD
S214005BE010D46BB94FF40072164B11485A6204F089
S214005BF0E1FC114839F029FC002011B0BDE8F08323
S214005C00013BEBE7002BEDD0094908A82FF087FEF3
S214005C104FF400720B4B06485A6204F0CBFC064861
S214005C2039F013FCBDF82000E7E700BFBC93040082
S214005C300040005A649604006096040080841E00AB
S214005C4040420F000060005A0122034B1870034BBD
S214005C501980034B1A70704709610020A470002059
S214005C6008610020F8B5454B1B780BB90020F8BD3D
S214005C70434B1B78012B03D1BDE8F8402EF000BD46
S214005C80404B1C884FF6FF739C42EFD03E4839F0DD
S214005C90D9FB0023260AE4B21A462146304604F011
S214005CA049FC012E354604F0010335D015D9B51E42
S214005CB0012DDBD8002B0BBF4FF480754FF080759D
S214005CC04FF470614FF070610BBF01274FF48037BF
S214005CD00F204FF470202D4B11E0002B0BBF4FF41C
S214005CE080754FF080754FF470614FF070610BBF98
S214005CF001274FF480370F204FF47020244B1A688A
S214005D0002401CD0BA421AD01A680A4032D11A6829
S214005D1022EA01022A4316E0002B0BBF4FF48075DF
S214005D204FF080754FF470614FF070610BBF012724
S214005D304FF480370F204FF47020164BDFE71A68B9
S214005D4022EA00023A431A602EF09AFC0546002822
S214005D508CD0083644EA06102A460321C0B2FFF764
S214005D60F1FE40F6FF73684300F2FF70B0FBF3F0FD
S214005D7080B27CE795427FF479AFC8E708610020DF
S214005D8009610020A47000206496040028C3035014
S214005D9020C3035024C3035010B5044C237823B902
S214005DA0034839F04FFB0123237010BD0B61002020
S214005DB0649604002DE9F0431F4C85B007468846DC
S214005DC09146FFF7E9FF23781BB902F063F8012339
S214005DD023707BBAADF80C3030220023174E02FB3E
S214005DE003F4315DA51901BB012333554FF0FF3392
S214005DF004F1100012493044AB606F80C5F804808F
S214005E00C5F80C9009F0D8FA04F1080104223144D0
S214005E100C4B009503A802F013F9A96802460A483D
S214005E2014F0AEF805B0BDE8F0830133102BD6D1E0
S214005E30064814F0A5F8F5E70A6100206C2A002051
S214005E40A5460300B746030076FC0300A4FC030047
S214005E5080B10278A2F14103032B0BD8407830388A
S214005E60C0B2082806D8054B134413F8413C40EA54
S214005E70032070474FF6FF70704700BFDC930400A6
S214005E8008B50B4642B101460448006803F01CFA08
S214005E90BDE808402EF06BBC022008BD746B0020E5
S214005EA008B50B4642B101460448006803F094FB6F
S214005EB0BDE808402EF05BBC022008BD746B0020D5
S214005EC0F0B50026124F8DB0FF2300930A2233460A
S214005ED0386802A92FF0ADFAC0B102AB1D4603EB3D
S214005EE0800404E055F8043BB34228BF5E1CAC4275
S214005EF03868E9D9296803F0F5FC0028F2D02D2887
S214005F00F0D00DB0BDE8F0402EF031BC0DB0F0BDC5
S214005F10746B002028B1034B0360034B43600023DF
S214005F2083607047190000031C6B0020FF2307B531
S214005F300021044A0093083009F0C2F903B05DF866
S214005F4004FB00BF914703000B460449024608685D
S214005F500349097808B12EF02EBC7047782D002032
S214005F600D610020F7B50C4618B12921194839F003
S214005F70C0FA246823685E795F8830463946FFF7A2
S214005F80E3FFF0B18568E5B1A089227D39469042ED
S214005F9091BF0020801AA36880B294BF03469B1866
S214005FA0E27C00903046A8470138032803D8DFE893
S214005FB000F0080F0B0D0024204632F0AAFD204604
S214005FC000E0812003B0F0BD8024F5E79324F3E7DA
S214005FD08724F1E7CCFC0300F8B515460D4A0446C5
S214005FE010680D4A0B46117850B122462EF0E3FB9E
S214005FF0034628B100210C27C678B14201DB0020F9
S214006000F8BD07FB01F45A681019125BAA42F7D0D4
S2140060100131F2E7782D00200D61002008B5034B12
S2140060201B6803B19847002008BD00BF742D0020F0
S2140060302DE9F74F04460D460026454B454F1860A0
S214006040454B197033010021F85C01360FF08EFFC6
S2140060500C2EF7D10C2D28BF0C254FF0000901950A
S2140060603C4EDFF800A13D4DDFF8FC80019B4B4520
S21400607002DC03B0BDE8F08F23784FF0000B3370DE
S21400608063887380A388B380A379C6F80880B37149
S214006090E379C8F8005088F804304FF00003A7688A
S2140060A0A8F80630E3795B450ADC012116F8100BE8
S2140060B00FF05CFF08F1080809F101090C34D5E778
S2140060C04FF0000338886B812880FB784FF0000C77
S2140060D02B81BA78C5F804A0002A00920CBF802253
S2140060E040222A7379680AF10C02634513DC03EB3D
S2140060F043030AEB830ABB6843B1009A4FF6FF716D
S214006100B2FA82F2164B520932F093FC14350BF1B8
S214006110010B0C37C6E7B1F800E00CF1010C22F8D1
S2140061200CEC91F802E00C3202F816EC91F804E060
S2140061300C3102F815EC11F809ECBEF1010F14BF92
S2140061404FF0100E4FF0110E02F814ECCDE700BF22
S214006150782D0020984400200D6100207C3300201C
S214006160655F00007C2D0020FC350020014B186088
S214006170704700BF702D002070B5128805460E4689
S214006180FFF72AFF044670B102790499806815F07B
S2140061905BF8064B1B680BB9002070BD31462846DD
S2140061A022889847F8E78620F7E700BF702D002082
S2140061B008B50EF077FF022806D0012806D0044B5B
S2140061C018784000C0B208BD0120FCE70220FAE7BC
S2140061D00C610020054B10B51C682CB1FFF7E8FFDA
S2140061E02346BDE81040184710BD00BF6C2D0020A8
S2140061F0014B1860704700BF6C2D0020034B1A78C7
S2140062001AB901221A700AF053BF70470C610020B9
S2140062100022024B1A70FFF7DDBF00BF0C610020A2
S21400622037B50446002836D00EF03CFF022834D19D
S214006230608932F0EBFFE079237A003818BF01203E
S214006240012B637A08BF40F008000BB140F0100045
S21400625063890BB140F00400257CA188A2790DB1BA
S214006260E36893B90F4B10F05DFA2178084610F0FA
S214006270D5FA32F0D7FA044610F08EFA7CB1002830
S2140062800CBF0020032003B030BDCDE90035064B1F
S21400629010F048FAE9E70220F5E70120F3E7204688
S2140062A0F1E700BFB14A0400B41904002DE9F0413B
S2140062B086B005460E4690461F469DF834400EF0C2
S2140062C0F1FE022824D1082C16D8ADF80C808DF8E3
S2140062D00E702CB122460C990DF10F0015F0F2F855
S2140062E003AB033400930A2231460820094B01947D
S2140062F010F018FA18B1032006B0BDE8F081294660
S214006300284610F08BFA32F08DFA0028F4D0F2E727
S2140063100120F1E7B419040008B50DF027F801468E
S21400632030B1044813F02CFEBDE808400DF0C2BBA7
S21400633008BD00BF3EFD0300034B044A5B7C012101
S21400634003201370FFF7ACBD086B00200E61002021
S21400635010B50446FFF7F0FFB4F57F4F0BD10024CD
S2140063600F4B1A8813449C70FEF75EFE2046BDE86D
S2140063701040FFF7CFBB4FF601739C4204D1BDE837
S214006380104008482EF002B94FF602739C4205D121
S214006390BDE81040044B1878FFF760BB10BD00BF87
S2140063A094590020086B0020EA70002010B5074CB6
S2140063B0012122460320FFF763FD28B92378044A0B
S2140063C0003B18BF0123537410BD00BF0E610020B0
S2140063D0086B0020F8B5564B564C1A884FF6FF73DC
S2140063E09A4218BF03234FF0080218BF2370524B7F
S2140063F030251A7032225A70DA70DA7135229D70A2
S2140064005D7137251A724FF400129D714B4D36267A
S214006410C5644B4D426405654A4D012285654A4D6B
S2140064201E71C565494D86184566494DC667856621
S214006430484D494E0567494D80F848204567202558
S21400644080F8785080F8845000F12105C0F8885014
S214006450434D80F85420C0F88C5080F8602080F8B7
S2140064606C20C0F8806080F89020C0F89440C0F897
S214006470B8303C4B3C4CC0F8BC300223C0F89840C7
S2140064803A4C80F8C030C0F8A4400F24384B80F84F
S214006490A840C0F8C430374B374CC0F8C830822309
S2140064A0C0F8AC40354C80F8CC30C0F8B040092479
S2140064B0334B344DC0F8D030334B80F8B440C0F87E
S2140064C0D4302C7C314B80F89C20C0F8A00080F89B
S2140064D0D820C0F8DC3044B12D4B80F8E420C0F85A
S2140064E0E03005F11103C0F8E8304FF0000CCA792F
S2140064F08E6802EB42039F00443006EB830326F8C7
S21400650007C0586001200D349870DC701318CB71EA
S214006510FFF792FAFFF74AFFFFF74AFE012806D177
S2140065202B7C23B1BDE8F84016482EF02FB8F8BDF6
S2140065309C700020EB7000200F610020F593040093
S21400654001002000F493040002002000F3930400EE
S21400655003002000F29304000500420004004200FD
S21400656007003000FDFF210012001001004042002D
S214006570F093040000FF4401E0930400060042008C
S21400658094590020086B002002FF2001EA700020CA
S21400659001FF100113B504460E482DF047FF642294
S2140065A0C0F30F43637083B2B3FBF2F3A07823709B
S2140065B02022002301212EF039F9A0780023212281
S2140065C001212EF033F90449201D02B0BDE8104029
S2140065D02EF0E1B89C700020E09304000B7870B5B4
S2140065E083704CF61E0303804FF02013C362012312
S2140065F080F8303080F83C30C3180364124B0446F1
S21400660043640223114A80F84830114B8263C36406
S2140066104063CA798D6802EB420305EB830004F100
S2140066202C0646600B4E45F8236000238360531CFF
S214006630CB71094B201DC4E90134FFF777FC2046D7
S214006640BDE87040FFF7A6BFFDFF21002100200037
S214006650F69304000100010395650000437B044A9D
S2140066600121137000781130C0B2FFF719BC00BFCB
S2140066701961002038B504460078054D11302A46C9
S2140066800121C0B2FFF7FCFB08B92B78637338BD55
S21400669019610020034B53F8200008B12EF083B98F
S2140066A0704700BF5C360020012908B506D00229D5
S2140066B007D049B92EF06EF9002008BD2EF06DF90E
S2140066C0FAE72EF06DF9F7E7024813F059FC0120BF
S2140066D0F3E700BF6BFD030010B4054C114654F8F9
S2140066E020001A46BDF804305DF8044BFFF7DCBF07
S2140066F05C360020002310B5044683810364A0F8AE
S21400670044304830FFF712FC014BC4E9123410BD88
S2140067108D49030038B504460B781A4A43700D4677
S21400672042F82300FFF7E6FF2046FFF7A3FF4FF4EB
S214006730401323610123144A2375A261134A84F887
S2140067402030E261124A84F82C306262114A84F8E2
S2140067503830A26204F10C0222630F4A04F10D03E2
S2140067606263E363EA79A86802EB420300EB830105
S21400677010344C60094C40F82340094B8B60531C86
S214006780EB7138BD5C360020186100200800200040
S214006790EC70002000FF300001FF10010201010430
S2140067A0D966000010B47024427B0D48013A0129D6
S2140067B004FB020006D0022908D059B95DF8044B44
S2140067C02EF0E8B85DF8044B2EF0E7B85DF8044B01
S2140067D02EF0E6B803485DF8044B13F0D1BB00BFBB
S2140067E0981A002087FD0300B0F85C302DE9F041D0
S2140067F08B4204460E4639D0437B077C93B31C4A33
S21400680012789A422ED370251A4A013B05FB0323C1
S21400681090F80F801B7B42462EF0D3F8B84505460D
S21400682001D1FF2820D13A463146204694F89030D0
S2140068302EF0C7F82F460546012355221221607810
S214006840A4F85C602DF0F2FFFF2F03D039462046F7
S214006850FFF7A8FFFF2D09D029462046BDE8F041E6
S2140068602EF0EFB8FF25DEE70746E5E7BDE8F08146
S21400687000610020981A002041688268C978D278A2
S21400688049B112B10321FFF7AFBF837B002B0CBFCA
S21400689001210221F7E72AB1837B002B0CBF0221DE
S2140068A00121F0E7014813F06BBB00BF98FD030021
S2140068B0037BD3B14368DA7812B18268D278A2B982
S2140068C01B7933B1837B002B0CBF04210521FFF716
S2140068D08BBF83681B792BB1837B002B0CBF0521F4
S2140068E00421F4E7014813F04BBB7047CAFD0300D0
S2140068F0084A437B05211370837B5370C37B9370D8
S214006900037CD370037B137100780E30C0B2FFF7A0
S214006910C7BA00BF1A61002038B5044600780C4D8F
S2140069200E302A460521C0B2FFF7AAFA20B1BDE80C
S2140069303840084813F024BB2B7863736B78A37336
S214006940AB78E373EB7823742B79237338BD00BFE1
S2140069501A61002006FE0300034B53F8200008B11E
S2140069602EF0B9B8704700BF84360020F8B504464C
S2140069700B78424A43700D4642F82300404E2EF0F4
S214006980CAF8FFF7C9FF6268A3683E483E49D66466
S2140069901165D4655065C3E91410DE64DC654FF0FC
S2140069A0987302266361012304F10C01E161374903
S2140069B01032216204F10D01A16235492376E162AD
S2140069C004F10E016163334984F82430A16304F1B5
S2140069D00F012164304984F83030616404F11001FD
S2140069E0E1642E4984F83C3084F84830216584F808
S2140069F05460A265E879A96800EB400201EB8207C3
S214006A0004F1140CC7F804C04FF4817C244F41F8FD
S214006A102270C218D2B202EB420241F822C001EB49
S214006A20820700227A601F4A84F8703022661E4A67
S214006A3084F88830A2661D4A1D4BE2661D4AC4F8DB
S214006A408C3062671C4A8319A26704F15C02C4F8A2
S214006A508020DBB2194A03EB4303C4F8842084F891
S214006A60646084F87C6001EB830260345460144AEE
S214006A70033041F82320E871F8BD00BF84360020BB
S214006A8079680000994A0300B168000001002001FF
S214006A90020010010300300104003001050021014E
S214006AA001FC01064A002100F89304005100100082
S214006AB0FA930400FB930400550021006F001800B1
S214006AC01200010470B50D460646144613460A46E3
S214006AD00146164813F054FA25B92046BDE8704022
S214006AE0FFF736BC072D05D121463046BDE870407D
S214006AF000F0C2BC4FF601439D4205D12146304608
S214006B00BDE87040FFF728BF062D05D12146304668
S214006B10BDE8704000F0A2B8B5F5817F05D12146EA
S214006B203046BDE87040FFF7B5BD70BD35FE0300CA
S214006B300148FFF71BBB00BFC56A00004FF4C01337
S214006B4030B5036001230371074B8C688360CA79F4
S214006B5002EB420304EB83056860044844F8230014
S214006B60531CCB7130BD00BFFC9304000400010130
S214006B7038B50024044D55F8040B08B12DF0DBFFA2
S214006B8001340A2CF7D138BDAC360020042908B5EC
S214006B900AD172B16BB113781BB92DF0F8FF002043
S214006BA008BD2DF0EAFFFAE7034813F0E9F90120E3
S214006BB0F6E70320F4E700BF68FE030010B4054CB8
S214006BC0114654F820001A46BDF804305DF8044B10
S214006BD0FFF7DCBFAC3600200229024608B50ED00F
S214006BE004D839B910462DF0D2FF06E04029F9D076
S214006BF0412907D110462DF0C0FF002008BD2DF01A
S214006C00D0FFFAE7024813F0BBF90120F6E700BF11
S214006C1088FE030010B4054C114654F820001A46AE
S214006C20BDF804305DF8044BFFF7D6BFAC36002045
S214006C30426B094B52791A7082785A70C2789A70F1
S214006C40826B12B190F83C20DA700078042109308B
S214006C50014AC0B2FFF724B91F610020024B53F867
S214006C6020002DF0BBBF00BFAC36002038B5044670
S214006C700078084D09302A460421C0B2FFF700F913
S214006C8030B96B78A370AB78E370EB7884F83C305F
S214006C9038BD00BF1F61002038B504460078114D8E
S214006CA009302A460421C0B2FFF7EAF8C8B9A3782B
S214006CB02A78022B0CD004D863B920462DF067FF43
S214006CC001E0FF2B0AD02046BDE838402DF033BF48
S214006CD0002AF2D120462DF050FFF4E7002AF9D121
S214006CE0EBE738BD1F610020F8B504460B78284A4C
S214006CF00D4642F823004370FFF7B8FF636B254A42
S214006D005C631A632046FFF7C7FF20462DF013FF8B
S214006D104FF4801363600123626BA66B0532E2605A
S214006D201D4A23722261A21C2375A26166B11B4A0A
S214006D3084F82030E261E21C6262194A84F82C3042
S214006D4004F13C03A26223630627EA79A96802EBF2
S214006D504203002E21F8237001EB83000CBF0223B0
S214006D600423C370012383700E4B04348360531CCA
S214006D704460DBB20C4C03EB430341F8234001EBC9
S214006D80830000234360094B02328360EA71F8BD3A
S214006D90AC360020B74B03000340300101FF300142
S214006DA002FF1001156C000008000100BD6B00001A
S214006DB028B1034B1B78834234BF00200120704764
S214006DC00261002070B500250A4C0B4E3378AB42AA
S214006DD000DC70BDD4F8A42042B123791BB16079E1
S214006DE0FFF7E6FF10B910462DF0ABFB0135A834CF
S214006DF0ECE700BF442000200461002008B541797C
S214006E0002460846FFF7D4FFA8B1D3780A480139EE
S214006E10042B00EB81100ED8012B08D81BB9BDE857
S214006E2008402DF0AABEBDE808402DF0B0BEBDE873
S214006E3008402DF0B6BE08BDA41D002008B5417957
S214006E4002460846FFF7B4FFA8B1D3780A480139CE
S214006E50042B00EB81100ED8012B08D81BB9BDE817
S214006E6008402DF094BEBDE808402DF086BEBDE873
S214006E7008402DF096BE08BDA41D002070B586B053
S214006E8006460C461546FFF793F901282DD1042C2B
S214006E902BD8DFE804F01230320303002846FFF751
S214006EA087FF50B3164B032C03EB851353F80C3CAB
S214006EB058791CD1003818BF01204FF48273ADF802
S214006EC006300623ADF8083001234FF480728DF8A3
S214006ED00B3000238DF80A0001A8CDE903238DF8B6
S214006EE004608DF81430FFF79BF906B070BDB0FA59
S214006EF080F04009E1E70020DFE70220DDE700BF81
S214006F00A41D00202DE9F0418AB005460C46FFF787
S214006F104FF9012806462BD16B784FF4827800256E
S214006F204FF480778DF80030134B6846CDE9013773
S214006F30ADF8028003958DF81050FFF771F9BCB1DB
S214006F4063796278052B14BF032307238DF814207A
S214006F50082205A8CDE90775ADF81680ADF818200B
S214006F608DF81A308DF81B608DF82450FFF758F90D
S214006F700AB0BDE8F08100BF0800070110B58378AD
S214006F800446A3B903790BB1FFF758FF20462DF04E
S214006F907BFE04236078A4F86C305522012312216E
S214006FA02DF044FC2046BDE810402DF02ABEB0F877
S214006FB06C30022B17D00379032B01D1FFF71EFF8D
S214006FC0A379032B04D16279E1786078FFF756FF46
S214006FD000236078A4F86C305522BDE810400123E9
S214006FE012212DF023BC0A4A037812789A420DD952
S214006FF00279022A0AD08279022A07D06822054935
S21400700003FB02112046FFF77DFFE1E70021F9E7C9
S21400701003610020A41E002070B58AB004460D4609
S214007020FFF7C6F8012843D16378224E8DF800306A
S2140070304FF48273ADF802304FF4807394F8A020BA
S21400704094F8A11072701C4A6846CDE90123022309
S214007050317003968DF81030FFF7E2F80DB3AB7978
S214007060E879FF2B08BF94F8A130697833704FF4A5
S2140070708273ADF816300823ADF8183001238DF86A
S2140070801B304FF48073CDE9073602236A7970709F
S21400709005A88DF814108DF81A208DF82430FFF707
S2140070A0BFF894F8A130013B18BF012384F8A13043
S2140070B00AB070BD236100200800050170B5837812
S2140070C00446002B48D02549027809780379914276
S2140070D017D9022B17D08379022B1FD06823204D97
S2140070E002FB0355EB78022B19D12A791046FFF7DD
S2140070F05FFEA0B11B48013A00EB82102DF051FD57
S2140071000DE0022B0AD162791046FFF751FE28B136
S2140071101448013A00EB82102DF043FD0025A379B8
S214007120022B04D16279E1786078FFF7A7FE25B1DB
S2140071302A79A9786878FFF7A1FE29462046FFF746
S2140071406BFF02236078A4F86C305522BDE87040CF
S214007150012312212DF06ABB70BD00BF0361002021
S214007160A41E0020A41D00204388094A082113807D
S2140071708388538083681B8A938090F8A03093712D
S2140071808379D37100780430C0B2FEF789BE00BFA1
S214007190165A002038B50D4604460178114812F0FC
S2140071A0EFFE4FF602739D420ED10F4B1B782BB9A4
S2140071B063712046BDE83840FFF7D6BF62790AB152
S2140071C09342F6D20123F3E7B5F57F4FF1D120467F
S2140071D02DF065FDA378022B0CBF01220022A368C8
S2140071E09A70E6E7A4FE03000261002038B5044664
S2140071F00078144D04302A460821C0B2FEF740FE3F
S21400720020B1BDE83840104812F0BABE2B88638023
S2140072106B88E978A380AA88A3681A82AB7984F879
S214007220A030EB79A371094B1B780BB9637138BD9D
S21400723009B19942FBD9064812F0A2FE2378013321
S214007240F4E700BF165A0020BEFE030002610020CD
S214007250E7FE0300F8B504460B78474A0D4642F8A9
S21400726023004370FFF7C2FFA268444BD465D36483
S214007270434B02265365434BA11C13654FF4401342
S214007280E36001236161E1623F49103221632265B8
S214007290211D3E4AA1633E483E49626504F1A002B4
S2140072A0A061E163E265E01C611D3B4A2062616407
S2140072B03A483B492266A21D2374237784F8283077
S2140072C084F8343084F84030A16484F84C6084F844
S2140072D0583084F864306062A266E879AA6800EBE9
S2140072E0400102EB810704F10C0CC7F804C04FF014
S2140072F0060C2C4F42F82170C118C9B201EB4101AF
S21400730042F821C002EB810700217960264F84F8FD
S21400731080302767254F84F89830A767244F254B81
S214007320E767254F84F8746084F88C60C4F89C3056
S21400733004F16C06831CC4F88470C4F890601F4F78
S2140073401F4EDBB203EB4303C4F89460C4F88870A6
S21400735002EB83067034746008261A4C42F8234009
S214007360C31CDBB203EB430302EB8304043042F896
S21400737023606160E871F8BD14370020374C0300C5
S2140073807D6F0000BD70000001FF300104FF20018A
S2140073901000300102FF200105FF300100FF300120
S2140073A003FF2101070001084A002100FE930400A4
S2140073B051001000009404000194040055002100C0
S2140073C06F001800120001048378094A0621137022
S2140073D0C3785370037993704379D37083791371AC
S2140073E0C379537100781430C0B2FEF759BD00BFA0
S2140073F02561002038B50D46044601781C4812F079
S214007400BFFD4FF602739D420ED11A4B1B782BB967
S21400741023712046BDE83840FFF7D6BF22790AB16F
S2140074209342F6D20123F3E74FF601739D4206D14D
S214007430E37813F0FD0FECD00023E370E9E74FF696
S21400744009739D4207D1637903F0FB03012BE0D05B
S21400745005236371DDE74FF608739D42D9D1A37902
S214007460023BDBB2FC2B9CBFFF23A371D1E700BF1E
S2140074701CFF030002610020064A034652F8200063
S21400748008B1FFF787BE044A52F8230008B1FFF799
S214007490B1BF704714370020D436002038B50446F4
S2140074A000780D4D14302A460621C0B2FEF7E8FCDF
S2140074B020B1BDE83840094812F062BD2B78A370B1
S2140074C06B78E370AB782371EB7863712B79A371DB
S2140074D06B79E37138BD00BF256100203DFF0300D6
S2140074E070B5314A0B78044642F8230043700D46C7
S2140074F0FFF7D4FF4FF440130221A822A360012314
S2140075002078237312FB0012284923760A4422614E
S214007510274A84F824306261A21CE261254A84F876
S21400752030302262244A84F83C30A262234A84F82F
S2140075304830E262E21C6263214A84F85430A26357
S214007540221D22641F4A84F860306264621DE26471
S2140075501D4AE31D2265A21DA2651C4A6366E265FC
S214007560E979AA6801EB410302EB83000834446022
S2140075701748082642F8230006204B1CDBB203EB14
S214007580430342F82300002002EB83048B1CDBB28B
S21400759003EB43036060033102EB830442F823608D
S2140075A06060E97170BD00BFD43600204420002022
S2140075B01000300105FF3000FD93040001FF30018C
S2140075C002FF200109FF300108FF300104FF2001FF
S2140075D00700010800239B6AB3F5804F03D21968A1
S2140075E0064A914203D0002303708360704701224D
S2140075F002709A689B694260F7E700BF07B0CD5EED
S214007600024B034A1A602EF06FBF00BF0000002036
S21400761002020FF073B53F4B04461A781AB10222E5
S2140076201A7002B070BDCDE900220028F9D00126FC
S2140076301E7037F069FE384D384B186017F082FA26
S2140076402B785BB902F0F2F940B935480823354A81
S2140076503549006801F038FE00B92E70334B5A6881
S214007660E260334A9A601A6E22605A6E6260D3F8FD
S2140076707021A2601B6E5C042CD52E4AD368D807F6
S214007680FCD42D4B1A68531C29D04FF4801393401A
S2140076902A4A13660423294C4FF0804223664FF48F
S2140076A080632366102323664FF4005368462366E0
S2140076B001A9226663662DF00BFB009B2366019BE7
S2140076C063662B78002BACD0164B1A6822665B6874
S2140076D06366A6E71A4AD368D907FCD4D1E7194BE4
S2140076E01B78002BD6D1184B5A68144B12B94FF49E
S2140076F080121A66154A526812B94FF400121A66BA
S214007700134B5B68002BC5D14FF480020B4B1A66F7
S214007710C0E700BF2C6100202D61002064370020E8
S214007720746B002068370020007108000080004459
S21400773055CEAC0000000440406B00200090004492
S214007740000004502B6100200080055000C005504A
S2140077500000065038B5224D04462B78012B02D087
S21400776001232B7038BD0028FCD02DF0D6FA01304E
S21400777009D02DF0D2FA40F20113984203D0194AEC
S214007780D368DB07FCD42268174B1A6662685A6611
S214007790A268C3F87021E268D40744BF00229A604A
S2140077A0124B1A68013213D1114A127882B9114964
S2140077B04968C80748BF1A600F4A5268D10744BFD5
S2140077C001221A600D4A5268D20744BF02221A608C
S2140077D017F0C0F90A4B186837F091FD0023C0E790
S2140077E02C6100200000044000800044406B002014
S2140077F02B6100200080055000C005500000065098
S2140078006437002070B50024A36AB3F5804F23D2F6
S2140078101A68134B9A421FD1124E337813F0FD05A7
S21400782018D14FF480341048FFF7F4FE032004F01C
S2140078304FFC0E4B0320DC6004F02EFC0C4B1C614E
S214007840AB6ADB69984704460748FFF783FF0CB925
S21400785001233370204670BD4FF48174FAE700BFF1
S21400786007B0CD5E2B6100205437002000A00044F6
S2140078700090004413B5204B1B7803B9FEE70023A5
S2140078801E4CCDE900336A4608231D49206801F0E6
S2140078901BFDF8B91B4AD2F84031D2F840211F2B05
S2140078A04FF0010311D9203A9340019A1A430192EE
S2140078B008236A461249206801F08EFE124B134ACE
S2140078C01A602EF011FE02B010BD9340009A1A43C3
S2140078D00092EDE72D28F1D10A4AD2F84031D2F8CD
S2140078E040211F2B4FF0010385BF203A9340934061
S2140078F0019398BF0093DBE72C610020746B002097
S2140079000071080000800044000000200B020FF009
S21400791038B50025AB6A0446B3F5804F10D21B6B12
S214007920B3F5804F0CD20748FFF774FEAB6A2046CB
S2140079301B6B5B689847BDE838400248FFF70ABFF4
S21400794038BD00BF7037002013B50024A36A01902D
S214007950B3F5804F13D21B6BB3F5804F0FD2094897
S214007960FFF758FEA36A01211B6B01A89B69984785
S21400797004460448FFF7EEFE204602B010BD4FF462
S2140079808174F9E77037002070B50026B36A0446A4
S214007990B3F5804F0D4612D21B6BB3F5804F0ED257
S2140079A00848FFF737FEB36A20461B6B29469B69DB
S2140079B0984704460348FFF7CDFE204670BD4FF4B7
S2140079C08174FAE77037002070B50026B36A044663
S2140079D0B3F5804F0D4612D21B6BB3F5804F0ED217
S2140079E00848FFF717FEB36A20461B6B2946DB697B
S2140079F0984704460348FFF7ADFE204670BD4FF497
S214007A008174FAE770370020F8B50027BB6A044691
S214007A10B3F5804F0D46164611D21B6B7BB1094855
S214007A20FFF7F8FDBB6A20461B6B324629465B6AA9
S214007A30984704460348FFF78DFE2046F8BD4FF4EE
S214007A400174FAE77037002070B50026B36A044662
S214007A50B3F5804F0D4612D21B6BB3F5804F0ED296
S214007A600848FFF7D7FDB36A20461B6B29469B6A7A
S214007A70984704460348FFF76DFE204670BD4FF456
S214007A800174FAE770370020F0B50027BB6A044699
S214007A90B3F5804F0D461646ADF5337D20D21B6BF1
S214007AA0B3F5804F1CD21048FFF7B4FDBB6A2046E2
S214007AB01B6B40F2C1225B6A01A99847044630B1AD
S214007AC00948FFF747FE20460DF5337DF0BD836A73
S214007AD032461B6B2946DB6A01A898470446EFE747
S214007AE04FF40174EFE700BF7037002010B5002494
S214007AF0A36AB3F5804F10D21B6BB3F5804F0CD240
S214007B000748FFF787FDA36A1B6B1B6B9847044665
S214007B100348FFF71FFE204610BD0124FBE700BF09
S214007B2070370020F0B58FB0044601A80E46154603
S214007B30FFF7EEFE9DF80C30012B12D1B5F5402F65
S214007B4027D8B4F5402F24D86319B3F5402F20D892
S214007B5021462A46304613F0B5FC002420460FB0D6
S214007B60F0BD0027BB6AB3F5804F15D21B6BB3F58B
S214007B70804F11D20A48FFF74DFDBB6A2A461B6BA1
S214007B80314620465B6B984704460548FFF7E2FD02
S214007B90E4E740F20244E1E740F20114DEE700BF0A
S214007BA070370020F0B58FB0044601A80E46154683
S214007BB0FFF7AEFE9DF80C30012B1FD1B5F5402F18
S214007BC006D8B4F5402F03D86319B3F5402F13D960
S214007BD040F2024420460FB0F0BDE258013225D1F3
S214007BE004339D42F9D82A46314620462DF0C5F882
S214007BF00028EDD00024EDE70023F2E70027BB6A5B
S214007C00B3F5804F15D21B6BB3F5804F11D20A48DF
S214007C10FFF700FDBB6A2A461B6B314620469B6B6E
S214007C20984704460448FFF795FDD3E740F203441F
S214007C30D0E740F20114CDE77037002070B58EB063
S214007C40044601A80D46FFF763FE9DF80C30012B95
S214007C5022D144EA0503C3F30C03002B33D1B5F558
S214007C60402F04D940F2024420460EB070BDB4F551
S214007C70402FF7D82544B5F5402FF3D8204604F515
S214007C8000542DF073F8AC4202D00028F6D1E9E794
S214007C900028E7D00024E7E70026B36AB3F5804F54
S214007CA014D21B6BB3F5804F10D20A48FFF7B2FC14
S214007CB0B36A29461B6B2046DB6B9847044605488B
S214007CC0FFF748FDD0E740F20444CDE740F2011448
S214007CD0CAE700BF70370020BFF34F8F0549064B39
S214007CE0CA6802F4E0621343CB60BFF34F8F00BF55
S214007CF0FDE700BF00ED00E00400FA0570B5D0B166
S214007D00C9B10E4E431E013913F8014F2046325DAD
S214007D1002F00302012A11F8012F08BF04F1200027
S214007D20B55C05F00305012D08BF2032801A01D18D
S214007D30002CE9D170BD0120FCE700BF61BB040048
S214007D400348044A0449121A92102DF062B800BF84
S214007D5034410000D04200007068002008B5154B82
S214007D6083F30A8800F030F8FFF7EAFF124B134956
S214007D708B4212D30020124B12498B4218D3FCF7C9
S214007D80B1FF186850F82240586840F82240013287
S214007D9098688242F5D30C33EAE70022F8E71C68BD
S214007DA044F8220001325C68A242F8D30833E4E7C4
S214007DB00022F8E70800002020E004002CE0040081
S214007DC02CE004002CE00400124B134A70B59A60B5
S214007DD0D3F88820114D42F47002C3F888206FF063
S214007DE0010205F50054226641F2FF726266022225
S214007DF0C3F8D020BFF34F8FBFF36F8F4FF44036DA
S214007E00032004F065F90320E66004F045F92E61CE
S214007E1070BD00BF00ED00E00040000000800044A0
S214007E20014B1860704700BF486B0020054B186078
S214007E30054B1B6F03F00703032B01D135F016BB70
S214007E40704700BF506B0020008000502DE9F041C5
S214007E5004464FF001080C250D4E0CB9BDE8F08124
S214007E6094FAA4F0B0FA80F00F2808FA00F2C8BF1F
S214007E70103824EA0204CABF05FB006205FB006254
S214007E80B4325768002FE8D09168C0B2B847E4E72C
S214007E908037002008B50C4837F0D4FA192004F0D3
S214007EA009F928B1192004F013F9192004F0F4F8A0
S214007EB01A2004F0FFF828B11A2004F009F91A2055
S214007EC004F0EAF8002008BD649604002DE9F041AD
S214007ED00E461746054618B30F2923D80378DBB19C
S214007EE0013BDBB2022B19D8104AD35C6A78D34028
S214007EF0DB0717D50E4BD3F81043ACB937F004FAAE
S214007F0080463A462846314602F042FE404637F062
S214007F10F6F92046BDE8F0817F23E7E70023E5E792
S214007F202224F6E72124F4E70224F2E7549404001E
S214007F3000C0035010B5044610B30378E3B1013B0C
S214007F40DBB2022B1AD8104AD35C6278D340DB0728
S214007F5018D537F0D9F90122617823788A40302184
S214007F604B4341F2100103F1A04303F570335A501E
S214007F7037F0C5F9002010BD7F23E6E70023E4E7CD
S214007F802220F8E72120F6E75494040010B50446B2
S214007F9010B30378E3B1013BDBB2022B1AD8104AC8
S214007FA0D35C6278D340DB0718D537F0ADF90122F1
S214007FB0617823788A4030214B4342F2100103F166
S214007FC0A04303F570335A5037F099F9002010BDDE
S214007FD07F23E6E70023E4E72220F8E72120F6E700
S214007FE05494040038B50D46044618B311B303780C
S214007FF0E3B1013BDBB2022B1AD8104AD35C62789D
S214008000D340DB0718D537F07FF930222378534367
S21400801003F1A04303F570335B696278D34003F045
S21400802001032B7037F06BF9002038BD7F23E6E79D
S2140080300023E4E72220F8E72120F6E75494040022
S2140080402DE9F0410D4616469846044600284FD0C6
S21400805000294DD00178002940D04B1EDBB2022B00
S2140080603ED8254AD25C6378DA40D20701D4FF298D
S21400807040D1022E01D9042E3CD137F045F92378A1
S2140080800746FF2B05D032462046296802F0C6FD7B
S21400809028602B68013309D12378FF2B06D1174BB4
S2140080A06078D3F824142DF08FFC286029684B1CC8
S2140080B018D00C23124A03FB0122069BC2F8048048
S2140080C093602378FF2B04D001230E4A8B40C2F81E
S2140080D02434384637F013F9002007E07F22C2E741
S2140080E00022C0E7384637F00AF92D20BDE8F081B7
S2140080F02220FBE72120F9E75494040000C0035037
S2140081008037002000D0035008B502F037FD044B3E
S21400811000F05530C3F82004BDE80840FFF796BECF
S21400812000E0035008B502F029FD044B00F0AA3029
S214008130C3F82004BDE80840FFF788BE00E00350FF
S2140081402DE9F04F144605460E469B46C36B87B096
S21400815001225B6902A960689847EB6B01225B69A4
S21400816003A93046984702A82DF052FA074648B1B0
S2140081700023A37563754FF0FF33A360002007B09C
S214008180BDE8F08F03A82DF050FA0123A375237ED7
S21400819004EBC303DE611F846368B3420ED1206024
S2140081A003A82DF064FA4FF0FF332075A360237DFB
S2140081B0043B022B26D80023A375DFE723681A1A90
S2140081C053425341A37503A82DF051FA237D8342F1
S2140081D018BFA77503A82DF02CFA074602A82DF0A5
S2140081E028FA874218BF002303A818BFA3752DF0EE
S2140081F028FA074602A82DF024FA87421CBF00235F
S214008200A375D4E703A82DF014FA80B1EB6B022215
S21400821030465B6904A9984704A82DF019FA03466E
S214008220207D032839D8DFE800F03838040903A891
S214008230F3E7CC22237E04EBC3031A8401F06EFC22
S214008240109B187003A8277E2DF0E7F904EBC707EC
S21400825087F82200237E03A804EBC303B3F820901C
S21400826093F822702DF0E5F9804603A82DF0E9F981
S2140082708246B8F1000F15D0EB6B022230465B69E0
S21400828004A9984704A82DF0A8F96075637D6BB91A
S2140082900023A3754FF0000838E0227E04EBC202EC
S2140082A01384CBE703A82DF083F9EEE794F8168045
S2140082B0B8F1000FEED0B9F1000F09D1DFB10123FC
S2140082C0E375637E002B4FD1012F42D1677614E011
S2140082D06B6C06EB0A015A4286EA010010421CBF8C
S2140082E00022A2755A1E0A409B1A9945D0D8A37D33
S2140082F0002BE3D1CEE7E37D43B94FF000084B46B1
S2140083005246314628462CF0CEFEA060A27D12B121
S21400831023694B4423611A49237E097899422AD956
S21400832001332376BBF1000F27D032B3E37D23B3AE
S214008330B8F1000F21D1032F1FD0A1684B1C1CD011
S214008340109B2246009328460123FFF7F9FEA075EE
S21400835013E095F8343063B9EB6A0133CFD1032FBD
S214008360CDD10123A376C8E7012FCFD0032FC4D1E8
S214008370F7E79846C3E70023A375A07DFFE600BF96
S214008380789404002DE9F04F0E46984600238BB0F3
S21400839004464FF0FF31104617468DF8133001F0B3
S2140083A0A7FBB6F5801F20D2314605AA04F10800C7
S2140083B02DF080F8451C014603D1237CBBB92D2047
S2140083C010E0384601F094FB0122394620460DF1B4
S2140083D013032CF0BAFE0028EFD09DF8133088F86F
S2140083E0003000200BB0BDE8F08FB01CE5D1E56A88
S2140083F0691C36D12046616A2CF09BFD0546B31CED
S21400840018BF0123DFF8CC900193636A626C029375
S214008410236805A902FB053AE36B05225B69504613
S214008420984705A82DF08FF92DF0B2F950462DF09B
S214008430BAF94FF0000B824601464B1C05D0636C20
S21400844081EA0A025B42134211D0294620462CF0EC
S21400845070FD029BAB422CD0BBF1000F2CD1054621
S214008460D3E72368ED1A636CB5FBF3F5C7E7484618
S21400847001F03EFB0DF1130349462046019A2CF00D
S21400848064FE034690B1B21C03D0D9F80020B24275
S2140084900CD19DF8132003930D4B88F80020494615
S2140084A01A68384613F00EF8039B9B46D9F8081056
S2140084B0C3E7BBF1000F82D0B6F5801F91D23146DC
S2140084C098F800307A6804F1080001F03FFA88E76F
S2140084D0749404005C3F00202DE9F34104461746DF
S2140084E098460E46184D816AE36A8B4201D04B1CB3
S2140084F002D102B0BDE8F081284601F0F9FA012267
S214008500294620460DF107032CF01FFE38B14346DE
S214008510294620469DF80720B8470028E9D0A968D4
S2140085204A1C04D1696820462CF090FD0146012EB5
S214008530DAD16B6881EA0302636C5B421A4218BFA9
S2140085404FF0FF31D0E700BF303F00202DE9F04F5D
S2140085504FF0FF334FF6FF720025044600F1080681
S214008560C0E909238BB0C3620562056330468846BE
S2140085702CF071FF20462CF0ACFC60BB2046414638
S2140085802CF027FD20462CF0A4FC60BB5E200BB030
S214008590BDE8F08F2368E26B606C576900FB05301E
S2140085A0052205A9B84705A82DF0CDF801280746ED
S2140085B00CD1294620462CF0DDFC012F024600D1C6
S2140085C00132294620462CF0A3FC03E02DF0E5F806
S2140085D00028EED10135E3699D42DBD320462CF01E
S2140085E078FC0028CAD000254FF0FF394FF6FF73FD
S2140085F0CA46A846C4E90853E36998450AD3A5EBDA
S2140086000905012D2CD84FF6FF72636A93423CD1C0
S2140086106720BCE72368E26B606C576900FB083094
S214008620052205A9B84705A82DF08DF8834605A8AC
S2140086302DF060F8074658462DF0AAF868B1574561
S21400864038BFC4F82480B94528BFB946BD4238BFF4
S2140086503D46BA46236A0133236208F10108CBE798
S2140086604FF6FF7300256362E3699D42CBD2676CC9
S2140086702068E36B052207FB05005B6905A99847A0
S21400868005A82DF037F80135EEE7E26B676C206839
S214008690694607FB030055690522A84768462DF082
S2140086A029F8626A2368606C4B4D00FB02302DF09F
S2140086B07AF84FF0FF33A062E3622A466FF00101BA
S2140086C0204605ABFFF75EFE002846D1AD6829467A
S2140086D02046E5622CF0D9FB206320B92046E16AEB
S2140086E02CF0B4FCE062294620462CF0AFFC054690
S2140086F0A36A9D4233D120462CF09AFB0027804681
S214008700B946E36999453CD3B84559D92046616ACC
S2140087102CF00FFC0026054604F1400AB74212D89A
S214008720626C2368694602FB0539E36B05225B69C8
S2140087304846984768462CF0DDFF534602464946B1
S214008740E06B2DF032F8294620462CF0F2FB01367D
S214008750B0450546E2D1642019E7A56AB7E7294681
S21400876020462CF092FB236B2946034407462363DE
S21400877020462CF06BFC0546002FB9D1C4E90B0748
S214008780B6E7636C2568052203FB0955E36B05A96C
S2140087905B692846984705A82CF0D5FF2CF0F8FF13
S2140087A058B128462CF0FFFF014620462CF06DFB02
S2140087B0636C143B984208BF013709F10109A0E732
S2140087C030462CF048FE002320461946034AFFF7A1
S2140087D083FE0020DBE600BF883F002039510300FF
S2140087E02DE9F041036B9046826B07689A4288BF7A
S2140087F08363426C436A90B002FB0377C36B0E46FA
S214008800052201A95B6904463846984701A82CF062
S2140088109AFF01280146307057D0656CE26B2368DA
S214008820606AD2F814C005FB0030052206A9E047AE
S21400883006A82CF088FF01284FF0000523D0D4E9C5
S2140088400A3201219342CDE90B458DF834800E950E
S2140088508DF83C102AD1194620462CF0F7FB236BE6
S214008860626C14339B1AE06223630C9B53B99DF829
S2140088703C303BB1626A616C2368E06B01FB0231FD
S2140088802CF019FF0C9DE36B05225B6901A93846A5
S214008890984701A82CF057FF30702846236BA26B30
S2140088A09A4288BFA36310B0BDE8F081237C33B939
S2140088B01C490BAA04F1080001F096F8D5E72046FB
S2140088C0194A0BABFFF708FECFE7237C23BB2246F3
S2140088D0164904F1080001F087F8616A20462CF07A
S2140088E049FB616A421C20462CF012FB054620B963
S2140088F0236B626C1344143B23632046A16A2CF05E
S214008900A5FB2368A062C01A636CB0FBF3F060623C
S21400891020462CF0DEFBB6E700232046044AFFF78D
S214008920DBFDDAE78590000001900000D3510300DC
S2140089306F51030073B50D46D11E4A421C461B7E7E
S2140089404A419A4226D129682368994222D363680D
S21400895099421FD8114E0DF107033246FFF712FD5C
S214008960C0B972686B689A4214D19DF80730DA1E57
S21400897053425341227E93420CD1636901336361B3
S214008980D4E90323934205D22968A26842F823104B
S21400899001332361012002B070BD00BF883F002074
S2140089A02DE9F04F9B4689B09DF848309046514AD5
S2140089B00193136907465B450D46C0F09580D9467E
S2140089C053680093B9F1000F7BD0FB6B01225B6903
S2140089D005A90098984705A82CF027FE454B1B686C
S2140089E0984240F0848005A82CF02BFE042806460A
S2140089F015D105A82CF02CFE009B04461E44019BB6
S214008A00002B3ED1804512D91C46A8EB00083846FC
S214008A1000992CF01BFBA9EB04090090D2E7FB6B36
S214008A2002225B69009806A9984706A8E2E7A0EB31
S214008A3008045C4528BF5C46032C4644ABEB040B9D
S214008A401DD9FB6B294630465B69A208984724F07F
S214008A50030304F0030A1E441D44DDF80480BAF143
S214008A60000FD4D0FB6B012206A930465B699847FD
S214008A705246284606A912F025FD5544C7E7A246E9
S214008A80EBE7824600F0030302932B180393064499
S214008A90039BA6EB0A00A3EB0A05029B9A4514D19A
S214008AA0BAF1000FB3D0FB6B012206A95B699847A9
S214008AB05246284606A912F0C1FE0028DDD04FF027
S214008AC03609484609B0BDE8F08FFB6B012206A9BF
S214008AD05B6998470422284606A912F0AFFE0028D4
S214008AE0EDD1AAF1040AD3E74FF06309E9E74FF0A6
S214008AF06F09E6E7B43F00202DE9F0410F46164621
S214008B009846044688B060B390F83450FDB1012111
S214008B102CF0D4F900210E9BCDE90511CDE90237E2
S214008B209DF83C30CDF804808DF81C30237C0496EC
S214008B308BB90D4901AA04F1080000F055FFDDE9E4
S214008B400553E06B002E08BF1D462CF050FB284650
S214008B5008B0BDE8F0812046044A01ABFFF7BCFC34
S214008B60EDE70546F3E700BF9D5103003589000099
S214008B707FB590F84260044601920DF10B030A4659
S214008B80304611492CF03BFB012E0546E36B17D10E
S214008B9032465B6903A998479DF80B10039B019A20
S214008BA059B19BB243EA0243012228460393E36B82
S214008BB003A99B69984704B070BD62F30F03F3E7FF
S214008BC001229B6901A9F5E7B43F00202DE9F04F8B
S214008BD099B00E460D920A69416C0B931439D31D59
S214008BE0B3FBF1F3013302EBC302036B044693427B
S214008BF0C0F001820023DFF804940893E36A484635
S214008C001946059300F074FFD6E9033707930B9BCC
S214008C10022B4DD1CC2F40F0D7810D9B3BB1314676
S214008C2020462CF042FB656C1490012044E00120A5
S214008C30079B656C1B68149300F0010000280CBFAE
S214008C4004230823782F0E9349D8059A6B1E1340E9
S214008C50ED1A3B1D9D423CD2002F3DD0082D3ED83C
S214008C600023042506934FF0040A336806990B98F0
S214008C70C9F80030C9F810702CF0FDFC4FEA9A03D2
S214008C800F93059B89F814000393002309930C9314
S214008C9004930A93616C039B4A1E1A408B1A27B3EF
S214008CA05544AB4223D8236B5B1A134423632FE14E
S214008CB0782F656CB9D8F07D0D9B002BBCD0E36B8C
S214008CC001225B69706816A9984716A82CF0B1FCBB
S214008CD0B4E700250695C6E704250697C3E70123F3
S214008CE000254FF0080A0693BFE75345DBD3A3EBF6
S214008CF00A029742039BB84628BF904697425344C1
S214008D0028D90122D9F8101089F817208F4226D1C9
S214008D100399C9F80410049299F817200AB399F831
S214008D2018100398CA1C09EBC2025060049801315F
S214008D30A2F80880907289F81810B8F1000F07D0D2
S214008D400B9A022A40F08180099A72B10122099298
S214008D509B46ABE0049A002A18BF0322DBE70222F8
S214008D60D9E7039AC9F80420E7E70C9A4244032A95
S214008D70EED9E26B1846956914A901220993A84713
S214008D80099B05460028E1D03D2D40F01E8104F1E8
S214008D90080303932368059A606CA2EB030ABAFBE8
S214008DA0F0FA00FB0A302CF0FEFCE16A8046204612
S214008DB02CF04CF9A26A824200F00F81626CD9F85E
S214008DC00830511E0B40216B2768891A0B44236319
S214008DD0089BE062DF1BB7FBF2F7BA4540F0FA806B
S214008DE0059BB3EB080A12D0E36B4FEA9A024146A2
S214008DF09B6998478346E36A059A5344E362236B6C
S214008E0003989B1A434423632CF025FBDA46236819
S214008E10616CE06B01FB07312CF03AFC20462CF02D
S214008E2058F820462CF055F92063BAF1000F00F0F0
S214008E30D4803269616CD31D1439B3FBF1F301336E
S214008E4002EBC3029042A5D2BFE00D9A002A77D16A
S214008E50B8F1030F4FEA98026ED9E16B18468D6998
S214008E6007991093A847109B0546C0B918F003054C
S214008E7015D0079A28F0030B02EB0B019B444FF02A
S214008E80FF3215A815922A46109312F01BFBE26BD0
S214008E905846956915A90122A8470546109B9B468A
S214008EA0079A42440792002D40F08B80049B16A838
S214008EB00193069B009399F814204346316800F00E
S214008EC0CDFDE36B0F9A9B69039816A99847039A02
S214008ED0051E089B18BF1346089343465246204675
S214008EE003992CF0E0F8236B08F10302A3EB0A03C6
S214008EF022F003029B1AC9F808002363002D7FF4B2
S214008F0043AF0C9BA7EB080743440C93CDF80CB07B
S214008F10204603992CF09AF800250390002F7FF442
S214008F20B9AE364A3168936804F10800E3625268C5
S214008F300B9B00F00BFD49E09B46454607999EE7D4
S214008F409B4606F120021092F27D7068A2B10022C4
S214008F5096F818C00A99D5B2AC4511D9109D02F101
S214008F60010E35F832508D4228D90E9806EBC20213
S214008F700144D069084403E00E9A0A990A44104452
S214008F80E26B15A9556901221193A847159A0A9B09
S214008F901392E26B043395695846012213A90A938B
S214008FA0A847119B054603EB0802A2EB0B02042A16
S214008FB07FF679AF28B90BF1040BC5E77246491B5B
S214008FC0C9E7CDF820B088E770252F46384619B097
S214008FD0BDE8F08F4FF0000A19E73269616CD31DC7
S214008FE01439B3FBF1F3013302EBC302236B934254
S214008FF0BFF404AEE9E71C27E8E700BF5C3F0020AB
S214009000032A2DE9F34106460D4617461C4606D1AF
S214009010237A012B23D0012002B0BDE8F081DFF8CF
S2140090206080096842460DF10703FFF7ABF9606000
S2140090300028EDD19DF80720237A032AE8D0D8F837
S21400904004106A689142E3D1012B2969D4F80CC058
S21400905007D172690CEB0103934202D92074207C7D
S214009060DAE708316144E1603B4601222946304692
S214009070FFF7ACFD60600028CAD00020CCE700BF38
S214009080883F00202DE9F341089C032A17462668EE
S21400909006D1237A012B24D0012002B0BDE8F0814E
S2140090A0DFF89080304642460DF10703FFF76AF975
S2140090B060600028EDD12568D8F80400A96AD5F8C4
S2140090C044C04840CCF100031840227AE1D1012A7E
S2140090D009D1E268D8F8103013447269934202D975
S2140090E02074207CD9E72868EB6A1B1A081AB3FBA1
S2140090F0FCF3B0FBFCF083420BD1706CF36A421EAB
S2140091001340326B121A1344284633632BF09EFF2B
S214009110E862D8F81020E36808321344E3600122BE
S2140091203B4604492068FFF751FD60600028B0D038
S2140091300020B2E7883F00202DE9F0410025604B73
S2140091400E46D3F8008004461D6018B9212528462F
S214009150BDE8F08190F8347007B30A6803689A4255
S21400916040F0A3804A6843689A4240F09E808A682E
S21400917083689A4240F09980CA68C3689A4240F071
S21400918094800A6943699A4240F08F808A69C36B6B
S2140091909A4240F08A804B698361D8E76822394654
S2140091A0856B11F0FFFFD6E90212336804F1080060
S2140091B023607368A5636360336963617369A36141
S2140091C02CF05BF9B36904F14000E3639B689847B1
S2140091D020B9676C17B16368B3FBF7F794F84330B0
S2140091E0E761002BB2D00023656C2366002D64D0A7
S2140091F0002F62D02368B3FBF5F205FB1233002B79
S21400920055D16668B6FBF5F305FB1363002B4ED10C
S21400921020462BF02AFEA369043303449E4248D31B
S21400922040F634726369CC3B934244D8B5F5805F10
S21400923043D3032120462BF041FED4E90001E36B23
S2140092401B6898470546E36B0220DB689847CDB954
S21400925041462046FFF77AF96428054604D1414680
S2140092602046FFF773F90546666C5DB9236A20460B
S214009270143E5E432BF0F9FDA369043303449E427B
S21400928038BF5A25002D0CBF0123002384F8343044
S21400929007D1D4E900010B4A1368013313602CF0A0
S2140092A086F9E06B2BF0A3FF51E75D254FE75925C4
S2140092B04DE75A254BE75F2549E75B2547E700BFA3
S2140092C0EC380020E83800202DE9FF410C46164611
S2140092D01F46054680B390F834307BB3B1F5801F47
S2140092E02ED2DFF8608001212BF0E8FD21464246B1
S2140092F028460DF10F03FFF745F8044670B99DF8B0
S2140093000F30012B11D1D8F81030BB4212D10246D3
S214009310009031462846FFF743FB0446E86B2BF0E7
S21400932066FF204604B0BDE8F081022B14BF2D2452
S2140093306024F3E76324F1E72124F2E71124F0E741
S2140093402924EEE7B43F00202DE9F04385B00C4613
S21400935017461E460546DDF8308098B390F8343040
S21400936093B3B1F5801F31D2DFF8649001212BF062
S214009370A5FD21464A4628460DF10F03FFF702F8E1
S214009380044688B99DF80F30012B14D1D9F8102067
S21400939006EB08039A4213D30090434632463946FA
S2140093A02846FFF7FDFA0446E86B2BF020FF204620
S2140093B005B0BDE8F083022B14BF2D246024F3E72C
S2140093C06324F1E72124F2E71124F0E72924EEE7ED
S2140093D0B43F002073B50C461646054630B390F8E9
S2140093E034302BB3B1F5801F24D201212BF066FD5B
S2140093F021462846104A0DF10703FEF7C3FF044630
S21400940080B99DF80730032B0CD0022B0CD12846D0
S21400941009492BF04AFF3060E86B2BF0E8FE204647
S21400942002B070BD2D24F7E76124F5E72124F6E7A6
S2140094301124F4E72924F2E7B43F00202DE9F34194
S2140094401E4600230C4617460546336050B390F878
S21400945034304BB3B1F5801F28D2DFF85480012199
S2140094602BF02CFD2146424628460DF10703FEF759
S21400947089FF0446A0B99DF80730032B10D0022BB5
S21400948003BF01233B600423D8F8103018BF3860B0
S2140094903360E86B2BF0ABFE204602B0BDE8F081EF
S2140094A02D24F6E72124F7E71124F5E72924F3E72E
S2140094B0B43F002073B50446056B2BF0D6FC636EF4
S2140094C003449D422CBF00230123854294BF002500
S2140094D02D1A207C84F85030656584F85800A8B1B1
S2140094E000230C4E1A461946204600962BF0A1FF84
S2140094F0002305461A461946204600962BF0A2FF82
S214009500E3682844984294BF0020C01AE06502B081
S21400951070BD00BFFFFF0F002DE9F3471E464369ED
S2140095200446B342884617469DF828904ED3002539
S2140095308DF8075020462BF098FCD4F830A08245D2
S2140095400AD2236AB5EB430F06D2002220460DF15D
S2140095500701FFF745F9B8B39DF80730012B05D191
S214009560002220460DF10701FFF73AF9B9F1030F83
S21400957006D0314620462BF068FC256B854227D363
S214009580144D4FF0FF31284600F0B2FA4B462946FC
S21400959000222046C5E90376C5F80080FFF716FBD3
S2140095A0236E054663B12046FFF784FF94F85030DB
S2140095B013B994F858301BB1236E04F15000984745
S2140095C0284602B0BDE8F0870135B3E76225F7E725
S2140095D01C25F5E7883F00202DE9FF410F46904601
S2140095E01E46054698B390F8343093B3B1F5801F05
S2140095F031D21A4C02212BF061FC2246394628460D
S2140096000DF10F03FEF7BEFE024678B10123424677
S2140096100093394633462846FFF77EFF0446E86B3C
S2140096202BF0E5FD204604B0BDE8F0819DF80F3034
S214009630012BEBD12169B142E8D100934146334674
S2140096402846FFF7ADF904460028DFD1E7E72124D6
S214009650E8E71124E6E72924E4E700BFB43F00204A
S2140096602DE9F04790F8423086B0012B054603916D
S214009670A1EB020740F0AA80FF2F03D81E464FF04A
S214009680640807E00226012B14BF4FF032084FF0A3
S2140096906408013600244FF6FF79DFF844A195F8F8
S2140096A04230012B14BF322364239C4202D35FFA5C
S2140096B088F40DE005AB2246514628462BF0D3FD34
S2140096C095F84230012B059B34D14B452DD1E4B2A1
S2140096D095F84230012B14BF32226422121BB2428C
S2140096E017D3012E39D10022012B05978DF81320B0
S2140096F027D1082205A90DF113002CF070F89DF86B
S2140097001330059A42EA032221462846FFF730FA2C
S21400971040B10223324900932846CC23096803AAA5
S214009720FFF7FAFE06B0BDE8F087DBB203B90234F5
S2140097300134B4E7591CCAD09BB2002BF8D10134CF
S214009740F6E7102205A90DF113002CF048F89DF855
S2140097501330059A42EA0342D6E7039A012B059294
S21400976023D10823202205A90DF113008DF813300C
S2140097702CF035F89DF81320120221462846FFF7F4
S214009780F7F995F84230611C012BC9B21AD10028AE
S214009790BFD12846BDF81420FFF7EAF90028B8D153
S2140097A00234BDF81620E1B2AFE71023202205A947
S2140097B00DF113008DF813302CF011F89DF81320DE
S2140097C01204DAE70028A4D1059A9EE7B7F5803F91
S2140097D04FF00106BFF457AF4FF032085AE700BF0C
S2140097E0B43F002070B586B00E4605460392A0B37F
S2140097F090F834309BB3B1F5801F32D202212BF0A3
S2140098005DFB31462846184A0DF11703FEF7BAFDF0
S214009810044618B99DF81730032B0ED102233146A3
S21400982000932846CC2303AAFFF776FE0446E86B8F
S2140098302BF0DDFC204606B070BD022B0BD10A498A
S21400984028462BF032FD039902468142EFD0284687
S214009850FFF706FFEAE76124E9E72124EAE7112497
S214009860E8E72924E6E700BFB43F0020F7B50C463A
S2140098701646054668B390F8343063B3B1F5801FDA
S2140098802BD202212BF01AFB21462846144A0DF152
S2140098900703FEF777FDC0B99DF80730032B14D0F9
S2140098A0022B14D10E4928462BF0FFFC471C02461B
S2140098B039462846FFF7D4FE044606B13760E86B03
S2140098C02BF095FC204603B0F0BD2D24F7E761246D
S2140098D0F5E72124F6E71124F4E72924F2E700BF90
S2140098E0B43F002030B50C46054685B028B390F846
S2140098F0343023B3B1F5801F23D202212BF0DEFAD9
S2140099000DF10F03214628460F4AFEF73BFD03469E
S21400991088B99DF80F20032A0DD003222146009215
S21400992002462846FFF7F8FD0446E86B2BF05FFC7E
S214009930204605B030BD2D24F7E72124F8E7112492
S214009940F6E72924F4E700BFB43F00202DE9F043F2
S214009950466886B3056898464FF0000CA946AE46A2
S21400996055F83C400CF1010CC4F31307013401D048
S214009970B94217D0B4450EF1080EF1D12F46002497
S21400998003E0B44207F1080712D055F8343001342A
S2140099900133F6D1C1F3130141EA0851C7E90012B9
S2140099A0BDE8F08341EA0851CEE90012BDE8F08335
S2140099B0B8F1030F03D101230372BDE8F08300233F
S2140099C003E0B34209F10809F5D055F833400133F6
S2140099D0C4F30754032CF4D1C1F3130343EA08532A
S2140099E0C9E90032BDE8F0832DE9F041064640683B
S2140099F082B0B8B10F4690460024336853F834500E
S214009A0003EBC403C5F30752C5F31301013506D0B3
S214009A105B683046CDF80080B84718B170680134EE
S214009A208442EAD302B0BDE8F08100BF024B196859
S214009A30024B1868FFF780BB546B0020746B002045
S214009A4008B535F054FC014B186008BDE03F002017
S214009A50014B186835F046BCE03F002073B504465D
S214009A602248012A00EAC1119DF8185023F07C40D4
S214009A7007D9961E012E28D9073303F07F03194312
S214009A8008E09DF81C300A43DB0603F0C05313437E
S214009A9043F060410023C4E900108DF80730B5B1EB
S214009AA0202221460DF107002BF099FE1A220DF117
S214009AB00700211D2BF093FE082063689DF8072001
S214009AC043EA8263636002B070BD1143E2E71B2283
S214009AD00DF1070021462BF082FE23689DF8072033
S214009AE0042043EAC2632360EDE700BF80FFFF0760
S214009AF038B5094B0D461A680021044611F052FB92
S214009B0000234FF0FF322383C4E900252361A260BF
S214009B10E382A37638BD00BF749404000138C0B257
S214009B2005289ABF014B185C012070477994040001
S214009B302DE9F0410746154600240E46596888B0C0
S214009B40490A012922464FEA510104F10104F8D8D6
S214009B50DC78997824031B88C90201F4006104F4B8
S214009B6080540C43C3F30A035203234492B24FF0CB
S214009B7000089C18274B6FEA0444039325F07843AB
S214009B80ED4302A90DF107001B2202938DF8078012
S214009B902BF025FE9DF80720029B02A943EAC2632C
S214009BA00DF107001B2225F07845049302958DF8E9
S214009BB007802BF014FE9DF80720029B6FEA1444E2
S214009BC043EAC26305934FF0FF330794069307A951
S214009BD0BB69012206F110009847BB6905A9044637
S214009BE0012206F108009847BB69404518BF0446A5
S214009BF004A90122301D98470122404518BF04469B
S214009C00BB69304603A99847404508BF204608B0C0
S214009C10BDE8F08101009AB238B5104B0546D3F87E
S214009C2000310C4603F00303022B0BD0032B0DD0A0
S214009C30012B0FD133F034FC032305B1286004B1A7
S214009C40236038BD33F076FC0723F6E735F062FB79
S214009C500623F2E701230020EFE700BF0080005054
S214009C6038B5134B0546D3F820010C4600F0070024
S214009C7004281AD8DFE800F003090D1115000123A7
S214009C8005B1286004B1236038BD33F0CFFB042350
S214009C90F6E733F005FC0323F2E733F007FC052371
S214009CA0EEE733F0F9FB0223EAE700231846E7E77E
S214009CB00080005038B5104B0546D3F840310C46AE
S214009CC003F00303022B0BD0032B0DD0012B0FD177
S214009CD035F022FB082305B1286004B1236038BDA7
S214009CE033F028FC0723F6E735F019FB0923F2E7E3
S214009CF001230020EFE700BF0080005038B5104B6E
S214009D000546D3F860310C4603F00303022B0BD054
S214009D10032B0DD0012B0FD135F0FEFA082305B129
S214009D20286004B1236038BD33F004FC0723F6E74F
S214009D3035F0F5FA0923F2E701230020EFE700BF2C
S214009D400080005041F6713210B5104C104BA04206
S214009D5094BF00240124D969DA639A6801F480313B
S214009D6022F4401242EA04529A600A4A90420A4A90
S214009D70D2F818028CBF40F0020020F00200C2F8B1
S214009D80180209B10022DA6310BD00BF005A620251
S214009D900000035080F0FA0200C007502E4B984295
S214009DA04AD022D82D4B984240D014D82C4B9842FB
S214009DB039D00AD82B4B984232D02B4B98422FD012
S214009DC02A4B98422CD000207047294B9842FAD153
S214009DD0284B186F7047284B98422AD0274B98423A
S214009DE0F1D1244BD3F880007047254B98422BD0F6
S214009DF009D8244B984223D0234B9842E3D11D4BDD
S214009E00D3F88C007047214B984221D003F5740399
S214009E1003F510539842D6D1164BD3F898007047E6
S214009E20144B986D7047134B586E7047114B586F14
S214009E307047104B986F70470E4BD3F884007047EE
S214009E400C4BD3F8880070470A4BD3F89000704745
S214009E50084BD3F8940070470048E8010024F4004B
S214009E60C0CF6A0080841E0000093D0040420F00FB
S214009E70405DC6000080E00FC0EA210180BA8C0178
S214009E80007E560380D54302006CDC020090D003AF
S214009E9037B50C460021114B0191D3F880310546A9
S214009EA003F00303022B0ED0032B11D0012B03D19A
S214009EB001A8FFF7D5FE0D210DB1019B2B6004B163
S214009EC0216003B030BD33F0F1FA05210190F3E7CD
S214009ED033F0E2FA02210190EEE700BF0080005066
S214009EE038B5104B0546D3F840320C4603F0030352
S214009EF0022B0BD0032B0DD0012B0FD135F00CFA13
S214009F00082305B1286004B1236038BD33F012FB86
S214009F100723F6E735F003FA0923F2E7002318468D
S214009F20EFE700BF0080005038B5144B0546D3F865
S214009F3000020C4600F0070004281BD8DFE800F0FB
S214009F4003090D111500012305B1286004B1236033
S214009F5038BD35F0E1F90823F6E733F0EBFA0723CE
S214009F60F2E735F0DCF90923EEE733F07FFA0C234D
S214009F70800AE9E700231846E6E700BF00800050A5
S214009F8038B5144B0546D3F808020C4600F0070017
S214009F9004281BD8DFE800F003090D111500012383
S214009FA005B1286004B1236038BD35F0B5F9082343
S214009FB0F6E733F0BFFA0723F2E735F0B0F90923E6
S214009FC0EEE733F053FA0C23800AE9E7002318463D
S214009FD0E6E700BF00800050032814D005D801280B
S214009FE005D0022809D0002005E00F28FBD1084B39
S214009FF0186FC0F3013001307047054BD3F890005E
S21400A000C0F30460F7E7024B186FC0F38020F2E756
S21400A010008000501FB500230193252817D8DFE8DD
S21400A02000F0131A1D272C363B51565B60656A7884
S21400A030161A401616561A272C27361A5127783B1A
S21400A0403B3B3B2727275B6033F0F6F901900198EE
S21400A05005B05DF804FB33F009FAF7E733F0ECF9E6
S21400A06002460220FFF7B8FFB2FBF0F20192EEE7DD
S21400A07033F0FCF902460320F4E733F0F7F9024622
S21400A0800320FFF7A9FFB2FBF0F25208EEE700212B
S21400A09001A8FFF7FDFEDAE7002101A8FFF7E0FDC3
S21400A0A0D5E702934FF0E0231B695B0705D533F035
S21400A0B0DDF90290029B0193C9E703A902A8FFF706
S21400A0C0F9FDF7E7002101A8FFF7F4FDBFE700213F
S21400A0D001A8FFF713FEBAE7002101A8FFF724FF47
S21400A0E0B5E7002101A8FFF74BFFB0E7002101A864
S21400A0F0FFF792FDABE7094BD3F8803003F003037C
S21400A100022BA8D0032B01D000209FE733F0CEF916
S21400A1109CE7002101A8FFF7E3FE98E700800050C7
S21400A12008B50120FFF776FFBDE8084003498842DE
S21400A13094BF01210221032000F002B880F0FA0249
S21400A140032810B50C4627D004D8012804D00228CE
S21400A15017D010BD0F28FCD12BF05FFB2BF065FB52
S21400A160124A013C136F23F4405343EA0433136747
S21400A17033F07CF90021FFF7E5FDBDE81040FFF75E
S21400A180CFBF0A4A4C1ED2F8903023F0F85343EA69
S21400A1900463C2F89030DCE7044A4C1E136F23F4C5
S21400A1A0806343EA84231367D3E700BF0080005030
S21400A1B01FB500230193252821D8DFE800F01320DF
S21400A1C02020202A2F454A4F54595E7120203420E3
S21400A1D0204A202020202A204520712F2F2F2F2094
S21400A1E020204F54314B1B6F03F00703013B032B1A
S21400A1F005D8DFE803F00C02080A0423019301984F
S21400A20005B05DF804FB0323F8E70623F6E7022310
S21400A210F4E7002001A9FFF73BFEF0E7002001A9C4
S21400A220FFF71EFDEBE702934FF0E0231B695B0789
S21400A23005D533F01BF90B230393039BDEE703A935
S21400A24002A8FFF737FDF8E7002001A9FFF732FD67
S21400A250D5E7002001A9FFF751FDD0E7002001A9AE
S21400A260FFF762FECBE7002001A9FFF789FEC6E7ED
S21400A270002001A9FFF7D0FCC1E70C4BD3F88030D3
S21400A28003F00303022B03D0032B05D00023B5E70E
S21400A29033F0ECF80B23B1E733F008F90523ADE70C
S21400A2A0002001A9FFF71CFEA9E700BF00800050B0
S21400A2B008B50320FFF790FE034B18702BF0ADFA9D
S21400A2C0BDE808402BF0B1BA2E61002010B5044658
S21400A2D033F0CCF80021FFF735FD1CB1BDE8104087
S21400A2E0FFF71EBF034B0320BDE810401978FFF7A9
S21400A2F027BF00BF2E61002038B50546FFF74EFD8C
S21400A300204B04465A68012A04D11F494A609A69BC
S21400A3109207FCD10020FFF74BFF042803D12BF057
S21400A3207CFA2BF082FA194A24F0407395421FD02B
S21400A330174A95421FD0174AD16811F0060FFBD175
S21400A3409068936091684B4013F4F81F16D1284626
S21400A350FDF766FD0020FFF72BFF042810D133F031
S21400A36085F80021FFF7EEFCBDE83840FFF7D8BEC1
S21400A37043F00073DFE743F08073DCE79060E9E7C3
S21400A38038BD00BF00C0015000E0015040420F0041
S21400A39080841E000000015070B504460020FFF7C0
S21400A3A007FF03287CD045F60E030221414AC2F877
S21400A3B08030414B9962012103F580539962936D79
S21400A3C0D903FCD4D4E900131B0543EA0163E17BFF
S21400A3D094F823500B43217B43EA0143617B43EA15
S21400A3E00133A17B43EA811313619169D4E9040325
S21400A3F01B0643EA806301F000410B43A17EE07E2A
S21400A4000B43217E43EA0143617E43EA01239361C5
S21400A410E169136A002923F00D0343EA010314BF20
S21400A4200121002143EA800343EAC103136294F842
S21400A430203094F82200916A4FEA431331D194F801
S21400A440216021F0330143EA06130B4343F0010376
S21400A45093621A49174A936D31EA0303FBD102212E
S21400A460154B9962936D5B00FCD41369A16823F4C5
S21400A470700343EA015313614FF000420E4B9A619A
S21400A48018B9022203F580539A6215B901220C4BC3
S21400A4909A6294F824301BB1064B0A4AC3F880200F
S21400A4A070BD21F0330129430B4343EA4003936216
S21400A4B0EFE700BF00C0005000D00050030001408E
S21400A4C000E00050F1A7FFFF014B93F90000704732
S21400A4D02F610020014B1880704700BFA670002037
S21400A4E00C4A10B51369044643F00403136133F0B5
S21400A4F02DFB2BF09EF9084B084AC3F8202430BFEA
S21400A5002BF098F902F066F91CB9BDE8104032F05D
S21400A510ADBF10BD00ED00E000E003500000FFFFFF
S21400A520034A0179D36E23F030030B43D36670479A
S21400A53000400050F8B504460D461F4616464AB180
S21400A54001238B403021184A01FB0022F7B141F26B
S21400A5501001535004EB4403072D4FF00F014FEA50
S21400A560031316D8A80006FA00F281400F481844D4
S21400A5702BF063F94EB9012330210B4AAB4001FBA7
S21400A580042277B141F210015350F8BD42F2100197
S21400A590DFE7A5F10800800006FA00F281400448D3
S21400A5A0E5E742F21001EFE700C0035004C0035095
S21400A5B00CC00350012200F5805310B55A60244B9E
S21400A5C0244AC36043691340FCD18361C0F89830C5
S21400A5D0436913F4401FFBD14369DA052CD4836F1B
S21400A5E053BB43699B0529D4D0F8883033BB01217F
S21400A5F0C26FD0F88C2000F5005251603021836085
S21400A6000361C36203620167C0F880101249884282
S21400A61008D142F26004114984640165436584658B
S21400A620016643660C49884202D10020102B08D1EF
S21400A6300B4B5362936210BD436FCDE7D0F8843066
S21400A640CFE703F1280441F824000133EEE700BF0A
S21400A65012000200520001000040005A00C00280B2
S21400A6608F330F80084608B569B91820FFF7D2FC6B
S21400A670B0B10C4B984206D90B4B9B68C3F30273E0
S21400A6800133B0FBF3F0094B00F5742000F23F20D5
S21400A690B0FBF3F001387F2828BF7F20C0B208BD8A
S21400A6A00120F0E7005A62020040005A40420F00C4
S21400A6B00B4B10B5994228BF19460C461AB91820FC
S21400A6C0FFF7A8FC0246631E1344B3FBF4F0A34254
S21400A6D028BF00F1FF30032828BF0320C0B210BDFA
S21400A6E0005A620210B51048104C002B08BF0446F2
S21400A6F08C4228BF0C461AB91820FFF78BFC02467E
S21400A7009DF8083040F2FF300133B2FBF3F2631ECF
S21400A7101A44B2FBF4F3A24228BF03F1FF33984277
S21400A72028BF184610BD00BF80969800404B4C00CE
S21400A7302DE9F04F2DED068BB64D0C4616462946F4
S21400A740002285B00746FFF7B3FF94F80580012284
S21400A750804538BF804607F500535A6020795FFA77
S21400A76088F850B91820FFF755FCA842014628BFC4
S21400A770B0FBF8F13846FFF775FF4FF00009E378B5
S21400A78022781B01524202F0020203F03003134308
S21400A79062780004524202F004021343A27800F4E6
S21400A7A0FE00524202F0080213434FEA087202F01B
S21400A7B0E04213431843E3882289B8603B6163890B
S21400A7C0DFF85CA243EA02433B62574502D1B9F187
S21400A7D0020F08D1012307F580577B6005B0BDEC5A
S21400A7E0068BBDE8F08F002235788B488B49B4681D
S21400A7F0954218BF01462B468948CDF80080FFF7E2
S21400A80071FF07EB09118B6CA2B223F0405323F4BF
S21400A810EE2323F01F0305F003041C4373788242E3
S21400A8204FEA830303F01C0344EA0304B37838BFFB
S21400A83002461B03F07803F4E0432343040404F4C5
S21400A840E024234334794FEA091C240704F04054DB
S21400A85023438B648C6C09F1050BC4F30234013C72
S21400A8607049042C26D8DFE804F0252503101A00CA
S21400A870D1F88041240C2DB3C2F309020AEB0B1366
S21400A8805A6009F1010910369FE7D1F88441002D7E
S21400A890F2D1D1F88C11A4B20914490015E0D1F810
S21400A8A08441002DE8D1D1F88C11240C091401EB59
S21400A8B041010AE0D1F88041A4B2002DDCD1DFEDE1
S21400A8C05A7A06E0D1F88C11091407EE901AF8EEC1
S21400A8D0E77A01210CF1B44C0CF5804C2304DCF82B
S21400A8E0483024F4C045C3F3820C0CF1010C01FA85
S21400A8F00CF107EE101A4FEA854548BF45F00045B3
S21400A90013F01C0FB8EEC79AF6EE008A454B55D1E9
S21400A910D3F88C110BB208EE103AB8EEC88A38EEAF
S21400A920278A9FED42AAF7EE049A00285DD103928B
S21400A9302AF0FDFF07EE900AF8EE677A87EE8A7A2D
S21400A940C9EE877A27EE888A039A9FED397AC7EE92
S21400A950097A9FED387A67EE877AB1EE007AB5F11C
S21400A960004F48EE077A0BD09FED337A06EE104A7A
S21400A97077EE876ABAEEE86AF0EE477A56EE267AFF
S21400A980F5EEC07AF1EE10FACBBFF1EE677A78EE0C
S21400A990E78A77EEE87AFDEEE87AC8BFFDEEE77A5A
S21400A9A017EE901AB1F5003F2ADB6FEA55456FEABD
S21400A9B045451B484FEA0B1145505DE7D3F890110B
S21400A9C069EE286A09B207EE101AB8EEC77AD3F80D
S21400A9D0881177EE677A0BB208EE103A87EEA67A01
S21400A9E0B8EEC88A38EE078A9BE7D6ED037AF8EE0B
S21400A9F0677A87EE8A7AC9EE877A27EE888AA4E78E
S21400AA0011F5003FAABFC1F3110145F400350D430F
S21400AA10CFE700BF005A6202404B4C008096980079
S21400AA200040005A0080E00F0000000000007A445A
S21400AA3000008043000020440000004941F67132C7
S21400AA40034BDA63012203F50053DA60704700BF58
S21400AA500000035041F671320121044BDA6303F51E
S21400AA600052D1600022DA63704700BF0000035036
S21400AA70044B1868421C02BF034AD2F894001860C0
S21400AA80704700BF786B002000400050CB784A78B3
S21400AA9010B55B010C7843EA82030A79234343EA44
S21400AAA002130C22424302F1B0421363012C02BF90
S21400AAB08A78024B43F8202010BD00BFD080035098
S21400AAC008B54FF0B0435A6802B960B15B680BB185
S21400AAD02AF055FF4FF0B04130B10120074B5860C7
S21400AAE02AF04DFFC86008BD2AF049FF0223CB605C
S21400AAF02AF045FF0122024B5A60F4E70010005886
S21400AB00002000584FF0B0414B6810B50BB12AF04A
S21400AB1036FF01220B4BC4785A608378934043EA91
S21400AB20840344782343047943EA0413447943EACC
S21400AB30C4038B60044B5A600378C3F10203CB60F6
S21400AB4010BD00BF0020005800100058054B5B6980
S21400AB50C3F38512827003F03F021B0B4270037032
S21400AB60704700BF00C007500120034B9B680A33A4
S21400AB7003F01F03984070470080E00F034BD3F8A4
S21400AB802424D3F820041040704700BF00C00350B0
S21400AB902DE9F8431E4B0546D3F810334B1E0E2BFB
S21400ABA00E46174690F8009044781DD909B34FF02A
S21400ABB000082846D7B134F0B5FB09EB4903072C4B
S21400ABC04FF00F014FEA031315D8A400114808FAF6
S21400ABD004F2A14018442AF0DAFEBEB928468FB126
S21400ABE0BDE8F84334F09EBB8846E2E72AF0DEFE76
S21400ABF0E3E78846E1E7083CA400074808FA04F2C1
S21400AC00A140E7E7BDE8F8432AF0D0BEBDE8F883E8
S21400AC1000C0035004C003500CC003502DE9F0419F
S21400AC20204B1646D3F810234A1C05460C4640789F
S21400AC3004D1D3F824142AF0C7FE0446002C2EDBD9
S21400AC40072C14DC03274FEA84082A7807FA08F74B
S21400AC503946154802FA08F22AF099FE6A7839460B
S21400AC6002F00302114802FA08F22AF090FE0123CD
S21400AC7016F0050F0E4A18BF0E4903FA04F30CBF70
S21400AC80C2F81034C1F8103416F0060F18BF094A7F
S21400AC90C2F814340123064AA340C2F820342046E2
S21400ACA0BDE8F08100C0035000C4035008C4035040
S21400ACB000E0035000D0035070B504462FF0D6FADB
S21400ACC0064630B90FCC044D0FC594E80F0085E852
S21400ACD00F00304670BD00BFE43F002047F6FF730C
S21400ACE09A42F0B570D0022970D8394B5B5C022BC3
S21400ACF06CD8384DDE0005EBC304A77815F8333062
S21400AD00012F394638BF0121012B16D1E078401AB1
S21400AD100021884205D8012F2CBFC0190130C0B2CF
S21400AD20F0BD431A6568A0EB530335F913509542FE
S21400AD30D4BF194603F1FF30EBE760680028EFD078
S21400AD40B0F90040944204DBB0F902409442B8BF28
S21400AD50144683883544FF2B19BFC8232827B0F92B
S21400AD600630B0F90870A3EB04030CBF01220022E2
S21400AD7093FBF7F36E7813441BB29E4201DD002B63
S21400AD8001DA731E1BB24FF47A7C00EBC305EA8827
S21400AD90AD685F1C14FB02521D4622EAE2723BB20B
S21400ADA05C329E42B2FBFCF204DD00EBC307BF88B8
S21400ADB09742EAD200EBC5039888904228BF104617
S21400ADC0884238BF0846AAE7FF20A9E70020A7E781
S21400ADD07F940400E43F00200229F0B560D8314B90
S21400ADE0595C02295CD8304B13F83100012816D183
S21400ADF003EBC1039C78D878012C214638BF01218B
S21400AE00904294BFC1EB0001C1EB0201001BCAB225
S21400AE108242C8BF00225B6833F91200F0BD002AE8
S21400AE203CD003EBC1035968002939D0987890428A
S21400AE3002D3B1F90200F1E7DC78B1F900009442E0
S21400AE40ECD95C788B88013CA3F1FF06734201F1D4
S21400AE500405E4B2734101F10C07DEB2B44216D821
S21400AE6005EBC3034FF47A756A43B3F902405B6897
S21400AE70D21A04EBD47302EB630292FBF4F2904214
S21400AE80CCDBB1F902009042C8DC10B2C6E737F856
S21400AE9033C05E1C9445E3D33346DEE70348BDE784
S21400AEA00348BBE77F940400E43F00200CFEFFFF4E
S21400AEB00080FFFF08B50448FFF7FEFEBDE8084027
S21400AEC001202FF0D9B900BF849404007FB5142266
S21400AED0002101A810F066F9044B01A94FF0FF30DD
S21400AEE002932FF00FFA07B05DF804FB006A180013
S21400AEF02DE9F0418CB08846DDE912761D46044601
S21400AF00002847D0002945D0002F43D0002E41D03E
S21400AF1013F00F033ED120482049A360002A08BF43
S21400AF2001462362C4E90013404609A92AF0DEFD63
S21400AF3068BB2046099934F050FA2946204634F07A
S21400AF404CFA694640462AF060FE00BB6946204639
S21400AF502AF08BFE404603A92AF062FEB8B92046C6
S21400AF6003A92AF082FE06970127204645F00055E1
S21400AF7006A9079708952AF078FE204609A909969B
S21400AF800A970B9534F04FFA204634F009FA0CB0C5
S21400AF90BDE8F0812120FAE7000100040001010469
S21400AFA02DE9F04F97B0894690461F460546DDF8D6
S21400AFB080A0002800F0BB80002900F0B8803AB1DD
S21400AFC0229B002B00F0B380239B002B00F0AF8069
S21400AFD0BAF1000F00F0AB80219B002B00F0A78099
S21400AFE067B13C680026229B43440293464507D33C
S21400AFF007B13C60002017B0BDE8F08F3C46F1E793
S21400B0005CB1229B219A9B5D125D01345340239ACA
S21400B01004F00F0493550136E8E7A8EB060BBBF1E6
S21400B0200F0F58D9434B4846C5E90034AC602C6234
S21400B03013A92AF05BFD0028DDD1284613992BF0D2
S21400B0400F0B34F0CAF95946284634F0C6F948467C
S21400B05004A92AF0DAFD0028CDD1284604A92AF052
S21400B06004FE484607A92AF0DBFD0028C3D128467F
S21400B07007A92AF0FAFD012322992F4ACDF828A025
S21400B0800B930C928A190D9228464BF000520AA98F
S21400B0900E9303920F922AF0E8FD28460DA92AF097
S21400B0A0E4FD239B039A99190123109111931292A0
S21400B0B0214A284610A9CDF84CA01493159234F0D6
S21400B0C0B2F9284613A934F0AEF9284634F068F9E8
S21400B0D05E4400288FD1229B03EB060B239B1E4465
S21400B0E0029B9B4501D1464680E7ACB9219B224690
S21400B0F0CDE900A3494610232846FFF7F9FE0028AD
S21400B1007FF479AF0AF1100212F8013D0133DBB289
S21400B11013700BB95245F7D1219A1BF8013B125D0B
S21400B1200134534006F8013B04F00F04D8E7212011
S21400B13061E700BF03030004100000207FB50E4641
S21400B1401D460446F0B102B9E3B901230192029309
S21400B15045F00053039300230B4AA360C4E9002381
S21400B1602362204601A92AF080FD3146204634F0AD
S21400B17034F92046294634F030F9204634F010F9E8
S21400B18004B070BD2120FBE700000943084B98423D
S21400B19002D0084B984207D10B88B3F5105F14BF56
S21400B1A06FF08500002070476FF08500704700BF85
S21400B1B0004440040013C0041038102808D8064B7A
S21400B1C0C34013F0010F0CBF6FF0860000207047DD
S21400B1D06FF08600704700BF010101002DE9F04FB7
S21400B1E0A7B008AFCDE90501DDE93295DDE9346A9F
S21400B1F000210792384610229846DDF8D8B00FF0A6
S21400B200D1FF102200210CA80FF0CCFF069B2BB913
S21400B2106FF08604204627B0BDE8F08F079B002B12
S21400B220F6D0B9F1000F01D1002DF1D1309B13B942
S21400B230319B002BECD116B9BAF1000FE8D1BBF167
S21400B240000FE5D040460599FFF7A0FF044600280A
S21400B250E0D1014628221CA80FF0A4FF2022214698
S21400B26014A80FF09FFF1CA834F0ADF8002840F09B
S21400B270AF80DDE90612059814AB2AF042FD0446BD
S21400B2800028C7D11498FFF797FF04460028C1D1BD
S21400B29015B9CBF80000BDE7B14518D209EB050398
S21400B2A09E4214D25545B3D82A46494630460FF03A
S21400B2B0CBFF554B984526D006D3544B984524D003
S21400B2C003F54073984520D06FF08504A2E74F4BF6
S21400B2D098451BD003F54073984517D04A4B9845C0
S21400B2E0F2D1554594D815F00F0291D12B46CDE9F1
S21400B2F0009614A91CA8FFF7FBFD814600285CD128
S21400B300CBF8005086E7B146EDE7B14610220021A3
S21400B31010A80FF047FF55453FF67AAF3C4B9845CF
S21400B320319B39D10D2B7FF473AF01238DF840305C
S21400B330309B0DF1410203F10C0153F8040B8B42D4
S21400B34042F8040BF9D11B78137001238DF84F30A7
S21400B35015F00F0842D025F00F034B440DF1300CCA
S21400B36003F1100E624618685968083303C2734525
S21400B3709446F7D10F2D33D825F00F0333440393AB
S21400B3800CABCDE9017310AB00934246002314A921
S21400B3901CA8FFF705FEB0E7102B7FF439AF309BF3
S21400B3A010AA03F1100E9446186859680833ACE8E2
S21400B3B0030073456246F6D1CAE75246002130467E
S21400B3C00FF0F0FE0023B9F1010FCBF8003002D0E9
S21400B3D06FF092041EE76FF08B041BE70F2D8FD9DA
S21400B3E010ABCDE9029600930197002325F00F02DB
S21400B3F014A91CA8FFF7D4FD81460028DDD1B8F1BA
S21400B400000F3FF47DAFB7E7004440040010C004CF
S21400B4100013C0042DE9F04F8A46A1B00021DDE9F3
S21400B4202A56DDE92C790590934606A81022984600
S21400B4300FF0B8FE102200210AA80FF0B3FEBAF1F2
S21400B440000F05D16FF08604204621B0BDE8F08FCE
S21400B450BBF1000FF6D00DB9002EF3D117B9B9F134
S21400B460000FEFD12E9B002BECD040460599FFF73E
S21400B4708DFE04460028E7D10146282216A80FF0C4
S21400B48091FE202221460EA80FF08CFE16A833F05F
S21400B4909AFF002854D15A46514605980EAB2AF01A
S21400B4A030FC04460028CFD10E98FFF785FE0446F0
S21400B4B00028C9D116B92E9B1860C5E7BD4216D222
S21400B4C0AB199F4213D24E45BCD832462946384661
S21400B4D00FF0BAFE3A4B98455BD003F5407398459B
S21400B4E031D0384B984511D06FF08504ACE7344B1B
S21400B4F098454FD003F54073984525D0314B984575
S21400B500F2D14E4503D96FF089049DE73D463307D7
S21400B51098D133460122CDE900570EA916A8FFF7A9
S21400B520E7FC2E9B05461E6000288DD04A4600216B
S21400B53038460FF037FE00232E9A012D13603BD0BD
S21400B5406FF0920480E73D460D3E4E45DBD8012362
S21400B5508DF828302B460DF1290205F10C0153F821
S21400B560040B8B4242F8040BF9D11B780D3513708F
S21400B5704FF48073ADF8363006AB01930AAB0093F8
S21400B58032460023CDE902570EA916A8FFF708FD9C
S21400B590C7E73D46103E4E45B5D82B460DF1280C64
S21400B5A005F1100E624618685968083303C27345E1
S21400B5B09446F7D11035DFE76FF08B0444E700BF01
S21400B5C00010C0040044400410B54FF42F72002150
S21400B5D004460FF0E7FD8023C4F88C30054B04F1D9
S21400B5E09C00C4F88430012384F88830BDE81040FD
S21400B5F029F0D3BB6BFF030010B5D0F8A0400A4675
S21400B6008CB92AF094FD044610B90024204610BDDB
S21400B6102D2896BF064B074953F82010064A0748C0
S21400B6202AF0CBFEF2E7D0F8A4101046A047ECE7CD
S21400B630709504006EFF030074FC03009E00040077
S21400B640F8B590F88060044616B100263046F8BD7E
S21400B6502AF0A0FB0028F8D1012384F8803094F863
S21400B660883033B1D4F884101F4884F888602AF0F4
S21400B670A4FE4FF0FF37D4F8B402421C1FD0C4F823
S21400B680B47210F0FF052CD020462AF080FB294625
S21400B690204600F0A7FB0028EDD020462AF085FBC8
S21400B6A094F888303BB1D4F884100F482AF085FE11
S21400B6B0002384F88830002384F88030C6E72AF018
S21400B6C061FE431CDDD1D4F88C30D4F89420013BC5
S21400B6D09A4204DB054A064906482AF06EFE012611
S21400B6E0E9E70126C7E700BF3912040074FC03002F
S21400B6F07CFF03009E000400F8B50B780446302B50
S21400B7000D46164604D14B7803F0DF03582B11D0B4
S21400B710284F6A1E12F8011F002934D128460A2233
S21400B7200FF030FC202C03460D4631D1B1FA81F0E3
S21400B73040091AE04A1C1F4912F8013F8BB92846F7
S21400B7400FF02CFC1C4B02382340032B12D1013483
S21400B750A41084420AD1A87837288CBF0020012084
S21400B76003E0CB5C13F04400E6D1F8BDCCBF01206B
S21400B7700020FAE7002CB8BF0334B0EBA40FD4BF08
S21400B78001200020F1E77B5C13F00400C2D1ECE757
S21400B79026B1084302D0013B61F100050122A24018
S21400B7A0013A1A40002D08BF9A420CBF0120002023
S21400B7B0DBE700BF61BB040003000080F0B5037840
S21400B7C001467B2B17D10646022400220B4F16F8A3
S21400B7D0015F7D2D05D10B5D6BB9D24302F00100F0
S21400B7E008E07B5D13F0440002D001320134EEE73E
S21400B7F0202DFBD0F0BD0020FCE700BF61BB04009D
S21400B80070B506460D460FF0C9FB044630462AF0D2
S21400B810D4FD044EAC4200D370BD30462AF0CDFDB8
S21400B8200134F7E7110904002DE9F84F0446022118
S21400B8305148FFF7E5FF1E212068FFF7E1FF636828
S21400B84058682AF0BAFD4D482AF0B7FD67683B7B7A
S21400B850FD2B12D8D7F808804FF0FF3640460FF081
S21400B8609DFB0546DFF81091DFF870A1DFF84CB1BC
S21400B8700C3717F8013BFF2B01D1BDE8F88F212BC1
S21400B88018D8212B36D8DFE803F0377274111B1D49
S21400B8901F213535353535353535232527292B2DCB
S21400B8A02F3135353535353535353D33344C002D6E
S21400B8B02BD12EE0334C344AFE2B08BF1446F6E755
S21400B8C0324CF4E7324CF2E7324CF0E7324CEEE71B
S21400B8D0324CECE7324CEAE7324CE8E7324CE6E72B
S21400B8E0324CE4E7324CE2E7324CE0E7324CDEE73B
S21400B8F0324CDCE7234CDAE7314CD8E72AF051FD2E
S21400B90001362AE0002DB4D02E4C202B06F101067D
S21400B910AFD002214846FFF773FF1E214846FFF7C7
S21400B9206FFF50462AF049FD594620460FF090FE1C
S21400B9302549002818BF214624482AF03EFD3B78BA
S21400B940202B02D12B202AF02CFD21482AF035FD91
S21400B9504DB118F806301F2B05D018F806001F2822
S21400B96001D0AE42CADB05482AF027FD81E7194C14
S21400B9709DE7194C9BE700BFB14A040074FC030026
S21400B98026000400380004001D1A0400830004008A
S21400B9908A0004007B000400770004006E000400A8
S21400B9A0640004005A0004006F00040065000400F0
S21400B9B05B0004005000040049000400400004003E
S21400B9C0250004002B000400360004003912040091
S21400B9D0AF0304008200040089000400051B040075
S21400B9E02DE9F04F9BB005468B460024009203934A
S21400B9F00FF0D4FA249F039B04901C6028463C60FA
S21400BA000AAA09A92AF0FBFC064658B90A980FF0BC
S21400BA10C5FA3446B046039B1860D5F89C300293AE
S21400BA20029B1BB920461BB0BDE8F08F029BD3F8E3
S21400BA300890B9F1000F6CD02E4416F8013B202B6D
S21400BA4011D000260C23734309EB030A59F8033080
S21400BA500193002B58D0099B434555DB9AF80820E4
S21400BA602AB1721C39E03B6801333B60E5E7396870
S21400BA70D5F894200793039B521A1A601AAB03EB6F
S21400BA80880151F8403C0199184605930FF0A0FD37
S21400BA9006900028E5D101980FF080FADDE906232C
S21400BAA00146DAF80400D7F800A090F80CC0BCF104
S21400BAB0FE0F16D103F1FF3EC64512D0D0F8009017
S21400BAC0059801920FF06AFA0AF1010A019A5044A9
S21400BAD02B5C23B1386008F101081646B2E7013046
S21400BAE0F6E7D5F894200591A2EB0A028A4220DCFC
S21400BAF058460FF053FA059901447B290DD958464C
S21400BB001F4A009929F070F92B46049A2A4493425A
S21400BB102CD1029B1B68029382E7DDE9001258468F
S21400BB2029F062F95846174A0099013429F05CF961
S21400BB3097E7BCF1FE0F94D1013B434591D1D0F875
S21400BB4000A0DFF840905AF80C2B22B9049B3B600B
S21400BB50039B1A60D8E75846009929F045F94A46EB
S21400BB605846009929F040F90134ECE713F8011B18
S21400BB700029CCD14FF0200103F8011CC7E700BF15
S21400BB8090000400110904002DE9F047002486B057
S21400BB901C60DDE90EA8064689468AF80040116852
S21400BBA0154888F8004017461D468DF81740FCF7E4
S21400BBB0A5F818B901242B6801332B600020D6F8AD
S21400BBC09C6036B914B1012388F8003006B0BDE891
S21400BBD0F087B06868B14B460021CDE902A8CDE9F0
S21400BBE000750DF117022AF041FA9DF81730002B68
S21400BBF0E8D13668E5E700BF950004002DE9F04778
S21400BC000446ADF5447D8022002104A802AF0FF063
S21400BC10C9FA80222046009703AB04A9FFF7E0FE8E
S21400BC2001283DD104A80FF0B9F903993B68461ADC
S21400BC300B4426EAE6762344054604A83246014429
S21400BC4018460FF03FFC00228255D4F89060039B04
S21400BC503968D4F890201944B14212DCD4F8941014
S21400BC60E81A0244C4F89020014404AAC4F89410C8
S21400BC70D41825182B1B002B0DDC0DF5447DBDE8D4
S21400BC80F087A05C2AF08DFBD4F8903001360133A3
S21400BC90C4F89030DBE714F8010B2AF082FBE9E7E2
S21400BCA0EBDD24AD8022002128460DF5887A0FF0C2
S21400BCB079FA0DF110094FF40072002150460FF08A
S21400BCC071FA4FF001084A46002312F8016BA6B934
S21400BCD004A84AF828300FF061F9294633469845FB
S21400BCE01CDB19F8016B0DF5887C5CF8042B82428E
S21400BCF00CD101F8016B0133F1E7202E03F10103AB
S21400BD0004BF4AF8283008F10108DEE70DF1100EEE
S21400BD107244D25CB242E8D00022EA54D4F8906072
S21400BD20039BB3422FDC23462C4A04A92C482AF056
S21400BD3044FB28460FF032F90646039B3F68F61A86
S21400BD401F4426EAE672E01917441D44E11904F17F
S21400BD50900399423CD904F19803984238D26A1E5F
S21400BD6081190B1A002B27DD12F8013F00F8013B62
S21400BD70D4F890300133C4F89030D4F894300133BE
S21400BD80C4F89430EDE7D4F890300136E05C2AF041
S21400BD9008FBD4F890300133C4F89030C0E7D4F8EC
S21400BDA09020013B0132C4F89020D4F89420013250
S21400BDB0C4F89420002BF2DC00232E44E355731BBA
S21400BDC0002B7FF75AAF15F8010B2AF0EAFAF6E7D0
S21400BDD029460FF077FB3346ECE700BF6BFF030006
S21400BDE09A0004002DE9F843D0E9245604460F468D
S21400BDF0002294F89830012B07D10A2F07D1002390
S21400BE0084F898300020BDE8F88300F29F801B2F4E
S21400BE1001D10223F4E70D2F0DD1012384F89830C9
S21400BE200D202AF0BEFA0A202AF0BBFA00230120D1
S21400BE30C4E92433E7E74FF00008082F84F8988019
S21400BE4034D1454530DDB5420FD138462AF0A9FA3F
S21400BE5020202AF0A6FA013D38462AF0A2FA013E32
S21400BE6004F80580C4E92456CCE7FBDA05F1FF396F
S21400BE7038462AF096FA04EB0903A6EB0902611984
S21400BE8018460FF0E1F904F806800146013E4848DE
S21400BE902AF093FA35464D4501DC4D46E2E7082088
S21400BEA02AF07FFA013DF6E7ACD0DBE77F2F1CD106
S21400BEB0002EA7DDB542A5DA6319691C2144184691
S21400BEC0721B0FF0C1F904F80680014639482AF0C3
S21400BED074FA0820013E2AF064FAB542F9D1D4F883
S21400BEE09430013BC4F894308CE70A2F98D0092F81
S21400BEF003D12046FFF782FE84E7D4F88C30013B5E
S21400BF00B3427FF77FAFB54204EB050805F10109A0
S21400BF100CDB384688F80070D4F89430C4F890905B
S21400BF200133C4F894302AF03CFA6BE74146721BA2
S21400BF3004EB09000FF088F940462AF03EFA082084
S21400BF40013E2AF02EFAB542F9DDE2E7022B06D1D1
S21400BF505B2F01D1032353E784F8982049E7032B8E
S21400BF607FF450AF413F84F89820032F3FF64AAF46
S21400BF70DFE807F002070A16012120462AF0C2F978
S21400BF8040E74FF0FF31F8E7B542BFF63BAF605DE4
S21400BF902AF007FAD4F890300133C4F8903031E72D
S21400BFA0002D7FF72FAF013D0820C4F89050BAE768
S21400BFB0A30004009D04040008B50248FEF79CF99F
S21400BFC0002008BD00B4C40430B58BB06C46174DD5
S21400BFD00FCD0FC40FCD0FC495E8030084E803000F
S21400BFE0134BD3F84C2112031CD5A3F5FE431C8833
S21400BFF04FF6FF739C4208BF8C248DF81940FEF75D
S21400C00063FA204480F308008DF818000948FBF70F
S21400C0100DFF6846FEF7C0F93220FEF75BFA0020F7
S21400C0200BB030BDD3F85041E4B2E6E728960400E2
S21400C0300080E00F00F049020028ACBF00F160402D
S21400C040064B4FEA0111C9B2ABBF00F5614000F0E4
S21400C0500F0080F800131954704700BF14ED00E07D
S21400C06008B533F051F90B4B1A7872B901221A70E1
S21400C07033F045F96FF0040210460132052152B242
S21400C080FFF7DAFF3D2AF7D108BDBDE8084033F0D8
S21400C09036B900BF30610020002807DB01234109C4
S21400C0A0034A00F01F00834042F82130704700BF6B
S21400C0B000E100E0054B421153F8223000F01F006B
S21400C0C023FA00F0C04300F00100704700E100E0F2
S21400C0D0002808DB01224309034900F01F008240C4
S21400C0E0603341F82320704700E100E010B50446B5
S21400C0F033F0FDF8024B1C6033F0F4F8002010BD5E
S21400C1000C40002010B533F0F2F8034B1C6833F0F7
S21400C110E9F8204610BD00BF0C40002038B50C469C
S21400C1201546014610B9FFF7EDFF01462B4622469D
S21400C13003480DF047FF0028D4BF3720002038BD45
S21400C1405565030008B500F0E3FB18B16A21024804
S21400C15033F0CFF9002008BDA800040008B500F0B1
S21400C16049F80C4A536A43F470235362EFF308838A
S21400C1704FF0CD31084A043B934208D200F070FAE3
S21400C180FFF7E0FFBDE808400448FEF795BD43F81A
S21400C1900419F1E700ED00E0080000208494040094
S21400C1A007B5042200200DEB02012EF023F8042828
S21400C1B003D0D721044833F09CF9019800F0DCF94D
S21400C1C003B05DF804FB00BFA8000400082310B508
S21400C1D00C0A41400648C9B241F30002013B024046
S21400C1E013F0FF0382EA5101F6D184EA010010BD84
S21400C1F02083B8ED38B5FEF73BFC044629F0B9FBC2
S21400C200E3072AD401221046114600FA01F3234020
S21400C21002F1010223D01D4B33F811301C48062BC7
S21400C220028844881B4920D14FF20F039C4219D143
S21400C230B2F5406F28BF4FF4C0624CF23C330A8020
S21400C240438040F201730A889A4201BF124B134A98
S21400C250D2E90001C3E9000115E00021DBE7102A5E
S21400C260D2D1DBE74FF4C062E7E740F20725AB42E6
S21400C2700AD14FF20F05AC4206D19A4204D14CF2D5
S21400C2803C320B80428038BD0B80DAE7EC97040026
S21400C2906C6800201E5A00201040002064680020B1
S21400C2A0014B1888704700BF1E5A0020014B1888A3
S21400C2B0000A70471E5A0020044B05481B881A0ABD
S21400C2C0B3F5406F38BF00EB820070471E5A00205F
S21400C2D0BC970400044B1888044B020A53F822301B
S21400C2E0C0B203EB800070471E5A00208C970400F3
S21400C2F010B5044632F0FFFF4FF20F02044B1C80CD
S21400C3005A80BFF35F8FBDE810402AF0EDB800BF3B
S21400C3106C6800206D4A2DE9F0416D4B55686D4CF8
S21400C3205D65516A99656C49D1F80002D865D1F807
S21400C3300412586B1966916A10F0040F5966D16A98
S21400C3404FF000009966116BD966516B1967D26B76
S21400C350D8645A67D3E90E1218BF11465F4A914255
S21400C3601A655DD301F12000A04259D88869C5F34B
S21400C37008051864CE69062D5E6455D1584DA8424E
S21400C38052D3584DA8424FD205884DF6426085429A
S21400C3904AD11868C3F890005868C3F8940040F271
S21400C3A00170A242154604D22E680432B6F1CD3F83
S21400C3B0F7D00022C3E91E22C3E92022C3E92222C5
S21400C3C0641BDFF81CC1434DDFF818E19C648D4206
S21400C3D02DD8D3E91EC7D3E92065D3E922414FF013
S21400C3E0000E013AD2B2FF2A3CD1BEF1000F05D0B2
S21400C3F0C3E91EC7C3E92065C3E92241B3F8543038
S21400C400C3F308030C2B3BD8022B54D9DA1E092A97
S21400C41051D8DFE802F03157404350505050504D4D
S21400C4200021C3E910112D494FF42060B9E755F8F3
S21400C430044D6445CBD37445C9D2E607C7D500265C
S21400C440294F57F8048FA045C1D00136062EF8D1E3
S21400C45032B1013AD2B202F11E0643F82640B6E7E0
S21400C4600522F8E7E0464FF0010EBC4637462E465A
S21400C47025460C464146B4E740F60120BDE8F0816B
S21400C4803B2B18D1194B9B6913F0020F40F2025355
S21400C49018BF1846F2E740F60320EFE740F60422FE
S21400C4A040F20173B0F5206F0CBF10461846E5E762
S21400C4B040F60520E2E740F60722013B4B2B98BFEB
S21400C4C01046DBE740F60220D8E700BF00ED00E0AC
S21400C4D0D46700200810002000E100E008000020DB
S21400C4E0D042000000F90300486800200080015A8E
S21400C4F000F00CB800F00AB800F008B800F006B873
S21400C50000F004B800F002B800F000B872B61EF0F2
S21400C510080F09D01EF0040F0DD0DFF850E0AEE88B
S21400C520FF1F6FF002000CE0DFF840E0AEE8FF1FF0
S21400C5306FF00E0005E0DFF834E0AEE8FF1F6FF0A6
S21400C54006006946EFF309828EE80700864608482B
S21400C550084C854501D3A54501D384F30888FFF729
S21400C560D9FE84F30888FFF7C3FE0000D4670020D6
S21400C57048000020081000204BF6EF6283B2002B24
S21400C58008BF1346044A000C13804FF6CE2308BF9C
S21400C5901846024B18807047AA700020A87000202A
S21400C5A00B4BB3F900201888002AB8BF80F0620051
S21400C5B042001A80074AB2F9001013880029BCBF4F
S21400C5C083F4805383F00B03590011805840704762
S21400C5D0AA700020A870002007B5684600F01AF878
S21400C5E0DDE900010022034B03B05DF804EB2AF0FE
S21400C5F077BA00BF1840002007B5009313460A46D6
S21400C600014603482AF020F803B05DF804FB00BF9B
S21400C610184000200249034A0160521A42607047DF
S21400C620807100200000012000487047184000205C
S21400C63038B54160044632F05AFE054621460448A5
S21400C64028F0AEFB2846BDE8384032F04BBE00BFAF
S21400C65040400020014828F0A0BB00BF404000201A
S21400C6600222014B1A6770470040005070B532F046
S21400C6703EFE174E0546174832F0E4FE3378CBB937
S21400C68000F046F9044620B1284632F02BFE20463C
S21400C69070BDFFF7DFFF32F09FFF0F4B1C6031F0DD
S21400C6A0D1FB0E4B0E4A1860536F43F001035367DD
S21400C6B02AF032FA00F028F82AF045FA094B00244E
S21400C6C0186001232846337032F00CFEDFE700BF07
S21400C6D03C61002064960400444000206C4000202A
S21400C6E00040005048400020054B1B685843054B4F
S21400C6F000F5742000F23F20B0FBF3F0704700BF57
S21400C7006C40002040420F00294B2A4AD3F80031E3
S21400C71070B503F00303136031F02AF94FF4C870C4
S21400C720FFF7E2FF0022244B24491860244C0B68D4
S21400C7300132D2B20A2A44F8040BF9D1034400EBC2
S21400C740C00003440B601F4B1F4D1B7813B3184BE0
S21400C750D3F8003103F00303022B22D0032B23D09F
S21400C760012B17D130F09CFE024698B1174B184E9D
S21400C770DC6800231946C4F30B04013404EB84047C
S21400C7800138E4FB06010EF0A1F9FFF7ADFF2B68B8
S21400C79003442B601F20FFF7A7FF2B6803442B6082
S21400C7A070BD30F0C7FEDFE732F0B4FDDCE700BF57
S21400C7B000800050AC4000207040002074400020F4
S21400C7C07840002040610020A440002000C00150B6
S21400C7D040420F000122154B10B55A67144B154CFA
S21400C7E01B7813B3022032F0E8FEF0B131F0B0FB54
S21400C7F0D8B1A36DD90302D5E36D9A0715D40D4BB6
S21400C8009B6DDB0711D401220B4B1A7032F0C9FE68
S21400C810BDE81040094B0A4A1860136F23F007035F
S21400C82043F00303136730F021BE10BD00D0005064
S21400C8304161002000C000503E610020A040002062
S21400C840008000500122014B1A70704741610020A1
S21400C85007B5FFF7C1FE01A8FEF778F99DF8053089
S21400C860012B25D1234B9A6DD20311D45A6B6FF34B
S21400C870162242F4BC1242F4A0625A631A6B22F4E7
S21400C880704242F440421A631A6B42F4E0621A6342
S21400C8909DF8043063B94FF000531B68164B1B68B5
S21400C8A0164B1B68164B1B68164B1B68164B1B68F3
S21400C8B0164AD2F8803043F00303C2F880302AF0DC
S21400C8C04AF9FFF7CDFBFFF777FBFFF77DFB0DF08F
S21400C8D0C3FBFFF7CBFE00F01BF82AF03DF9FFF78D
S21400C8E03DFC2AF048F92DF0BFFA03B05DF804EBE2
S21400C8F02AF033B900C0005000400020008000201D
S21400C90000C00020000001200040012000800050F0
S21400C91070B532F0F9FC144E05463478FCB9134B6A
S21400C9201C60134B1C60134B1C6000F031F8012098
S21400C93031F0FCFB31F0EEFB0F4B0246186020B9DD
S21400C940284632F0DCFC232070BD234640F2E73157
S21400C9500A480EF0BBF80A4B1860012333702846CD
S21400C96032F0CDFC0020EFE744610020BC40002000
S21400C970B8400020C4400020C040002018FCFFFF44
S21400C980B4400020014B1868704700BFB440002038
S21400C9901FB50024184B18689A880290D3F8060032
S21400C9A09B7A00901548ADF80C208DF8043032F0D4
S21400C9B049FD02A88DF808408DF80C40FEF7A2F855
S21400C9C0694601208DF80040FEF760F81F220C4BE8
S21400C9D09A615A614FF0B042936A13F00803FBD194
S21400C9E013620120FEF76CF80A20FFF771FB0A209D
S21400C9F0FFF752FB04B010BD159804005C960400C7
S21400CA000020005810B532F07FFC4FF0B0430446CB
S21400CA105B691A07074A03F0010003F00D0348BFDD
S21400CA2040F00200536131F0A9FA2046BDE81040FC
S21400CA3032F065BC0020005821282DE9F341054658
S21400CA4004D82C46204602B0BDE8F08100240B4EE8
S21400CA500B4FDFF830800023CDF800801A461946C9
S21400CA60386828F0E6FC8442EBD2222CE9D056F84F
S21400CA70043BAB42E6D00134EDE700BF349B040034
S21400CA80746B0020FFFF0F002DE9F04F644E654DDC
S21400CA9089B02AF0BCF831682868FCF74DFB0446DC
S21400CAA0002827D033680024D3E900019A69126869
S21400CAB09047336804A89B699B68984733680220B0
S21400CAC09B69DB689847326805985368E7B2B3FB02
S21400CAD0F0F3BB42916904F101044ED8CB68002004
S21400CAE0984733689B695B68984731682868FCF705
S21400CAF023FB04460027DFF844A1DFF84481DFF873
S21400CB004491F4B9484B2868DB5D002B00F0838025
S21400CB10D8F8006002AB314603AAFCF78FFC2D283C
S21400CB2007D070B9039B012B0BD031462868FCF761
S21400CB30D9FEDAF8003031461A682868FCF752FE4B
S21400CB4004460137222F0AF1040A08F1040809F105
S21400CB500109D6D1B4FA84F3344A5B0913702B6802
S21400CB601B7C33B12AF01FF818B1DB21304832F0B5
S21400CB70C0FC204609B0BDE8F08F12680B6907FBC1
S21400CB80002098479FE7D8F8003003AA194402AB64
S21400CB900191FCF753FC2D28034601992BD02868F9
S21400CBA013B30BF1010B5FFA8BF18E422868EAD8BB
S21400CBB0204BDB5D002BC4D0F3B27E2B2868C0D898
S21400CBC0D8F8003003AA06EB030B594602ABFCF775
S21400CBD035FC2D28B5D059462868FCF783FE01366B
S21400CBE004460028E8D0ACE7039B7BB999F8002000
S21400CBF0029B9A42D5D099F80030DAF800202868CF
S21400CC00FCF7EAFC0028CCD00446D1E70191FCF7FB
S21400CC1069FE0199EFE7084BA346DE5DC3E700BF58
S21400CC20546B0020746B0020109B040046610020AB
S21400CC302F010400EE9A0400AA9A0400209804002B
S21400CC40349B0400CC9A0400F8B51F46214B0446DA
S21400CC501B780D46164623B100F47E23B3F50E2F3F
S21400CC602BD02046FFF7E8FE2128044614D81A4B9E
S21400CC7053F82010194B1B78ABB1194B212C1868B0
S21400CC801DD8184B1B5DD3B13268FCF7ABFD0446CC
S21400CC9050B129F087FF07E0FF2807D93A4631460A
S21400CCA080B229F093FC00242046F8BD4FF4A97109
S21400CCB00D4832F01EFC0021DCE70146DAE77F2D46
S21400CCC008BF00253B46324651FA85F1FCF784FC46
S21400CCD0DDE700BF45610020349B0400466100206C
S21400CCE0746B0020109B04002F01040030B513461F
S21400CCF000F07E62B2F17E6F8BB00DD10A46C0F3B3
S21400CD000B016846FEF71AFA20B140F29311094863
S21400CD1032F0EFFB0BB030BD5A0829F046FF002872
S21400CD20F8D04FF49C7103480BB0BDE8304032F0A9
S21400CD30E0BB00BFC00104002DE9F743C707054666
S21400CD400E46144604D540F2E311494832F0D1FBB2
S21400CD50E10704D54FF4F271454832F0CAFB454B63
S21400CD6093F80080B8F1000F20D043F260239D4274
S21400CD7008D12246314640480EF0A4FB002003B0FE
S21400CD80BDE8F083C5F30B0705F44055B5F5805FA5
S21400CD9014BF4FF40F204FF40E20234632467F2157
S21400CDA0384303B0BDE8F043FFF74EBF05F47043C9
S21400CDB0B3F5805F3FD1C5F30B05304A05F17E65BC
S21400CDC0631E2B44934230D82F46DFF8A49007EB1F
S21400CDD00408474542D1AA070ED04FF6FF7336F82F
S21400CDE0022BA81E43EA024304220DEB0201019324
S21400CDF0FFF77CFF0235023CA3070ED0023C24F06E
S21400CE000103F35A04226FEA03436FEA13430DEB60
S21400CE10020128190193FFF769FF002CAED02246C5
S21400CE2031462846FFF762FFA8E740F2FD1110489A
S21400CE3032F05FFBC8E705F46043B3F5005F04D14A
S21400CE40C5F30B0505F53E25BEE740F2052108486B
S21400CE5032F04FFB6FF00F074546B6E717F8013B79
S21400CE60FF2BB6D04FF40471484632F042FBB0E7D1
S21400CE70C001040045610020AC700020FF03E00FF5
S21400CE8010B500F077F829F0DCFE044618B100F083
S21400CE9079F8204610BD00F07BF804460028F6D14D
S21400CEA00122014B1A70F2E747610020054B1B7800
S21400CEB033B1054BC0F3130100221868FCF7D6BC4B
S21400CEC01120704747610020746B0020144B2DE939
S21400CED0F0411B7805460E461746FBB129F098FE32
S21400CEE0012805D9841EE4B2012C09D9212412E0B8
S21400CEF03B4631462846BDE8F041002200F052B8D5
S21400CF0000F038F83B4600223146284600F076F816
S21400CF10044600F037F82046BDE8F0811124FAE711
S21400CF2047610020124B70B51B7804460D46164626
S21400CF30E3B129F06DFE012805D9831EDBB2012B73
S21400CF4008D9212410E0324629462046BDE8704024
S21400CF5000F040B800F00EF820463246294629F088
S21400CF6072FE044600F00EF8204670BD1124FBE762
S21400CF704761002008B532F0BAF9014B186008BDC9
S21400CF80C8400020014B186832F0ACB9C8400020F9
S21400CF90024B1968024B1868FCF7CEB8546B002099
S21400CFA0746B002037B505460C46C0F313010848DD
S21400CFB0ED02006805D5224603B0BDE83040FCF718
S21400CFC009BA009313462246FCF7BEF903B030BDFB
S21400CFD0746B002030B405461346074A0C46C0F36F
S21400CFE013011068EA0203D5226830BCFCF7FABBCE
S21400CFF0224630BCFCF7F0BA746B0020F7B5054645
S21400D0000F4614461E461BB92125284603B0F0BD20
S21400D0100029F9D029F0FCFD4BF23462ABB2934202
S21400D02020D14FF0FF3322466946CDE9003325482C
S21400D0303346FFF7E3FF08220546234968460EF00D
S21400D040FDFB38B933462246694641F2F010FFF739
S21400D050D5FF0546002DD8D13246694638460EF033
S21400D06031FAD2E741F2F01293420FD1174B311941
S21400D07008299A6CDB6CC7D8CDE9002332460DEB45
S21400D080040138460EF01EFA0025BEE702280BD132
S21400D090C5F30C4332199342B6D3C5F30B0104F122
S21400D0A07E6432462144ECE7032809D1C5F30C43DD
S21400D0B032199342A8D3C5F30B0104F53E24F0E7DA
S21400D0C00125A2E7021008C0C09B04000080E00F04
S21400D0D010B52CF069F82DF01FF9BDE81040034696
S21400D0E001210220014A02F00BBC00BF57020400D7
S21400D0F013B5D0E9023253F822301C7820462CF0C3
S21400D10065F82346009001210220024A02F0F8FB4F
S21400D11002B010BD6B020400014B18782BF02BBC3C
S21400D12048610020FF232DE9F04F8FB01122002127
S21400D13008A88DF813300EF035F808A82AF0D9FDA7
S21400D14001210220B04A08AB02F0DAFB41F24903A3
S21400D150AE4A0121022002F0D3FB06A82AF0F8FE10
S21400D16008A90DF113002AF0FEFE02200021A84AAD
S21400D17002F0C6FB00202BF02FFC10B106A809F029
S21400D180CDFB9DF92A3001210220A24A00939DF88A
S21400D1902B3002F0B5FB2CF003F8831EDBB2FC2B21
S21400D1A0054631D8012102209B4A02F0A9FB012442
S21400D1B09A4E9B4FDFF8D08223463246002102204B
S21400D1C002F09EFB05A9E0B22BF0ECFF034650B13F
S21400D1D0A0F11602012A40F2AA804246012102204E
S21400D1E002F08EFB0CE09DF914303A4601939DF850
S21400D1F016300121009302209DF8153002F080FBC6
S21400D2000134E3B29D42D7D8BDF8284007F072FF3C
S21400D21023460021834A0090022002F071FB022080
S21400D2200021814A02F06CFB00202BF0D5FB10B1E8
S21400D23008A809F073FB01217C4A022002F060FB7B
S21400D2402BF00CFF04462BF007FF23460121784AFB
S21400D2500090022002F054FB08F024FC002102207B
S21400D260744A02F04DFB9DF81330FF2B65D0002169
S21400D2700220714A02F044FB01216C4A022002F0AF
S21400D2803FFB2AF075FE012103466C4A022002F09D
S21400D29037FB07F007FF00210346694A022002F029
S21400D2A02FFB2AF06BFE04462AF06AFE2346012175
S21400D2B0644A0090022002F023FB32F027F908F0BF
S21400D2C099FC01210346604A022002F019FB002562
S21400D2D0DFF8B88108F08EFCECB2A04233D832F00A
S21400D2E015F90123594A1946022002F009FB0020CD
S21400D2F02BF041FB564B574C009301210023022094
S21400D300554A02F0FDFA236863B1012102201B781A
S21400D310524A02F0F5FA2368012102205B78504A4F
S21400D32002F0EEFA2BF02CFB0FB0BDE8F08F0121D7
S21400D33002204C4A02F0E4FA62E7002102204A4A40
S21400D34002F0DEFA98E7494B204603EB0416D6F8BF
S21400D350089008F009FD8246204608F051FC444F2C
S21400D36000280CBFC346BB46204608F0FDFC0AF06A
S21400D370B7FA002808BF4746534600210220CDE9E9
S21400D38000B73C4A02F0BCFAB37901210293B38895
S21400D390022001937388384A0093337B02F0B0FA78
S21400D3A00026DFF8ECB099F80430F4B2A34203D8B4
S21400D3B032F0ACF801358DE714235C43D9F80070E1
S21400D3C002203A5B07EB040A9AF90C3000922B4ACB
S21400D3D0002132EA230228BF5A461346284A02F0A2
S21400D3E08FFA00202BF0F8FA38B150463C5B2AF052
S21400D3F02EFE014620460AF0C1FA01210220214AEB
S21400D40002F07EFA0136CEE7AC020400BB0204004E
S21400D410D702040003030400DE020400F402040042
S21400D420FB02040030030400500304009A030400C7
S21400D430590304007B0304009C21040086030400B7
S21400D4409C030400B2030400C80304004104040063
S21400D45059040400644500204D04040067040400D9
S21400D4607B040400180304003800040098440020DD
S21400D47083020400D3030400F3030400A0020400A4
S21400D48029040400B14A0400230304008B020400AC
S21400D490940204002DE9F7430025134EDFF8588068
S21400D4A008F0A8FBECB2A04202D803B0BDE8F083B7
S21400D4B02701204616F8079008F0A2FB0B4A4B46B9
S21400D4C0002808BF4246002102200092084A02F0C7
S21400D4D017FAF05D2AF058FD01210220054A02F0F5
S21400D4E00FFA0135DCE700BF984400204A510400DB
S21400D4F096040400B14A04005451040008B5836839
S21400D5005A681178C26853F82230A1F16502514278
S21400D5105141187808F02AFD30B9BDE808400121CD
S21400D5200220024A02F0ECB908BD00BFA1040400C4
S21400D53000210220014A02F0E3B900BFBB04040048
S21400D54000210220014A02F0DBB900BFE904040012
S21400D55010B5044686B01822002168460DF022FE5B
S21400D56068462BF087F9D4E9022052F8203002EB07
S21400D57080021B788DF80B30516891F900108DF8F9
S21400D5800A1091680988ADF808106168091A03291D
S21400D59007DDD26803F01F03127843EA42138DF8C2
S21400D5A00B30684607F054FE00210346024A02206C
S21400D5B002F0A6F906B010BD0505040007B5002068
S21400D5C02BF0B2FD00210090034B0220034A02F02C
S21400D5D097F903B05DF804FB120504001805040073
S21400D5E013B5D0E9023253F8221003EB82035B68CE
S21400D5F0087819680023094CA222994208BF2146E0
S21400D600C01A18BF01202BF083FD01210090044BA7
S21400D6100420044A02F074F902B010BD00F8FF07B7
S21400D620DF4604002A06040013B5D0E9023203EBF5
S21400D630820153F82230D1E901141878FF2200380D
S21400D64018BF0120237809682BF062FD01210090A5
S21400D650034B0420034A02F053F902B010BD00BF8A
S21400D660230504002A06040008B5002101230C4AFD
S21400D6702BF0C0FB0A482BF01EF90020094909F0E0
S21400D680E5F900202BF0A8F910B1054809F046F995
S21400D690BDE8084001210420034A02F031B900BF6A
S21400D6A07966002038050400B14A040010B52AF057
S21400D6B069FC034630B1BDE8104001210420054A4C
S21400D6C002F01EB90121BDE810400420024A02F013
S21400D6D017B900BF460504005705040010B52BF027
S21400D6E0EEF8BDE81040034601210220014A02F090
S21400D6F007B900BF6205040010B52BF0B1F8BDE80D
S21400D7001040034601210220014A02F0F9B800BF8A
S21400D7107805040037B5D0E90232012453F82230E8
S21400D7204FF6FF701D78FE2204FA05F100232BF059
S21400D73063FD2B46009021460420024A02F0E0F8E2
S21400D74003B030BD8C050400D0E9023253F8223015
S21400D7501B7823B101210220024A02F0D1B8024A06
S21400D76013707047AB0504004861002007B5684693
S21400D7702AF0EEFB07F0BEFC01210346084A022011
S21400D78002F0BEF8684609F0C9F807F027FF012145
S21400D7900346044A022002F0B3F803B05DF804FB27
S21400D7A0C1050400DB05040037B5D0E90245406832
S21400D7B054F82530401B0328D8BF002004EB85040E
S21400D7C0C8BFE06819786368C8BF00781A78A3688D
S21400D7D093F90030009001202BF088FC38B9012125
S21400D7E00220084A03B0BDE8304002F089B8064B74
S21400D7F00190009301210220044B054A02F080F8B4
S21400D80003B030BDEC050400F40504008E320400BD
S21400D8100806040007B501202BF070FC48B90090FC
S21400D82001210220084B094A02F06AF803B05DF8AD
S21400D83004FB054B0190009301210220044B054A8E
S21400D84002F05EF8F2E700BFF40504001F060400CD
S21400D8503D5F04000806040008B5D0E9023253F81C
S21400D860223018782BF0FEFB30B9044A0121BDE8BF
S21400D8700840042002F044B8014AF7E734060400E2
S21400D8805006040008B5D0E9023253F82230188852
S21400D8902BF0E6FB30B9044A0121BDE8084004201D
S21400D8A002F02EB8014AF7E76F0604009F06040050
S21400D8B073B50378044613F0050F0ED04588062D81
S21400D8C017D1836801215B68174A1B780193838808
S21400D8D004200093154B02F013F82378012B20D078
S21400D8E001210420114B124A02B0BDE8704002F03C
S21400D8F007B835B98388012104200E4A02F000F8E3
S21400D900EBE7012DE9D186680B49002009F09EF867
S21400D910304609F003F829460420084A01F0F0FFD3
S21400D920DBE702B070BD00BFD5060400CC060400DD
S21400D93027070400F20604000F070400B14A04009B
S21400D9402DE9F04F00268FB0364D09AC0FCD0FC431
S21400D9502B6801210220344A236001F0D1FF3446AF
S21400D960DFF8DC902AF008FBF5B2A8420BD82AF0C4
S21400D97003FB23460090012102202C4A01F0C0FF41
S21400D9800FB0BDE8F08F284605A92BF04DFB0346E7
S21400D990002841D19DF81430032B39D904238DF883
S21400D9A014302B4600210220214A01F0A9FF9DF8E1
S21400D9B014300EAA02EB830300214A4653F8143CA7
S21400D9C0022001F09DFF28469DF821A09DF815B085
S21400D9D09DF81870BDF816802BF028FB5346CDE94D
S21400D9E0028000210220CDE900B7124A01F088FF2C
S21400D9F001340020E4B22AF0EFFF18B10DF119004F
S21400DA0008F08CFF002102200B4A01F079FF01E0AC
S21400DA10002BC6D10136A5E700210220074A01F0F7
S21400DA206FFFF7E7C89B040039070400B20704003D
S21400DA30F60204006607040074FC03008D07040069
S21400DA4039120400C3688268013BDBB252F8233007
S21400DA5002201B78652B14BF00220121044B1BBF3C
S21400DA6001211A70034A044A08BF197001F048BF22
S21400DA7015710020C9070400D7070400D0E9023258
S21400DA8053F822301A88014B1A807047AE70002077
S21400DA9007B5D0E9023103EB810253F82130526812
S21400DAA01988054B0548128800930088012309F061
S21400DAB029FC03B05DF804FBB1D80000AE7000206E
S21400DAC0C3688268013BDBB252F823305B78A3F16F
S21400DAD0660253425341014A137070471871002082
S21400DAE030B5D0E9023253F8223089B01D780123D0
S21400DAF002AA194604462BF07DF901230093102351
S21400DB0002210DEB030220462BF055F9284604AA05
S21400DB1002A92BF08BFB044600202AF05DFF18B10B
S21400DB202146044807F076FB0020034908F074FFFE
S21400DB3009B030BDE6070400B14A0400002330B542
S21400DB408FB00221009309AA122305462BF033F961
S21400DB5005AA014609A807F0E1F8044698B123286B
S21400DB6005D1134A0121042001F0CAFE09E021284C
S21400DB7001D1104AF6E70346012104200E4A01F0BF
S21400DB80BFFE0FB030BD01232846194603AA2BF06E
S21400DB9031F905A903A82BF04BFB054620462AF0D1
S21400DBA01BFF18B12946054807F034FB044AD9E79D
S21400DBB0F307040016080400510804007208040065
S21400DBC0B14A0400F0B5D0E9023253F8221003EB54
S21400DBD082039B6805461F7887B038460E782AF081
S21400DBE0DBFE044608BBD5E9022101238DF8083088
S21400DBF0194452F8210002EB810200888DF8097062
S21400DC009268ADF80A00127804218DF80C20284698
S21400DC100DF10D022BF0EEF8304602A98DF81540F6
S21400DC202BF006FA04462AF0ABFE33460121042008
S21400DC30024A009401F064FE07B0F0BD87080400B5
S21400DC402DE9F04101218EB00220274A01F058FE4E
S21400DC50002005AB01AA09A92BF0E2FA002504462C
S21400DC60224E234FDFF898801CB128460EB0BDE840
S21400DC70F08102202B463246214601F041FE204626
S21400DC802AF0AAFE10B10AA808F048FE3A4600217B
S21400DC9002209DF8303001F033FE4246002102207B
S21400DCA0079B01F02DFE00210220BDF82030114A0E
S21400DCB001F026FEBDF8143000210F4A022001F0C4
S21400DCC01FFE013501A82AF082FEEDB201210220D6
S21400DCD00A4A01F015FE284605AB01AA09A92BF051
S21400DCE09FFA0446C0E700BFB9080400FF08040016
S21400DCF007090400BB2104001C090400B14A040003
S21400DD00130904002DE9F047064698B0C0B92AF07A
S21400DD1031F9074600250EA82BF08CFA01210220C7
S21400DD20384A01F0EDFD2C46DFF8E080DFF8E090A1
S21400DD30DFF8E0A0BC4205D3284618B0BDE8F0875F
S21400DD400127E7E713A82BF075FA002E4CD0022324
S21400DD5006A913A88DF84C30FE242BF05DFA002897
S21400DD603FD102A913A82BF05DFA9DF8593043F075
S21400DD7001038DF85930002E3DD12346314602204E
S21400DD80214A01F0BDFD9DF859300AA943F0010370
S21400DD9013A88DF859302BF045FA00202AF01CFE07
S21400DDA010B114A808F0BAFD0C9B424600210220D0
S21400DDB001F0A6FDBDF82820002112F4007F0CBF5C
S21400DDC04C23412312F0100F0CBF6E227922022042
S21400DDD000924A4601F094FD06A82AF0F8FD0135A7
S21400DDE0EDB20134E4B2A5E720460AAB06AA13A9B1
S21400DDF02BF014FAB3E752460021022001F080FD12
S21400DE00C1E700BF26090400FF0804001309040048
S21400DE10620904005B09040030B5012499B00EA81D
S21400DE202BF008FA13A88DF838402BF099F9C0B9F2
S21400DE30BDF84C1011EA040513D121460220444ACD
S21400DE4001F05EFD29460220424A01F059FD2146B6
S21400DE5002203F4A01F054FD214602203C4A01F0D0
S21400DE604FFD06A90EA82BF0D7F920B11022FF21EE
S21400DE7006A80DF097F904A82BF0D6F9059B01210A
S21400DE800220354A0093354B01F03AFD9DF81230DA
S21400DE9001210220324A0093304B01F031FD00216F
S21400DEA02E4B304A022001F02BFD06A82AF08FFDEB
S21400DEB013A82BF0BFF902230AA913A88DF84C303B
S21400DEC02BF0B0F900283FD10B9B009301210220D4
S21400DED0254B264A01F014FD0121234B244A02203B
S21400DEE001F00EFD0120FFF70DFF01211E4B214A18
S21400DEF0022001F005FD0020FFF704FF04462AF08B
S21400DF0039F823460090012102201B4A01F0F8FC54
S21400DF1001211A4B174A022001F0F2FCFFF790FE8F
S21400DF201749022803461748174A28BF0A460849D1
S21400DF3028BF01460092CDE9013102200121134A93
S21400DF4001F0DEFC19B030BD4FF0FF33BDE700BF77
S21400DF50B14A040075090400B3090400AB090400C3
S21400DF60C3090400183104003F3F0400D60904002A
S21400DF70E6090400ED090400F60904000A0A040094
S21400DF807109040082260400D4260400180A04003E
S21400DF9010B5D0E9023253F822301C78201E18BF84
S21400DFA001202BF0C9F8054A054B0020002C18BFAD
S21400DFB01A46BDE81040034908F02EBD450A040085
S21400DFC0400A04004E0A0400D0E9023210B553F8A5
S21400DFD022301C8820462BF0B1F82246BDE81040BF
S21400DFE00020014908F018BD8F0A040037B5044622
S21400DFF007F058F8014638B100200D4A0D4903B025
S21400E000BDE8304008F008BDE368A268013BDBB21B
S21400E01052F8233008481D780123084A00936C2DD7
S21400E02008BF0246102320462AF0C5FE03B030BDC6
S21400E030DD0A0400E50A0400FE700020EE700020F1
S21400E04013B583689A681278672A22D101A82BF044
S21400E05087F80446A8B9BDF80420174908F0DCFC88
S21400E060BDF80430DA070AD413F0020F134B144A33
S21400E07018BF1A461349002008F0CEFC19E0124AD1
S21400E080F8E702461149002008F0C6FC224610496F
S21400E090F1E7C26801A953F8220003EB82035B682C
S21400E0A000681B68ADF804302BF060F804460028C2
S21400E0B0ECD102B010BD00BF180B04000B0B04001F
S21400E0C075320400390B0400FB0A04004B0B0400F5
S21400E0D0770B0400034A04491388C854013313809D
S21400E0E0704700BF2E5A00204E61002073B5154DB4
S21400E0F001242B78144E13F0040F0CBF02230423C4
S21400E100124A21461470328802200192EB5C104AB3
S21400E1100093104B5B8801F0F3FB002102200E4AAF
S21400E12001F0EEFB0D4B2946009332882346022071
S21400E13001F02CFC21460220094A02B0BDE87040DE
S21400E14001F0DEBB4E6100202E5A00204D610020FB
S21400E150860B0400205A0020AB0B0400CD0B0400F5
S21400E160B14A040070B516464FF48A52114B124D50
S21400E170DA805980114B1B881A1E18BF012240EA0C
S21400E18082000F4A1278003A18BF012240EA0210B5
S21400E190287063B103246B701B0AAB7009F00EFC89
S21400E1A0631C2855EE54074B02341C8070BD0124B6
S21400E1B0F4E700BF205A00204E6100202C5A0020B1
S21400E1C04C6100202E5A002038B5D1E902320C46A8
S21400E1D0054653F82230024619880C4B1878FFF78C
S21400E1E0C1FFE368A268013352F82330188828F08C
S21400E1F06CFD4DB1E368A268023352F823301878FC
S21400E200BDE83840FFF766BF38BD00BF4961002053
S21400E210F0B50546EB68AA68023352F82330084684
S21400E2201C78294685B0FFF7CFFF204629F0FBFE75
S21400E230204E214F78B3204629F001FF0321441CCD
S21400E24003AA284627F0A8FD3288E4B2C2F1FF03ED
S21400E25003991B1B9BB28B4222443CBFC2F1FF03B7
S21400E26003930123032100933A449DF80C3028467B
S21400E2702AF0A1FD039A022C338804BF0F48110A26
S21400E280FA5408BFC15413441C44348005B0BDE89A
S21400E290F040FFF72BBF204607F00CFC0123328826
S21400E2A004460093032103463A4428462AF083FD99
S21400E2B03388E9E72E5A00204E6100204F61002087
S21400E2C0052307B5012100930220044B044A01F000
S21400E2D017FB03B05DF804EBFFF79EBDB40B04001C
S21400E2E0BB0B040013B504462AF036FF38B1CDE95F
S21400E2F0004001210220034B034A01F001FB02B05B
S21400E30010BD00BFDD0A0400D20B0400194B37B560
S21400E3101B783BB901210220174A03B0BDE8304004
S21400E32001F0EEBAD0E90232144C53F82230012143
S21400E3301D78638802200093114A2B4601F0E0FA0C
S21400E340104B25711B78104D63B1012102200F4A36
S21400E35001F0D6FA20460E4A298803B0BDE83040C0
S21400E36029F002BC20460A4A298803B0BDE830409E
S21400E37029F0BCBC4D610020E90B0400205A0020A7
S21400E380F70B04004A6100202E5A00200E0C0400F1
S21400E3904E6100202DE9F041D0E9023253F82210F8
S21400E3A003EB82035A680C7817889A68DB68B2F821
S21400E3B00080C6B01D780021304B0220304A009401
S21400E3C0CDE9017801F09CFA002D0CBF6E2379236D
S21400E3D0012102202B4A01F093FAFF23002D0DF1B4
S21400E3E0170606AD019320460CBF80234023424605
S21400E3F03946029600952AF05CF90446002835D185
S21400E400307829F016FE0746B0B128462AF0A3FA5F
S21400E4101D4BFD28A8BFFD200093234682B20DF1B8
S21400E4201901022001F0B2FA01210220174A01F078
S21400E43067FA46B0BDE8F081307829F000FE60B19A
S21400E44028462AF08DFAFD28A8BFFD200E4B82B282
S21400E45000930DF11A013B46E3E7307807F02AFBFC
S21400E4600B4B0246009329460123DAE70090012170
S21400E4700220084B084A01F043FADAE7DB3F0400C3
S21400E480280C04004D0C04005F540400B14A04003C
S21400E490CD0B0400D5140400570C0400D0E902325A
S21400E4A053F8221003EB82032DE9F04F5A680F78D9
S21400E4B0B2F800809A68C7B0B2F80090DA681B69B4
S21400E4C092F800A01E7800212F4B304A0446CDE972
S21400E4D001890220009701F013FABAF1000F0CBF71
S21400E4E06E23792301210220294A009606AD01F009
S21400E4F007FAFF22002128460CF054FE304629F089
S21400E50098FD834608B30023052100932046FD238B
S21400E5100DF119022AF04FFC2870BAF1000F0CBF5B
S21400E520802340234A4641463846CDE900562AF025
S21400E5308BF80146144806F06DFE01210220154AAC
S21400E54001F0DEF947B0BDE8F08F304629F077FDE0
S21400E55060B1FD2305212046CDF800B00DF11A026A
S21400E5602AF029FC85F801B02870D6E705903046D9
S21400E57007F0A0FA059A0346009205212A4620468F
S21400E5802AF019FCC9E700BFCE3F0400280C04009F
S21400E590680C0400B14A04002DE9FF471C465B687E
S21400E5A0E5685B1B00255FFA83F803952E46FFF7A8
S21400E5B0D9FDEBB298450BD90C9B9B5D282B39D81F
S21400E5C0202B00F2CB800136F6B2002B40F0C9803B
S21400E5D0FFF78CFD04B0BDE8F087132A2FD801A101
S21400E5E051F822F0ABE60000BDE60000CFE60000E2
S21400E5F003E70000D1E50000D1E50000D1E500000A
S21400E600D1E500003FE600003FE600003FE60000E0
S21400E6103FE600003FE600003FE600003FE6000061
S21400E6203FE600003FE600003FE600004FE6000041
S21400E63029E70000A3F13102D1B21329CDD9013662
S21400E640F6B2A3F14102032AC2D8422B6CD06C4F1B
S21400E65000213A88DFF8B0A1C2F1FE039BB2FF2B7F
S21400E66028BFFF2301320091DBB22046524469B234
S21400E6702AF07DFB3B880AF80300013318443880F3
S21400E68011E04FF00409E368A2682B4452F82330E7
S21400E6901F68F8B209F1FF39FFF71CFD19F0FF09F2
S21400E6A04FEA1727F5D1013583E7E368A2682B44C4
S21400E6B052F823301878FFF70DFDF4E7E368A268F8
S21400E6C02B4452F82330188828F0FFFAEBE7E3686B
S21400E6D0A2682B4452F823301F68B7F1807F09D216
S21400E6E0F8B2FFF7F7FCC7F30720FFF7F3FCC7F312
S21400E6F00740E0E72B4601210820424A01F000F9D6
S21400E70066E74FF00409E368A2682B4452F823300A
S21400E7101F68F8B209F1FF39FFF7DCFC19F0FF09B2
S21400E7204FEA1727F5D1BEE7294603AA204627F069
S21400E73033FB0021324F344A3B88DDF80C9002EB65
S21400E740030CCAB2914501F1010102D84B443B804B
S21400E750A9E710F802A00CF802A0F2E7242B3FF677
S21400E76070AF013B232B3FF633AF01A252F823F0E4
S21400E770ABE60000BDE60000CFE6000083E6000042
S21400E780D1E50000D1E50000D1E50000D1E50000AC
S21400E790D1E50000D1E50000D1E50000D1E500009C
S21400E7A0D1E50000D1E50000D1E50000D1E500008C
S21400E7B0ABE60000BDE60000CFE6000003E7000081
S21400E7C0D1E50000D1E50000D1E50000D1E500006C
S21400E7D0D1E50000D1E50000D1E50000D1E500005C
S21400E7E0D1E50000D1E50000D1E50000D1E500004C
S21400E7F0ABE60000BDE60000CFE6000083E60000C2
S21400E8002E5A0020810C04004E610020094B1B7814
S21400E81023B101210820084A01F072B8D0E902327B
S21400E82053F82230054A1B88012113800820044A29
S21400E83001F066B84D610020A70C04002C5A002099
S21400E840E90C0400D0E9023253F82230054A1B785E
S21400E8500121003B18BF012308201370024A01F073
S21400E8604FB800BF4B6100200F0D0400D0E9023204
S21400E87053F82230034A1B78012113700820024AFD
S21400E88001F03EB84C6100203E0D040010B5D0E902
S21400E8900232044653F82230132219880B4B18789C
S21400E8A0FFF760FCE368A268013352F8233018785B
S21400E8B0FFF710FCE368A268023352F8233018789A
S21400E8C0FFF708FCBDE81040FFF710BC49610020C8
S21400E8D010B5D0E90232044653F8223011221988C6
S21400E8E00B4B1878FFF73EFCE368A268013352F83A
S21400E8F023301878FFF7EEFBE368A268023352F87D
S21400E90023301878FFF7E6FBBDE81040FFF7EEBBB4
S21400E91049610020D0E9023253F82230034A1B78BE
S21400E920003B18BF0123DB001370704749610020CD
S21400E93010B5D0E9023253F82230044619880E4B3F
S21400E94006221878FFF70EFC0120FFF7C3FBE368EA
S21400E950A268034452F82330188828F0B6F9E36812
S21400E960A268023352F82330188828F0AEF9BDE8C2
S21400E9701040FFF7BBBB00BF496100202DE9F04304
S21400E980D0E902324FF0FD09013253F8221003EBB2
S21400E99082035A68C7B017889A68B1F8008014785E
S21400E9A053F8043C002C0DF1170506AE18783A46CD
S21400E9B014BF4023802341460295CDF8049000966C
S21400E9C029F077FE034638B1184A0121082000F0E6
S21400E9D097FF47B0BDE8F083201E18BF01200A222B
S21400E9E04146C000FFF7BEFB384628F06EF928788F
S21400E9F0FFF770FB4A463146287829F0C8FA0446E5
S21400EA0028B10B4F3D88C5F1FF03984202DD23462F
S21400EA10084ADAE7024608483146284425440CF0FE
S21400EA2051FD3D80FFF762FBD3E700BF740D040085
S21400EA302E5A0020900D04004E61002010B5D0E93B
S21400EA400232044653F82230082219880B4B1878F5
S21400EA50FFF788FBE368A268023352F82330187881
S21400EA60FFF738FBE368A268013352F823301888B2
S21400EA7028F02BF9BDE81040FFF738BB49610020AD
S21400EA8073B5D0E902320546023253F8221003EB82
S21400EA90820353F8042C53F8083C0C781988234B4F
S21400EAA0168818780622FFF75DFB0020FFF712FB9A
S21400EAB0304628F00AF92046FFF70CFBEB68AA68F8
S21400EAC0033352F82330188828F0FFF8EB68AA685A
S21400EAD0043352F82330188828F0F7F8204609F057
S21400EAE06DF9E8B9204606F0E5FF052104460190D9
S21400EAF001AA284627F050F9019B01469C4206D001
S21400EB00224631460A480BF03BFA02B070BD094D6A
S21400EB1009482E882246304434440CF095FB2C805D
S21400EB2002B0BDE87040FFF7E1BA00BF49610020BF
S21400EB30BC0D04002E5A00204E61002073B5D0E9AB
S21400EB4002324FF48A5153F82230104D1A88104B77
S21400EB50D9805A8000232A4600930121FF232AF0F9
S21400EB602AF92B78044613F0040F0A4B08BF012637
S21400EB701B7818BF032613B108F020FFA855064BD4
S21400EB801C8002B0BDE87040FFF7B0BA4E610020AE
S21400EB90205A00204B6100202E5A0020D0E9023275
S21400EBA053F82230034A1B78003B18BF012313702A
S21400EBB0704700BF4A61002010B50C4608B907F040
S21400EBC089FE024B18715C7110BD00BF205A0020F0
S21400EBD002462DE9F341D0E90253526855F8231056
S21400EBE0D21A0C8805EB8301013BDBB255F8238073
S21400EBF0294D022A4868C8BF8A682B78D8BFFF21EB
S21400EC000078C8BF11783BB901210220234A02B020
S21400EC10BDE8F04100F074BEFFF7CEFF06F06AFADA
S21400EC201F4F204E3B880146224600931E4833461F
S21400EC3029F02BFE0246C8B998F804103B885F29D5
S21400EC4017D1CDE900364FF6FF712046164B28F057
S21400EC507FFF28B1034601210220144A00F050FE2F
S21400EC600023134A2B701380124A137002B0BDE8BB
S21400EC70F0814FF6FB718C4208D9CDE9003621466B
S21400EC80094B4FF6FF7028F0C1FFE2E72146064A1F
S21400EC90009628F0EDFFDCE74D610020070E04002B
S21400ECA02E5A00204E610020205A00200E0E04002E
S21400ECB02C5A00204C610020002210B50A21044680
S21400ECC01046FFF74FFA002027F0FFFF0122044B03
S21400ECD01A70FFF70BFA2046BDE81040FFF778BF22
S21400ECE07666002038B51C461546012322462AF0D3
S21400ECF081F860B9214628462AF058FA044620B121
S21400ED0001210420034A00F0FBFD204638BD002404
S21400ED10FBE700BF350E04002DE9F0430C46154610
S21400ED201F46D0E9022352F8231002EB83029368B1
S21400ED300E8893F80080D3688BB0B3F80090324604
S21400ED40012106ABFFF7CEFFF0B90DF1200CF4B1B0
S21400ED5001232A884021CDE902C2CDE90471CDE91C
S21400ED6000932221434606AA30462AF07AF80B4B37
S21400ED700B4A00930B4B0190002C08BF1346012151
S21400ED800420094A00F0BCFD0BB0BDE8F0836246E3
S21400ED9028686968032303C22246DBE7940E040052
S21400EDA0790E0400730E0400810E040007B50123DB
S21400EDB06A4600212AF01EF86846034908F04EFB12
S21400EDC003B05DF804FB00BFB1D80000D0E9023202
S21400EDD053F822300149188808F012BBB1D8000059
S21400EDE010B5D0E9023203EB8201496853F82230AD
S21400EDF009784FF48A5218882AF023F8BDE81040A4
S21400EE00034601210420014A00F07ABD9E0E04004C
S21400EE10D0E9023253F8223002214FF48A5210B55C
S21400EE2018882AF000F8BDE81040034601210420A7
S21400EE30014A00F065BD00BFB70E04001FB5D0E95B
S21400EE40023203EB820153F82230496818884FF4E7
S21400EE508A5309880293094B094A0193094B1B7888
S21400EE6000931278084B2AF054F801210346042038
S21400EE70064A05B05DF804EB00F042BD305A0020AB
S21400EE804E6200204D6200203A5A0020CE0E04004A
S21400EE902DE9F043D0E9023253F8221003EB820347
S21400EEA05A680E8817789A68DB688BB092F80090DC
S21400EEB0B3F800803246042106AB0446FFF712FF83
S21400EEC028BB08AD01232A460521204629F092FFDB
S21400EED038B9042001210F4A00F012FD284629F017
S21400EEE037F84FF48A53CDE904930023CDE9025353
S21400EEF003232121CDE9008306AA3B46304629F0AC
S21400EF00B0FF01210346044A042000F0F9FC0BB0D0
S21400EF10BDE8F083E60E0400150F040038B5D0E90E
S21400EF20024303F18043023B02220F4954F82300B8
S21400EF309D000CF083FC60B90C4B0D491A78042A2E
S21400EF400BD82C44A068008821F8120001321A70F1
S21400EF5038BD084B08491A78F1E70121BDE838406A
S21400EF600420064A00F0CCBC093804004E6200209B
S21400EF703A5A00204D620020305A0020270F040025
S21400EF8008B5C368806803F18043023B0222064945
S21400EF9050F823000CF052FC10B9044B187008BD52
S21400EFA00022034B1A70FAE7093804004E6200206C
S21400EFB04D62002037B5D0E9023153F821208C008D
S21400EFC015784268521A012AC5BF1B195B686C097E
S21400EFD01C78DCBF44F0180405F01F0529462046BF
S21400EFE029F05BFE034640B12346012104200E4A69
S21400EFF0009500F085FC03B030BD0121A94074B92E
S21400F0002346FE224FF6FF702AF0F6F8012103464B
S21400F0100420064A03B0BDE8304000F071BCFE2272
S21400F02041EAC461EEE700BF3D0F04005D0F040037
S21400F03070B5D0E9021551F8253001EB850104467C
S21400F04018884B681A788B68052A1B8802D85E1EBB
S21400F050072E0BD9012104200C4A00F051FCBDE814
S21400F0607040012104200A4A00F04ABC6468641B10
S21400F070032CCABFC968074909682AF0BDF8BDE86D
S21400F080704002460449002007F0E0BC7B0F0400F5
S21400F0909B0F040000F8FF07B80F040008B5D0E97E
S21400F0A0023253F8220003EB82035968FF220388DA
S21400F0B009684FF6FF702AF09FF8BDE80840024640
S21400F0C00149002007F0C2BCCB0F040008B5D0E908
S21400F0D0023253F8223005214022188829F0A3FE78
S21400F0E0BDE8084002460249002007F0AFBC00BF5A
S21400F0F0EC0F040008B5D0E9023203EB8201486841
S21400F10053F82210027840230988312029F0DEFEC9
S21400F110BDE8084002460249002007F097BC00BF41
S21400F1200D10040008B5D0E9023203EB82014868EE
S21400F13053F82210027840230988332029F0C6FEAF
S21400F140BDE8084002460249002007F07FBC00BF29
S21400F150271004001FB5D0E9023253F8221003EB43
S21400F16082039B6808881A780023D21A18BF0122E7
S21400F170CDE9023302A94023D20129F0B6FE0121CF
S21400F1800090044B0420044A00F0BAFB05B05DF87A
S21400F19004FB00BF940E04004510040007B5D0E938
S21400F1A0023253F8223003214022188829F03BFE11
S21400F1B001210090034B0420034A00F0A1FB03B09A
S21400F1C05DF804FB940E04005410040037B5C368C1
S21400F1D08268053352F8233004211D786A460123DD
S21400F1E0044629F007FE38B904200121064A00F03B
S21400F1F087FB684628F0ACFE2B466A460021204670
S21400F200FFF78AFD03B030BD6E10040007B5D0E9E5
S21400F210023203EB8201486853F82210027840233A
S21400F2200988322029F052FE01210090034B042069
S21400F230034A00F065FB03B05DF804FB940E04007F
S21400F2409F10040070B585690446EA0705F00206BB
S21400F25005D476B1C5F3072029F09EFB09E01EB160
S21400F260B2210F4830F045F9A069C0F3810029F0BB
S21400F27082FBE3691BB9BA21094830F03AF9204607
S21400F28014F0D0F9E3693EB1607E9847AB0706D02C
S21400F290BDE8704029F074BB20469847F6E770BD7D
S21400F2A0B410040008B514F0D1FD28B1BDE808403C
S21400F2B04721024830F01DB908BD00BFB410040055
S21400F2C02DE9F041FF2B04460F4690461D469DF85B
S21400F2D0186005D0FF2E03D0D521114830F009F96B
S21400F2E00023FF2D18BFAD000E4A1CBF45F00105D8
S21400F2F0EDB222600C4AC4E9063818BFA561FF2E9D
S21400F300C4E901232361E76007D0A36943F0020341
S21400F31023F47F4343EA0623A361BDE8F08100BFE0
S21400F320B4100400CC40002045F20000002310B5C5
S21400F330054C03610460054CC261C0E9014301232A
S21400F340C160836110BD00BFCC40002045F20000C4
S21400F35070B58669044606F00303032B0D4603D1F9
S21400F360FC21144830F0C5F8FF2D16D0B20704D49F
S21400F37040F201110F4830F0BCF8284628F0A8FFEC
S21400F380FF28054604D14FF482710A4830F0B1F8E0
S21400F3902DB204EB4514204670BDF307FBD5A369D8
S21400F3A013F00C0FF7D040F20B11024830F0A1F822
S21400F3B0F1E700BFB41004000023054AC0E9063197
S21400F3C003610260C360034A034B42608360704778
S21400F3D0CC40002045F20000F135020001482BF039
S21400F3E00BBE00BFCC40002001482BF011BE00BF72
S21400F3F0CC40002013B50E482BF0D8FD27F0E1FCDA
S21400F4002AF086FD2AF0A2FD2AF0A9FDFCF748FFA7
S21400F4100446FCF75FFF2346009001210420054ABE
S21400F42000F06EFA02B0BDE81040FCF73FBF00BF28
S21400F430CC40002047110400022808B503D130F064
S21400F44051F8014B186008BDFC40002008B50CF0D0
S21400F4500FFF0122044B1A7030F0CDF8BDE80840CB
S21400F46002490348FDF7E4B850620020806B002094
S21400F47000410020014B1870704700BF4F6200200B
S21400F480024B187808B105F019BE70470E710020BF
S21400F49008B5074B1B780BB1002008BDFFF7F0FF3F
S21400F4A00028F9D106F0E4F9023818BF0120F4E785
S21400F4B04F62002070B5FFF7EBFF174D20B1FFF746
S21400F4C08DFF0428044613D82B781BB930F093F828
S21400F4D001232B7027F083FC0446D8B12B781BB988
S21400F4E0F7210E4830F005F8BDE87040FFF776BF0C
S21400F4F027F077FC0028E7D02B785BB12FF0F7FEDB
S21400F5000646002101202EF0B7F830462FF0EAFE1E
S21400F51000232B70204670BD506200206811040046
S21400F5201FB5FFF7C7FF0446FDF72CFAA04228BF19
S21400F530204688B103A92EF08BFC034638B9CDE9E6
S21400F5400000064A039906482FF0E8FF18B18E21FE
S21400F55004482FF0CEFF012004B010BDDD6D03007F
S21400F560DC400020681104000D4B70B51B780D4D73
S21400F5700D4C0121002B0CBF2B46234602200B4AC4
S21400F58000F0BEF90A4B01211B780220002B0CBFAD
S21400F5902B462346BDE87040064A00F0B1B900BFCE
S21400F5A00E7100202838040047380400FE110400BD
S21400F5B04F6200201D12040010B5D0E9023253F845
S21400F5C0223002201B780121002B15BF01240024C5
S21400F5D0044A054A00F094F92046BDE81040FFF7BB
S21400F5E049BF00BF3C12040059120400D0E90232A1
S21400F5F053F82230034A1B78003B18BF01231370D0
S21400F600704700BF0E71002038B50125084B1D70ED
S21400F6102FF06DFE0446294628462EF02DF820468B
S21400F6202FF060FEBDE8384002490348FDF700B8F9
S21400F63051620020886B00202841002070B514F02D
S21400F6408BFC10F0070F1D4D11D02B785BB90126EF
S21400F6502E702FF04CFE0446314630462EF00CF845
S21400F66020462FF03FFEBDE8704014F039B929F06F
S21400F6709FFD0228E9D1124C2378032BE5D914F01C
S21400F6806BFC10B92378032B14D814F029F9044620
S21400F6900028DAD02B785BB100262E702FF027FEDC
S21400F6A00546314601202DF0E7FF28462FF01AFECA
S21400F6B0204670BD4FF0FF34ECE700BF51620020DB
S21400F6C0F56600201FB5FFF7B9FF0446FDF75AF9A7
S21400F6D0A04228BF204688B103A92EF0B9FB0346F6
S21400F6E038B9CDE90000064A039906482FF016FF00
S21400F6F018B18C2104482FF0FCFE012004B010BD88
S21400F700A7730300084100207812040010B5094CC6
S21400F7100949002007F080F923681B68587928F00B
S21400F7200DFE23681B68587927F046FE04F092FE0B
S21400F730002010BD284600200613040008B529F056
S21400F74027FD024628B1BDE808400020014907F021
S21400F75063B908BD2913040008B529F02FFD024639
S21400F76028B1BDE808400020044907F055B95422E6
S21400F770BDE80840FF2102480BF014BD4113040009
S21400F780445A002038B504460D4629F01BFD0246B3
S21400F79028B1BDE838400020034907F03DB9034BC7
S21400F7A023F8145038BD00BF5F130400445A0020ED
S21400F7B02DE9F34100240C4E0C4DDFF838800C4F39
S21400F7C056F8043B0BB9D8F8003035F8022B39460A
S21400F7D0009200202246013407F01EF92A2CEFD1B1
S21400F7E002B0BDE8F08100BF946B0020985A00205C
S21400F7F07B130400906B002008B52A21034829F0EB
S21400F800D9FCBDE80840FFF7D3BF00BF985A0020D8
S21400F81007B5D0E9023253F822301A78292A0DD8D3
S21400F820084B53F822300BB9074B1B6807490020DA
S21400F83031F812100091064907F0EEF803B05DF8B3
S21400F84004FB00BF946B0020906B0020985A0020A9
S21400F8507B13040008B52A21034829F0ADFCBDE857
S21400F8600840FFF7A5BF00BF985A002038B5D0E97A
S21400F870023253F8221003EB82035B680C781D8873
S21400F8800020044907F0C8F829462046BDE838405D
S21400F890FFF778BF861304002DE9F34100240C4ED1
S21400F8A00C4DDFF838800C4F56F8043B0BB9D8F8EF
S21400F8B0003035F8022B39460092002022460134EB
S21400F8C007F0AAF82A2CEFD102B0BDE8F08100BFFD
S21400F8D0946B0020445A00207B130400906B002099
S21400F8E010B5024627F07EFD20B9044C236811B1FE
S21400F8F01343236010BD23EA0203FAE7406C00209E
S21400F9000CB413B502460C4627F06CFD60B9094BE3
S21400F9101B681A4208D005A9049801910AF044FB16
S21400F92014B105482AF080FA02B0BDE8104002B0D3
S21400F930704700BF406C002085160400034610B5D3
S21400F940D3E9023253F8223008461C78211E18BF2D
S21400F9500121FFF7C5FF014648B9084A084B0220B7
S21400F960002C08BF1346074AFFF7CAFF10BD002148
S21400F9700220054AFFF7C4FFF8E700BF8B02040029
S21400F98083020400871604009D1604002DE9F0414A
S21400F99005461F460C46DFF82C808E18B44201D16F
S21400F9A0BDE8F0810021284614F8013B069AFFF7CF
S21400F9B0A7FF002FF2D0424600212846FFF7A0FFFF
S21400F9C0ECE700BF1109040002460249002007F0D8
S21400F9D023B800BFAE16040010B5234C2348FF2101
S21400F9E027F0E1F9207802281ED003282ED001281F
S21400F9F004D02120BDE81040FFF7E6BF1C4B197865
S21400FA000029F7D002231B4A23701378052B0EBF5C
S21400FA1000230133DBB29942137003D10523137020
S21400FA200020E7E7052BFBD0124B1B78052B02D1F5
S21400FA3003232370DDE7104A104932F8230007F04D
S21400FA40DFFC032323700028D4D110BD094B0C4AD9
S21400FA501878094B03EB8001897833F8200007F00B
S21400FA609FFC0123EEE700BF5262002030410020D9
S21400FA705B62002010710020EC5A002061FC000040
S21400FA800DFC00002DE9F04F0D46144695B004908D
S21400FA90112200210FA89946DFF86C810BF082FB3B
S21400FAA004EB45030393D9F800301C2B02D0039BCC
S21400FAB09C4202D115B0BDE8F08F0123DFF844A1C7
S21400FAC08DF81C3023884C4AADF81E309AF800306A
S21400FAD04A4D08EB83039B7828788DF8203013680E
S21400FAE08DF81D00CDF821305368CDF8253028F06C
S21400FAF049FF049B8DF8290021882878002B4AD1DD
S21400FB0028F00DFC002844D09AF800300FAA38F8E8
S21400FB10230007A927F082FC00283AD028F02CFA08
S21400FB204FF0000B074606461C255FFA8BF29742FD
S21400FB3034D8B7422BD99DF81C30032B1AD10FAB03
S21400FB400193BDF8213000220421009301202C4BA4
S21400FB5006F0E8FD9AF8003008EB83039978274B07
S21400FB60187806F05BFE9AF80030002038F823106C
S21400FB7028F05BFE5DB107A9304629F059FA214B03
S21400FB8005461B78304638F8231029F053FAC9F892
S21400FB900050023487E728F0B9FBB3E710460BA9FC
S21400FBA0059229F041FA30B99DF82C1031B9059A22
S21400FBB0B74208BF16460BF1010BB6E7BDF82E009C
S21400FBC0BDF81E209042F6D19DF830009DF820200A
S21400FBD09042F0D19DF81C208A42ECD1032A14BF33
S21400FBE0082202220DF121010DF131000BF026FE54
S21400FBF0002808BF0025DEE7536200200F710020B2
S21400FC002B19040010710020EC5A002013B503468F
S21400FC100020114A9C6812780190052A03D01B78B0
S21400FC20032B00D12CB9012002B0BDE81040FFF72D
S21400FC30CBBE6268217801ABFFF724FF217A012052
S21400FC40E26801ABFFF71EFFFF21044802B0BDE8E3
S21400FC50104027F0A0B800BF1071002030410020EF
S21400FC60094B1B78052B02D00378032B02D001200A
S21400FC70FFF7AABE8168054A0B68054813604B6803
S21400FC80FF21536027F087B81071002053620020D0
S21400FC903041002038B50024114B124D1870124B1D
S21400FCA0FF211C702C7006F0B9FD012203211046BE
S21400FCB00E4B06F037FD4FF6FF712246084628F039
S21400FCC0B7FD044648B940F6B832FF21084827F089
S21400FCD059F801232B70204638BDFFF775FEFAE76A
S21400FCE00F710020526200205B620020B14A0400BF
S21400FCF030410020144BF0B51A681449136809788F
S21400FD00587988420BD11249D78808460022114DEF
S21400FD101E792B78D4B2A34203D8052C0AD1002032
S21400FD20F0BD0C88BC4202D18C78B442F7D00132C8
S21400FD300431EFE7A342F2D120F82270013300EB42
S21400FD40820086702B70EAE7284600200F7100209C
S21400FD50EC5A00205B620020FF2307B50021044A0E
S21400FD6004480093FFF7ACFA03B05DF804FB00BF4D
S21400FD70D9F90000304100201FB5B4230321044602
S21400FD80ADF80E3028F0C2FA98B121232046009331
S21400FD90002203210DF10E0328F067FC0446002024
S21400FDA0054B064A0649009406F036FE204604B087
S21400FDB010BD8624F3E700BFD8160400E51604003D
S21400FDC0FA160400D0E9023253F82230034A1B78B0
S21400FDD0012113700220024AFFF792BD2B7100200A
S21400FDE0091704000122014B1A7070472B7100207E
S21400FDF00A4B90F805111B7890F8082119448A429E
S21400FE00BCBFB2FBF3F103FB11234FF0FF32B8BFC8
S21400FE10DBB202FA03F380F80A3170472B71002038
S21400FE202DE9FF410446057F867EDFF870806E432D
S21400FE30237F98F8002013449D4212DB607F60B950
S21400FE40238B029363690193237C00936288A31D2E
S21400FE50217805F0EFFDFF232370002004B0BDE8F5
S21400FE60F081E37EAB42E9D9A77E228BF11991425D
S21400FE70A4BF921BD7B205EB0323E3813A46334671
S21400FE802946204627F0E4FA0028E7D1637F374466
S21400FE90013301356377BEB2EDB2C9E72B7100209E
S21400FEA037B5054629F0FAF80D4B04461B68694637
S21400FEB01B78032B82BF0B4B1B881B18284688BF5A
S21400FEC09CB229F073F938B9684629F0E9F818B9F0
S21400FED0044B1B8823449CB2204603B030BD00BFB1
S21400FEE064450020B6700020084B1B78FF2B0BD112
S21400FEF0074B1B78FF2B07D1064B1B78022B03D032
S21400FF004FF4807028F0D4BC704700BF446C0020CB
S21400FF10804200205041002010B50446FF2126F004
S21400FF2042FF054B9C4202BF0023A4F58874237051
S21400FF30BDE81040FFF7D8BF604200202DE9F0472B
S21400FF409A462A4B81461B7888461646BDF82050AE
S21400FF50002B49D0FF2D3ED938252846BDE8F0872E
S21400FF60234B0C223146A01D636184F80090A4F850
S21400FF7002800BF069F9A289414642F4004242F041
S21400FF8040022046A28127F075FA2A46514660694B
S21400FF900BF05AF941464846A21D258328F0BFFDBE
S21400FFA0A0760028D8D00544013DB5FBF0F0FF2828
S21400FFB0D2DC0023E0762046A383FFF731FF054618
S21400FFC080B923794FF48070B37228F034FC227C19
S21400FFD0099B1A80C1E7074C2778FF2FC0D040F650
S21400FFE00345BAE72770F2E70225B6E72B71002033
S21400FFF05D62002080420020B0F9063010B5002B6C
S21401000025DA144C2278237CFF2A02D0827A9A427F
S21401001007D0114C2378FF2B17D0827A237C9A4283
S21401002013D169B9637F013BDBB263775BB90B4AD6
S214010030237F1278204613442377FFF7F1FE01460B
S214010040204627F026FAFFF74FFF012010BD0020BB
S214010050FCE700BF80420020446C00202B7100208A
S2140100602DE9F04F9A46B1F9063091B0002B0D46B6
S2140100701746DDF86880049080F22981B8F80030D0
S214010080FF2B04D94FF4B871A6482FF032FAA64BCD
S21401009000241A7893F80401B3F80211002A40F0FC
S2140100A0A5802E7AA14A1278B24240F2AF8002228F
S2140100B0A3F802711A70AA7AFF2483F80421002299
S2140100C0A3F8084183F80521A3F80621B8F8002013
S2140100D0954883F80C21FFF78BFE3846FFF7E0FEC4
S2140100E0214600EB4002924826F04CFE4FF4807009
S2140100F028F0A1FB8C4C94F80A91B9F1FF0F20D19E
S2140101008A4A94F8053112781344B34219DC94F8FC
S2140101100C1184F80531B4F80631204601FB023390
S214010120A4F80631FFF764FE0122824B38461A70A6
S214010130FFF7B6FE494600EB400204F5887026F04C
S21401014021FE94F80531B34260D8DFF8E0B19BF8A0
S21401015000C00CEB0302964258DA764994F808215F
S2140101600878013A002853D0964205DAB8F80020FC
S21401017084F80C2100220A70B6FBFCF901220CFB64
S214010180196994F80A015FFA89F902FA09F2D1B2FB
S214010190024076B92889000A844584F8080108D9FE
S2140101A02046CDE906210593FFF722FEDDE906216B
S2140101B0059B94F80A01014384F80A1182B994F860
S2140101C00921B4F806C1013284F80921B8F80020E3
S2140101D0DAF800100CEB0200FF2826DD032323705B
S2140101E094F80831013B9E4230D138E0AE7A86421F
S2140101F002D18F4200D11C462E7A002C7FF47BAFB1
S214010200002A3FF44FAF012A3FF44CAF01205FE0D4
S2140102109642B1DA94F80C1198F800209142ABD0CE
S21401022004F58870FFF778FEF0E794F80CE1F31A0E
S2140102300EFB03C3A01C10FA83F005920BF004F822
S21401024094F80831059A013B9E4244D0012394F864
S2140102500A2103FA09F3013B1343FF2B04D122467B
S2140102602946384627F007F994F8083194F8092109
S2140102709A42CBD19BF80030B2FBF3F103FB11227B
S21401028012F0FF0218BF13462278022A26D1264A08
S214010290023410785178012804BF013151700122CF
S2140102A024F8022CEA88B4F8041122F04002EA800D
S2140102B094F809210A44591E94F80A3113FB01F3F4
S2140102C01344A8F80030CAF80040FFF70DFE0020DE
S2140102D011B0BDE8F08F84F80B21C0E769790029D9
S2140102E094D0032A92D1B4F8062194F80B1108AEE3
S2140102F011445A1E94F80C31284613FB02F30B44A2
S21401030000219BB2A21CA8F80030CAF80020CDE953
S21401031000710296049907F05FFD8921304628F0A6
S214010320FBFB7DE730170400504100202B710020B5
S214010330604200205C62002013B5044618B1012813
S2140103400BD002B010BDFF2301460093064A0748B2
S214010350FEF7B6FF064B1C70F3E7FFF743FDFF22DF
S214010360044B1A70EDE700BF19FF00006042002041
S214010370504100208042002013B501A909F0D2FEA9
S214010380044648B9BDF806309DF80420034906F036
S21401039043FB204602B010BD8120FBE7C7170400CF
S2140103A013B5694609F0CAFE044688B9BDF802309D
S2140103B09DF80020074906F049FB2046019906F002
S2140103C09DFA2046044906F027FB204602B010BDE0
S2140103D08120FBE7EB1704001118040037B56946C6
S2140103E009F0D0FE044618BB9DF801309DF80020A8
S2140103F0104906F02BFB104D9DF80120E3B29A42FE
S21401040006D800200D4906F007FB002003B030BDDA
S2140104100198630003F4FF7302220021184428F0B8
S21401042094FA29460246002006F010FB0134E3E761
S2140104308120EBE71318040042180400B14A0400B7
S21401044013B501A909F074FE044648B9BDF8063093
S2140104509DF80420034906F0DFFA204602B010BDDD
S2140104608120FBE74C18040030B500240B4D85B005
S2140104706946E0B228F0D8FD50B99DF80030032B4C
S21401048006D12946BDF805309DF8012006F0C4FACC
S2140104900134202CECD105B030BD00BF7318040028
S2140104A008B50020034906F0B7FABDE80840FF206A
S2140104B000F0DEBA851804002DE9F04F85B0064637
S2140104C00D46174627F025F8044640B130463A4611
S2140104D0294627F008F8002005B0BDE8F08F4FF058
S2140104E003094FEA15285FFA84FA6946504628F050
S2140104F09BFDB8B99DF800B0BBF1000F12D169465B
S21401050050468DF800908DF805508DF806808DF8D0
S214010510016028F08DFD02460028D7D058460649CE
S21401052006F07AFA0134202CDDD10020034906F0CA
S21401053073FA8920D0E700BF9A180400C118040096
S2140105401FB5002304468DF80F3026F0CDFF28B1E5
S2140105509DF80F3063F07F038DF80F301823019359
S2140105600DF10F030022009304214023204628F0BA
S2140105706BF8024618B10020024906F04DFA04B0A5
S21401058010BD00BFDC1804001FB502A909F0E8FD84
S214010590044688BBBDF80820184906F057FA2046DD
S2140105A0039906F0ABF92046154906F035FA4FF6E1
S2140105B0F672BDF80810134C4B1E9BB2934219D825
S2140105C02368039A1B685879FFF776FF23681B791F
S2140105D0012B0BD8BDF808300022CDE90003042119
S2140105E0094B092006F09EF828F090FA6FF0FF00FC
S2140105F004B010BD8720E9E78120F9E7FB18040065
S21401060011180400284600201219040070B504468B
S2140106108AB005AD1122002128460AF0C3FD204606
S21401062004A909F091FD044600283AD11E4EBDF8F2
S21401063010201E4906F0F0F932681379012B28D8EC
S2140106404FF6F670BDF810104B1E9BB2834224D8AD
S2140106501368587926F05DFF08B333682A461B688D
S214010660BDF81010587926F03DFFBDF81030012274
S2140106700421CDE9004309200D4B029506F052F8FE
S21401068028F044FA034620B100200A4A0A4906F037
S214010690C3F96FF0FF000AB070BD8724E5E78B242D
S2140106A0E3E78120F7E700BF28460020151904007C
S2140106B02A1904002E190400391904002DE9F047FF
S2140106C09AB004A909F058FD0446002840F0B58008
S2140106D09DF810205B4906F0B9F925465A4E9DF85B
S2140106E01020EBB29A4254D80020584906F094F9EB
S2140106F09DF81050002D40F099802C462E46544F00
S21401070006A9F0B228F090FCC8B99DF81830032B62
S21401071015D13B689DF819201B685B799A420ED16A
S2140107209DF81D2005F168036B4403F8402C9DF8E5
S2140107301E200235013403F83F2CEDB2E4B2013637
S214010740202EDDD19DF810300BB1002C77D00AABEE
S214010750CDE90143FF2302220421009309203D4BEA
S214010760039505F0DFFF28F0D1F9034660B19DF847
S2140107701020002A5FD0384A3849002C08BF0A46A4
S2140107800020374906F048F96FF0FF001AB0BDE8BF
S214010790F08705986B0003F4FF73022200211844CA
S2140107A028F0D3F831460246002006F04FF901350D
S2140107B095E70598730003F4FF730222002118449D
S2140107C028F0C3F8002780465FFA80FA06A9F8B237
S2140107D028F02AFC00BB9DF81830032B1CD1D9F851
S2140107E000309DF819201B685B799A4214D19DF858
S2140107F01D30534510D19DF81E30C8F307229A428A
S2140108000AD105F168036B440235013403F840ACA4
S21401081003F83F2CEDB2E4B20137202FD6D10136D2
S2140108209DF81020F3B29A42C3D88BE70025DFF873
S21401083020902E46F4E7084AA2E78120A6E78B20FF
S214010840A4E700BF9319040042180400B14A04004B
S21401085028460020B2190400641904008219040015
S214010860B61904002DE9F04389B002A909F072FC1B
S2140108700446002867D1BDF80820344906F0CCF8B4
S2140108804FF6F672BDF80850DFF8D4906B1E9BB297
S214010890934254D8D9F8003029461B685F79384608
S2140108A026F037FE00284CD026465FFA86F84046EA
S2140108B003A928F0B9FB28B92946384603AA26F029
S2140108C015FE20B90136202EEFD14FF0FF08404625
S2140108D028F0A8FB014658BB112203A80AF062FCC7
S2140108E02946384603AA26F0FEFDD9F800301A79C3
S2140108F0012A18D81B68BDF80810587927F0E6FFBA
S214010900BDF8083003220421CDE900430920104B2D
S21401091005F008FF28F0FAF8034620B100200D4A3A
S2140109200D4906F079F86FF0FF0009B0BDE8F083D5
S21401093002460A49002006F06FF80124D5E787240D
S214010940D3E78B24D1E78120EFE700BFD819040055
S21401095012190400161A040039190400EF190400CC
S214010960284600202DE9F043DFF894800020D8F8CF
S214010970003021491B688BB05E79002506F04CF8E3
S21401098001275FFA85F9484601A928F04DFB044680
S21401099090B99DF80430032B0ED19DF80530B34273
S2140109A00AD1484628F03EFB0146A0B1024613494B
S2140109B0204606F031F827460135202DE1D1D8F83A
S2140109C0003000211B68587927F080FF87F001006E
S2140109D00BB0BDE8F083112205A80AF0E3FBBDF8D1
S2140109E009403046214605AA26F07DFD21463046BF
S2140109F027F06CFFE0E700BF231A0400EF1904009C
S214010A002846002037B5694609F0B0FB044638BBD6
S214010A10BDF80020134906F019F8134D2046019938
S214010A2005F06CFF2046114905F0F6FF2B681B68A0
S214010A30587928F05AF870B14FF6F672BDF80010E2
S214010A404B1E9BB2934209D82B68019A1B685879B2
S214010A50FFF732FD0446204603B030BD8724FAE78F
S214010A608120F9E7371A04002846002011180400EF
S214010A707FB505460024E6B26946304628F0D4FA2A
S214010A80A8B99DF80030032B11D19DF80130AB4277
S214010A9004D0FF2D0BD19DF80D3043B9304628F018
S214010AA0C1FA024618B10020034905F0B5FF01342A
S214010AB0202CE0D104B070BDEF190400034B1B6875
S214010AC01878012808BF0220704700BF644500203F
S214010AD0D0E9023253F822301A78024B1A7000F02D
S214010AE0E7BA00BF5C63002070B5D0E902456B1E13
S214010AF0DBB254F8230003221B490AF09FFE54F888
S214010B00253004EB8504197863681A78A2F10B0383
S214010B100F2B05D915490020BDE8704005F07CBFB4
S214010B2001290FD1124C9140236840B90B43114A59
S214010B3023600020BDE870400F4905F06DBF23EA31
S214010B400103F4E702290CD101230C4903FA02F24E
S214010B500B6818B913430A4A0B60EAE723EA020353
S214010B60F9E70A460749D6E75B1A04005F1A04004C
S214010B70686C0020751A04007D1A0400646C00205D
S214010B80901A04009A1A040007B5D0E9023103EB63
S214010B90810253F821300B491B785268012B0A4B0E
S214010BA008BF0B4612684FF000001A600092074A11
S214010BB0074B084918BF1346074A05F02DFF03B037
S214010BC05DF804FB686C0020646C0020B51A040014
S214010BD0AD1A0400BF1A0400EC9B040038B5254A80
S214010BE0254B264C0020264905F016FF00202549F6
S214010BF005F012FF22682449002005F027FF20682F
S214010C00224C234D05F0E2FE2146002005F004FFAC
S214010C102A682049002005F019FF286805F0D6FE4D
S214010C202146002005F0F8FE1B4B1C491A781C4B88
S214010C30002053F8223005F0EFFE00F00DF91949B7
S214010C400246002005F0E8FE174B00201A781749E7
S214010C5005F0E2FE164B17491A78002005F0DCFE77
S214010C6004F020FABDE8384002461349002005F09A
S214010C70D3BE00BFEC9B0400D91A0400686C0020A8
S214010C80E01A0400E81A0400F61A04009A030400A5
S214010C90646C0020071B04008A630020181B0400F4
S214010CA06C6C00202B1B04006F6300203F1B0400AC
S214010CB06E630020511B0400631B040007B500F09F
S214010CC071F8054B0090054A0020054905F0A4FE81
S214010CD003B05DF804FB00BF791B0400EC9B040025
S214010CE0FA160400F8B504460B4F0C4E0C4D0020C6
S214010CF00C4A0D4905F090FE20463B78297832785B
S214010D00F5F786FA00233B7033702B70FF21BDE8A0
S214010D10F840064826F047B88A6300206E63002034
S214010D206F630020EC9B04007E1B0400A0420020A1
S214010D3037B51248FF2126F036F8114B187810F017
S214010D40100505D0002003B0BDE8304003F01CBFFD
S214010D500121B42004F020FB04460A4B0A4A0B4941
S214010D600090284605F058FE2046FFF7BBFF4FF4DB
S214010D70806003B0BDE8304027F09ABDA042002055
S214010D808A630020951B0400EC9B0400FA160400FD
S214010D900021024A0248FEF7C9BA00BF310D010020
S214010DA0A042002008B5054B1B7823B11720FFF79A
S214010DB099FF002008BD0220FCE700BF8A630020DF
S214010DC010B550B1054B00F1100250F8044B90429B
S214010DD043F8044BF9D1024B197010BD7063002023
S214010DE08063002037B5174D04462B78DB0626D5E1
S214010DF00090154B0020154A154905F00DFE1E2CD6
S214010E000BD0652C09D0032C19D0002028F08CF9C2
S214010E1040F61C40FFF766FF0DE028F0ADF94FF4F1
S214010E20FA63B0FBF3F202FB1300C218FF21094874
S214010E3092B225F0A7FF2B7823F010032B7003B096
S214010E4030BD00BF8A630020AE1B0400EC9B04008B
S214010E50FA160400A0420020014B1879704700BF23
S214010E60005B002070B54C4E8EB0337803F0FB0269
S214010E70A3F10905022AEDB258D0042B41F604125B
S214010E8057D0A3F108014B424B415B001343434843
S214010E90ADF80C3026F06DFB48B9414B3F4A03F1E3
S214010EA0100153F8040B8B4242F8040BF9D13D4B69
S214010EB01B78002B3FD03C4B0DF10E0203F11001C5
S214010EC053F8040B8B4242F8040BF9D103A828F01F
S214010ED04BF92328044610D1012D49D80020334A66
S214010EE0334905F099FDBDF80C3003A823F40053EF
S214010EF0ADF80C3028F038F90446002C41D14FF4F7
S214010F000C7028F02FF9044600283AD103F0FAFEB7
S214010F10012D36D8274A01AB1068516803C326490C
S214010F2001A828F085F978B319242AE043F60412BB
S214010F30A7E70223AAE73378042B0DD0082B0BD0A2
S214010F401E4B0DF10E0203F1100153F8040B8B42F8
S214010F5042F8040BF9D1B9E7104A0DF10E0302F17C
S214010F60100152F8040B8A4243F8040BF9D1ADE79D
S214010F70337803F0FB03022B03D10020104905F060
S214010F804BFD20460EB070BD044901A828F050F96B
S214010F9004460028C8D1F4E78A6300205E63002077
S214010FA07B1C04008063002070630020EC9B04001F
S214010FB0D21B04008C1C0400DC9B0400951C04005E
S214010FC02D1C040070B5002686B00446252028F0A6
S214010FD0B1F81622002116480AF0E4F8154B1E60F7
S214010FE0154B1878FFF76AFD022814BF0123042366
S214010FF003208DF8083028F0EBF804238DF8103024
S2140110000E4B02A80593039403F030FD05460C4BE6
S2140110100C4A19680C4B3046A14208BF134600948F
S2140110200A4A0B4905F0F8FC284606B070BD00BF19
S214011030005B0020C04200208A63002025130100C7
S214011040686C0020AD1A0400B51A0400EC9B04007D
S214011050A61C040008B5134A1378042B09BF124BCB
S21401106001331B78C3F10603DBB2137003F0FD02F4
S214011070092A04D11720FFF735FE172008BD0A4AB2
S2140110801278002A14BF052206229A4207D1074B7E
S21401109018680028EED0FFF795FF4D20EEE70020F8
S2140110A0ECE700BF8A63002080630020646C0020A8
S2140110B073B51E4C1E4E23683268134334D01D4B45
S2140110C01B6853B31C4D2B783BBB03F0EBFFF8B901
S2140110D04FF4806027F0AFFB184B24681B7894B15F
S2140110E0C3F102032B7003F047FD2046FFF76AFFAA
S2140110F004460020124B134A1349009405F08CFC59
S214011100204602B070BDC3F1060334682B70EAE7CF
S2140111100121B42004F040F9EAE70020094A0B490E
S21401112005F07AFC0224E4E70224E9E7686C002073
S214011130646C0020644500208A63002080630020E0
S214011140EE1C0400EC9B0400FA160400D41C0400F8
S2140111502DE9F347384D394E00202A792B88384936
S21401116005F05AFC3268287922FA00F010F00100E6
S21401117002D1344905F050FC334F3C783CB108228B
S214011180324933480AF05AFB041E18BF0124DFF81F
S214011190DC80DFF8A490DFF8B4A014E098F8000033
S2140111A049460130C0B288F8000027F0B5FF002894
S2140111B035D13C783CB10822514625480AF03EFB21
S2140111C0041E18BF01242A793368D340DB07E5D50E
S2140111D0002CE3D100922B881E4A1F49204605F0B9
S2140111E01BFC1E4B1878FFF769FC012303221249EA
S2140111F027F098FF1A4A054613780133137010B981
S21401120002B0BDE8F08720462B46124A154905F084
S21401121003FC284602B0BDE8F047FFF763BD002097
S214011220114905F0F9FBFFF715FF0028E8D102B0D8
S214011230BDE8F04700F01CB8005B0020C04200206B
S214011240F41C0400251D040089630020816300202E
S2140112500E5B0020EC9B0400F41D04008A63002052
S2140112606E630020951D0400BE1D04005D63002012
S2140112702DE9F041214C224D2378002055F82330EA
S214011280204A214905F0C8FBFFF7ECFD03461D4E39
S2140112901E4FDFF874802BB92378042B15D8B3B909
S2140112A01B4B15E032463946002005F0B5FBFFF72B
S2140112B0D1FE00BB2378324655F82330414605F06F
S2140112C0ABFBFFF7CFFD0346E5E7092BE8D1114B52
S2140112D000201B68104A11491360114B187027F043
S2140112E01BFF20B1BDE8F0410120FFF7FBBCBDE8C4
S2140112F0F041FFF72DBFBDE8F08100BF8A630020F3
S2140113006C6C0020EC9B0400141E0400211E0400DB
S214011310646C0020686C0020C0420020005B002046
S2140113205D63002070B51C4C23789BB3838913F44E
S214011330407F2FD0056835B12A46BDE870400020B1
S214011340164905F069BB27F0E5FE154E03463070D9
S214011350144A2846144905F05FFB33781BB1BDE8F3
S2140113607040FFF785BF2378082B0CD8042B0CD8C8
S2140113700E4B1B78C3F1060323700D4BBDE870407E
S2140113801868FFF71FBE0A2BF2D1BDE8704018207F
S214011390FFF7A8BC70BD00BF8A6300204C1E040086
S2140113A06F630020EC9B0400791E0400806300201C
S2140113B0646C002030B5464D03460446454A00207D
S2140113C0454987B005F028FB2B782BBB01A827F0F1
S2140113D031FF022301A88DF8043027F019FFB0B9B8
S2140113E03E4901A827F016FF88B1152C0FD127F02A
S2140113F0C3FE47F23153B0FBF3F202FB130000F5D4
S2140114001C50103080B203F0BFFB07B030BD162C65
S214011410FBD103F0F3FBF8E7152C2AD100202D4A67
S2140114202F4905F0F9FA2B78042B11D0082B0FD091
S2140114302C4B1B78DA070BD401A827F08FFE18B9BE
S214011440BDF804309B0703D42B7843F010032B70B0
S21401145027F092FE4FF4FA63B0FBF3F2FF2102FB92
S2140114601300C218204892B207B0BDE8304025F0FC
S21401147089BC27F0B3FE04460028C6D12B78013B71
S214011480092B1ED8134A194905F0C6FA184A1949F4
S21401149013780133D8B2107027F03EFE60B12046B3
S2140114A0154905F0B9FAFFF7D5FD0028ADD107B00B
S2140114B0BDE83040FFF7DCBE07B0BDE83040FFF7BF
S2140114C047BE40F61C4007B0BDE83040FFF70ABCF7
S2140114D08A630020EC9B04009D1E0400DC9B040034
S2140114E0B41E04005C630020A0420020C71E040056
S2140114F05D630020005B0020BE1D04002DE9F04165
S2140115000B4686B004460E4617463A490246002068
S21401151005F082FA4FF000080123CDE901380DF1FC
S21401152016030093424640230621204627F0C1F8C1
S214011530054640B102463049404605F06DFA284658
S21401154006B0BDE8F0819DF816202AB936B900200C
S2140115502A4905F061FAF2E7012EF8D082F001037C
S214011560002027498DF8173005F056FA9DF81730F8
S2140115700DF1170633B310230022CDE900630621CF
S2140115804023204627F060F8064630B13246002058
S2140115901C4905F041FA3546D1E74FB908212046E6
S2140115A026F0B4FE20B120469DF8171027F08FF9DB
S2140115B00521204626F0AAFE0028C0D0204627F0A6
S2140115C083F9BCE74FB90821204626F09FFE20B1DB
S2140115D020469DF8171027F07AF910230022CDE94E
S2140115E0006306214023204627F02EF806460028F1
S2140115F0DED0CBE7F6200400122104002B210400E4
S2140116004B2104006B210400002208B5034B114650
S2140116101B681B685879FFF771FF08BD2846002034
S21401162008B5044B00221B6801211B685879FFF797
S21401163065FF08BD2846002008B5044B00221B683C
S21401164002211B685879FFF759FF08BD284600207C
S21401165010B50123002488B001A88DF80430CDE927
S2140116600244F5F7B7FF20469DF80420124905F01D
S214011670D3F92046039A114905F0CEF92046029A7D
S2140116800F4905F0C9F910220E4B0DEB020118881F
S21401169040F0604040F48010FBF718FC20460A49F1
S2140116A005F0D4F904A827F092F92046074905F079
S2140116B0B3F908B010BD00BF84210400A3210400C3
S2140116C0C2210400BC9B0400E1210400B14A0400CD
S2140116D008B525F07FFF0020024905F09DF901209D
S2140116E008BD00BFFE2104000023054A8360C360D5
S2140116F0044BC0E9002311B14FF6FF730B8070470E
S214011700491045AA0C30021110B5044660B10020FC
S214011710064905F081F9052C06D002F0CBF90449FB
S2140117200246002005F078F9012010BD12220400BF
S2140117302322040037B500216A4601AB054626F090
S2140117400AF8044668B100220F49104605F064F90C
S21401175002F0B0F90D490246002005F05DF903B02C
S21401176030BD0B4905F058F9012024F00DFF01F0BA
S21401177099FF431C02D008F025F8F0E721462846D9
S214011780FFF7A6FFEBE700BF4C220400232204006C
S2140117909422040038B5054601F084FF044627F07C
S2140117A05EF84DB100200E4905F036F9631C14BFF2
S2140117B02046002007F0C8FF25F01AFF022804463D
S2140117C005D0012805D10020064905F025F9204657
S2140117D038BD0020044905F01FF90024F7E700BFD3
S2140117E0B1220400CB220400E422040008B5002044
S2140117F0034A044905F010F9BDE8084000F050BD61
S2140118008E320400FD22040008B50020034A044974
S21401181005F002F9BDE8084001F0CAB91C2304002E
S214011820FD2204001FB5D0E9023253F82230684683
S2140118301C78214601F0D0FB684601F073FC28B9FC
S2140118402246044905F0E8F804B010BD6846FFF7E3
S21401185071FFF9E7222304000020014905F0DCB8F6
S2140118603E2304007FB50DF1060102A8FFF73CFFF9
S2140118700020264905F0D0F80020BDF808202449AC
S21401188005F0CAF80020BDF80A20224905F0C4F880
S214011890039A0020204905F0BFF800201F4905F0F3
S2140118A0D5F84FF6FF73BDF806209A4229D00020DE
S2140118B01B4905F0B1F800201A4A1B4905F0ACF89F
S2140118C000201A4A1A4905F0A7F8002219491046BD
S2140118D005F0A2F80020154A174905F09DF80A22DE
S2140118E00020164905F098F80A220020144905F050
S2140118F093F80A220020134905F08EF807B05DF828
S21401190004FB0020104905F087F8D4E74D230400B6
S214011910652304007E23040097230400B0230400FB
S214011920BB210400E0930400C6230400C02709007D
S214011930E5230400042404002324040042240400B4
S214011940612404007F240400C323040008B500209A
S214011950034905F061F8BDE80840012001F0FAB935
S2140119609D24040008B50020034905F055F8BDE89C
S2140119700840002001F0EEB9B624040030B5104B43
S214011980104D1B5C85B08DF80F302B7804468342D2
S21401199006D00D4B0D4953F82020002005F03CF8E9
S2140119A030232C700A4801930DF10F030093062291
S2140119B080231921007826F047FE05B030BD00BF10
S2140119C0039C040092630020109C0400CE240400B3
S2140119D0127100201FB5232303900193064803AB21
S2140119E00093012280231921007826F02DFE03980A
S2140119F005B05DF804FB00BF1271002073B5164DEB
S214011A0004462B78154ECBB125F013FE012815D0D0
S214011A10346040F6B244124B1B78072B17D02D7852
S214011A20C5B925F006FE031E18BF01230D48009513
S214011A3022461921007826F08BF903E00023336053
S214011A40002CE8D1201E18BF012002B070BD02256F
S214011A500123EBE70025FBE78F630020C44200204B
S214011A60926300201271002008B50448FFF7C6FFF4
S214011A70BDE808400220FFF781BF00BFC02709006C
S214011A8010B5064C208826F023FF608826F020FF3C
S214011A906068BDE8104026F02ABF00BFC84200209B
S214011AA07FB523238DF813300DF11303029304231E
S214011AB00648019305AB0093012280231921007883
S214011AC026F0F7FD059807B05DF804FB12710020BB
S214011AD02DE9F047DFF84C91044699F8000090464E
S214011AE00F4626F0F5FB0B2899F8002005D9BDE82E
S214011AF0F04700203F4904F08FBF00263E4B3F4D84
S214011B001E803F4BDFF820A103EB00135B8801200A
S214011B102B802A7104F0A8FE05F050FF04F0A4FE05
S214011B20204604F0A1FE0123042C8AF800300BD8CD
S214011B30022C45D89C4216D02346BDE8F04700202B
S214011B40304A314904F068BF062CF5D130462F499A
S214011B5004F062FF384604F087FEFFF791FF97B165
S214011B608AF800600FE04FF6FF76294F3888801B11
S214011B7018BF012004F078FEFFF782FF3888B042D4
S214011B8001D026F0A5FE19236B8099F800300020BD
S214011B902B71204B1B786B71EB8843F04003EB8075
S214011BA01D4B198826F041FE034620B1224600202F
S214011BB01A4904F031FF4046BDE8F047FFF71EBF63
S214011BC0304604F051FEFFF75BFFFFF769FF26F092
S214011BD08EFE134B1B78002B0CBF3F20202004F0F9
S214011BE043FE042CCFD14FF4806026F071FE3220E4
S214011BF0C7E700BFE1240400245B0020285B002027
S214011C0098440020D51404002D2504001025040056
S214011C10185B002011710020B070002046250400DA
S214011C208E630020127100208F63002038B50446B1
S214011C3005200D46FFF7A2FE184B1A884FF6FD73D6
S214011C409A4207D10020164904F0E6FEBDE8384066
S214011C50FFF70ABF65B1134A13780133DBB2092BCC
S214011C60137014D90A2200200F4904F0D5FEEDE7BF
S214011C70012C0ED10B4B1D700C490D48FFF734FD9E
S214011C80BDE83840002101200A4AFFF721BF012C98
S214011C90F2D0BDE838400748FFF7B0BEB07000206C
S214011CA08025040091630020AB250400185B00200A
S214011CB0C8420020E093040008B50649002004F05D
S214011CC0ABFE0548FFF736FDBDE808400021084693
S214011CD0FFF7ACBFEF250400C8420020814237B5AC
S214011CE00346154608D2002000910F4A0F4904F01A
S214011CF093FE002003B030BD0C1A224600200C498A
S214011D0004F08AFE40F6BB5322460020094904F03F
S214011D1083FE4FF47A735C43074B01209C4294BFC9
S214011D202C602B60E6E700BFD514040000260400F3
S214011D303D2604005826040080EE360010B5044601
S214011D400820FFF71BFE0D4B3CB91C700021BDE8B7
S214011D50104006200A4AFFF7BBBE1B78092BF5D9AF
S214011D600A220020074904F057FE0020064904F025
S214011D7053FEBDE81040FFF79FBF00BF91630020F0
S214011D80C027090084260400C526040073B51F4D2C
S214011D902C7834B100201E4902B0BDE8704004F032
S214011DA03BBE0220FFF7EAFDFF221A4E1A4B30789F
S214011DB01A7026F08DFA0B2807D920463278174973
S214011DC002B0BDE8704004F027BE154B15490093DC
S214011DD001EB0011012319224FF6FD70498805F029
S214011DE091FA70B12046104904F016FE00220F4BFE
S214011DF00F481C700F4B1A7002B0BDE87040FFF719
S214011E00FDBD01240C492C70EEE700BF9063002055
S214011E10D62604001271002011710020E12404006E
S214011E201D21010098440020172704008F6300201D
S214011E30C0270900916300203D27040038B5144DE2
S214011E4004462B78052B21D91249FFF75DFC24B9EE
S214011E5018B9114904F0E0FD0424104B195D21B9AD
S214011E60BDE838400846FFF769BF032C06D02B783B
S214011E70052B03D006200A4AFFF72AFE0021094B4C
S214011E8008461970BDE83840FFF7D0BE38BD00BF20
S214011E9092630020C84200205F270400F99B0400DB
S214011EA0C02709008F63002030B5044689B007209B
S214011EB0FFF764FD052C0AD100222A4B03A91A70EC
S214011EC002A804AA01F0FEFD30B1022045E09CB94B
S214011ED00122244B1A700224224D287878B1421E22
S214011EE0504221495041FFF755FC022304462B700E
S214011EF0022C0ED10A200FE0022CE6D1EBE7631F7D
S214011F005A424FF0050018495A4125F099FB0446FC
S214011F10EEE7032C04D10020FFF770FD09B030BDB9
S214011F20062C06D10020114904F076FD01232B7002
S214011F30E0E70F4A0F4B2878002C18BF13460E49CE
S214011F400E4A0094002808BF0A4600200C4904F0F7
S214011F5063FD201E18BF0120400009B0BDE83040D7
S214011F60FFF76CBF8D630020C84200209A2704004B
S214011F70932704008C2704007B2704008527040090
S214011F80D527040013B51F4C0620FFF7F7FC22786F
S214011F90092A09D900201C4904F03EFD042002B09C
S214011FA0BDE81040FFF74ABF184B1B782BB3002043
S214011FB024F00EFB25F03DFB68B9FFF771FD144BCD
S214011FC0196825F02DFB02460420002102B0BDE869
S214011FD01040FFF77DBD01A825F029FBFF2809D198
S214011FE04FF4FA6023780133237002B0BDE8104045
S214011FF0FFF704BD0198FFF7EDFC4FF4FA620320EA
S214012000E3E700BF91630020F02704008E63002001
S214012010D8420020F023F0B589B0CDE9000334485A
S2140120208023002219210078324E334F26F00CFB14
S2140120300020324904F0F0FC3246394603A801F08C
S21401204041FD032804462E4D1CD10626039A2D4930
S214012050002004F0E1FC0398FFF7BCFC002039687F
S21401206000F0ACFE2E7001F09FF900220446264BCC
S21401207030461A70FFF782FC84BB09B0BDE8F04019
S214012080FFF780BF28BB7268204904F0C5FC2146D3
S21401209004A8FFF729FB059B726893420BD02046E4
S2140120A01B4904F0B9FC072305202B7009B0BDE8D5
S2140120B0F040FFF7F9BE1A462046164904F0ACFC7C
S2140120C00523002101202B7009B0BDE8F040FFF781
S2140120D0ADBD0020104904F09FFCF1E7042C05D0AB
S2140120E0042009B0BDE8F040FFF7A8BE09B0F0BD76
S2140120F012710020C8420020D8420020282804007F
S214012100926300205928040091630020942804005B
S214012110CD280400212904005D290400F7B50446F2
S214012120876800202378364D012B287004D0354B64
S2140121303549187004F070FC26785EBB334B1B786B
S214012140FF2B04D103B0BDE8F040FFF78DBC304B48
S2140121501B78032B11D82F4C0320FFF70FFC694681
S214012160208827F023F8002843D02B49208805F043
S21401217047F920B12E70FFF777FC03B0F0BD0124BC
S214012180204B26491C7004F047FC0320FFF7F6FBA2
S2140121902C70F2E7012E25D13B78002BEDD01B4D9C
S2140121A02B78FF2BE9D1A68802F0A4FF864206D140
S2140121B000201B4903B0BDE8F04004F02DBC194BCC
S2140121C0A2881B783BB132B11749002003B0BDE8A5
S2140121D0F04004F021BC7B6814491B782B700D4B32
S2140121E01A80F2E7032E08D108226846A16809F092
S2140121F02BF86846FFF70EFFBFE700232B70A1E719
S2140122008F6300209063002078290400117100205C
S21401221092630020B07000201D2101003D270400BC
S214012220982904008C630020BE290400E9290400D3
S2140122307FB5094B1A78FF2A0AD1187001F088FB7E
S2140122400022064B0DF1060102A81A80FFF74CFA90
S21401225007B05DF804FB00BF12710020165B00207A
S214012260152838B517D10C4B1D78A5B926F084FF73
S214012270C4B2012C38BF01240120FFF77FFB28469A
S2140122802246064904F0C8FB4FF47A706043BDE865
S2140122903840FFF7B3BB38BD92630020062A04001E
S2140122A0034B1B78022B01D8FFF770BD704700BFA8
S2140122B09263002070B5284C25F0B6F92578274E94
S2140122C0BDB10020264904F0A7FB264A1378013346
S2140122D01370002323703378062B0AD1BDE87040B3
S2140122E0214B1868B0F5FA6F38BF4FF4FA60FFF764
S2140122F085BB3378013B082B2CD8DFE803F00509B2
S2140123000D2B13191D222700BDE87040FFF7C8BF2B
S214012310BDE87040FFF73ABD00232370BDE870406A
S214012320FFF7A2BB2946BDE870400120FFF77EBC3F
S214012330BDE87040FFF726BE0220BDE87040FFF7FB
S214012340B3BD0120BDE87040FFF7F8BCBDE87040A2
S214012350FFF7B2BC70BD00BF8F6300209263002000
S214012360352A040091630020C442002010B90520DC
S214012370FFF764BD034B1B78062B01D1FFF79ABF0D
S214012380704700BF926300202DE9F0478E6805462E
S21401239033189A780C46092A8EB008D90020A3492A
S2140123A004F03AFB852420460EB0BDE8F08750B90C
S2140123B08B899F49895C8B4205D200919D4904F027
S2140123C02BFB8024EFE79C4BE7881B889F4236D087
S2140123D09A490978012932D932B13A4600209849FA
S2140123E004F01AFB7E24DEE7964B1A70934B26798F
S2140123F01B78052B03D0012B3AD8FFF751FF5EB9A6
S2140124003146204626F088FB0346002851D0304648
S2140124108D4A8E4904F000FBD4F80880A48998F808
S214012420037098F80450002E4CD13046884A8949EA
S21401243004F0F2FA00210120FFF7F8FB4FE000213B
S214012440804B1970072A00F28A8301A353F822F001
S214012450ED2301009B2501009B250100AD2701000E
S214012460AD270100AD270100432A0100432A0100E0
S214012470022B17D102F03EFE8742B3D00020764AE7
S214012480764904F0C9FAFFF781FC46BB314620467F
S21401249026F042FB034610B36B4A6C49002004F059
S2140124A0BBFA1CE06E4A00206E4904F0B5FA01241E
S2140124B079E7A3681B78DA06AED432466A4904F097
S2140124C0ABFAA9E700210AA8FFF70EF9032F08D9EE
S2140124D05F4B664A66490097002004F09DFA002487
S2140124E061E76B1E632B04D9594B604A614900951D
S2140124F0F2E7614BE4B2DB5D9C4209D0CDE90143D2
S2140125000020534B594A5D49009704F085FAE6E7E7
S21401251057B3A4B222460521404626F016FABDF866
S2140125202830834203D04A4B554A5649B6E7012F15
S2140125301AD022460721404626F007FABDF82A306F
S214012540834203D0424B4E4A4F49A7E7032F0BD194
S21401255022460921404626F0F5F90B9B984203D105
S2140125603B4B474A494999E7642D3FF463AF26F050
S21401257003FE6423C0B2B0FBF3F203FB1203013384
S214012580DBB29D42BFF456AFCDE900530020304B7D
S2140125903B4A3F4904F040FAA1E7284B1B78052B3C
S2140125A001D03C4A7FE7EB1CDBB2277BF45C44B1ED
S2140125B023460020374A384904F02EFA00210C46FB
S2140125C00BE00F2F0DD81023204634490093314AD3
S2140125D03B4604F021FA802401210020FFF726FB68
S2140125E0E1E60435EDB220462A4A2D4904F014FAF4
S2140125F07A1B7119D2B206A825F029F805443A4685
S214012600E9B2304626F09EF9264D069A2B68264FEB
S2140126109A42386001D100284AD1244900201D4A37
S21401262004F0FAF985240121D7E700BF522A0400F5
S2140126303C9C04006A2A0400B070002092630020CB
S214012640992A04008F6300200F2B0400172B040027
S2140126509F2B0400B42B0400DD2A0400EA2A0400A0
S2140126603F2B04004C2B0400692B0400C92B0400EB
S214012670D12B0400EB2B0400FF9B0400092C040063
S2140126805E300400432C04006D2C0400952C0400DD
S214012690BC2C0400F02C04000A2D0400392D040083
S2140126A0502D0400C8420020D8420020792D040095
S2140126B000F08EFF3E68B0420AD200F089FF9D49C5
S2140126C003463246204604F0A7F98924012184E70F
S2140126D0079A6B689A4205D12046974A974904F0B3
S2140126E09BF96BE79649097859B19A4209D2204677
S2140126F0944904F091F996210620934AFFF7E8F9E8
S2140127005CE7924A924905A801F0DCF9079E48B9B0
S2140127106A68964206D88F4904F07EF90520FFF7CD
S214012720C3FB40E6324600208B4904F075F9396850
S2140127300027002000F042FB00206E60FFF74AF9F8
S214012740864B06201F80FFF719F9854B1F7001F095
S214012750B1F90646F8B94FF6FF73824A0AA81188FE
S214012760994214BF13463B466A88298801F012F93C
S2140127700AA800F0D7FC58B10AA801F0DDF938B173
S2140127803046794904F048F90420FFF757FB0AE67A
S214012790FFF7F8FB07E6042805D1744B19211878D2
S2140127A025F0EDFAFFE538467149EBE7714B1B78EA
S2140127B0062B01D0704A76E6DFF8A0A1EB1C94F850
S2140127C00C90BAF80080DBB22EB930466B4904F0A3
S2140127D023F98724E7E5F75C2C1D972FE4B22FD069
S2140127E025D8812F71D0952F67D017BBB9F1100F5F
S2140127F07FF6E7AD31194A460AA824F028FF0444BB
S214012800E4B221464A46304626F09CF8231DDBB248
S214012810053416F803A0E4B2A9EB040353450546B4
S21401282066DA009338465346534A5549C7E5982F0A
S21401283043D03B460020504A524904F0EDF8C8E721
S214012840B9F10A0F7FF6BDAD1FFA89F721463A4660
S214012850304626F077F805F1080104463A46C9B233
S214012860304626F06FF80AAA01462046FFF736FAE8
S21401287008B9454B0A93B9F10C0F12D905F10C01B1
S2140128803A46C9B23046DDF8288026F05EF804469E
S21401289002463E49002004F0BFF8AAF8004044442E
S2140128A00A940A9C3A492246002004F0B5F82046CC
S2140128B0FFF7A4F824F0C3FE11E63649002004F021
S2140128C0ABF80320FFF7BAFA09E6334C23786BB16D
S2140128D024F0A8FE50B10020304904F09DF80023F2
S2140128E0237024F0ACFEFFF74DFBF8E52C49E5E735
S2140128F0DFF8A49099F8003043B9FFF7D1F8854284
S214012900034607D01C4A27490095E5E524F091FEC9
S2140129100128F2D110220D480AA908F08FFF10B93C
S214012920BAF13F0F42D9144A1F49002004F074F847
S2140129304FE700BF982D0400F02C0400D02D0400B2
S2140129408B630020052E0400C0270900C842002022
S214012950D842002094280400462E0400165B00206E
S21401296091630020185B0020682E0400127100207D
S214012970872E040092630020AD2E0400C22E0400B0
S214012980EF2F0400D12F0400E0930400FD2E040075
S214012990282F0400472F04008E630020632F0400B5
S2140129A0A22F04002B300400673004006D4B187012
S2140129B099F800304BB124F035FE30B1284624F0AA
S2140129C034FE042807463FF48AAD5146284632199C
S2140129D024F06EFF28B10020634904F01DF804209E
S2140129E070E799F80030554463B124F01BFE48B1F6
S2140129F0FF2FF4D0012F3FF472AD032F16D124F030
S214012A001CFE05462846FEF7E5FF0446024605215C
S214012A10564824F043FE564B1B689C420AD3204678
S214012A2024F041FF0520FFF73FFA58E524F003FEA6
S214012A308046E7E74046FEF7E1FF00287FF44FAD0A
S214012A4051E74C4B1B7803F0FD03082B01D04A4A93
S214012A5029E5A48935B1F27822B10020474903F06F
S214012A60DBFF2EE7E4B22246F11C0AA824F0EFFDB4
S214012A70434BBDF828201988054691420DD04FF6E4
S214012A80FF718A4209D03C4A00203E4B3E4903F082
S214012A90DDFFBDF828203D4947E7BDF82A205988C3
S214012AA091420CD04FF6FF718A4208D0324A00207C
S214012AB0374B354903F0CAFFBDF82A20EBE70B9ADE
S214012AC05B689A420AD0013208D02B4A2E49002070
S214012AD0304B03F0BBFF0B9A2F4926E7A4B2E91C43
S214012AE02246C9B2304625F02DFFE91DC9B2074678
S214012AF02246304625F026FF431C014606D1082013
S214012B00FEF73CFF2548FEF779FFE8E4384606AABB
S214012B10FFF7E4F8A8B9214B0693214B0022197858
S214012B20204B187824F06FFD069C2046FEF766FFC2
S214012B30224600201C4903F06FFF0920FEF71EFF06
S214012B40CDE440F6B733069A9A42E6D840F6B83254
S214012B500020164903F060FF40F6B833DCE7812415
S214012B6021E400BF916300209A300400BD300400C8
S214012B70D842002092630020C6300400DB300400F7
S214012B80C84200205D2C040002310400BB21040071
S214012B90872C04001D3104001A39040080EE36002B
S214012BA01171002012710020553104002A310400F1
S214012BB008B50420FFF742F90020FEF7DFFE0023E8
S214012BC0054A19211370054A1370054B1878BDE89C
S214012BD0084025F0D4B800BF8F6300209063002022
S214012BE01271002010B5164B164C1A78164B0020A1
S214012BF053F82220154903F00FFF2178144B154A8C
S214012C000020002918BF1A46134903F005FF237850
S214012C102BB1124B00201A68114903F0FDFEFEF796
S214012C203FFF0446FEF73CFF0E4B196824F029FDD2
S214012C302246BDE8104003460B49002003F0ECBED7
S214012C40926300208F630020109C04007131040001
S214012C5047380400283804007E310400C4420020AE
S214012C6098310400D8420020B131040038B501463D
S214012C7004460020FFF788FB054698B1E37C002058
S214012C800A4A0B4903F0C8FE2379042B0AD02946C9
S214012C90204625F041FF034620B10020054A06499B
S214012CA003F0BAFE6FF0FF0038BD00BFD514040074
S214012CB0D93104000F2B0400172B040010B513465E
S214012CC0094A127882420DD163B1084A002014687D
S214012CD00A46074903F0A0FE2146BDE81040012040
S214012CE0FFF752BB10BD00BF12710020284600201E
S214012CF0FB31040010B50D4B1C782CB1BDE810401B
S214012D0000200B4903F088BE6420FEF763FE4FF6F1
S214012D10F0716FF00F02074B0320C3E90012224641
S214012D202146BDE81040FEF7D3BE00BF92630020E7
S214012D3034320400C8420020014B1870704700BFAF
S214012D408E63002000210620014AFEF7C1BE00BFA7
S214012D50C0270900014B1870704700BF8B63002025
S214012D60114B2DE9F04107460D4618680F49101A18
S214012D70096824F086FCDFF840800D4E98F8004084
S214012D800346FF2C307004D0A8420AD32C44A0423C
S214012D9007DB3A460020074903F03EFE337888F801
S214012DA000303078BDE8F081E0420020DC420020AF
S214012DB093630020623304001371002050EA01027D
S214012DC008D0FF22054B091A1A70054B1860054BEF
S214012DD01960704711461046FFF7C2BF13710020F5
S214012DE0E0420020DC4200202DE9F04FAFB006ADF6
S214012DF0284600F0FDFD0026624FDFF8D0912846F8
S214012E0000F090F9044648B900F0BEFD5E4902465E
S214012E10204603F001FE2FB0BDE8F08F39460020B2
S214012E20F2B203F0F9FD284616A900F0FFFD0446AC
S214012E3020B15649002003F0EFFD8FE0BDF8582081
S214012E40534903F0E9FD49462046BDF85A2003F0F0
S214012E50E3FD2046BDF85C204E4903F0DDFD20462B
S214012E60BDF85E204C4903F0D7FD2046BDF8602032
S214012E704A4903F0D1FD2046199A494903F0CCFD91
S214012E802046BDF86820474903F0C6FD204646495E
S214012E900DF16A0203F0C0FD44492046239A03F06F
S214012EA0BBFDBDF85C30D90705D520469DF89020BE
S214012EB03F4903F0B1FDBDF85C309A0714D50020F8
S214012EC03C4903F0C3FDBDF85830B3F5807F4FD1C0
S214012ED0002025F081FD18B10DF1910003F01EFDD3
S214012EE00020354903F098FDBDF85C305B070BD533
S214012EF00020BDF8B220314903F08EFD0020BDF858
S214012F00B4202F4903F088FD062228460DF116034A
S214012F100AA924F0E5FB044690BBBDF81620294912
S214012F2003F07AFDDFF8A8A0DFF8A8B00DF12808B5
S214012F30BDF81610A2B2914210D9B8F80020514639
S214012F40002003F069FD0134D8F80420594600201A
S214012F5003F062FD062C08F10808E9D16C4620460C
S214012F6000F05AFD94E80F00013685E80F0046E7A9
S214012F700123202200200DF1910103F0B1FCAFE7FF
S214012F80114957E774330400413504007D330400CA
S214012F90A1330400D5330400EE33040007340400E3
S214012FA02034040039340400523404006734040029
S214012FB0833404009C340400B14A0400AF34040096
S214012FC0C8340400E134040014350400BA330400A4
S214012FD0F2340400023504002DE9F04188B004AD56
S214012FE0044628468846002700F002FD6E464745FF
S214012FF007D195E80F0084E80F00204608B0BDE829
S214013000F081304600F008FD96E80F0085E80F00D5
S214013010284600F087F801370028E8D1014B0FCB8E
S214013020E9E700BFB49E04001FB5D0E9023253F8A9
S214013030223068461978FFF7CFFF684600F07CFD1E
S21401304048B1042809D1074A0020074903F0E4FCE7
S21401305005B05DF804FB054AF6E70020044903F0D5
S214013060DBFCF5E7DD3E04005C3504009338040024
S214013070682E040010B5D0E9023203EB82014968DC
S21401308053F8223098B00C6804A81978FFF7A4FF0B
S21401309003AB40220093214608AB04A800F0E2FCF3
S2140130A0024628B100200E4903F0B6FC18B010BD48
S2140130B0039808A900F007040122C0F3C70003F033
S2140130C055FC039908A8091B01440648012322461A
S2140130D0008803F005FC044803F03EFCE6E700BF69
S2140130E06C350400345B0020B14A0400F0B5044698
S2140130F00D460B4BEF880FCB84E80F00AB882E896B
S2140131009B0741BFD5F83900D5F83D1004F10803F7
S21401311003C3EA682046278066806260F0BD00BF70
S214013120489C0400102208B5034908F087FB0038C4
S21401313018BF012008BD00BFB49E040008B526F0E4
S214013140A2FCC288FF219208012A38BF0122024848
S21401315023F018FE012008BDF042002038B51346C2
S21401316090B10120274A1070274A00201160274A93
S21401317013600A46264903F04FFC02F09DFB254BDF
S2140131801870022002F09EFB26F098FCE8B91D4D4F
S2140131901D4C2B782BB926F076FC2268C3681344A5
S2140131A023601A4B24681B689C4229D226F06BFCCC
S2140131B0C168204606F0AAF8002402462C7050B9D1
S2140131C026F07CFCFFF7BAFF03E0FFF7B7FF002805
S2140131D0DDD0012038BD20460F4903F01DFC0D4B04
S2140131E0187802F06FFB00200C4903F015FC00F084
S2140131F091F908B900F0AEF92046FFF7B7F8E8E70D
S2140132000124ECE795630020E8420020E442002018
S2140132109335040094630020BF350400DF350400B5
S21401322038B500F04BFA044600F042FA241A26F0AC
S2140132302AFC054618B9B1211B482CF05AF9AB886F
S21401324003F00303032B03D0B22117482CF051F9E6
S21401325000F02EFA054624F0B6FA01238340013B1E
S2140132602B4203D0B42110482CF043F924F0ABFADA
S21401327001238340013B234203D0B5210A482CF0A9
S21401328038F905F019FE054624F09DFA4FF48063DF
S214013290B3FBF5F3C440A34205D2BDE83840BA21DA
S2140132A001482CF026B938BDF5350400FF2108B5D4
S2140132B0044823F078FDBDE8084000221146104678
S2140132C0FFF74CBFF0420020F7B504460E4600F06B
S2140132D089F8054626F0D7FBC3682B449C4220D3C9
S2140132E024F071FA2C44C440013C114F3B68DEB116
S2140132F0A34219D101340023ADF8043000F0E4F9FB
S214013300054605F0D9FD103504FB005405F0D4FD43
S21401331001A90246204605F021FE24F064FA386031
S21401332004E04FF0FF34E0E7A342E4DB03B0F0BD76
S214013330986C00204FF0FF320A4B10B51A6000223D
S214013340094B1A7000F0B4F9044600F0B7F92146AB
S21401335002460120FFF702FF00280CBF01200420CF
S21401336010BD00BF986C00209663002038B500F0B1
S214013370D1F808B9002038BD094D0A4C2B7823B97D
S21401338024F031FA012320602B70246824F01BFA04
S21401339001348440EED000F025F82044EBE700BF6E
S2140133A096630020986C002070B50D4C2368002BA6
S2140133B001DA012070BD00F07BF9054626F063FBBB
S2140133C02468C66824F0FFF9013404FA00F12944A0
S2140133D001208A19FFF7C2FE0028EAD00420E9E797
S2140133E0986C0020024B18680C3024F02CBA00BFF1
S2140133F09C6C0020FF2307B50021044A0448009373
S214013400FBF75EFF03B05DF804FB00BFAD320100C1
S214013410F04200200E4B70B51C680546036804F5A3
S21401342082641C440E46FFF7DDFF2B68834208D2F8
S21401343032681A44824208D9C31A012033602C60CC
S21401344070BD044A126813441C1A0020F7E700BF37
S2140134509C6C0020EC4200202DE9F04FB3F5803F34
S21401346087B00F469846019003D3002007B0BDE809
S214013470F08F03A904A8CDE90332FFF7CBFF0024A0
S214013480824600F10109DFF888B05FFA89F9019BED
S214013490DDE90356AAB27BB13046109926F0FAFA56
S2140134A00028E2D1B9F1020F2BD1DBF800300493EA
S2140134B0019B03BB2F4421E03946304605F04EFD03
S2140134C00028D2D1BAF1000FECD0002CEDD105F0D6
S2140134D0F3FC2E44B6FBF0F303FB10600028E4D0A7
S2140134E005F0EAFC05A902463046059405F036FDCE
S2140134F00028DAD0B9E7109B2B441093A8EB0505FA
S2140135000395631C4B454FF00104C0D32046ADE73D
S214013510EC4200207FB56B460C4A1068516803C325
S21401352090680C2218600A4B0DEB0201186826F011
S214013530B1FA0C2268460DEB020108F07FF9B0FAE9
S21401354080F0400907B05DF804FB00BF589C0400FA
S2140135509C6C00201FB5084A01AB1068516803C374
S214013560906801A91860054B0C22186805F0F6FC56
S21401357005B05DF804FB00BF589C04009C6C00205D
S214013580F7B5044615460E4681B9072A03D8002426
S214013590204603B0F0BD0D4B80791968E3790630FB
S2140135A000EB03200C3180B224F057F900272146A6
S2140135B02B46324638460097FFF74EFF0446002852
S2140135C0E5D039467019FFF77FFEE1E79C6C0020D5
S2140135D0024B1868A0F50060704700BFA86C002079
S2140135E010B58AB0684606F09DF810F0FF0027D1A6
S2140135F0009BFBB1174C01A9206006F00BF810F0F8
S214013600FF001DD12268009B9A4204D34FF4DD715E
S21401361011482BF06EFF019B104A11491360029A64
S21401362013440B600F49A3F500630A600E4A13604A
S214013630009B63B940F2CF1107482BF05AFF06E012
S214013640044A034612680020084903F0E5F90AB067
S21401365010BD00BFA06C0020A8360400EC4200207C
S214013660A46C0020A86C00209C6C0020503704003D
S21401367008B5FFF7B5FF26F006FA50B126F003FAB3
S214013680064B02691B689A4203D2B32104482BF009
S21401369030FFFFF7C5FD012008BD00BFA86C002064
S2140136A0A8360400014B1868704700BFA06C0020C4
S2140136B0014B1868704700BFEC420020014B1868A8
S2140136C0704700BFA46C0020014B1868704700BF0C
S2140136D09C6C002010B5FFF749FE044628490020DF
S2140136E003F09AF90020274903F096F900202649AD
S2140136F003F092F90020254903F08EF9244B0020AF
S2140137001A68244903F088F922462349002003F069
S21401371083F9FFF767FE21490246002003F07CF992
S2140137201F4B00201A681F4903F076F91E4B1F4CE9
S2140137301A6800201E4903F06FF9226800201D490F
S21401374003F06AF94FF4806200201B4903F064F924
S214013750226800201949103203F05EF92268002021
S21401376017490C3203F058F922680020154902F572
S214013770826203F051F9BDE8104005F0D1BA00BFEE
S214013780CF3704000C3804002B3804004B380400F3
S214013790A06C00207638040095380400B838040080
S2140137A0EC420020DB380400A46C00209C6C002056
S2140137B0FE38040021390400443904006739040046
S2140137C08A390400AD3904002DE9F04194B004466D
S2140137D00D460020482102AA24F050F818B9534992
S2140137E003F01AF919E060220021204607F0DAFCFE
S2140137F004224F4902A808F021F890B16DB19DF856
S2140138000B30002001939DF80A309DF808200093A4
S21401381048499DF8093003F0FFF8012014B0BDE8CF
S214013820F081BDF80C20B2F5807F228003D042499A
S21401383003F0F2F8F1E7BDF81420BDF80E1022816E
S214013840DDF816206180E2600499BDF81A206160F7
S214013850228284F8320007AD04F112020FAE2B4625
S21401386003CBB342106051601D4602F10802F6D147
S2140138700F9B324A63631360314B102218460021B6
S21401388007F090FCE288A388028022894280E268E1
S21401389042600BB90020C1E700263546A388D90748
S2140138A009D536B105F150026A4412F8482C84F85D
S2140138B038200135EDB29A0714D5208823F0F4FE9E
S2140138C007466EB102AB03EB05080246414604F11A
S2140138D0390007F0F7FD3A4641461A4807F0F2FD6F
S2140138E02F44FDB2A3885B070DD556B105F15003F1
S2140138F06B4433F8482C33F8463CA4F85A20A4F815
S2140139005C300435EDB2002EC4D1482D02D93046C4
S2140139100D4965E72946382002AA23F0AFFF08B90A
S2140139200A495DE738250126B8E700BFD03904000B
S214013930649C0400023A0400383A04001043002054
S214013940144300201C430020533A0400A33A040009
S21401395030B50B4C99B025786DB9FFF789FE68B183
S21401396029466846FFF730FFB0FA80F0054B40095C
S214013970187001232370002019B030BD0120FBE729
S2140139809763002098630020014B1878704700BFAA
S2140139909863002070B51E46134B044618881D46D2
S2140139A0884298B002D15B88934206D00F4B0FCB6A
S2140139B084E80F00204618B070BD96B10021684615
S2140139C0FFF702FF0028F1D1BDF804305B0708D5E8
S2140139D03388BDF85A209A42E8D8BDF85C209A424E
S2140139E0E4D395E80F00E3E714430020B49E0400F7
S2140139F0064B10B51B7804462BB9054B0FCB84E854
S214013A000F00204610BD034BF8E700BF9863002067
S214013A10B49E04001443002010B50446024B0FCB9D
S214013A2084E80F00204610BDB49E04000B4B10B571
S214013A301B78044608467BB10021FFF7C5FE48B94E
S214013A4010222146064807F0F9FE003818BF01206B
S214013A50C0B210BD0120FBE70120FAE79863002001
S214013A60144300202DE9F0410E4690460E491022DF
S214013A701F4607F0E3FE044670B90C4B3A461D6834
S214013A803046AD1B454528BF4546294623F0F6FE80
S214013A9028B9074902F0C0FF0120BDE8F081069B66
S214013AA020461D60F9E700BF1443002010430020A4
S214013AB0A33A04000022024B1A70FFF73BBC00BF7A
S214013AC0986300202DE9F0419CB00F4616468046CB
S214013AD0FFF74CFC054602461549002002F09CFF04
S214013AE0382D20D9012104A8FFF76EFE0446D0B96F
S214013AF0119B04A93B606F463846FFF7F7FA97E833
S214013B000F0086E80F00119BAB4297BF01210324EB
S214013B10084AC8F8003094BF1170C8F80050204613
S214013B201CB0BDE8F0810022024B01241A70F6E7B2
S214013B30D53A04009863002070B5084D00262B780E
S214013B4053B1FFF7F7FB04461022002104482E70FC
S214013B5007F028FB204670BD3446F5E79863002041
S214013B601443002008B50020064902F055FF064B15
S214013B7000201A78054902F04FFFBDE80840FFF71C
S214013B80A9BD00BFF43A0400986300201E3B040060
S214013B9003460120024AC3E9032000221A70704737
S214013BA00100FEFF2DE9F0410024264E264FDFF8E6
S214013BB0A88088B000F0D4F9A5B2854202D308B037
S214013BC0BDE8F081284603A923F08EFEA2B2314655
S214013BD0002002F03BFF9DF80D2012B39DF8121055
S214013BE0BDF81030402914BF6E2179210020CDE99F
S214013BF000313946BDF80E3002F028FFBDF814201A
S214013C001AB10020114902F021FF9DF80C00BDF801
S214013C10182070B9079B0E490093BDF81A3002F0C0
S214013C2015FF00200B4902F0F7FE01342BF06EFC65
S214013C30C0E7BDF81C304146009300209DF81A30BD
S214013C40EDE700BF373B04003D3B0400603B04004A
S214013C506A3B0400B14A0400913B040010B500F031
S214013C60ABFABDE810400346024A0020024902F0C2
S214013C70D3BE00BF0C4704002A060400D0E9023276
S214013C8053F8223010B5188800F086FABDE81040C7
S214013C900346024A0020024902F0BEBEB93B0400B8
S214013CA02A06040010B5D0E90232002486B08DF849
S214013CB0044053F8221003EB8203097801A88DF81B
S214013CC005105A681288ADF806209A681288ADF871
S214013CD00820DA681278ADF80C40A24214BF4022E0
S214013CE080228DF80A201A691288ADF810205A69C8
S214013CF09B691288ADF812201B68059300F0D0FB73
S214013D00034A03460349204602F086FE06B010BD6C
S214013D105B1A04002A06040038B50024064D2BF071
S214013D20E1FB45F824000634C02CF8D10020BDE89C
S214013D303840024902F070BE80100020C03B0400EB
S214013D4030B5002087B0204902F066FE00201F49EA
S214013D5002F062FE00201E4902F05EFE2BF0C2FB5E
S214013D6000240546A0B201A9013423F0BDFD202C94
S214013D70F8D12BF0B7FB1749421B002002F04CFE8E
S214013D801549002002F048FE2BF0ACFB044601204A
S214013D9000F09EF82BF0A6FB0E49021B002002F055
S214013DA03BFE0E49002002F037FE2BF09BFB04463B
S214013DB023F08BFD2BF096FB021B0020054907B074
S214013DC0BDE8304002F028BEEC3B04001B3C04007A
S214013DD04B3C0400683C0400773C0400913C040022
S214013DE010B50C4603F07CFD08B9032C12D101F086
S214013DF059F904280ED001F055F905280AD00648CD
S214013E0002F0BAFC1C2801D124F00CFDBDE81040DC
S214013E1002F0C2BC10BD00BFD57803002DE9F04FFB
S214013E2000274FF0FF36DFF8A4B0264C87B0BBF86A
S214013E300030B8B2834209D8731C3BD03246FF210A
S214013E40214807B0BDE8F04F22F09CBF01A923F03E
S214013E504BFD9DF8050001F05BFFF8B19DF804806D
S214013E60B8F1000F1AD1BDF810A0BDF812902BF0D2
S214013E7039FB18210246BBB24B43E018E158007CDF
S214013E804FF47A73A2EB010C50B103FB0AF36345BE
S214013E900ED30B44981A864228BF06460137C6E75A
S214013EA04D466B43FAD06345F5D31944881AF2E7B9
S214013EB04046F0E7FF21044807B0BDE8F04F22F086
S214013EC072BF00BF80100020244300201A5B002030
S214013ED02DE9F041014688B058B1022810D023F0F0
S214013EE01DFD78B3D221194808B0BDE8F0412BF08A
S214013EF000BBFF23164A17480093FBF7E1F9EEE7EC
S214013F0000244FF001082746134EA5B2284603A900
S214013F108DF80D7023F0E8FC9DF80D0068B101F0F6
S214013F20F7FE20B19DF80C300BB986F810800134ED
S214013F30202C06F11806E8D12546084B1D80FFF710
S214013F406DFFCCE708B0BDE8F08100BFB13C0400CE
S214013F508542010024430020801000201A5B0020C7
S214013F60014B1888704700BF1A5B00202DE9F04FFF
S214013F70634A077D89B004466249002002F066FD67
S214013F80002024F029FD20B12368218A588803F0F7
S214013F90F5FC00205C4902F03FFD637DDFF874917B
S214013FA0002B236808BF08205988574B18BF0020EC
S214013FB00093228A4FF0090314BF4FF080084FF098
S214013FC0400802F089FBA289BB1C93420CDB24F05B
S214013FD09DFD034620B100204C4A4D4902F01CFDD0
S214013FE0012009B0BDE8F08FA068791C89B2C55DD3
S214013FF024F0ABFC0337012D0646BFB213D8236865
S214014000324659885879238A0093434624F0E5F8C6
S214014010824600283ED1862002F026FC284602F081
S21401402023FC304668E08520F6E703A923F05CFC14
S2140140309DF80C30AB4223D123689DF80D105A79B8
S21401404091421DD1BDF80E105A88914218D1BDF883
S2140140501020B24214D19DF81220424510D1BDF86D
S2140140601410228A91420BD1002D38D0BDF81810B9
S214014070E288914204D19DF81A201B799A422ED0EB
S2140140800BF1010BB9F800305FFA8BF08342CCD804
S2140140908B20C1E74FF0000BF4E79AF8020002F01C
S2140140A0E3FBBDF8180024F013FCBDF81A0024F059
S2140140B00FFC9AF8020003F081FE002883D19AF8DB
S2140140C0020001F0F7FC0546079E002D3FF47BAF8A
S2140140D0F0B2013D02F0C8FB360AEDB2F5E700206A
S2140140E002F0C2FB284602F0BFFB304624F0F0FB8C
S2140140F0012DD2D1BDF81C0024F0EAFB63E700BF16
S214014100403D040018310400B14A04004D3D04004E
S2140141106A3D04001A5B00202DE9F04391B0694620
S214014120804623F0E1FB0023194F8DF801303888D3
S214014130431E98B28045388009D16946404623F02F
S214014140DBFB684623F0BFFB11B0BDE8F0834FF000
S214014150180905A923F0C8FB0E4C3E880AAD09FBD9
S21401416006460FCE0FC596E8030009FB084485E80E
S21401417003000AAE404605A923F0BEFB0FCE0FC4CE
S21401418095E8030084E8030069463888D7E700BF4E
S2140141901A5B00208010002008B5064B1B8883425E
S2140141A005D9FFF7B9FFFFF739FE002008BD272024
S2140141B0FCE700BF1A5B002038B5074D2C882CB9E8
S2140141C0FF21064822F0EFFD204638BD601E80B272
S2140141D0FFF7A2FFF2E700BF1A5B0020244300208E
S2140141E02DE9F3479A4618239DF82890244FCDE9E8
S2140141F0001203FB09731446D3E9022324F065FD7C
S214014200064620460D4603F0D9FD04F0FD03382B83
S21401421080460FD1009432462B460021DAF8100072
S21401422023F08DFBB8F1010F1BD135431ED102B02F
S214014230BDE8F087392CDAF810300BD107EE906A1A
S21401424007EE103AF4EEC77AF1EE10FAACBF012091
S2140142500020E7E79E4275F100032CBF01200020F5
S214014260E0E7B8F1000FE2D10028E0D0182303FB05
S214014270097701233B7402B0BDE8F047FFF7CEBDD6
S214014280801000202DE9F04F00252E46A846AA46AC
S2140142902C46DFF8BC91D1B0694BA8B21B8883428B
S2140142A009D81CB161882079FFF79AFDFFF7B6FDA2
S2140142B051B0BDE8F08F0BA923F016FB2BF012F9D5
S2140142C01823AFB27B4309EB030B59F80330059073
S2140142D09DF82D00049301F01BFD002800F0AE8030
S2140142E09DF82C10002940F0A980DDE90432D01A8F
S2140142F04FF47A72BDF838305343834200F29E8001
S2140143009BF8103043B9BDF83A30002B00F0968088
S2140143105343834200F29280FD230022CDE901320D
S21401432010AB00930DF119020DF11A03E9B20BA8B7
S214014330EFF7CEFF002877D1BDF81A30DA1C0493C8
S214014340D2B214B33F4B9DF82D101B88134422792B
S214014350914214D1BDF82E10628891420FD19DF87A
S2140143603220B8EBD21F0AD1BDF83420524506D10F
S214014370B3424DDD0020344902F04EFB01E0B3426A
S214014380F8DC61882079FFF72BFD02F041FA04463C
S2140143909DF932002D4BC043C00F0093BDF8342069
S2140143A00A23BDF82E10C0009DF8328002F094F961
S2140143B09DF82D304FF0000B23714FF48A53FF26E2
S2140143C0BDF834A04FEAD818E38007A95FFA8BF04E
S2140143D024F02AFEC0B2B0B99DF81D109DF82D201C
S2140143E0914210D1BDF81E10BDF82E2091420AD17F
S2140143F022469DF829109DF81C0024F090FBB0423F
S21401440028BF3046C6B20BF1010BBBF1200FDCD141
S214014410BDF8300024F05CFA9DF8190002F024FA89
S214014420049910A802F034FA182300225F4309EB1E
S21401443007031A742BF056F849F8070001352BE7E5
S2140144401A5B0020245B0020293E0400B14A0400C8
S2140144508010002070B500240126104D8AB02B88EC
S214014460A0B2834204D80AB0BDE87040FFF7D6BCBC
S21401447005A923F039FA9DF8150001F049FC50B161
S2140144809DF814303BB91A46CDE901360093E1B2E6
S21401449005A8EFF71DFF0134E1E700BF1A5B002016
S2140144A02DE9F0430389DFF858818BB0B8F8009006
S2140144B000930446837982884188407823F08DFEF4
S2140144C0002800F09580E78927B1A389BB4200F256
S2140144D091800027B8F80030BDB2AB4214D84D46E3
S2140144E001264FF6FF73E2899A4226D146B9B8F8FB
S2140144F00030AB4202D92846FFF70EFEFFF78EFCCE
S21401450000200BB0BDE8F083284605A923F0ECF99E
S2140145109DF814307BB92268059B5340FF2B0AD8BF
S2140145206368069E5E4036F07F4604D1BDF81C20C7
S21401453023899A42D5D00137CCE7E2689A422BD03C
S214014540002E53D1D4E90323CDE9082305A823F08F
S214014550BAF90028D5D1B8F80030AB4204BF6B1CBD
S214014560A8F800302AF0BEFF18236B43234AE9B2AD
S214014570D050D418002305A81A46CDE9013300937C
S214014580EFF7A6FE18B100220023C4E9022328464D
S21401459005A923F0B1F9B1E7234605AA04F1100CE9
S2140145A0174618685968083303C763453A46F7D172
S2140145B01868386005A823F089F90028C0D01F2D97
S2140145C01AD800238DF8143063788DF81530638877
S2140145D0ADF81630A388ADF81830A3798DF81A30E7
S2140145E02389ADF81C300028B0D1ABE70020E6E700
S2140145F0862086E7872084E7892082E780100020CE
S2140146001A5B00202DE9F04FB04A90F814908DB057
S2140146100446AF49002002F019FA002024F0DCF924
S21401462020B12368218A588803F0A8F90020A949F7
S21401463002F0F2F9637DDFF8B8A2002B14BF8023E5
S21401464040230293236808BF08205988A14B18BF4E
S21401465000200093228A072302F03EF800230393EA
S214014660A28909F10305954211DB039B13B918468C
S21401467002F0FAF824F04AFA034620B10020964ADE
S214014680964902F0C9F901200DB0BDE8F08FA06887
S21401469009F1010189B210F8096024F056F9324691
S2140146A0804603468E490020ADB202F0B5F98EB1C0
S2140146B0012E00F08A808527384602F0D5F830466C
S2140146C002F0D2F8404624F003F9852FD2D0012318
S2140146D0039376E0A06809F10401A28989B2475DD7
S2140146E024F033F909F10601A289049089B2A06881
S2140146F024F02BF93A4605900090049B3046794900
S21401470002F08AF909F1080938461FFA89F503F01B
S21401471055FB002857D1384601F0CCF92946034607
S2140147208146A289A06824F001F96F498346304684
S21401473002F08CF9A1684A4629443346304602F015
S214014740CFF83046634902F067F9A9441FFA89F5A4
S2140147502368424659885879238A0093029B23F09E
S2140147603CFD18B18378BB4240F0AC80483FFFB2B5
S214014770092F05D840F21133FB40DB0700F1A48076
S21401478000238DF81C30236807A85A798DF81D2060
S2140147905B88ADF82080ADF81E30029BCDF82CB0BA
S2140147A08DF82230238AADF82430049BADF82830EA
S2140147B0059BADF82A30FFF773FE074600287FF405
S2140147C07BAFA9464CE7B346C2E72946A289A06853
S2140147D024F0BBF84FF0000B024607464349002081
S2140147E002F01AF909F10509BAF800301FFA89F53D
S2140147F0BAF800201FFA8BF94A4503D81F2B31D986
S214014800892759E7484607A9049323F06DF89DF8D0
S2140148101C20049B012A22D122689DF81D00517993
S21401482088421CD1BDF81E005188884217D1BDF8B8
S2140148302010414513D19DF82210029881420ED1D5
S214014840BDF82400218A884209D1BDF82800E188F4
S214014850884204D19DF82A10127991421BD00BF19F
S214014860010BC5E7012299468DF81C202268517973
S2140148708DF81D105188ADF82080ADF81E100299F4
S2140148808DF82210218AADF82410E188ADF82810A1
S21401489012798DF82A2007A8ADF82C7023F013F8AA
S2140148A0074600287FF408AFBAF800304846994515
S2140148B008BF09F1010307A908BFAAF8003023F0D1
S2140148C01BF87EE78D27F7E68C27F5E6543E0400B5
S2140148D018310400B14A0400B53E04006A3D0400E4
S2140148E05C3E0400793E04009A3E0400A53E0400A6
S2140148F01A5B00202DE9F04F0746884691460025B1
S21401490089B09A46BDF848B09DF84C60149C224B7D
S2140149101A88A8B2824235D903A922F0E5FF9DF88C
S2140149200C201D4BB2BB9DF80D10B94232D1BDF81B
S2140149300E1041452ED1BDF8101049452AD19DF8DB
S2140149401210514526D1BDF81410594522D13046D2
S214014950029201F0AFF8A6F14103012B01460AD8F5
S214014960204623F0F8FF0D4B0D4A204484420CD11B
S2140149700421029302ACEDB232462046009503AB09
S214014980FFF72EFC09B0BDE8F08F14F8011F4B406D
S2140149905343EBE70135BBE71A5B0020C59D1C813D
S2140149A0930100011FB50F4C2478C4B142EA0322DB
S2140149B09DF818308DF8051042EA43220A4BADF8EF
S2140149C00C201A78094B8DF80610079903EB021391
S2140149D000908DF80400DB6868460291984704B0A1
S2140149E010BD00BF996300209B6300204443002054
S2140149F073B51A4DFF211A4822F0D5F92B7853B317
S214014A00184C194E2378180106EB03131A7A5968C5
S214014A10305C24F095FB4D281DD0E0B10123002128
S214014A202278CDE900311201B25CC0B2FFF7BAFFBD
S214014A300A2223780A480133DBB2B3FBF2F102FB08
S214014A401133FF2123702B78013B2B7002B0BDE898
S214014A50704022F0A0B902B070BD00BF996300207B
S214014A60E44300209B63002044430020F8B5104F28
S214014A703E780A2E1AD00FC8DFF840C00D4D9CF8BC
S214014A800040013605EB041585E80F000A230134C2
S214014A90E4B2B4FBF3F203FB12440748FF218CF89F
S214014AA000403E7022F077F90020F8BD0120FCE7B7
S214014AB09963002044430020E44300209A630020C9
S214014AC00021024A0248FAF731BC00BFF149010051
S214014AD0E4430020002337B50C46124D12492A78CC
S214014AE0CDE9003312018A5C01230146E0B2FFF7EB
S214014AF059FFA4B90D490A788AB10A202B78013AE0
S214014B000133DBB2B3FBF0F40A70FF2100FB143370
S214014B1007482B7003B0BDE8304022F03CB903B023
S214014B2030BD00BF9B6300204443002099630020F2
S214014B30E443002008B500F0BDF850B1054B064A25
S214014B400649052808BF1A46BDE80840002001F0BE
S214014B5063BF08BDC93E0400B14A0400EA3E040032
S214014B6008B5032024F006FB10B90122014B1A7088
S214014B7008BD00BF9C6300200022024B18781A7003
S214014B80704700BF9C6300200246FF21014822F0C7
S214014B90F9B800BF04440020114B37B51D78C5B9DC
S214014BA0FF21104822F0FFF8FFF7DAFF04460090D5
S214014BB00D4B28460D4A0E4901F02EFF4CB10D4B08
S214014BC01B78DB0605D5284624F0AEFA204622F0EF
S214014BD0EBFC094B186803B0BDE83040FFF7D4BFC3
S214014BE09C63002004440020073F0400353F040076
S214014BF0FA1604008A630020AC6C0020FF210148ED
S214014C0022F0D1B80444002070B51A4E0546337818
S214014C100C466BB30020184A184901F017FF032C05
S214014C2001D0652C20D11649002001F00FFF224645
S214014C300020144901F0F0FE0020134901F006FFA0
S214014C40012329460822002001F04AFE00200F49D0
S214014C5001F0E2FE032C88BF0023204688BF337094
S214014C60BDE87040FCF7BEB8012CE0D00849DBE790
S214014C7070BD00BF9C630020353F0400E41A0400A9
S214014C80483F04009B210400663F0400B14A04002B
S214014C905E3F0400014B1860704700BFAC6C0020FB
S214014CA00021024A0248FAF741BB00BF994B0100B6
S214014CB004440020054B10B51C782CB90448FF218C
S214014CC022F069F8204610BD0520FCE79C63002011
S214014CD004440020F8B50024074B084E1D68084F11
S214014CE0E3B29D4204F1010400D8F8BD394656F8F6
S214014CF0230021F00FFAF3E710BA040014BA0400F7
S214014D00786D002010B5044C23780BB124F022FAFC
S214014D100123237010BD00BF147100202DE9F74355
S214014D20254B0D4616460446019350B14AB104235D
S214014D3001AA12F8011BA94235D0013B13F0FF036B
S214014D40F7D1212003B0BDE8F08317F8010F90FAE0
S214014D50A0F0000E21F01AFC014608EB0703994566
S214014D60F3DCCAB2C1F30F2392FAA2F293FAA3F3C9
S214014D70120E1B0E03EB0223DB43621912F8020C20
S214014D8099B2DBB298420CD112F8013CB3EB112F69
S214014D9007D132462146284603B0BDE8F04324F049
S214014DA039B92320CEE74FF6FF71671EA5F1020938
S214014DB0C4F10108D1E700BF080A0E12F0B5154686
S214014DC08FB00E4607462AF039FC254B02A81C7800
S214014DD024F0C4F915F0FD0F3BD028B9BDF8083012
S214014DE09B0701D5032D36D01DF0A4FE58B309A8A4
S214014DF024F020FA0323306871688DF824300AAB5A
S214014E0003C39DF83130012D43F002038DF8313094
S214014E1019D105A909A824F005FA002818BF02240B
S214014E2023F0AEFD032D18D80E4B0F4A0020CDE916
S214014E30004753F8243052F825200C4901F0ECFDC8
S214014E4020460FB0F0BD032DEAD1042C08BF002484
S214014E50E6E70324E4E72C46E2E70324F0E700BF95
S214014E609D630020589E0400489E04006D46040081
S214014E70014B1870704700BF9E630020024B1A68F2
S214014E8018608260704700BFB06C0020024B186843
S214014E9000B14068704700BFB06C002070B5044692
S214014EA000250A4B1B687BB100211E8807E05A6863
S214014EB002EB0110013145B9021B554255418AB238
S214014EC09642F4D89B68EEE7184670BDB06C002099
S214014ED02DE9F04F1E46002393B0022E0746884662
S214014EE01446DDF870909DF874A0ADF81A3040F2C3
S214014EF0C08099F800305A0729D5042E40F2B980AF
S214014F0099F804B000255F4B33F83520002A00F0ED
S214014F10B68001350A2DF7D1209B002B40F0AD80DD
S214014F20FF250023207908AA0DF119018DF8193003
S214014F3023F09EFC70B1BDF82C309DF8190023803B
S214014F4023F019FD0790C0B113B0BDE8F08F99F8B2
S214014F5002B0D7E7207923F0BBF90B28059000F2C1
S214014F608A80207923F018FD07900028ECD1464A64
S214014F70059B02EB03135B8823804FF6FF73002F1C
S214014F8008BF434662880021CDE9002358465246B1
S214014F90238802F0FDFD18B1E38843F02003E38087
S214014FA0209B07A90DA8CDE90D34CDF83C90ADF8AE
S214014FB04080ADF842608DF844708DF845A023F02E
S214014FC068FC08B10798BFE7484602F025FDA01D1A
S214014FD002F010FD22464146384623F0A0FDB042BD
S214014FE027D3E3882246C3F30E03E3809DF87C3083
S214014FF041460393BDF87830384602930DF11A0303
S214015000CDE90093F3B222F0D6FE209B079003B3BE
S214015010F8B9BDF81A2042B1092D06D81B4B03EB8F
S214015020C5018A80209A43F83520112023F003FC1D
S2140150301CE0BAF1000F0AD10DF11A03CDE90063A5
S21401504022464B4641463846FAF778FFDDE73820D8
S214015050DBE7052807D1E388DB0607D50023012017
S2140150600793FFF705FF079B002BDED023F088FC94
S214015070A8E7012068E7212066E71C2064E7EDB277
S2140150804FE700BF2C44002098440020284400200D
S2140150904FF6FF72024B1A805A809A80704700BF03
S2140150A01C5B002010B5044C2379FF2B02D124F0A1
S2140150B07FF82071207910BD1C5B002010B50C4CC8
S2140150C02379FF2B08D1002023F055FC20B924F0CA
S2140150D06FF8207123F054FC2079022805D004389B
S2140150E0012894BF0020012010BD0020FCE700BF6E
S2140150F01C5B00204FF6FF7310B5044C22889A42C1
S21401510002D124F04BF82080208810BD1C5B0020C3
S21401511010B5FFF7BDFF40F61D439842044607D879
S214015120B0F5416F05D2182826D8152848D829D0B9
S21401513010BDA0F541630D2BFAD801A252F823F059
S21401514085510100855101003151010031510100A5
S214015150315101003151010031510100315101003D
S214015160D5510100E7510100815101008151010033
S214015170815101008151010040F606439842D7D182
S2140151801C4920E0FFF7B6FF1B490246002001F04C
S21401519043FC152C05D123F0EBFFBDE8104023F0AE
S2140151A081BB164B164A1749B4F5416F08BF1A461C
S2140151B0002001F031FC23F074FB23F073FBECE7D5
S2140151C01628DDD11049002001F026FCBDE810406C
S2140151D023F08DBC22F0D6FEBDE8104002460B49F6
S2140151E0002001F019BC0020BDE81040084901F07C
S2140151F013BC00BF914704003E470400B14A0400B7
S214015200394704005A4704007A470400A6470400B9
S214015210CE47040007B5094A0346108831B9084A43
S214015220084903B05DF804EB01F010BC0091064A92
S214015230064901F00BFC03B05DF804FB345B00206B
S21401524031140400EE470400D5140400FA160400D5
S2140152500D4B37B51B68044693B11D780389012DA4
S21401526008BF02250093C37A084A0020084901F0C6
S214015270D3FB2146284603B0BDE8304023F050BF9B
S214015280022003B030BD00BF64450020634804001F
S21401529012480400002010B523F06DFB0D4B1B686F
S2140152A063B15A78052A03D862B1052402220AE0BE
S2140152B0FF2AFAD00020084901F0AEFBBDE81040F5
S2140152C023F05EBB1446104623F086FF204623F0EB
S2140152D081FFF3E7644500206848040013B5134CCA
S2140152E0002023F048FBFFF7D3FE23689BB101A8FB
S2140152F022F03BFE78B923681A789DF804309A426A
S21401530009D0D91E032906D9D11E012903D9012A9C
S21401531007D1022B05D1032301A8ADF8043023F0F1
S21401532005FF02B0BDE8104023F02ABB644500200B
S21401533000231946034A01330A2B918042F8081BC1
S214015340F9D17047284400207FB50E46054623F064
S214015350EFFE2A46044603460D49002001F05CFB99
S21401536096B10C4B36211A889B78ADF80C208DF837
S2140153700E300323002200934FF6FC7003AB8DF82A
S2140153800D5023F016FE0446204604B070BD00BF43
S21401539089480400C49E0400FF2810B50C4604D1B9
S2140153A00020044901F038FBFE202146BDE81040EC
S2140153B0FFF7CABFA2480400F8B51E460B88074689
S2140153C00C461546002B64D14A88B1F9021000201C
S2140153D00029B8BF6B78304901F01EFB6288132A9A
S2140153E01DD002F5FF437F339BB2052B23D8A2F5D0
S2140153F00042013A052A1ED8DFE802F0193F1D03D4
S2140154003C09264A2649002001F006FB13E0254AFE
S2140154102349002001F01AFB2A792349F3E7022EDB
S21401542094BF4FF6FF72B5F801202049EBE7002044
S2140154301F4901F0F1FA33462A462146384624F040
S214015440E0FD70B933462A462146384624F0DBFD96
S21401545048F2210362889A4203D13846697823F0DC
S21401546010FA6388B3F5004F02D9082023F020FA1A
S2140154700120F8BD2A790F49C5E70F4A08490020DF
S21401548001F0E4FA032E94BF4FF6FF726A880B49C7
S214015490B9E70020EDE700BFDD4804000549040038
S2140154A00C4904001D490400234904003149040045
S2140154B04949040063490400854904008A490400F7
S2140154C02DE9F04116888AB0DFF88C80ADF80E30F1
S2140154D00DF10E03C8F8002015460093324610ABB6
S2140154E007460C46FAF7BCFD90BB109B8DF82400CE
S2140154F00693BDF80E3004A8ADF81C30AB898DF8C4
S2140155001070ADF820306B890594ADF81E60ADF8CB
S214015510223023F0BCF9D8B921463046BDF80E300A
S214015520109A01F0C9FF98B921463046BDF80E30F1
S214015530109AFFF741FF58B9CDE900603946204679
S214015540BDF80E30109A02F049FB08B9C8F8000001
S2140155500AB0BDE8F08100BF24440020F0B585B054
S21401556004AB03E9030000231C469DF80D609DF87B
S2140155700E70154AD9B202EBC1004568EDB99DF827
S2140155800C30284600939DF80A209DF80B300F49F1
S21401559001F05CFA26B1324628460D4901F056FA6A
S2140155A00C4A0020002C18BF2246BDF808300A49D4
S2140155B005B0BDE8F04001F02FBA12F83110013302
S2140155C0B94208BF2C46D5E76C9E04009C490400EE
S2140155D0AD490400A0130400B14904004FF6FF735F
S2140155E010B5084C88B062889A4207D102A90DF11D
S2140155F0070022F0B8FCBDF810306380608808B060
S21401560010BD00BF1C5B00202DE9F04F85B0894618
S21401561092461C460746BDF83850BDF83C80109EA1
S214015620002833D00346464A0020464901F00EFAC8
S2140156302388002B76D040F20912934274D0424A56
S2140156404249B3F5827F08BF0A46CDF804806188D7
S214015650002000913E4901F0F9F9238893B1B8F191
S214015660020F0FD933783B4913F0010F3A4A18BF9E
S2140156700A4659074FF000004CBF3379B3783749D3
S21401568001F0E4F90020364901F0C6F90023354956
S21401569031F83320AA4249D1334A52F833B00023B5
S2140156A031F83300DA00A84246D100202E490A44D8
S2140156B0908041F8330047B9238833B9B4F90230F2
S2140156C0002B02DB082023F0B6F8012023F0F0F8C7
S2140156D09EB13578EB0710D515F0040004D042468C
S2140156E00121304623F031F9CDE9017043462246C7
S2140156F051464846009622F048FEBBF1000F06D000
S2140157004346224651464846CDE90067D8474346B8
S214015710224651464846CDE9006722F0FCFA05B01C
S214015720BDE8F08F114A90E7114A8EE701330A2B44
S214015730AED14FF0000BB2E701330A2BB0D1BAE776
S214015740DD0A0400D8490400A1130400C649040078
S214015750E6490400C9490400D1490400174A040077
S214015760B14A04002C44002028440020BF4904000C
S214015770C34904000D4BF0B54FF00C0C1F880546CD
S21401578000230B4EDCB2BC4201D30020F0BD0CFB63
S21401579004F43019345DAC4205D144888C4202D100
S2140157A004799442F2D00133ECE700BFB2700020D6
S2140157B0C06C002073B501262B4D2C4C2A46204682
S2140157C0FF2300210096F9F77BFD2A462046FF239A
S2140157D000210096F9F774FD2A462046FF23002192
S2140157E00096F9F76DFD2A462046FF230021009614
S2140157F0F9F766FD2A462046FF2300210096F9F7B1
S2140158005FFD2A462046FF2300210096F9F758FD42
S2140158102A462046FF2300210096F9F751FD2A4625
S2140158202046FF2300210096F9F74AFD2A46204626
S214015830FF2300210096F9F743FD2A462046FF2361
S21401584000210096F9F73CFD2A462046FF23002159
S2140158500096F9F735FDFF232A46002120460096DB
S214015860F9F72EFD02B070BD45760300784400209E
S2140158702DE9F84300244FF00C090C4B0C4F1E7811
S214015880DFF830803A88E5B2954202D33046BDE86B
S214015890F88309FB0585FF21A86821F08BFA18B962
S2140158A0AB799E4238BF1E460134EBE79F6300206A
S2140158B0B2700020C06C0020014B1878704700BF02
S2140158C09F630020014B1870704700BF9F63002044
S2140158D0F8B506460C4622F0C9FF0546C8B930465B
S2140158E022F0F6FC0B2815D80B4B03EB00131F7B9D
S2140158F087B95A88012122809A88304662809B792E
S214015900237100F037FA39466071304600F032FAFA
S214015910A07101252846F8BD9844002070B50446BC
S2140159200E46154622F0D4FC0B2802D94FF6FF701E
S21401593070BD094B03EB00131A7B002AF6D146B95A
S21401594001222946204600F03DFA0028EED00088C4
S214015950EEE7012EEAD1F4E798440020FF2313B5C1
S2140159600DF1070104468DF8073022F07DFF18B1CE
S2140159709DF8070002B010BD074B03EB04131B7B19
S2140159800BB1FF20F6E7204600F03AF90028F8D0E0
S214015990204600F0E9F9EDE79844002013B5F6F744
S2140159A085FC0446F6F788FC224603461249002089
S2140159B001F032F800F084FFFFF7BAFC00F0A6F819
S2140159C00221084602F074FDFFF764FC41F249002B
S2140159D023F01CFC4FF0FF130093FF2368468DF85D
S2140159E0043023F0F1FB4FF4004023F0CFFB0020FE
S2140159F023F0ECFB02B010BD664A040038B505463C
S214015A0022F052FF90B9284623F00CFB044628B139
S214015A1040F60443984214BF88248D2423462A4620
S214015A200020034900F0F8FF204638BD8D24FBE72F
S214015A307E4A04002DE9FF4705460E46174698465E
S214015A40BDF83090DDF834A0BDF83840CDF80090B0
S214015A50CDE9014AE4B2FFF7D7FD43463A4631465F
S214015A602846CDE90094CDF808A024F093FAFF214A
S214015A70034B044A044804B0BDE8F04700F01ABEE0
S214015A80285B0020245B002077650020044B01463C
S214015A901888102240F0404040F48010F7F716BAFC
S214015AA0BE9B0400024B18685968FFF757BD00BF3C
S214015AB0F6DE04000123064AD15C814202D1054A82
S214015AC0D05C704702335F2BF6D10020704700BFD1
S214015AD0C69E0400C79E040070B500220446094B0A
S214015AE01D78094BD0B2854201D8FF2070BD1E78C3
S214015AF0A64204D10029F9D05E7BF607F6D401321E
S214015B001033EFE7A0630020984400202DE9F04110
S214015B1098B06B46304A1068516803C390680CAA67
S214015B2018602E4B14469C4603F118061546186855
S214015B305968083303C5B3422A46F7D112AA174655
S214015B40274B03F11806154618685968083303C52C
S214015B50B3422A46F7D1234A03AB106851684FF087
S214015B60010E03C3906871681860DCF830000022EB
S214015B7006AB03C30C21EC46B068CDE909221860D8
S214015B80194BDFF86C801970184B0DEB01060B9260
S214015B9006AD09A91CF8010B0132187034F8020B86
S214015BA00C2A588037F8020B83F80DE0988016F817
S214015BB0010B03F1100303F80A0C15F8010B08EBAF
S214015BC0C00043F8080C11F8010B03F8040CE1D1EE
S214015BD018B0BDE8F08100BF984A040036A2040060
S214015BE04EA20400A54A0400A063002098440020A9
S214015BF0309F0400014B1878704700BFA063002057
S214015C00034B03EB0013587B00F00100704700BF05
S214015C1098440020F0B504460846D9B100220E4B40
S214015C2011461F780D4B1D46D6B2B74201D800204B
S214015C3010E01E78A64206D09E68F688314489B2E6
S214015C4001321033F0E75E7BF607F9D505EB021556
S214015C500180A868F0BD00BFA06300209844002022
S214015C602DE9F347894690461D46074618B9002098
S214015C7002B0BDE8F0870029F9D0002AF7D0002B42
S214015C80F5D0002400780DF10601ADF80640FFF7C7
S214015C90C1FF0028EBD039460DF10602BDF80660BB
S214015CA022F00BFA07460028E1D00DF10602BDF8F6
S214015CB006A022F029FA0028D9D0C9F80070C8F841
S214015CC00000037913F0200219D1DB0614D4BDF8C5
S214015CD006300C4A564413FA86F612FA86F20BE0A0
S214015CE01A790C33920642BF13F8092C891889B227
S214015CF09842F5D8044A0A4401202A60B8E72146AA
S214015D00024BF5E7C3640020A163002070A10400E4
S214015D1008B50021FFF7E0FEFF2817BF044B084631
S214015D2003EB0013587B18BF00F0010008BD00BF4D
S214015D30984400202DE9F0410D4616461F4622F0F4
S214015D40C7FA0B280AD8074C3B4604EB001032462C
S214015D502946BDE8F041806822F087BA0020BDE8F8
S214015D60F08100BF98440020014B0001185C704789
S214015D709844002070B50C4622F0AAFA0B281BD8CE
S214015D800F4B03EB00139A68C2B100231426184682
S214015D901579D9B28D4200D870BD116806FB031182
S214015DA0097B34B911F0800F1CBF0130C0B201333A
S214015DB0EFE711F0400FF7E70020EDE71046EBE7BD
S214015DC098440020F8B50D46164622F081FA0B28B5
S214015DD00BD80F4B4FF0140C03EB00139A680023FB
S214015DE01C461779D9B28F4201D80020F8BD106839
S214015DF00CFB0300017B46B911F0800F03D0AC42C7
S214015E00F4D00134E4B20133ECE711F0400FF5E7CA
S214015E10984400202DE9F04F064600243A4B87B0FF
S214015E201B783A4F0093009B9C4207D2FF2E08D066
S214015E30304622F04DFA0B28044606D907B0BDE8D5
S214015E40F08F07EB04131B7B2BBB23014FF00008DD
S214015E50019307EB041A14E014221B6802FB0535B4
S214015E602B89B3F5967F01D929F050FB4FF0000935
S214015E704FF00C0B29891FFA89F291420ED808F1CE
S214015E800108019B5FFA88F5FB189B681A79AA42FC
S214015E90E2D8FF2ED2D10134E4B2C4E71FFA89F06A
S214015EA00BFB00F06B6819180A7912F0100F23D15A
S214015EB09AF800E012F0400F8DF80CE0B5F800E01B
S214015EC0185AADF80EE00CBF4FF0400E4FF0800EA2
S214015ED0ADF8120028468DF810E022F0BAF8530704
S214015EE0ADF81400C8780AD50228896800D909686F
S214015EF0002203A822F089F909F10109BAE702286C
S214015F008CBF89680831F3E7A0630020984400201D
S214015F10052370B5094A06881488B44208D19578D5
S214015F20047B2C403F2C03D90D4201D0506870BD34
S214015F30013B02F10802EFD11846F8E7E0A10400A0
S214015F4070B50024074D084E2B78E0B2834200D886
S214015F5070BD06EB0010437BDB0701D522F097FAF4
S214015F600134F1E7A063002098440020F8B50C4600
S214015F7000210546FFF7B0FDFF2829D0154A060186
S214015F8002EB00135B7B03F001016CB143F00103EC
S214015F901644A142737305D0C4B100B202EB0010DF
S214015FA022F075FA0120F8BD2346F1E77B4311681C
S214015FB02846CA18127BC95AD20921F0D4FE0134E8
S214015FC0B268E3B211799942F0D8EBE71427F7E704
S214015FD00846E8E798440020F0B59446497D20B38A
S214015FE039B3012918BF042100254FF6FF702F464B
S214015FF02A46144E3488644511D196F803E01EEA09
S214016000010F0CD0B4789C4209D30AB1BC4206D821
S2140160101EF0100F03D08AB1BC420CD370B9013503
S214016020072D06F10406E5D1F0BD002908BF0821B9
S214016030D8E70221D8E727460020F0E727460122C5
S214016040FAE700BFC4A104002DE9F04F0A9FBDF88E
S21401605024E09DF82C809DF830904C7D78B394B365
S214016060012C18BF04240025194800F11C0C0688D1
S21401607096421ED190F803B01BEA040F19D0867819
S214016080464516D31BF0100F91F80FA004D0BAF1B5
S214016090000F0ED0B1F810A0BAF1000F09D1A94532
S2140160A013D0AE4511D95E553E88013501363E8086
S2140160B0ADB204306045DAD10120BDE8F08F002C86
S2140160C008BF0824CDE70224CDE70020F5E700BF8E
S2140160D0C4A104002DE9F04F0024B1F57C4F0E4613
S2140160E038BF4FF0010BA246A1464FF6FF781F4678
S2140160F028BF274B85B028BFB3F800B000900192A7
S2140161005C4503D3404605B0BDE8F08FB6F57C4F3D
S2140161100CD3204B3A4603EB840331465B88009848
S214016120FFF708FE054680B300232AE03A463146CB
S214016130009822F0FDF8F5E70C229CB254436A68F9
S2140161400199105B02EB040C884219D3B9F1000FD8
S21401615001D0504514D861462846CDE9023221F0D7
S21401616078FF029B60B1039A125BB9F1000F03D06E
S214016170524501D3804503D9924680464FF0010926
S21401618001332A899CB2A242D6D80134A4B2B7E719
S214016190269F0400289F04002DE9F04F91461A46D9
S2140161A000238BB08DF82020BDF850208DF81C0000
S2140161B0ADF81E10ADF8242005460F461A4604A970
S2140161C007A8159C9DF858609DF85CA09DF860B0E6
S2140161D09DF864800493ADF8229021F0C2FF0498E4
S2140161E050B92B46CDE90079644A654900F014FCA4
S2140161F086200BB0BDE8F08FBAF1000F14D183787A
S214016200B34206D050465D4A5E4900F005FC8D203B
S214016210EFE7037913F0010306D11846574A5A49A6
S21401622000F0FAFB8820E4E703795B072CD5836846
S2140162305A689B6805920693807822F028FD049B95
S2140162400546DF782146022F03463A4610D805A8B0
S21401625022F0D9FC81462B463A46214606A822F072
S214016260D2FCB9F1010F01D001300DD18720C0E772
S214016270059822F0C8FC0128F8D02B463A4621465C
S214016280069822F0C0FCEFE7BBF1000F6FD1049F28
S2140162904FF6FF722146B87821F079FE00286BD0C0
S2140162A0BDF82430C5B20093CDE902549DF82030E4
S2140162B0BDF82220BDF81E109DF81C00019622F0A4
S2140162C0E2FA002895D1BDF82430CDE902540093B6
S2140162D0BDF822209DF82030BDF81E109DF81C0048
S2140162E0019622F0AEF8002883D121469DF8682059
S2140162F007A821F08AFF00287FF47BAFB8F1000FD2
S21401630007D03B462046BDF81E209DF81C1022F003
S2140163101FF8BDF82430BDF82220BDF81E109DF8E8
S2140163201C000093CDE901649DF82030FEF7E2FAE7
S214016330BDF82430BDF82220BDF81E109DF81C00C3
S2140163400093CDE902549DF82030019622F09AFA86
S214016350BDF82430BDF822200093BDF81E109DF82C
S21401636020309DF81C0022F044F8002041E7002070
S214016370064900F051FBF8E701203AE7B24A04006B
S214016380BE4A0400EA4A0400FE4A0400124B040016
S2140163907FB500258DF80830BDF820308DF8040053
S2140163A0ADF80610ADF80A20ADF80C306946BDF818
S2140163B02830099A01A80B9E009521F0D2FE0446CA
S2140163C030B916B1009B9B783370204604B070BD7F
S2140163D08928FAD12846024900F01EFBF5E700BFDE
S2140163E02F4B04002DE9F04F4FF0000AC7B0FFF71E
S2140163F001FC5FFA8AF6B04202D847B0BDE8F08FDA
S2140164005B4B36019A5D00205A4900F005FB0020DF
S214016410594900F001FB00230593554B9DF81440A4
S21401642033449B681A79A24202D80AF1010ADEE7D0
S21401643014224FF000091B6802FB043422891FFA5C
S21401644089F39A4202D8059B0133E5E70C231FFA2C
S21401645089F803FB08F8D4F804B029F057F80BEBD9
S21401646008052B79454913F0400F3BF80830228880
S2140164704FF000000093424B18BF0B46414900F015
S214016480E5FA2946204621F0E4FD074600283CD1DE
S2140164903D4900F0DBFA2979DFF814C111F0010F4C
S2140164A03A4818BF604611F0020FAA78EB7832D14D
S2140164B0DFF800C111F0100F354918BF6146CDE96C
S2140164C000010020334900F0C1FA2B793BF808207F
S2140164D013F0400F4FF0000B4FF0FD030DF11808BD
S2140164E02188CDE9023BCDE9007821480CBF402345
S2140164F08023805DFFF74CFF86280ED126490020B9
S21401650000F08AFA09F1010998E7024623490020BA
S21401651000F09CFABFE72249D1E7A87821F089FD6F
S214016520D8B1404622F017FA421C92B201234146E6
S214016530002000F0D5F93946208801F001FA4FF61F
S214016540FF73984207D0174B174903EBC0035A68ED
S214016550002000F061FA1549D1E7A87821F06FFD17
S21401656020B1404622F0FCF9821CDEE7EA78DDE73E
S21401657098440020814B04008F4B0400594B0400C3
S2140165805E4B0400CF4B0400463C0400664B0400FF
S214016590694B0400E34B0400FF4B0400A0500400C9
S2140165A0714B0400B0A20400261B0400B14A04008B
S2140165B0634B0400794B04002DE9F04FC7B0BDF8DA
S2140165C044A10646BAF1040F0D4614461F46BDF80F
S2140165D040B163D9CDE9013B00920B4602463049F2
S2140165E0002000F019FAFD230DF117090DF1180826
S2140165F03046029322463B462946CDE900B8CDF8FF
S2140166000C90FFF7C5FE0646B8B9FD22414699F83B
S214016610000021F0BCFC0746C0B1AAF10403834286
S21401662038BF8926204622F053F98EB1304600F055
S2140166301BF9304647B0BDE8F08F009023462A4646
S2140166400020184900F0E8F90027EBE78926E9E77A
S214016650DFF85CA0BA1CBAF80030C3F1FF039A4217
S21401666019DA304600F000F999F8000000F0FCF85D
S214016670BAF800900C483A4641464844B94404F0FA
S21401668021FFAAF8009023462A463046074900977C
S21401669000F0C2F9CDE7892000F0E6F88926C8E7C0
S2140166A00B4C0400464C0400776500206D4C04003A
S2140166B0245B002010B5044C206004480180044986
S2140166C00A60044A136010BD60450020225B00206A
S2140166D05C4500205845002030B587B00AAC0D4611
S2140166E054F8041B0093CDE90114134609490246E8
S2140166F0094809880068059421F0EAFF4FF48A5298
S214016700064B1B681880064B1B685D80DA8007B055
S21401671030BD00BF225B0020604500205C450020A4
S2140167205845002008B410B587B009AB0C4653F89D
S214016730041B0092CDE9011302460B490B48059351
S21401674009880023006821F0C3FF4FF48A52084BE2
S2140167501B681880074B1B685C80DA8007B0BDE8B1
S214016760104001B0704700BF225B0020604500204A
S2140167705C45002058450020044A03461168044839
S214016780044A09881268006821F07BBA5C4500203B
S2140167905845002060450020044B054A1B681268D6
S2140167A01988044B186821F0DFB900BF5C4500204A
S2140167B0604500205845002007B5074B1B681B881D
S2140167C00192064A12680092054A126821F02DFAD3
S2140167D003B05DF804FB00BF5C4500206045002067
S2140167E0584500201FB51446064A12681288CDE99E
S2140167F001430091044B05491B68096821F0F1F932
S21401680004B010BD5C4500206045002058450020BE
S214016810014B1868704700BF58450020024B1B68A3
S21401682018715971704700BF5845002010B50024F3
S214016830084B1C70FEF75EFC074BFF2218802146B2
S214016840064804F0AFFC064B1C80064B1C605C60DF
S2140168509C6010BD81660020265B002077650020C5
S214016860245B0020285B002007490B88FE2B9FBF76
S214016870064AD054581C80B29DBF088000F1FF30F4
S21401688080180020704700BF245B00207765002039
S214016890F8B5094F0D463B885C18FE2C0ADC074EFE
S2140168A00A46A4B20146F01804F0CEFC3C80641BF4
S2140168B0A019F8BD0020FCE7245B002077650020C6
S2140168C0024B034A00201A60704700BF644500204F
S2140168D02C9F0400014B1878704700BF9844002095
S2140168E030B4044D044C002B0CBF2B46234630BC61
S2140168F022F05AB8CD0B0400404D040070B5054691
S21401690008460C4622F027F8611C0246024B284630
S214016910BDE8704022F048B85F54040000B5037823
S21401692089B0069343783E220593837808490493F9
S214016930C378039303790293437901938379009390
S214016940C3790448008800F081F809B05DF804FBBB
S2140169509B4C0400345B0020024B02460249188817
S21401696000F05AB8345B0020391204002DE9F047D4
S21401697005460E4617460024DFF84480DFF844A09B
S214016980DFF84490AC4201D1BDE8F087B8F80000CA
S21401699006EBC4015346082222F006F80134B8F883
S2140169A000003FB9044AA54208BF4A46034900F021
S2140169B04DF8E7E74A46F9E7B14A04003812040001
S2140169C0345B0020404D040073FC03002DE9F041C8
S2140169D00E4E0446308821F0FFFFA8B100250C4F6B
S2140169E0DFF83080E3070AD518B94146308800F051
S2140169F02DF830882A46394600F028F8002001355F
S214016A001B2D4FEA5404EDD1BDE8F081345B002024
S214016A1092380400E34904000EB417B505A90446EC
S214016A2051F8040B019103F0BFFA01210220054A37
S214016A30F8F766FF044B1C8003B0BDE8104003B0B6
S214016A40704700BFB14A0400345B00200EB417B58E
S214016A5005A9044651F8040B019103F0A5FA034B6E
S214016A601C8003B0BDE8104003B07047345B0020C3
S214016A7013B503680446587900F032FF90B92368CD
S214016A805A88032A0ED0E17C5B79CDE900211649AC
S214016A90164AFFF7C1FF0121204622F03DF80120EA
S214016AA002B010BD637D012B0AD0637D33B9236824
S214016AB0228A5988587921F017FC48B9C3200AE080
S214016AC02368228A5988587921F017FC0028ECD0CF
S214016AD0204621F083FF064B1B78002BDFD110F5F3
S214016AE0807FDCD0C1B2D7E7C84C0400C04C04009C
S214016AF078660020002970B50F491D460F4B1446D5
S214016B000CBF6E227922002808BF0B4600200C49D4
S214016B10FFF79CFF0B4E2544AC4205D1BDE8704003
S214016B2000200949FFF778BF3146002014F8012BF1
S214016B30FFF78CFFF0E700BF014D0400F74C04009F
S214016B400A4D04003E4D0400CF2F04002DE9F04FFE
S214016B50C27C8BB00592427D0368002A14BF802256
S214016B604022077D0446856886895879B846B3F879
S214016B700290069200F0B4FEA0B9059B052B05D83D
S214016B806FF02D03059A1341DB070BD5B9F1030FFF
S214016B9008D0AB490020FFF73FFF0121204621F036
S214016BA0BBFF76E0E37B1BB1228A002A00F0B781A7
S214016BB0607D0022B0FA80F05B4203F00403DFF848
S214016BC08CB2400943EAC000ABF80020FFF74CFE48
S214016BD0E37B1BB3208A21F07BFE8246A07CFFF775
S214016BE043FE059A162A00F29A81DFE812F0190090
S214016BF09E016C005600D2016C009201D9019A01E7
S214016C00E001E701EE0139010202980198019801BD
S214016C101402580214027002390102029A46DDE794
S214016C2000204B46874A8849FFF7F6FE0120FFF70A
S214016C301BFE08F10207B74229D8414632462846CC
S214016C4021F083FE8046236842465879BBF800301F
S214016C504946C3F1FF039BB20193238A0093069B27
S214016C6023F0D2F910B11FFA87F8E2E7236842460B
S214016C705879BBF800304946C3F1FF039BB2019334
S214016C80238A0093069BFFF797FC8928EBD121F016
S214016C903DFF01200BB0BDE8F08F4FF0000B042044
S214016CA0FFF7E2FDF31E0893089B984552D3BBF10C
S214016CB0000FECD1E37B94F81480002B0CBF02226A
S214016CC00422624B1A804FF0000B0420FFF7CCFD24
S214016CD05F4608F1030A564540F29D80324641461A
S214016CE0284621F032FE05EB08039B78F21EAA44E3
S214016CF0A2EB080207905146184692B2099321F07A
S214016D0046F90890002879D02268099B5079CDE988
S214016D1001A3238A49460093DDE9063221F066FC89
S214016D2082464A460020079B4949FFF78FFEBAF183
S214016D30000F55D10BF10103504646495FFA83FB1C
S214016D40FFF76AFE089B08F1030813FA88F81FFA92
S214016D5088F8BEE732464146284621F0F6FD05EBA7
S214016D6008039F78089B08F10301A3EB0802294456
S214016D70824692B23846099121F009F9079068B324
S214016D8023680999587902970191238A52460093FC
S214016D904946069B21F07AFC0746B8B10BF1010380
S214016DA038465FFA83FBFFF75FFD504621F090FD02
S214016DB053464A4600202649FFF72EFE3A46002053
S214016DC02549FFF729FE802F3FF471AF079B08F195
S214016DD0030813FA88F81FFA88F865E78027DDE7C5
S214016DE05046FFF741FD079821F072FD01375246E4
S214016DF000201949FFB2FFF70FFEA3E78720FFF730
S214016E0033FD079821F064FD01378722124908985F
S214016E10FFB2FFF701FE059B052B3FF43AAF002FAB
S214016E207FF435AFBBF1000F05D10C495846FFF78B
S214016E30F3FD8021B2E63846FFF716FD27E700BFCF
S214016E408B0204004B4D0400984D0400245B002087
S214016E50554D0400984C0400714D04007B4D040010
S214016E600599A84AA84B0020152918BF1346CDF846
S214016E700090A64AA649FFF7CFFD059B0C2B14BF31
S214016E8016200D20FFF7F0FC32462846394621F041
S214016E905CFD059B3D440C2B0646AD7835D1192D7E
S214016EA028BF1925E37BB3B14FF6FF73278A9F42AC
S214016EB011D1206832464946069B4079FFF70AF908
S214016EC0B84208D0BAF1000F05D020828AF8000037
S214016ED0000A8AF801000020BBF80070FFF7C4FC26
S214016EE0236832465879059B4946A3F1150CDCF117
S214016EF0000343EB0C03CDE90153238A0093069B61
S214016F0021F0E8FA834BD855C1E6132D28BF132587
S214016F10C8E72046FDF776FB00287FF4BAAE81214C
S214016F203CE62046FDF722F8F6E7B9F10A0F05EB35
S214016F300708A6EB070A21D1DFF8DCB19BF8003081
S214016F40E3B1E37BD3B9BAF1080F17D1324639461C
S214016F50284621F0FAFC88B998F8023073B998F8F7
S214016F600320E22A0AD13246391D2846059321F02C
S214016F70E9FC21F0B6FD059B8BF8003041464846FA
S214016F801FFA8AF223F042F800287FF482AE00212D
S214016F9004E6F21B484692B2E91921F093FCF3E7A6
S214016FA0F21B484692B2E91921F04FFCECE7F21BBE
S214016FB0484692B2E91921F072FCE5E7F21B484611
S214016FC092B2E91923F024F8DEE72368EE5D5879DA
S214016FD0238A0137ED5D0193069B324649460093AD
S214016FE02B4621F0B6F92A463146484621F02FFCB9
S214016FF04FE605987A1CE95DB31AA0F116067042B1
S21401700070410039009018BF012148469BB22A44BE
S21401701021F01FFCB8E7059BEE5D112B3D446F7810
S21401702038D11220FFF720FC0025E37BB3B14FF6E1
S214017030FF73B4F81080984510D133464A4621466E
S2140170402846FEF7C9FF404508D0BAF1000F05D023
S21401705020828AF80000000A8AF80100BBF8008046
S214017060DFF8B0A0C8F1FE0292B208F10103009267
S21401707053444A4621462846CDE90267CDF804B076
S214017080FEF7E2FFBBF800300AF808000133ABF860
S2140170900030FCE51420FFF7E7FB0125C5E77B1C64
S2140170A09E422CD3EF5D1D44003F18BF0127F31A03
S2140170B09EB233462A4639460020FFF71BFD00964E
S2140170C02B463A464846218A21F0C7FB5CE77B1CE3
S2140170D09E4214D3EF5DF61A003F18BF01271D44E8
S2140170E0B6B233462A4639460120FFF703FD00961D
S2140170F02B463A464846218A21F0ADFB44E700205C
S214017100C8E500BFB14A0400464D04008C4D04009A
S214017110964D0400776500207666002038B54FF658
S214017120FB750446A9424FF001019DF8100098BF77
S21401713043F40043217023816260A0720223002081
S214017140084A0949FFF768FCE07A084B40F6CA028C
S21401715003EB4010FF211FF015FEBDE83840042068
S21401716021F069BBA64D0400B14D0400A8450020DE
S21401717030B5054685B028B91D4905B0BDE8304093
S214017180FFF74ABC0024007B21F0F5FB2046194A94
S21401719019492C70FFF740FC184BE87AFF2103EBE6
S2140171A040101FF000FE2046154B02019A5C22B9E2
S2140171B001300428F9D121F07BFB696899B1B5F952
S2140171C008302A899B1303F002038DF80430C2F3BA
S2140171D00E03ADF806304FF6FF73ADF80830002306
S2140171E001A80393884705B0BDE8304021F0C8BB2D
S2140171F0DC4D0400A64D04000E4E0400A8450020F8
S214017200684500200948037873B91946084AD372BD
S2140172100133042B1173117051601181917202F1C7
S2140172201002F4D101230370704700BF7766002077
S2140172306845002008B5FFF7E5FF002305491A0158
S2140172408A5C01EB03101AB10133042BF7D100203D
S21401725008BD00BF6845002070B50D460646FFF71D
S214017260D1FF0023094800EB0514A17AB14205D1EC
S214017270217819B12B4400EB031070BD0133042BA8
S21401728004F11004F1D10020F7E700BF68450020A3
S21401729010B50446FFF7B6FF0E4B9C4212D003F121
S2140172A02002944210D003F1400294420ED0603383
S2140172B09C420DD10323084800EB0310BDE81040A3
S2140172C0FFF756BF0023F6E70123F4E70223F2E7B0
S2140172D00020F3E7A84500206845002070B500248B
S2140172E0064D074E2846324600210134F8F71EF8AF
S2140172F0042C05F12005F5D170BD00BFA84500207E
S214017300917201002DE9F34105460C461746984651
S214017310FFF790FF064640B91C4A1D49FFF77CFB64
S2140173200224204602B0BDE8F0814FF6FB739D4271
S2140173300AD94FF6FD739D4204D00020134A154921
S214017340FFF76AFB4FF6FD75434621463A46284647
S21401735021F0AFFB044600F02FFE804634B12346F1
S21401736000200A4A0C49FFF757FBDAE73B4620465E
S214017370064A0A49FFF750FB062329463046089A73
S214017380CDF80080FFF7CAFECBE700BFA64D04008C
S2140173901B4E0400454E04007A4E0400A34E040022
S2140173A0F7B506460C461746FFF744FF054638B9BB
S2140173B0104A1149FFF730FB0224204603B0F0BD06
S2140173C021464FF48A52304621F03BFD044600F038
S2140173D0F3FD34B123460020064A0849FFF71CFB9B
S2140173E0EBE7009004233A4631462846FFF796FE1F
S2140173F0E3E700BFA64D04001B4E0400CB4E04007D
S214017400F7B506460F46FFF715FF054638B9104A89
S2140174101049FFF701FB0224204603B0F0BD00220D
S21401742040231146304621F0EBFE044621F0E6FEED
S21401743034B123460020064A0749FFF7EDFAEBE789
S214017440009001233A4631462846FFF767FEE3E7F8
S214017450A64D04001B4E0400FE4E040073B5044600
S2140174600E46FFF7E7FE054638B9104A1049FFF702
S214017470D3FA0224204602B070BD002220461146EF
S21401748021F0C0FE044621F0B9FE34B123460020A7
S214017490064A0849FFF7C0FAECE700902346324651
S2140174A04FF6FC712846FFF739FEE3E7A64D0400C8
S2140174B01B4E04002C4F04002DE9F041884610783D
S2140174C000219EB014461D46FFF7C6FE064600285C
S2140174D000F0FD800778002F7BD0B8F80010002957
S2140174E040F0F5800389B8F8022043F40040824258
S2140174F040F0ED80617800296BD1A2F50042062AA2
S21401750000F2E580DFE812F0A100A100E300E3004D
S2140175100700B8006900E3880D3DADF824302389E3
S21401752015F00105ADF8263063798DF82830E37A39
S21401753003F1060214F812208DF814308DF81C2081
S21401754042D10BA98E46069104F10C005FFA85FC28
S2140175509C4500F1020009D210F8018C10F802CC0B
S21401756001350CEB082C2EF802CBEFE701EB4301BB
S2140175701A440891D2B2590001F10D009A42C0B2E4
S2140175800BD025186D78205C7831694400EB052016
S214017590013321F84C0CDBB2EDE7B6F9082033894C
S2140175A0002AACBF01220322C3F30E038DF8082084
S2140175B06288ADF80A3005ABADF80C20049302A939
S2140175C0304621F061FA04E0424A43490020FFF7C1
S2140175D023FA38461EB0BDE8F081042D02D83D4A94
S2140175E03E49F3E72379053DADB29D42B4F80280EA
S2140175F002D0384A3A49E9E73A4A3B4B0020002D87
S21401760008BF13463949334ACDF80080FFF704FA1C
S21401761005348DF81450B6F90830069485B1002B60
S214017620ACBF012303238DF82C303389ADF83080AD
S214017630C3F30E03ADF82E3005AB0D930BA9BFE7D0
S214017640002BACBF06230523EDE70B2DC7D9D4F8D5
S2140176500200D4F8061013F4004F05AA03C20CBFAB
S214017660042203228DF82C206289C3F30E03ADF8A1
S2140176703020ADF82E30DFE7042DB0D96388ADF8A1
S214017680303023790533DBB29D4206D00020114A03
S21401769017490095FFF7C0F99BE70E4A00201549E8
S2140176A0FFF7BAF9B6F908203389002AACBF0122E0
S2140176B00322C3F30E03ADF82E3005AB0D93631D05
S2140176C0069323798DF82C208DF81430B6E7002721
S2140176D07FE700BFA64D0400594F0400814F040008
S2140176E0954F0400490A0400B14A0400BC4F040047
S2140176F0D94F04001A500400304BF0B5B0FBF3F23A
S2140177004FF4616503FB1200B0FBF5F3DCB205FB39
S21401771013033C25B3FBF5F3DBB2A0EB04104B716E
S214017720C3EB0313A0EB83004FF4FA630B8040F224
S21401773001134B8001230C711F4600246425204E43
S2140177408871944200D1F0BD91F802C013B1BCF12A
S214017750020F2BD006EB0C0010F801ECC878704530
S2140177600BBF012001300CF1010CC0B208BF81F83B
S21401777002C0C87088780D2816D10B888F70013327
S2140177809BB298070B8014D1B3FBF5F005FB1030C4
S21401779080B280B94FF4C870B3FBF0FC00FB1C3319
S2140177A09BB2B3FA83F35B090134CAE74FF01D0EAF
S2140177B0D4E70023F8E70123F6E700BF8051010074
S2140177C072A2040010B5044688B006A9FFF794FF1C
S2140177D09DF81E300A4803939DF81D3004940293C9
S2140177E09DF81C309DF81A200193BDF81830054904
S2140177F0009300889DF81B30FFF70EF908B010BD06
S214017800345B002033500400026808B51188154B1C
S21401781019805188598051791971117959714FF42C
S2140178208A51D980D28812F0200F0CBF0A464FF435
S2140178308B528169DA800C4A137831B9C0880B49BA
S21401784023F002030880137008BD43F0020313708F
S214017850074B15221846013103F0F6FC002200F80A
S214017860012CF1E7285B002081660020265B0020C2
S214017870375B002010B5184C2368587920F028FD96
S2140178800B2822D8154B03EB0010027B237F9A426C
S2140178901BD12368428819888A4205D04FF6FF70AB
S2140178A0814212D1120410D42279023A012A06D951
S2140178B0A37B63B9BDE810400748FFF747B91989AC
S2140178C058791FF03BFE0028F2D1002010BD024877
S2140178D0BDE81040FFF7CCB82C46002098440020A5
S2140178E008B520F0F5FC0B2896BF024B0020185C6B
S2140178F008BD00BF8666002008B5002021F03BF8D1
S214017900FF2020F018FD21F03BF820F0E0FEFEF706
S21401791071F901210246064803F044FC054BFF219C
S214017920054A0648FEF7C6FEBDE80840FEF708BB56
S21401793086660020285B0020245B002077650020F7
S214017940F0B5002204464FF6FF750B4F90B237F89C
S21401795030600346AE4201D12846F0BDA64209D1A9
S214017960B4F57C4FF9D307EBC3035B888B42F4D0A5
S2140179700029F2D00132E9E7B0A2040010B50446AE
S214017980FFF7DEFF094A034610884FF6FF7293425F
S21401799014BF074A2246BDE8104017BF02EBC303D7
S2140179A004495A680449FFF751B800BF345B002008
S2140179B0B0A2040056500400261B0400034B18789E
S2140179C00130C0B2187000F07F00704716710020B9
S2140179D0044A137818B143F001031370704703F09B
S2140179E0FE03FAE781660020014B1870704700BF5E
S2140179F08466002038B1074B1B78012B04D103881D
S214017A0043F0400303807047022BFCD1038823F028
S214017A104003F7E78466002068B1074A1378012B14
S214017A2007D1064B1B781370037843F010030370DD
S214017A3001E0022BF8D070478366002082660020A2
S214017A407FB50121264B274E197033780246D90798
S214017A5044D42549096881B10868C1888D0641BFAB
S214017A60224CE18841F02001E180C1884C0641BFEB
S214017A701E48C18841F04001C1801D4D1D4928782E
S214017A80097840074CBFE97069701B4913F002047E
S214017A90098809D0164A194820F0EFFE337823F0FA
S214017AA00203337004B070BD154B18884FF6FB7394
S214017AB0984208D80B46CDE9005201460B4A2046AB
S214017AC020F0B3F8EEE74FF6FF73CDE901420093DD
S214017AD00A46074B054920F084F8E3E70020E1E772
S214017AE0786600208166002028460020285B00205A
S214017AF07765002017710020245B0020365B00208C
S214017B00265B002070B503790446012B0D46164608
S214017B1031D883681B78DB0600D561B3A37B13B924
S214017B20E37C0B2B27D00022144B1A80637DB3FA1B
S214017B3083F35B09D800E37BABB9FEF795FEA07C27
S214017B40FEF792FE0B20FEF78FFEE07CFEF78CFE22
S214017B502846FEF789FE2046FFF756FE3046BDE86A
S214017B607040FFF76DBF40F00400FEF77DFE208AEF
S214017B7020F0AEFEE3E7002070BD00BF245B0020CE
S214017B80024B0A4601461868FFF7BCBF284600208C
S214017B90F0B4054618460F4B0C461B78BDF810107E
S214017BA0012B0D4E01D0377827B10023337000200A
S214017BB0F0BC70470CB9002AF9D143B14FF65743D0
S214017BC0994204D02B462246F0BC20F03CBE012050
S214017BD0EEE700BF18710020856600202DE9F04F02
S214017BE0684C4FF0000A25468446964698460F464E
S214017BF0654B664E83F800A00FCE0FC596E80F00C2
S214017C0085B085E80F00DDF83C90BDF83830724647
S214017C100093394643466046CDE9019400F0DCF80E
S214017C20DFF89081064670B90025FEF7FFFD1622A3
S214017C300021574803F0B6FA00232846C8F800305A
S214017C4005B0BDE8F08F534BA27CC8F800401A700F
S214017C50514B1B78002B36D020F045FF4F4902468A
S214017C605046FEF7F3FE22685046537952884C4937
S214017C700092A289FEF7EAFE504620F0ADFE20B142
S214017C802368218A5888FFF779FEE37B23B1002019
S214017C90228A4449FEF7DAFEA36800201A78E37CBC
S214017CA041490093A37CFEF7D1FE207DA289A168FD
S214017CB0121A01440123002092B2FEF711FE0020A1
S214017CC03A49FEF7A9FE2F48FFF79EFD2D4822F000
S214017CD096F9054630BBB9F1000F25D12168E08839
S214017CE00B8801904988BA1E032A00918CBF002296
S214017CF001220121E07CFFF74BFF38B923685B794D
S214017D00FF2B3AD0FFF7B6FD05468EE72368DB88E2
S214017D109A06F3D40121264C1A48217020F0FCFE65
S214017D2084F80090354680E7B9F814309B07E5D40F
S214017D307AE75846FEF718F882465846FDF760FF80
S214017D4088B123685046228A598820F0C4FA50B177
S214017D503846FFF759FD236889F804A083F805A083
S214017D60FFF788FD00B9284605460136FDF742FFB4
S214017D705FFA86FB5845DCD857E70026014FDFF847
S214017D803890F3E72C4600207866002090A2040085
S214017D90365B002017710020157100206F5004001B
S214017DA07850040099500400A55004009A0304007A
S214017DB08566002028460020285B00200023054A0F
S214017DC0D15C814202D31A44507870470233DBB249
S214017DD0F6E700BF7EA2040073B515462E781A4654
S214017DE016F0040F0CBF032605269E42089C08D9F0
S214017DF0224A234900960020FEF70EFE002002B01C
S214017E0070BDBDF8183021712060E380A560A281A5
S214017E102B7803F00103A3732B7803F00403002BE4
S214017E2014BF01210021E1732978C1F3C0016175F6
S214017E304FF00101217518D0284620F086FD237DDC
S214017E40208202332375227D531CDBB22375A95C85
S214017E500232D2B2A1742275EB5CE374A3899A4212
S214017E6005D900920749054AC5E72382EBE7079B38
S214017E700120A36100232377C1E700BFDD0A0400C8
S214017E80E8500400045104002DE9F7430024204F74
S214017E90DFF89C80DFF89C90E0B221F0E5F8FF283F
S214017EA005460FD12346012102201A4AF7F728FD7D
S214017EB0194B013418781EF067FB152CECD103B072
S214017EC0BDE8F08346B238EA260328BF4B460121B7
S214017ED00093022057F82430104AF7F711FD002EC0
S214017EE0E6DA0923E340DB070AD50D4A0D4B15F008
S214017EF0010F18BF1A4601210220F7F701FDD7E747
S214017F000A2CD5D1084A094B15F0010FF1E700BF3D
S214017F10C8A204005D5104001971002085510400B7
S214017F203651040020510400525104004851040007
S214017F30490A0400B14A040008B554220021024847
S214017F4003F030F9002008BD245C002008B5542257
S214017F50FF21024803F026F9002008BDD05B00206F
S214017F60024B23F810100020704700BFD05B0020A2
S214017F70002310B4074ADCB2A14203D85DF8044BD3
S214017F80FFF7DABF2A2BF9D032F8024B20F813405C
S214017F900133F0E7245C0020002310B5054A99421E
S214017FA001DD2A2B00D110BD32F8024B20F8134018
S214017FB00133F4E7245C0020024B187800F07F00C0
S214017FC0704700BF92660020034B18780130C0B29C
S214017FD0187000F07F0070479266002030B51C468E
S214017FE000238BB0ADF82220021D92B2012A0E9D0D
S214017FF0ADF82030ADF81E10ADF81C3003D94FF6A1
S214018000FF7290420FD10022CDE90352CDE901243F
S214018010094B01461B784FF6FF70009307AB21F022
S21401802041F80BB030BD0146CDE901531846009426
S21401803007AA21F053F8F4E71A71002038B505466F
S2140180404FF480500C4603F0B3FA4FF48053286087
S214018050236030B940F2A511BDE83840014827F049
S21401806048BA38BD7452040000487047025F0020C9
S214018070014B1878704700BF36710020014B1888F5
S214018080704700BFBA700020014B1878704700BFD8
S2140180902F710020014B1878704700BF2671002011
S2140180A0014B1878704700BF29710020014B1878E2
S2140180B0704700BF97660020014B1870704700BFDD
S2140180C097660020014B1878704700BF966600201F
S2140180D0014B1870704700BF96660020014B187858
S2140180E0704700BF2A710020014B1888704700BFF7
S2140180F0B87000202DE9F74F414B424A0193424B9D
S214018100DFF844911B78DFF84481DFF844E1DFF8BB
S21401811044C13E4F3E4E3F4D3F49404802EB431A55
S214018120019B524503F1200309F1200908F12008BB
S2140181300EF1200E0CF1200C07F1200706F12006A7
S21401814005F1200501930FD100221146344B324D23
S2140181501C78344E344B314FD0B2844203F12003A5
S21401816046D803B0BDE8F08F304B314C5360002346
S21401817049E907432F4CDFF8E0B048E907432E4CA6
S214018180C2E902304EE907432C4C11604CE9074323
S2140181902B4C136147E907432A4C49E9050348E993
S2140181A005034EE905034CE9050347E9050349F8CC
S2140181B0201C48F8201C4EF8201C4CF8201C47F8C0
S2140181C0201C46F8201C46E90743019C45E907B3F5
S2140181D0DFF888B046E9050345E9050344E907B336
S2140181E044E9050345F8201C44F8201C203297E793
S2140181F043E9085643E9061743F8101C0132ABE77A
S21401820074490020944A00203D710020D449002082
S214018210B44900209449002010590020B14A0400B6
S2140182203471002061C80200144A0020B9710200AE
S2140182305BB703001986020041110300B5C70300AE
S21401824001A9020013900300744A0020544A00203A
S214018250344A0020F4490020713E0300BD6E02003E
S214018260002208B5074B1A605A6020F0B9FE064B8B
S214018270187020F0B5FE054B1870054B1A78054BA3
S2140182801A7008BDB2580020F2660020F166002080
S21401829027710020F0660020002100B593B0084643
S2140182A06A460AF0FBF90146C8B90E4B0E4A099315
S2140182B00E4B0D920A930E4A0E4B0E920B930E4ADC
S2140182C00E4BCDE90F230C930D4B6A4611930AF022
S2140182D09BFC003818BF012013B05DF804FB012099
S2140182E0FAE700BF6FB20300B57F020073B4030064
S2140182F0E548020055900300B5960200D3B403008A
S214018300057A0200084B1878112806D8012809D9E1
S214018310064BC34003F001007047A0F143035842E7
S2140183205841704700207047F46600203400020070
S21401833008B5064B1B78013B022B05D80020FFF73A
S214018340E1FF0138C0B208BDFF20FCE7F56600205A
S214018350044B00F1100250F8041B904243F8041B32
S214018360F9D17047F6660020044B03F1100253F86A
S214018370041B934240F8041BF9D17047F6660020AF
S21401838030B5002491B0114B0546214614220BA8A6
S214018390CDE9094302F006FF102209ABCDE90044FE
S2140183A00693CDE90452CDE90252094B09490AA8C0
S2140183B01DF0E9FC04460AA821F0C8FB1CB1A02167
S2140183C0054827F096F811B030BD00BF00248000A4
S2140183D000444004F6660020FF52040070B50024F5
S2140183E090B0154B05460E46142221460BA8CDE942
S2140183F0094302F0D7FE102209ABCDE900440693EB
S2140184003146CDE90452CDE902520C4B0AA81DF0C3
S214018410BAFC04460AA821F099FB1CB1BA21084807
S21401842027F067F8099B102B03D0BB21044827F0DF
S21401843060F810B070BD00BF002480000044400406
S214018440FF52040030B50D4600218FB0124B044692
S214018450142209A8CDE9071302F0A4FE102207ABE7
S214018460CDE90242CDE90042049329460B4B08A808
S2140184701DF08BFC044608A821F068FB1CB1D12135
S214018480074827F036F8079B102B03D0D221044863
S21401849027F02FF80FB030BD0024800000444004C0
S2140184A0FF520400014B93F95A00704748580020C8
S2140184B00022034B1870034B1970034B1A70704758
S2140184C00767002008670020066700202DE9F04FA7
S2140184D0DFF89080064698F800300D4685B0002BF0
S2140184E03AD04FF6FB73984236D84FF0000B1C4F2C
S2140184F0DFF874A03C7898F800305FFA8BF94B45AA
S2140185009AF8000011D9484402AA0DF10601C0B23A
S21401851016F028FA082229460DEB020003F08EF920
S2140185200BF1010B0028E6D14C463B78A34208D15B
S21401853098F80020631CDBB29A423B7004BF00230C
S2140185403B70324629469AF800301C44E0B205B02A
S214018550BDE8F04F16F0F4BA05B0BDE8F08F00BFE5
S2140185600667002008670020076700202DE9F74FFF
S21401857006460D4614461F464FF0010BDFF878906D
S21401858003F10C0A15B903B0BDE8F08F102DA8460B
S21401859028BF4FF010083A46164B5FFA88F152F89A
S2140185A0040B524543F8040BF9D101919AF80020C7
S2140185B011481A70002389F80F4089F800B089F82D
S2140185C00E30FFF7DDFE324601340B480199E4B266
S2140185D012F801CB10F8013B83EA0C0302F8013CC8
S2140185E0931BDBB28B42F3D3A5EB080816461FFAA2
S2140185F088F5C7E70A670020096700202DE9F04FD4
S2140186009046914685B00090981A029383B20193E2
S214018610009B0F46354903F10C0453F8045BA34253
S21401862041F8045BF9D11B78314E0B704923337046
S214018630019BF0731B0A3046B373FFF7A1FE0221BC
S214018640BB460D46737888EA030373704FF0000A41
S2140186501DE0C5F11004A9EB0A039BB2A4B29C422B
S21401866028BF1C4600231FFA83FCE8186445C0B2E5
S2140186701FD82544EDB2A344102D54441FFA84FAA2
S21401868005D1002530460391FFF77AFE0399D145BF
S214018690DFD807EB080B25B115480391FFF770FEED
S2140186A0039901294FF000050DD00121DDF8049052
S2140186B0CCE71BF803C016F800E001338CEA0E0C79
S2140186C006F800C0CFE7029B09491F44094B38460C
S2140186D01C78224602F0F6FE2A4621463846009BC2
S2140186E005B0BDE8F04FFFF741BF00BF0A670020A5
S2140186F0096700203E71002030B540780C460128FD
S2140187004FF0110387B001F1100516D1144A01A9E3
S2140187100BF002F8234601AC224618685968083364
S21401872003C2AB421446F7D111230D4A002001A91A
S2140187300AF0F2FF002007B030BD0120094A01A966
S2140187400AF0EAFF234601AC224618685968083346
S21401875003C2AB421446F7D11123024AE6E700BF33
S21401876075E4010079EB010030B50C46407887B01E
S21401877001284FF011030DBF0B4A0C4A012001A935
S21401878018BF01A90AF0C8FF234601AA05AD144681
S21401879003CCAC4218605960224603F10803F6D1B7
S2140187A0002007B030BD00BF75E4010079EB010081
S2140187B010B50C4688B01A230C4A01A901200AF00C
S2140187C0ABFF21460DF10E0304F1100251F8040B24
S2140187D0914243F8040BF9D11A230020034A01A958
S2140187E00AF09AFF002008B010BD00BF24E1010086
S2140187F0F0B58BB004460D4622F0AEFCA8B101A838
S21401880013F082FE88B1667B271D16F0020F05D095
S2140188100822384601A903F011F8D0B901AB46F099
S214018820020603CB6060796066731A230A4A03A9BD
S21401883001200AF071FF29460DF116030DF12602FB
S21401884053F8040B934241F8040BF9D100200BB006
S214018850F0BD2D20FBE700BF24E10100F0B5054681
S214018860071D00220C463846082193B022F006FC6C
S2140188706A7B0646D0070BD5687808A921F097F8D9
S214018880DDF83D306B60DDF841307B6080B10BE098
S214018890910709D5D2000121384602F0800221F065
S2140188A093F8FF28687002D12D2013B0F0BDD6B121
S2140188B0687801A921F010F89DF81C305B0604D5F4
S2140188C04FF4C6710A4826F014FE234603AD07ACE2
S2140188D02A4603CAA24218605960154603F10803E6
S2140188E0F6D10020E1E708A921F061F8CEE700BF44
S2140188F07D5304002DE9F04106468AB01F480F4615
S21401890015460024FFF730FD002C01A914BF4FF0D7
S2140189105C0C4FF0360C10238846184A12F8010BEF
S214018920013B8CEA000013F0FF0301F8010BF5D1BF
S21401893005A823F009FA4246102105A823F008FAF3
S214018940C4B93946324605A823F06AFA2A460DF11B
S214018950140C0DF1240E634603CB73451060516071
S2140189609C4602F10802F6D114B10AB0BDE8F081C6
S2140189700124C9E72A461021E5E700BF3967002030
S2140189802DE9F04791460D46C0B09DF82041DDF82F
S21401899028811E46DFF87CA09DF824310746224632
S2140189A0494640468AF8003002F08CFD9DB12346C8
S2140189B0324641463846FFF721FEB44207D9A11B8D
S2140189C03B46012289B208EB0600FFF7CFFD0020E7
S2140189D040B0BDE8F087A11B3B46012289B208EBF7
S2140189E00600FFF7C3FD22464146684602F06AFDCF
S2140189F03246694638462346FFF700FE9AF80020BD
S214018A000DEB040109EB040002F018FF0028DED08C
S214018A102C20DDE73E71002038B50346104601F1F3
S214018A20100451F8045BA14242F8045BF9D10449F1
S214018A301BB1FFF7D3FC002038BDFFF703FDFAE7B3
S214018A403967002030B5054689B0694620F0B9FD82
S214018A506B8804ACABB122462946684620F051FD2E
S214018A600E4A08AD234603CBAB42106051601C464C
S214018A7002F10802F6D10948FFF76AFC002009B0A6
S214018A8030BD6B46054D1A4603CAA242286069608E
S214018A90134605F10805F6D1EDE700BF396700205A
S214018AA050B10B4B0B4A03F1100153F8040B8B42E8
S214018AB042F8040BF9D17047064B054A03F1100141
S214018AC053F8040B8B4242F8040BF9D1704700BFF0
S214018AD0396700201967002008B51022024802F005
S214018AE0B3FB002008BD00BF2967002008B5084673
S214018AF01022024902F0A8FB002008BD29670020C9
S214018B0010B5044686B001A9114A112301200AF0C6
S214018B1003FE9DF8143001A8E37023F00BFD80F0EE
S214018B2001000C4A01A96070112301200AF0F4FD2E
S214018B309DF8143001A8A37023F0FCFC80F001001E
S214018B40207012F06DF86060002006B010BD00BF06
S214018B5075E4010079EB010010B5044686B01123D7
S214018B60134A012001A90AF0D7FDA3789DF8142025
S214018B709A4207D08DF81430002011230C4A01A91F
S214018B800AF0CAFD11230B4A012001A90AF0C4FD0F
S214018B90E3789DF814209A4207D08DF8143000200F
S214018BA01123044A01A90AF0B7FD06B010BD00BFA3
S214018BB079EB010075E401002DE9F04186B0064627
S214018BC003A80C4614F0EEFC054600284AD1BDF871
S214018BD00C30980646D510222946204602F0E2FAC5
S214018BE001A813F091FCC0B1777B06F1040817F0D9
S214018BF0020F06D00822404601A902F01FFE0028F7
S214018C002ED101AB47F0020703CB7060C8F8041001
S214018C107773238843F008032380238843F00203F5
S214018C20238013F041F8606022F096FA30B10E4BC3
S214018C301B68A360238843F0040323800B4B1A6848
S214018C40D1035EBF238843F010032380130203D5AC
S214018C50238843F400632380284606B0BDE8F081EC
S214018C602D25F9E72425F7E7C44A0020C84A002045
S214018C7010B5D0E9023253F8223090B01C68402279
S214018C806946204620F006FF034630B12246002002
S214018C900549FDF7C1FE10B010BD01226946082046
S214018CA0FDF764FEF7E700BF1354040070B500F04B
S214018CB0B1F800280CBF6E22792200201349FDF777
S214018CC0ABFE00F0A7F8F0B120F0F8FE00280CBFCC
S214018CD06E22792200200E49FDF79EFE0822002012
S214018CE00C49FDF799FE00250B4C0C4E234654F813
S214018CF0042C314600200335FDF78EFE182D04F1B5
S214018D000C04F3D170BD3F22E4E700BF4B540400CE
S214018D106254040072540400EC4B00209154040089
S214018D2070B520F0B0FE044621490020FDF774FE20
S214018D302CB92046BDE870401E49FDF76DBE00F017
S214018D40BBF805461C4B62690020002A08BF1A467C
S214018D501A492668FDF760FEA28800201849FDF72B
S214018D605BFE1849E2880020FDF756FEA38822899B
S214018D7013F010001ABF002013491449FDF74CFEEA
S214018D80E26800201249FDF747FE226900201149DA
S214018D90FDF742FE104A114B0020B6F5817F38BF21
S214018DA013460F492A46BDE87040FDF735BE00BFA1
S214018DB0C6540400D3540400C3230400F45404002E
S214018DC01255040033550400505504006D55040037
S214018DD08B550400A9550400BE540400B454040085
S214018DE0C755040038B5014600230C25084A05FB83
S214018DF003F4A0181459013404D10C2202F024FA09
S214018E00002038BD0133082BF1D10120F9E700BF5E
S214018E10E84B0020034B1878012894BF002001205E
S214018E20704700BF4B67002038B50446044D2878CC
S214018E30A04203D0214620F006FE2C7038BD00BFAC
S214018E404B67002000B58FB03422002101A802F044
S214018E50A9F901A8EEF75CFD0598D0B182680E4B22
S214018E60B2F5803F34BF92B2C2F38F2241881A8195
S214018E70028828BF41F010011A6042689980DA80A2
S214018E80C268DA6002691A6142695A61027E18464E
S214018E901A760FB05DF804FB6C4B0020054B1B786F
S214018EA020B1012B04D80220FFF7BEBF012BFBD84F
S214018EB0704700BF4B67002010B5084C237853B9A4
S214018EC020F0E1FD0123237028B10368B3F5817F0B
S214018ED024BF037E2370207810BD00BF4A670020A0
S214018EE070B5184B1B78012B2BD820F0AFFD164D13
S214018EF0024616490020FDF78FFD0120FFF7CEFF41
S214018F002E78FF2E1DD1FFF79DFFC8B18488602201
S214018F103146C4F340040E482C7002F043F9602237
S214018F2031460C4802F03EF95CB1FFF7C5FF042854
S214018F3007D9BDE8704040F22B11074826F0D9BA90
S214018F40287070BD4B6700203F710020EA55040071
S214018F50E84B0020884B0020FC5504002DE9F04F1B
S214018F60DFF884928DB003AB07468846144699E82D
S214018F70070083E80700FFF7B3FFFFF79DFF944B59
S214018F8006461D784B46012D40F07081012840F2BF
S214018F907281B7FBF0F200FB1272002A00F06B81BF
S214018FA08C4900228B46D1F800C0BCF1FF3F04D0AB
S214018FB0087A6044874200F019810132082A01F1DB
S214018FC00C01F0D193E8070006AE0DF1240A86E8FD
S214018FD007008AE80700FFF76FFFB7FBF0FB00FB0F
S214018FE01B7BA0EB0B094A46414606460AA8099791
S214018FF08DF82C9002F066FA00224FF00C0E76499E
S21401900002E00132082A0ED00EFB02F000EB010C42
S21401901008580130F5D19AE807008CE807006F4937
S2140190200A7801320A70A14504DD4FF4E2716C48FA
S21401903026F05FFAA41B5C444F44A1B217FA84F4ED
S214019040B4FBF6F206FB1242C8448E1A91B1A41A7A
S21401905008EB060107A88DF82020069402F032FAE4
S21401906006A8FFF7BFFEFF2804D140F2D9115C48DD
S21401907026F03FFAB6B2B6B10320FFF7D5FE802E32
S2140190800AD832464146574802F01CFA324638465C
S214019090544920F0E3FC05460220FFF7C5FE2846AA
S2140190A00DB0BDE8F08F0025F9E74FF40E714C487E
S2140190B026F01FFA464B1B78012B00F0E380002CAC
S2140190C036D00320FFF7B0FE802C2FD8224641462B
S2140190D0444802F0F7F922463846424920F0BEFCE1
S2140190E005460220FFF7A0FEDFF8F09099F8003061
S2140190F093B1039CFFF7E0FE374B002798461A68AA
S214019100511C04D0197A411A521A944224D00137BC
S214019110082F03F10C03F2D1002DC0D1039B0133BC
S214019120C1D003A8FFF75EFE0546B8E70125D8E7DC
S2140191302546D9E740F26D21294826F0DAF90125BE
S21401914024E0012D30D0802E2FD8324625490398B1
S21401915020F084FC054628E0002DA0D10C247C4399
S21401916008EB04039DF814A093F808B00AEB0B0370
S214019170802BDFDC1B4B524604A9184602F0A2F9ED
S214019180211D5A464144504402F09CF90C2303FB2E
S21401919007839DF814201B7A13449E42D1D040F2D7
S2140191A073210F4826F0A5F901250220FFF73CFEA2
S2140191B099F8003013B1013B89F800304FF0FF33C6
S2140191C008EB040248F80430C2E9013367E700BF40
S2140191D03F710020E84B0020884B002049670020A3
S2140191E0FC550400EC4A00202CA304004FF00C0AA6
S2140191F00AFB02B3187AA6EB00095FFA89F9A145C2
S21401920001D35FFA84F90AFB02FA0AF1040528443D
S2140192104A464146584402F055F90BEB0A031A7ABE
S214019220A4EB09044A44D2B2B242A4B21A7219D1CA
S21401923003200193FFF7F8FD32460BEB05015BF8BF
S2140192400A0020F00BFC05460220FFF7EDFD4FF06B
S214019250FF32019B4BF80A20C3E90122002D7FF45F
S2140192601EAFC844002C3FF41EAF4F44104B1B7872
S214019270012B7FF424AFB7FBF6F306FB1373002B29
S2140192807FF413AFE319B3FBF6F506FB1535002D96
S2140192903FF415AF641B5B1B08EB04012A4604A8C8
S2140192A00393A4B202F00EF98DF8145007E700BF3D
S2140192B03F71002070B5134B1B78012B0CD1FFF7C3
S2140192C00FFE0026104D55F8043C013306D1033637
S2140192D0182E05F10C05F6D1002411E00320FFF746
S2140192E0A3FD55F8044CFFF7E7FD29460246204644
S2140192F020F0B4FB04460220FFF796FD002CE6D0D2
S214019300204670BD3F710020EC4B002070B505462D
S2140193100C46FFF7E5FD0520FFF786FD21462846AA
S21401932020F0AAFB06460220FFF77EFD00220A4B2C
S2140193302C441968481C08D0A94206D3A1423EBF56
S2140193404FF0FF31C3E9001199600332182A03F187
S2140193500C03EED1304670BDE84B0020D0E9023256
S21401936053F8223010B51C68204600F095FA28B153
S2140193702146BDE81040024800F002BE10BD00BF05
S2140193807A56040008B5D0E9023253F8223018683C
S21401939000F06CF920B1BDE80840024800F0F0BDCD
S2140193A008BD00BF9C5604002DE9F041D0E9023209
S2140193B053F8221003EB82035B680F681D789AB09E
S2140193C0642D04D96421114800F0DAFD64252A468B
S2140193D0384601A900F002F9044698B90C4800F095
S2140193E0CFFDDFF8348001AE013DA54202DC1AB0A4
S2140193F0BDE8F0813919404616F8012B00F0C0FD92
S2140194000134F2E7034800F0BBFDF0E7BF56040065
S214019410DF56040009570400F65604002DE9F0470C
S21401942000252D4FDFF8E080DFF8E0908CB028466D
S21401943003A900F0EFF810B10CB0BDE8F087049B6B
S2140194402946039A0093384600F09AFD404600F0FC
S21401945097FD059910290CD810290CD8DFE801F0E2
S2140194600F14320B340B0B0B360B0B0B0B0B0B0BBE
S2140194703A0020292CD0194800F082FD07E0184850
S21401948000F07EFD0135D2E7164800F079FD069919
S214019490484600F075FD0799134800F071FD134822
S2140194A000F06EFD1024DFF868A00DF11F0650468F
S2140194B016F8011F013C00F063FD14F0FF04F6D11D
S2140194C00B48DDE70B48E0E70B48DEE70B48DCE737
S2140194D00B48DAE70B48D8E724570400C9570400BD
S2140194E07957040089570400EF5704000758040011
S2140194F074FC03009157040099570400A257040016
S214019500AD570400C457040068570400D857040038
S2140195101858040010B50B4C8EB023785BB9EEF7E3
S21401952071F9014650B9012301A82370EEF7F0F94D
S214019530054B049A1A6020780EB010BD034800F05F
S2140195401FFDF8E74C6700202C4F00201E58040032
S21401955000B58FB0FFF7DEFF002829D001A8EEF78F
S214019560D7F9059B1448198800F00AFD059B134896
S2140195705969134B002908BF194600F001FD059BE8
S2140195801048598800F0FCFC059B0F48196900F04B
S214019590F7FC059B0D48D96800F0F2FC059B0C48CA
S2140195A0197E00F0EDFC0B4B0B48196800F0E8FC47
S2140195B00FB05DF804FB00BF5B5804006D58040053
S2140195C0C32304007F58040093580400A7580400DE
S2140195D0BB5804002C4F0020CF58040070B5064637
S2140195E015460C4679B172B1FFF794FF68B1214672
S2140195F02A463046EEF796FA014618B1044800F0BE
S214019600BFFC012070BD2120FCE71120FAE700BF56
S214019610E158040037B505460C46FFF77BFFE0B17D
S214019620114B1B68AB421AD9CCB10021242220462B
S21401963001F0B8FD214628461BF061FB88B9284693
S21401964001AA04F10801EEF71FFA20B140F2064321
S214019650C01A18BF012003B030BD1120FBE721203E
S214019660F9E70120F7E700BF2C4F0020F0B593B0D3
S2140196700546FFF74FFF002845D0254B1A68AA423A
S21401968007D829462348013A00F07AFC212013B076
S214019690F0BD05A8EEF73CF9284603A91BF02FFB01
S2140196A098BB049A22F4FF57C2F30C0327F01F0756
S2140196B02BB14FF400532946174800F061FC039E76
S2140196C07FB125F023FF30464FF40051EEF7B6FA8E
S2140196D03346044606F5005650B9039BF31ABB42BF
S2140196E0EFD32A4639460D4800F04AFC002406E02E
S2140196F000902A464FF40051094800F041FC201E14
S21401970018BF0120C3E71120C1E70120BFE700BF52
S2140197102C4F00200F590400BD5904007C5A040048
S2140197202B5A040010B5044638B1FFF7F3FE30B1EA
S2140197300020044B1B68236010BD2120FCE711208C
S214019740FAE700BF2C4F002010B50446FFF7E2FEF3
S214019750B0B10C4B1A68A24206D821460A48013A13
S21401976000F00EFC212010BD25F0D0FE40F2C122F3
S21401977020460649EEF748F9003818BF0120F2E7FF
S2140197801120F0E72C4F00200F590400684C0020F0
S21401979010B50446FFF7BEFE70B121460848EEF745
S2140197A053F940F20323984208D040F2012398422D
S2140197B00CBF0520012010BD1120FCE70020FAE7B0
S2140197C0684C00202DE9F0412D4D04462F68FFF727
S2140197D0A1FE002851D02968A14207D84A1E29486F
S2140197E0214600F0CDFB2120BDE8F0812648EEF7AA
S2140197F0EBF8DFF894800246B0B943462E689642ED
S21401980022D1BE4214BF3A4606F1FF3212BB3146A0
S2140198101D48C8F80040EEF7B7F8014600B31B48EC
S21401982000F0AEFB0120DFE72046EEF78DF8044698
S21401983038B10146164800F0A3FB201E18BF0120D0
S214019840D2E7EDF7DDFEF8E753F8041B8C42DDD0D6
S2140198500132D4E70C499200081D01F0F5FCD6E769
S21401986029680948EEF7B0F8044610B101460948E0
S214019870D6E7EDF7C5FE2046B6E71120B4E700BFF0
S2140198802C4F00200F590400484C0020C25A0400F7
S214019890985A0400F55A0400F8B50446FFF73AFE54
S2140198A0002845D0234B1A68A24207D821462248F1
S2140198B0013A00F065FB21242046F8BD1F4800F060
S2140198C05FFB25F023FE40F2C1221D492046EEF73C
S2140198D09BF840F20327054625F018FE184E65B1A1
S2140198E040F203239D421AD02946164800F048FB51
S2140198F00124154800F044FBDEE725F007FE294663
S2140199003046EEF7A1F8B84209D040F2012398425A
S21401991003D10E4800F034FBE1E70546DFE72146B8
S2140199200B4800F02DFB2046FFF74CFF0446E0E70E
S2140199301124C1E72C4F00200F5904002C5B0400B2
S214019940684C00204C5B040074FC0300CF2F04001D
S214019950645B040010B50A46044619B1024B0021A7
S2140199601B68984710BD00BF38A3040010B5114C02
S2140199702378580744BF23F00403237023789907FC
S21401998005D500F05DF8237823F002032370637891
S2140199901BB10023084A6360536000230821064870
S2140199A06370FFF7D7FF2378DA0744BF23F001037C
S2140199B0237010BD304F0020344F002038B51A4CAC
S2140199C062782378022A01D1072B11D0DD0712D540
S2140199D02378980707D400F02BF82378054643F040
S2140199E00203237080B96278237882B15A0716D5AC
S2140199F00025284638BD1CF044F92378054643F077
S214019A00010323700028E3D0FFF7B0FFF1E7D90781
S214019A10ECD5064962604A6002226270E6E743F0CE
S214019A2004032370E4E700BF304F0020344F0020CA
S214019A300122024B002083F8F02070473C4F0020A3
S214019A402DE9F0410A4C002526464FF00108032770
S214019A502046C4F81C802776013520F05AF8062DDA
S214019A6004F12804F4D1002386F8F030BDE8F08133
S214019A703C4F00202DE9F04F984691B00B1E0A93FB
S214019A80B44B914614BF83469B4600251A9E98F810
S214019A90000070B94D4538BF2A464B464FF00000CE
S214019AA00A9928BF09F1FF32D847284611B0BDE808
S214019AB0F08F252808F1010806D02A464B460A9958
S214019AC06C1CD8472546E2E70023414611F8012BD6
S214019AD02B2A16D00AD8202A16D0232A17D0A2F16C
S214019AE03000092834D800270A2418E02D2A05D08A
S214019AF0302AF4D143F001038846E6E743F0020337
S214019B00FAE743F00403F7E743F00803F4E743F00A
S214019B101003F1E7884604FB0722A2F1300741460D
S214019B2011F8012BA2F130000928F3D998F800208A
S214019B302E2A52D198F8011008F10102A1F1300045
S214019B40092843F480633ED800244FF00A0E11E042
S214019B502A2A08D156F8047B8846002FBCBF43F05A
S214019B6002037F42E2E70027E0E702460EFB04110C
S214019B70A1F13004104610F8011BA1F1300CBCF124
S214019B80090FF2D99046424612F8011B6C292DD0D6
S214019B9025D8682933D06A293BD04246904618F822
S214019BA0010B672860D8572836D8452808D084D9AD
S214019BB0462800F0188147287FF47FAF43F40063FE
S214019BC043F0200327E12A2906D156F8044B08F171
S214019BD0020824EAE474D6E790460024D3E7742901
S214019BE001D07A29D9D143F48073D7E798F80110C8
S214019BF06C29F8D143F4407308F10202CEE798F8D5
S214019C000110682902D043F08003C7E743F0C00380
S214019C10F2E743F40073C1E7A0F158020F2A3FF6BA
S214019C204CAF01A151F822F0C99C0100BB9A01007A
S214019C30BB9A0100BB9A0100BB9A0100BB9A0100C6
S214019C40BB9A0100BB9A0100BB9A0100BB9A0100B6
S214019C50C99C0100359E0100C99C01000B9E0100B4
S214019C60EB9D01000B9E0100A0F16901C9B20F290D
S214019C703FF623AF012249F2410C8A4012EA0C0258
S214019C8018D10A2900F0158107297FF416AF43F091
S214019C90210305930823CDE903431023CDE90123CE
S214019CA056F8043B2A46009358464B460A9920F03C
S214019CB020F8A8E06F2800F05E8110D9782808D136
S214019CC0102223F00C0310E0582839D0622800F047
S214019CD054810A2223F01003642806D0F1E769288C
S214019CE04FF00A0223F01003F6D1590548BF23F0BE
S214019CF00103692803F4007101D0642840D111B32F
S214019D00073626F00706B24670685AF8081BCDE9F2
S214019D10077300230593C30F0028029306940B468E
S214019D20049202DA4B4260EB4000CDE900304B462C
S214019D302A4658460A9920F01EF805465646A6E6D3
S214019D4043F02003BCE7D90506F1040A04D53168BF
S214019D5005E000BF559B030058060CD53178CDE9C8
S214019D600224CDE9047300294FEAD1730193B8BFE9
S214019D704942009120E01906E9D5B6F90010EEE750
S214019D8079B1CDE907730023CDE9042306F1070A6B
S214019D902AF0070A06940293FAE80223CDE9002383
S214019DA0C5E7D80506F1040A0DD5CDE90473CDE95A
S214019DB002240191336800934B462A4658460A9975
S214019DC01FF097FFB9E7590607D53178CDE9047337
S214019DD00023CDE902240193CBE7316813F0800F0D
S214019DE018BF89B2F2E743F02003CDE901730736C5
S214019DF026F007060094B6EC020B4B462A46584658
S214019E000A99EAF7C5FC054641E600F0DF00472857
S214019E1001D143F40063CDE90173073626F0070646
S214019E200094B6EC020B4B462A4658460A99EAF7C6
S214019E30F3FAE8E713F0020426D04FF0010A6B1C90
S214019E400B932A464B460A9916F8040BD84774B367
S214019E5054460B9A21E04B4620200A99D8470AEB34
S214019E6005020AF1010A5745F5D83A1E18BF012224
S214019E70002A07F1FF3308BF002307F1010A1D443A
S214019E8008BF4FF0020ADAE7A246E8E7551C4B4640
S214019E9020200A99D8472A460134BC42F6D3A7EBBC
S214019EA00A03574538BF00230B9A1A440B920B9DA1
S214019EB0EDE53246002C52F8046B14BF21464FF0F4
S214019EC0FF310B9232463144107808B1914211D1DC
S214019ED0A2EB060A13F480620C9202D0A24528BFB8
S214019EE0A24613F002030D931BD1AAEB05032A46E3
S214019EF00F9308E00132E7E7531C0E9320204B46F0
S214019F000A99D8470E9A0F9BD318BB42F4D3A7EBF6
S214019F100A03574538BF00230AF101021D4403EB2B
S214019F20020AAB1B0E9304E01C464B462A460A99CE
S214019F30D8470E9BF51816F8010B28B10C9B002B81
S214019F40F3D0631E002CEFD10D9B93B12A46AAEBEA
S214019F50050405E0561C4B4620200A99D847324690
S214019F601319BB42F6D3A7EB0A03574538BF0023A4
S214019F701D440B9E8BE50822A3E60222A1E600BF44
S214019F800FB41FB506AA52F8043B02A90392009229
S214019F9004484FF0FF32FFF76DFD05B05DF804EBA6
S214019FA004B07047179E03001FB5034600914FF09B
S214019FB0FF3203A90248FFF75DFD05B05DF804FB1B
S214019FC0179E03001FB5CDE90201009302A91346AF
S214019FD003484FF0FF32FFF74DFD05B05DF804FB77
S214019FE01F9E03001FB5094B094A1868094B01A9B2
S214019FF01860094B1360094A0192094A1268CDE9B3
S21401A00002231BF0E5FE05B05DF804FB606D002041
S21401A0100440002008400020546D0020CD9104002B
S21401A020EC520020014B18681BF0E6BE606D002064
S21401A03038B5F2F767F80446064D2B68D3F8B00238
S21401A040F2F754F828681BF0EAFE2046BDE83840CF
S21401A050F2F74CB8606D002010B51F4CF0F728F9E8
S21401A060236F012023F0070343F002032367F0F771
S21401A0702DF9D4F82031002023F0070343F0010323
S21401A080C4F82031D4F8403123F0030343F0010330
S21401A090C4F84031D4F8603123F0030343F00103E0
S21401A0A0C4F86031D4F8403223F0030343F00103CF
S21401A0B0C4F84032D4F8003223F0070343F001031A
S21401A0C0C4F80032D4F8083223F0070343F0010342
S21401A0D0C4F8083210BD00BF00800050064B1B6854
S21401A0E01A7A022A01D81AB97047032A00D0704793
S21401A0F01B68024A13607047646D0020EC52002012
S21401A1000022024B5A60DA601A607047F052002053
S21401A11008B501F037FF0022014B1A7008BD00BFD9
S21401A1204D6700200A4601491FF0E3BE59BB0400F3
S21401A1300A4601491FF0DDBE54BB04000A46014928
S21401A1401FF0D7BE4DBB04000A4601491FF0D1BE21
S21401A1504ABB04000A4601491FF0CBBE47BB0400B8
S21401A1600A4601491FF0C5BE42BB04000A46014922
S21401A1701FF0BFBE3DBB04000A4601491FF0B9BE31
S21401A18038BB04000A4601491FF0B3BE31BB0400C8
S21401A19081F0004102E000BF83F0004330B54FEA92
S21401A1A041044FEA430594EA050F08BF90EA020FFF
S21401A1B01FBF54EA000C55EA020C7FEA645C7FEA92
S21401A1C0655C00F0E2804FEA5454D4EB5555B8BFB5
S21401A1D06D420CDD2C4480EA020281EA030382EA26
S21401A1E0000083EA010180EA020281EA0303362DB8
S21401A1F088BF30BD11F0004F4FEA01314FF4801C8B
S21401A2004CEA113102D0404261EB410113F0004F9C
S21401A2104FEA03334CEA133302D0524263EB430353
S21401A22094EA050F00F0A780A4F10104D5F1200EF1
S21401A2300DDB02FA0EFC22FA05F2801841F100014C
S21401A24003FA0EF2801843FA05F359410EE0A5F120
S21401A25020050EF1200E012A03FA0EFC28BF4CF051
S21401A260020C43FA05F3C01851EBE37101F0004507
S21401A27007D54FF0000EDCF1000C7EEB00006EEB14
S21401A2800101B1F5801F1BD3B1F5001F0CD349089E
S21401A2905FEA30004FEA3C0C04F101044FEA4452F5
S21401A2A012F5800F80F09A80BCF1004F08BF5FEA7C
S21401A2B0500C50F1000041EB045141EA050130BD5C
S21401A2C05FEA4C0C404141EB0101013C28BFB1F56E
S21401A2D0801FE9D291F0000F04BF01460020B1FAB9
S21401A2E081F308BF2033A3F10B03B3F120020CDA8C
S21401A2F00C3208DD02F1140CC2F10C0201FA0CF06A
S21401A30021FA02F10CE002F11402D8BFC2F1200CCE
S21401A31001FA02F120FA0CFCDCBF41EA0C01904084
S21401A320E41AA2BF01EB0451294330BD6FEA0404CD
S21401A3301F3C1CDA0C340EDC04F11404C4F12002B8
S21401A34020FA04F001FA02F340EA030021FA04F3CA
S21401A35045EA030130BDC4F10C04C4F1200220FA21
S21401A36002F001FA04F340EA0300294630BD21FA5F
S21401A37004F0294630BD94F0000F83F4801306BF25
S21401A38081F480110134013D4EE77FEA645C18BF19
S21401A3907FEA655C29D094EA050F08BF90EA020FB0
S21401A3A005D054EA000C04BF1946104630BD91EAA8
S21401A3B0030F1EBF0021002030BD5FEA545C05D1AB
S21401A3C04000494128BF41F0004130BD14F58004EA
S21401A3D03CBF01F5801130BD01F0004545F0FE415E
S21401A3E041F470014FF0000030BD7FEA645C1ABF93
S21401A3F0194610467FEA655C1CBF0B46024650EACA
S21401A400013406BF52EA033591EA030F41F40021F5
S21401A41030BD00BF90F0000F04BF0021704730B57B
S21401A4204FF4806404F132044FF000054FF0000150
S21401A43050E700BF90F0000F04BF0021704730B511
S21401A4404FF4806404F1320410F0004548BF4042E6
S21401A4504FF000013EE700BF42004FEAE2014FEA3B
S21401A46031014FEA02701FBF12F07F4393F07F4F16
S21401A47081F06051704732F07F4208BF704793F019
S21401A4807F4F04BF41F40021704730B54FF460742C
S21401A49001F0004521F000411CE700BF50EA01022F
S21401A4A008BF704730B54FF000050AE050EA0102D8
S21401A4B008BF704730B511F0004502D5404261EB48
S21401A4C041014FF4806404F132045FEA915C3FF489
S21401A4D0D8AE4FF003025FEADC0C18BF03325FEA26
S21401A4E0DC0C18BF033202EBDC02C2F1200300FAD7
S21401A4F003FC20FA02F001FA03FE40EA0E0021FAFC
S21401A50002F11444BDE600BF70B54FF0FF0C4CF4E9
S21401A510E06C1CEA11541DBF1CEA135594EA0C0F9B
S21401A52095EA0C0F00F0DEF82C4481EA030621EAD6
S21401A5304C5123EA4C5350EA013518BF52EA033511
S21401A54041F4801143F4801338D0A0FB02CE4FF0C3
S21401A5500005E1FB02E506F00042E0FB03E54FF0F3
S21401A5600006E1FB03569CF0000F18BF4EF0010EEB
S21401A570A4F1FF04B6F5007F64F5407404D25FEAE7
S21401A5804E0E6D4146EB060642EAC62141EA55519A
S21401A5904FEAC52040EA5E504FEACE2EB4F1FD0CDC
S21401A5A088BFBCF5E06F1ED8BEF1004F08BF5FEA5A
S21401A5B0500E50F1000041EB045170BD06F000460C
S21401A5C046EA010140EA020081EA0301B4EB5C04B9
S21401A5D0C2BFD4EB0C0541EA045170BD41F48011B1
S21401A5E04FF0000E013C00F3AB8014F1360FDEBFD6
S21401A5F0002001F0004170BDC4F10004203C35DAB2
S21401A6000C341BDC04F11404C4F1200500FA05F334
S21401A61020FA04F001FA05F240EA020001F00042D5
S21401A62021F0004110EBD37021FA04F642EB06014B
S21401A6305EEA430E08BF20EAD37070BDC4F10C0475
S21401A640C4F1200500FA04F320FA05F001FA04F239
S21401A65040EA020001F0004110EBD37041F1000125
S21401A6605EEA430E08BF20EAD37070BDC4F1200530
S21401A67000FA05F24EEA020E20FA04F301FA05F298
S21401A68043EA020321FA04F001F0004121FA04F240
S21401A69020EA020000EBD3705EEA430E08BF20EA10
S21401A6A0D37070BD94F0000F0FD101F0004640004A
S21401A6B041EB010111F4801F08BF013CF7D041EACC
S21401A6C0060195F0000F18BF704703F000465200D0
S21401A6D043EB030313F4801F08BF013DF7D043EAA1
S21401A6E00603704794EA0C0F0CEA135518BF95EA57
S21401A6F00C0F0CD050EA410618BF52EA4306D1D1DE
S21401A70081EA030101F000414FF0000070BD50EAFC
S21401A710410606BF1046194652EA430619D094EA86
S21401A7200C0F02D150EA013613D195EA0C0F05D170
S21401A73052EA03361CBF104619460AD181EA0301C4
S21401A74001F0004141F0FE4141F470014FF000007C
S21401A75070BD41F0FE4141F4780170BD70B54FF017
S21401A760FF0C4CF4E06C1CEA11541DBF1CEA135597
S21401A77094EA0C0F95EA0C0F00F0A7F8A4EB050479
S21401A78081EA030E52EA03354FEA013100F0888070
S21401A7904FEA03334FF0805545EA131343EA126339
S21401A7A04FEA022245EA111545EA10654FEA0026EE
S21401A7B00EF000419D4208BF964244F1FD0404F5A7
S21401A7C0407402D25B084FEA3202B61A65EB030503
S21401A7D05B084FEA32024FF480104FF4002CB6EBC0
S21401A7E0020E75EB030E22BFB61A754640EA0C0040
S21401A7F05B084FEA3202B6EB020E75EB030E22BF80
S21401A800B61A754640EA5C005B084FEA3202B6EBC0
S21401A810020E75EB030E22BFB61A754640EA9C007F
S21401A8205B084FEA3202B6EB020E75EB030E22BF4F
S21401A830B61A754640EADC0055EA060E18D04FEA0D
S21401A840051545EA16754FEA06164FEAC30343EAAD
S21401A85052734FEAC2025FEA1C1CC0D111F4801F7A
S21401A8600BD141EA00014FF000004FF0004CB6E773
S21401A87011F4801F04BF01430020B4F1FD0C88BF12
S21401A880BCF5E06F3FF6AFAEB5EB030C04BFB6EB1D
S21401A890020C5FEA500C50F1000041EB045170BD10
S21401A8A00EF0004E4EEA113114EB5C04C2BFD4EB3D
S21401A8B00C0541EA045170BD41F480114FF0000EC1
S21401A8C0013C90E645EA060E8DE60CEA135594EA3D
S21401A8D00C0F08BF95EA0C0F3FF43BAF94EA0C0F40
S21401A8E00AD150EA01347FF434AF95EA0C0F7FF4B5
S21401A8F025AF104619462CE795EA0C0F06D152EA09
S21401A90003353FF4FDAE1046194622E750EA4106EC
S21401A91018BF52EA43067FF4C5AE50EA41047FF4FD
S21401A9200DAF52EA43057FF4EBAE12E74FF0FF3C62
S21401A93006E000BF4FF0010C02E000BF4FF0010C33
S21401A9404DF804CD4FEA410C7FEA6C5C4FEA430CAC
S21401A95018BF7FEA6C5C1BD001B050EA410C0CBFFB
S21401A96052EA430C91EA030F02BF90EA020F00205D
S21401A970704710F1000F91EA030F58BF994208BFC4
S21401A98090422CBFD8176FEAE37040F00100704781
S21401A9904FEA410C7FEA6C5C02D150EA013C07D1D8
S21401A9A04FEA430C7FEA6C5CD6D152EA033CD3D023
S21401A9B05DF8040B704700BF8446104662468C461D
S21401A9C01946634600E000BF01B5FFF7B7FF002850
S21401A9D048BF10F1000F01BD4DF808EDFFF7F4FF79
S21401A9E00CBF012000205DF808FB00BF4DF808ED04
S21401A9F0FFF7EAFF34BF012000205DF808FB00BF27
S21401AA004DF808EDFFF7E0FF94BF012000205DF848
S21401AA1008FB00BF4DF808EDFFF7CEFF94BF0120FD
S21401AA2000205DF808FB00BF4DF808EDFFF7C4FFF6
S21401AA3034BF012000205DF808FB00BF4FEA410249
S21401AA4012F5001215D211D56FF47873B3EB62527A
S21401AA5012D94FEAC12343F0004343EA505311F0A1
S21401AA60004F23FA02F018BF404270474FF0000033
S21401AA70704750EA013005D111F0004008BF6FF071
S21401AA80004070474FF00000704700BF4A0011D2E7
S21401AA9012F5001211D20DD56FF47873B3EB625232
S21401AAA00ED44FEAC12343F0004343EA505323FA3E
S21401AAB002F070474FF00000704750EA013002D1B3
S21401AAC04FF0FF3070474FF00000704753B94AB956
S21401AAD0002908BF00281CBF4FF0FF314FF0FF30A0
S21401AAE000F08CB9ADF1080C6DE904CE00F006F863
S21401AAF0DDF804E0DDE9022304B070472DE9F04FEC
S21401AB00099D0E4604460F46002B47D18A429446BD
S21401AB10B2FA82F35AD943B102FA03FCC3F1200216
S21401AB209F409C4020FA02F217434FEA1C461FFA48
S21401AB308CFE220CB7FBF6F106FB117701FB0EF03B
S21401AB4042EA0742904208D91CEB020201F1FF37A4
S21401AB5002D2904200F23C813946121AA4B2B2FBEC
S21401AB60F6F006FB102200FB0EFE44EA0244A64560
S21401AB7008D91CEB040400F1FF3202D2A64500F20C
S21401AB802A81104640EA0140A4EB0E0400211DB1C3
S21401AB90DC400023C5E90043BDE8F08F8B4205D9B0
S21401ABA00DB1C5E9000100210846F5E7B3FA83F1C6
S21401ABB000294FD1B342C0F00281824240F2FF80A9
S21401ABC00846002DE8D0C5E90047E5E7002B40F030
S21401ABD0AF808A1A4FEA1C4E1FFA8CF70121B2FB8E
S21401ABE0FEF60EFB1620220C42EA004207FB06F098
S21401ABF090420FD91CEB020206F1FF382CBF4FF032
S21401AC0001094FF00009904203D9B9F1000F00F095
S21401AC10DC804646121AA4B2B2FBFEF00EFB1022EE
S21401AC2000FB07F744EA0244A7420FD91CEB0404D1
S21401AC3000F1FF322CBF4FF0010E4FF0000EA7427D
S21401AC4003D9BEF1000F00F0C9801046E41B40EAAC
S21401AC5006409CE7C1F120048B4006FA01FC00FA8D
S21401AC6001FE22FA04F7E6408A401F4320FA04F365
S21401AC704FEA174843EA0C031FFA87FC4FEA1349C9
S21401AC80B6FBF8F008FB106649EA064600FB0CF92D
S21401AC90B1450ED9BE1900F1FF3A2CBF4FF0010B9A
S21401ACA04FF0000BB14503D9BBF1000F00F0A280B5
S21401ACB05046A6EB09061FFA83F9B6FBF8F308FB24
S21401ACC0136603FB0CFC49EA0646B4450ED9BE19C9
S21401ACD003F1FF382CBF4FF001094FF00009B445CE
S21401ACE003D9B9F1000F00F08280434643EA0040E1
S21401ACF0A6EB0C06A0FB028C66454346E14602D352
S21401AD0007D1C64505D2B8EB02036CEB070C013838
S21401AD10E1465DB1BEEB030266EB090606FA04F4F2
S21401AD2022FA01F3CE401C43C5E90046002133E771
S21401AD3002FA03FCC3F1200299409C40D6404FEA38
S21401AD401C4E20FA02F21FFA8CF7B6FBFEF00A43FD
S21401AD500EFB1066110C41EA064100FB07F68E4217
S21401AD600ED91CEB010100F1FF382CBF4FF0010991
S21401AD704FF000098E4202D9B9F1000F34D0404697
S21401AD80891B92B2B1FBFEF60EFB161142EA014296
S21401AD9006FB07F191420ED91CEB020206F1FF38C1
S21401ADA02CBF4FF001094FF00009914202D9B9F1C9
S21401ADB0000F16D04646521A46EA00410FE7841A9B
S21401ADC066EB030201201746FBE6023E624421E7DA
S21401ADD002396244C1E664440238D3E66444023868
S21401ADE034E7023E6244E6E702386144C8E7023BC4
S21401ADF03E447BE702383E445BE700BF704700BF36
S21401AE002DE9F04F924685B089461E460D46554AB5
S21401AE100390294615F8014B135D13F00803F8D18A
S21401AE202D2C7CD02B2C4ED04FF0FF3102936FF09F
S21401AE300043CDE9001336F0100851D037464FEAEB
S21401AE40E6783A464346DDE90001FFF73FFE002378
S21401AE5083468E4618461946A44613E0ACF13704DD
S21401AE60A6421FDD002B09DB83457EEB010305D3DC
S21401AE708E4508BF83453BD1A24239DA4FF0FF33F6
S21401AE8015F801CBACF13004092CE9D9ACF1410439
S21401AE90192CE3D9ACF16104192C03D8ACF1570491
S21401AEA0A642DFDC5A1C2FD0029A12B1404261EB57
S21401AEB04101BAF1000F03D0002B48D1CAF8009027
S21401AEC005B0BDE8F08F4FF0FF30029336F0100862
S21401AED06FF000432C7801F10205CDE90003ADD1F6
S21401AEE0302C25D0002E3AD10A27B0463E46A8E798
S21401AEF000FB08F307FB0133A0FB07010B442018F6
S21401AF0043EBE4710123BBE72223039A1360BAF1F2
S21401AF10000F17D005F1FF39DDE90001CEE74FF04C
S21401AF200047009301232C788D1CCDE9017382E73D
S21401AF302B7803F0DF03582B0CD086B90827B046D0
S21401AF403E467EE7DDE9000105B0BDE8F08FCDE9BC
S21401AF500001DFE710276C7802353E4671E71027BF
S21401AF603E466EE761BB04004AE700BF10B4044CDE
S21401AF7013460A46014620685DF8044B40E700BFC9
S21401AF80946D002010B4044C13460A46014620680E
S21401AF905DF8044B34E700BF946D002020F00301F8
S21401AFA010F00300C0F1000051F8043B00F1040C5E
S21401AFB04FEACC0C6FF000021CBF22FA0CF21343CE
S21401AFC04FF0010C4CEA0C2C4CEA0C4CA3EB0C0297
S21401AFD022EA030212EACC1204BF51F8043B043001
S21401AFE0F4D0C2F1000102EA0102B2FA82F2C2F121
S21401AFF01F0200EBD20070472DE9F04780460C4651
S21401B0004548264614F801EB10F80EC01CF0080C53
S21401B010F7D1BEF12D0F5BD0BEF12B0F3AD06546AE
S21401B02033F010003ED04FF0FF379A46B7FBF3F7E8
S21401B03003FB07F96FEA0909002630460EE0AEF178
S21401B040370C63451DDD002E04DBB84202D833D130
S21401B050CC4531DD4FF0FF3614F801EBAEF1300C84
S21401B060BCF1090FEDD9AEF1410CBCF1190FE6D9CF
S21401B070AEF1610CBCF1190F03D8AEF1570C634564
S21401B080E1DC731C1CD005B140420AB1F6B911606F
S21401B090BDE8F08733F0100094F800E0654606F14D
S21401B0A00204C0D1BEF1300F17D06BBB0A234FF09C
S21401B0B005091A4F9A46BFE700FB0AC00126CBE7EF
S21401B0C022233046C8F80030002AE1D0611EDEE7B0
S21401B0D094F800E00125B41CA2E7207800F0DF0018
S21401B0E0582807D083B908234FF007096FF0604747
S21401B0F09A46A1E7102394F801E04FF00F090234B5
S21401B1006FF070479A4697E710234FF00F096FF0DC
S21401B11070479A4690E700BF61BB04009999991958
S21401B1206AE700BF10B4044C13460A46014620687D
S21401B1305DF8044B60E700BF946D002010B4044C2A
S21401B14013460A46014620685DF8044B54E700BFE3
S21401B150946D00200F4B70B50F4DAB42A3EB050667
S21401B16007D0B6100024013455F8043B9847A64290
S21401B170F9D80A4D24F0C4FB094B5E1BAB424FEADB
S21401B180A60606D00024013455F8043B9847A6428B
S21401B190F9D870BD7471002074710020747100209C
S21401B1A07871002070B5860747D0541E002A3ED01D
S21401B1B0CAB2034601E0013C39D303F8012B9D07CF
S21401B1C0F9D1032C2CD9CDB20F2C05EB052505EBB7
S21401B1D0054535D9A4F1100C03F1100E1A462CF0D2
S21401B1E00F064FEA1C1CB644C2E90055C2E90255D7
S21401B1F010327245F8D10CF1010214F00C0F04F074
S21401B2000F0C03EB021213D0ACF1040323F003037B
S21401B2100433134442F8045B9342FBD10CF003045D
S21401B2202CB1C9B21C4403F8011BA342FBD170BD6B
S21401B23064461346002CF4D1F9E703461446C0E7EA
S21401B2401A46A446E0E700BF88420ED98B1883420F
S21401B2500BD900EB020C002A6ED0624613F801CD22
S21401B260994202F801CDF9D170470F2A0FD803464B
S21401B27002F1FF3C002A5FD00CF1010C013B8C442B
S21401B28011F8012B614503F8012FF9D1704740EA07
S21401B29001039B0751D1A2F1100301F1200C70B5F7
S21401B2A023F00F0501F1100E00F110041B09AC4448
S21401B2B05EF8105C0EF1100E103444F8205C5EF857
S21401B2C01C5C44F81C5C5EF8185C44F8185C5EF87C
S21401B2D0145CE64544F8145CEAD1013312F00C0F15
S21401B2E002F00F0C01EB031100EB031329D0ACF1B4
S21401B2F0040C1C1F8E462CF003064FEA9C0C1E44C1
S21401B3005EF8045B44F8045FB442F9D10CF1010421
S21401B31002F0030203EB840301EB840102F1FF3C1C
S21401B3204AB10CF1010C013B8C4411F8012B61452B
S21401B33003F8012FF9D170BD704702F1FF3C0346B7
S21401B3409AE76246EAE700BF2DE9F04F82468E464D
S21401B3503F4875461EF801BB10F80B4014F0080470
S21401B360F7D1BBF12D0F5BD0BBF12B0F6FF000496E
S21401B37004BF9EF800B005F1020E33F0100010D1A4
S21401B380BBF1300F04D0002B5ED10A231F4609E023
S21401B3909EF8000000F0DF0058284ED0002B53D155
S21401B3A008231F460025B9FBF7F6284607FB169823
S21401B3B00EE0ABF1370C63451DDD002D04DB864244
S21401B3C002D321D1E0451FDA4FF0FF351EF801BB4D
S21401B3D0ABF1300CBCF1090FEDD9ABF1410CBCF16E
S21401B3E0190FE6D9ABF1610CBCF1190F03D8ABF11B
S21401B3F0570C6345E1DC6B1C0AD004B140420AB12C
S21401B400CDB91160BDE8F08F07FB00C00125DDE76F
S21401B4102223CAF800305AB10EF1FF314846F0E750
S21401B4209EF800B04FF0004905F1020E0124A4E792
S21401B4304846BDE8F08F8146EEE710239EF801B03E
S21401B4400EF1020E1F46ADE710231F46AAE700BF06
S21401B45061BB0400242B02D8012B00D074E710B581
S21401B46000F02EFA16230360002010BD10B5242A22
S21401B470084C1346246807D8012A05D00A46014617
S21401B4802046BDE810405FE700F01AFA1623036075
S21401B490002010BD946D002010B5242A084C1346D8
S21401B4A0246807D8012A05D00A4601462046BDE889
S21401B4B0104049E700F004FA16230360002010BD8F
S21401B4C0946D0020844641EA000313F0030349D13A
S21401B4D0403A23D30B6803604B6843608B688360F4
S21401B4E0CB68C3600B6903614B6943618B698361F8
S21401B4F0CB69C3610B6A03624B6A43628B6A8362E0
S21401B500CB6AC3620B6B03634B6B43638B6B8363C7
S21401B510CB6BC36340304031403ADBD230320BD381
S21401B5200B6803604B6843608B688360CB68C360BD
S21401B53010301031103AF3D20C3205D351F8043BD7
S21401B54040F8043B043AF9D2043208D0D2071CBFB3
S21401B55011F8013B00F8013B01D30B8803806046DC
S21401B560704700BF082A13D38B07B1D010F003032E
S21401B570AED0C3F10403D21ADB071CBF11F8013B9E
S21401B58000F8013BA4D331F8023B20F8023B9FE7C9
S21401B590043AD9D3013A11F8013B00F8013BF9D23C
S21401B5A00B7803704B7843708B78837060467047D6
S21401B5B0024B014618681BF0F1B900BF946D0020DC
S21401B5C0024B014618681BF0ECB900BF946D0020D1
S21401B5D0CAB384460B4630B504460843800719D0E3
S21401B5E09CF800000C78A04212D150B3012A28D052
S21401B5F0E64603E01CEB030F23D010B31EF8010F41
S21401B60011F8014FA2EB0E03A04203F1FF33F1D074
S21401B610001B30BD032A07D8E2E7043A11D01EF01A
S21401B620803F0ED1032A10D92068194653F8045BCF
S21401B630A446A0F1013E0434A8422EEA000EECD046
S21401B640CEE7002030BD10467047A4461946C7E72E
S21401B65080EA010C1CF0030F37D110F0030C20F028
S21401B660030021F0030150F8042B08BF51F8043BF6
S21401B6700ED08CF0030C6FF07F434FEACC0C23FA0C
S21401B6800CFC51F8043B42EA0C0243EA0C0300BFEF
S21401B690A2F1013C9A4201BF2CEA020C1CF0803F49
S21401B6A050F8042B51F8043BF2D04FEA02604FEAFF
S21401B6B01222012828BFB0EB036F08BF1B0AF4D083
S21401B6C003F0FF03000EC01A704710F0030F0AD0F4
S21401B6D010F8012B11F8013B012A28BF9A42F4D039
S21401B6E0A2EB030070474DF8045D50F8042B01F0FF
S21401B6F0030521F0030151F8043B022D26D04DD855
S21401B70022F07F45B5EB132FA2F1013C2CEA020C87
S21401B7100DD11CF0803C08BF51F8043B0AD185EAE4
S21401B7200205B5EB036F0CD150F8042BE8E74FEA9E
S21401B73013235BE03CF07F4C54D10B784FEA126543
S21401B74054E04FEA126503F0FF034FE04FEA02456B
S21401B750A2F1013C4FEA15452CEA020CB5EB134F5A
S21401B76018D11CF0803C08BF51F8043B07D185EA8C
S21401B7700205B5EB034F09D150F8042BE6E75FEA63
S21401B7800C4C2FD10B884FEA12452FE04FEA0343AA
S21401B7904FEA12454FEA134328E000BF02F0FF05C7
S21401B7A0B5EB136FA2F1013C2CEA020C0DD11CF093
S21401B7B0803C08BF51F8043B0AD185EA0205B5EB87
S21401B7C0032F0AD150F8042BE8E74FEA13630DE084
S21401B7D012F0FF0F06D051F8043B4FEA122523F072
S21401B7E07F4303E04FF0000020BC704705F0FF02E6
S21401B7F003F0FF00012828BF904204BF2D0A1B0A50
S21401B800F4D0A2EB000020BC704700BF08B5064B81
S21401B810044613B1002100F0AFF8044B1B6803B1D6
S21401B8209847204619F0F3FA79B9010038540020F8
S21401B830002301461A46184600F048B8032A30B4D9
S21401B84015D941EA000484460B46A40704D0541EC9
S21401B8500FE0043A032A08D91946604653F8044B08
S21401B8605CF8045BA542F4D0F1E760461946541E25
S21401B8707AB1431E0139021901E09A4209D013F840
S21401B880010F11F801CF6045F7D0A0EB0C0030BCDA
S21401B8907047002030BC704738B5074D074C2C1B4D
S21401B8A0A41005D0013C55F8043D9847002CF9D169
S21401B8B0BDE8384024F02AB87C7100207871002059
S21401B8C0014B1868704700BF946D0020F0B5264CF8
S21401B8D083B006460F46256805B36C681F2C3FDC0F
S21401B8E0A6B1D5F8880048B3D0F800114FF0010C86
S21401B8F040F82420022E00EB84020CFA04FC4CEAE9
S21401B9000101C0F80011C2F8803010D0631C00207D
S21401B91002346B6045F8247003B0F0BD1349144837
S21401B920216010B10068C1F88800104DD5E7D0F845
S21401B930043143EA0C03C0F80431E7E70D49CDE9C9
S21401B940002369B14FF48470FFF732FE40B1002145
S21401B9506C68C0E94011DDE90023C5F88800C5E739
S21401B9604FF0FF30D8E700BFC85400203C540020F9
S21401B97000000000B1B501002DE9F04FDFF8B490EA
S21401B98083B0D9F8006096B3884601907568D6F8FA
S21401B99088706C1E2BD4013507F1800B06EB8505EC
S21401B9A0B8F1000F26D173682A68013BA3423BD049
S21401B9B000232B60BAB1D6F804A05FB30123D7F8F1
S21401B9C00011A3400B4225D0D7F8040157F82410E4
S21401B9D003422BD1019890477368D9F8002053454C
S21401B9E01ED1B2421CD1013C043D631CD8D103B028
S21401B9F0BDE8F08F4FB15BF824304345D3D0013C0E
S21401BA00043D621CF3D0002FF5D1013CEFD3013C7D
S21401BA10FBD2ECE790477368D9F800205345E0D095
S21401BA20002AE4D01646B1E77460C3E7084690479B
S21401BA30D2E700BFC8540020431E033306D8044B88
S21401BA40984228BF1846642838BF6420704700BF54
S21401BA5040420F0038B5194B05461B680C4603B12A
S21401BA60984744B1236833B11B68013303D0E368B8
S21401BA700BB1A3684BB91EF0F8FE00204FF4C1725B
S21401BA80412100F0FFF9212038BD204602F04AFC92
S21401BA9000230B4A85F83C31C5E93743C2E9003338
S21401BAA063694BB1074A422110684FF4D272C31A38
S21401BAB05842584100F0E6F90020E5E738570020E3
S21401BAC0106A00209C570020F8B5044623F00FFCAE
S21401BAD0002607460E4B1B6893B19E68AEB196F8DA
S21401BAE02420D20711D435460FCC0FC50FCC0FC575
S21401BAF023682B6096F8243043F0010386F824303F
S21401BB00384623F0EFFB3046F8BD1B68E4E700BF7C
S21401BB10E86D002010B5044618B9054B054A1360B8
S21401BB2010BD00F0D9FCD4F8E830002BF6D1F4E7CC
S21401BB3015A00300E46D0020014B1868704700BF94
S21401BB40106A002008B502460868FFF775FF08600E
S21401BB504868FFF771FF48608868FFF76DFF8860E7
S21401BB60C868FFF769FF0B69C860581C03D00B480B
S21401BB70834228BF03460B614B69581C03D0074814
S21401BB80834228BF034688694B61FFF755FFBDE82E
S21401BB9008408861104601F07BBC00BF40420F00A0
S21401BBA0D0F8E0302DE9F04105460C4613B1C38DBF
S21401BBB08B424CD0D5F8DC30002B4BD09E68002E43
S21401BBC048D0D868002845D0013800B200281ADBD2
S21401BBD0002106E0128A591CA24217D209B28842F5
S21401BBE011DB0B1803EBD3735B1003EBC30206EBFD
S21401BBF08202B2F80EC003F1FF3EA445EAD90FFA5D
S21401BC008EF08842EDDA2120BDE8F0814FF6FF7212
S21401BC1099B29142F7D09BB203EBC30306EB8306BE
S21401BC202846B6F9122095F83011D5F8F080EFF7CE
S21401BC3055F80746B8F1000F04D0002332462846CF
S21401BC401946C047EC85C5F8E06085F839710020D3
S21401BC50BDE8F0810E20BDE8F08100BF2DE9F04778
S21401BC6082B004460F46164601F086FE002863D1D0
S21401BC704F4D2B68D4F8DCA0D4F8E0800BB15345C7
S21401BC8076D04FF00009AF6001F09EFE012807460E
S21401BC9065D120461EF028FD002851D12B68DAF820
S21401BCA00010D8F8002013B1186888426BD02046DF
S21401BCB01EF0CCFCC5E900A8D4F8F0508DF807605A
S21401BCC0002D67D00022204611460DF10703A84734
S21401BCD0204600F0EDFF0546B9F1000F0FD076B90A
S21401BCE0D4F88C300BBB012F05D025B1314B002188
S21401BCF003205B689847284602B0BDE8F087B5FA8E
S21401BD0085F040F207523321400900F0BBF8314676
S21401BD10204601F00BFA284B05461B684146204693
S21401BD209847D4F88C30002BDDD000224FF40073F6
S21401BD30204600F0E1FBD6E700231D4D6B6098E737
S21401BD4094F82530DA07A9D5D4F894305B05A5D543
S21401BD501A4B0122002120461B6898479EE70021C6
S21401BD60012000F001FC01F02FFE0128FBD190E735
S21401BD706B68002B85D0434583D1AB689F4215D0B5
S21401BD804FF001097FE7696811B10968914291D0C6
S21401BD9059688CE794F82A1094F83931324699425A
S21401BDA028BF1946204600F0D1FE91E70025A2E7FC
S21401BDB0106A0020F06D0020E46D00203C57002042
S21401BDC0F8B50F46054623F092FA39460646284648
S21401BDD0FFF7E6FE044620B1304623F083FA2046FC
S21401BDE0F8BD01F0A7FD224639462846FFF736FF83
S21401BDF004460028F0D128461EF076FC0028EBD039
S21401BE0095F8253013F001030DD0D5F8942052058E
S21401BE100DD5B5F82A21BA4205D0B5F82C31DB1B71
S21401BE20B3FA83F35B09034A82F8C430D4E72346A6
S21401BE30F9E700BF001E00B013B5044669461EF0C0
S21401BE4017FA20461EF05BFBFF28024606D0204666
S21401BE509DF80010EEF7C0FF02B010BD0048FBE7EA
S21401BE600080FFFF38B5044D044C054B2860216067
S21401BE701A6022F091FE38BDCC560020EC6D0020F1
S21401BE80D056002010B550B90548064B016006484B
S21401BE9002601868054B18601868FFF7E3FF10BDCD
S21401BEA0EC6D002028580020D0560020CC560020EB
S21401BEB02DE9F0418AB001AC05460B462746194AE2
S21401BEC002F1200C264610685168083203C6624506
S21401BED03446F7D1002B08BF3B46002710681C46A6
S21401BEE03060384603F10C0690B95FFA87F842468F
S21401BEF0284621881EF0FBFB50B942462846E188B9
S21401BF001EF006FC20B94246314628461EF012FCB9
S21401BF100137032F06F1080604F10204E4D10AB042
S21401BF20BDE8F08184BC0400F0B589B005460E4634
S21401BF301EF00FFC044600BB01AC06F10C070FCF48
S21401BF400FC497E8070084E8070001A92846FFF711
S21401BF50F9FD2846311D1EF0D6FD044648B928468F
S21401BF60074901F057FA044618B9284601F0C6FDFC
S21401BF70044628463168FFF79BFF204609B0F0BD0E
S21401BF807CBC040001491EF0C6B900BFCDDA010031
S21401BF9070B5164E032804460D4633781ED023FA94
S21401BFA004F202F00102AA421DD053B10122A240BE
S21401BFB0A54023EA02032B43DBB233704BB10120C9
S21401BFC070BD2DB10A4B01201B6898473378EDE709
S21401BFD03570074B00201B689847F0E79A07DED0BC
S21401BFE003F0FC03E9E7002070BD00BF4E670020A8
S21401BFF01057002038B504460D4605F077FD60B1B0
S21401C00001F0C6FC48B9012D07D801201EF04CFBF3
S21401C0100D4B1B6823B15B6898470C4B1C7038BDF1
S21401C02023F0BFFA0A4B1A68801A186021F02EFF17
S21401C0304FF47A72074B1B6802FB00301EF069F959
S21401C040012001F0ADFCE8E73457002041710020E3
S21401C050085700200C570020F8B505460C4623F07B
S21401C06046F9104F06463B7833B1012D04D01CB972
S21401C0700D4821F05DFE3C7021462846FFF788FFFB
S21401C0800A4B04461B783BB93B782BB91EF000FBE4
S21401C09010B1074B1B689847304623F023F920461A
S21401C0A0F8BD00BF4F670020E45600204E67002011
S21401C0B0F06D0020054A0B46117831B10021117050
S21401C0C0034A012152681878104770474F670020CD
S21401C0D0F06D0020124B0239012910B518701ED8D8
S21401C0E005F004FDD8B101F053FCC0B101F034FAFB
S21401C0F0A8B90C4B1C6834B123689847BDE81040BA
S21401C10000201EF0D1BA1EF002F9074B186023F08A
S21401C11048FA064B1860204601F042FCEEE710BDD7
S21401C12041710020345700200C570020085700208A
S21401C13038B5044680B123F0DAF8012104460846F2
S21401C14021F09AFA01210B4A08461AF0FBFC204618
S21401C150BDE8384023F0C6B823F0C9F805462146A5
S21401C160012021F089FA01202146024A1AF0EAFC50
S21401C1702846EDE7B1920400F0B585B023F0B7F894
S21401C180344D04462B7823B1334821F0D1FD0028E5
S21401C19052D121F057FE02AA03A91EF063FA034604
S21401C1A0002838D01EF072FA029B98421CD100205B
S21401C1B02A4B03991B682A4E9942307020D90027D2
S21401C1C0C91A012324482B70264A3346CDE9007745
S21401C1D023F0C3F9002837D1234A1378D90701D5AC
S21401C1E03178F9B1204611E01EF04EFA029B9842D2
S21401C1F028D0002318461949194A09681370039173
S21401C2000121FFF7C5FE002320462B7023F06AF8B4
S21401C210002005B0F0BD20462B7023F063F82120E6
S21401C22005B0F0BD03F0FE031370002BDAD10F4BFF
S21401C2301B6898472046E9E7204623F053F80E206E
S21401C24005B0F0BD0220B3E7032320462F703370FC
S21401C250F3E700BF4F670020E45600200457002094
S21401C26040710020B5C001004E6700201057002025
S21401C27038B523F03CF80F4D04462B789BB90E4A8F
S21401C2800E4913700E4B0F4A0F481A600F4A5A6038
S21401C290F0F7CEF90E490F48F0F7CAF90E4B0F4AE0
S21401C2A01A6001232B70F0F7CDFA204623F01AF816
S21401C2B0002038BD506700204F670020A8BC04004E
S21401C2C0F06D002079C10100D456002059C001004C
S21401C2D0B0BC0400DC5600201057002031C101001C
S21401C2E02DE9F0438F7880460F2F0C4685B003D991
S21401C2F0212005B0BDE8F08327B90123374A002085
S21401C3001370F6E70D784E78EDB9002EF0D194F95A
S21401C3100310E08803F00AF82128E9D055EA06035D
S21401C320A088DFF8C89013D003F064F84FF6040332
S21401C330B9F8002001469A424BD1AE42334638BF87
S21401C3402B4600262DE0082DD2D8082ED0D8DEE7C1
S21401C35003F050F84FF6040501464FF60500204A53
S21401C360136E9BB2AB4208BF0346B1F5803FA9F8F6
S21401C37000300FD902230825136680230126C2F850
S21401C38080302B4649084FF6FF720139914228BF8B
S21401C390114608E08023012608251666C2F880307B
S21401C3A02B460029EFD1002202920122013FFFB263
S21401C3B0009201972A4608F1F80002F0B7FE1EB176
S21401C3C04FF48012074B5A65074BA2681A60022386
S21401C3D094E703480266A9F80030AEE751670020EB
S21401C3E000C001B800D001B81C570020C270002060
S21401C3F010B50446D0F818210B4B4FF40061C3F872
S21401C400A82090F82420D20102F4006205F0D2FAA6
S21401C41094F8243013F0100F4FF4007314BF034A3E
S21401C420034A136710BD00BF001E00B0001002B81B
S21401C430002002B8431C07D06FF0FF02034B1040E8
S21401C4401A62A3F580531862704700BF00E000B877
S21401C450F8B504460F46164622F049FF0546A047A2
S21401C460044620B1284622F03DFF2046F8BD04F0E0
S21401C4707FFC04220549D1F8D83E23EA070333435B
S21401C480C1F8D83E024B1A67ECE700BF001000B0B7
S21401C490002002B800F01803182B0AD003070AD4AC
S21401C4A040F2011310F0100018BF1846034B186530
S21401C4B070470020FAE70120F8E700BF001F00B030
S21401C4C0044B1868830654BFC0F30F204FF6FF7065
S21401C4D0704700BF0458002038B10368044A002B97
S21401C4E008BF1346034A13607047014BFAE700BFC3
S21401C4F05DA30300FC6D002010B4D0E95441224036
S21401C5000B4052EA030104D003495DF8044B096865
S21401C51008475DF8044B7047FC6D00200F2938B5BD
S21401C52005460C460ED801F04FFA01280CD1074AF1
S21401C5302846D36B23F00F032343D3631EF018F969
S21401C540002038BD2120FCE70220FAE7001F00B0DA
S21401C550014B186C704700BF001F00B0014B002054
S21401C56019647047001F00B003282DE9F347884679
S21401C57055D82C4B13F800902B4B1E5C2B4B13F805
S21401C58000A022F0B4FE074604F03EFB054640B18B
S21401C59000230022CDE9003301200023002104F00E
S21401C5A079F904F039FB48B100230022CDE90033C4
S21401C5B0002000234FF4004104F06CF96EB31C4BCD
S21401C5C0DC6C04F008041B4B3146DC64484604F07E
S21401C5D02DFC52463146484604F092FC164BDC646C
S21401C5E06DB1164B1868D0F89410F83003F06EFA57
S21401C5F013490868FFF71EFF4FF0FF330B60B8F1D1
S21401C600000F04D00F4B002103205B689847384683
S21401C61002B0BDE8F04722F065BE3446D3E702B06B
S21401C620BDE8F087C0BC0400BCBC0400B8BC040074
S21401C630004000B8006000B8005000B8285800203C
S21401C640F86D0020F06D00200F4A136F13F0A00F55
S21401C65015D1506F10F0040013D10C4BD3F8D83E0F
S21401C66023F07F4323F0FF035BB1D368C3F3036278
S21401C670092A07D0B2F10C0018BF0120704700202C
S21401C68070470120704700BF000002B8001000B0DC
S21401C69070B50D46064620B91A4B1B68A3B10E208D
S21401C6A011E001F091F9012829D1174B93F90040C7
S21401C6B0C4F11C04641BC4F11C03002BB8BF5B420D
S21401C6C0232B0CDD212070BD81EAE173A3EBE1731E
S21401C6D0DBB2232BF6D80C4B19700020F3E786F853
S21401C6E0285022F004FE094AE402D36904F4FF2428
S21401C6F023F4FF231C43D46122F0F4FDEDE702206E
S21401C700E1E700BF285800205267002000C000B8AB
S21401C71018B9034B93F90000704790F92800704749
S21401C7205267002010B504461DF0DEFF10B101204F
S21401C73001F0D4F92046FFF75BFE22F0D8FD0A4A45
S21401C7400121D2F8A030044623F02003C2F8A0301D
S21401C7500222064B08469A60054B5B6898472046BE
S21401C76022F0C0FD002010BD001E00B0001002B86F
S21401C770F06D0020064B5A6A920207D4D3F8803037
S21401C78013F4706F14BF012000207047012070471A
S21401C790004001B8F8B50E46D0F8943002EA01041C
S21401C7A023EA01032343C0F89430464A01F00B0301
S21401C7B023EA0401D1642340A2F58052D3647207B0
S21401C7C0054610D50121FFF7D5FF60B104F0D0FA78
S21401C7D04FF4007314F0040F14BF3B4A3B4A5362F4
S21401C7E004223B4B1A67F30606D514F0100F14BF4C
S21401C7F000221B22374B5A6537061DD5200616D553
S21401C8004FF40012304B1A62012203F58053C3F82D
S21401C810002122F06CFD0E210746032003F09EF84E
S21401C82040F201222B4B3846DA6222F05BFD2146AC
S21401C83005F1F80003F04AF9F10503D5E2052AD51A
S21401C84003F05CF8B30503D5A70527D503F062F816
S21401C85016F48C6F1DD014F4806224D095F8253020
S21401C860DC070CD5EA8DB5F82A31934219D0B5F814
S21401C8702C31981A43424341174A82F8C430D5F8FE
S21401C880E41028461DF06BFD8022144BD864144B2F
S21401C8901A610020F8BD03F02BF8D3E703F034F853
S21401C8A0D6E70123E8E77105E9D595F82530DB07DA
S21401C8B0E5D5094B114683F8C4200A4B28461B6868
S21401C8C09847DCE7006000B8005001B8006001B886
S21401C8D0002002B8004000B8001E00B0001F00B0E3
S21401C8E0000002B83C570020014B1868704700BF93
S21401C8F02857002037B522F0FAFC00240123002235
S21401C900CDE90034002305461946104603F0C2FF60
S21401C910022002F0E7FA064B21461C60054B022076
S21401C9205B689847284622F0DDFC204603B030BD00
S21401C93030570020F06D00202DE9FF4102290D46F9
S21401C94016469846039004D1FFF7D4FF04B0BDE81D
S21401C950F08122F0CCFC1E4F04463B683BB1B3424B
S21401C96005D022F0BFFC002321203B60EEE7194BE7
S21401C9700022C3F800803E60002301264FF0000825
S21401C98010461946CDE9006603F084FF124B0220DB
S21401C99083F8008002F0A6FA43462A46022003A93D
S21401C9A002F0BEFA0D4B039A1A6008B92046D8E782
S21401C9B00B4D2B689847212804D0204622F092FC84
S21401C9C00020C3E731466B6802209847F5E700BFB1
S21401C9D0305700202C57002054670020285700208D
S21401C9E0F06D0020044B5B6E5B054EBF0120034BD0
S21401C9F0187800F00100704700C001B854670020A5
S21401CA000A78022A11D0101F4242424152004B7846
S21401CA101201022B0BD0191F4B424B415B000549FB
S21401CA20054842EA8312FFF713BD0122EFE701230F
S21401CA30F5E700BFF0FFFF0011DA01000B78022BCB
S21401CA4010D0181F434243415B004A78022A0BD09C
S21401CA50111F4A424A4152000F21044843EA82020A
S21401CA60FFF7F6BC0123F0E70122F5E73DDA010006
S21401CA702DE9F8430E780446042E0D4690F83081D1
S21401CA800BD100275FFA87F9484601F07DFD08B112
S21401CA904E4602E00137042FF4D1304601F074FD12
S21401CAA0002849D094F83031B34209D1AA88D4F885
S21401CAB0A8309A4204D16A88B4F832319A4238D002
S21401CAC084F83061AB883046A4F834316B88A4F81A
S21401CAD03231AB8804F59875C4F8A830FF2384F882
S21401CAE02B301DF0F6FE84F82A00284601F078FC6B
S21401CAF018BB284601F03EFDF8B9D4F8E03053B132
S21401CB0094F83011414506D02046B3F91220EEF7CD
S21401CB10E5F884F83901204601F09AFE0949A4F89F
S21401CB2034010123084AD1F8FC1004F1F80003F09F
S21401CB30AFFC0020BDE8F88321200C2384F83031B7
S21401CB40F8E700BF001F00B0581F00B0F8B5054653
S21401CB5090F830010C460C28164623D0FF2923D026
S21401CB601AB14FF0FF32114B1A601DF0B2FE0746A4
S21401CB7095F8300101F068FD844228BF0446E4B20E
S21401CB80BC4238BF3C46E0B285F82B0001F002FEFD
S21401CB90FF280CBF2124002416B9284601F068FDA1
S21401CBA02046F8BD0224FBE72124F9E7006E0020A9
S21401CBB010B590F8303104460C2B43D0D0F8E03055
S21401CBC080F82A10D3B3D0F8F020CAB990F83931DA
S21401CBD08B421BD300222046FFF7B8FF40BB1A4BFF
S21401CBE01B78022B23D8204601F032FE1749012379
S21401CBF0174AD1F8FC1004F1F80003F049FC16E0DE
S21401CC00B0F94220B3F912309A42E3DD0022204601
S21401CC1094F83911FFF79AFF50B9C4F8E00020469E
S21401CC201DF0A0FA4FF6FF739842014601D100208D
S21401CC3010BD2046BDE81040FFF7C2B8FF2380F8BC
S21401CC402B30F4E70220F3E7C6700020001F00B087
S21401CC50581F00B0F0B51D46144B04461B780F460E
S21401CC60164685B05BB1D0F8E030E3B102AAB3F95D
S21401CC7012300092002218F0C7FE05B0F0BD02A9DE
S21401CC801DF0F6FA9DF808103A462046EEF726F80B
S21401CC90014626B92A462046FFF758FFEDE720460B
S21401CCA0FFF786FFE9E71846E7E700BF829404002E
S21401CCB0D0F89C30012B01D10020704770B5044696
S21401CCC065498CB01DF03AFED4F8E0600146E58D6A
S21401CCD0C4F8E40026B1336813B15B68002B71D148
S21401CCE022F005FB22F0FEFA0123D4F8E4108DF8B9
S21401CCF00630B389D6E90120EB1A9BB200FB03226A
S21401CD005648ADF80430036800928B4207D020469F
S21401CD101DF025FB80225249524BC8641A61514DC1
S21401CD2000F052FE0128FBD1AB689E06F8D42046DF
S21401CD309DF80620009906AB03F0E6F800283ED1E0
S21401CD4000F042FE0128FBD1464A136FD801FCD4FD
S21401CD5093689906F9D4684606A903F08DFA054644
S21401CD6068BBE28D404B5A6494F8243060F341036B
S21401CD7084F8243000F0EEFFD4F8E0305969431E01
S21401CD800E68DBB2FD2B029622D9F31C34D84B6811
S21401CD90FF2803935ED10126DA1C25D8024602A994
S21401CDA020461DF0F4FCE6B9D4F8543199053FD479
S21401CDB094F8243043F0020384F8243011E0022072
S21401CDC00CB070BD1A68032A8AD99B6A5B0E8EE77F
S21401CDD04B6801280393DED00246204602A91DF0C7
S21401CDE0D6FC00200CB070BD0133204B5B6816D01A
S21401CDF0DA1C23D80393D1E71C4B01361B6818BFF6
S21401CE000126DD1C06D802934B68FF280393C3D086
S21401CE100020C3E7FF284B6819D00393C3E7DD1C46
S21401CE200FD80246204602A903931DF0B0FCBBE7CB
S21401CE3020464FF480311DF032FED2E7FF28B2D1F2
S21401CE40E6E7FF28B0D10022204602A9EDE701203F
S21401CE500393A1E72A46C0E7FC1F00B0185700203D
S21401CE60001F00B0000002B8008001B8086E002064
S21401CE7010B50C4619B11DF037FC00B1043420463C
S21401CE8002F0B8FA024B4042C3F8C80E002010BDAB
S21401CE90001000B0838E70B593420C4615461CD325
S21401CEA0836C8B4208BF002422F021FA4FF49C5376
S21401CEB00B490646CA68C2F30362D340DA0702D5B5
S21401CEC00B6F9B0304D401222946204601F016F875
S21401CED0304622F007FA002070BD2120FCE700BF93
S21401CEE0000002B82DE9F84F064615460B4611B963
S21401CEF02120BDE8F88F002AFAD0032905D80022A0
S21401CF0001F05EF903460028F2D01C889978B4F542
S21401CF10804F01F0070080F0C580A0F1070C1A7958
S21401CF2093F805A0DF88DCF1000343EB0C0305282A
S21401CF302B7394BF0023C1F30013C1F3801C6B73E2
S21401CF408B0985F810C003F00203C1F3C00C43EA55
S21401CF500C03C1F340116B74A974AF82002A40F030
S21401CF60828096F81E31013BDBB2EB74D6F8943022
S21401CF70DF0600F18380063801287FD8B6F81280D4
S21401CF80F76908F1FF38484B083C04EA08045B6D72
S21401CF903B5D0134802B0EBF6FF07F03323B5BB2EB
S21401CFA0AB730023AB6096F8279004EA0804B9F146
S21401CFB0000F61D1631D03EA08035A1C02EA080246
S21401CFC0BA5CFB5C43EA0223D9040FFA83FB4CD517
S21401CFD0D6F8E43013B11B68022B05D841F24D7226
S21401CFE04C210020FEF74EFFD6F8E420CBF30B03CE
S21401CFF092F82420DB000AB1B3FBF2F39A4508D875
S21401D0003BB1CAEB0A2ABAFBF3FA6FEA0A0A5FFADD
S21401D0108AF9D6F8EC3023B1484695F90E109847B0
S21401D0208146631C85F80F9003EA0803F95C013317
S21401D03003EA0803FA5C013303EA080341EA022122
S21401D040FA5C013303EA0803F85C41EA0241002373
S21401D05041EA00616A7C304603F0D8FA062328606C
S21401D060AB71002045E7531E7EE717F804904FEAA0
S21401D07049095FFA89F9CCE79946D2E700230020EF
S21401D080EB730A4B5A69C2F30723120448BF63F0D5
S21401D090FF035AB212F1800F1CBF323B5AB2AA7379
S21401D0A00346DCE7022024E7004000B800C000B8D1
S21401D0B038B5148811F003054FEAC40422D13F2C79
S21401D0C020D9B4FA84F4C4F11903DBB2052B01D8D4
S21401D0D0192C15D0052B28BF052301240633DBB2F6
S21401D0E09C40C4F3CF03138003828161448700F020
S21401D0F02DFF054A631E2343C2F8A430284638BDD7
S21401D1002B46EAE72125F9E7001E00B011F5004F8E
S21401D1101FBF01F30E01044BC1F30E01002014BF23
S21401D12099642120704700BF008001B8F8B5044615
S21401D1300E4619B990F824305A063FD44FF6FF73BD
S21401D140618ED4F8E470994204D0314B1B680BB160
S21401D150204698472F4D2B68BB424DD02E4B1B685F
S21401D1603BB11FB13A68002A48D0BF68394620460D
S21401D17098470727204601F06BFB002E32D0062782
S21401D1800126264B94F9282093F900302449C3F14F
S21401D1901C039B1ACA69DB0222F4FF2203F4FF2355
S21401D1A01343CB61D4F8E4301E4A2B601E4B9767BD
S21401D1B020461E701DF0DCFA0020F8BD4FF6FF7108
S21401D1C0144DD0F8E4702A6866F3861397424186B8
S21401D1D080F8243017D0104B1B68002BC1D101F00A
S21401D1E037FB072711493B46114AD1F8FC1004F1D9
S21401D1F0F80003F04DF9C2E70127BBE717462046C2
S21401D20039469847B5E701F023FB0127EAE700BF57
S21401D210245700201857002020570020526700206E
S21401D22000C000B8006000B853670020001F00B0BF
S21401D230581F00B0054A12681AB190F81E1119B9A4
S21401D2401047084602F0AABB014870471457002051
S21401D25000FEFFFF344B2DE9F7431C6801F400790B
S21401D26000F00103174653EA090206460D4635D07B
S21401D2704FF000083BB30023002200210120CDE936
S21401D280008803F007FB042001F02CFE41462046EF
S21401D290FFF7D0FF01224146208610461CF014FFFE
S21401D2A0D4F8941004F1F80002F010FC1F49086845
S21401D2B0FFF7C0F84FF0FF330B6094F8243043F0CB
S21401D2C0040384F82430B9F1000F07D00121204669
S21401D2D01DF0E5FB25F4007506430D432B4632464B
S21401D2E02046FFF709F9FB070FD51149114A0868CF
S21401D2F000211368116001210F4A117003B198478C
S21401D3000E4B002102205B68984717F00E0F08D0DD
S21401D3104FF409723B21002003B0BDE8F043FEF74D
S21401D320B1BD03B0BDE8F08328580020F86D002099
S21401D3302C5700203057002054670020F06D002045
S21401D34008B5482200210248FDF72CFF002008BD41
S21401D350DC1E00B073B578216422A0F81411822176
S21401D3600C23C0E94112C0E94322C0F8002107227C
S21401D3704FF0FF35002680F830314FF6FF73044634
S21401D380C28700F14C0282641E4AC385A0F8403071
S21401D39080F82C3043864263038780F82860C0F803
S21401D3A0A850458580F8265003F03EFC2046FFF73E
S21401D3B0C7FF94F928102046FFF76AF9602340F664
S21401D3C0FF71114A2046D36402F11C42D162D16535
S21401D3D00E4A2946D36440220D4B1A67D4F894208E
S21401D3E0FFF7D8F90E230022CDE9003340F20223DD
S21401D3F01046194603F04EFA01F0E2F8304602B044
S21401D40070BD00BF4000FFFF004000B8005000B8EC
S21401D410002002B810B50C46FFF792FFBCB1A37806
S21401D420082B16D8E278082A13D843EA021313F019
S21401D430FF030CBF19466168074AC2F8DC10217861
S21401D44082F82011617882F8233182F821110020B8
S21401D45010BD2120FCE700BF001E00B0012A10B558
S21401D46012D8032B10D803EB82020123074C9340FA
S21401D47094F82201DBB221B10343002084F8223163
S21401D48010BD20EA0303F8E72120F9E7001E00B0EB
S21401D490034670B50C68B0F83421013408BFD3F8E0
S21401D4A000418D6808BF0C604C68F830013404BF39
S21401D4B0D3F80C414C606E1C3CD1D3F80841CE68C1
S21401D4C08C60751C3CD1D3F804510E69CD600136D1
S21401D4D004BFD3F8F8600E614E69013604BFD3F875
S21401D4E0FC604E618E69013604BFD3F810618E610F
S21401D4F08E695EB35A32B24238BF32460E688A61CE
S21401D50016B15A2E38BF5A26C3F808414C68C3E9EB
S21401D5104065C3E943420A69C3F8F8204A690C49E1
S21401D520C3F8FC20D1F8FC1007230A4A02F0B0FF2A
S21401D530002070BD02F15A04AC4238BF2C46BEE74B
S21401D54002F17805B54238BF3546BEE76422D5E715
S21401D550001F00B0581F00B070B521F0C8FE044689
S21401D5600B4E00F031FA012805D0204621F0BAFE14
S21401D5700225284670BDF36813F0706FC3F3036588
S21401D580EFD1B36ADB06ECD5204621F0ABFEF0E71F
S21401D590000002B838B521F0AAFE4FF6FF710A4A1C
S21401D5A013888B4203D121F09DFE0E2038BD074C17
S21401D5B0074D1B046566A4F580546366118021F04F
S21401D5C091FE0020F2E700BFC4700020006001B8A1
S21401D5D00000FFFF2DE9F74304460F4615461E4699
S21401D5E0FFF732F830B3A38A23B320461CF082FE3D
S21401D5F078B9002E40F0F280794BD3F8D83E03F08C
S21401D6003002102A00F0EA8003F0C003402B00F03D
S21401D610E580DFF80082D8F81430D90740F1DE80C3
S21401D62021F065FE0646032001F058FD30B1304674
S21401D63021F058FE022003B0BDE8F083D8F814208C
S21401D64012F00608F3D1304621F04CFE644B4FF43D
S21401D65000612046D3F8D89ED3F8AC6E04F0BEF92C
S21401D66040B14FF4007201215E4B08461A674246EC
S21401D6701CF02AFD94F82530DA0707D5D4F8943043
S21401D6805B0542BF4FF40022574B1A6739462046C6
S21401D690FEF796FB524BC3F8D89EC3F8AC6E002833
S21401D6A0C9D194F82430980601D4002D57D0C5F37B
S21401D6B0400003F023FB022315F4807F1BBF0021EB
S21401D6C0494A484A136717BF484A136751611363AB
S21401D6D003F04EFB4FF4806315F0040F14BF444A69
S21401D6E0444A15F0400F53624FF004023D4B284662
S21401D6F01A674FF0400314BF3F4A404AC2F88830C9
S21401D700FEF7C8FE20461CF01FFF38B14FF48073A9
S21401D71015F0010F14BF344A324A1367A90647D5DC
S21401D7204FF6FF72B4F8403093420FD0344A354971
S21401D730526E100CC2F301120132B3FBF2F30880F1
S21401D7402B4A2C4930481B0448665366003D18BFD7
S21401D750012594F8243065F3451384F824302046D7
S21401D7601CF0C2FFF0B120461CF0EEFED0B14FF423
S21401D7700031204604F032F9431C03229BB22348B1
S21401D78001A91DF069F89DF8042002F00703052B96
S21401D7909DF8053015D112070DD443F480731C4A49
S21401D7A0C2F8B830002003B0BDE8F0431DF061B800
S21401D7B0FFF7F0FECAE713F0040F09D19DF8063013
S21401D7C0EBE703F03002202A05D113F0010FF4E74E
S21401D7D04FF48073E3E79DF80630E0E70E202AE772
S21401D7E0001000B0002002B8001002B8004000543B
S21401D7F0005001B8006001B800D000B800E000B8E1
S21401D800004001B8C47000200000FFFF084000542B
S21401D810001E00B000C001B82DE9F3410646884657
S21401D82015461F4621F063FD0446032001F056FC11
S21401D83038B1204621F056FD0E24204602B0BDE840
S21401D840F081042001F04AFC0028F2D1204621F0A4
S21401D85049FD01232A4641463046FFF7BBFE0446F2
S21401D8600028EAD1DFF8C8805FB388F8000039469F
S21401D8703046FEF735FD00284CD198F80030012BD4
S21401D8801CD02022244B1A67244BDB6CB3F5817F16
S21401D8901FD201201DF02EF821F029FD204B06464F
S21401D8A01B680193CBB901F093FC15F0800526D1D6
S21401D8B001F0E0FC284603F0F5F925E003F008FA4C
S21401D8C0BBE798F80030012BF8D0002BD9D12124E2
S21401D8D0B3E78022134B1A61DBE7042001F002FB59
S21401D8E000230122042001A901F01AFB0028DAD145
S21401D8F003F056FA2124304621F0F4FC9DE700227D
S21401D900094B9A6701F0B6FC084B01215B680020C1
S21401D9109847F0E7044690E7001002B8001F00B0F1
S21401D9201C570020000002B800C001B8F06D0020AE
S21401D9305167002008B50C4BD3F84C114B1C12D084
S21401D94011F080410FD1094B1B6813B10320FEF77C
S21401D9500BFE4FF080624FF40071054BDA67054A03
S21401D960D16201225A6108BD0080E00F28580020CC
S21401D970001002B8004000B84FF40022034B186FA5
S21401D98003F500531A67C0F3C0407047000002B8A1
S21401D990024B586900F00100704700BF00C001B893
S21401D9A0084B5A69D10707D508B901F077BA5B6900
S21401D9B0DA0706D401F064BA5B69DB0701D40028F4
S21401D9C0F8D1704700C001B80F4BDB68C3F303639F
S21401D9D0013B0B2B0FD8DFE803F006060C06060604
S21401D9E006080A0808080220704704207047052028
S21401D9F0704703207047054B5B6913F0060F0CBF99
S21401DA0001200420704700BF000002B800C001B822
S21401DA10094AD368C3F303630B2B08D06FF4905005
S21401DA20184100F0010080F0010040007047106FBF
S21401DA3010F48030EDD17047000002B80C4AD3686C
S21401DA40C3F30363062B07D8042BD8B20BD8C31E27
S21401DA505842584140007047072B06D1D2F8300192
S21401DA600028ECD17047022070470020704700BFA5
S21401DA70000002B8094BDB68C3F303639A1E012A50
S21401DA808CBF00220122012B02701EBF4FF40262DE
S21401DA9022FA03F303F001030B707047000002B88B
S21401DAA0094AD368C3F30363032B01D0072B08D1BC
S21401DAB0536FDB0605D4906F80F00800C0F3C000FA
S21401DAC070470020704700BF000002B8024B0022DA
S21401DAD019681CF0EABD00BF24BD0400024B1B6898
S21401DAE003B11847704700BF48570020024B1B6818
S21401DAF003B11847704700BF4457002010B5FF22F6
S21401DB004FF6FF7104461CF0F2FD68B9FF224FF68E
S21401DB10FF7120461CF0FCFD30B92046BDE81040E0
S21401DB20FF2202491CF006BE10BD00BFC8BC04009F
S21401DB302DE9F0411C46184B05461E680F469046D7
S21401DB4046B1306801F01CFEF3681BB1B368186873
S21401DB5001F016FE114B1B682BB1DA681AB19B68EF
S21401DB60186801F00DFE9DF81830640744EA084273
S21401DB705B0503F0BC6342EAC7621A4328460849BC
S21401DB8042F4C87203F016FF002228461146FFF73A
S21401DB9081F90020BDE8F08120BD040024BD040009
S21401DBA09007E12D08B5FFF77BFF88B1094BDA69CD
S21401DBB012030DD5186F10F4003009D19B6F13F0C6
S21401DBC0100F4FF010030CBF034A044A936708BDB9
S21401DBD00220FCE7000002B8001002B8002002B8DC
S21401DBE038B50446F8B1124AD3691B031DD5556FE3
S21401DBF0104BC5F38115032DB3F8B4300DD10822AF
S21401DC00083B9BB221460C481CF026FE0020084B20
S21401DC1025729B6F1B0A637238BD022D05D1023B2C
S21401DC202A469BB2EEE72120F6E70220F4E700BF82
S21401DC30000002B8001E00B038400054431EDBB29C
S21401DC40FD2B14D9FF280B6801D14A68134313F042
S21401DC50802F1EBF42F20102074BC3F8282251F85B
S21401DC602020054BC3F85022C3F8542270470128E0
S21401DC70F5D10023E9E700BF004001B8F0B585B053
S21401DC806D460E460F4B074614460FCB85E80F0030
S21401DC900D4BD3F848020090D3F84C2201923EB1C6
S21401DCA0631EDBB2FD2B0AD93060FF2C00D17260F7
S21401DCB02246294638461CF06AFD05B0F0BD012C07
S21401DCC0F4E700BFD0BC04000080E00FF0B585B0DB
S21401DCD06E460D4B07460D460FCB86E80F0000F04B
S21401DCE039F831460446024638461CF0C9FE4DB1A5
S21401DCF040B9FF2C1BBF04AB03EB8404009B54F814
S21401DD00103C2B6005B0F0BDD0BC040030B50C4B08
S21401DD100546187085B0082380B90A4AC2F8FC3354
S21401DD2051B96C46084B0FCB84E80F00074B2A46C7
S21401DD3021461868FFF7A2FF05B030BD044AEDE79B
S21401DD4042710020001002B8E0BC040028580020F0
S21401DD50002002B8014B1878704700BF42710020BE
S21401DD60124BD3F8E020D2031ED54FF4803210496F
S21401DD70C1F8E020A1F58051C1F8EC201A6CD1B2AF
S21401DD80C2F30722C3F88010C3F880200422C3F828
S21401DD9080200022C3F88020C3F88020C3F88020AA
S21401DDA0C3F88020C3F88020704700BF00400054AD
S21401DDB000600054F0220A4B01219A64A022A3F5C8
S21401DDC080539A64074B826CC3F8C010FC21C3F8D9
S21401DDD09810C3F89C204FF40052C3F8BC2070473B
S21401DDE0006000B800400054F8B50D4617460646D8
S21401DDF021F07DFA01230421084C094A2363A76018
S21401DE00E6602561C2F8E010064AC2F8843121F0C6
S21401DE1069FA0DB102232363F8BD00BF0040005428
S21401DE200060005400E100E00222024B58611A63D0
S21401DE30704700BF004000540122044B1A6640F6AA
S21401DE40FF729963D863DA65704700BF00400054DB
S21401DE502DE9F04F042A05460B4683B039D9012631
S21401DE600978141F81615A7803F1040982619A784E
S21401DE708261DB7883610368D0F808B003F007039A
S21401DE8006339E4006F1FF3A0AEA0B084768A6EBFE
S21401DE900802944247F000570ED84946224607EB3F
S21401DEA00800FDF70FFB46EA0A0604EB0B023240B8
S21401DEB0AA6003B0BDE8F08F494607EB080001925F
S21401DEC0FDF700FB019A384609EB0201A21B42440A
S21401DED0E7E7013A032AECD8DFE802F00B0805026F
S21401DEE013F8012B826113F8012BAA6113F8012B99
S21401DEF0AA611B78AB6103B0BDE8F08F38B50C465C
S21401DF00154601460F4B60B101220F48C3F8C020E9
S21401DF102246FFF79DFF1DB104220A4BC3F8C0201D
S21401DF2038BD64B1D3F8A420A24284BF0122C3F84D
S21401DF30C0200222C3F8A040C3F8C020EBE70122AC
S21401DF40FAE700BF004000549840005438B5044634
S21401DF5021F0CDF901211A4A638F054611663BB3BC
S21401DF60B3FA83F3C3F11903DBB2A069C2F89010C8
S21401DF7093660723D066C2F88C304FF4A02302F5CF
S21401DF800052C2F8E030A2F58052C2F8EC3000220E
S21401DF900C4B1A600C4B1B6F5B0209D54FF48002C9
S21401DFA00A4B04F1F8001A67D4F8941001F08EFDBC
S21401DFB04FF4E0232846E363BDE8384021F092B9E8
S21401DFC0004000544C570020000002B8002002B860
S21401DFD02DE9F84305460C46B1B1D0F81880478FB5
S21401DFE021F085F9B5F83CC0791E01EA0C0323F04F
S21401DFF00702032C0646DFF8F8E042445CD1DEF85F
S21401E000004024B921F06EF90E20BDE8F88324F013
S21401E0100104DEF8000020F00100A04251D10023E7
S21401E020CEF80030238894426FEA43436FEA5343A5
S21401E03023803CD1EB8F08EB07091846083880B2DD
S21401E04002F108044C4528BF4446082804D9B4F810
S21401E05000E0BEF5804F3ED263440F431B1A3B409F
S21401E0609BB2AB87E887118894781C4AC1F30C01F0
S21401E07051645367C2F88C004FF48022184B04F0A9
S21401E0800704C3F8E0200122164BC3F88421FFF7EA
S21401E09067FE042C0BD14FF48002134B05F1F800F8
S21401E0A01B6F124B1A67D5F8941001F00FFD30461E
S21401E0B021F018F90020A8E7601E012898BF144631
S21401E0C0A7E7E88F4344E31A48BFDB1908389842AC
S21401E0D0A8DC304696E72246B0E700BF0040005471
S21401E0E00060005400E100E0000002B8002002B821
S21401E0F04C570020144B10B51968CA8F8B8F488F68
S21401E10013440138073B8C69034023F007031C4482
S21401E11002F108030D4A9BB2CB87C2F88C304FF44C
S21401E12080220B4BC3F8E02001220A4BC3F884215E
S21401E130A07800F00700042803D1074AD3681B0320
S21401E140FCD4064B1C6010BD28580020004000542B
S21401E1500060005400E100E0000002B84C570020C7
S21401E16010B5064C216839B1CB0703D4044B1868A7
S21401E170FFF72EFF0023236010BD00BF4C57002081
S21401E180285800204FF480320B4B0C49C3F8EC2082
S21401E190A3F50053C1F8E020D3F888109A6E012346
S21401E1A002F0070206329340C1F30C01083B994284
S21401E1B001D8FFF7D5BD70470060005400500054E9
S21401E1C02DE9F04780460C4616468769458F21F0B3
S21401E1D08EF8B8F83C2005F1FF3C02EA0C0323F068
S21401E1E00701032C82463944B8F83E0019D1494C40
S21401E1F024689CB90244073A02EA0C0222F007029C
S21401E200BC183B44E31A48BF5B19834210DB5046F7
S21401E21021F068F800242046BDE8F08724F00104C8
S21401E220EFE7012C02D0022CEBD108380C46E8E7C8
S21401E230002E3DD08C423FD1374AD2F84490364921
S21401E240B8F81270D1F88820C2F30C02934247DA6C
S21401E2502588B5F5804FDAD2A378C5F30C0503F00F
S21401E26007037A1EA5EB09053A43052B337005EA29
S21401E27002052DD82DB2E84340F241420421C00FD9
S21401E280FDF700FE7580E3783374D8F81C207B1EFA
S21401E29003EA0903D118B160A9B213FA85F5AF42B2
S21401E2A02FBF0023FF1AB780F26024BFB180F3604E
S21401E2B0504621F017F8AEE7A4F10802974284BF52
S21401E2C0ED0802EBC502B2F80090C9F30C09B6E7F7
S21401E2D0124B5B6D003B18BF0123A5EBC305C9E7D5
S21401E2E00B6C7A1EA3EB09033A431A400C4915B28C
S21401E2F0002DCB680BDCC3F30363D81E43424341B6
S21401E300DB0033708B6F72801B0A3374BDE7082302
S21401E310F7E700BF4C57002000400054004000B80B
S21401E320000002B8054BA822D3F84C013121431C4A
S21401E3300CBF0120C0F38070FDF7A4BD0080E00F84
S21401E34038B5094D0446286840F69702003818BFCC
S21401E35001202B21FDF796FDFA235C432B680A204A
S21401E360B4FBF3F4604338BD80570020174B30B53B
S21401E3701A68431C164B22D0B2F1407F1FD3154DAD
S21401E38000F03F04D5F8002122F03F021443C3F801
S21401E390C84001F03F042243C3F8D020D5F8043129
S21401E3A00D4A1A400D4B03EA500003EA510110438F
S21401E3B01143074BC3F8CC00C3F8D41030BD00207E
S21401E3C00146C3F8C800C3F8D000F2E70080E00FAA
S21401E3D0001F00B0000002B81FF087E1E0FFFF7FDA
S21401E3E073B5574E0446317819B91C225548FCF7C7
S21401E3F0D9FE2378544A6188137051804FF0FC622D
S21401E400524CFF21C4F8FC204FF47F02C4F80821C7
S21401E4104F4A022B4F4D117033D1042307224E4928
S21401E420C4F8FC23C5F8FC33C4F800114FF4C071DE
S21401E430C5F80011C4F8FC234FF48052C5F8FC332C
S21401E440C5F870214FF40052C4F87021C4F80831A1
S21401E4504FF4FF13C4F8FC304FF4BB13C5F8FC307F
S21401E4608023C4F8703148F2C8023C4BC3F8D82068
S21401E4703B4B3C4A0020C3F8C02F0123337002B047
S21401E48070BD394A012BC4F80021384B27D14FF40F
S21401E490C072C5F80021D3F83802D3F83C12FFF752
S21401E4A065FF0723C4F8FC330223C5F8FC334FF499
S21401E4B08053C5F870314FF40053C4F8703104230B
S21401E4C0C4F808310DEB0300ECF740FB9DF805306E
S21401E4D0023B012B9CBF8023C5F87031C3E7244A59
S21401E4E0C5F80021D3F83002D3F83412FFF73EFF07
S21401E4F00723C4F8FC330123C5F8FC338023C4F892
S21401E50070314FF4805301A8C4F87031ECF71EFB4C
S21401E5109DF80530012B05D19DF8043053B948F21A
S21401E5205D1309E0FBD9023B012B9CBF4FF400535E
S21401E530C5F8703148F25813084AC2F8D83097E740
S21401E54055670020C41F00B0C6700020002002B826
S21401E55046710020001002B8C0F10F00001F00B085
S21401E560001000B054570020C0F70F000080E00FE5
S21401E570C0F60F00034B1A6802609B888380002058
S21401E580704700BFC670002010B5044601F026F89B
S21401E5900A4BD3F8F83724B983F40023C3F3C040F9
S21401E5A010BD012C05D113F4C02F0CBF0120002093
S21401E5B0F6E7A31E58425841F2E700BF000002B832
S21401E5C06FF07F42154BD3F8FC37934208D0144ABC
S21401E5D003F03F031370F123124A1370124A1370AB
S21401E5E01249134B09781A68A9B1B2F1A06F12D378
S21401E5F0D3F850120F4A104BB1F1FF3F18BF134624
S21401E6000E4A136041F66A020D4B1B68B3FBF2F328
S21401E6100C4A13607047084BF2E700BF000002B8CF
S21401E6204771002048710020497100204571002083
S21401E6300080E00F5082E00F04BD04005057002018
S21401E6409C57002080570020012807D0022802D0BE
S21401E65030B100207047034B18787047024BFBE738
S21401E660024BF9E7477100204871002049710020EC
S21401E6700023F0B590F8304185B002462046CDE93A
S21401E6800133CDF80B30FFF7DFFF92F82B30411E38
S21401E690C9B28B4228BF0B46002C3CD0012C38D186
S21401E6A0042418464FF00F0C384E0DEB0405B0FB52
S21401E6B0FCF7F75D013CC01BC0B2814238BF0020A9
S21401E6C06055002CF3D105240F278DF80830B3FBD5
S21401E6D0F7F0305C0344DBB28B4228BF0B462B5568
S21401E6E001340B2CF3D10F2602F1A800D43215F811
S21401E6F0013BB3FBF6F14C1CC1EB01115B1A013374
S21401E700DBB2E4B21B0443EA045340F8043F8242FE
S21401E710EDD105B0F0BD042418464FF00F0C1C4F88
S21401E7200DEB0406B0FBFCF5EDB27D5D013C401B34
S21401E730C0B2814238BF0020A055002CF2D105247A
S21401E7400F258DF80830B3FBF5F0385C0344DBB2D7
S21401E7508B4228BF0B46335501340B2CF3D10F25C2
S21401E76002F1A804D43216F8013BB3FBF5F1481CBC
S21401E770C1EB01115B1A0133DBB2C0B21B0443EAE1
S21401E780005344F8043FA242EDD1C2E7FDBC0400A9
S21401E790F0BC040038B5284B05461A7827490C2AE0
S21401E7A002D1FF20087038BD10461CF092F80446CE
S21401E7B01046FFF749FFA84228BF2846C0B2A0422C
S21401E7C038BF20460B78C0B28342ECD0087088B1BF
S21401E7D0431EDBB2022A1A490ED14FF0FC62C1F881
S21401E7E0FC20A1F50051D1F8FC2042EA4353C1F8C0
S21401E7F0FC30D8E70346EDE7124A134C1268AC32F8
S21401E800C4F8C02F4FF47F02C1F808210F49CA6F20
S21401E810D202C8D40F22B3FBF2F2551CC2EB02128D
S21401E8209B1A0133D1F808411B0443EA05532343DD
S21401E830C1F80831B7E700BFC67000204671002056
S21401E840002002B828580020001000B0000002B8CE
S21401E8502DE9F04F90F830510646D0F8A82087B041
S21401E86035BB1F2A38BF1F22093A4C24844B8548E2
S21401E8701B6A96F82B10C3F38213DC400368DFF89B
S21401E8802CA29342DFF828827F4B04F0010414D1B6
S21401E8901F78A74211D19AF80070AF420DD17B4F75
S21401E8A03F788F4209D1B8F8040007B0BDE8F08F71
S21401E8B0032A38BF0322023AD7E7026098F800001D
S21401E8C01C70FFF7C1FEFF2924D128461CF001F871
S21401E8D007466F493CB3D6F8E4702FB13B68082B66
S21401E8E040F2CB8097F838701DBB0B6840F271215F
S21401E8F0B3FBF1F353431922B3FBF2F339462A462D
S21401E90005A805931BF0BBFF02023C04059842F0E4
S21401E910110988E0471E8F4228BF0F46012F38BFD6
S21401E9200127FFB2D5E7012D29D0022D01D0B5B3BD
S21401E93027460B6840F27121B3FBF1F353431922CA
S21401E940B3FBF2F33946012207EB072405A805932A
S21401E95007EB04241BF093FF7F00032F38BF032728
S21401E960020242EA001242EA0009033F00F01F00D9
S21401E97007FA00F0FFF7E4FC00F5FA6758E00F230A
S21401E980B7FBF3F3581CC3EB0313FB1A0133DBB2DB
S21401E990C0B21B0443EA0053C3F30747C9E70C6838
S21401E9A040F27121B4FBF1F40F2354431922B7FB53
S21401E9B0F3F3B4FBF2F43748374A0068A2FB0412BB
S21401E9C0013350FA83F313F8013C0392A3F140019B
S21401E9D02A4603A801931BF052FF039F2F4AE41B0C
S21401E9E0A2FB041200903021049204A82A461BF0D0
S21401E9F046FFDDF810B08146A4EB0B040122059416
S21401EA00102144F2100405A81BF039FF009B1A02DE
S21401EA10019B42EA091244EA0344059B42EA0009C3
S21401EA2007EB0B001844FFF78BFC00F50C57283753
S21401EA3040F6FF711A4B3846C3F8C010A3F5805351
S21401EA40C3F8C090A3F58053C3F8C440154C2760A3
S21401EA5001F0B0FC4FF47A72134B4042986523687C
S21401EA600A49B3FBF2F3A8F8043096F82B30B7FB4B
S21401EA70F2F08AF800500B7017E7002734E700BF62
S21401EA80004001B8006E0020566700204371002048
S21401EA909C5700205057002069C2F568911E856B6F
S21401EAA0006001B884570020001F00B044710020A8
S21401EAB0C6700020014B1870704700BF45710020DA
S21401EAC010B5044603F012F878B1174B1B786BB9F2
S21401EAD064B1164B1B784BB1154B1B78013B012BD0
S21401EAE004D84FF40042134BDA6710BD124BDB6FAC
S21401EAF01B04FAD420F0FBFB4FF400420F4B0446F4
S21401EB00DA67A3F5A0435B682BB1FEF741FF10B1AE
S21401EB1002201BF0EFFE0222094B2046BDE8104002
S21401EB20C3F8842420F0DEBB576700205867002016
S21401EB3088570020002002B8000002B8001002B872
S21401EB4000D003500122024B00201A70FFF7B8BF15
S21401EB50576700200022024B01201A70FFF7B0BF52
S21401EB6057670020F7B50646504C00F037FD504B6E
S21401EB702578504F1E7085BB2846FFF7A1FF2378E6
S21401EB80013B012B19D8E37B01A88DF80430237CC7
S21401EB908DF80530E9F7FAF9C7F884544FF6FF7295
S21401EBA0454BC3F88420F822A3F58053C3F884208C
S21401EBB00022404BC3F884240DE04FF6FF723E4B13
S21401EBC0C7F88454C3F88420F822A3F58053C3F809
S21401EBD08420C7F88454394B5BE00020FFF770FFB0
S21401EBE02378013B012B08D8E37B01A88DF804307C
S21401EBF0237C8DF80530E9F7C9F90023C7F884347A
S21401EC00002ECBD062685AB32D4B1B6803EB520320
S21401EC10B3FBF2F3013B1B0243F0F80326782649C7
S21401EC20022E284A1ED0032E4FF6FF75214826D005
S21401EC30012E34D143F00203C1F88450C2F8843067
S21401EC400723C0F88434E37B01A88DF80430237CC5
S21401EC508DF80530E9F76EF90120FFF731FF17E06F
S21401EC60F823DBE74FF6FF7043F00103C1F8840099
S21401EC70C2F8843006220F4BC3F88424E3E743F03E
S21401EC800503C1F88450C2F884300423C0F88434E4
S21401EC900D4B4FF080420020DA6703B0F0BDC1F89B
S21401ECA08450C2F884300023F0E700BF8857002064
S21401ECB05867002000C00350006000B8002002B86A
S21401ECC09C570020005000B8001002B8F0B5294F3C
S21401ECD006463D4604460FCE0FC5336885B02B6009
S21401ECE000F07CFC0022244BC3F88424A17A627ACB
S21401ECF042EA0142C3F89024217CE27B42EA0142C7
S21401ED00C3F88C24217B627B41EA0240C3F8880465
S21401ED103B78032B2AD8DFE803F022020C178DF884
S21401ED20041004218DF805200DEB01000022E9F7FF
S21401ED30CDF8E37B00228DF80830237C042102A85D
S21401ED408DF80930E9F7C2F8637A01228DF80C30A4
S21401ED50A37A042103A88DF80D30E9F7B7F8074B1D
S21401ED60187805B0BDE8F040FFF7FCBE212005B0DD
S21401ED70F0BD00BF8857002000C003505867002030
S21401ED80034BDB6F002BBCBF024BC3F888007047F8
S21401ED90000002B8004000B82DE9F0471BF00EFE57
S21401EDA04FF47A762D4BB0FBF6F618604FF4FA73F3
S21401EDB0734307462A48190E1B021818294A4FF0B2
S21401EDC0000341F10001FBF781FE274BA0F580729D
S21401EDD005461A6320B948222B21FDF753F8012571
S21401EDE04FF47A724FF0000A6A43534650083102D4
S21401EDF0FBF76CFE1C4B1D4AB7F57A7F9A601C4BDD
S21401EE004FEA056819601B4B8946044618604FEAAD
S21401EE10152505D29B222B215046FDF733F80126F6
S21401EE204FF47A73A8FB030103FB05117308C0189E
S21401EE3041F1000100233246FBF748FE0E4B023437
S21401EE4019600E4B49F10009A408186044EA897458
S21401EE50054B013C9C63BDE8F08700BF9C57002032
S21401EE6020A1070040420F0000C001B802110100B6
S21401EE70AC570020A8570020A4570020A057002018
S21401EE801022044BC3F884215A600122024BDA6037
S21401EE90704700BF00E100E000C001B81022064B39
S21401EEA0C3F88421C3F88420BFF34F8FBFF36F8F5D
S21401EEB00422024BDA60704700E100E000C001B8AE
S21401EEC010B50446A242A2EB0000A3EB010104D256
S21401EED0034B01399B6B0133184401F0030110BD4C
S21401EEE000C001B838B501250A4B02019D504FF408
S21401EEF080730446084A8340536620F0F8F9074AAF
S21401EF00A540137823EA05031370BDE8384020F0C6
S21401EF10E9B900BF00E101B800E001B8616700206F
S21401EF202DE9F84F164605468A461F4620F0DFF9BA
S21401EF30022E00F09080804620F0E6F9594B5A4A9E
S21401EF40D3F82090147D5A6EE4B2520744BFD3F82A
S21401EF502090013404F0030420F0D1F948462146FC
S21401EF6000F036FA8446DAF80000012E04BF0130BC
S21401EF706044ACEB000C08BFCAF80000BCF1804F3F
S21401EF807DD300F037FA8145A1EB040188BF454BDC
S21401EF90DFF834C188BF01F1FF3101F0030188BFFA
S21401EFA09B6BA0EB090E0CF80510A1B1F90742BF47
S21401EFB041F61F723D4B5A67BA0742BF3B4B3C4A6C
S21401EFC05A677B0742BF0022364B9A673C0742BF0F
S21401EFD00022344B9A6511244FF0010A314B05F19A
S21401EFE01002120103EB051BCBF80C0131499C50B2
S21401EFF01A6A0AFA05F4586E0B78A2EB0902E4B213
S21401F000234372450B7025D34FF48073AB40034204
S21401F01020D11CF80520002A40D10EB3264AF80755
S21401F020536607D541F61F7140F201101F4B596711
S21401F03050675967B90706D51C4B1D4A1E491F481C
S21401F0405A6748675A677A0742BF01221C4B1A6102
S21401F0503B071AD4404620F045F90120BDE8F88F59
S21401F060184A2D0142F805A042F89C3C20F03FF9D1
S21401F07010490B7823EA04030B7020F033F940465D
S21401F08020F030F90020BDE8F88F2120FFF778FE48
S21401F0904FF48032034B4046DA60DCE7064A4046CE
S21401F0A05366D8E700C001B80C58002000E001B84C
S21401F0B000001F1F6167002000D001B80000010199
S21401F0C0000002B800E101B859670020024B187829
S21401F0D0003818BF0120704761670020034B1030CD
S21401F0E00001185800F00100704700BF00C001B8C9
S21401F0F070B50646FEF74CFC044608B1FFF7CEFE97
S21401F1000023084D3046AB61EB612B6200F072F9CB
S21401F110054BC9B2197528620CB1FFF7B1FE002084
S21401F12070BD00BF00C001B80C5800202DE9F041A9
S21401F1309DF818800D46B8F1000F08BF0022214E39
S21401F140B5F5803FB168074621F4700141F4A0018E
S21401F150B1609DF820409DF81C104FEA042444EA53
S21401F160016444EA031444EA084444EA02044FF002
S21401F170180140F2E9222CBF002001207465FCF73B
S21401F18081FE3564B8F1000F1AD00F4BBC68D3F876
S21401F19088305A2C38BF5A245B0606D500F0F0FB9F
S21401F1A018B10A4BB3FBF0F31C44204600F022F9D9
S21401F1B00130854238BF0022024B34BF5A6458647E
S21401F1C0BDE8F08100C001B800C000B800093D00EC
S21401F1D0214B10B51A6E1A66596C59B11F49C96888
S21401F1E000292EDB596D4FF0FF3301F00F018B40E4
S21401F1F09A4326D110242020FFF7C2FD184B9C60AD
S21401F20002F088FB2022174BC3F8842101F0F4FC9E
S21401F21048B1002200200821FEF71CF8124B5C665C
S21401F220A3F580531C670D4AD36803F07063B3F1EE
S21401F230807FF9D9084B0D4A5A6741F201429A6715
S21401F24010BD01F0D9FC0028F4D0094B064A5366DC
S21401F250A2F580521367EDE700C001B8000002B8BE
S21401F260001002B800E100E000E001B8011B01183F
S21401F2701000002008B52120FFF782FD4FF48032F0
S21401F280014BDA6008BD00BF00C001B8F8B5184DE3
S21401F29004462B6A1B0426D500F0E6FB2B6AA0FB6E
S21401F2A0044613F0787F4FEA9367C3F34450C3F3E1
S21401F2B0044505D140F25A422B21FCF7E3FD01201B
S21401F2C0AD01B5FBF0F010EB871005D140F25F42BF
S21401F2D02B21FCF7D7FD01200246002320463146AC
S21401F2E0FBF7F4FBF8BD00F04BFBA0FB0401F9E7CC
S21401F2F000C000B80246012030B50B4CA0F1200337
S21401F300C0F1200524FA05F504FA03F32B4304FAA9
S21401F31000F595428B4100D330BD0F2801D0013056
S21401F320ECE7FF20F8E700BF40420F0010B50C469F
S21401F330FFF7ACFFC30943EA4163C01A61EBD11181
S21401F340FFF7D8FFFF2814D00F220C4B40F0100017
S21401F350C3F88820A3F58053C3F88800A3F580532B
S21401F3601B6ADBB2802B06D02046BDE8104000F0B9
S21401F37067BB212010BD0220FCE700BF00E000B8FB
S21401F38038B51FF0C1FF084B084A1D6A147D5A6E36
S21401F390E4B2520744BF1D6A01341FF0B0FF28468D
S21401F3A004F0030138BD00BF00C001B80C580020AE
S21401F3B00346064A103302EB00111B01D1F80C017B
S21401F3C0D158C1F340011BF0A0BA00BF00C001B87C
S21401F3D0064B1B68434303EB8171054B1B68A3FB7C
S21401F3E0003013F1004341EB00007047A4570020A2
S21401F3F0A05700200C4A20F04043014610B50020DB
S21401F40014684FF00042E4FB0320084A890F126893
S21401F41002FB0300064B9B6B984204D90133013172
S21401F420C01A01F0030110BDA8570020AC570020F8
S21401F43000C001B8044B01F0F071103041F0030137
S21401F44000011950704700BF00C001B808B522205E
S21401F450FFF796FC4FF48022014BDA6008BD00BF2F
S21401F46000C001B808B5064B4FF030401A68054990
S21401F4709200FCF727F8BDE8084001F0E3B800BFAA
S21401F48040BD040044BD040070B50C68651C15D071
S21401F490C4F302669E42C4F3074530D1A4B2944237
S21401F4A02DD804EB8506B24229D2141BA50824F0F8
S21401F4B003040E59340F04D0012C08D00022212455
S21401F4C002E06B1C51F82320C0E9002470BD0E4CED
S21401F4D034F8133042EA03431A686B1C51F8234090
S21401F4E001EB83014B6822405E4036F0704404D144
S21401F4F01B0F032B04BF8B681A430024E4E7013576
S21401F50001EB8501C1E700BF18BD040007B501A8DE
S21401F510EBF71CFB4822164B5A65164AD2F8D43034
S21401F52023F4FC33C2F8D430134B1B689DF8053026
S21401F530023B012B19D84022104BC3F8FC23104B79
S21401F540D3F85C32DBB2FF2B00D10623094A1B033A
S21401F550D2F8FC139BB20B43C2F8FC33D2F830212D
S21401F560084B1A6003B05DF804FB00F0E7FEECE719
S21401F570008001B8000002B8002000B0001002B8F8
S21401F5800080E00F4057002000224FF400710F4B1F
S21401F59010B51A675A679A670D4AD162012102F5BA
S21401F5A0E8325161DA6812F0706FFBD14FF03042E9
S21401F5B001245A6602F5FC5208329C66DA64054B51
S21401F5C01B689847044B5C6110BD00BF000002B881
S21401F5D0004000B8046E0020002002B801230F4A44
S21401F5E00F49C2F880328A6A22F002028A620D4A04
S21401F5F053600D4A53600D4A5360A2F58042536032
S21401F600A2F54042536002F5C032536002F58042D3
S21401F6105360A2F500425360704700BF008000505F
S21401F62000C0005000D000B800500054005001B88F
S21401F63008B5FFF7D3FF0E4B0E4ADA6700F076FEE9
S21401F640FFF764FF03220C4BC3F8E020012203F509
S21401F6504043DA674FF460725A614FF40072DA671A
S21401F660FEF778FBBDE808400021FEF74FBB00BF60
S21401F670000002B80048F000005001B82DE9F04F34
S21401F680054687B002900F4657F8044B631C06D117
S21401F690029B2C60E81A801007B0BDE8F08F5FEA85
S21401F6A0147B18BF0123344AC4F3016108BFC4F3B5
S21401F6B0074332F81120A4B24FEAC30A2F4844EA9E
S21401F6C002440AF104022A4482421BD20722CA409B
S21401F6D002F0010201929A0004EB830303930123D3
S21401F6E0B94603FA0BF808F0940305F108060492EC
S21401F6F00593039B09F10409A34208D104995544D3
S21401F7003944C0E71D4A9542E0D80020C4E7059B6E
S21401F71053B918F0420F19D118F0280F0BD146F83B
S21401F720084C59F8042C21E04FF4206232210020C5
S21401F730FCF7A8FBF3E740F6042232210198FCF718
S21401F740A1FB04F5805246F8082CEAE740F60D22A4
S21401F75032210198FCF796FB04F50052BBF1010F2C
S21401F76046F8082CDDD159F8042CD24346F8042C6F
S21401F77004340836BDE700BF18BD0400003000B0F1
S21401F780F8B50546F0B10026154B34461F46154917
S21401F79053F8042BBAB9A00000F13040294600F511
S21401F7A00150FFF76BFF30B940F6AE323621BDE8A7
S21401F7B0F840FCF767BB0C4B0134044447F826506D
S21401F7C023F81640F8BDAA42FCD001360C2E02D012
S21401F7D031F81640DCE740F6C83236210020E6E76D
S21401F7E0B0570020F65F0020F85F002070B5044691
S21401F7F0A8B1C1B1384A52F8043B984215D100234A
S21401F80036498A689206FCD49B00354A03F1304398
S21401F81003F50153C2F8B0302022324B9A6070BD16
S21401F82001330C2B02D1304D12E0012352F8041B98
S21401F830A142F5D12D4A32F81330E1E704D16268CE
S21401F840C3E90012083403E0012A01D10434196027
S21401F8502268531CE3D0C2F3016335F81300110C80
S21401F86093B211F0FE0F43EA004360680DD00434F2
S21401F870CAB2022A2168E1D9D4E90160033AC3E990
S21401F880001698600C340C33F3E7120F072AD9D808
S21401F890DFE802F00704090D1013181DC04303F535
S21401F8A000531860CEE71A6842401A60CAE703F5AB
S21401F8B08053F6E71BF01EF8C4E7012203F58053D8
S21401F8C08240F2E7012203F500538240EDE71A6811
S21401F8D030EA0202FBD1B5E7B0570020000002B8BB
S21401F8E0001E00B0001002B818BD0400F65F00202C
S21401F8F00122014BDA677047001002B80122014B62
S21401F900DA677047002002B84022014BDA67704779
S21401F910002002B84022014BDA677047001002B897
S21401F9200B4B1B68D3F8E43023B11A68022A01D9BD
S21401F930186A7047074B9A6D90B238B1064BC2F3FE
S21401F94007421B68DB085343B3FBF0F0704700BF68
S21401F95028580020004001B89C570020064BDB6861
S21401F960C3F30363984206D1044AD36B23F0F00332
S21401F97043EA0111D1637047000002B8001F00B0CE
S21401F980054B1B68D3F8E43013B11A680A2A01D86C
S21401F990FFF7C6BF186C7047285800202DE9F743BB
S21401F9A006461AF0A0FF00248046DFF890901FF06C
S21401F9B09EFC0DF1070105460DF10600FEF75AF80B
S21401F9C09DF806308BB9721C29D01AF08CFFA0EB7B
S21401F9D0080428461FF086FC9DF8063013B99DF8EA
S21401F9E007303BB3A642E2D824E0D9F80C3013F432
S21401F9F0603FE8D0D9F810001AF0E2FF731C074602
S21401FA0003D01AF070FFA0EB080428461FF06AFC2A
S21401FA1017F5007FE0D0384603B0BDE8F0832846EE
S21401FA201FF060FC9DF80630002BC0D19DF8073012
S21401FA30002BBCD1004FEEE700FEFFFF00C000B870
S21401FA4010F1800F04D04D28CEBF7F20323040B257
S21401FA50FF22044BC0B21A62A3F58053186200203D
S21401FA60704700BF00E000B80B4A10B5136E0B4C90
S21401FA70116E03F00703E35CC1F3CD0101FB033311
S21401FA80126E0748C2F3454202FB03330068800149
S21401FA90B0FBF3F010BD00BF004001B810BD04007C
S21401FAA09C570020084910B5D1F89C3040B11C463F
S21401FAB0CA68D1F89C309C42F9D1C2F30362027045
S21401FAC003F00F0010BD00BF000002B8094B01F0A3
S21401FAD080011B6F03F480030B4309D14FF400121E
S21401FAE0054B1A62837F1BB10122044BC3F8002128
S21401FAF0704700BF000002B8006001B8005001B8AE
S21401FB002DE9F04F404F804685B038680C461AF014
S21401FB10F1FB20B90024204605B0BDE8F08F22464F
S21401FB2000214046FBF73EFB384B5D6915F00105A9
S21401FB30F0D1FCF701F806460028EBD03F683846BE
S21401FB401AF010FB4FF6FF73984234D04FF0605115
S21401FB502F4E304B304AD3F82090D6F88C301162B5
S21401FB604FF00061A2F58052116224220421C6F8EA
S21401FB708C202A4A4FF4804B91604FF48052002724
S21401FB80DFF8A4A0CAF868B0F262A7421ED3042127
S21401FB90234A9160A2F5F032C2F88C304FF06052E1
S21401FBA01D4B1A6209EA02031E4A13624FF4804291
S21401FBB01D4B9A66AFE7314638461AF077FA01468A
S21401FBC03846FCF7FDF80028C0D0A3E7B26E510412
S21401FBD0FCD5B268D205F9D5CAF868B0D6F8902037
S21401FBE00135012D0392D0D9E21B042AA8BF0422B5
S21401FBF008EB070003A901930092FBF763FC009A48
S21401FC00019B3A4497B2C0E728580020000002B88A
S21401FC10004000B8004001B8006001B8001002B80A
S21401FC20002002B8005001B8006000B84FF6040189
S21401FC304FF60502044B01201B6C9BB28B4208BF9A
S21401FC401346024A136670470080E00F00C001B8F1
S21401FC502DE9F74F81460F464FF0FF35FFF790FB32
S21401FC60002601908A462C463046DFF8D8B006F1C9
S21401FC7010031B015BF8033003F00308B8F1010F12
S21401FC8015D13046FFF794FB02460B4601985146C4
S21401FC90FFF716F9DBF8643006F10802D340DB07FC
S21401FCA039D5002F40D000252C463E60404601360F
S21401FCB0082EDCD160B3234A0027D2F808C0916B26
S21401FCC00CF440330131A4FB0141641941F10001F8
S21401FCD0B3F5003F30D1536B0CF4405C013347F170
S21401FCE00006BCF5805F22D1156B15F5807505FB06
S21401FCF006F647F1000203FB0266A5FB0332324417
S21401FD00594304FB0212A3FB04341444C9E900342A
S21401FD1003B0BDE8F08FA84271EB0403C6D207B169
S21401FD203E6005460C46C1E73D463C46BEE732020C
S21401FD3042EA13621B02E3E7136B13F5807347F184
S21401FD400002DDE700C001B808B51AF04DFE044B0D
S21401FD505A7C012302329340024A536108BD00BF18
S21401FD600C580020002000582DE9F34105460F46A7
S21401FD7068461146FFF76CFF0646B0B1AFB1DDE944
S21401FD8000321B0A43EA0263A5FB0384094B120AED
S21401FD9005FB02441A6812B91AF010FE0246002347
S21401FDA040462146FAF792FE3860304602B0BDE87A
S21401FDB0F08100BF9C57002037B50446FFF70EFCC4
S21401FDC0E17822791B4841EA0243C0F8CC34E57950
S21401FDD0A37943EA0543C0F8D03423784BB18DF8B4
S21401FDE0041004218DF805200DEB01000022E8F730
S21401FDF06DF863785BB10421A37900228DF8043095
S21401FE00E3790DEB01008DF80530E8F75FF822780D
S21401FE1001235AB1084AC2F8C834627802233AB1BB
S21401FE20054A0020C2F8C83403B030BD034AF2E7E1
S21401FE30024AF6E700C0035000D0035000E003502A
S21401FE4070B52C4B0C461A7812B92B4A926D1A7063
S21401FE502A4AD26F52054AD51D78294B05F00F065E
S21401FE60B0FBF3F040434FEA151505D140F27C6232
S21401FE702B21FCF707F80120224A0A217243B2FB24
S21401FE80F0F34843B3FBF1F602EB5002B2FBF0F29B
S21401FE9001FB1633042BD2B207D8C3EB8310C3EB96
S21401FEA080035BB283B96DB217E0C3F10B0303EBBA
S21401FEB08303DBB2B3FBF1F32B44DDB20F2DF2D992
S21401FEC0013AD2B2053DEEE7053B5BB293FBF1F397
S21401FED01D44EBB26DB2002D04DB002042EA051290
S21401FEE0226070BD01320533D2B25DB2F5E7022061
S21401FEF0F7E700BF62670020008001B8000002B883
S21401FF00403B2500809698004FF0000C2DE9F84FF5
S21401FF10A2FB017BC84EDFF85CE3BE1999466BF184
S21401FF200003B6457CEB030308D240F23E220E21C5
S21401FF306046FBF7A7FF0220BDE8F88FD0F8E4A0E3
S21401FF400C461546BAF1000F04D0DAF80030032B40
S21401FF5000F21B81B94BBA4A9B6BD2F8FCA0C3F3E3
S21401FF601408B84BD3F8EC305E00B64B48BF48F4E3
S21401FF7000181B6E48EA456858074EBF4FF4400309
S21401FF809B0503F0E07348EA03081DF089FA012D8A
S21401FF900646D0D10028CED0AB4B984200F0048163
S21401FFA003F5122303F5F863984200F00381A74B8B
S21401FFB0984200F02F81002502462B4600204FF084
S21401FFC00071FAF783FD2B46013007FB03F3C8F3F4
S21401FFD0130100FB0B33A1FB0662A7FB007001FBBC
S21401FFE00522034420339B09C9F80030F60C984BD0
S21401FFF046EA423618F4801F1C6008BF7642954BCD
S214020000954DC9F8144034441E602C60BAF1000FB6
S21402001000F0B98000239149C8F381528A5C1946E0
S21402002018F0807F18BF6408002EB8BF764292068A
S2140200306008C2FB06012246FAF748FDDAF80030ED
S2140200400E2B08D97F4B7D4A926BD969D3F80C31B7
S214020050C90600F1D68018F4001814BFC42240F274
S21402006007127F49C0F31300A1FB04614FEA511146
S21402007002FB01F1C9F80400DAF818004FF4FA732B
S214020080B1FBF0F118BF4FF0000801FB03F3A4FB2D
S2140200900262FA33A3FB003004FB0822B34290410B
S2140200A038BF0131C9B241F4006CC9F808C0002952
S2140200B07ED0DAF81C00A1FB003624B1B4FA84F232
S2140200C00E2A40F38880E203002E77D1B2FBF3F2C9
S2140200D0530003FB0113A3FB00764FEA044EBE4512
S2140200E04FEA144474EB060609D34E003344A0FBD1
S2140200F00371BE4574EB010102F10102F6D2C2F3AE
S2140201000E024CEA023C4CF00063C9F808301DF0BF
S214020110C7F92B68002B00F08880B3FA83F4D4F179
S21402012002044CBF1C4623FA04F44E4B9C4288BF82
S2140201306408002846D0B4FBF0F3642100FB1342A7
S21402014001FB02F2904244D85A1E52085B08013B59
S214020150120242EA0313C9F80C301DF06DF90028AA
S2140201605CD0B4FBF0F2642100FB124401FB04F401
S214020170A0425ED8531E5B085208013A1B0243EAAD
S2140201800213C9F810300020D6E6042BDAF82880CD
S2140201907FF4FBAE18F0807F0CBF08F0E0734FF4DC
S2140201A0400328F0E078EEE600232F481D460CE7D1
S2140201B02120C1E600232D481D4606E70B460022F5
S2140201C089E7044640F2C2422B210020FBF75AFE82
S2140201D02346013BB8E7C2F10F0702F1110E06FAF9
S2140201E00EFEFB4043EA0E03A7F1200E26FA0EFE91
S2140201F043EA0E03FE40013304FA02F246F1000619
S21402020062E702F4801203F400131A4308BFC0F533
S214020210801020E7002316481D46D6E640F2E54247
S2140202202B21FBF72FFE621EA4E70028C9D01C462E
S214020230CFE71446F7E700BF006CCA88008001B813
S214020240001F00B0004001B800F04902005A6202E6
S214020250E8570020E4570020E057002028BD04009D
S214020260D34D62103FBE40250A3BB2DF313641DC39
S214020270D694BFD6807C814A10B50B46044686B01B
S21402028039B98279016821486B460068FFF73CFE5F
S2140202906B461F4A196851631E4AD2F8FC2062B3A5
S2140202A05A6842B11C4A1D49C2F80C115968A2F597
S2140202B08052C2F80C119A6842B1174A1849C2F81D
S2140202C0EC109968A2F58052C2F8EC101549D8686D
S2140202D0D1F8642122F4EE620243C1F86421D1F817
S2140202E05C21186922F4EE620243C1F85C21A1F592
S2140202F0FF4158692839FFF7A3FD0020A2880A4B60
S2140203009A6203F5A033186406B010BD2858002080
S214020310008001B8001F00B0006001B8FFFF0F00A8
S214020320FFF8FF0F000002B8004000B84FF48062EA
S214020330014BDA67704700BF001002B84FF48062C4
S214020340034BDA67034B1B780BB1034A936570477E
S214020350002002B862670020008001B840B103683E
S214020360012B05D90069034B002808BF18467047C1
S2140203700048704730BD040010B590B10468012CE7
S2140203800FD902696AB11168094B102C19605168BD
S2140203905960916888BFD268996094BFD960DA6064
S2140203A010BD102200210248FAF7FCFEF8E700BF53
S2140203B0F0570020084BC1171A68A2FB000302FB85
S2140203C0013310F1807043F10003400E40EAC3107F
S2140203D0803820EAE0707047005800200722164B4B
S2140203E070B5DA66154B164A1D68164BEC08E00522
S2140203F0C0184FEA153141F100010023FAF766FBF7
S214020400114B124E18604EF66020FFF7D3FF4042A3
S214020410C6F884000E48FEF7EDFF024658B1E30127
S214020420500818184FEA15714FF0000341F1000109
S214020430FAF74CFBF06570BD000002B89C5700202E
S21402044065CD1D00B2E60E0000580020001F00B069
S21402045040420F0010B5044698B10B4BD3F8FC008F
S214020460FFF78AFF4FF47A7303FB04F0074BA0F6FC
S214020470AC50DA689B681044C01ABDE81040FFF71B
S21402048099BF4EF66020F8E7001F00B0F057002034
S2140204902DE9F8430546084614461E46FFF76CFF4C
S2140204A00DB306F0020716F004061ED1DFB14FF4B4
S2140204B07A706B685843002B40F08C80FFF77AFF07
S2140204C060626B69002B00F08C804B4AD0684FF458
S2140204D07A7202FB0300A0F503501038FFF76AFF9A
S2140204E02062002E57D1BDE8F8832869002868D01C
S2140204F04FF47A735843404BA0F6AC509B68C01A30
S214020500FFF758FFE061A88B00285DD04FF47A739E
S2140205105843394BA0F6AC509B68C01AFFF74AFF07
S2140205202061364BE968D3F8008000294FD04FF49B
S2140205307A735943304BA1F6AC519A685B68891AB4
S214020540C91A2F4BC8171A68DFF8BC90A2FB011312
S21402055002FB003311F1807143F10003490E41EAB8
S214020560C3118039274B6161DB6EA361D9F8003075
S21402057053B140461AF0B8F830B12246D9F80030E6
S2140205801D49D8F8D80098470021A869FFF762FFEE
S214020590A062002F8BD1A86830BB47F23050FFF71D
S2140205A009FFA0604FF47A702B6858432BB1124BA8
S2140205B01B6803F51C5310331844FFF7FBFEE0607C
S2140205C091E74EF660209BE74EF66020A6E74EF6D1
S2140205D06021B6E7084B1B6803F51C53103318441A
S2140205E06CE747F2305079E74FF47A735843A0F538
S2140205F003501038D3E700BFF057002028580020D9
S21402060000580020001F00B0EC57002038B5054601
S21402061008461C461AF08AF90246D5F8E400FFF7A7
S2140206209DFE4368A018002B044AA8BF4FF4FA7236
S2140206301A44034B92FBF3F2104438BD0CFEFFFF44
S21402064018FCFFFF70B5124C88B001AD0FCC0FC579
S21402065094E8070085E807008C2200210D48FAF787
S214020660A1FDD42200210C48FAF79CFD0B4B0C4A44
S2140206705A6301F04DFA0B4B1B783BB1044E01ADA9
S2140206800FCD0FC695E8070084E8070008B070BDD6
S214020690C41F00B0A01E00B02C1F00B0001F00B088
S2140206A0101111115567002008B51EF020FE0E4BE2
S2140206B01A78A2B90D4A126812F4843F0FD10C4A76
S2140206C01021D1671B7863B9084B1B68DB0508D479
S2140206D0074B2022DA67BDE808401EF003BE054A33
S2140206E0EEE7044BF5E700BF6867002048160020D7
S2140206F0002002B8001002B80A4B197801F0FF0277
S21402070029B10021197008499202C1F8B42059781B
S21402071001F0FF0229B1002159709302024AC2F881
S214020720B830704763670020005000B8064BD3F815
S214020730D80E064B5B6F1A0103D4054B9B6E1B0447
S21402074001D500F580707047001000B0000002B8B6
S214020750004000B810B51EF0CAFD0E210446032064
S214020760FFF7FCF840F20122034B2046BDE810409A
S214020770DA621EF0B7BD00BF004000B808B51EF032
S214020780B6FD4FF00042224BC3F88020BFF34F8FD6
S214020790BFF36F8F0122C3F88420BFF34F8FBFF3DE
S2140207A06F8F0222C3F88420BFF34F8FBFF36F8F81
S2140207B00422C3F88420BFF34F8FBFF36F8F082243
S2140207C0C3F88420BFF34F8FBFF36F8F1022C3F896
S2140207D08420BFF34F8FBFF36F8F2022C3F884208D
S2140207E0BFF34F8FBFF36F8F4022C3F88420BFF34F
S2140207F04F8FBFF36F8F4FF48072C3F88420BFF31E
S2140208004F8FBFF36F8FBDE808401EF06BBD00BF71
S21402081000E100E008B51EF06AFD4FF00042094B09
S2140208201A6001225A6004225A6008225A60102274
S2140208305A6020225A6040225A60BDE808401EF0E4
S21402084051BD00BF00E100E0012370B5074C2370E4
S214020850074B1E68074B3240D3E900531940284025
S214020860FCF7F8FC0023237070BD00BF666700200B
S21402087008580020481600200022044B1A70044B29
S214020880197811B11A70FFF70FBF7047676700201B
S214020890686700202DE9F047DDF820A003EA01088A
S2140208A0099B06460C4602EA000703EA0A09BAF161
S2140208B0000F40F04E81031F0B4300F00E81052807
S2140208C071F1000380F0E48050EA010300F06081D9
S2140208D0431E0B4300F02481FFF750FFAD4AD2E9D6
S2140208E0005323EA040325EA06053D4343EA0807C4
S2140208F0A94BC2E900571E68DFF8F48226EA0A0608
S21402090046EA09061E60FFF7CFFE15F02A4F14BF0F
S21402091048F202034FF40043A04AB007D26EA04842
S21402092048BF43F4005383EA020122EA0302C26686
S2140209309C4A0B408166D366C5F3804212032903A4
S21402094048BF42F48072EB0648BF42F40052964B10
S214020950AC0648BF42F400726806D3F80C3248BFB1
S21402096042F48062290648BF42F400628F4882EA57
S214020970030123EA0203C0F80C328D4B0A40C7F388
S2140209804024A404C0F80812C3F80C22EA0448BFA4
S21402099044F48034AB0348BF44F48014A80748BF2D
S2140209A044F4800415F4001F06D0D8F800001AF0AC
S2140209B0F1F808B944F40024E90248BF44F40034CC
S2140209C0FA0648BF44F4000473077A4B48BF44F063
S2140209D004041A6A44F4001484EA020323F00103AE
S2140209E075491A400A621C40CB61744B16F0010F1F
S2140209F01C62734B734A18BF1A46734B7C071B6FF5
S214020A0048BF42F00062714882EA030123EA020309
S214020A1003676F4B0A4041661A676E4A05F0010388
S214020A20516CA0F5803081EA030221EA0301416499
S214020A3082631A40684B28025A64D8F8002048BFDE
S214020A40664B92F8F62058BF654B690748BF43F4D9
S214020A50806322B115F4C06F18BF43F48073320767
S214020A60604A48BF43F00043D2F8EC105E4883EA7F
S214020A70010222F4A0221140C0F8EC101340C0F884
S214020A80E0205A4ABDE8F047C2F8EC30FFF7C2BE93
S214020A90A0F580630B4306D020F48063A3F50073B1
S214020AA00B437FF419AF1EF022FC3A49D1E900321B
S214020AB023EA060322EA040242EA08023B43C1E9A9
S214020AC000324B4A126892F8F610474A09B313F4FA
S214020AD0C06F1ED04FF4807311E01EF008FC2D4A42
S214020AE0D2E9003123F004033B4341EA080157EA06
S214020AF00807C2E900314FF480633B4A0BD0C2F8C4
S214020B00E030A2F58052C2F8EC30BDE8F0471EF0A5
S214020B10E9BB4FF48073C2F8EC30C2F8E030F4E779
S214020B201EF0E5FB1B4AD2E9003123F001033B43EA
S214020B3041EA0801C2E9003101232E4A57EA0807B2
S214020B401BBF9363A2F580525364536408BF93633A
S214020B50DBE750EA01037FF4BFAEBAF1010F7FF480
S214020B60BBAE1EF0C4FB0C4A136823F0010343EA33
S214020B70090313604FF48063144AB9F1000F04D0DE
S214020B805366A2F580521367BFE713675366BCE746
S214020B90BDE8F0874816002008580020004000B83C
S214020BA0006000B8005000B8004001B8006001B80C
S214020BB0005001B8000002B8002002B8001002B8C7
S214020BC0041C00030418000300C001B800E001B8CA
S214020BD000D001B800C000B800D000B80D0A0A095B
S214020BE0090A0A09004000540060005400500054EC
S214020BF02858002000E000B8024B5868C0F3C00036
S214020C00704700BF48160020024B186800F001002B
S214020C10704700BF48160020024B5868C0F3C03029
S214020C20704700BF4816002010B50446FEF700FDC8
S214020C30FFF7A4FD2046FDF7BDF8FEF7A5FCFEF77C
S214020C40ABF8FEF71DF9FFF7C9FB13490723134A52
S214020C50D1F8FC1004F1F800FFF71AFC4FF080718F
S214020C600020FEF7E7FB4FF000720D4B4FF4001129
S214020C700120C3F80021FEF7DDFBFEF7D7FF20B9FF
S214020C8040F292321421FBF7FDF819F0B6FEBDE8E9
S214020C9010400120FDF766BF001F00B0581F00B0CD
S214020CA000D001B88023074A1367082340B11367B0
S214020CB0054AD2F8A03023F02003C2F8A0307047CD
S214020CC0024AF4E7001002B8001E00B0002002B884
S214020CD010B51EF00CFB012104460020FFF7E2FFD0
S214020CE0044B1961044B5B6898472046BDE81040E8
S214020CF01EF0F8BA000002B8F06D0020F8B5194CE4
S214020D000546207840F2E442B0FA80F03E214009DF
S214020D10FBF7B8F855B9607840F2E442BDE8F8400F
S214020D20B0FA80F03E214009FBF7ACB84FF44066BB
S214020D300D4F0E4DD7F8B43040F2E442C3F3812390
S214020D402370C5F8B46060783E21B0FA80F040099E
S214020D50FBF798F8D7F8B830C3F381236370C5F869
S214020D60B860F8BD63670020004000B8006000B8B5
S214020D70F8B5084C084D236F0423084F2B67236FE2
S214020D805B0300D4F8BD042602203E6719F0B2FDCC
S214020D902E67F4E7000002B8001002B8002002B87E
S214020DA0A82238B51A4B1D6F03F500531A67102296
S214020DB09A60A3F5804302F100521A675A66FFF75B
S214020DC09BFC144B1B7813B90320FEF78BF8002408
S214020DD0114B9C67FFF7CCFF104A114BD2F8D81E76
S214020DE00B40C2F8D83E04220E4B1A670E4BAA06D8
S214020DF0C3F8AC4008D503F58073DB6CB3F5817F8E
S214020E0022BF8022024B1A61BDE83840FCF7C2BB03
S214020E10000002B86567002000C001B8001000B0EC
S214020E20DF0000FF002002B8001E00B010B549B96E
S214020E3030B3164AD3681B0E13F00E0F20D19368F8
S214020E409A061DD4FFF786FC104C0020FEF72AFEF9
S214020E50032801D0092805D1636FDB03F5D4E36DBF
S214020E600C2BF2D9FFF784FF4FF40072084BDA62BC
S214020E70012203F5E8335A61042203F580531A6708
S214020E804FF4C062034BDA6210BD00BF000002B826
S214020E90004000B8006001B808B503210920FEF73B
S214020EA05DFD2022014B1A6108BD00BF000002B89A
S214020EB038B505461EF01BFA0E4B04461868FDF7B9
S214020EC045F835B1FFF7D8FC2046BDE838401EF09D
S214020ED009BA094B1B78002BF6D0084B1D78002D5B
S214020EE0F2D1FFF7C9FC2A464FF480400021FFF7F3
S214020EF0ABFCE9E7285800206767002066670020F9
S214020F002DE9F84F5C4B06460D4614461B6F002A29
S214020F1040F0AE8013F0A00F14BF4FF001094FF05F
S214020F200009FCF737FBA0234FF0000ADFF86881C0
S214020F300320C8F87030FDF7D5FF0420FDF7D2FF76
S214020F404E4FFFF799FC4E4B4FF0040B7B67C7F8EA
S214020F5078A0FFF70DFF4B4B4FF48071D3F8A0201B
S214020F60494842F02002C3F8A020FF22C8F8082011
S214020F70414A1161D0F8D82E44491140C0F8D81E13
S214020F80C8F870B0C3F8ACA07B6913F0060F04D0A3
S214020F90FEF75CFA5846FDF7A5FFB9F1000F08D038
S214020FA04FF400623A4B1A674FF40042A3F5E0335F
S214020FB09A6666B1374BDB6C180701D4FFF7CAFB9B
S214020FC0FFF76AFF0420FDF78DFFFFF795FB2A4B1C
S214020FD05A69D10747D5DA6812F0706FFBD12E4BEB
S214020FE02E4A1A672E4AD36B23F0F003D36315B149
S214020FF02046FFF75DFF2B4BD3F84C315A1C01D02D
S2140210005B0002D50122244B5A6164B3214BDA6E8F
S21402101003F500539A6603F5D0331B6A1E4A23F083
S2140210200103D361204BD3F80C1203F50053C3F827
S214021030081203F50053D3F8841003F5005399679A
S2140210401A4BD3F8EC1003F50053C3F8E010184B14
S214021050596C03F500539963164903F580335966B4
S2140210604FF6084313670020BDE8F84FFCF736BD7D
S2140210704FF0000955E700BF000002B800C001B8F3
S21402108000000101001E00B0001000B0DF0000FFEB
S214021090001002B8004000B8002002B8100030006D
S2140210A0001F00B00080E00F004001B8004000546E
S2140210B000C000B85000002F9B4B2DE9F04F9F6EEA
S2140210C0DB6E85B01F40994B9F66994BD3F8E05074
S2140210D0D3F8EC301D40974BC3F8E050964BD3F84C
S2140210E00822D3F80C3202EA0309944BC3F808929A
S2140210F003F52043DA691B6A02EA0308904B08F4F8
S2140211007702DA618F4BD3F80422D20605D4D3F8DD
S2140211100431C3F30016DB0651D51EF0E8F88A4BFD
S2140211205A695E6E1B6F12F0060F06EA0306874ABE
S21402113026F0007314BF4FF0010A4FF0000A23F4A2
S21402114000637407536604D5814A137D0133DBB20C
S21402115013751EF0C7F8002F00F0E28017F4004364
S21402116000F0D3801EF0C3F80146FFF7DFFA04460C
S214021170784BD3F800B0DBF80020DBF800309A4258
S214021180FBD0DBF800209A42FBD0FFF7CFFAA04252
S21402119017D108461EF0A6F86F4B1C606F4BD3F8AB
S2140211A070B01BF4E0520ED124F07F4424F0DF042A
S2140211B00CB9FFF7F5FD4FF0807B002414E0B24631
S2140211C0C9E70446D7E70192FFF7EAFD5C4B019AAE
S2140211D01BF480541A6740F09A801BF4806F0CBF91
S2140211E04FF0805B4FF0806BB80715D55B4A5448CA
S2140211F0126F02F460410167002900F08B8011042F
S21402120000F18B8012F4005F0CBF4FF000524FF0DB
S214021210006200244BEA020BC7F340377F00504AB5
S2140212202A40002A4AD015F4206F0AD040F6A312AC
S21402123006210020FAF726FE0020FFF739FE25F4E5
S2140212408025EB0506D5FF213D4A4BF4C06B916025
S214021250FFF780FA15F0090F0AD040F6B8120821F7
S2140212600020FAF70FFEFFF717FE0121304A11633E
S21402127015F0106F0CD040F6C11209210020FAF7C3
S21402128001FEFFF709FE002211461046FCF736FE65
S21402129015F4202F0AD040F6C91207210020FAF7CB
S2140212A0F1FD0020FFF704FE25F48025E80301D5B2
S2140212B0FCF768FF002DB8BF47F0080769070DD591
S2140212C01B4AD26A12F4005F4FF4005217BF194944
S2140212D02449CA624BF4000B08BFCA626A0548BFBB
S2140212E04BF0040B15F48023019300F0A480FCF766
S2140212F001FF0138062837D8DFE810F028012B0155
S21402130028012E013101340134019B4655E74FF086
S214021310804B52E74FF000727BE74FF0004278E7CF
S214021320BB463C467BE700BF004000B8006000B802
S2140213300040005400600054004001B8006001B84C
S214021340002002B800E100E000C001B800E001B8E9
S2140213500C580020C4BC040004580020000002B848
S214021360090B0B890050005440F6FA1203210020A4
S214021370FAF788FD01218548826ED0F8883002F09F
S2140213800702063201FA02F2C3F30C0CA2EB0C02BD
S21402139092B2072A12D97E4A126F53020ED47D4B9E
S2140213A0826B806D5B6D5BB102F007020632914084
S2140213B0C0F30C00091A89B2072901D84BF4007B46
S2140213C0754A1278002A36D0704AD2F8E02012F413
S2140213D0A02F30D1714A724912789AB9F20411D408
S2140213E00A787AB14FEADB026E4842EA447282F029
S2140213F00102D0F8D80E02F00102520020FA02F2E0
S214021400930718D10420FDF76DFD674A67485067B9
S214021410FFF732FA62490A784AB9654A127832B157
S214021420644A654912680BEA02020A4201D14BF489
S214021430804B26F48056B9F1000F1DD019F4805F58
S21402144018BF4BF4802B19F4807F18BF4BF4002B87
S21402145019F4005F18BF4BF0100B19F4007F18BF89
S2140214604BF0200B19F4806F18BF4BF0400B19F4A9
S214021470006F18BF4BF0800BB8F1000F48D018F47D
S214021480001F0AD04D4A13683BB1414A4C48116FBF
S21402149000680022C1F3C061984718F4802F18BF75
S2140214A044F4007418F4803F18BF4BF4805B18F4C1
S2140214B0801F18BF4BF4003B18F4800F18BF4BF088
S2140214C0020B18F4003F18BF4BF4801B18F4000FF1
S2140214D018BF44F0100418F4002F19D0394AD2F875
S2140214E0A02012F0C00F13D02949CA68C2F30362C3
S2140214F0032A01D0072A05D14A6FD00602D48A6F82
S214021500120732D54FF400212F4A28F40028D16161
S214021510002E00F01B81330540F18F802B48DFF848
S2140215208890C2782A49002A58D04FF40063013ABC
S214021530D2B24B66C27032B9264A1278C2B140F6AF
S2140215400141254A51670022002173E04BF4803B9B
S21402155010E74BF4006B0DE74BF4806B0AE74BF495
S214021560807B07E74BF0080B04E74BF4001BCFE742
S214021570D9F8782012F4A05F15BF4FF4807240F6B7
S2140215800142C9F85820C9F87820DCE70040005428
S214021590000002B8004000B86867002067670020B5
S2140215A06A670020001000B000C001B80000010108
S2140215B06967002048160020088D01003C5700206D
S2140215C028580020001E00B0002002B859670020EC
S2140215D000E001B86567002000D001B80320FDF7DF
S2140215E081FCD9F81420A84B12F0060F04BF41F66E
S2140215F01F72A649A64808BF4A674FF40061A34A6D
S2140216005166D9F8142012F0060208BFC9F87820ED
S2140216105A8A12F4006162D022F400625A82027878
S21402162002F0FF09002A5ED1FDF710FFFFF7B8FBB4
S2140216304A4620214BEA020B0C43B00009D52E2065
S214021640FDF79EFB4FF00051904A44F008041167E4
S2140216505166F10606D52B20FDF792FB10218B4A28
S2140216601167516616F0306F05D1F20463D5BAF1F0
S214021670000F00F0C080330117D52920FDF780FB4C
S214021680844A526C12B11021834A9160FFF7B4FA71
S21402169048B1824A82487D494A66026700F5405050
S2140216A0C068400422D444F0040416F0007A28D01D
S2140216B00420FDF717FC2720FDF762FBFFF770FBFF
S2140216C04FF00071714A5166764AD2F8D82E520609
S2140216D079D40221704A916044F0020428E002782C
S2140216E04FF40052A6E74FF400422DE70A67202087
S2140216F04A66FDF745FB2D2044F00C04FDF740FB3F
S214021700D3E716F0807FDFF88C9147D00420FDF7F0
S214021710E9FB2820FDF734FBD9F87820002A3AD1D5
S214021720FFF73EFB594A5D4944F0010411675166D2
S2140217300021584A9165720508D55B498A78002AC5
S21402174000F0D880013A8A7000221743574AD2F82E
S214021750A020130603D558462146FCF7C7F93A4699
S21402176058462146FFF770F8019B0BB1FCF7F8FCD0
S21402177001224F4B05F00435C3F8E0504D4B18F4E8
S214021780002FC3F884211EBF4FF40022424BDA61B9
S21402179005B0BDE8F08FC9F878A0C3E7F104C7D555
S2140217A00420FDF79FFB444AC9F87420FDF74EFE5D
S2140217B0D9F8642012F0407FBAD12A20FDF7E0FA69
S2140217C0FFF7EEFA80E7394AD2F8A0108B0683D4E8
S2140217D002203A4988603A49096891F82510C807F4
S2140217E07FF57AAF92F8C420002A3FF475AF8021C5
S2140217F0344A116170E7344A1268013202D04BF063
S214021800010B98E728490A7952B1013AD2B20A7115
S21402181012B9234A2D49516700224BEA020B8AE786
S2140218200420FDF75FFB0320FDF75CFB194A224903
S21402183051671DF05CFD81460DF10F00FEF732F98F
S214021840234A824612780AB1FEF784FFBAF1030FE2
S2140218500ED1DFF870A00020FEF724F9032807D186
S214021860DAF87420D103F6D4DAF85C200C2AF2D91E
S2140218709DF80F20032A2FD10121164A48461170DF
S2140218801DF030FDC8E700BF0C58002000E001B88C
S2140218906567002000C001B8002002B810000020D2
S2140218A000D001B8001000B059670020001E00B03A
S2140218B00060005400E100E000000101001002B8E0
S2140218C028580020000002B8F86D00200000010D24
S2140218D06B67002067670020094AD2F8E02012F4FE
S2140218E0A02FC9D1FEF7C8FF48461DF0FBFC4FF4F7
S2140218F0804292E70220FDF7F5FA012225E700BFB3
S214021900004000540122024B1A62DA61704700BF9F
S214021910002002B80D4B10B5DC691A6A14400C4A56
S21402192024F47F01D161E20706D5D9684FF0FF3073
S214021930C1F3036119F06BF8630706D5BDE81040E2
S214021940042200200021FEF77FBF10BD000002B86F
S214021950002002B80C4A08B5936B526C13400B4A2F
S2140219609363DB070FD50A4B40F6634218781221C1
S21402197000F00100FAF786FABDE8084000220120CE
S2140219800021FEF761BF08BD00C000B800E000B845
S21402199048160020054AD2F88430DB07FBD4936F42
S2140219A0D2F884201340024A93677047008001B839
S2140219B000A001B870B514460D461DF098FC064B03
S2140219C0D3F8A06074402C407440C3F8A0401DF0C9
S2140219D089FC06EA050070BD001E00B0034BD3F872
S2140219E0A03099430CBF012000207047001E00B0B3
S2140219F02DE9F04117460A43012A1D469DF8184074
S214021A009DF81C60DDF8208029D8B44227D2082E23
S214021A1025D8032B23D8B8F1000F20D00A46002180
S214021A20FBF71CFDFF21EB009940C943DFF834C0E9
S214021A3008F1FF38FF00E2B2964202D80020BDE865
S214021A40F0813D190CEB8505D5F8E02018F8010F5A
S214021A500A4098401043C5F8E0000134EBE7212025
S214021A60EDE700BF001E00B0034B1868034B0028CA
S214021A7008BF1846704700BF2458002014DE040032
S214021A802DE9F843DFF860900646D9F8008008464C
S214021A901746B8F1000F03D00E242046BDE8F8839F
S214021AA006B3336801331DD1E1B1FAF70DF80546E6
S214021AB00028F1D0C9F80000FAF72CF8284618F0EA
S214021AC0BAFA044640B14046C9F80080FAF722F84E
S214021AD0284618F0ABFAE0E73560002FDDD028463E
S214021AE0B847DAE72124D8E728580020024B1868BE
S214021AF0003818BF0120704728580020002108B57A
S214021B00024B08465B689847002008BDF06D00202F
S214021B100523064AA2F84A3092F8493003F0010338
S214021B2063F0730382F84930704700BF001F00B0AD
S214021B300023F0B585B0CDE901330393124B134D64
S214021B401B78134E8DF804301DF0DEFB2A783378AE
S214021B5004469A420F4F0CD03178386801AA297091
S214021B6018F08AFF50B140F608210B481DF0C1FC60
S214021B7004E0386818F060FF0128EDD020461DF01A
S214021B80BEFB05B0F0BD00BF1B71002052710020E5
S214021B905371002044580020B6920400F8B52B4B2F
S214021BA01B7823B140F6FC3129481DF0A2FC1DF03B
S214021BB0ABFB284B07461C8814F0060409D001210B
S214021BC04FF480701CF054FB3846BDE8F8401DF018
S214021BD096BB21464FF480701CF04AFB204600F06C
S214021BE0ABFF022808D180221B4B8021186818F010
S214021BF0ECFAFFF79DFFE7E7204600F09DFF05465B
S214021C0038B1012807D040F6314111481DF071FC69
S214021C10DAE70246E8E7FF220F4E104B30681A70EA
S214021C20FFF76CFF306818F007FF0128CCD02A4671
S214021C302946306818F002FF21462C201CF044FB8F
S214021C4021460A201CF040FBBEE700BF7167002059
S214021C50B692040012600020445800205271002000
S214021C60002101481DF04AB9706E00207F2837B562
S214021C70044610D14FF6FF73022217480DF10601F3
S214021C80ADF80630EBF722F9BDF80640E2054CBF88
S214021C906FF04A0464B21DF037FB104B05461C7009
S214021CA00F4B1B88DB0710D50E4B1B78002B0E4BF9
S214021CB00CBF21466FF07F01186818F0ABFA20B10E
S214021CC040F6786109481DF014FC284603B0BDE8CA
S214021CD030401DF014BB00BF641002C04A710020E1
S214021CE0126000207267002044580020B69204005A
S214021CF010B513F085FE60B113F084FE0B4A80B176
S214021D0041F20D03BDE8104041F20D0107481CF0F8
S214021D1001BC074B1A781B799A4204D10022002391
S214021D20F0E70D23EEE7034AF9E700BF400D030094
S214021D301B710020488D0100F8B5164E0D4633780B
S214021D4002F0010423B140F2C53113481DF0D1FB65
S214021D50124B134F1D60134DA4B1134B997801B16A
S214021D60012120201CF084FA2B783B700F4B1C7844
S214021D700F4B00211C70042333700E48BDE8F84058
S214021D801DF0BCB8214620201CF072FA2B783B705E
S214021D90EEE700BF71670020B692040034580020B8
S214021DA06E67002054710020385800206F670020AC
S214021DB070670020706E00202DE9F8431DF0A4FA2B
S214021DC0DFF8A0810546B8F80030614C13F4807F36
S214021DD003D0237873BBFFF7E1FE002108461CF010
S214021DE073FA5C4B1A78FF2A13D01A7802F0FF06B1
S214021DF032BBFF221A702378052B0AD1002328460D
S214021E0023701DF07CFA304618F0C6FE1DF07CFAF0
S214021E1005462378504E062B09D13378FF2B06D081
S214021E203378022B15D100214C481DF067F8FF23AA
S214021E3033702BE000214FF480701CF019FACCE7C7
S214021E401A78012A4FF0FF0214BF33264C261A7066
S214021E50D4E7337813B13378012B22D11CF0A8FAD9
S214021E6007463E4896F8009001F0DCFBFF235FFA37
S214021E7089F9337077B1B9F1010F44D1642137483B
S214021E8084F800901DF03AF8FFF752FE28461DF03F
S214021E9036FA06E0284627701DF031FA384618F062
S214021EA07BFEB8F800301B0605D5002180201CF00A
S214021EB0DFF917F065F901F0F1FA294E308000B328
S214021EC02778012F42D11CF02DFF054610B30130B2
S214021ED01DF0EDFB00F44060B0F5006F1AD104224D
S214021EE0394628461CF05EFE28441DF0E0FB4FF6FD
S214021EF0FF7398420ED10020318800F0FFFC0023C9
S214021F003380BDE8F8830023284623701DF0F7F9D6
S214021F103F20C4E7114801F085FB002108462170E6
S214021F20012500F09DFC23780BB9FFF737FE002051
S214021F30318800F0E3FC00233380002DE1D02078C6
S214021F400028DED1BDE8F84318F071BF0025EAE7A5
S214021F50716700205171002050710020706E0020C1
S214021F60106000201260002008B513460A46194683
S214021F70064B186818F0DBF930B1BDE8084040F2AD
S214021F80F44103481DF0B5BA08BD00BF445800200E
S214021F90B692040008B513460A461946064B186858
S214021FA018F0BFF930B1BDE8084040F2FB410348E3
S214021FB01DF09FBA08BD00BF44580020B692040028
S214021FC0024B1878431E58425841704771670020EA
S214021FD008B5064B1B7823B140F2255104481DF084
S214021FE088FAFFF7DBFD002008BD00BF71670020FE
S214021FF0B692040008B5054B01EB8101186849004A
S21402200018F00AF9002818BF212008BD44580020FD
S21402201008B5044B1868F9F70FFF0A2390FBF3F094
S21402202040B208BD44580020014B1878704700BFE4
S2140220305371002008B5044B186818F058F8B0FA27
S21402204080F0400908BD00BF4458002038B5124D44
S2140220500C462B78012B04D940F246510F481DF04E
S21402206048FA21460020FFF7E5FF90B10C4B1C70A2
S2140220702B785BB9FFF792FD0A4B93F900100A4BD7
S214022080C901186818F09CF8002038BDFFF750FD0B
S214022090F2E72120F9E700BF71670020B69204003C
S2140220A053710020736700204458002008B5074B80
S2140220B0186818F01AF830B1054BB3FBF0F083B28B
S2140220C00BB1184608BD0120FCE700BF44580020AB
S2140220D040420F002DE9F3475C4E01201DF006FA40
S2140220E03388990704D440F63F4159481DF001FA57
S2140220F0DFF8808198F80030053B012B04D940F6C2
S214022100414153481DF0F5F9524F3B6823B940F65A
S21402211044414F481DF0EDF9348814F0200478D07D
S214022120012122201CF0D0F84FF47A74FFF7BEFF8C
S2140221303B681B780933434304EBC30498F800302A
S214022140A5B2062B0BD11CF0FBFC0446FFF7AEFF34
S214022150602358430C2303FB0400284485B2D7F8B7
S21402216000903D4B99F800801C7808F1FF381FFA62
S21402217088F8002C52D133885A0505D409F101009B
S2140221801DF095FAC0F340143449354A887812781F
S2140221904B7812FB00F2334F93423B70A4BF9B1A5C
S2140221A03B703B78CA78BD60934238BF13463B709B
S2140221B013F02EFC002833D013F028FC012814BF9D
S2140221C01025082525430023DFF8ACA000938022C3
S2140221D043464946DAF8000018F050F820B14FF4AA
S2140221E03B611B481DF085F91F4BDAF80000197891
S2140221F01E4B197033889B0614D52A461C4B009733
S21402220018F038FCC0B9002002B0BDE8F0471DF057
S2140222106DB9214622201CF057F887E70024B3E761
S2140222202546D0E72A460F4B18F022FC014618B97D
S21402223025201CF049F8E6E7214626201CF044F843
S21402224040F6F43102481DF054F9DCE71260002033
S214022250B692040034580020746700201B710020D8
S2140222606E670020206E00205371002052710020FD
S214022270385800207167002044580020184B10B5CB
S2140222801B889B0704D440F6A66116481DF031F958
S214022290154B1B78053B012B04D940F6A761114864
S2140222A01DF027F9114B1B6823B940F6A9610D48AA
S2140222B01DF01FF900240E4B0E4921201C701CF045
S2140222C003F8014618B9BDE81040FFF703BF02281D
S2140222D004D12046BDE810401CF08CB810BD00BFEB
S2140222E012600020B6920400716700203458002065
S2140222F06C67002095240200F8B55A4C23889A078A
S21402230004D54FF43E7158481DF0F3F8574801F0D3
S21402231089F91CF0F9FF238805465B070DD54FF0B7
S214022320FF3017F0F2FF524B1B68C01AB0F5717FF0
S21402233003D9002104201BF09BFF28464D4D1CF0BC
S214022340DEFF2B78042B32D11CF0DEFF23880646F4
S2140223505F0708D5454800211CF0D0FD3046BDE891
S214022360F8401CF0CCBF1CF0CAFF1CF0CDFF424B5D
S21402237006461B78414F13B9238859050FD5052306
S214022380012102202B701BF073FFFFF777FF304608
S2140223901CF0B5FF3B68DA78394B1A70F8BD38681E
S2140223A001301DF084F98206E9D50623E8E7062BFC
S2140223B04DD1344B1B78FF2BF0D1334E13F02AFB52
S2140223C03378002B3DD01CF09FFF238805465B0721
S2140223D005D5264800211CF091FD2846BFE71CF0D3
S2140223E08EFF3378013B33701CF08EFF04460121CA
S2140223F002201BF03DFFFFF741FF20461F4C1CF05A
S2140224007EFF206801301DF052F900F44060B0F5FE
S214022410006F13D124680121042220461CF0C2FB5F
S21402242020441DF044F90146184B04201A783378EC
S214022430D21AD2B2BDE8F8401DF002B94FF6FF71CB
S214022440F2E740202B70BDE8F84018F0A5BB012B40
S214022450A4D100232B700E4B1868FFF74FFB3F20CA
S214022460F1E700BF12600020B6920400706E0020F2
S214022470305800207167002074670020345800200E
S2140224806D670020507100206E6700205471002096
S2140224904458002008B50A4B1A7882B9012210283F
S2140224A01A7004D040F69D6106481DF022F80021FD
S2140224B020201BF0DDFEBDE80840FFF70BBE08BD7E
S2140224C06C670020B692040008B5094B1B88DB0631
S2140224D004D440F2C35107481DF00BF81020002127
S2140224E01BF0C6FE044B1868BDE8084018F0B9BADF
S2140224F012600020B692040044580020012208B55B
S214022500074B1146186818F099FA00212C201BF088
S214022510DBFEBDE8084000210A201BF0D5BE00BF46
S21402252044580020014B4008185C70474C7100204C
S21402253008B513460A461946064B186817F0FDFEFC
S21402254030B1BDE8084040F6E94103481CF0D1BF6F
S21402255008BD00BF44580020B692040008B5044BDC
S214022560186818F069FA013818BF012008BD00BFC4
S21402257044580020054B10B54C0022460146186808
S21402258017F038FE031B5842584110BD445800202D
S21402259070B505461CF0B8FE0E4B0F4E1B8804465F
S2140225A0DA07357008D50D4B0D4D1B78012B08D96F
S2140225B00121286818F0EAFA2046BDE870401CF0AF
S2140225C09EBE1BB113F01AFAC305F1D4317881F01E
S2140225D00101EEE7126000204B71002072670020B6
S2140225E0445800200C4B10B51B880446DB0711D557
S2140225F0FFF77EFB094B84F0010208211868D2001F
S21402260017F0E3FD30B1BDE8104040F636710448DD
S2140226101CF06FBF10BD00BF12600020445800209F
S214022620B692040008B5044B0146186817F090FEEF
S214022630003818BF012008BD4458002010B50A4CC7
S21402264023787BB1FFF75AFF002104201BF010FE0F
S214022650002102201BF00CFE00232370BDE8104070
S214022660FFF79CBA10BD00BF7167002038B5094855
S21402267000F0E8FC0024084D95F84430E0B28342AE
S21402268000D838BD05EBC000043000F0DBFC013496
S214022690F2E700BFE85800204858002008B5104668
S2140226A002494822F8F70EFF002008BDA058002075
S2140226B008B505481DF08DF8014620B9BDE808406A
S2140226C001481CF01BBC08BD906E0020002238B5E5
S2140226D01C4B15461C461A700132082A5D609D8006
S2140226E043F8085FF8D1482200211748F8F75AFD48
S2140226F04FF6FE73A4F868306FF48033E365134B2D
S21402270000211A88124B1868F8F74CFD114BC4E9E1
S2140227101255C4E9283584F8445084F8505065654B
S21402272084F8A850E9F73CFFFF220B4B01211870F2
S2140227300A4B00201A70E2F7A7F90020FFF7B8FF4D
S214022740002038BD48580020A0580020BC70002049
S214022750506D00200000FFFF75670020CA6700204A
S21402276010B5AC24084B04FB0030836C53B990F8C8
S21402277050403CB931B1C0E912122046FFF798FF2B
S214022780204610BD2120FCE748580020AC2370B537
S21402279003FB00F5094E731993F850405CB92046C6
S2140227A010F0AAFC735D204643F002037355FFF750
S2140227B07FFF204670BD0120FCE700BF485800207E
S2140227C0AC235843024A135C23F0030313547047A6
S2140227D04858002070B516461F4A04461278C2BBF7
S2140227E0AC211E4D01FB00518A6C92BB91F8502021
S2140227F03AB1022B2DD191F84410072907D91C2093
S21402280026E091F844100729F9D8012B08D0AC200D
S21402281000FB0450CA00011D0C30F8F715FD00211C
S214022820AC2303FB04F000249DF8143000EBC10136
S2140228302944CB71049B8E808B602B1893F844201E
S214022840204601328C7183F84420FFF731FF204680
S21402285070BD0120FCE700BF7467002048580020C6
S214022860F8B5234B04461B780F46002B3ED1AC230B
S214022870204D03FB0053B3F8A03023B940F2453194
S2140228801D481CF036FEAC2202FB0452D2F8A460AD
S21402289036B192F8A33039460020B2F8A020B047ED
S2140228A0AC2300216343EA18A2F8A010C2F8A410D1
S2140228B0482192F8A82001FB02322A44D2F8982036
S2140228C0964213D0EB5C9B070CD5AC226243AB5C02
S2140228D0204623F0020343F00103AB54BDE8F84060
S2140228E0FFF7E6BE10F02AFC0028EED1F8BD00BFC6
S2140228F074670020485800200D9304002DE9F04F1D
S21402290089B0059008460D461CF00CFA044618B924
S214022910212009B0BDE8F08F28461CF01FFAC0B28D
S2140229200838215C221892F802A00491D1785268E5
S214022930277803920022B4F80130ADF81E20434AED
S214022940029192F800B0BBF1000F08D0404B1B6812
S2140229501BB120464FFA8AF298470020D9E703F0C7
S2140229600703022B70D001340922594620461CF078
S21402297019F9023F3F1A3B0606465FFA87F8C7D4A4
S214022980344FD7F89090B9F1000F27D100210DF1FE
S2140229901E0B434622460846CDF800B010F0E4FA75
S2140229A0C3B20546002B4BD1BDF81E0018F038F90D
S2140229B0E0B9BDF81E0018F02FFA8146BDF81E00D9
S2140229C018F02EF9F0B906EB080201232146584604
S2140229D092B200F07BFDD0B119209AE75B465A46C8
S2140229E001212846C8470028D0D191E7D7F894306D
S2140229F0BDF81E00002BDCD0A11998470028D8D1BC
S214022A00022086E742464846A119F8F75BFDBDF864
S214022A101E001CF087F9029B059A0372049B80F83D
S214022A2009A08372039B1BBAC360AC2303FB027329
S214022A3093F85020BDF81E0022B1DB6C03B1984714
S214022A40E8B266E7BB6FF9E7012062E77467002029
S214022A502C580020485800202DE9F84308460F4617
S214022A60164602F1010918F0DCF98046384618F0DD
S214022A70D0F8042856D1384618F0EFF848F6610523
S214022A804FF6FF7248F64103294C904208BF1D4696
S214022A90B4F85C10301D1CF00CFE384618F0DDF859
S214022AA00146B01D1CF005FEB4F85E1006F10800E3
S214022AB01CF0FFFD06F10A0438460DF067FF10B160
S214022AC045F01005ADB2294648461CF0F2FD3846E0
S214022AD018F0A2F9424601462046F8F7F3FC3846BB
S214022AE001211CF057F94444074660B11CF036F940
S214022AF0054638461CF016F9EDB201462A4620462F
S214022B00F8F7E0FC2C440B4AA41B13780134591C3A
S214022B101170F37034703046BDE8F8430922012183
S214022B201CF040B848461CF0C2FD4C460546C3E7BA
S214022B304858002075670020AC2210B54824504340
S214022B40094B1A1892F8A81004FB0100034493F8E4
S214022B507700022806D092F850301BB9032818BF17
S214022B60012010BD0020FCE74858002070B508B1CF
S214022B70012070BD234C94F8A850002DF8D12946A8
S214022B80B4F85C20FFF706FA29462846B4F85E2019
S214022B90FFF7EAF92946284604F16002FFF7C8FC67
S214022BA094F87730002BE3D0284694F85860FFF765
S214022BB03BFA864215D1002094F95A50FFF728FABC
S214022BC0854216D10020FFF7B7FF044600201BF00F
S214022BD09FFF0028CDD02146BDE870400020FFF7B9
S214022BE0F7B9284694F85810FFF730FA0028E2D0D2
S214022BF0BFE7002094F95A10FFF7FCF90028E1D04D
S214022C00B7E700BF485800200346AC2010B514466C
S214022C10164A00FB032292F8770002280CD1E07FC6
S214022C20022809D141B112490978012913D992F82B
S214022C305810227891420ED118462178FFF7FAF9F9
S214022C4090B1482221460B48F8F73CFC00201BF0C6
S214022C505FFF08B9002010BD044B93F8A8000028B7
S214022C60F8D1FFF783FFF5E72120F4E74858002064
S214022C7021710020A058002038B5AC230D4C054623
S214022C8003FB004300205A6DD86483F8500012B14B
S214022C905865FFF719FCF5F74BFBFF281EBFAC2360
S214022CA003FB054484F8A8000020FFF75FFF00201E
S214022CB038BD00BF485800207FB51D4C94F8A83098
S214022CC023B1002084F8A800FFF750FF94F85A308A
S214022CD0B4F8A0608DF80F3026B940F2FD211548F1
S214022CE01CF007FC144B31461D6800202A46FFF7ED
S214022CF0B3FEE46F02469CB10DF10F03019300236D
S214022D00294630460093A04702462C7854B92046FE
S214022D102146FFF7A5FD2046FFF7CAFC04B070BDAA
S214022D200122F2E729460020FFF706F8F6E700BF81
S214022D30485800200D930400506D002038B5494BCA
S214022D401C78002C58D1484800F06CFC20461BF03A
S214022D50DFFE002850D0454C2378D90733D594F8A7
S214022D6050201AB123F00303237045E023F0010339
S214022D70237010F0CBF9237805469A0701D510F098
S214022D80BBF9294600200FF053FF40B923782846A6
S214022D9043F001032370BDE8384010F0ADB90023BC
S214022DA0482284F8A33094F8A83084F8A25002FB94
S214022DB00343D3F89830A4F8A000C4F8A430BDE8C2
S214022DC03840FFF779BF94F84400B0B104F1A0038D
S214022DD0251D95E8030083E80300FFF76DFF94F8CE
S214022DE044202846D20004F10C01F8F72DFA94F894
S214022DF04430013B84F8443038BDA26C62B99B076C
S214022E0011D52378002023F0020343F00103237038
S214022E10BDE83840FFF74CBC0123A06484F850306C
S214022E20904723789EE710F089F90028E9D194F8B4
S214022E30A83073B1F5F77CFA94F85030002BDBD14A
S214022E40FF2818BF84F8A800BDE838400020FFF726
S214022E508DBED4F88C30002BECD098470028CBD10E
S214022E60E8E700BF74670020906E002048580020F4
S214022E7070B5044600201BF04BFEAC235C430B4EA1
S214022E80351995F850300BB1002070BD0028FBD0E4
S214022E9007481CF09EFC0028F6D1335D002BF3D1C8
S214022EA095F84400B0FA80F04009EEE74858002052
S214022EB0906E002010B5084A034617F0C0FF14684B
S214022EC04FF6FF7203EB40039C42184603D9018873
S214022ED002339142F8D010BD045900202DE9F04784
S214022EE0204F05463B88A3B3B0F90230002B30DBF7
S214022EF0DFF87C801C49D8F80000F8F7A9FB20B957
S214022F004FF4EA7119481CF0F4FA0026DFF85CA0C8
S214022F10DFF860903A88B3B29A4204D84FF4EB7165
S214022F2050461CF0E6FAD9F80030B2B253F8320036
S214022F30D8F8001003EBC20468B943F83210A3882D
S214022F4028460133A38017F07AFFE38803EB400399
S214022F50E380BDE8F087F8F77BFB01360028D9D17D
S214022F60EDE700BF14600020DA920400E492040049
S214022F70B06E0020F858002038B5094C094D22687A
S214022F802B689A4204D94FF4877107481CF0B1FAAD
S214022F9028682368C01A20F0010080B238BD00BF3E
S214022FA0045900200C590020E492040038B5124C53
S214022FB0124D21462846F5F741F823680BB12B68D7
S214022FC01BB9DE210E481CF094FA2A680D4B0E49F6
S214022FD01A60236823F0010313440B600B4B1A603C
S214022FE02AB9BDE83840F82105481CF082BAFFF736
S214022FF0C3FF6428F5D938BDFC58002000590020CC
S214023000E4920400085900200C59002004590020BC
S21402301038B5094C094D22682B689A4204D34FF4FE
S2140230208A7107481CF065FA28682368C01A20F0DF
S214023030010080B238BD00BF085900200C5900209C
S214023040E49204002DE9F0411D4B04461B78012B47
S21402305024D100881BF048FE0546D8B10426DFF8C6
S21402306064802C461CF050F907462046FFF736FFD0
S214023070638843EA08036380A05B1BF035FE0446C0
S21402308038461CF03CF91CB1B4F90230002BE9DAE0
S214023090062E01D1BDE8F0810626E2E7022BF9D121
S2140230A01CF032F9024620881BF01EFE18B1038877
S2140230B0C3F30E0323801046BDE8F0411CF01FB98F
S2140230C0766700200080FFFF2DE9F04F0024BA4B00
S2140230D097B006461C801CF017F90123DFF8EC8235
S2140230E0B64F3B70B8F80030A8F80040ADF816307E
S2140230F0B34B1B6801931CF002F9B24B21461A88A7
S214023100B14BD2001868F8F74DF80DF11600FFF72C
S21402311099FF002E3CD1DFF8B8924FF0000B012544
S214023120D9F80040019B9C4239D3BBF1000F39D13C
S214023130002DF2D0D9F80040DFF898A225462246A4
S214023140019B9A4273D302230DF116003B70FFF7E0
S21402315079FF002E40F08F80D9F800603246AA42EE
S21402316080F0A28090881BF0BFFD18B10388C3F3DD
S2140231700E039380D0881BF0B7FD18B10388C3F303
S2140231800E03D3801046FFF795FE0246E7E7984700
S214023190E3B256F823300134002BF8D1BBE7BBF17B
S2140231A0000F3ED00BF1FF335FFA83FB16AB03EB47
S2140231B08B0252F8402CB2F9020051880028B1DA8C
S2140231C04B04AFD4924641F48040931D2AF8020F76
S2140231D002933AF8020F1BF087FDF0B1B0F902E055
S2140231E0B0F802C0BEF1000F17DB6FEA4C4C6FEA74
S2140231F05C4CA0F802C00390FFF770FEBBF10F0F05
S2140232008FBF002516AB039A03EB8B009EBF0BF114
S214023210010340F8402C5FFA83FB029B9A45D8D103
S21402322080E72046FFF746FE22460446C3E71046DE
S21402323017F005FE8346B2F90200118800280AEA52
S214023240010108DA20461BF045FD084381B204EB73
S2140232504B0402EB4B0510461180FFF72BFE02468D
S2140232606EE798475FFA8AF356F823300AF1010AA6
S214023270002BF6D170E74FF0000AF3E73046FFF76F
S21402328019FE82467EB1B6F902307188002B0ADA40
S2140232903088C0F30E001BF027FD864203462DD170
S2140232A0C1F30D0171805646AE42E7D3DFF81CA18A
S2140232B01CF02AF800210646504617F023FE1BF0A3
S2140232C013FD0546002800F0878030461CF017F8EC
S2140232D0284617F0B4FD064620461BF0FBFC814646
S2140232E07600324629462046F7F7AEFF00224946C8
S2140232F00DF116001CF045FA3444D9E71BD93046C6
S21402330017F09DFDC1F30D0142007180184631464B
S21402331092B2F7F799FFC6E75046FFF7CBFDD146C4
S214023320854203D9B0F90230002B01DA824603E067
S214023330FFF7C0FDF4E7B146554507D9BAF80000D5
S214023340C0F30E001BF0D0FC8245E5D3B9F1000FA6
S21402335030D0B9F80000C0F30E001BF0C5FC0346DF
S21402336038B93346CB46994513D8B1459BD0D94692
S214023370ECE7484617F063FDB9F802204946C2F367
S2140233800D02A9F80220420092B21846F7F75CFF37
S214023390E7E718460193FFF78DFD019B9B468542A2
S2140233A003D9B0F90230002B01DA0346DBE7FFF758
S2140233B081FDF4E7CB46DAE7166000207667002048
S2140233C00459002014600020F858002018600020DD
S2140233D0085900200080FFFFBDF816303870A8F8A4
S2140233E00030044B30461C601BF089FF17B0BDE866
S2140233F0F08F00BF045900202DE9F04105461BF06E
S21402340073FC0F460446D8B11CF0A5F920B940F269
S214023410FB4120481CF06DF828461BF09FFC054631
S2140234202046FFF747FDBD42064609D004D840F2C3
S214023430035118481CF05DF82588ED0B02D0278151
S214023440BDE8F0816780204617F0F9FC074604EBDA
S21402345040081BF059FF104B1A68B2420AD1C3F853
S21402346000801BF04CFF2A464046BDE8F041FF2193
S214023470F7F798BEA6EB0806B5B21BF040FF072D7D
S214023480F1D90023083D44F81730C8F80430A8F8EC
S2140234900250D5E7E49204000459002038B51BF028
S2140234A033FF00210546044817F02CFD0446284643
S2140234B01BF025FF204638BD18600020024B1888F6
S2140234C0B0FA80F040097047186000202DE9F74FE7
S2140234D0044600881F461BF007FC8846154606462B
S2140234E01CF039F920B940F2FE613F481CF001F8A1
S2140234F03388DB0B009306D033892B4433810020BC
S21402350003B0BDE8F08F20881BF028FC82463046C8
S214023510FFF7D0FC01901BF0F7FEDFF8D0B0019B5E
S214023520DBF8002081469A421DD1FFF725FDA8420E
S21402353004D248461BF0E3FE1A20E1E70AEB050335
S21402354073803FB120881BF0EDFB2A46414650446B
S214023550F7F7B8FF3046FFF7ADFCCBF80000484659
S2140235601BF0CDFECBE71BF0CAFE20881BF0F6FB55
S2140235702844009980B21BF049FC06460028DBD09E
S2140235801BF0D0FB814620881BF0CCFB82462088AD
S2140235901BF0E4FB514602464846F7F793FF3046D7
S2140235A0AFB11BF0BFFB074620881BF0D7FB2A46AD
S2140235B041463844F7F786FF012120881BF0EAFBD4
S2140235C00121024630461BF0F9FB268097E71BF0E6
S2140235D0A9FB804620881BF0C1FB2A463946404498
S2140235E0F7F7E0FDE8E700BFE49204000459002084
S2140235F0342101481BF07DBFF8920400036910B520
S2140236005BB18268064B9A4201D1002010BD446924
S2140236101BF068FF201AF9D5F7E74FF0FF30F5E701
S214023620F135020082681C4B70B59A420446056862
S21402363019D11BF069FE236923B1A34206D10022E9
S2140236402A601A61BDE870401BF059BE1A46114640
S2140236501269A242FBD12A68A24208BF29600B6106
S21402366000232361EEE7036993B198426E6803D1A3
S2140236709D210A481BF03DFF2B46B44209D1226920
S2140236809D4218BF1A614FF0000308BF6A602361AB
S21402369070BD33463669F0E7F1350200F892040051
S2140236A02DE9F047074600254FF0010A154EDFF8D0
S2140236B058808AB0347914B90AB0BDE8F087D6F8D3
S2140236C0009087B900972A46B8F80010234603A848
S2140236D01CF0EEF82246484603A9E9F723FC2544E7
S2140236E0EDB20836E6E7224603A94846E9F7EEFBBE
S2140236F0CDF800A023462A46B8F8001003A81CF00E
S214023700D7F8ECE740DE04001A6000200148FFF715
S21402371099BC00BF1A6000209C46174BF7B50546B9
S21402372008461988164611B1144B1C78CCB10146CE
S21402373062463046BDB103B0BDE8F040E9F7C6BB0D
S2140237401C44E4B208373B79002BF0D03A68964224
S214023750F6D185F00105224600951CF0A9F803B0C3
S214023760F0BD074FEFE7E9F7DDFBB0B203B0BDE807
S214023770F04015F009BD00BF1A6000205571002008
S21402378040DE040010B5074C238843B10020FFF743
S21402379087FF0020FF22044B20801A7010BD0220F3
S2140237A0FCE700BF1A60002055710020142810B5EF
S2140237B018D8082805D115F060FDC401E4B22046E9
S2140237C010BD0E2802D115F05BFDF6E7064B53F846
S2140237D02040002CF3D00A282478F0D107F0C2FB50
S2140237E00443EBE7FF24EAE790DE0400014BB3F85C
S2140237F0680070474858002000487047B2580020BA
S214023800014B1878704700BFED660020014B187810
S214023810704700BFF0660020014B1870704700BF6B
S214023820F0660020204B022810B5204C187002D0FB
S2140238300438012822D82378042B0BD000211C48F8
S2140238401BF05CFB2378033B012B03D900211948AC
S2140238501BF054FB184B1B689A0022D513F0805FAE
S21402386040F6114418BF4FF44164204616F0BAF8E9
S214023870C8B92046BDE8104015F084BC0C48FFF7D6
S214023880D1FE0C48FFF7CEFE17F0B5FD2378033BBA
S214023890012B03D816F0A0F81624E6E70DF0BAFFBF
S2140238A0FAE71524E1E710BDF4660020F56600206D
S2140238B0D46E0020344A0020C84A0020024B1878F2
S2140238C000F00F00704700BFF4660020034B187824
S2140238D000F00F00831E584258417047F4660020DD
S2140238E008B517F073FDC0B117F089FDA8B10FF047
S2140238F01BFD90B90A4817F0BCFA70B1094817F0D8
S214023900B8FA50B115F0C1FC38B116F06DF820B90E
S214023910BDE80840044817F06FBB002008BD00BF92
S2140239201C600020506000201059002030B505466B
S2140239300C4693B081B910B9002013B030BD1023E5
S214023940214A69460120FFF7E7FE9DF805305A1E18
S214023950052A28D91720F0E7182200212046F7F773
S21402396021FC002DEBD1FFF7B1FF30B315F035FB8C
S2140239706A4601460020FEF791FEBDF80430204656
S21402398023819DF80230A3729DF80030E37217F08F
S214023990FBFE002304F11401237304F1100004F06B
S2140239A0F7FDE081C8E7094A9DF8041012789142B3
S2140239B0D0D12B70002CD6D1BEE7054B1B78033B2B
S2140239C0022BD3D9C6E700BF64EE0100287100209F
S2140239D0F466002030B593B005460C46FFF776FF36
S2140239E020B90C4B1B78033B022B10D815F0F5FAC6
S2140239F06A4601462846FEF751FE00209DF8023030
S214023A00607023709DF80030A37013B030BD17208D
S214023A10FBE700BFF4660020054B1878012805D0A6
S214023A2000F0FD00A0F1310358425841704700BF34
S214023A30F46600202DE9F3410E46002105461BF0F0
S214023A409AFE0023124FADF806002B800DF10600F9
S214023A5017F00FFA044610B102B0BDE8F081214615
S214023A600DF1060017F04EFA80461BF05BF9438A0A
S214023A70B34207D99B1B43822246414628461BF087
S214023A8080FEE3E743895B07E0D53B88F3E700BFA8
S214023A90BE70002008B50A48FFF7C4FD09484FF477
S214023AA07A71FFF7C7FF074817F0E3F930B9BDE8A8
S214023AB008404FF47A7102481BF020BA08BD00BFD6
S214023AC0B46E0020CC7000201FB50146002201A86B
S214023AD01BF0E4FA064801A91BF0B0FE20B11BF069
S214023AE021F94089C0F3400005B05DF804FB00BF31
S214023AF0CC70002030B585B00D460022014601A8E4
S214023B001BF0CCFA084801A91BF098FE50B11BF036
S214023B1009F90446014608222846F7F795FB60890C
S214023B20C0F3400005B030BDCC70002010B5044C88
S214023B30204617F0D5F96388181A80B210BD00BF68
S214023B40CC700020F8B50546F8B100210F481BF0EE
S214023B5012FE0446A8B10D4F20461BF0E3F80646B7
S214023B601BF088FA830705D4082229463046F7F761
S214023B7065FE38B1214638461BF021FE0446002871
S214023B80EAD10024201E18BF0120F8BDCC70002008
S214023B9010B50C46014606481BF050FE30B11BF02D
S214023BA0C1F843891C4214BF0120002010BD00BF8B
S214023BB0CC7000201FB51446024601A81BF06EFA10
S214023BC0074801A91BF03AFE40B134B11BF0AAF82F
S214023BD0142201462046F7F737FB012004B010BD39
S214023BE0CC7000201FB50146002201A81BF056FA31
S214023BF0094801A91BF022FE58B11BF093F843892D
S214023C00024613F0020004D0507B80F00800C0F396
S214023C10C00005B05DF804FBCC70002001460148E8
S214023C2017F084BACC700020F8B504460E4614206D
S214023C3000211BF0EBF80546204617F051F9638881
S214023C40834225D925B33146204617F06FFA08BBC2
S214023C5028461BF067F807460A223146F7F7F4FAB9
S214023C60082206F10A0107F10A00F7F7EDFA0A4BF5
S214023C701B887B82238823B94FF47A7107481BF08E
S214023C803DF92046002229461BF07BFD0020F8BDA8
S214023C901C20FCE72E20FAE7BE700020B46E00203F
S214023CA010B5044686B0B0B11BF0E4F910F002007D
S214023CB011D1CDF80E006168CDF81200ADF81600ED
S214023CC0206801AB03C32289044801A91A80FFF7C2
S214023CD0ABFF06B010BD2120FBE700BFCC70002072
S214023CE0F8B50D4616461F46044648B31BF0C2F901
S214023CF030BB2046FFF792FFE0B1214611481BF089
S214023D009DFD1BF00FF8438905734673877343F0D6
S214023D10020321894381204601F0F2F9FF28044676
S214023D2006D001F0F3F818B10022074B43F824201E
S214023D30002004E02046FFF7B3FF0028DDD0F8BDE0
S214023D402120FCE7CC70002004480020F7B59DF83F
S214023D5024400D4601949DF82040064600941F46D6
S214023D600DF076FC4FF6FF718842044610D0BB0772
S214023D7011D4284600F0CCFF20461BF0F3F9FF28AA
S214023D801FBF084A32F8103023F4804322F810305E
S214023D90204603B0F0BD02462946304617F0CDF95C
S214023DA0EAE700BFE05F002073B50E4601461448FE
S214023DB01BF044FD0546D8B11AF0B4FF4389044609
S214023DC0334012D09B0736B20BD5002E09DAA17B00
S214023DD0437B0289007B0191012100912146FFF776
S214023DE0B5FF638923EA06036381628912B1012063
S214023DF002B070BD2946024817F0A3F8F7E700BFE5
S214023E00CC7000200148FFF71DB900BFCC7000201F
S214023E101FB50C460B4A014601A81BF03FF901A844
S214023E20FFF7FCFE60B101A907481BF007FD1AF078
S214023E3079FF0368236043680020636004B010BD06
S214023E402D20FBE7FEDE0400CC70002013B53E4CAE
S214023E5012F098FBD4F8FC311020C3F30743019309
S214023E60FFF7A4FC000650D50020FFF79FFC0106D2
S214023E704BD5019B802B3ED1236A9A0704D440F689
S214023E801544204602B010BDE3699B07F7D52F48BC
S214023E9016F0CAF8012016F09AFE12F086FB0446C7
S214023EA00028EED100F086F9294817F07FF800F0D6
S214023EB0F1F9E8F775F912F064FB0AF0F1FC0AF082
S214023EC043FDF4F717F9F4F7CBF9F4F7E5F904F044
S214023ED003FD15F0D4F915F0D5F915F088FD1D4847
S214023EE00CF00CFC07F092FE15F040FD0028C8D03E
S214023EF015F03EFDC5E7019B812BC0D1D4F80C31ED
S214023F005B00BCD5D4F80C31BFE71020FFF74EFC9F
S214023F100006BCD40020FFF749FC0106B7D5019B7A
S214023F20802B05D1084B1A6AD207A8D5DB69ACE705
S214023F30019B812BA3D1044BD3F80C21002A9EDAD5
S214023F40D3F80C31A1E700BF0080E00F690345EC0F
S214023F5010590020C93A020010B517F049FA70B39A
S214023F6001F0B8FB80F00104E4B20020FEF7F6FA96
S214023F7044EA800424B217F029FA10BB0220044354
S214023F8016481BF026FC44EA401415481BF021FC98
S214023F9024B244EA001413481BF01BFC24B244EA81
S214023FA0801411481BF015FC24B244EA40240F4842
S214023FB01BF00FFC24B244EAC02080B210BD0124DC
S214023FC0D3E70B4816F055FF0028D7D0094816F05D
S214023FD050FF80F00100C0B24000D0E7146F00200E
S214023FE0F86F0020CC4A0020786F0020D86F00209F
S214023FF01C6000205060002008B501F047F90EF062
S214024000DFF8FDF7D9FE154816F033FF08B906F0BB
S21402401065F9134816F02DFF08B907F0E1FD03F025
S21402402059FC0CF01DFD0F4816F0F2FF0E4B1B78E4
S214024030043B022B09D80D481BF0CBFB28B1FFF737
S2140240408BFF102801D109F07DF915F020F917F041
S21402405082F8BDE808400648FFF736B81C60002024
S2140240605060002010590020F5660020F86F0020EE
S21402407008DF0400014B1868704700BF4458002050
S214024080F8B54FF6FF77104B06461B780C46033BF7
S214024090012B0F8009D830460AF0BAFC4FF6FF73A0
S2140240A0984220800ED000200DE00CF023FEB8428D
S2140240B005462080F7D1304600F002FDA842208057
S2140240C0F1D1E8E72D20F8BDF56600204FF6F7732C
S2140240D070B5984204460D4686B05AD817F03CF89A
S2140240E0A04207D108222C492846F7F7ADF800204F
S2140240F006B070BD294EB6F86830A3420AD1002237
S214024100082106F16A0016F0B9FF18B9082206F16E
S2140241106A01E9E7ACB1224B1B78033B012B1AD8A4
S214024120002301221946204600930AF01BFBFF28B3
S21402413023D1294620460AF0BFFC80F00100C0B217
S214024140D6E7184B1B689B07E5D4284608F0DCF92F
S2140241500028E0D0CBE7204600F06AFFFF2806D111
S21402416029462046FFF754FE0028D9D1BFE7294644
S21402417000F080FF0028F3D0B9E702A918F01AFA77
S2140241800028D6D1DDF80D302B60DDF811306B60DB
S214024190ADE70120ACE700BF776700204858002053
S2140241A0F5660020C84A0020014B1870704700BF11
S2140241B02871002010B5054C082221460448E8F76D
S2140241C085FE204617F002F810BD00BF7767002074
S2140241D034B608C00048704777670020082208B542
S2140241E00349F7F72BFBB0FA80F0400908BD00BF81
S2140241F077670020014B1870704700BFE866002002
S214024200074B44F6FF701A7840F6FF73012A18BF70
S2140242101846044B1B780BB140F40040704700BFB1
S214024220F5660020E8660020F7B50D4604461646F9
S2140242301F460021284601F0F1FF0B4B002183F8B0
S21402424059402A463346204600970EF0AFFC0146F8
S21402425030B10222204603B0BDE8F04000F006B8B6
S214024260012003B0F0BD00BF4858002013B5134626
S2140242700C461AB1022A0CBF134601230021044A37
S214024280019100922246FEF7A5FA02B010BD00BFC9
S214024290D3B4030000B5002093B0FEF717FA1E4B06
S2140242A018880CF031FA1D4B1D491A7800200EF0C2
S2140242B0A1FD342200216846F6F774FF0B238DF821
S2140242C000306FF4803301934FF6FE73ADF8103072
S2140242D003238DF81D30134B134A0893134B1068B3
S2140242E00993134B51680D93124B6A460E93124B69
S2140242F00F93124B1093124B119302AB03C3002180
S2140243000846FEF781FC6A4601210020FEF77CFC87
S21402431013B05DF804FB00BFB67000203B710020AE
S2140243201CA304003D470200776700206FB203001B
S214024330B57F0200E5480200B5960200D3B403003A
S214024340057A0200014B1878704700BF7F6700208D
S214024350014B1888704700BFD07000202DE9F74F38
S214024360814610460E4690461BF0A1F9DFF840B192
S21402437005469BF8003033B94A4B1B681BB94A4BBB
S2140243801B68002B7FD015F4406A05F040071BD14E
S2140243909FBBB5F5804F61D24FF48074B9F1400FE0
S2140243A073D0B9F1800F63D0B9F1100F6BD100232F
S2140243B09BF800003D4AD9B2884264D932F8021B03
S2140243C00133A142F7D166E008F103001BF06FF952
S2140243D04FF6FF73984214BF0124022487B10527C3
S2140243E005F44043B3F5004F44F0080425D0B5F574
S2140243F0804F24D244F4807421E054460327EFE72A
S214024400B5F5804F4FF00507F4D3BAF5406F14BFE9
S21402441002200820384440441BF049F9019016F067
S214024420B8FE019B05F4404598420CBF44F00804D0
S21402443044F00404B5F5004F01D144F08004BAF507
S214024440006F0FD108EB07001BF031F9054616F096
S21402445083FEA842A2D144F010049FE754460327E5
S2140244600220D7E7BAF5406F08BF44F0200495E76C
S2140244700C4B1B683BB10022D1B233F8110033F962
S2140244801110002903DA002008E0074BF1E7A042EA
S21402449002F10102F0D106B13480012003B0BDE87A
S2140244A0F08F00BF20590020245900207A60002097
S2140244B0C7670020034B1A78022A04BF09221A7023
S2140244C0704700BF806700200C22034B1A211A7027
S2140244D00320002202F024B8806700200C2208B5D0
S2140244E0054B1A211A700022104602F019F8002213
S2140244F0024B1A6008BD00BF806700202C590020BE
S2140245000C2270B50D4B05461E781A7030B930462F
S214024510BDE8704000221A2102F002B8084B1C784F
S214024520E1B21A29F3D825FA04F3DB0703D54422AD
S214024530304601F0F5FF0134F2E700BF8067002045
S214024540577100200C22024B1A7015F046BA00BFB3
S21402455080670020F0B50C8805460E468BB0E4B99D
S2140245604FF6FF77ADF8247015F04AFA10B902201C
S2140245700BB0F0BDCDE90340CDE90544134A0294E1
S214024580B2F85C306032019300923B464CF6010171
S214024590FF2009AA18F057FB3080284616F072FF53
S2140245A00B4C70B1237863B1013BDBB22846237013
S2140245B016F068FF38B12078B0FA80F04009C0B231
S2140245C0D6E70523F2E70120F9E700BF48580020A6
S2140245D056710020034B11461B6803B1184714F0AE
S2140245E08FBD00BF2C5900200C22024B1A700AF015
S2140245F0F1BC00BF806700200148FEF723BD00BF64
S2140246001E6000207FB505460C4616461AF05AFE76
S21402461000286BD1062D03D85223EB40DB071AD4B1
S214024620B4F1006F05D3E30E1C3B032B18D94F20C1
S2140246302EE000222F4B1A602F4B1D7016F047FDFE
S21402464003460A2D54D8DFE805F02D183E491825F2
S21402465018535341360002F03BFCB4F1006FE2D22D
S2140246600022244B042D1A60234B1D70E6D1022033
S21402467001F02EFC16F02BFD0346012202921F4A81
S21402468001921F4A00921F4A314620460EF088FECB
S21402469004B070BD314620461B4A04B0BDE87040E7
S2140246A00EF066BE31462046184B194A04B0BDE8E5
S2140246B070400EF041BE00220292164A0192104A43
S2140246C00092154AE0E702220B4B1A7000221046AF
S2140246D0124904B0BDE87040FEF742B800220292CA
S2140246E00F4A0192064A00920E4ACDE74D20CFE7C6
S2140246F00120CDE72C5900208067002001450200EA
S2140247003D470200BFB40300E9450200DD44020053
S214024710D54502004545020055450200B544020053
S214024720C944020081B4030008B50EF069FE0C22EB
S214024730014B00201A7008BD80670020F0B585B0D6
S214024740ADF8060018B9762164481AF0D2FEBDF814
S214024750060016F05EFA0446BDF8060016F059FA90
S214024760082846D00C2CBDF8060042D116F054FBA1
S21402477007461AF09CFF0DF10F010646BDF806002B
S21402478014F066FD002879D00922002138461AF076
S21402479009FA9DF80F301033C518BDF806001AF056
S2140247A0DDFAEDB2854269D22946BDF806000EF062
S2140247B035FF06F44C4416F44066054614D0F81C41
S2140247C01AF075FF4FF6FF73984208BF44F0400494
S2140247D0B6F5006F08D1781D1AF069FF4FF6FF7321
S2140247E0984208BF44F010049DF80F305BB3072DC3
S2140247F044D1BDF8060016F002FA0446BDF80600DB
S21402480016F007FA082817D0A30615D524F02001BB
S21402481089B2BDF8060016F0DDF9BDF8060016F0FE
S214024820FBFA002109221AF0BDF900F1100189B243
S2140248300DF1060018F030FB0022BDF806102848DD
S2140248401AF09FFF1AE0082D16D8BDB1013D072DBC
S21402485014D801A353F825F0B5480200C148020057
S2140248607D480200814802007D480200CD480200D1
S214024870F3470200D34802007C2D24D005B0F0BDD9
S21402488024F48844A4B2B4F5084FF7D1BDF8060064
S21402489016F0BAF9BDF806100BF0D0FF0028A8D023
S2140248A0BDF8060016F01BFA0022014602201AF096
S2140248B0C7FEE3E724F48064A4B2B4F5484F97E752
S2140248C0B4F54C4F94E7B4F54C4F92D04CF65003E7
S2140248D001E04CF640439C428AE700BF0693040080
S2140248E01C6000202DE9F7430F469046994606467F
S2140248F01AF018FA044630461AF030FAC5B2083DE5
S2140249002C44E178094BA2781970094B31461A708B
S214024910002043463A46CDF8009012F0E8FA0038F6
S21402492018BF012003B0BDE8F08300BFA4670020D3
S214024930A36700202DE9F04FDFF84081DFF84091B1
S21402494098F8002099F8003006469A4285B004D3BB
S21402495040F2191142481AF0CCFD30460DF10F0113
S2140249601AF0B4FB20B14FF48E713D481AF0C1FD27
S21402497098F800709DF80F403D1B15F0FF0530D0EB
S2140249804FF0FF3C374B01211B78A140184699F89F
S21402499000304FF6FF790CFA03FC0023324A01F18D
S2140249A0FF3E0193C1F1000A9DF80430984243D8B5
S2140249B0122004FB00002D4BA0F1120105EBC502EC
S2140249C05200194404F101091844F6F73DFC4FEA77
S2140249D089092748A9F104010144AA004844F6F7C8
S2140249E033FC224904EBC40201EB420321F81260B5
S2140249F0204A013712784FF6FF71DA731A745A7426
S214024A0012025A801C4A0D2012781A7110225A710C
S214024A1000229A73C3F80620C3F80A20144B43F800
S214024A20242088F800701AF00BFE0EB908F05CFF1E
S214024A30204605B0BDE8F08F13884B450AD0536870
S214024A400AEA030B03EA0E030B4403EB4B0343EAA7
S214024A500C035360019B083201330193A4E700BFA5
S214024A60199304003571002060480020D05D0020B4
S214024A7004480020A467002081670020EE6600201C
S214024A80337100202DE9F041074600250A4B0B4EF4
S214024A9093F80080ECB2A04503D8FF242046BDE878
S214024AA0F08108223846B11DF6F7C8FE0135002807
S214024AB0F4D01236EEE700BFEE660020D05D00208E
S214024AC008B5FFF7DFFFFF281DBF00B2044B00EB5F
S214024AD0C0004FF6FF7018BF33F8100008BD00BFC5
S214024AE0D05D002007B50DF107011AF0EFFA30B1DC
S214024AF09DF80730034803EBC30300EB430003B003
S214024B005DF804FBD05D00202DE9F843294E0446EB
S214024B1033785D1E2D1A8342EDB204D84FF4A1718C
S214024B2025481AF0E6FC0123A3404FF0FF305F1E33
S214024B303B4400214FF6FF7E6FEA03081F4A92F8B5
S214024B4000C01F4A127890401E4ACBB29C4523D81A
S214024B50BDB127B204EBC4041B48640005EBC502D2
S214024B6004F11201014452002044F6F76DFBBF0027
S214024B701648AA00391D014402F0FC023844F6F732
S214024B8063FB33780022013B33704FF6FF71BDE8BA
S214024B90F8430E201AF054BD1388734507D05368A5
S214024BA008EA03093B4003EB590303435360083208
S214024BB00131CAE7EE660020199304003571002021
S214024BC03371002060480020D05D00200448002099
S214024BD010B50A4C207858B9094B1B781A2B03D902
S214024BE0992108481AF085FC0322074B1A7010BD5B
S214024BF00138C0B2FFF788FFECE700BFEE66002080
S214024C003371002019930400EA6600202DE9F0476C
S214024C1005461AF029FEFF28044624D1DFF88490C0
S214024C201E4B99F800201B789A422BD22846BDE8E4
S214024C30F047FFF77FBE38883B79504518D86F2B70
S214024C404FEA131214D85B0710D0123708F1010886
S214024C5099F800105FFA88F6B142ECD80023104AA1
S214024C60DEB28E4214D32046BDE8F087022AECD983
S214024C700DF0E2F90028E8D129463046BDE8F047B3
S214024C8016F041BC4FF000084FF6F77A044FDFE704
S214024C90107901338F28EFD81232E1E73371002002
S214024CA0D05D0020EE6600204FF6F773984210B5EE
S214024CB014D8FFF7ABFFFF2810D0134C00B200EB5E
S214024CC0C00004EB400412F06BFB104938B962884E
S214024CD00B7802EB0313A3EB1213638010BD227C46
S214024CE0637C09789A42E2732374617407D98B4213
S214024CF003D213468B4228BF0B461B02EDE78A42BD
S214024D00F8D31346F9E700BFD05D0020A467002061
S214024D102DE9F04106460F4600240E4DDFF8388096
S214024D2098F80030A34201D8BDE8F081082229464F
S214024D303046F6F783FD40B935F8063CBB4204D050
S214024D402046FFF7E1FE013CE4B20134E4B212353C
S214024D50E6E700BFD65D0020EE660020F8B5054601
S214024D6008460E46FFF78EFEFF2830D01D4B29461A
S214024D7053F820703046FFF7CBFF2846FFF746FF72
S214024D80FF28044625D10CF083F8FF280AD1164CDA
S214024D90207838B114F024F92378B0FBF3F202FB42
S214024DA01300C0B2294616F0AEFB044623B20F4DDE
S214024DB003EBC30305EB430508223146A81DF6F7AD
S214024DC043FA2B79204603F00F032B71F8BD002718
S214024DD0D3E7074B1B78002B18BF0027014B43F87D
S214024DE02070E3E70448002033710020D05D0020E5
S214024DF05871002038B50B4B04461B780D4683428B
S214024E0004D840F25A2108481AF073FB074804EB0C
S214024E10C40400EB44002946BDE8384008220630A8
S214024E20F6F712BA3371002019930400D05D002001
S214024E3070B5044608460E461AF016FDFF280546CB
S214024E4010D02046FFF71EFEFF2807D0084B1B781F
S214024E5023B9084B53F8202043F82520214628463C
S214024E60FFF7C8FF31462046BDE87040FFF750BF47
S214024E7058710020044800202DE9F843002480469B
S214024E8001272646114DDFF84C9099F80030A342D0
S214024E9010D83E430134E4B21A2C4FEA470705F114
S214024EA01205F2D14FF0FF30094B1B789840304381
S214024EB0BDE8F8832B884345EBD0284616F07BFBEB
S214024EC00328E6D82B796F2BE3D8E3E7D05D0020E2
S214024ED033710020EE66002010B5084C00EBC000CF
S214024EE004EB400423795B0707D1204616F063FBE8
S214024EF0237923F007031843207110BDD05D0020EC
S214024F00014B1878704700BF59710020014B187882
S214024F10704700BF5871002070B51A48FEF782FB32
S214024F20194B1B78033B012B28D805F0A3FB03F093
S214024F3057FBBDE870404FF47A51124819F0DEBFB5
S214024F4023798F2B4FEA131111D80131204616F020
S214024F5062FB062901D8032909D12379002223F00E
S214024F6007034FF6FF710F2023711AF069FB123404
S214024F7001353278EBB29A42E2D8D6E70025034CE6
S214024F80034EF6E7D46E0020F5660020D05D0020C2
S214024F90EE6600200022084B1878084BD1B28842F1
S214024FA003F1120300D8704713F80D1C013221F0EA
S214024FB0100103F80D1CF1E7EE660020D05D00201C
S214024FC02DE9F04702261227DFF85C90DFF85C80B6
S214024FD099F8004000250CE007FB05F338F803A01B
S214024FE00021504616F0FCFA10B15CB1013CE4B266
S214024FF0013599F80030EAB29342EDD8A34204D1C3
S2140250004FF6FF7A5046BDE8F08713F0E9FF99F8AD
S2140250100030012EA3EB040390FBF3F202FB130015
S214025020C4B2EDD00126D5E7EE660020D05D0020A2
S21402503010B504461AF018FCFF2808D120461AF0CC
S21402504091F8FF281FBF024B1B78C018C0B210BDD4
S21402505033710020044B00211A78044B04481B7855
S2140250601A449200F6F79EB8337100203A71002077
S2140250700448002010B5134B0C461B7886B08342BA
S21402508012D9114900EBC00001EB4001082220466C
S2140250900631F6F7D9F800220821204615F0EEFF71
S2140250A080F00100C0B206E0C01A01A9C0B20CF03E
S2140250B02BFA10B1002006B010BD01AB03CB206066
S2140250C06160E8E733710020D05D002008B5074B29
S2140250D0024653F820308B4206D915204FF6FF7150
S2140250E01AF0AEFA002008BD0120FCE704480020B2
S2140250F0024B013143F82010704700BF04480020DD
S2140251002DE9F34781460C4600272A4EDFF8ACA06D
S2140251109AF80030FDB2AB4210D86946204617F026
S2140251207EFBC0B3082269464846F6F787FB90B373
S2140251304946204616F015FDFE2537E006F106081C
S214025140082241464846F6F779FB90B94FF6FF73B8
S2140251509C422BD03388A34228D020461AF002F86D
S214025160FF2814D14946204602B0BDE8F047FFF7B3
S214025170F5BD14B912360137CAE73388A342F9D10E
S21402518000220821404615F079FF0028F2D1284671
S214025190FFF7BAFCCCE74946002019F0B3FFFF2818
S2140251A0054603D0044B1B780344DDB2284602B002
S2140251B0BDE8F087D05D002033710020EE66002047
S2140251C008B5FFF7E7FE054B1B78013B012B03D81A
S2140251D0BDE808400CF084B908BD00BFF5660020A3
S2140251E00F4B1B7883420CD8C01A0E4AC0B232F854
S2140251F01030D90411D443F4805322F81030012021
S2140252007047094B00EBC00003EB40035A79D10606
S21402521003D442F010025A71F1E70020704700BF33
S21402522033710020E05F0020D05D0020F0B5134B04
S21402523006461B78FBB100251148DFF84CC090F8F3
S21402524000E0104807781F44E8B2864501D80020DF
S214025250F0BD7C1B94FBF3F003FB10440CEBC40084
S2140252603CF83440B44204D1002AF1D184788C420E
S214025270EED00135E8E71846EAE700BF35710020B0
S214025280B44A0020EC6600206048002070B511F099
S2140252906AF914250F49104E0B78328830809B1A13
S2140252A003449BB2B3FBF5F405FB14330B700B49B6
S2140252B0E2B20B78934292BF00239B1ADBB2032A18
S2140252C00B7088BF002306499EBFD2000B68D340EE
S2140252D00B6070BD8467002020600020EB66002013
S2140252E0B44A0020084B1868084BC2B21B789A4290
S2140252F008D2074BC0F307201B78984234BF002021
S2140253000120704701207047B44A00203571002002
S21402531083670020F8B505461746FFF7E3FF064603
S21402532010B9184B1A783AB9212001224FF6FF71AC
S2140253301AF086F90020F8BD1348DFF854C0037847
S2140253400133B3FBF2F402FB143303700F48DCF8AC
S214025350002000EBC30420F8335002F10132A170A2
S2140253603846CCF80020FFF787FDE670606015F03F
S214025370F3FEA84201D10120DDE7E3780133E370B2
S214025380F9E700BF35710020EC6600206048002077
S214025390B44A002010B50B4C0B4A2378063B137018
S2140253A011F0E1F80022094BFF211880084B09484A
S2140253B01A602278D200F5F7F5FE0422064B1A7020
S2140253C010BD00BF357100208367002020600020DA
S2140253D0B44A002060480020EB66002048B139B18C
S2140253E0044B1B780B70044B1B780370012070472C
S2140253F008467047826700205A7100202DE9F8435C
S21402540007461AF06FF805461A481AF0E2F91A4BE0
S21402541048B31C683C1B2C44A4B20022174BDFF88E
S21402542064901B78164D99F8006005EB03155FFA39
S21402543082F8464509D9AB8805F11000A34215D972
S214025440B21A29461201F5F7FFFE013689F8006006
S214025450AC80B8F1000F03D13946064819F04EFD6C
S2140254602846BDE8F8833C461D60D6E7054601326D
S214025470DDE700BFF46E002030590020866700206A
S21402548004470020876700202DE9F74F1AF02AF814
S2140254904FF0000E284D294F2978294C97F800A086
S2140254A004EB011303EB0A120092F3465246DFF8AE
S2140254B098801FFA80FC0646B8F80000ACEB00099C
S2140254C0A0EB0C001FFA89F901900098984217D1B8
S2140254D0BEF1000F00D02970524503D200203A7068
S2140254E0FDF7E6F83B7823B32B78164804EB031453
S2140254F0A188C8F8006003B0BDE8F04F19F0FEBC02
S214025500B3F804C0CC450FD84FF0010E93F802C092
S21402551001310CF1FF3C013AA3F804B083F802C053
S214025520C9B2D2B21033D0E701988444A3F804C0BB
S214025530F8E703B0BDE8F08F866700208767002093
S21402554004470020F46E0020305900207FB56C46D8
S2140255501E4B1F4D1E78013EF6B21E7095E80F00D8
S21402556084E80F001B4B28461A7805F110013244D6
S2140255701201F5F769FE9DF8026016F00F0511D1CB
S214025580BDF808000EF0C4F9360918BF29464FF0D8
S2140255900002BDF8000008BF039904B0BDE87040E1
S2140255A003F0F4BCBDF80400FFF728FF0346828828
S2140255B004ADADF80420224603CAAA421860596018
S2140255C0144603F10803F6D104B070BD86670020C6
S2140255D00447002087670020F8B50024084D094FCD
S2140255E0094E3B783178E2B20B449A4204F1010448
S2140255F000DBF8BD2846FDF725FD1035F1E700BFB4
S21402560004470020876700208667002070B5134B8A
S21402561006460D46104612491A78124B09781B7830
S2140256200B44934206DB1F204FF6FF711AF008F870
S214025630002070BDFFF7E2FE013506808570044645
S21402564019F04BFFE0800EF069F940F60243208124
S214025650E3600020FDF72CF80120EAE73271002013
S21402566087670020866700202DE9F84386460023D8
S214025670144FDFF85C803E7898F800501249721991
S214025680DCB294421CDA4FEA041C31F80C90013367
S214025690F14501EB0410F3D1631CD21A0CF1100C85
S2140256A012016144F5F7D0FDA5428BBF05F1FF3527
S2140256B006F1FF3688F800503E700CB9034B1C709A
S2140256C0BDE8F8838767002004470020856700202E
S2140256D086670020044B054A1B781278D3420CBF1B
S2140256E001200020704700BF8667002087670020E1
S2140256F0024B1878003818BF0120704786670020D2
S214025700002108B5084B09481970094B1970094B56
S2140257101970094B1A781201F5F744FDBDE80840E6
S2140257200648FDF77FBF00BF8767002004470020BA
S214025730866700208567002032710020F46E002004
S21402574010B50B4C23784BB10A4803F0ABFD58B1A9
S214025750084B0121188815F041FE08B9002010BD3B
S2140257600122054B1A70FAE7FFF7F0FEEAE700BFE0
S21402577086670020044700208567002010B50E4B80
S2140257801B78BBB10D4C238883424FF0000311D126
S2140257900B4AE160137049B9A3781033A37016F070
S2140257A013F918B9A37823F00F03A370FFF7CEFE00
S2140257B0012010BD1846FCE786670020044700203B
S2140257C08567002070B592B00C46064613F005FCBD
S2140257D0E17A05460020FCF72DFC28B394F90A006E
S2140257E015F05AFC10BB134BE27A294683F8582070
S2140257F0A27A83F85A206A46FCF750FF4FF6FE73E9
S2140258009E420CBF4FF6FF7323896A462946002044
S214025810ADF80660ADF80430FDF7F6F940B9228916
S214025820054B5A8012B070BD5520FBE75620F9E7AB
S2140258302120F7E7485800203459002010B50446C6
S214025840014608220948F5F7FFFC237B022B0AD8FB
S214025850002B14BF3122012205490B7017234B611E
S214025860044B1A7010BD00230122F5E738590020B8
S21402587034590020F4660020014610230120014A14
S214025880FDF74ABF64EE0100014B5861704700BF46
S21402589034590020014B1878704700BF3459002055
S2140258A010B5054C2378112B03D0E221034819F0DA
S2140258B020FE4123237010BDF466002024930400CA
S2140258C0064B01461B78042B04D1054A137E05338A
S2140258D013767047034819F011BB00BFF566002027
S2140258E034590020146F002008B50648FDF7AAFBBD
S2140258F00548FDF7A7FB13F0B7FCBDE8084001F02A
S21402590003BB00BF1C60002050600020064B1878C6
S214025910332806D000F0EF00A0F143035842584166
S21402592070470120704700BFF4660020002208B5C9
S214025930074B4FF6FE701A7015F01AFC4FF6FF7002
S21402594015F033FC034B5869BDE8084013F01ABC47
S214025950F46600203459002008B5064B187838B192
S2140259600548FDF74BFE4FF47A73B0FBF3F0C0B276
S21402597008BD00BFE9660020744A00202DE9F04306
S2140259808BB00746154698460E469DF8489049B98C
S214025990104605AC19F0E6FB21460BF0B5FD1728BC
S2140259A018BF2646B9F1000F0AD1124B1B781BB955
S2140259B0284616F059FFD0B92846FEF713F902E03A
S2140259C0284616F051FF80F00104E4B29DF85030EC
S2140259D02A4602939DF84C303146CDE9009338466C
S2140259E04346039415F058FE0BB0BDE8F0834C46D0
S2140259F0ECE700BFF06600202DE9F04F97B099461D
S214025A009DF88830BDF880B0219D08939DF88C30B3
S214025A100E4658460FA90492079317F09FFB05B34C
S214025A20002800F0208195F801A00FACCAF3400AC6
S214025A308E4B19F0800F1B7814BF4F4649F0800733
S214025A40022B17D04FF6FF78002D40F087810225F3
S214025A50584615F0D9F82B464246214615F0F5FB76
S214025A60BCE0584615F051F90446002800F0FB80C9
S214025A70AA46DDE71EB97E4B1B78002BE2D00DF15D
S214025A803A012046FEF7FCFA584615F051F901286D
S214025A9038BF0120C3B2059395B3281D19F007FE3F
S214025AA0804609F002032046069315F030FB214695
S214025AB009908146002019F025FB069A099B12BB25
S214025AC0FF2820D1F2F7E6FA6A4A1278824200F0FC
S214025AD032814FF6FF72099B934214D1FEF726F8E5
S214025AE0002800F028814FF6F773984523D916F060
S214025AF008F811A98146FEF7E9FA0028F7D02EE049
S214025B00BDF83A80CDE74FF6F772904520D893421B
S214025B1011D898450FD0194622460AA819F0BEFA9F
S214025B200A980B9913AB03C3BDF83020022113A8C1
S214025B301A80FEF739F9404611A9FEF7C7FA02465F
S214025B4028B9082111A815F099FA002866D0C1468E
S214025B504FF6F67209F1FF339BB29342C7D8BAF1F9
S214025B60000F03D1444B1B78002B60D1584615F02A
S214025B704BF8059B4A4601930123214600933B4678
S214025B80FEF7E4F84FF6FF739842804600F0D380A3
S214025B90014600220AA819F081FA0A980B9913AB5B
S214025BA003C3BDF83020022113A81A80FEF7FCF8C2
S214025BB0002D3FF44DAF002E40F0D2804546012323
S214025BC0C7F3C0074246CDE9016321462B46049837
S214025BD00397CDF800A015F05FFDA846BAF1000FB6
S214025BE00FD04FF6FF7398450BD0404619F0BAFA1D
S214025BF0FF281FBF214A32F8103023F4804322F8D0
S214025C001030089B7BB315F0A7FA249B014600933D
S214025C104246234607980CF0EDFC24E00822204674
S214025C2011A9F5F70BFE00287FF461AF8FE7002D70
S214025C3064D0134B1B68980727D5049B0F2B21D0E3
S214025C40281D19F034FD02230121CDE9013100237C
S214025C50C7F3C0070246009321464FF6FF73049827
S214025C60039715F019FD17B0BDE8F08FF466002013
S214025C70E9660020ED660020F0660020E05F002066
S214025C80C84A0020079B012BDAD1281D19F00FFD08
S214025C90804619F067FA0990404619F0E5FD4FF67E
S214025CA0FF71BDF83A208A4256D04245099B53D12D
S214025CB0FF2B4AD0184616F0EDFD784010F0EF0F95
S214025CC014BF01230023BDF83A00099319F04AFADB
S214025CD00690BDF83A0019F0C7FD099B66B14FF66B
S214025CE0FF7CBDF83A10614506D0414504D0069ABD
S214025CF00240D2B2FF2AA3D1002BA1D122464946A6
S214025D000AA819F0CBF90A980B9913AB03C3BDF88E
S214025D10302058461A8014F077FF3A460146059B13
S214025D2013A8FDF7DDFF30B94FF6FF73BDF85480B8
S214025D3098457FF43DAF4FF6FF789DB10126281DAA
S214025D4019F0B5FC4546804639E7FF2804D0069B85
S214025D50B3FA83F35B09B6E70023B4E70226EEE75D
S214025D600026ECE7012573E60022014B1A767047FF
S214025D703459002008B50B4B1B78022B10D10A4B66
S214025D801B78033B012B0BD9084B187800F0010057
S214025D90FEF730FA0023064AC2E90133538008BDF3
S214025DA00020F3E7F4660020F5660020E96600208E
S214025DB03459002038B5174D2B78033B012B1CD8DD
S214025DC0154BB3F868204FF6FF739A4215D103209D
S214025DD0FDF728FD02F0CEFBFFF7CCFF2B78033B46
S214025DE0012B01D909F0FCF8002018F091FE78B1D9
S214025DF0BDE83840002015F01DB8FDF7FDFC04464E
S214025E00FDF7F4FC0146204608F05EFB0220DFE7C1
S214025E1038BD00BFF56600204858002008B5114A74
S214025E20114B58611378032B1BD0D3B1332B01D0FF
S214025E30432B10D10D4B1B78033B012B05D80323B4
S214025E401370BDE8084013F09DB913F09BF9BDE846
S214025E500840FFF7AFBF21231370BDE8084002F0E9
S214025E609DB908BDF466002034590020F56600206E
S214025E7038B504461348FDF7D5FB134B1B78013B98
S214025E80012B1DD8114D5CB92B7823B140F6194071
S214025E902C7013F077F90024FFF76CFF204638BD0C
S214025EA0FF2C05D04FF47A710648614319F026F8A4
S214025EB02B78002BEFD1012340F618402B70E8E731
S214025EC00224E9E7744A0020F5660020E96600200D
S214025ED038B5114D04462B78834218BF287013F04C
S214025EE087FD80B124B9204613F084FD02220DE01E
S214025EF0012013F07FFD2B781A1F012A05D9062BE5
S214025F00F4D1032202E0002CF5D10122BDE838408C
S214025F100021084615F0E6BAF566002030B50446BC
S214025F2085B068460D46FFF7A7FC94B100212846C7
S214025F30144A02F043FB144B20681B7861688DF804
S214025F400430124B1B788DF8053002AB03C306F003
S214025F50B1FA0F4B93F8582093F85A308DF8032075
S214025F608DF8023015F015F9ADF8000015F0F4F8CA
S214025F701023ADF8060069460020064AFDF7CCFB62
S214025F8005B030BD00F8FF0728710020F566002036
S214025F904858002064EE010010B5144B04461A78E7
S214025FA0134B002083F8582018F0B2FD10B10020E1
S214025FB014F040FF00210846FFF7B0FF0D4B1B7898
S214025FC0033B012B0ED813F007FD2046FCF754FEC8
S214025FD040F6174013F0D6F80023074A1380074A04
S214025FE0138010BD0BF016FCEFE700BF8867002099
S214025FF048580020F5660020F65F0020F45F002077
S2140260001FB504466846FFF737FC54B100238DF8E7
S2140260100530102369460020064AFDF77DFB04B0D2
S21402602010BD15F099F8ADF8060015F0B2F8ADF807
S2140260300000EEE764EE010010B5014604460020BB
S214026040FBF7F8FF90B10C4B1B78023B032B0FD8E3
S2140260500A4B1C7019F036F960B9094A0949FCF76F
S2140260607FFB003818BF0120800010BD5520FCE7DA
S2140260700220FAE74D20F8E7F46600208867002041
S2140260805D970200995F0200F8B5064619F01AF904
S214026090044668B918F03CFD50B1064D204695F806
S2140260A0587085F8586014F0C5FE10B185F858701F
S2140260B04D20F8BD485800202DE9F041804618468C
S2140260C0033B012B0E46174602D918B121243CE0A9
S2140260D0FFF7FEFE294B1B78012B4CD0284B1D7870
S2140260E0022D08D0032D46D1B8F1000F03D1254B5F
S2140260F01B689B073FD43320FDF794FB01F0E8FCB6
S214026100B6F1006F34BF204B052231464FF0060031
S21402611038BF1A78FEF776FA044628BB1B4D28735A
S214026120012000F029FF15F034F868802846B8F1FF
S214026130000F0DD0022300F8043B15F025FB6C730C
S2140261402F613946304612F057FF2046BDE8F081EF
S214026150012300F8043B15F017FB6C732F613946D8
S214026160304612F048FFF0E72846FDF75BFBB8F131
S214026170000FF4D0E5E70224E7E700BFF56600204B
S214026180F4660020C84A00205B71002034590020C3
S214026190034B187818B9034B034A1B78D05C704738
S2140261A0F3660020F5660020FBDF040038B5174BC7
S2140261B004461B78033B012B06D8437BDB0703D53B
S2140261C090F9090013F007FC0025114B83F859508B
S2140261D02079FFF759FFFFF7DBFF61882488034623
S2140261E022462846FEF720F8044620B11720FFF77D
S2140261F015FE204638BD1723064DC82106486B619A
S21402620018F07CFE03232B76F3E700BFF56600202A
S2140262104858002034590020146F0020F0B51A4D5B
S21402622006460C4693B0A5F8680005F16A0729BB36
S214026230C5F86A10796012F0D0FE6A460146002060
S214026240FCF72CFAD5F86A30ADF81060CDF81230AB
S2140262507B68CDF8163012F0C0FE6A460146002072
S214026260FCF7D2FC4FF6FF73B5F86800984203D0ED
S21402627014B1064912F0C3FE13B0F0BD0822384628
S214026280F4F7E2FFD7E700BF48580020B2580020D4
S2140262902DE9F041DFF8B8801F4698F80030054631
S2140262A00C4616461BB102252846BDE8F081531E51
S2140262B0052BF8D819F006F80028F4D13B7B032BFF
S2140262C014D14FF6FE739C4212D1012E09D0022E33
S2140262D0E9D114F041FF4FF6FB73984203D814F04D
S2140262E03BFF044604E015F00CFCFAE7012EDAD078
S2140262F0EDB939462046FFF765FA05460028D3D1A0
S21402630098F80030332B03D0532B1CBF0E4B18616A
S2140263103046FFF7DDFD00214FF6FF70FFF77EFFE8
S2140263200A4B1B78002BBFD00BF048FABCE7397B30
S214026330721ECB1E594259415042504107F054F941
S21402634005460028D5D0AFE7345900205C710020FE
S214026350F46600202DE9F84305468846914614F077
S214026360FBFE3F4E04463378033B012B06D86B7B7D
S214026370DB0703D595F9090013F02DFB14F0ECFEAC
S214026380384B394F188014F004FF384B1880FDF74D
S2140263902DFA374B1880FDF72FFA082201463548AA
S2140263A0F4F752FF14F0A1FE334B18702879FFF76A
S2140263B06BFE00216888FFF731FFFDF72DFB60B109
S2140263C04FF6F672631E9BB2934206D915F099FBFE
S2140263D0B7F8683004468342F8D0204614F0C8FE68
S2140263E0288814F0E2FE4946B7F86800C04704461B
S2140263F028B91920FFF712FD1920BDE8F883B7F86F
S214026400681014F040FC00231C4D87F859302B7896
S21402641003F0FB03022B02D0204615F02DF90022D2
S21402642020461146FFF7F2F80446A8B117236B611F
S2140264303378042B09D1C821114818F05FFD0323D5
S2140264402B7684F00100C0B2D7E74FF416710C48E1
S21402645018F054FD0023F3E71720FFF7DFFCF0E700
S214026460F5660020266000204858002024600020A0
S214026470226000208967002091670020345900209E
S214026480146F0020F0B50C461E460B462049074600
S21402649089B004F1140053F8045B834241F8045BAC
S2140264A0F9D11B8802AD0B80D4F80E00D4F8121076
S2140264B0238803C5ADF8103023798DF812208DF8A5
S2140264C0133000233A468DF814304FF6FE71012041
S2140264D002ABFFF7DDFEC8B902A8FFF7AFF9237BD0
S2140264E04BB10C4D0C4B01AA29460120019313F027
S2140264F04EFA2A781AB92046FFF758FE03E02046DD
S2140265000199FFF727FF08B9044B1E7009B0F0BDCA
S21402651028600020345900209FB7030092670020AD
S21402652001232DE9F341304E05460F4600202F4940
S2140265301446737300F0EEFC13F04FFADFF8AC80EB
S21402654038B9012D01D9042D0FD12146384612F053
S214026550DDFD102000210AF07FFC00283CD0002040
S21402656002B0BDE8F041FCF7A3B8002CF1D1204BF5
S2140265701B78212B03D0062B01D0532B02D101F01E
S2140265800DFEE6E7FDF748FA0028E2D000F0EEFC42
S21402659028B9307BC0F11800FFF740FCD9E7154B4D
S2140265A041462046019300F0B5FC20B140F61901A1
S2140265B0114818F09EFF01AA0B4998F80C0013F038
S2140265C0E6F932781AB90948FFF7F0FDC1E70199F2
S2140265D00648FFF7BFFEBCE7FFF78AF80028BED1E1
S2140265E002B0BDE8F08100BF3459002028600020C8
S2140265F0F46600209FB70300249304001FB5144BD3
S21402660004461B88DB0707D44FF6FF700021FFF70E
S21402661005FE002004B010BD0A230E4A012001A97F
S214026620FDF77AF84FF6FF73BDF80C209A42EBD0CE
S2140266300822FF2101A814F021FD0028E4D10CB99C
S2140266400120E7E7BDF80C0001A9FFF7E7FDF7E731
S2140266504060002026E1010038B50C46154614F0CD
S21402666087FD03F0AFFE29462046FFF7D7FD00F070
S2140266707DFC48B1074BDB790E2B28BF0E23013376
S214026680DBB2054A137038BD044B1B78013B18BFBA
S2140266900123F6E728600020A8670020F5660020A0
S2140266A038B500220821044614F0E8FC0546C8B9AD
S2140266B014F052FD2A464FF6FF71FFF7CDFF204633
S2140266C0217CFFF72BFC6269E189207C01F076FFD2
S2140266D0054B1B78012B01D107F0F6F8FFF76AFB92
S2140266E0002038BD0120FCE7F566002038B51D46BF
S2140266F0FFF7CEFD0446C8B92B7B2846032B03D1F1
S214026700BDE83840FFF7CCBFFFF798F8084B2546A0
S2140267109C8114F0EAFC0121064B81401A7806207F
S214026720FDF770FF044608B1034B1D70204638BDC6
S214026730345900205B710020F466002030B5012039
S21402674087B0FFF75BFF6B460446144A1068516831
S21402675003C384B905F0BCFE02A8FFF78DF84FF616
S214026760FF752246BDF80E002946FFF775FF12F0A8
S2140267704CFC07B030BD6B46094AD2F86A00D2F824
S2140267806E10B2F8685003C305F0A2FE02A8FFF727
S21402679073F86A46BDF80E00E6E700BF8C1C0400DC
S2140267A04858002073B53A4B04461B781BB10224A6
S2140267B0204602B070BD18F085FD0028F7D100F023
S2140267C0E5FB14B12288334B1A8000210DF1070035
S2140267D0FDF7ACF8002856D114F0C7FF044600288F
S2140267E0E6D12D4D9DF80700FFF772FB2B785A1E57
S2140267F0012A1FD8FFF7A2FF2B78033B012B01D8F3
S21402680001F014F9FFF7D6FA012014F035FC03461E
S21402681000283AD12A78033A012AC9D81D4A108894
S21402682010F0020521D0052201201C49FFF744FC86
S2140268300446BDE7033B012B04D82046FFF7DEFEE5
S2140268400028D7D12B78053B012BB1D8FFF776FF6E
S214026850FFF7B0FA2B78052B0CBF04200520FCF7B7
S214026860E1FF012014F008FCE2E70D4E0223314658
S21402687001200C4AFCF750FF33885B0798D5284660
S21402688001F0E8F894E7172492E7044690E700BF81
S214026890F466002040600020F566002000F8FF073E
S2140268A0F25F002027E101007FB50024184E194D43
S2140268B03278E3B29A4201D804B070BD4FF6FF7345
S2140268C0B5F868209A421AD0134B1B88DB0714D5FA
S2140268D0124AB5F8683010685168ADF80C3001AB52
S2140268E003C30F4A0A23002001A9FCF715FF02235F
S2140268F000200C4A0C49FCF70FFF0134D8E70022AF
S2140269000821064814F0BAFB0028F6D1DCE700BFDF
S214026910347100204858002040600020B258002001
S21402692026E1010027E10100F25F002010B501F028
S214026930CFF802F013F8D8B10E48FCF773FE0E48F3
S2140269400E4C017A0E30FFF7E9FA23781BB100F0FD
S214026950BFFA002323700022094B1A73FFF72AFAA4
S21402696008F056FD01F044F9BDE81040FFF79CBF61
S21402697010BD00BF146F0020286000209267002020
S2140269803459002010B52548FCF74CFE01F0E6FF0E
S21402699030B1234B1B781BB9BDE81040FFF7C6BFCA
S2140269A001F0DCFF78B11F4C237E83B1C8211B485F
S2140269B018F0A4FA0021237E0846013B2376BDE8A0
S2140269C01040FBF7E3BEFDF727F80028EBD1FDF7F2
S2140269D023F8154B1B7858B9112B03D003F0FD038F
S2140269E0412B19D1BDE810400E4B5869FFF716BA75
S2140269F0332BF7D10D4B188814F0BAFB0C4B1888C2
S214026A0014F0D3FB0B4B0C491888FFF707FC0B4B13
S214026A101878FFF739FBE5E710BD00BF146F0020BA
S214026A20F066002034590020F4660020266000201C
S214026A3024600020226000208967002091670020E1
S214026A402DE9F04F0F4685B002AD0446294638467A
S214026A50914616F083FB4FF0000B82463846CDF87F
S214026A6004B014F0D9F94678022C804606F00206E5
S214026A7009D85CB1FCF7D0FF0446002848D1754B14
S214026A8001241B7865E0043C022C3AD9FCF7C4FFCB
S214026A90384614F03AF900240546A046DFF8D8A195
S214026AA0384614F0B9F950F809300DF10500019393
S214026AB018F0FDFD9DF807B00746B8F1000F4DD15E
S214026AC0BBF1000F5BD0DFF88C9199F800300BB168
S214026AD0002E63D0002C61D05F4B1B78022B5DD159
S214026AE0BBF1000F53D1384614F042FB58465946C4
S214026AF0FFF714FA08F08CFC40F6074012F042FB4F
S214026B0034E014F001FEFCF787FF0446F8B15C4659
S214026B104EB1524B1B78012B02D0043B012B0BD8F3
S214026B2005B0BDE8F08F4B4B1B782BB14B4B1B7857
S214026B3003F0FB03022BF3D0BAF1000F404608BF66
S214026B40002516F0FEFA4FF001088246A8E7414BF0
S214026B501B78002BF0D0002EEED1E1E7BAF1000F41
S214026B60AED05046FDF73AFB0028A9D1002017F018
S214026B70CFFF0028D4D0002014F05CF9D0E74FF6FF
S214026B80F7739F429FD91720FFF748F9EEE7FCF705
S214026B9043FF48B13248FCF745FDF4E7FCF73CFFFB
S214026BA010B1BBF1000FF5D1FCF736FF0028DDD09F
S214026BB02846FDF767FFFF28DFF89CA0294C03D084
S214026BC09AF80030012B04D12946B4F86800FEF783
S214026BD0C5F8FEF781F92A463846B4F86810FFF77A
S214026BE03BFD214B214A93F906301B0213809AF88B
S214026BF00030012B19D0312B14BF432311238AF8FE
S214026C0000301B4B1648196818F078F900F00EFF92
S214026C100023124C99F80010237641B9104818F058
S214026C206DF940F61B436361A0E71123E7E7B8F16D
S214026C30000F03D016B1FFF779FEF2E70D4B1B7873
S214026C40042BEED10521064818F058F909232376BD
S214026C50E7E700BFF0660020F46600203459002003
S214026C60146F002048580020286000203E60002054
S214026C70346F0020F5660020776700202DE9F04388
S214026C80084693B00E4614F0C7F809220021804643
S214026C9017F088FF0446304614F037F805220746F8
S214026CA00DF1090330460AA912F0C6FA02288146F7
S214026CB01DD09DF8093031461C440023E4B204F18D
S214026CC0100218F8045001200093D2B210F00FF907
S214026CD068B1072D09D855B1013D062D07D8DFE862
S214026CE005F00918068A062541007C2D45D013B00A
S214026CF0BDE8F0835B4B1B78013B012BF7D830468F
S214026D0013F082FF002332461946009414F000FD69
S214026D10EDE7554B1B78012BE9D1544B1878002828
S214026D20E5D122463146FFF78BFEE0E74D4B1B7856
S214026D30013B012BDBD8384609F0DCFF4FF6FF7328
S214026D409842044606D0304613F05EFF2246394685
S214026D5014F06AFA444B1B78022BC8D1384612F05C
S214026D60D3F9C4E73F4B1B78013B012BBFD84946FA
S214026D7030460AAA00F01EF9B9E73A4B1B78013BE7
S214026D80012BB4D8A04498F8012098F80230652A5E
S214026D90ADD16D2BABD1304617F0E0FF1334E4B221
S214026DA08442A4D20822394603A8F4F74DFA2146B3
S214026DB030460DF10A0216F014F9002897D1BDF8F4
S214026DC00A30002B93D005A809F0B0FA0123284D0B
S214026DD0BDF80A002B7017F0C1FF0446BDF80A0082
S214026DE017F0A0FFE2B2034605A903A812F026F99F
S214026DF000232B707BE71B4B1B78013B012B3FF6D6
S214026E0076AF06220021404617F0CCFE404418F02A
S214026E104EFC0746FCF758FE044600287FF467AF90
S214026E20304613F0ECFEC3047FF561AF46F204036E
S214026E300121ADF8143038460223CDE9004405AAF4
S214026E4016F01EF9054600283FF451AF394613F0F6
S214026E501AFF304613F0D8FE22462946FDF706FAF8
S214026E6045E700BFF5660020F4660020345900208E
S214026E70C367002008B5084B187050B1074B1B8833
S214026E803BB14FF47A710648594318F037F80020A0
S214026E9008BD0120FCE700BFE7660020D270002094
S214026EA074490020014B1878704700BFE76600203F
S214026EB0014B188000207047D270002008B5FCF7FE
S214026EC0B1FB0022014B1A7008BD00BFE766002026
S214026ED010B50024044B05481C80054B1C70FCF7BB
S214026EE0A1FB204610BD00BF42600020386F002084
S214026EF09C67002008B50348FCF794FBBDE80840F1
S214026F00FFF7E6BF386F00200148FCF79BB800BFCA
S214026F1042600020F7B5134B04461B780E46EBB1D1
S214026F2083421DD90021104818F025FC0025014691
S214026F300D4F09B9012009E0AC4209D100241623FD
S214026F4022463046009418F0B3FC204603B0F0BD4B
S214026F50384618F034FC01350146EAE71820F5E712
S214026F602720F3E79C67002042600020014B187838
S214026F70704700BF9C67002025289DBF024B1870F3
S214026F8000202120704700BF5E710020012307B554
S214026F901846064A0DF10701FCF7BEFB9DF80720CE
S214026FA0034B1A7003B05DF804FB00BF29E1010031
S214026FB0D4700020F8B507460E46144613F0A5FE18
S214026FC01A4B05461B78022B2FD1194818F001FCE4
S214026FD058BB284612F04DF938B322463146384699
S214026FE012F043F908B311F0FBFF0446384613F0DB
S214026FF00BFE104B012E1A784FF00F0303FA02F322
S2140270009BB2B4FBF3F203FB124404F10104A1B2F7
S21402701006D1094B094A1E702B6813606B685360D1
S2140270200348BDE8F84017F069BFF8BDF4660020D3
S214027030944A00205D7100209B6700209367002021
S21402704084B010B502AC84E80F00082227480DF180
S2140270501601089CF4F7F2FB08BB9DF815309A0758
S21402706005D4234B1B7803F0FD03312B1DD1214998
S2140270706378097803F00F028A4203D0012922D1ED
S214027080022A12D1227882B91B09022B0DD11A4B81
S214027090A0781B78022B1AD1C0F3800006E00022EB
S2140270A00821124813F0EAFF20B90020BDE810407C
S2140270B004B07047114BBDF808205B889A42CCD0CA
S2140270C0002BCAD0F1E70229EFD1012AD9E703063D
S2140270D009D40B4BB3F86820BDF80A309A42E4D1C3
S2140270E0FEF714FCE2E70120E0E700BF3859002073
S2140270F0F466002028710020F5660020345900202E
S21402710048580020284BF0B55D88002387B08DF8DC
S2140271100830264B0DF10B001B7805F0010743F0F3
S21402712020038DF8093014F02FFB6FF07F43ADF883
S21402713013308DF8153014F0A5FB1D4B8DF8160094
S2140271401B7805F01006DB00DCB2F0F7A3FF194B44
S2140271501B7883422CBF44F0040344F084032FB10F
S214027160A9061ED426B143F0020301E0AA07F9D409
S214027170002108468DF80A3017F048FEADF80600E2
S21402718058B101230F2202A90DF10600FCF79EF961
S21402719018B90DF1060012F0F7FBBDF8060007B0AD
S2140271A0F0BD43F00103DDE7D47000202871002013
S2140271B0A8670020ED66002010B5FCF733FA0A4BEC
S2140271C01B78022B0CD1094B1B78033B012B07D9EA
S2140271D0074C207828B1002012F04EF800232370C6
S2140271E010BD13F0F4FFF9E7F4660020F566002000
S2140271F09B67002084B02DE9F0478EB016AC84E879
S2140272000F00DFF878C1594BBCF802009DF85DA06C
S21402721010F001049DF96220BDF870E09DF87590AB
S2140272209DF976709DF878509DF97A109DF95E80EA
S2140272309DF860601B7835D09DF87D00C0F3400451
S214027240C0F38000002B4AD0494B1B78022B09D191
S2140272508A4244DB24D1A81BC0B280288CBF0020FF
S214027260012016E0434B1B78012B01D1002C7AD06B
S21402727078B19CF800301E335BB29F42D4BF002721
S21402728001279845D4BF00230123BB4206D18A4278
S214027290E0DA0EB0BDE8F04704B070473846F8E7CB
S2140272A00020F6E710F0020F18D0C3B1490814BF49
S2140272B001200020520814BF012300238342E8D194
S2140272C0AB1BDBB2802B0AD9AE42E9D1B84506DB4E
S2140272D049D1CA452CBF00200120DAE70BB90120AC
S2140272E0D7E7AE4216D002AC1CAF0FCF0FC497E85A
S2140272F0030044F8040B2180DDE91A0116AB009066
S214027300ADF804100FCB12F039FB0028E7D1AE42DD
S214027310A1D1BEE7BDF8583073451ED008AC0DF1BA
S214027320700CBCE80F000FC49CE8030044F8040B82
S2140273302180114C638873450FD10822211D0DF15F
S2140273402E00F4F77BFA024638B90821201D13F006
S21402735095FE10B96388002BC1D1B845BFDBC2D1F8
S214027360CA45BCD3BFE7204693E700BF9C67002010
S214027370F5660020F466002034590020D470002000
S21402738084B02DE9F04F8FB06A4E18AC08AD84E891
S2140273900F00162200212846F3F704FF33783BB984
S2140273A00024654B32781B789A4239D2002726E0B1
S2140273B00021624818F0DFF900270446B846DFF8D5
S2140273C07C91002C45D13FB1224639465B4813F0EA
S2140273D0B8FD3378013B33703378002BE0D00021C0
S2140273E056484FF0000918F0C6F94F468046CA467E
S2140273F0DFF848B1B8F1000F6CD1002FD1D01621BA
S214027400002218A813F023FD014648B1002F00F011
S2140274108B802246494813F03AFD337801333370A5
S214027420454B32781B789A4207D944480022018895
S21402743013F087FD3378013B33703378012B03D189
S2140274403F49404817F05AFD0FB0BDE8F04F04B070
S21402745070470022214616232846CDF8008018F0F1
S21402746027FA1622294618A8F4F7E8F90028EBD0DE
S2140274709DF864209DF824309A4225D1BDF86020FC
S214027480BDF820309A421FD108220DF12E010DF1CF
S2140274906E00F4F7D3F9B8B902AF0DF1600CBCE890
S2140274A00F000FC79CE8030047F8040B39800EABA9
S2140274B013E903000090ADF8041095E80F00FFF7FB
S2140274C099FE0028C0D027462146484618F077F98C
S2140274D0044676E71623002241462846CDF800A049
S2140274E018F0E6F902AF0DF1600CBCE80F000FC70A
S2140274F09CE8030047F8040B39800EAB13E903003F
S2140275000090ADF8041095E80F00FFF773FE0746EB
S21402751020B1B9F1000F04BF4446814641465846A1
S21402752018F04DF9804665E73A46044818F029F9FE
S21402753073E700BF9C6700205E7100204260002057
S21402754020BF0200386F00202DE9F04F00210446CC
S2140275509FB00DF14008162240460E91CDE90C115F
S214027560CDF83B10F3F71EFE052220460DF11F0351
S21402757016A911F061FE0228074600F0F8802046A0
S21402758013F04AFC064618F092F88146F01C18F0F2
S2140275908EF8ADF84000701D18F089F8012FADF88E
S2140275A04200204640F0E68013F036FC05462046B0
S2140275B017F0B8FB0D3502232D1A009321464346D9
S2140275C00820EAB20FF093FC002800F0D080204694
S2140275D013F027FC012F83469DF84D3040F0E380E0
S2140275E000252F4643F001038DF84D3016AE338842
S2140275F0022B4DD1F178204602310CF00FF81B28F1
S21402760046D1F178204603310CF008F819283FD10C
S214027610F178204604310CF001F84A2838D14FF0B0
S214027620050AF1782046013151440BF0F7FFF17854
S2140276300590514420460BF0F1FF059B00EB03201A
S21402764083B200F03F02932B059240F09B8000230A
S214027650F778214602375744FFB23A4600930CA801
S2140276600F2318F025F907F10F01204615F04FFCFD
S21402767007F111010546204615F049FCADF8420017
S214027680059B023353445FFA83FA33795345C8D8CD
S21402769006360DF17603B342A9D19DF84D20C5F307
S2140276A0C03363F3410220468DF84D2013F04BFBA6
S2140276B08DF84400204613F03BFB8DF8450020462B
S2140276C013F03BFB9DF83230BBF1190FC3F3C30234
S2140276D08DF84720DDF833208DF84600CDF84E2091
S2140276E0DDF83720CDF8522094BF00229DF83E20C8
S2140276F08DF8482003F003028DF84A206E4A12786D
S214027700022A9DF84D200CBFC3F38003DB0963F306
S21402771082026A4B8DF84D201B78022B57D1BDF89A
S214027720406013F036FD864251D108A814F02CF8BA
S214027730BBF1190F48D908220DF14E0108A8F4F73B
S2140277407DF800283DD1B9F5004F02D0B9F5624F59
S2140277500DD140F6FF7325F440459D4207D1002225
S21402776008210DF14E0013F089FC00283FD01FB00F
S214027770BDE8F08F13F050FB0546204617F0D2FA0C
S214027780073518E7412B7FF47BAFF17820460231AC
S21402779051440BF043FF4A4B1B78C3F1B303184422
S2140277A08DF849006CE76FF30003F01D8DF84D303D
S2140277B017F07DFF0CA90546204614F019F80B2792
S2140277C06BE700F0B3FFBEE700F0B0FFCFE7B9F516
S2140277D0004F02D0B9F5624FC9D140F6FF7325F4C7
S2140277E040459D42C3D1BBF1190FC0D9B7E7BBF1E3
S2140277F01A0F06D007F11F0142462046C9B212F000
S214027800C5F8304C304D637BDBB12B78012B1DD194
S214027810012323730CAB029314AC94E8030000908C
S214027820ADF8041098E80F00FFF70AFC90B194E850
S21402783003000090ADF8041098E80F00FFF7A0FDD3
S21402784008E0FCF7E9F80028DFD0E1E703F0FD03E3
S214027850042BDDD02B78012B01D0042B87D11B4BB8
S214027860DDF84E001B78DDF852108DF82230BDF898
S2140278704030ADF820309DF84D30C3F340038DF80C
S21402788023309DF8313003F00F038DF82C309DF82D
S21402789048308DF82D3009AB03C30D4B1B681BB166
S2140278A0414608A8984762E79DF946209DF845108C
S2140278B008A811F027FC5AE7F5660020F4660020B7
S2140278C0A36700203459002080670020A2670020AA
S2140278D0285900202DE9F043424B434C1B7885B0D3
S2140278E0033B012B22D817F0FDFD2378022B31D162
S2140278F03E4A1468A0422DD03D4910600A68121B09
S21402790010443C4A0860127872B1013A93403C2215
S21402791053434FF47A72534398421BD9032005B05F
S214027920BDE8F043FBF77EBF0A23F2E717F0DAFD65
S2140279302378022B0ED12D4A1568A8420AD00027BA
S214027940DFF8BC802C4E1060451B98F80030FCB265
S214027950A34202D805B0BDE8F08356F8243020468C
S2140279602B4446F8243017F055FCC3074FF00009A5
S21402797010D5204609F0FEF970B156F82430242BB3
S21402798008D9102200232046CDF8009009F00CFA00
S21402799046F824900137D8E7184B1B5D13F00F0307
S2140279A01FBF03F1FF32022393403C220CBF0A237F
S2140279B053434FF47A72534356F824209A42E9D935
S2140279C0204609F067F902A914F029FF28B12046DB
S2140279D009F060F902A911F013FB204614F0B5FF76
S2140279E0D8E700BFF5660020F4660020C04A0020F3
S2140279F0BC4A002023710020D84800209966002047
S214027A003A710020064B1B88DB0708D50022054B7F
S214027A1043F82020044A135C63F00F0313547047A4
S214027A2044600020D84800209966002008B517F068
S214027A3059FD0022024B1860024B1A6008BD00BFB7
S214027A40C04A0020BC4A0020014B1868704700BF9D
S214027A50BC4A002008B50C48FBF7E4FDFBF736FFEE
S214027A6080B10A4B0322B3F86810012011F0B0FF70
S214027A704FF47A71064B04481B885943BDE8084008
S214027A8017F03CBA08BD00BF586F002048580020C7
S214027A90B4700020014B188000207047D870002078
S214027AA0044A054B1870138823F00303184310800A
S214027AB0002070474460002024710020034B188881
S214027AC0C0F30E00003818BF01207047F25F002096
S214027AD008B5FFF7F3FF30B1002004490223044A39
S214027AE00880FBF719FE002008BD00BFF25F0020E9
S214027AF027E10100024B1888C0F30E00704700BF52
S214027B00F25F00200023084A01201370074A084942
S214027B101370084B084A1B7843F0040313800223B1
S214027B20064AFBF7F9BD00BF9F6700209E6700204C
S214027B30F25F0020247100204460002027E101004B
S214027B4013B514468DF80710DAB9CAB20E2A18D839
S214027B500E4B1B881341DB0713D517F003FBFF28D8
S214027B6011D09DF807200A4B0DF107011A5400F5B3
S214027B708330012200F58070E5F7D4F9204602B082
S214027B8010BD0124FAE70224F8E700BFD8700020EF
S214027B909966002030B5012100240B2385B0104DD4
S214027BA0019400918DF80C308DF80D000323B5F882
S214027BB0680003AA8DF80E4015F062FA68B1B5F8AF
S214027BC0681013F0FEFE40B10522064B64211A70BF
S214027BD0054B06481C7017F091F905B030BD00BF82
S214027BE0485800209E6700209F670020786F00207C
S214027BF0064B1B78033B012B06D8054B1B781BB99B
S214027C00044B1878FFF7C6BF704700BFF566002022
S214027C109D6700202371002010B51548FBF702FD72
S214027C20144B1978F9B9144A13787BB1013B1370D7
S214027C30124B1B78042B02D10846FAF7A7FDBDE8C3
S214027C4010404FF496710A4817F058B90C4A128839
S214027C5002F00302022A0AD1BDE8104003220120E4
S214027C600849FEF729BABDE81040FFF7C1BF10BDAC
S214027C70786F00209F6700209E670020F566002030
S214027C80F25F002000F8FF071FB50C238DF80C30BA
S214027C900B4B0C461B88012123F004038DF80E3093
S214027CA000238DF80D00CDE900132046032303AA16
S214027CB015F0E6F910B1214613F083FE04B010BDAC
S214027CC044600020F8B5064613F009F8054630462B
S214027CD015F0FAF9411C044689B230460BF09EFCB8
S214027CE002340746A1B230460BF098FC39460246EB
S214027CF02846FFF725FF022816D02946FFF7C4FFBD
S214027D000A4B1B8803F00303022B0DD1284617F0FB
S214027D1029FAFF2808D00022054B43F82020054AFE
S214027D20135C63F00F031354F8BD00BF44600020D9
S214027D30D848002099660020084B1A785AB10223C8
S214027D40013A93404EF66022534303210448B3FBA4
S214027D50F1F117F0D3B842F21073F6E72371002060
S214027D60786F002070B505461748FBF75BFC0122CA
S214027D70164B28461A7015F0A7F9411C044689B21C
S214027D8028460BF04BFCA11C064689B228460BF08F
S214027D9045FC0F4C02232080214600200D4AFBF7AB
S214027DA0BBFC86B9238803F00303022B03D1FFF73B
S214027DB03DFEFFF7C1FF23885B0704D5BDE8704090
S214027DC00548FFF747BE70BD786F00209F6700200A
S214027DD0F25F002027E10100586F00202DE9F043F2
S214027DE01F4C0546238889B0002B33D01D4E002138
S214027DF04FF4807009F09CFA3378DB0728D501210E
S214027E00208816F0C7FF0746208813F005F80230D0
S214027E1017F04DFC05A98046208815F05BFA3378EA
S214027E20384613F0020F104B18BF0025B3F8009027
S214027E3016F094FF0646384616F074FFF6B2029025
S214027E40424606212846CDE9009605AB11F018F900
S214027E5000232380054809B0BDE8F043FBF7E2BBE8
S214027E604C600020A067002048600020986F002029
S214027E702DE9F047304F80463D880E461446994617
S214027E80ADB3104612F0D6FEB0F5006F2FD12046E5
S214027E9012F0E3FE824617F065F9FF2827D02EB1CE
S214027EA0264A32F810302B4322F81030B5F5007F00
S214027EB036D0B5F5806F33D0B5F5807F17D1204B1D
S214027EC01B88A3421CD14FF6FF718A450FD020466D
S214027ED012F0D9FE284609F059FA50B93046FFF793
S214027EE07DFF0023174A1380174A3B801370BDE8B4
S214027EF0F0870220002108F0AFFF0028EED1F0E75D
S214027F00104D2B88A342F2D14FF6FF718A45EED070
S214027F1024B1204612F0B7FE00232B800023E3E7AD
S214027F200023094A3B80137031464B4622464046A0
S214027F30BDE8F04713F0CDBA46600020E05F0020AF
S214027F404C6000204A6000208567002010B5044679
S214027F5040F62140FFF742FF01214FF4807009F0FE
S214027F60E7F978B10022084B1C80084B1A700BF018
S214027F70D5FCBDE81040064B1880064B064819880B
S214027F8016F0BCBF10BD00BF4C600020A0670020EA
S214027F9048600020B6700020986F0020044A1378CC
S214027FA018B943F001031370704743F00303FAE76E
S214027FB0A06700202DE9F04FDFF84C9187B099F8C2
S214027FC00060002E40F08C80DFF840B1DFF840A160
S214027FD09BF80030F4B2A34207D80022424B1A8024
S214027FE007B0BDE8F04FFDF7ABBB20463AF8145099
S214027FF008F0C0FE8046002860D0204608F04AFE00
S21402800015F40071074645D001464FF6FF720E2062
S21402801013F0FAFD0546002850D0394612F033FE1A
S2140280204FF400730027304E204633803AF814206F
S21402803022EA03032AF8143010220023009708F0DD
S214028040B3FE2A4B1B88DB0707D5294B294A43F880
S2140280502470135D63F00F0313551820002160434C
S214028060254B264C0093019101232A46205CFAF701
S214028070B1FB002814BF0123002389F8003005D184
S2140280803388B3F5807F01D11D4B1880404607B078
S214028090BDE8F08F680513D5059113F032FD012275
S2140280A005990346009207203A46CDE90111FDF7ED
S2140280B065FC4FF480630546002DB3D1013687E791
S2140280C0104B18880028F9D0EA05F7D5394612F081
S2140280D0DAFD0C4B1D880A4B1D804FF48073EBE7CC
S2140280E04FF00008D2E700BF466000204460002040
S2140280F0D848002099660020717E02008013002076
S2140281004A6000204C600020856700203A710020FB
S214028110E05F0020042230B501F0400387B0002B58
S214028120054614BF012400248DF80C208DF80D108E
S21402813004D004A914F073FB38B304ABCDE90043B2
S21402814001210223284603AA14F09AFF0446F0B13E
S214028150104B1B78033B012B04D80F4BB3F8681067
S21402816012F091FD4FF6F7739D4209D93222022191
S2140281702046FDF74BFA80F00100C0B207B030BDD2
S2140281802946204613F01DFCF5E70120F6E71920E4
S214028190F4E700BFF56600204858002010B5FFF748
S2140281A097FC04F0DBFF13F065FA002014F032FBB4
S2140281B017F088F808B1FCF7B7FA204C2378532B4F
S2140281C012D1032323700023FF2219460120FDF754
S2140281D073FF002016F09CFC10B1002012F02AFE5D
S2140281E0BDE8104011F0F8BB062B01D0212BF0D1D0
S2140281F00120FDF705FF4FF6FE7012F0B9FF4FF6AD
S214028200FF7012F0D2FF0020FDF732FE0020FDF7CD
S2140282105FFEFDF7AFFD00F087FB11F0E0FB237871
S214028220212B02D1FDF782FBD3E70020FBF7FAFAF7
S21402823000214FF4004014F0EFF8CAE7F46600207D
S21402824010B50A4C0A48FBF7EDF92378062B02D143
S2140282500120FDF7D5FE2378062B01D0532B03D140
S214028260BDE81040FFF79ABF10BD00BFF4660020BD
S214028270B86F00202DE9F84FDFF8CC8004460E4692
S2140282801746FFF725FC98F8005015B90220BDE8FE
S214028290F88F212DFAD0DFF8B49099F80030012B30
S2140282A001D1A306F2D4274817F093FA0028EDD19D
S2140282B014F0200439463046DFF894B0DFF894A074
S2140282C005F00F051BD010F099FE012D8BF80070FB
S2140282D0AAF8006033D1212388F80030FFF75EFF4A
S2140282E00020D4E7212388F80030FFF757FF00214B
S2140282F04FF6FE70FDF792FFFEF7D6FAF0E710F0A3
S2140283007CFE012D8BF80070AAF80060EAD00623E6
S21402831021464FF6FD7088F80030FFF7FBFE40F668
S214028320020240F2262199F800300648033B012B50
S21402833088BF114616F0E2FD002CD1D1D7E75323B1
S214028340E6E700BFB86F0020F4660020F56600205E
S214028350A1670020DA7000202DE9FF410F4605468E
S214028360511C38460BF05AF90446384612F054FDB2
S2140283700646023017F09BF9424B80461B7804F003
S2140283804002022B02D0043B012B06D83E4B1B6850
S214028390580205D5A10603D452B304B0BDE8F08155
S2140283A032B33A4A1278D11E012917D8384BB3F89D
S2140283B06830AB42F1D17378180714D5304614F002
S2140283C0C0FEFBF70BFF0028E7D00122294604F087
S2140283D0200004B0BDE8F041FFF74CBF022ADCD112
S2140283E0DF01DAD4E7E712F0B7FE4045D5D1ECE775
S2140283F0264B1B78013B012BCFD87378D906CCD5F8
S21402840002A9384614F0AAFE002002A916F07AFE47
S214028410FF2806460BD0A20601D413F018FA3046FF
S21402842008F038FC04F0BAFE304614F08EFA2846FD
S21402843017F01AFAFF280DD0FCF766FB14F0200698
S21402844008D112F089FE28B133460222284602A934
S21402845005F0E0FF12F080FE00289ED1A3069CD411
S21402846002A94FF6FF73022228460EF001FD4FF6D0
S214028470FF72034600922846022202A910F0B0FEBE
S2140284808BE700BFF4660020C84A0020F56600208D
S2140284904858002038B504460D4616F063FEFF28FD
S2140284A0034615D00B4A127842B10B4A32F8102016
S2140284B0520403D514F049FA002038BD184613F0CA
S2140284C0C6F9204645F04001BDE83840FFF722BE17
S2140284D00120F2E7F0660020E05F002038B505468E
S2140284E012F09AFC0446284614F0EEFD411C89B2AE
S2140284F028460BF093F842060DD563781B070FD576
S214028500204614F01EFE0146002016F0FBFDBDE8D4
S214028510384014F01ABA0348BDE83840FFF790BE58
S21402852038BD00BFB86F002038B54FF6FF75A842B9
S214028530044617D012F02DFEA04213D04FF6FD725D
S214028540094B198891420DD9084A1288AA4201D0CD
S214028550A24207D11C804FF47A71BDE83840044825
S21402856016F0CCBC38BD00BFC0700020DC70002006
S214028570544A002008B50448FBF754F84FF6FF7239
S214028580024B1A8008BD00BF544A0020C07000206B
S21402859037B505460C46082369460120064AFBF70E
S2140285A0BBF815B19DF806302B700CB1009B23600A
S2140285B0BDF8040003B030BD25E1010007B508236D
S2140285C08DF80600ADF80410009269460020034AB2
S2140285D0FBF7A2F803B05DF804FB00BF25E101003B
S2140285E0024A13780BB1013B13707047E366002012
S2140285F008B512F0DAFD00214FF6FF72054B084669
S2140286001A80FDF78BFCBDE8084040F6164010F0D5
S214028610B9BD00BFC070002008B5FBF703F80A4BCF
S2140286201B78023B032B08D84FF6FE73074A1088C6
S21402863098424FF6FF7301D1138008BD9842FCD0D2
S214028640BDE80840FFF7D4BFF4660020C0700020E3
S21402865010B5084B1B78042B0AD012F07DFD0021C2
S21402866004460846FFF794FF231A5842584110BDA5
S2140286700020FCE7F5660020F0B5002689B0054626
S214028680CDE90566ADF81C6014F01EFD0A2302460D
S21402869004462946009605A817F00AF99DF81530F3
S2140286A09DF814701F2B27D803A813F06DF8082224
S2140286B00DF1160103A8F3F7C1F80646E0B9092F33
S2140286C01CD1FFF7C5FFB8B1144B1B78A3B1144BEE
S2140286D01A884FF6FD739A420ED9124C124A237824
S2140286E00433DBB223701278013AB3EB820F03DD58
S2140286F058B20EF012FE267009B0F0BD0A34E4B28B
S214028700214628460AF08AFF13F0C7F8611C28465D
S21402871014F0FDFBFFF708FFEEE700BF3C710020F8
S214028720C0700020E36600202271002038B5134B8B
S2140287301B78033B012B20D9114B4FF6FF711B7898
S214028740ABB1104D2B888B4217D112F022FD4EF69C
S214028750602104460C4816F0D1FB4FF6FE73224603
S2140287602B800021BDE83840092013F0A4B8074A40
S21402877013888B421CBF0133138038BDF566002078
S2140287803C710020C0700020544A0020EE5F00209A
S21402879010B5044661B1FF2112F0DFFA002120462F
S2140287A012F0E1FA12F00FFA0146204612F0E1FA50
S2140287B02146BDE810400022014816F0E2BF00BF85
S2140287C0506000202DE9F0410D461746044612F08F
S2140287D023FB06782846FBF777F92946804620468B
S2140287E012F051FA12F0B8FCA84206D12046012136
S2140287F0FFF7CEFF0120BDE8F0812846B8F1000F52
S2140288000AD0FBF7EFF950B9144B3A462046BDE8BA
S214028810F0411978FCF7FABE14F026F8F3E706F0F2
S2140288200306012E08D012F097FC002322462946A2
S21402883002F030FF0028D9D1204612F0E0F94305B5
S21402884005D52046BDE8F041002112F0C7BD2046FE
S21402885013F0DDFFB0FA80F04009CCE7207100206B
S21402886010B586B0044614F02FFC104B024618686A
S21402887019790290D3F805005B7A01328DF814302C
S21402888000238DF80C1004902146009392B2052323
S21402889004A817F00DF8052204A902A8F2F7CEFFE5
S2140288A0B0FA80F0400906B010BD00BF64DF0400D5
S2140288B008B50748FAF7B6FE064B1B78033B012BB2
S2140288C005D8BDE8084000210846F9F75FBF08BD95
S2140288D0D86F0020F566002008B5114812F06BFB31
S2140288E0104B1B78012B06D8FF2009F0FDFBFCF786
S2140288F051FD08F09DFCFCF76BF902F06BF9FFF7EF
S21402890001F914F078FD0BF05BFBFCF7F9FE0BF0B7
S21402891085F810F077FBBDE8084003F0B1B900BF58
S214028920105900202171002008B5EFF701FDFF283D
S21402893003D0094B1B78012B06D9002009F0D4FB83
S214028940FCF728FD08F074FCFCF742F902F042F945
S214028950BDE8084003F094B921710020064B187850
S214028960112806D000F0FD00A0F1410358425841FC
S21402897070470120704700BFF46600202DE9F041E1
S2140289800446FCF7AFFC18B100263046BDE8F0817D
S2140289901D4B1B78033B012B09D81C4BB3F8681000
S2140289A04FF6FF739942EFD0204612F06CF9184B3F
S2140289B0022120461A88FCF729FE06460028E3D044
S2140289C0204612F029FA90F807800546043016F081
S2140289D06EFE074612F0C0FB414602463846FCF7DA
S2140289E099FCA81C16F063FE4FF6FF73984202D15C
S2140289F02046FFF7ABFA2B789B07C6D1012120460B
S214028A00FFF7C6FEC1E700BFF56600204858002003
S214028A104E6000202DE9F04F002585B007460395ED
S214028A2012F0FAF90646043016F041FE8046B01CF3
S214028A3016F03DFE337804464046009316F092FB4D
S214028A4082464046FBF740F83378BAF1FF0F0CBF78
S214028A5083464FF0010B9A070AD112F07DFB404580
S214028A6014BFD9464FF00109B3791BB90320B9E008
S214028A70A946F9E712F070FBA04205D112F06CFB92
S214028A800446994B1B7836E0984B1B78052BF8D09A
S214028A90033B012B03D8964BB3F86840F1E7204618
S214028AA016F0FFFE737840B313F00402DFF8388244
S214028AB00BD198F800301A4421463846D2B2FFF756
S214028AC081FE0028D2D000208CE0384614F0BEFA90
S214028AD00146054638460AF0A1FD421C52002946C8
S214028AE0384602F0FE0212F02CFF737823F00403DD
S214028AF0737098F800300022DDE75B0726D538460B
S214028B0014F0A4FA0146064638460AF087FD824665
S214028B1006F101091FFA89F9494638460AF07EFD30
S214028B20DFF8C481BAF1000F01D0FF2805D1002278
S214028B30494638460AF086FDDBE7B11C01EB4001E8
S214028B40C9B2384614F0E3F90446D2E7204603AA2F
S214028B5002A913F0D9FF0546B9F1000F4AD0009BCF
S214028B6003F0C003802B0ED1FF2320468DF8093078
S214028B700BF03EFAFF281BD00DF109020DF10A0197
S214028B800BF02AFC14E0402B34D19DF808308BB34E
S214028B90FF2320468DF809300BF02AFAFF2807D06B
S214028BA00DF109020DF10A010BF016FC2D281CD15D
S214028BB03378404603F03F03337016F072FE10B966
S214028BC012F0CAFA8046002342461946204608F0AA
S214028BD04FFE00283FF44AAFC822072138460AF063
S214028BE055FF012005B0BDE8F08F9DF80930FF2B38
S214028BF0DED12546039838B99DF80820002A62D1AE
S214028C00394B2C461B7856E709F032FA039AFF28AE
S214028C100346127908D1CDE900204FF4E1713548B8
S214028C2016F067FCDDE90023B9F1000FE4D002F08C
S214028C303002102A0AD0202ADED1BBF1000F24D03F
S214028C405146184609F016FC0028D5D1DFF8A89040
S214028C5099F80030012B45D0204610F099FE28B92D
S214028C602A4621464046F37913F0D1FEA54212D198
S214028C70039A137923F00C0313719DF80830ABB9ED
S214028C802C46194B1B78302215E7039B1B7913F0F1
S214028C900C0FDBD1B0E799F80030022BE8D0039A2C
S214028CA0137923F00C0343F00403E5E70121204681
S214028CB012F096FC20B920460BF09AF9FF280FD046
S214028CC0094B1B78DFE70121204612F089FC0028B9
S214028CD07FF4D7AE20460BF08BF9FF287FF4D1AE97
S214028CE002207FE7A542D9E74E600020F566002005
S214028CF0485800209A930400A567002038B50E4B0A
S214028D0004461B780D46033B012B10D900F10803DD
S214028D109BB2012B0DD812F01FFA002302462946F9
S214028D20204608F0A5FD80F00100C0B238BD012043
S214028D30FCE70220FAE700BFF56600202DE9F041C5
S214028D40064610460D4614F0BFF9A0F11004E7B22D
S214028D5056FA84F42146EA1B04F10E00F2F774FA7E
S214028D602823DFF84480F35598F80030637301F047
S214028D7045FF611C0246012010F044FE0822094904
S214028D80601DF2F761FA98F8000013F0B3FB05F1E4
S214028D900E0130463B460022C9B201F0E1FF122026
S214028DA0BDE8F08177670020EF6600202DE9F04FDE
S214028DB089B0044612F030F80546204611F08FFFBF
S214028DC00746281D16F073FC8146A81C16F06FFC99
S214028DD00390384695F807A016F063FD2B780490AA
S214028DE0990761D12146042002F0C2F800285BD020
S214028DF0204614F069F9014620460AF00FFC820765
S214028E0052D1204614F060F9014620460AF006FCCC
S214028E1010F00303059347D12046FFF721FD0028F3
S214028E2042D0204614F045FA461C204615F096FF1E
S214028E30F6B206F10A0B834580F29F80504A06ABD3
S214028E401068516803C3711C20460AF0E7FB3146DE
S214028E50804620460AF0E2FB594600EB08282046E8
S214028E600AF0DCFB8346059B2146B21C009306A84B
S214028E70082316F01DFD1FFA88F8204611F02FFF72
S214028E805A46414610F0B2FD0122404606A901F0BC
S214028E909BFB002871D102200BF036F8013003D17B
S214028EA0404606A9EFF712FB12F056F948453A4635
S214028EB0514608D112F0C2FB00285ED109B0BDE8C7
S214028EC0F04F01F077BB484612F0B8FB002854D1A9
S214028ED02C4B1B781BB93946484612F04CFD3A46D5
S214028EE051464846FCF716FA002846D0297811F073
S214028EF0030102D12046FFF74BFCAB79002B3CD096
S214028F00214B1B78DA1E012A37D9062B35D06B780F
S214028F10DB070DD503982E7A13F08BFB10B3F308FC
S214028F2003F01C0326F01F06334343F001032B72A3
S214028F304FF6FF71204611F0A6FE049BDBB910F037
S214028F404FF800F03F0202212046FCF75FFB4FF687
S214028F50FF73039A9A4210D1204609B0BDE8F04F3B
S214028F60FEF7F4BF06F01C031C2BE1D0042B04D939
S214028F70043E2E72DCE70022E5E709B0BDE8F08F7A
S214028F808C1C0400EB660020F56600202DE9F043F9
S214028F9085B004460E46174611F03BFE0C282046C6
S214028FA07BD111F039FF0922002115F0FBFD00F1FB
S214028FB01005EDB2294620460AF030FB042853D0AD
S214028FC006D8012815D0022822D005B0BDE8F083C5
S214028FD07C28FAD1204615F0C1FE0546204615F03B
S214028FE0A1FE02463046E9B205B0BDE8F04310F0F5
S214028FF023B846B91321204613F089FF05B0BDE811
S214029000F04312F0D2B805B0BDE8F043FCF7ACBEB0
S2140290109D4B1B78013B012BD7D82046E91C0AF052
S214029020FDFA074686B978B9691C204613F06FFF29
S2140290300546214613F04CFA3A462946102005B05A
S214029040BDE8F04316F0FCBA002508232146152297
S21402905000950DEB030016F02BFC284602A916F02D
S21402906051F813F072FCB0E7884B1B78022BACD198
S21402907046B9FEF73FFDC2070AD5FEF7D7FC002F1A
S21402908008BF3F26304605B0BDE8F0430FF0E0BF0C
S214029090FEF714FD0028F0D0F1E711F0BDFE804681
S2140290A0043016F004FB074608F1020016F0FFFA39
S2140290B04FF6F773984205460CD8754A1388013363
S2140290C09BB213800BB9734A13801EB1714A138880
S2140290D00133138098F8009009F00309B9F1010FE3
S2140290E040F08380204613F0EFFF014620460AF048
S2140290F095FA043809283FF668AF01A353F820F022
S21402910029910200CB8F0200CB8F02004D91020004
S214029110CB8F0200CB8F0200CB8F0200359102006C
S214029120CB8F020035910200204605B0BDE8F04321
S214029130FFF7D4B9544B1B78042B7FF446AF0021BB
S214029140084605B0BDE8F043F9F720BB4E4B1B7846
S214029150013B012B3FF639AF404613F0F2FF0027E2
S2140291604D4B01465B898DF80A70ADF80830002831
S2140291703FF42BAF384615F0C5FF0546204613F0E0
S214029180A3FF421C03232146009792B202A816F0C0
S2140291908FFB9DF80A30E6B93C4A1278022A18D1AB
S2140291A0BBB9FF2DBDF808400AD03C4A214632F82A
S2140291B01530284623F4806322F8153013F0A4FBFA
S2140291C0204613F082FC00222146102016F038FAC0
S2140291D0FBE6022B3FF4F9AE2BB9304B33F81530D1
S2140291E05B053FF5F2AE28463BE7B9F1000F7FF488
S2140291F0ECAE3146204604F0BBF8002E3FF4E5AE56
S2140292004FF6F7739D423FF6E0AE98F801602846A7
S21402921016F0040620D113F0A5FC044628467CB1BD
S21402922013F022FB0346F0B90C220090294638467A
S21402923012F0FFFC0C22002339462846009308E071
S21402924013F012FB0346B8B9154A00901278294665
S214029250384612F0EEFCB8E613F006FB034678B981
S2140292600B220090F3E7062233462946384600963C
S21402927012F0DFFC0622DEE7234600940622E6E72B
S2140292804B46CDF80090F9E7F5660020F46600201C
S214029290F65F0020F45F002064DF0400E05F002039
S2140292A0607100202DE9F04F05888BB004462846F1
S2140292B011F0B2FD8046043016F0F9F9074608F1BF
S2140292C0020016F0F4F905A90190284613F046FFAD
S2140292D0284613F0F9FE0146064628460AF09EF98D
S2140292E098F80030029003F00303012B0CBF82466D
S2140292F04FF0FF0A16F0F1F8B4F806B0814611F006
S2140293002BFF98F8073000903846039301F08AF84E
S214029310002838D1019801F085F8002849D1FCF7D9
S214029320B9FAA9EB0B0B1FFA8BFB8146FAF774FB13
S214029330002844D1FFF712FB002840D1A14B1B782E
S214029340033B012B42D8BAF1060F00F0BE80BAF1F9
S214029350040F00F0BA80FFF701FB20B1029B03F076
S2140293600303012B32D0FAF7B1FA28B9964B1B78D1
S21402937003F00F03062B6FD1944B2846B3F8681000
S21402938011F081FC22E0284611F046FD023016F06C
S2140293908EF94FF6F773984206D9039B23B92846EF
S2140293A0FFF75EFA0028B5D1A37823F00F03A37067
S2140293B054E0019816F075FA0028B0D1F4E7A9F146
S2140293C004095FFA89F9B9F1020FB7D8BAF1010FA9
S2140293D040F0A280284611F040FC4FF6FF739842F8
S2140293E06AD100233146284607AA13F0D1FA8046EE
S2140293F00028D9D042799DF82530934209D9711DAB
S214029400284689B20AF01EF9A37823F00F03023326
S214029410A3700FF0E5FD7E23B0FBF3F202FB13030D
S21402942003F58073A3809DF8263013F0180F0BD037
S214029430A378190708D1009BBB4205D0384698F896
S214029440052005A90FF014FE9DF82700003818BF66
S21402945001200BB0BDE8F08F2823A3800020F8E798
S214029460584B1B78033B012B5FD940F6B8339B451C
S2140294709AD80FF0B5FDFF238DF81330002300F0C5
S2140294803F00C0F5FA70A08007A90DF113008DF811
S2140294901C30FBF7A3FF054698F80710384612F073
S2140294A0C1F8002D80D09DF81C20013A032A7BD8F3
S2140294B0DFE802F0807A697D4FF6F773019A9A42E6
S2140294C024D898F80130DA0720D4284611F0C5FBD4
S2140294D016F084F9012808BF3D4BA27809BF1B7815
S2140294E0FA2303EB830303EB830302BF9B00FA33E7
S2140294F09BB212097FF458AF5B45FFF455AF0FF0ED
S2140295006FFD00F01F001030A08053E02D4B1B783B
S214029510033B012BA9D8D8E74FF6F773019A9A4274
S2140295209ED898F80130DB079AD4BAF1020F53D1CD
S2140295300123314607AA284613F02AFA074611F0F5
S2140295400BFEBDF82230984236D1002F3FF42CAFE6
S21402955001227B883146284608F00EFB1D4A137806
S2140295600133DBB288F8073013707B88BDF81E2003
S2140295709A421FBFA37823F00F030233A3704FF45F
S214029580C873A38016E0009BBB4213D000283FF4AA
S2140295900BAF426801323FF407AFC2789DF8133032
S2140295A09A42BFF401AF05E0009BBB4202D0A2780C
S2140295B01209EBD101204CE7184616F072F9002882
S2140295C0C3D182E7F5660020F466002048580020E2
S2140295D032710020F2660020BAF1030F7FF475AFF5
S2140295E0009BBB427FF471AF711C284689B20AF019
S2140295F015F80C287FF469AFFBF7E2FC4FF6FF7311
S214029600984201463FF461AF284611F03CFB5CE706
S2140296102DE9F3410446008811F0FEFB05460430AE
S21402962016F045F80646A81C16F041F8074615F04F
S21402963054FF05463046B4F8068000F0F3FE0646B0
S21402964048B9384600F0EEFE58B9194AA37812789F
S214029650033A012A0BD8A378002623F00F03A3703F
S21402966021E0384616F01DF90028EED1F3E71B0973
S214029670F1D1A5EB0805ADB2B5F5C86FEBD80DF183
S2140296800301384601AA019313F03EFA9DF80350EF
S214029690014645B94FF6FF73984204D0012620884A
S2140296A011F0F1FAA580304602B0BDE8F08100BFA5
S2140296B0F56600202DE9F04105460C4611F0A9FAA0
S2140296C0082802D10120BDE8F081201D15F0EFFF29
S2140296D00646284694F8078011F001FB07462846FE
S2140296E011F08DFA010612D5184B1B78042B0ED1F9
S2140296F0174B1B78022B0AD1164BB3F868204FF68D
S214029700FF739A4203D000210846F9F73FF8124B3E
S2140297101B78002BD6D1A01C15F0C9FF4FF6F773A5
S214029720984202D86378DA070DD523789B070AD1C8
S2140297303A464146304611F081FF80F00100C0B241
S21402974000F00100BFE70120FAE700BFF56600203F
S214029750F466002048580020A76700202DE9F04F45
S2140297609DB0044611F055FA0546204611F051FA0E
S21402977008285AD14FF40043102200212046ADF8A3
S214029780503012F0DEF8204615F0CCFA0DF0EAFD65
S214029790002321461A460C2000930DF0A8FB98B32E
S2140297A0204615F0BFFA14A902461020FAF7D6FD95
S2140297B00501204615F0B6FA14A902464020EDB27D
S2140297C0FAF7CCFD10B120460FF01EFC204615F02D
S2140297D0A9FA14A902468020FAF7C0FDB8B99DB1CD
S2140297E0102517A806F0A2FD2046BDF8507015F009
S2140297F0B5FA0646204615F095FA29460090F3B2C9
S214029800384617AA0FF09EFC1DB0BDE8F08FBDF8D3
S214029810503017A8ADF85E40ADF85C3010F0E0F8B6
S2140298200028DCD145F08005DBE7204611F044FA3B
S214029830B0F5006F40F00581204611F050FA06465A
S214029840042D40F00181204611F0D9F980F4006021
S214029850C0F3C02000223146400015F0F1FE954BC1
S2140298601A78022A0DD0FFF779F850B902F0FD03F4
S214029870312B06D0043A012A03D98F4B1B78002BD2
S214029880C2D02146022001F073FB05900028BBD00F
S2140298902046ADF8464011F0BFFA0446BDF8460031
S2140298A011F01DFA0546201D15F001FFA31C834684
S2140298B01846039315F0FBFE12A90746BDF84600AC
S2140298C013F04CFC63780690BDF8460094F80080CE
S2140298D0099313F0F9FB6378064608F00308284656
S2140298E00C93FAF7F1F8B8F1010F0CBF0323022329
S2140298F00E93724B08BF4FF00B091D80237818BFDA
S2140299004FF00A0903F03C03082B0D907FF47CAF5E
S214029910BDF8460015F022FAB0427FF675AFB8F1F0
S214029920010F03D0237898077FF46EAF644BB3F829
S2140299306830AB420DD1634A634BB2F9001093F91B
S2140299400030002900F0A58001EB0313A3EB2113DE
S21402995013804FF0010AA6F11003DBB207938DF8CD
S214029960453010224846BDF84610CDF800A00DF14D
S21402997045030DF0BCFA00283FF446AF099B13F0EE
S21402998002030A9300F00A81504B1B78002B3FF427
S2140299903BAFBDF84690484613F096FB002308906E
S2140299A04846CDE917331993ADF8683011F097F9A8
S2140299B0089B039003F10E01484689B213F057FB49
S2140299C0002870D000234946089A009317A80E2351
S2140299D015F06EFF50460DF15D0110F021F89DF86E
S2140299E069300B9004939DF85C30282B5BD10DF107
S2140299F06100FAF7F3FB0F90002854D1049812F096
S214029A0079FD0F9B002867D1314B049A1B78D31A35
S214029A10190648D404F04CFD50453CD115F062FDC1
S214029A202C4E0546346824B104F048FD2C1B8442B3
S214029A3039D30023FF2219461846FCF73DFB356052
S214029A4031E04FF6FD76FBE64FF6FF70301A18BF90
S214029A50012000223146400015F0F2FD0C2D0DD1FA
S214029A602146012001F084FA00283FF4CDAE2146BB
S214029A7000201DB0BDE8F04FFDF700B92DB9204615
S214029A801DB0BDE8F04FFDF75FBD042D7FF4BCAE00
S214029A90E5E61B025CE704F00BFD022803D104F0A6
S214029AA0E9FC0028BAD000221920039915F0C8FD57
S214029AB0AAE600BFF4660020A76700206C600020BC
S214029AC0485800203E600020A3670020F066002071
S214029AD0EF6600205859002010214846089ACDF813
S214029AE000A012F045FB0028DDD0A64B049A1B7896
S214029AF0934240F0AA8003990DF1610214A815F072
S214029B00CDFA012114A8FAF743F8824648F2030177
S214029B1014A8FAF749F9BAF1000F03D0082114A8DD
S214029B200FF019FF484613F0EDFA03990DF16100A4
S214029B30FBF7E6FAFE288246B5D0FF280AD103983C
S214029B4015F092FEFF28824600F087800DF1610133
S214029B50FBF750F98B4B049A1B78934200F0A380D4
S214029B6050460B99FBF7B2FA00283FF44DAE50462A
S214029B700B99FBF7BDFA23789A070FD1484613F0E4
S214029B80A3FA0146484609F049FD00F00300012801
S214029B9004D103980DF16101EEF798FCBDF846007A
S214029BA011F02DF8030440F18580204615F07FFD64
S214029BB040F4007189B2204615F07BFD00224FF476
S214029BC00041BDF8460011F00BF8DDF814900123B1
S214029BD010220093BDF846100E980DF145030DF0C5
S214029BE086F900283FF410AE032866D1204615F009
S214029BF05EFD40F4007189B2204615F05AFD2846F3
S214029C0015F04FFE002840F0B780DDF81490B8F14A
S214029C10010F40F0C1800320BDF8461001F0A8F9FC
S214029C20002840F0B9803146BDF8460009F0F6FC3F
S214029C300F2801467FF6E8AD4FF6F7739F423FF6D0
S214029C40E3AD284611F0E1FEDEE55046049903F046
S214029C5049FD00287FF44FAF25E7237803F003037E
S214029C60012B08D1484613F02FFA0146484609F060
S214029C70D5FC082892D0444B1A78444B1B789A425B
S214029C8009D20DF161010398FBF768F8039815F005
S214029C90EBFD82465EE7A01C15F009FD4FF6F77352
S214029CA09842EED9FFE65046FBF79AFA00283FF4B0
S214029CB057AF5CE74FF0000989E7284615F0F1FD3B
S214029CC00028A4D00A9B002B58D1B9F1000F53D11B
S214029CD0B8F1010FBDF846009DD0314609F09EFC52
S214029CE08246DFF8B09099F80030002B5FD011F072
S214029CF033FA87427FF488ADB8F1010F40F08280D4
S214029D00BAF1070F78D8BAF1050F7FF67DAD204B72
S214029D101B78022B02D0043B012B03D899F80030A3
S214029D20002B4BD00C9B980640F1BB800D9B002B62
S214029D3040F0B380284615F015FAFF2840F0AD80B3
S214029D405D457FF461AD069B002B00F0A48012AB4C
S214029D5046F204020124ADF85C2001932146022358
S214029D602846009417AA13F08BF900283FF44CAD4E
S214029D70214611F033FB47E5DDF81490284607F03C
S214029D8053FD44E7EF660020EE66002033710020A4
S214029D90F4660020F06600203146BDF8460009F061
S214029DA03DFC0A9B824613B9B9F1000F99D0A84B25
S214029DB01B78022B02D0043B012BB3D8284600F0B6
S214029DC031FB814600287FF41FAD11F0C5F98542AC
S214029DD022D1A04B1B78033B012B19D89E4BB3F81C
S214029DE0684011F0B9F94B4601460D222046CDF8DF
S214029DF0009011F01EFF07E5AAF10E03DBB2012B5D
S214029E0085D901E50AF00303012B7FF4FDAC7EE75A
S214029E10012000F0A5FBF7E4284615F042FD58B9EC
S214029E2011F0B7F94FF6FF73984205D015F04AFACB
S214029E3010B92846FAF738FF284615F032FD88B1E1
S214029E4011F0A7F94FF6FF7398420BD015F03AFAC5
S214029E5040B9B8F1010F02D1BAF1060F02D0284676
S214029E6007F04CFA069BA3B919460122584600F0A1
S214029E70ABFB814600287FF4C7AC204613F061F99D
S214029E804A460146384600F09FFB00283FF44AAF98
S214029E90BAE412A9E9E7069B5AE7637823F020039F
S214029EA063704FF6FC739F4275D16A4B1B78033B77
S214029EB0012B7FF6A9ACA3790BB1013BA3716378A2
S214029EC0590727D50023584617AA14A9179312F044
S214029ED01BFE1798F0B108F0CBF88146384615F00D
S214029EE041F9179A0146137903F03000102806D07C
S214029EF003F00C0008281CBF23F00C03137113791F
S214029F0003F03303202B05D1FF2903D00122484654
S214029F1008F078FA284615F025F9FF281EBF002219
S214029F204E4B43F82020099B03F001094FF6F773C6
S214029F309F4200F21381B9F1000F40F01C812946BE
S214029F40584611F018FD11F007F9874200F0DF803D
S214029F50384615F0A6FC00284AD0B8F1010F30D1D9
S214029F60BAF1010F20D14A463146BDF8460007F045
S214029F705FFE384615F095FC394B1B78002B78D1DE
S214029F80584615F08EFC002870D1384615F089FC2C
S214029F9000286BD138E44FF6FD739F428BD12D4BD0
S214029FA01B78042B87D12FE4384615F07AFC50B381
S214029FB0BAF1030F27D13146BDF8460011F071FE03
S214029FC022E4384615F06DFC384612F04DFC0028A7
S214029FD048D0002339465846BDF8462001F05AFBC1
S214029FE000283FD00021BDF84600FEF7D1FB0BE467
S214029FF0384615F056FC18B1B8F1010FD8D0E3E791
S21402A000B8F1010FE0D1164B1B78002BB8D0BAF18D
S21402A010050F2ED111F0A0F88DF85C0011F09CF817
S21402A020000A8DF85D000123022217A90DF14600F1
S21402A030F9F74CFA00287FF4E7AB711CBDF846002E
S21402A04089B209F0D9FA03780133037011E000BF30
S21402A050F4660020F566002048580020D848002004
S21402A060397100209A4B1B78002B89D0B8F1010F6A
S21402A070CDD063785A070CD5BDF84640204612F07C
S21402A080E5FF411C89B2204609F0B6FA0378013B87
S21402A0900370904B1B78033B012B30D8B8F1010FAD
S21402A0A006D1BAF1050F1FD111F056F8834522D119
S21402A0B0BDF84600FEF7AEFC02281CD10021584629
S21402A0C017AA08F021F930B10379458003F03C0362
S21402A0D043F04003037100237F4A009339465846F3
S21402A0E0127811F0A6FD06E0BDF84600FEF792FCD7
S21402A0F0BAF1030FE0D1002239461C20D6E4BDF89F
S21402A1004600FEF787FCB8F1010FD5D1F0E7B8F1AB
S21402A110010F7FF467AF0AF1FF330C2B00F2AA801F
S21402A12001A252F823F000BF8BA102008BA102000D
S21402A130B79F0200A1A10200B1A10200D5A10200B0
S21402A140F7A1020023A2020039A2020039A20200ED
S21402A15045A202005DA2020069A20200B8F1010F48
S21402A16000F09480B9F1000F08D1BDF84600FEF762
S21402A1701DFEFFF749BBB8F1010FCCD0237A03F0DE
S21402A1800303012B7FF440ABEFE7AAF102035A4226
S21402A1903146BDF846005A4107F04AFDFFF734BB88
S21402A1A032465846BDF84610FEF7D6F8FFF72CBBE7
S21402A1B0711CBDF8460089B209F030FA0236F6B2D2
S21402A1C00246BDF846305846009612A90AF054F8E0
S21402A1D0FFF71ABB3F4B1B78013B012B3FF614AB34
S21402A1E0079B0121009300202346BDF8462011F06C
S21402A1F08FFAFFF709BB374B1B785A1E012A07D97D
S21402A2000120079ABDF84610FCF71AFCFFF7FCBAC5
S21402A210022B7FF4F9AAF9F7FFFB0028F0D1FFF72B
S21402A220F3BABDF8460006F069FEFFF7EDBABDF8D0
S21402A2304600FEF721FA98E7BDF84600FEF71CFA3C
S21402A240FFF7E2BA234B1B78013B012B3FF6DCAA51
S21402A250BDF84600FDF736FDFFF7D6BABDF8460054
S21402A260FDF780FDFFF7D0BABDF846000FF0B2FB4F
S21402A270FFF7CABA334622465046BDF846100FF0DC
S21402A2807BFB00287FF4C0AA5146DAE40AF1FF33CA
S21402A2900C2B3FF6B9AA01A252F823F08BA10200BA
S21402A2A08BA10200B79F0200A1A10200B1A1020089
S21402A2B0D5A10200F7A1020023A202002FA20200EB
S21402A2C02FA2020045A202005DA2020069A20200BD
S21402A2D039710020F56600206071002010B500215B
S21402A2E0114810F00FFE0446E8B110F021FD0F4BA6
S21402A2F01870204610F021FD0D4B1870204610F005
S21402A30022FD0C4B1870204610F022FD0A4B1860F6
S21402A310012015F0EBF82046FFF720FABDE81040C2
S21402A320002015F0E3B810BD1C600020A4670020D2
S21402A330A3670020A26700205059002070B5164E71
S21402A340044633680D46E3B110F063FC0C2818D1BE
S21402A350204610F061FD09220021044614F022FC7A
S21402A360235C042B0DD10D4B1B78033B012B08D825
S21402A3700B4C25B10B4B22781B789A4203D3002351
S21402A3802370002070BD0848316814F0B7FD2378AA
S21402A390012001332370F5E754590020F5660020AA
S21402A3A0A66700205F710020D86F0020014B93F94A
S21402A3B0010070473E600020014BB3F8680070470A
S21402A3C04858002070B50024124D2C70EDF762FE3E
S21402A3D0E6B2B04212D8104B1B78013B012B04D8D0
S21402A3E000214FF6FF70FBF719FF00220B4B1A7085
S21402A3F00B4B198801B11A80012070BD304614F04B
S21402A40009FFC30748BF2B7804F1010444BF013398
S21402A4102B70DBE7ED660020F5660020E466002080
S21402A420F05F002038B50B4B05461B7873B101333D
S21402A4305C08094B188814F075FC002330F81320CA
S21402A440AA4205D00133DAB2A242F7D3002038BDC1
S21402A4500120FCE7E4660020F05F002030B50546E8
S21402A46085B008460C4615F018FAFF280CD011F0F5
S21402A47048FB012200210346CDE901120092214643
S21402A4802A460720FBF77AFA284614F06BFEFF28C6
S21402A49004460FD014F0BEFEC2070DD5204614F0B7
S21402A4A0B9FE830708D40B4A32F8143043F48063AB
S21402A4B022F8143005B030BD11F023FB0122002132
S21402A4C00346CDE90112009207202A46FBF756FA08
S21402A4D0F0E700BFE05F00204FF6FA72431E9BB221
S21402A4E0934270B504462AD8FFF79CFF38BB194B37
S21402A4F01B78042B23D0204615F0B6F9FF2801D08E
S21402A500FAF702FB204612F0D8FA08B107F0C6FDA9
S21402A5102046114E04F046FA20460EF0A7FD31788A
S21402A5200E4D69B1288814F0FDFB054601461E2231
S21402A5300230F0F789FE2C8033781E2B07D970BDC7
S21402A540202014F063FC28800028EBD1F7E70233C2
S21402A5503370F4E7F5660020E4660020F05F002022
S21402A56037B5134B05461B78022B1FD110F0F4FDAE
S21402A570044610F0F1FDFFF7AFFF11F0C2FA10F03B
S21402A580F7FD0020FBF73CFD40F607400EF0FAFD13
S21402A5903DB100230D2221464FF6FD70009311F0C7
S21402A5A048FB03B0BDE8304004F032BF03B030BD14
S21402A5B0F5660020034B1B7813B90120FFF7D0BFC6
S21402A5C0704700BFEB660020F7B504460D461746F7
S21402A5D010F0C2FD0646002D47D04FF6FB739C4294
S21402A5E043D82046FFF71EFF30B1A64204D1204BC7
S21402A5F01B78033B012B38D92046FFF713FF10B117
S21402A600012003B0F0BD20460EF000FDC0B1A64208
S21402A610F6D00CB369462046F9F758FD0246D8B97B
S21402A6200821684610F02AFDB0B908226946284675
S21402A630F1F704F980B12946204611F092FADFE7D5
S21402A640A642E6D12846F9F7C9FD28B90120FFF748
S21402A65087FF06F0DFFDD3E73FB121462846FAF72B
S21402A660E7FB2146284604F0B9F90020C9E700BFF7
S21402A670F5660020044A13782BB1013BDBB2137057
S21402A6800BB9024A13807047E4660020F05F002090
S21402A6900148F8F7D7BC00BFF05F00202DE9F0476D
S21402A6A0804617460D468CB061B903AE00211B48A2
S21402A6B015F061F84FF000090446DFF860A01CB9F7
S21402A6C020461DE00E46F1E70022214624233046AE
S21402A6D0CDF8009015F0ECF8082241463046F1F726
S21402A6E0ADF8A8B9337C9BB96FB945B92A4621465D
S21402A6F00A4810F026FC0A4A1388013B1380012000
S21402A7000CB0BDE8F0873B88B28953405B06ECD5B7
S21402A7102146504615F053F80446D0E75460002010
S21402A72052600020024B1888003818BF012070477C
S21402A7305260002040232DE9F04397B0074611A847
S21402A7408946ADF80E300EF0A7FD02238DF8443090
S21402A750002304AE3146384604937360F9F7B6FC1C
S21402A7600546002840F0958038460FF011F98046DD
S21402A77010F0F2FC0446002840F0BB8099F8013045
S21402A780042B40F0B980EDF791FC022840F084805B
S21402A790EDF78CFC022840F08B8096E8030003233A
S21402A7A08DF8443012AB83E803009DF85130002147
S21402A7B043F00603102209A88DF85130F0F7F2FC98
S21402A7C009A911A80EF0FDFE40B111A80EF064FD15
S21402A7D030460DAB09AA11A90EF0F8FFBDF84630B7
S21402A7E00DA943F0040311A8ADF846300EF042FF5F
S21402A7F0102209F10A010DA8F1F720F805460028F3
S21402A80072D1EDF753FC022806D13146FF2009AA81
S21402A8100EF0FEFE00286AD134240025EDF746FC31
S21402A820022808D19DF851301B0704D430460DF19A
S21402A8300E0111F0B6FB2146304611F0DBFB102369
S21402A8408DF8183004238DF81A303346002203CBD5
S21402A850CDF81B00CDF81F1006A80B218DF8195055
S21402A86010F0F5FA024638B1002D14BF0123032377
S21402A8703146384603F078F8B8F1000F09D0342C88
S21402A88007D106A83246394614F008FC06A80FF08F
S21402A89065F817B0BDE8F08323462146304600949B
S21402A8A011AA01F05FFE00283FF472AFAD25C6E79D
S21402A8B0EDF7FCFB012891D1104B1B6803F08403D3
S21402A8C0842B8BD196E8030002238DF844301023A4
S21402A8D0ADF8463012AB83E803009DF8513043F0E2
S21402A8E002038DF8513079E73324AD2596E7052427
S21402A8F094E72C46A325A2E7AA25A0E7C84A00208B
S21402A9002DE9F04336488DB0F8F78CFE14F0EAFDD8
S21402A910344D2B68C41A4FF47A73B4FBF3F4A4B222
S21402A92014B114F0DFFD28602F4F4FF6FF763B88F8
S21402A930DFF8B880ADF80A3000233B8000210DF125
S21402A9400A0010F0DFFA054658B9284B1B882BB1CF
S21402A9504FF47A712248714314F0D0FA0DB0BDE874
S21402A960F0834FF0000924234A462946CDF800908A
S21402A97003A814F09DFFBDF81A30A34294BFDB1A59
S21402A9801B1B9BB2ADF81A30CBB910F0E5FBBDF835
S21402A990183003F04003184380B218B9322103A8D6
S21402A9A00EF0D6FBBDF818301B0602D508980EF03E
S21402A9B0DCFDB8F80030013BA8F80030BEE79E4246
S21402A9C028BF1E4601234A462946009303A824238D
S21402A9D014F06EFF4A462946384614F0D2FEADE71A
S21402A9E0D44900205C5900205460002052600020A8
S21402A9F0F0B50446304A8DB01068516801AB03C307
S21402AA00A378012B54D1162200210DF11A00F0F77B
S21402AA10C9FBD4F82110D4F81D0003AB03C3238866
S21402AA20190644BF62680892DA050BD5221D08AEE5
S21402AA3004F11407354610685168083203C5BA4255
S21402AA402E46F7D1ADF8183013F0040318BFA369E9
S21402AA500593EDF749FB0023ADF81A008DF81C307C
S21402AA6010F07AFBE0B906A903A811F09AFA0022C0
S21402AA70242103A810F0EBF90446D8B10020FFF712
S21402AA803FFF002221460D4814F07BFE0C4A0020B0
S21402AA90138801331380FFF733FF00200DB0F0BD9B
S21402AAA0082201A903A8F0F7C9FE0028DFD0DAE7DA
S21402AAB00220F3E71920F1E78C1C04005460002002
S21402AAC052600020F7B5044600200E46FFF718FF36
S21402AAD0104B1B88A34202D8212003B0F0BD0021F0
S21402AAE00D4814F048FE002501460B4F0029F3D00E
S21402AAF0A54208D10024242322463046009414F0AE
S21402AB00D7FE2046E9E7384614F059FE01350146DD
S21402AB10ECE700BF52600020546000200148F8F7BE
S21402AB2091BA00BF54600020014B1888704700BFDE
S21402AB305260002030B5154A8DB05168054610683F
S21402AB4001AB03C307A80EF0A7FBDDE9010103234F
S21402AB5008AC84E803008DF81C309DF8293003A960
S21402AB6043F0020307A88DF829300EF02AFD10B133
S21402AB702D200DB030BD23462868696803C303A99B
S21402AB8007A80EF003FD0028F3D0F1E78C1C0400A2
S21402AB9070B50C4611460E4A23781278064613F014
S21402ABA0200542EA0302227018BF611D0822F0F750
S21402ABB04BFB002D0CBF05200D20D4F80130B360EE
S21402ABC02378337303F01803082B08BF013070BDD7
S21402ABD0F0660020042307B501200DEB0301054AA9
S21402ABE0F8F79AFD019B044A1B03136003B05DF855
S21402ABF004FB00BF63E51100B84A002010B5064CFE
S21402AC002368C3F30B0313B90448E2F74FF920682D
S21402AC10431C236010BD00BFB84A002063E5110044
S21402AC20014B1868704700BFB84A002007B50020DD
S21402AC30054B064A186004230DEB03010190F8F752
S21402AC406BFD03B05DF804FBB84A002063E5110013
S21402AC507FB511230A4A012001A9F8F75DFD094BC9
S21402AC609DF814201A70084B1B780BB1052B05D1E2
S21402AC700EF0B5F9012007B05DF804FB0020FAE7F4
S21402AC8079EB0100EF660020F06600202DE9F04F18
S21402AC900646CBB0884600880121174614F07AF89B
S21402ACA02E4B3A463188ADF8160006A811F035FA52
S21402ACB00DF1280B5A464146C419308811F0B7F9EF
S21402ACC0E4B208EB0003A34208BF044605464FF071
S21402ACD004091CBFA4EB0804E4B223465A46012129
S21402ACE0CDE900090BEB050ACDF808B02D1B06A826
S21402ACF0EDF746FEEDB20BEB0403009301952346F7
S21402AD005A464146308811F0C0F934883946204602
S21402AD1008F084FC394600F0F802204608F092FC5F
S21402AD200121308814F036F801234A46514680B194
S21402AD300DF11600F8F7CAFB01210446BDF81620ED
S21402AD40308814F03BF8B4FA84F040094BB0BDE802
S21402AD50F08F3046F8F7BAFB0446F4E77767002030
S21402AD602DE9F04FC9B0044688469246C118224AD9
S21402AD7004A81F46FFF70CFF4FF00409C519EDB2F1
S21402AD8008AB0293A5EB0A0BA8EB0A035FFA8BFB50
S21402AD90A8EB0506DBB2F6B204EB0A020093012129
S21402ADA05B46CDF8049004A8EDF7EAFD06F590732D
S21402ADB00DEB03025A44A2F58072136808A844F801
S21402ADC00830E35D324623F00703E3552C44214660
S21402ADD0F0F778FB08ABCDE9019308AA002301211E
S21402ADE0009604A8EDF7CCFD3246204608A9F0F7F7
S21402ADF069FB49B0BDE8F08F77670020F8B50646D4
S21402AE0012F057FA811C054689B2304612F02FF925
S21402AE10F0B1EDB12946304608F000FC122807468C
S21402AE2016D80C4B691C1C5C89B2304608F0F6FB3F
S21402AE302C44052FE4B205D1052809D8064B1B5C25
S21402AE401C44E4B221463046BDE8F84012F00FB981
S21402AE500020F8BDAADF0400A4DF0400F8B505460A
S21402AE6012F032F9044628460FF0D6FFA11C074618
S21402AE7089B2284612F0FBF800283ED0002C3CD0BF
S21402AE802146284608F0CAFB0646611C284689B2B7
S21402AE9008F0C4FB0F2E30D8194B9B5DE118731EC9
S21402AEA089B2092B0ED8DFE803F009050D0D120D45
S21402AEB00D181E1EC40644BF083189B2820601D58B
S21402AEC0083189B22846BDE8F84012F0D0B87B783F
S21402AED0DB0612D501EB4001F3E700F01F0000EBA2
S21402AEE040000144EDE71F2805D8092E0ABF40009E
S21402AEF0022080B2F5E7C828E4D00020F8BD00BFE3
S21402AF00BDDF0400F8B506460FF086FF09220021D1
S21402AF10054613F047FE00F11004284614F0C7FB5E
S21402AF20E4B207462146304608F078FB054630462E
S21402AF3013F014FFBA05A0EB0403DBB20AD47C2D8F
S21402AF400AD0082D0AD8064A505D98428CBF0020C7
S21402AF500120F8BD1220F8E70320F6E7FF20F4E709
S21402AF60CEDF0400014B1878704700BF61710020E5
S21402AF7038B5114B04461B7808469BB9012038BDEC
S21402AF80A24205F101050FD103EBC1035B689847A6
S21402AF900028F3D11E2022464FF6FF7114F050FB14
S21402AFA00020ECE70025054BE9B213F83120002A11
S21402AFB0E6D11446EEE700BF6171002074DF04009C
S21402AFC04FF6FF7307B502220DF106010348ADF8EE
S21402AFD00630E1F7A7FF03B05DF804FB603202E03B
S21402AFE0002307B5ADF80430134B984221D10B88E5
S21402AFF0DA0703D5232003B05DF804FB9B0748BF9E
S21402B0004FF47F434FF002020C480DF1060148BF91
S21402B010ADF80430E1F75AFF4FF6FF73BDF806208D
S21402B0209A42E7D10222054801A9E1F77BFF0020F8
S21402B030E1E72120DFE700BF1FD1BACA603202E093
S21402B040002313B50222038004460DF106010F48C1
S21402B050E1F73CFF2D2801D0112805D14FF6FF73EA
S21402B060ADF80630FFF7ACFF9DF80630BDF80620B7
S21402B0701BB1238843F0010323800020FF2A82BFEE
S21402B080238843F00203238002B010BD603202E040
S21402B090034B1B78002B14BF442056200E307047FB
S21402B0A0F06600202DE9F04F8DB0179C06468946C3
S21402B0B0CDE90223BDF85870D588ADF816103CB914
S21402B0C0EC0605D500970EF0DEF80DB0BDE8F08F61
S21402B0D0C5F380242B054FEA043448BF44F40064C9
S21402B0E0A80511D544F080040A2E00F26981DFE833
S21402B0F016F09A002F001700370067016701370025
S21402B10010009A0037009E00E90548BF44F040044C
S21402B110EAE74FF001084FF0020B4FF0000A14E086
S21402B12008A95FFA89F011F045FADDF82500DDF886
S21402B130291006AB03C3A44B33F81930ADF816300A
S21402B1404FF00008C3460DF1180A002F5DD125E026
S21402B15006AA0DF116015FFA89F003F003FCEFE789
S21402B1604FF6F773994540F22B8115F4026F40F0C3
S21402B1702781964B1B78022B03D0043B012B00F24F
S21402B180218147BB032E4FF001080CBF4FF00C0B7A
S21402B1904FF0080BBA4624F4C074A4B28C4B18883D
S21402B1A04FF6FF73984206D08A49F8F78FFF10B120
S21402B1B024F48054A4B2039B38460093BDF81620AC
S21402B1C0534644F4027108F051FAADF82000002804
S21402B1D038D1192079E7384613F0C0FD0246FFF74A
S21402B1E057FF032E08BF0138824201DD38206CE784
S21402B1F0032E4FF001080CBF4FF00C0B4FF0080B5C
S21402B2004FF0000A24F4C074A4B2029B1B889BB9B8
S21402B2101A463946062000930BF08CFE0028BDD154
S21402B22040F6014051E74FF00008C34675E74FF07D
S21402B23001084FF0030B70E7002339461A46072031
S21402B2400093E9E74FF6FF73614A118899421CD0D2
S21402B2500FF0E2FD03465E4A04301188039314F0B1
S21402B26028FA5D49039B097814F4805FD97159491D
S21402B270574A1FBF086898604868D8604FF6FF7341
S21402B28013804FF0FF330B604B605946029A08A8B2
S21402B29008F0A8FA00289CD0504C2378002B3CD10A
S21402B2A0A7B1384613F05AFD0746BDF8200013F042
S21402B2B055FD23780744002B14BF12220022EB1000
S21402B2C003F0040317443B44842B8FDC15F4005729
S21402B2D00AD0BDF8204020460FF091FC40F4806171
S21402B2E089B220460FF076FCA6F10803012B05D89A
S21402B2F001221021BDF820000FF072FC179BBDF84A
S21402B300204043B32046BDF816100FF0BCFCBDF833
S21402B3102030179A00201380D7E6AA06C0D56B0104
S21402B32003F020030A2E14BF43F0010363F07E03EA
S21402B330DBB2B8F1000F08D000215246009108A8EF
S21402B34000F086FE0028ABD0BFE61A46514608A893
S21402B35011F00EF8F6E7204611F0B6FE179B0246ED
S21402B3602146042000930BF0E5FD00283FF458AF79
S21402B3700A2E18D84FF4D963F340DB0713D5072EED
S21402B3800AD00A2E08D0BDF8200010F004FB80F088
S21402B3900100C0B2800098E608A80EF0FCFA002869
S21402B3A0F1D0042091E617B125F04005ADB22B4648
S21402B3B03146BDF820005FFA89F201F01BFF84E6F1
S21402B3C0012082E6162080E6385D0020F466002022
S21402B3D0DE70002062710020B2670020F066002056
S21402B3E0F7B50F469DF828100446DDE90B061D4604
S21402B3F0F1B94FF6FF739C421CBF174B1C804FF0EF
S21402B40000041CBF154B1A70BDF8240008F080FA21
S21402B41000232A46CDE90043394606209DF820300F
S21402B420FFF740FE10B90EB1AB7A337003B0F0BD31
S21402B43078B14FF6FF739C421FBF074B1C80074B29
S21402B4401A7000220FF003FD04460028DCD11920F2
S21402B450ECE72120EAE700BFDE700020B26700209A
S21402B4602DE9F04788469DF82810074616461D46E1
S21402B4709DF820A0BDF824900B9839B158B300224D
S21402B4800FF0E5FC044610B9192025E00C464FF6ED
S21402B490FF739D421FBF114B1D80114B83F800A006
S21402B4A04FF6F7739E4208D80E4B4FF6FD761A7883
S21402B4B04FF6FF73002A18BF1E46484608F028FAC1
S21402B4C000233A46CDE9084331464346BDE8F047F5
S21402B4D00320FFF7E7BD2120BDE8F087DE700020DD
S21402B4E0B2670020936600202DE9F04786B09DF8EB
S21402B4F038600546DDE90FA80C4617469946B6BBE6
S21402B500374B1B78022B1DD125BB4FF6F7739C4297
S21402B51014D80026484608F0FBF900233A46CDE93F
S21402B52000632146FF232846FFF7BCFD38B9B8F171
S21402B530000F04D0BB7A88F8003000E0012006B085
S21402B540BDE8F087043B012BDED908460EF020FA50
S21402B55010B31DB3022D31D1ECF796FDA042EDD902
S21402B560204B33F814204FF6FD739A4219E0BAF1D5
S21402B570000F32D01A4B1B78022B05D1FFF788FD3D
S21402B580B042E6D23820DAE7043B012BF6D9084669
S21402B5900EF0FEF90028F1D11620D0E74FF6F77329
S21402B5A09C42CBD8002EB4D03146002250460FF033
S21402B5B04EFC06460028ADD11920C0E7012DBDD1AC
S21402B5C004AA0DF10E01E0B203F0CCF9064B1B788B
S21402B5D0A342B3D9BDF80E20C5E72120AFE700BFCE
S21402B5E0F4660020385D00202D71002030B5104B27
S21402B5F087B005460C461868596803AA03C29868BD
S21402B6000C4910609A88DB8852BA23F04003ADF8E2
S21402B61012300023CDE90043ADF81020FF2309883D
S21402B62003AA0720ADF80E50FFF73CFD07B030BD69
S21402B630606000206C60002038B50C461146124A45
S21402B640124D108022682A6062686A60A268AA6048
S21402B650E288500616D5EA88520613D561B1002252
S21402B66018460FF0F4FB014650B16088FFF7BEFFA4
S21402B6700522074B1A7038BD084611F066FCF2E741
S21402B6801920F5E70220F6E76C60002060600020D3
S21402B690C36700202DE9F04F074689B010461546CD
S21402B6A01C468A4611F010FD0146284607F0B6FFF2
S21402B6B0064628460FF0B0FB043013F0F8FF80462B
S21402B6C00FF04AFD804550D0B2074ED1DFF8AC806D
S21402B6D0284605A9B8F800B011F0FCFD9DF819300F
S21402B6E0A8F8007003BBBDF81430EBB928460FF07B
S21402B6F093FB023013F0DBFF4FF6F773984294BFCA
S21402B7004FF000094FF0010901230134E4B22A4642
S21402B7103846CDF8009005A9039303F0C5FE039BB7
S21402B72040B901339C421ED20020A8F800B009B0EE
S21402B730BDE8F08F022CF8D1012BF6D10C4A0D4B46
S21402B740A3F800A01378591C11700B4A7F3B16F021
S21402B7500C01137007D1BDF81A305B0603D5BDF88D
S21402B7601600FFF743FF0223D1E70020DFE700BF02
S21402B770F2660020DE700020B26700206C600020B7
S21402B7802DE9F04FABB00F46ADF81E000FF044FBAC
S21402B79000F1020A0646504613F089FFBDF81E4025
S21402B7A00546204611F090FC0146204607F036FF7B
S21402B7B0814600F00308301D13F079FF434C2080C9
S21402B7C00FF0CAFCA8422DD04FF6F7739D4229D837
S21402B7D07378DA0726D4284611F046F830B10123EA
S21402B7E02946BDF81E202088FFF754FF0FF0B4FC50
S21402B7F0364B1B8883420FD1BDF81E40204611F0FF
S21402B80063FC0146204607F009FF10F00C0103D145
S21402B810BDF81E0001F0ACFD00222D4B1A602BB0C5
S21402B820BDE8F08F2B49BDF81E0011F053FD2A49E2
S21402B830BDF81E0011F092FC0028274B08BF00231B
S21402B840234ABDF81E0013600FF072FA234B1870DD
S21402B850BDF81E000FF071FA214B1870BDF81E00DD
S21402B8600FF076FA1F4B186000238DF82230002F57
S21402B8703ED0184BDB889B063AD50FF06DFC10B312
S21402B880194B1B689D071ED4B8F1010F14BF08237D
S21402B89018230DF12202009200220DF11E0011461D
S21402B8A000F0D6FB20B3B8F1010F9FD10F4B1B78E7
S21402B8B0112B9BD110F0FBFD002897D140F61D40BE
S21402B8C0F9F7E2FF92E70823E3E700BF6C60002087
S21402B8D06459002060600020AA670020A467002048
S21402B8E0A367002050590020C84A0020F4660020B2
S21402B8F0504613F0DCFE8246BDF81E0013F02EFA08
S21402B900A0F11005EDB22A4631460AA8EFF7DAFD95
S21402B910FF238DF82F304FF6F7739A4540F2DF80FB
S21402B920B8F1010F00F0E780B8F1020F00F046818F
S21402B930B8F1000F7FF45AAFA44DBDF81E00EB8895
S21402B940ADF8240004930FF067FABDF824600746AA
S21402B950304611F0B9FB0146304607F05FFE8DF81F
S21402B9602300B81C7E7813F0A2FE07460FF0F4FB05
S21402B97006F00106B4F8009003906C88002E7FF45F
S21402B98035AF4FF6F77A4246494657458CBF0620F2
S21402B990082013F055FEBDF824B0584611F094FB6B
S21402B9A05946024643460420CDF800800BF09FFA23
S21402B9B0574583460AD8B5F90620EB88002A05DBE8
S21402B9C0580603D541462046FFF710FEBBF1000F8E
S21402B9D03FF40CAF2B88002B5AD16B79002B57D132
S21402B9E04FF6F7730DF126019F42BDF8240094BF6F
S21402B9F04FF0000B4FF0010B10F03BFEDFF8D8A122
S21402BA0000F1FF38BAF800301FFA88F10593EB8888
S21402BA10BDF82600069307F001FE069B04990190E6
S21402BA20009322465B460598C1F340110DF0BDFF18
S21402BA3000283FF4DBAE042306200093BDF8261050
S21402BA40624B5FFA88F20BF052FA00283FF4CEAE51
S21402BA5048F202036A889A4205D1BDF82410BAF861
S21402BA60000000F08DFF594D09AA29460DF123006A
S21402BA700DF099FF034600287FF4B8AE2104BAF809
S21402BA800000BDF8242060D52346294610F006FEA5
S21402BA909DF823304D4D03F00C030C2B75D12889ED
S21402BAA010F0C7FD00283FF4A1AE039B00202989B1
S21402BAB04B4514BF0226032602F02CFE444B187098
S21402BAC04FF6F7739F42BDF8240075D8A4F13802EA
S21402BAD05342534132463D4904F066FC86E6B8F1CD
S21402BAE0020F6BD0394BB3F90630002B26DAB8F1C9
S21402BAF0010F7FF41DAF0FF02FFB238883423FF424
S21402BB0075AE0520BDF81E10FFF732FA00283FF486
S21402BB106DAE2E4AD3885B0607D50023CDE90033E7
S21402BB200A20FF232188FFF7BDFA3A469DF8223005
S21402BB302188BDF81E0002F023F957E629460AA816
S21402BB4000F070F80028D2D050E60221DFF88C8090
S21402BB5088F800102946CDF800B003F0A5FC132C97
S21402BB6096D0EB885D0493D41A4B1B78D80703D57E
S21402BB7098F80020022A8BD099077FF537AE98F8FE
S21402BB800030012B7FF432AE82E700222B79124876
S21402BB9000936B791146008802F0E4FD0C4B187096
S21402BBA09DF8233003F00C03082B89D1039B4B45E9
S21402BBB014BF0426052683E701238BE74846BDF813
S21402BBC01E20024901F048FB10E600BF606000201C
S21402BBD0C2670020956600206C600020B3670020D4
S21402BBE010B5002108480FF08DF9044650B1014601
S21402BBF00420FFF7BDF928B12046BDE81040012118
S21402BC00FFF7BEBD10BD00BF50600020034BFF21F2
S21402BC101A7803489200EFF7C5BA00BF2E710020CB
S21402BC20F046002070B5451804464FF0FF31AC428E
S21402BC3012D1104B10481A7805460023934211DBA6
S21402BC400E4C2078431CB3FBF2F602FB163345F883
S21402BC502010237000200CE014F8010BE0F7B6FA6F
S21402BC600146E4E750F8044BA14201D00133E5E770
S21402BC70012070BD2E710020F0460020B46700201F
S21402BC80042307B501200DEB0301054AF7F744FD2F
S21402BC90019B044A1B03136003B05DF804FB00BF5C
S21402BCA023E1110060590020014B1868704700BF5D
S21402BCB060590020014B1868704700BF6059002089
S21402BCC010B5064C2368C3F30B0313B90448E1F717
S21402BCD0EDF82068431C236010BD00BF60590020A9
S21402BCE023E111002DE9F04F93B003930023DDE921
S21402BCF01C79069399F8003083460DA804930E46E5
S21402BD0015460DF0C9FA99F8003013F003043ED038
S21402BD10039B0DF1250A8DF82430002208213846AF
S21402BD200FF0ACF9002870D028880FF075F899F853
S21402BD3000301C074CBF0430023013F0B8FC07A9D1
S21402BD408046F7F7D7FE9DF824300446980633D58A
S21402BD50288806F10D0111F08AF9A8B10023009394
S21402BD60384608232988721D13F0A2FD99F8003080
S21402BD7003F01803182B4AD1B8F1000F47D0A94B8D
S21402BD80B3F86830434542D040F60A4327E0288895
S21402BD90711D11F06CF90028F6D000940523324686
S21402BDA0298809A813F084FD9DF824300DF1240A91
S21402BDB003F018030393B0E714BB39464046F8F77E
S21402BDC085F90028D2D099F800309907DCD04023B4
S21402BDD022462146404610F00FFD40F6094399F8E8
S21402BDE0002012F0030440F0F780288803930EF038
S21402BDF076FF224601461A2013F022FC039BEBE054
S21402BE0007AB03CB38607960B0E74FF6FF780DF0EA
S21402BE10ADFD044620B104213846F7F793FE0446EA
S21402BE201E9B002B5AD009231E990DA88DF834307C
S21402BE300DF0ACFB209B0BB1209B0693039B002BC3
S21402BE4040F08E800DA8ECF7FDFD99F800309A07B9
S21402BE5000F09880FFF734FF5146024601200DF0AD
S21402BE60D1FD99F800309B0710D55946288811F065
S21402BE70F7F90BF1090350FA83F35FFA83FB59468D
S21402BE80288811F0C4F900EB0B06F6B299F80030D8
S21402BE9013F0C20F0AF104030DD09DF82420624964
S21402BEA042F020028DF824200A68CAF804204A6864
S21402BEB05A600AF10C03012209A800921B1A3246A4
S21402BEC029889BB213F0F4FC324659462846FEF700
S21402BED0DDFE002800F0A48000237DE01F9B5BB1FE
S21402BEE09E460DF1340CBEE80F00ACE80F00DEF8FB
S21402BEF00030CCF800309DE7049B594603F020033F
S21402BF002888049307F08AFB10F0030F0CBF012366
S21402BF1000230593049B059A003B18BF012342EABF
S21402BF20430300930DAA06AB38461F9900F01AFB8E
S21402BF30049A034682B1002880D0059B0DAA00937E
S21402BF40384606AB1F9900F00DFB034699F8002011
S21402BF5022F0200289F80020002B3FF46FAF3EE764
S21402BF60039B102B06D1BDF8363043F00103ADF823
S21402BF70363067E7039B182B4FD1BDF8363043F0B7
S21402BF800203F4E701200DF125010DF049FD99F8B1
S21402BF900030824613F0040F288821D1069B1BB37B
S21402BFA0002C35D00EF09BFE00220146162013F020
S21402BFB047FB84B17FB14FF6FF7398450BD0002341
S21402BFC00DA91A4638460DF001FC394640469DF842
S21402BFD035200DF0E3FC0123184613B0BDE8F08FC0
S21402BFE0002CDFD1104F01E0002CDBD100233246BB
S21402BFF0009359463B4610F0BBF800283FF4C4AE07
S21402C000002C3FF469AF069A0AF10103136063E756
S21402C0101B685345C6D80124E8E740F60A43DBE727
S21402C0201923D9E74858002077670020002307B570
S21402C030054A0648136004220DEB02010193E0F75D
S21402C04071FF03B05DF804FB6059002023E1110084
S21402C0502DE9F04F0446B1B000888DF82F30164611
S21402C0608A4611F031F801468146208811F0CFF851
S21402C07000EB0908208811F01CF900239DF82F50C8
S21402C0805FFA88F815F001070790ADF8363008D148
S21402C09001460DF13602208810F0A3FF08B1ADF874
S21402C0A0367016B9CDE90E660EAEFEF73BFB18B13A
S21402C0B045F020058DF82F500023CDE90333029377
S21402C0C00DF12F03CDE9006322465346414648460A
S21402C0D0FFF708FE0546002800F0CA809DF82F30BC
S21402C0E013F0010747D123F020038DF82F300FF00D
S21402C0F033F868B17C4A10AB1068516803C318461F
S21402C10000F002FA0546FEF70FFDBBB298423BD896
S21402C1103A9B13B100233A9A1370BDF83630CBB16E
S21402C1200121208812F036FE27880546002800F0F6
S21402C130CA800121384612F02DFEBDF8367005463B
S21402C140384612F00BFE002300903A46194628465F
S21402C15010F0CAFE0023CDE9033302930DF12F033C
S21402C160CDE900632246534641464846FFF7BAFDEC
S21402C170054600287CD00EF0EFFF002840F0BA807B
S21402C180284631B0BDE8F08F18AB14AA26A9F8B23B
S21402C1900DF071FB002840F09480082210A927A811
S21402C1A0EFF74CFB8346ADB19DF8A53013F0020FB6
S21402C1B008930FD0082212A927A8EFF73FFB48B929
S21402C1C0089B590706D53A9B13B101233A9A137076
S21402C1D0089507E03A9B002B61D1BBF1000F70D1A6
S21402C1E0002308930DF1740C14AB0FCB8CE80F00F0
S21402C1F0BDF83630CBB10121208812F0CBFDB4F861
S21402C20000B000284FD00121584612F0C3FDBDF8F9
S21402C210362083461046099212F0A0FD00231946E6
S21402C220099A0090584610F05FFE304B0DF1740BE1
S21402C2300493002303930DF12F03CDE900632246F6
S21402C240534641464846CDF808B0FFF74BFD002856
S21402C25037D1002D33D012AA5B464FF482714FF4C9
S21402C260005000F0D9F8089B13B126A80DF00FF97C
S21402C2700EF072FF88B11E4B1B689A070DD4FEF7AC
S21402C28051FA50B1184A18AB1068516803C300221D
S21402C29026A918A80FF049FE00BB002570E7002368
S21402C2A03A9A137099E7BDF836200A90104609921A
S21402C2B012F054FDDDE9092307990090B2E72A46F9
S21402C2C0CAE701371FE7BDF836B0584612F046FDFA
S21402C2D02B4600905A463846079939E726A918A8E9
S21402C2E00FF05FFED3E700BF8C1C0400C44A002098
S21402C2F0C84A00209DF82F3003F01103102B7FF45C
S21402C3003FAF3E4B1B78432B7FF43AAF3C4B1B6848
S21402C3105B067FF535AF208808F1050110F0A7FE11
S21402C320834600283FF42CAF4146208807F076F972
S21402C330344B10F0200F08BF1E4612A800F0E4F897
S21402C3400822314612A8EFF779FA002852D0314671
S21402C35012A80DF0E4FA012326AE0093324600231B
S21402C36014A912A800F0FEF800287FF409AF12AB59
S21402C3700DF12F07CDE90360029000932246534643
S21402C380414648460197FFF7ADFCA8B3BDF89A3080
S21402C390102043F0080318AA14A9ADF89A300FF03B
S21402C3A0A1FD00287FF4ECAE12ABCDE90360CDE927
S21402C3B0017000932246534641464846FFF792FCD8
S21402C3C0054600287FF4DCAE18AB4FF490710020CF
S21402C3D012AA00F021F84FF00051002010F01CF8CD
S21402C3E0BBF1000F3FF459AF4FF08051002010F020
S21402C3F013F852E78346AEE714ABE6E7F46600208E
S21402C400C84A0020B258002001461A230120014AD9
S21402C410F7F782B924E10100F0B5164691B0074657
S21402C42009A80D461C46FFF7EFFF3EB1336845F0FC
S21402C4304005CDF826307368CDF82A301B4B1A68B3
S21402C44022EA070242EA050119604B040DD5BDF83F
S21402C45024200B0A03F4E243C9B222F4E3420B435C
S21402C46022F07F021343ADF824301A230020104A2C
S21402C47009A9F7F751F9B4B104A80CF00DFF02238D
S21402C4806A468DF810301546234604F11006144607
S21402C49018685968083303C4B3422246F7D12946BE
S21402C4A004A80DF073F811B0F0BD00BFC84A002012
S21402C4B024E1010047F2FF10044B196841F4804260
S21402C4C0014041F480411A600FF0A6BFC84A00201E
S21402C4D000B589B0FEF7BCFB01A8FFF795FF094837
S21402C4E0BDF804200168130221F0FF0103F4E20301
S21402C4F00B43D2B2134343F48043036009B05DF8A2
S21402C50004FB00BFC84A002010B50C4B044618684E
S21402C51088B0830706D54FF0FF332360012063609F
S21402C52008B010BD10F04000FAD001A8FFF76CFF6B
S21402C530DDF806302360DDF80A30EFE7C84A00204F
S21402C54008B5074B02461B6813F0400305D1184690
S21402C5501946FFF761FF012008BD0020FCE700BF77
S21402C560C84A00202DE9F0479EB080460C461D467C
S21402C57091469DF898A0A2B1164630460CF08CFE65
S21402C5801AF0020F0FD004B917AC224631464046C5
S21402C59001AB0DF04EF90DB100232B601EB0BDE8C5
S21402C5A0F0870DAEE9E701AB3146404605AA0DF02D
S21402C5B00DF973780AF0010AFF2B26D0002840F006
S21402C5C0B68054B105AA09AF134603CBBB4220601E
S21402C5D061601A4604F10804F6D125B17278554B0B
S21402C5E003EB82032B60BAF1000F01D10020D5E7DE
S21402C5F0BDF80430D906F9D418204FF6FF717278C8
S21402C60013F01EF840F60E40C8E74B4F3DB10EF051
S21402C610A3FD10B13B689A072BD500232B603B681D
S21402C62003F03003102B01D0202B24D117A8FFF7DC
S21402C630EBFE082240460DF15E01EFF7FFF820B14F
S21402C6403B6803F04403402B15D0BAF1000F15D116
S21402C65009A80FF0E5FE02233370002C4CD1B9F185
S21402C660000FC3D00EF078FD60B3301DFFF74CFF0D
S21402C670BCE7324BD2E740F60A408FE73B68DB0363
S21402C680E6D509A80FF0CCFE0223337074BBB9F1CD
S21402C690000FB1D00EF060FDF0B1301DFFF734FF91
S21402C6A0AAE73B6803F08403842B2CD009AB0DAFBA
S21402C6B01A4603CABA4220606160134604F10804AF
S21402C6C0F6D105E025463B6803F08403842B28D088
S21402C6D0301DFFF719FF26E03B68012503F08403AF
S21402C6E0F4E73B68012503F08403DDE70EF034FD32
S21402C6F00028F6D00125D9E70EF02EFD05460028C3
S21402C700CFD00025D2E712A80CF0C6FD022312A84D
S21402C7108DF84830ECF796F9224608214046ECF7A9
S21402C720E9F810237380002D3FF460AF64E72D20F4
S21402C73034E700BF4C460020C84A0020C44A002006
S21402C74049B9084B197849B14EF66023594328B1C6
S21402C750054812F0D3BB41F28831F8E70248F6F7F3
S21402C76061BF00BF94660020144A002070B586B0F0
S21402C77005460EF0F1FC10B9022006B070BDF7F7C0
S21402C78045F80028F8D001A8FFF7BEFE06460028A6
S21402C790F2D08DB92E4B1C6814F0020406D02D4B35
S21402C7A01B78112BE8D12C4BB3F868404FF4816309
S21402C7B00221ADF80C3023E02846F7F70FFD0028DB
S21402C7C0DAD1234B1C6814F0020406D0214B1B78E6
S21402C7D0112BD1D1204BB3F868400822294601A874
S21402C7E0EFF72CF80028E1D04FF4027300260A2156
S21402C7F0ADF80C302B68CDF80E306B68CDF81230E1
S21402C800002203A80EF023FB024608B91920B4E75B
S21402C8100F4B196801F03003102B17D0202B14BFD2
S21402C82001230323490001F004010B4320460021A3
S21402C83001F09AF80028E9D000210120FFF780FFD6
S21402C84016B10122054B1A70002096E70323E9E78A
S21402C850C84A0020F466002048580020A967002035
S21402C86030B5002585B0CDE90055F6F7DBFE0EF0B3
S21402C87073FC1E4C60B905F0AFFF0D25002108467B
S21402C8802170FFF75DFF294668460CF061FC18E050
S21402C89023784BB3164917480A780078904223D972
S21402C8A00132012B0A700ED12A464FF4A071284697
S21402C8B002F012FDC0B2B8B941F288310E4812F049
S21402C8C01DFB05B030BD022B09D1284602A9F7F799
S21402C8D0FDFB0028EED102A8FFF748FFEAE7032B8C
S21402C8E002D101F0FBF9E5E70425C7E7B5670020AA
S21402C8F0B66700206A710020144A002070B51B4AF1
S21402C9001B4D04465168106886B02E7801AB03C3EF
S21402C9101EB10224204606B070BDF6F7CFFF0228ED
S21402C920F7D10EF019FC0028F3D003A800F03AFE67
S21402C930082201A90DF10E00EEF780FFA0B10D4B03
S21402C94032464FF4A07130461C7002F0C5FC044615
S21402C9500028DFD10123084A41F2883107482B70AC
S21402C960137012F0CBFAD5E72324D3E7D7DF0400FF
S21402C970B56700206A710020B6670020144A0020BE
S21402C980F0B50C4600219BB02B4F0646492207A85D
S21402C9900691EEF707FC3B78012B34D19EBB0DF1D6
S21402C9A00E0120460FF065FE0546BDF80E0012F099
S21402C9B0D5F9441BE4B2BDF80E1023462A4600966B
S21402C9C006A812F075FF304604A9F7F77FFBD0B928
S21402C9D0CCB19DF81920B2B9BDF8233003F47E43DA
S21402C9E0B3F5285F1ED3B3F5385F0ED31349BDF8EF
S21402C9F00E000B6843F400030B6029460CF0A9FFF7
S21402CA0018B104233B701BB0F0BD01220C4B04A8E6
S21402CA101A70FFF7ABFE41F288310A4812F06EFA3E
S21402CA200223EFE711463A70FFF78AFE1E2104A89A
S21402CA300CF08EFBE7E700BFB5670020C84A00206F
S21402CA40B6670020144A0020014B1870704700BFDA
S21402CA50B6670020014B1878704700BFB567002004
S21402CA60014B1870704700BFB56700202DE9F04FE4
S21402CA700446408891B00E298846ADF81A0079D04F
S21402CA8094F80890A7790EF0C7F909A90546BDF8EB
S21402CA901A00E67910F01EFCBDF81A000EF0AFF888
S21402CAA0420542BFBDF82A3043F40053ADF82A309F
S21402CAB0E379DB0642BFBDF82A3043F48053ADF873
S21402CAC02A30BDF82A30980613D5022F57D10CA962
S21402CAD0207A0FF06FFDDDF83500DDF8391007AB70
S21402CAE003C307AA0021042300910DF11A00FFF7E1
S21402CAF0AFFA0121BDF81A0012F04CF9022F824655
S21402CB0049D1474B33F81950B8F1000F7ED0BDF823
S21402CB102A2051067AD54FF6FB739D4276D8414BB2
S21402CB201B78033B012B04D83F4BB3F86830AB426B
S21402CB306CD0D30502D528460FF01EFFBDF82A306A
S21402CB40D80463D5002F33D1BDF81A000EF057F87B
S21402CB50C10663D548F23403BDF826209A4209D1AD
S21402CB60324E3078FF2805D003222946FBF782FB97
S21402CB70FF2333700023236011B0BDE8F08F012F2E
S21402CB8001BF237A2A4A03EB430302EB830314BF53
S21402CB9000229A1CA6E7012F05D10C2303FB09F3FA
S21402CBA0234AD55AB0E7A81C12F081FD0546ABE72A
S21402CBB0284601F0F7FEBDF81A000EF020F8C2066D
S21402CBC0C8D463895046059312F0C8F88346504687
S21402CBD012F0A8F8059B02905FFA8BF04A46394697
S21402CBE001900093404609AB0CF04AFAB8F1000FE8
S21402CBF014BF0B20092016F0030218BF02F1FF3201
S21402CC00294618BFD2B212F01BFDA3E7BDF81A00E0
S21402CC100DF0F5FFC3069DD4002FD2D1A946D0E76A
S21402CC20385D0020F5660020485800206E7100200E
S21402CC30785C002038B500240F4B104D2A78A242AB
S21402CC4005D8C2B9BDE838400D48F6F7EBBC59889E
S21402CC5069B9013AD2B2A2422A70EFD0121B184624
S21402CC6003F110011201EEF7EFFA0346E6E701348C
S21402CC701033E4B2E2E738BD50460020B967002020
S21402CC80F86F002070B51A4B1A4A1D780023DCB2E2
S21402CC90A54200D870BD144666880133864202F16A
S21402CCA01002F4D1E379A588E16003F040028DB961
S21402CCB0CAB123F00403E3710EF0AEF8037803F072
S21402CCC07F03037021880029E4D1BDE870400A483A
S21402CCD012F014B900216580A180002AE9D1BDE8CE
S21402CCE07040FFF7A7BF2046FFF7C0FEF7E700BF7A
S21402CCF0B967002050460020F86F00202DE9F04763
S21402CD00044686B040880F4615460EF085F8A3798D
S21402CD108046082B52D8DFE803F0052E18515151F1
S21402CD2051510500023012F0C2FC002D4ED0694669
S21402CD30F7F7CCF9002841D1684601F0DDFEB0FADB
S21402CD4080F0400906B0BDE8F08702A9207A0FF00D
S21402CD5031FC6B466E46DDF80D00DDF81110334AE5
S21402CD6003C3237A32F81390314AD05C75B1314648
S21402CD700FF044FCE6E7237A2E4903EB430301EB6C
S21402CD80830231F82390907A961CEFE74FF6FB7AEF
S21402CD90D14515D9304603F0ADFF4FF6FF739842E2
S21402CDA0054615D00146304601F018FE554508D90D
S21402CDB0E379DA060ED440F62243E3600020C1E7A8
S21402CDC04D46294608F1020012F073FC0120B9E72D
S21402CDD04D46EDE74FF6FC78454512D103F00C03BD
S21402CDE00C2B1CD1DFB130464FF6FD7101F0F6FD7B
S21402CDF040F61F412046E160FFF738FEFFF71AFFB4
S21402CE00DCE74FF6FD739D4209D1002330461946F2
S21402CE101A4602F02DFB4146304601F0DFFDE3796B
S21402CE2043F00C03E37140F62343C6E7385D002067
S21402CE30A0660020785C002073B5044640880E4643
S21402CE400DF0EAFF023012F032FC0CF0A1FD18B130
S21402CE50A11C201D0CF0A1FDE6B1E5790135EDB26D
S21402CE60E57115F0400514D0EBF708F901220546E6
S21402CE7000212046FFF742FF18B1394B1B882B448E
S21402CE809DB2384B1B78042B01BF354B1B885B19B0
S21402CE909DB22580002231462046FFF72FFF20B3A1
S21402CEA060880DF0B9FFE2792F4922F00C03E37196
S21402CEB00B7805460133DBB20B70C3712B4BA61CF5
S21402CEC01B780BB3E37998061ED52949097871B108
S21402CED059060CD592070AD500220423114630467D
S21402CEE00092FFF7B5F810B1E06002B070BD002204
S21402CEF00123114630460092FFF7AAF820B1E379E3
S21402CF0043F00303E371EFE730460CF044FD0028DC
S21402CF10EAD16088FBF77EFD0328E6D8DFE800F05A
S21402CF20020D1D19E37943F00403E3711B06DCD5F9
S21402CF30104B1A78104B1A70D7E740F62443E3607A
S21402CF40E37943F00803E3712B7803F07F032B7039
S21402CF50CBE740F62543E360C7E740F62643FAE709
S21402CF60B6700020F5660020F2660020F06600200B
S21402CF706B71002098660020B86700202DE9F74FF5
S21402CF80064612F0AAFA5F4B0546B3F800901880E0
S21402CF905D4BA0EB09041B78A4B2A34298BF002302
S21402CFA04FF000084FF6FF7788BF1B1B564A88BF14
S21402CFB0DBB21370DFF864B1A9EB00030093534BA6
S21402CFC05FFA88F2197891420ED80EB1FFF732FE58
S21402CFD04FF6FF739F4200F08E8039464C4803B0EE
S21402CFE0BDE8F04F11F08ABFBBF80220002A3CD001
S21402CFF0484B9BF807201878BBF800A0042818D0E6
S21402D0000020BAF1000F08BFA2462044504523D2A2
S21402D010BBF80010009B1944ABF80010002E4ED04F
S21402D02002F04802482A4AD100215846FFF704FF78
S21402D03045E00192F6F790FF30F01003019ADFD137
S21402D040FAF702FD344B019AB3F800C08445D7D9EB
S21402D050ACEB000080B2D4E702F00C00042807D143
S21402D0600022ABF800200BF1100B08F10108A6E72E
S21402D070510602F0030C02F008000ED528B3BCF1EC
S21402D080030F25D1DEB1DBF80C105846002908BF85
S21402D0904FF44261FFF7EAFC11E040B3BCF1010F26
S21402D0A025D11206EED44FF4C862ABF800209BF8E6
S21402D0B0072022F0030242F002028BF80720BBF898
S21402D0C00020974228BF1746CDE703208445D9D2D1
S21402D0D013060ED50C4B1A780AEB0200844208DAC5
S21402D0E04A44521B0AEB0201ABF80010E7E70120A4
S21402D0F0ECE7012199E7064803B0BDE8F04FF6F7E2
S21402D10091BA00BF56600020B8670020B9670020B9
S21402D110F86F0020F5660020B6700020504600200A
S21402D120F8B500250A4E0B4F3378ECB2A34204D86A
S21402D130BDE8F8400848F5F785BF07EB0414A01CC5
S21402D140F5F780FF201DF5F77DFF0135ECE700BF00
S21402D150B9670020504600204C60002070B50024BD
S21402D1600B4D0C4E2B78A34208D81B1BDBB22B7040
S21402D1706BB9BDE870400848F6F754BA06EB0410DF
S21402D18040F621410134FFF771FCE4B2EAE770BDD4
S21402D190B967002050460020F86F00202DE9F041C4
S21402D1A0002506462F46114CDFF8448098F80020EA
S21402D1B0EBB29A4203D8BDE8F041FFF73BBD608868
S21402D1C00DF02AFE023012F072FAB0420AD16088DE
S21402D1D0F8F74AFA00230E211846628803F086F909
S21402D1E02780678010340135E0E700BF50460020F4
S21402D1F0B9670020F8B5154EDFF858E035789EF886
S21402D20000E0134FAE454FEA051C07EB051419D094
S21402D210002503F4835343EA1323A1712272E371B8
S21402D220608027F80C50A58006F078FB40F6024393
S21402D230E36033786081013328463370FFF79EFE41
S21402D2402846F8BD40F60340FBE700BFB96700205A
S21402D250504600202C7100202DE9F04F344B0D462D
S21402D2601C78174685B05CB9B1F90680DFF8C8901D
S21402D270DFF8C8A0DFF8C8B099F80030A34202D899
S21402D28005B0BDE8F08F0AEB0416B08800B97088C6
S21402D29001A910F01FF8AA7A9DF80E309A4244D1DE
S21402D2A0B8F1000F0FDA297A9DF80C202B899142EB
S21402D2B009D8204800780844824236DA521A1B0AF5
S21402D2C01341D90731D538460FF0F3FFBDF80A30BF
S21402D2D004469A0602D5EB889B06D1D5F37903F06D
S21402D2E00C03042B08D17088F8F7BEF90023728865
S21402D2F01946184603F0FAF800213046FFF7B6FB47
S21402D300FFF798FC384611F029FD844208D2337A9A
S21402D31001228BF8003029460023384603F044F8F1
S21402D320B8F1000FACDA0024A6E70134E4B2A3E7B2
S21402D330B76700202B710020B967002050460020F6
S21402D340C267002008B512F0C8F8074B1B88C01A3F
S21402D35080B2B0F5807F05D9BDE8084000210348B9
S21402D36011F0CCBD08BD00BF56600020F86F00204B
S21402D3702DE9F04788B004460D460FF0A5FE01469B
S21402D380204606F04BF910F0030340F0848010F0BC
S21402D3900C0F06D12946204608B0BDE8F047FFF735
S21402D3A071BC20460DF02BFCC10659D420460FF066
S21402D3B08BFE0146204606F031F9074620460DF060
S21402D3C02BFD0646023012F072F905A98046204669
S21402D3D007F00C0796F806A00FF07CFF73780C2F68
S21402D3E00CBF03270627012113F0010F204618BFA2
S21402D3F0032711F0CFFC2B4B81461B78033B012BF6
S21402D4001DD9BAF1010F1AD94FF6F773984502D80B
S21402D410337A1F2B13D9301D12F049F9F17982465F
S21402D4200EF000F906465046F7F726FDDEB17368A1
S21402D4305A1C04D0834340F6284308BF1D461A4BA5
S21402D4401B88A34212D1B5FA85F04009FAF7A6FD69
S21402D45020460DF002FC00220146072012F0F0F8EA
S21402D46008B0BDE8F08740F62845E8E706F056FA29
S21402D4708246484611F072FC0646484611F052FCB7
S21402D480F6B20290424639462846CDE900A605ABDA
S21402D4900BF0F6FDDCE7012BE2D110F00C0FDFD12A
S21402D4A078E700BFF56600204C600020002210B529
S21402D4B0094B1C78094BD1B28C4201D8002010BD12
S21402D4C0197A814202D19979022902D010330132A7
S21402D4D0F1E70120F3E700BFB967002050460020BD
S21402D4E00146002210B5084B1C78084BD0B2844285
S21402D4F001D8002010BD187A884202D198790128F6
S21402D500F8D010330132F1E7B96700205046002008
S21402D510002210B40A4B1C780A4BD1B28C4203D8B4
S21402D5205DF8044BFFF786BB197A814205D19979DB
S21402D530012902BF00211980598010330132ECE71D
S21402D540B967002050460020044B1B6813F0300FCA
S21402D55003D0202130200EF05FBF7047C84A00205B
S21402D560002310B5044608491A4601EA00414FF066
S21402D5707F60FEF751FFE30703D5002130200EF04F
S21402D5804BFF002010BD00BF00007207044B5B88F3
S21402D59023F4784323F08D0303800020704700BFF6
S21402D5A0C84A002008B500220346C3F80220C3F882
S21402D5B006200B4A02301268D1B212F0200F18BFB2
S21402D5C041F010011980930701D4FEF79DFF054B29
S21402D5D01B78023B032B8CBF1720002008BD00BF20
S21402D5E0C84A0020F466002038B505460C46FDF70A
S21402D5F02FFB98B10E4B187878B10E4B1B681A04A5
S21402D6000FD58CB113F0420F00D17DB103F44073F5
S21402D610B3F5407F0CBF0020232038BD40F60840FB
S21402D620FBE740F60B40F8E72046F6E72320F4E750
S21402D630F0660020C84A0020F0B504468DB007A860
S21402D6400D4616460BF028FE1022002103A8EDF721
S21402D650A9FD5CB1234603AC03F110072246186805
S21402D6605968083303C2BB421446F7D1012703A9FF
S21402D67086EA070307A88DF81C708DF81D300BF09C
S21402D68076FF80EA070401A8E4B2EBF739FAB6B1EE
S21402D69001A88DF80650EBF75FFA64B1002303A9E0
S21402D6A007A88DF81D300BF071FF0C4B1B78432B2F
S21402D6B001D1F7F7CFFC0A4B1D700DB0F0BD01A8E3
S21402D6C08DF80750EBF748FA002CF6D003A907A806
S21402D6D08DF81D700BF05AFFEFE700BFF4660020CE
S21402D6E0EF660020F0B5012593B007460DA80C465C
S21402D6F00BF0D2FD05A90DA8ADF834500BF061FF72
S21402D70001A8EBF7FDF909A90DA88DF835509DF88B
S21402D71006600BF056FF0DA89DF807500BF0E7FECB
S21402D72070BB731BDBB2802B28D91FB1A64225D053
S21402D730A54223D105A90DA80BF028FF03A8EBF7F5
S21402D740DFF903A88DF80F60EBF706FA01222946E7
S21402D75009A8FFF771FFF7F733FD01214FF40070B8
S21402D76003F0E6FDFDF75CFAB0F1004F01D9FDF7D4
S21402D7705DFA044B18780BF0E9FC012013B0F0BDFB
S21402D7800020FBE7EF66002070B50E4614460546FD
S21402D7900320FFF765F946F00402294620460BF0FF
S21402D7A04FFF0022014B1A6070BD00BFC44A002022
S21402D7B0F0B587B0078805461022002102A8EDF7CB
S21402D7C0F1FC3E4B1B78002B76D1BC055ED407F0ED
S21402D7D08403842B63D00022394C11461046FFF78F
S21402D7E02BFF17F4045F276005F102061CD0B9046C
S21402D7F00AD5304605F0A4F900284ED1236823F452
S21402D800005343F48073236030460EF093FE0028E4
S21402D81042D10BF03DFD18B9236843F480332360F0
S21402D820236843F02003236022680DF1060042F4C9
S21402D83000432360FFF7AAFE12F4805FBDF80630AD
S21402D84031D043F02003ADF806302168334611F09C
S21402D850400218BF05F123024FF07F60FEF7DCFDA1
S21402D860BDF80630DA0703D5002130200EF0D4FDCD
S21402D87023689B0506D5012295F8221005F11200B1
S21402D880FFF7DAFE00200F4B186006E005F11200E3
S21402D8900EF050FE00289AD0292007B0F0BDB80737
S21402D8A099D52320F9E723F02003ADF80630FDF7DB
S21402D8B0BDF9FEF7BBFBC8E70220EEE7F4660020E0
S21402D8C0C84A0020C44A002008B5054B1B7833B16D
S21402D8D0FFF73AFEBDE808400248FEF731BE08BD33
S21402D8E0F06600207767002010B5154B1B78D3B181
S21402D8F0144B1B78033B012B15D900200FF0DDF8E3
S21402D900044698B1EAF7EAFB237913F0300F0AD1FE
S21402D91048B1012803F0CF0206D0811E4B424B418C
S21402D9205B011343237110BD1023FAE7F7F7DAF809
S21402D9300028F8D021462046BDE8104004F096B8EC
S21402D940F0660020F566002008B50DF005FC054BD4
S21402D95018B91868C0F3800008BD1868C0F30050F4
S21402D960FAE700BFC84A00202DE9F04F064689466E
S21402D9701046002189B01546984605F04FFE10283D
S21402D98007460AD86A4B0341DB0706D4C8F34004AD
S21402D9909DB9002009B0BDE8F08F664B1C78002CBC
S21402D9A0F6D0FFF7D1FF00280CBF4FF4F0744FF407
S21402D9B0D074FC4004F00104EAE74FF0000A18F0C5
S21402D9C0010F5346524629464FF00500CDF800A0F7
S21402D9D00CBF4FF0080B4FF4027B09F0ABFA00289D
S21402D9E0D7D0C8233246009359465346284605F0F8
S21402D9F03DFEADF80E000028CBD018F0080A4AD13A
S21402DA004FF6F773A7F10F02D2B29E428CBF0923DC
S21402DA100123012A01D843F04003474A8DF810300B
S21402DA201378591C11708DF81130002C4FD09DF8C8
S21402DA301030052F43F020038DF8103033D03F4BC3
S21402DA401D78002D5AD04FF6F77300259E424FF0F0
S21402DA500F0248D9012304A90DF10E00F5F736FD91
S21402DA60002896D1002C4DD1BAF1000133463A4631
S21402DA7018BF0121BDF80E00CDF800900BF092FF02
S21402DA80ADF80E00002884D018F0040F4DD03146B1
S21402DA900DF097FF7EE749460DF10E0005F02AF8D5
S21402DAA00028ADD175E70121BDF80E0011F072F91C
S21402DAB0012105F0B3FD0123834013F0620F1CD150
S21402DAC01E4B1B78E3B14FF6F7731825BEE71B4BC8
S21402DAD025461B780222002BBCD04FF6F7739E42D7
S21402DAE0B8D8052FB6D0BAF1000FB3D19DF81030D2
S21402DAF043F040038DF81030ACE710250F22A9E75B
S21402DB001825FBE7BAF1000F0AD002234A46009016
S21402DB1029460DF10E00FEF79BFA0028A4D038E73E
S21402DB2041235246CDF800A0F2E70DF034FF31E76C
S21402DB309FFEFEFFF0660020F1660020E2660020EF
S21402DB402DE9DF431E46144B80461B680F469B0793
S21402DB5091460A9C1BD4204614B10BF00BFFC0B2B0
S21402DB600622CDE902403B460020CDE900890B495A
S21402DB700FF02AFA024650B10021002E0CBF0123F4
S21402DB800323084604B0BDE8D043FFF7EDBE0020ED
S21402DB9004B0BDE8D08300BFC84A00203293040018
S21402DBA02DE9F04F8DB081468A461F4693469DF872
S21402DBB05C803AB903A8FEF7A7FCB0BB00200DB004
S21402DBC0BDE8F08F15460022232110460DF03FF9DE
S21402DBD0ADF80A000028F1D011F0A4F80523044697
S21402DBE018F0100F00F8023B677020D011220021B7
S21402DBF0EDF7D8FA04F11306032F4FF0080237D1D7
S21402DC0059463046EDF720FBC8F3801306F10905A6
S21402DC1033720BF0ABFE00283ED000232B706B70E5
S21402DC200123033505F8013C36E003ADCBE70126B8
S21402DC3010221699EDF708FB06FA07F313F0620FA7
S21402DC4002D104F11206D7E707A80BF025FB05A8B8
S21402DC508DF81C60EAF754FF9DF8162018F0200F86
S21402DC609DF8173008BF134604F11306A374C3E7E2
S21402DC7051463046EDF7E8FA012306F10802121B78
S21402DC8028460093BDF80A10082392B211F010FE3F
S21402DC90042F06F11005BCD02D1BA9B20DF10A0007
S21402DCA00FF0FAF8002889D118F0040F0BD0484676
S21402DCB011F058FAFF281FBF074A32F8103023F433
S21402DCC0804322F81030434651464846BDF80A20A3
S21402DCD0FFF74AFE73E700BFE05F002070B5032639
S21402DCE090B08DF807600DF037FA18B90224204676
S21402DCF010B070BDF5F78AFD0028F7D002AD2846B1
S21402DD00FEF702FC0028F1D01B4B1C6814F002043C
S21402DD10ECD140F20F43194AADF82430136804A838
S21402DD20CDF826305368CDF82A300BF0B5FA95E8D0
S21402DD30030005AB83E80300062304A88DF81D3014
S21402DD408DF81060EAF77EFE01210DF12E020DF12C
S21402DD500700EAF7CFFD22461A2109A80DF077F848
S21402DD60024608B91924C2E7012329462046FFF7CE
S21402DD70FBFD0028BBD1F5E7C84A002077670020E4
S21402DD802DE9F04F06460F46002199B01F2210A833
S21402DD9003930F91EDF706FA30460FF095F9014618
S21402DDA0304605F03BFC8DF81B0030460DF034F88B
S21402DDB09DF81B3045788146C5F3400598063046E7
S21402DDC048BF45F002050FF074FA0446304610F0DC
S21402DDD0C5FF0023001B5FFA80FA00935346232BED
S21402DDE028BF2323224631460FA811F061FD0028E2
S21402DDF040D19E4B9DF83C801B789DF83DB0002B91
S21402DE003BD0FFF7A1FD00280CBF4FF4F0734FF490
S21402DE10D07323FA08F3D9072FD5AA072DD4B8F161
S21402DE20080F24D1BBF1040F24D1FAF797FD08BBE3
S21402DE30012322460093314605200DF11B0309F00B
S21402DE4056F8B8B1A8F10508B8F10D0F12D8DFE8F8
S21402DE5018F02800A001C701EC01F501110011001D
S21402DE6011001100FB019D02A902D702D702B8F1E8
S21402DE70050F08D019B0BDE8F08FB8F1100F05D124
S21402DE80039B002BF6D0FAF769FDD1E7FAF766FD99
S21402DE900028CDD0B8F1050FCAD0B8F1110FC7D0FF
S21402DEA0E8E7BBF1050FE5D830460CF018FF059001
S21402DEB009F1020011F0FBFB81460DF11E00FFF78F
S21402DEC065FB01239DF83D70BB4013F0620303938C
S21402DED005D0BDF81E309B0701D5AE07CAD50DF09A
S21402DEE03BF90028C6D0FAF739FD08B9002DC1D093
S21402DEF00DF13E0A50460EF01DFB039B0490BBB18B
S21402DF00032F9DF84EB01AD10DF14F040DF024F9EF
S21402DF10814540F01781032DACD19DF8561052462C
S21402DF20003918BF01210DF14E000BF048FDA1E7A4
S21402DF30032FDDF80CB07BD10DF14E04E6E74C4B17
S21402DF401B689C0729D5FF2208210DF157000DF00A
S21402DF5095F8804608BB034601460DF1570202209B
S21402DF60FEF75AFA0DF0F8F881450DF157060DF155
S21402DF704F0422D04FF6F773994540F2E88000220C
S21402DF80082120460DF07AF8002800F0E0800022F2
S21402DF9059465046FFF750FB6CE70DF157060DF158
S21402DFA04F0430460EF060FA002846D00DF0D4F842
S21402DFB0814540F0C8804FF000082046F6F70EF97B
S21402DFC0002800F0C080012F58D0042F7FF452AFF3
S21402DFD00EF06DFA10B1032D7FF44CAF049B002BAC
S21402DFE07FF448AF324602215046FFF7CDFB214B65
S21402DFF01B7863B1FFF772FEFEF72CFD022806D1EE
S21402E0000120FEF721FD01210846FEF799FB1A4B77
S21402E0101B78022B1FD1032130460BF099F8FEF72E
S21402E02019FD014600287FF425AFFEF789FB21E79C
S21402E0300DF156060DF14E04B3E70F4B1B78432B3A
S21402E0407FF418AF012F7FF415AF0DF085F88145E8
S21402E05079D1B846B1E7412B7FF40CAF044B1B686D
S21402E06058057FF507AFF8F761FC03E7F066002076
S21402E070C84A0020A9670020F4660020B64C237820
S21402E080022B22D02378412B3FF4F4AE049B33B903
S21402E090FAF764FC594602465046FFF7CDFAFAF7FD
S21402E0A05DFC00283FF4E6AE0EF001FAAB4F98B1E5
S21402E0B03B681A0502D42378432B0DD1AB070BD449
S21402E0C040F61A40F7F7E0FBD4E60EF0F0F9002827
S21402E0D0D8D0A907D6D4CDE6386810F0020002D10F
S21402E0E0059903F0C3FC2378112B16D13B685F0514
S21402E0F013D50020FEF73AFB044600287FF4BAAE9A
S21402E1000DF002FB40F61C40F7F7BEFB2146204608
S21402E110FEF716FBF7F7C4FBACE6AC0701D5FFF734
S21402E12013FAB8F1000F9ED00BF0B2F818B94FF4FC
S21402E13080310EF071F90022894B30461A600EF0DB
S21402E1408AF990E70026039B002B7FF413AF4FF665
S21402E150FF73204608A9ADF82030F5F791FF20B1ED
S21402E16020460CF0D4FFADF820004FF6FF73BDF842
S21402E170200098423FF47EAE049B3246002B0CBF32
S21402E180042315232146CDE900A33B46FFF708FDED
S21402E19070E60CF0E1FF00287FF46CAE714B1B7842
S21402E1A0002B3FF467AEA80704D46C4B1B6899019A
S21402E1B03FF560AEBAF10C0F0DF1450094BF002496
S21402E1C012AC11F074FA02469DF8470003283FF697
S21402E1D051AE394600940DF13D0304F00BFA49E6C0
S21402E1E00DF13D00F5F7FAFF28B10222394600206C
S21402E1F0FAF740F83EE65C4B1B78013B012B3FF6F4
S21402E20039AE0DF13D0002F075FD4FF6FF739842F0
S21402E210044606D10DF13D000CF079FFA0423FF412
S21402E22029AE0021FAF736F924E6EA077FF522AE90
S21402E2302A4638460FA904F0DBFA1BE69DF83D1085
S21402E2400120FFF74FFA15E6474B1B78013B012BDF
S21402E2503FF610AEEB077FF50DAE0DF13D0002F076
S21402E26049FD4FF6FF7398420546804640F080808F
S21402E2700DF13D000CF04BFF40450546074677D1B1
S21402E2800DF13D00F6F71CFCB84205463FF4F2AD30
S21402E290304610F063FD00220934E4B2071BFFB2D9
S21402E2A0394610460CF0D3FDADF81C0000283FF4AA
S21402E2B0E1AD4FF0010900232A460821CDF800906F
S21402E2C005F0D4F9ADF81E0000283FF4D3AD214680
S21402E2D030460EF0C5FF4FF0000A80461622514621
S21402E2E009A8CDF820A0ECF75DFF4346224631464A
S21402E2F0CDF800A008A811F0DBFA4B46424608A962
S21402E3000DF11E00F5F7E2F800287FF4B3ADA7EB97
S21402E3100807FFB2394607A80EF0BEFD284610F0E1
S21402E32021FFFF2818BF114A444418BF32F81030A4
S21402E330E4B21CBF23F4804322F81030BDF81C0060
S21402E34023463246002100970EF0CEFD2946BDF840
S21402E3501E000DF036FB8DE5F4660020C84A00204C
S21402E360C44A0020F0660020F5660020E05F002028
S21402E370284610F0F7FEFF28074689D0F6F7C6FDB6
S21402E380002885D0384603F099F881E71E4B1B78A3
S21402E390013B012B3FF66EAD2A4638460FA9FCF725
S21402E3A0C9F967E5194B1B78022B20D1002F7FF4A1
S21402E3B061AD08A8FEF7A8F800283FF45BAD144B41
S21402E3C01F709DF83D30002B14BF64246524FEF7B1
S21402E3D041FB032806D138463946FEF7B1F93846DE
S21402E3E0FEF73EFB214608A80AF0B2FE42E5043BD1
S21402E3F0012BDBD938460BF0CBFA0028D6D139E50B
S21402E40030460BF0C7FA35E5F5660020F4660020C4
S21402E410A96700202DE9F34105460E4617469846A1
S21402E4200EF045F8044640B101233A4631462846E6
S21402E430CDF80080FFF784FB04460EF038F830B1C2
S21402E440FFF782FA78B10A4B1B689B010BD40023B4
S21402E4503A4631462846CDF80080FFF771FB002C7D
S21402E4600CBF0446012404F0010002B0BDE8F081AE
S21402E470C84A002070B58AB005A80AF00DFF02232C
S21402E48001AA15468DF81430084B03F110061446FF
S21402E49018685968083303C4B3422246F7D129469E
S21402E4A005A80BF064F80AB070BD00BFDFDF0400F9
S21402E4B0014B1878704700BF6C710020014B18881A
S21402E4C0704700BFE07000204FF6FF732DE9F0435F
S21402E4D0994280460D4685B00BD000274FF6FD794F
S21402E4E01C4EE9F7D1FDFCB2A0420BD84FF6FF70E6
S21402E4F01DE0F5F773FE0028EFD005B0BDE8F04347
S21402E5000CF02ABE36F814304B4517D8694620461A
S21402E5100EF014F8082241460DF10500EDF78EF9CB
S21402E5204FF6FF7360B99D4204D136F8140005B069
S21402E530BDE8F08326F814500DF0C9FF0137D0E786
S21402E5409D42FBD036F81430AB4208BF26F8149032
S21402E550F4E700BF385D00202DE9FF4706460F4668
S21402E56000254FF6FD79DFF83C80DFF83CA0E9F79E
S21402E5708BFDECB2A04202D804B0BDE8F08738F8B2
S21402E58014304B450CD8694620460DF0D7FF0822BA
S21402E59031460DF10500EDF751F908B90AF8047095
S21402E5A00135E4E7385D0020A0660020014B33F811
S21402E5B010007047385D0020F0B5064600250D4F66
S21402E5C085B0E9F761FDECB2A04201D805B0F0BD16
S21402E5D037F81430B3420BD1694620460DF0EAFFF5
S21402E5E09DF80030022B1CBF4FF6FD7327F814303F
S21402E5F00135E6E7385D002030B585B004460D46A5
S21402E600E9F742FDA0420FD9084B33F814204FF623
S21402E610FD739A4208D8694620460DF0CBFF29467C
S21402E6200DF10500FFF750FF05B030BD385D002044
S21402E63030B585B00446E9F727FDA04219D9204631
S21402E640FEF734FF0546B0B9694620460DF076FF60
S21402E6509DF800302BB1694620468DF800500DF02B
S21402E6608BFF4FF6FF720020044B23F8142005B0F0
S21402E67030BD2820FBE740F60440F8E7385D00206E
S21402E6802DE9F0410B7805460E461BB9BDE8F04170
S21402E690FFF7CEBFE9F7F8FCA84231D92846FEF7C5
S21402E6A005FF78BB374617F8058B4FF6FF713846DD
S21402E6B0FFF70AFF0446384600F01EFAB0FA80F06A
S21402E6C04009B8F1000F15D0B8F1030F15D04FF678
S21402E6D0FF724FF6FD73944208BF1C460B4B314641
S21402E6E023F815400A4B585528460DF045FF0020E2
S21402E6F0BDE8F0814FF6FF74F0E74FF6FE74EDE7E3
S21402E7002820F5E740F60440F2E700BF385D002017
S21402E710A06600202DE9FF410D4604464FF6FE781E
S21402E7200F4F0E0AE9F7B0FCA04204D8FF24204699
S21402E73004B0BDE8F08137F8143043450CD1694681
S21402E74020460DF0FBFE9DF80520EBB29A4203D15F
S21402E7509DF80630B342EAD00134E4B2E2E700BFE5
S21402E760385D00202DE9F04F0C46174698460025E6
S21402E7704FF6FD7B87B09DF840A0DFF85C900190D5
S21402E780E9F782FCEEB2B04201D8FF2616E039F86D
S21402E79016205A451ED8304602A90DF0CFFE3FB9C4
S21402E7A09DF80920424515D19DF80C20524511D1FD
S21402E7B044B939F81620019B9A420BD1304607B06D
S21402E7C0BDE8F08F082220460DF10D01EDF736F870
S21402E7D00028F3D00135D3E7385D002010B5144683
S21402E7E00DF0ACFE2046BDE8104008220149ECF7C9
S21402E7F02BBD00BF776700202DE9FF470746154669
S21402E8000846082224491E46EDF718F80446002852
S21402E8103FD14FF6FF7ADFF88490E9F735FC5FFACE
S21402E82084F880450BD385B3384608F041FC0125B1
S21402E8300C9B18700120357004B0BDE8F08739F8DB
S21402E840183053451FD0694640460DF077FE7A7859
S21402E8509DF801309A4216D17A88BDF802309A4263
S21402E86011D13A799DF804309A420CD108220DF162
S21402E8700501781DECF7E2FF28B9002DD7D14046F6
S21402E88008F031FCD3E70134C7E7FF2008F02BFC81
S21402E890CEE70020D0E700BF77670020385D002073
S21402E8A0F0B50025154E164F85B0E9F7EDFBECB234
S21402E8B0A04201D805B0F0BD694620460DF03EFEE6
S21402E8C09DF80030032B06D90023694620468DF8B2
S21402E8D000300DF051FE9DF8002062B14FF6FD7338
S21402E8E04FF6FE71032A08BF0B4626F814300023A3
S21402E8F001353B55D9E74FF6FF73F6E7385D002042
S21402E900A0660020F8B50E4604464FF6FF770C4B7D
S21402E9100C4D1B7803EB430305EB8305A54202D897
S21402E92000242046F8BD2388BB4206D00822314682
S21402E930A01CECF783FF0028F3D00C34EEE700BFF0
S21402E9402D710020785C0020044BFF211A780448C1
S21402E95002EB42029200ECF725BC00BF2D710020AC
S21402E960785C0020F8B504460C4B0D461B78104622
S21402E970A3420DD90C27022117FB04117C43084E33
S21402E98008223144ECF760FC335B00202B80F8BD94
S21402E9900023136053604FF6FF73F6E72D710020D5
S21402E9A0785C002038B504464FF6FD75FFF704FE86
S21402E9B00022084B1878084BD1B2884200D838BDDE
S21402E9C033F80C1C0132A14208BF23F80C5C0C334E
S21402E9D0F2E700BF2D710020845C002070B505466A
S21402E9E00E460846FFF7DEFF31462846FFF76CFD67
S21402E9F029460648FFF786FF00B970BD044624F88C
S21402EA000C6B0DF064FD29462046F3E7785C002087
S21402EA1010B5082286B023490446ECF70FFF20B94A
S21402EA2006B0BDE810400CF097BB082220461E49EF
S21402EA30ECF704FF20B91D4BB3F8680006B010BD12
S21402EA400023012221464FF6FF700093FFF78AFE4D
S21402EA50FF2806D0164B33F810004FF6FB73984289
S21402EA60ECD903A8FEF79EFD58B9BDF80C305B063C
S21402EA7007D5082221460DF10E00ECF7DFFE00282E
S21402EA80DCD021460B48FFF73DFF40B14FF6FB7244
S21402EA904FF6FF730088904288BF1846CEE74FF6BF
S21402EAA0FF70CBE777670020B25800204858002056
S21402EAB0385D0020785C002070B5002204464FF6D0
S21402EAC0FB7608460A4B1D780A4BD1B28D4201D816
S21402EAD0002009E01988B14207D8A14205D10822D0
S21402EAE0991CECF7B1FB012070BD0C330132ECE748
S21402EAF02D710020785C002037B5014605460E4889
S21402EB00FFF700FF044640B1807A29460DF076FDF5
S21402EB1080F00100C0B203B030BD0346009001226F
S21402EB2029464FF6FF70FFF71DFEFF2816BF034B60
S21402EB302046185CE9E700BF785C0020A06600204B
S21402EB402DE9F341224B04461B780F4683421546B5
S21402EB5038D9FEF7C5FCB8BB4FF6FD739D421D4E75
S21402EB600ED004EB440326F823504FF6FF739D4263
S21402EB701FD12046FEF7CCFC002002B0BDE8F08193
S21402EB800DF106013846F5F77BFA4FF6FF72BDF82F
S21402EB9006303846934218BF1D460C236343F5528F
S21402EBA006EB0308FFF7A8FFB0FA80F0400988F8E2
S21402EBB00A000C2303FB0460082239460230ECF7F5
S21402EBC043FBD9E72820D8E740F60540D5E700BF43
S21402EBD02D710020785C002038B504460D46FFF7FC
S21402EBE0BBFC21460448FFF78DFE00B938BD85728E
S21402EBF021460C30F7E700BF785C00200023074A66
S21402EC001370074A1370074A118801B11380064B26
S21402EC101A880AB100221A80704700BFBB6700201C
S21402EC20BA6700205C6000205A6000202DE9F04F91
S21402EC304C4C9846238889B005900F4610469DF89E
S21402EC4048A05BB952B10EF040F920804FF4FA6149
S21402EC50454809B0BDE8F04F10F050B9DFF81C91F6
S21402EC60B9F80050002D69D0284610F077F8C0F3A6
S21402EC704704284610F056F8DFF804A10294BAF8C2
S21402EC800030DFF800B10193BBF800300546009370
S21402EC9000224346012035490EF096F9ADF81E00D3
S21402ECA010B305EB44080124454512D1E4B9BDF87A
S21402ECB01E50CDB12E4B1B782BBB2B46002239465D
S21402ECC0059800F043FA0023ABF80030AAF80030AB
S21402ECD00AE0012329461A460DF11E00F4F7F6FB58
S21402ECE0023504460028DFD00023224AA9F8003065
S21402ECF01378013BDBB21370002BA7D109B0BDE835
S21402ED00F04FFFF77BBF0CF0F0F90146284604F0FF
S21402ED1085FC0A218046284604F080FC0646A64268
S21402ED2002D8FF2CCFD1C8E7284604F10B0104F025
S21402ED3075FC8045C1D80134E4B2F0E70E4C237866
S21402ED4023B910F0BFFA08B9012323705246414690
S21402ED500520F5F757FC0028D0D1207009B0BDE891
S21402ED60F08F00BF5C60002018700020389304000B
S21402ED70BC670020BB670020BA6700205A600020EC
S21402ED80F45F0020F65F002030B5154D87B02C8862
S21402ED909CB923464FF4A07248F2380103A80DF03E
S21402EDA010FD21462046F9F7F3FB22460D4B009450
S21402EDB003A9FFF73BFF07B030BD20460CF02CF846
S21402EDC0043010F074FC03A9044628880EF082FA78
S21402EDD00023009320462A8803A900F065FBEAE791
S21402EDE05C60002000F8FF0737B5002001A9F9F79C
S21402EDF0CFFB0D4C014623780C4D7BB10C4B019A90
S21402EE001878F9F7DBFB2078F7F716F9002323705A
S21402EE102B700848F4F706FC03B030BD2B78002BA5
S21402EE20F7D0FFF7B1FFF4E7BE670020BB6700200C
S21402EE30BD6700201870002008B50548F4F702F9EF
S21402EE400448F4F7FFF8BDE808400348F4F7FAB8B8
S21402EE505C6000205A600020586000202DE9F04FC8
S21402EE6089B089460446CDE905239DF84870139E6D
S21402EE7030B316F801ABBAF1000F23D00AF1FF3413
S21402EE80A400E4B2314601200AF0CAFDC00E1BD12E
S21402EE90DFF838B1314601200AF0C2FD9BF8005077
S21402EEA034442279BDB1002F47D180234846CDE9AC
S21402EEB00277CDE900773E4A059900F047F93CE033
S21402EEC08246DFE75446DDE71B28ECD931460120AF
S21402EED00AF0A6FDE7E7DFF8F880FF2A00EA08084E
S21402EEE00BD14246E379A179607901EB032189B21D
S21402EEF009B0BDE8F04FF9F761BB2E4909688B07E8
S21402EF000AD5FE2A35D101230135EDB2202D4FEA6E
S21402EF1043030AD1FF250AE0294628460792F9F755
S21402EF2037FB4845BFD1079AEBE79845ECD1224B11
S21402EF301B78FF2B04D0AB4204D009B0BDE8F08F9B
S21402EF40FF2DFAD029460020F3F774F80028F4D0F3
S21402EF509BF800306479002BEFD1FFF74FFE17487D
S21402EF604FF410510FF0CAFF154B8BF800501C706F
S21402EF70E3E7052A97D8BAF1010F94D8B8F1000F43
S21402EF8091D0002FD9D17379002BD6D00D4909889C
S21402EF9021B9082B28BF08230B490B704346484665
S21402EFA01292DDE9051209B0BDE8F04FFFF73EBE4A
S21402EFB038930400C84A00206D71002018700020A3
S21402EFC0BD6700205C600020BB670020BE67002093
S21402EFD000F8FF07014B1880FFF7D6BE5A600020E4
S21402EFE037B5184B1B78022B03D01725284603B0DB
S21402EFF030BD00210DF10700F4F798FC0546002805
S21402F000F3D1114B1B78013B012B01D90225EDE709
S21402F010F4F7F6FB0028F9D009F0E2FF0446F4F70D
S21402F020EFFB0A4B4FF47A7118700B23B4FBF3F222
S21402F03003FB12440A34A4B2614305480FF05EFF94
S21402F040D4E700BFF4660020F5660020E5660020DF
S21402F050F44900202DE9F043384B00241E784FF483
S21402F060F813374FA5B003933D78ADF81040F7F785
S21402F0708FF8BDF90E30ADF81200A342ADF8144079
S21402F08006DB304B1C780134E4B21C7044F080047A
S21402F0908DF82C40A94602244FF000088DF82D600A
S21402F0A0B14529D3002221460BA83D708DF82D804C
S21402F0B00BF0CDFEE8B1B8F1000F09D000234FF6F1
S21402F0C0FC71CDE9000303AAFF230620FBF7EAFF43
S21402F0D0B5422FD209F084FF0B23B0FBF3F24FF4B4
S21402F0E07A7102FB13000A3080B2414316480FF0D1
S21402F0F005FF25B0BDE8F083484606A902F004FAEB
S21402F10098B9512C11D804F190030DEB0302083480
S21402F11006AB013508F1010803CBE4B242F8640CF1
S21402F12042F8601CEDB25FFA88F809F101095FFA4D
S21402F13089F9B5E70448F4F775FADAE7E5660020D8
S21402F140E6660020C0670020F44900200CB42DE9D2
S21402F150F04F8BB014AA0E4652F8041B07460992CB
S21402F160002940F08F80BDF85400ADF82200002838
S21402F17000F0A18033794FF6F778002B40F08680B6
S21402F18047458CBF4FF009084FF008084C4B1C78D7
S21402F190FF2C40F08380B6F90230002BA9BF494B02
S21402F1A0347A1C780134A2BFE4B21C7044F08004A6
S21402F1B0DFF81CB12246002104F044FA9BF8003026
S21402F1C0BDF82200002B6CD0DFF808A14FF0000932
S21402F1D0BAF8003007930FF0C1FD0546BDF82200CD
S21402F1E00FF0A0FDEBB2CDE90193FF23CDE90309B1
S21402F1F000932246334639460798FCF7F1F84FF655
S21402F200FF7305468BF80090AAF80030382D33D1EC
S21402F2103246394640460DF122030AF0C1FB002869
S21402F2204BD04FF6F7739F4226D8B6F90230708855
S21402F230002B21DA48F204022349244B4FF000083F
S21402F240904214BF894699460BF086FF494603460C
S21402F2508A220120CDF800800DF0B6FE814658B114
S21402F2602246414604F0EEF9FF233246394640462E
S21402F270CDE90098FBF716FF28460BB0BDE8F04F25
S21402F28002B0704701200DF07CFE6EE70023474572
S21402F2908CBF4FF006089846337177E7FF221A7044
S21402F2A086E7CDE900033246FF2339464046FBF7A0
S21402F2B0F9FE0546AAE71925DEE70546DCE700BFA4
S21402F2C06F710020C0670020499304003E9304003B
S21402F2D0BF6700205E60002070B54FF40033002444
S21402F2E00546164688B0ADF81A100DF10F0204A9AD
S21402F2F00593ADF81840ADF81C4004948DF80F4005
S21402F3000AF025FB9DF80F3028460193049B044A19
S21402F310009305A93346FFF719FF08B070BD00BF7A
S21402F3204293040030B54FF48035002487B003952D
S21402F330BDF82850CDE900128DF81030074A034672
S21402F34003A9BDF82C008DF81140ADF81250ADF8A7
S21402F3501440FFF7FBFE07B030BD00BF4E9304001B
S21402F360B1F1006F2DE9F04314462CBF3922382242
S21402F3708BB01D464FF00003ADF81E204FF48002FE
S21402F3802CBF4FF001099946FF2C0646ADF81C30FB
S21402F3900892ADF824304FEA11471FFA81F80FD1D0
S21402F3A00CF070FAB9F1000F19D1154ACDE9020531
S21402F3B043463046CDE9007407A9FFF7C7FE1AE0B8
S21402F3C0FE2C0AD10CF05EFA0130C0B20CF065FADF
S21402F3D0B9F1000F12D00B4A02E0E8B2F8E70A4A87
S21402F3E0CDE9030501233046CDE90174CDF800804E
S21402F3F007A9FFF7ABFE0BB0BDE8F083034AD5E7DB
S21402F400469304004C930400459304004D93040075
S21402F4104FF498124FF0806310B586B0CDE90323FF
S21402F4200023ADF814300BF097FE0446F6F7B0FE54
S21402F430054B01900093054A234603A94FF6FD703B
S21402F440FFF784FE06B010BD7767002052930400D3
S21402F45008B5064B1B78022B02D0043B012B03D8BF
S21402F460FFF7D6FF002008BD0220FCE7F466002066
S21402F47030B500244FF4806587B0CDE900128DF8D0
S21402F4801030084A034603A94FF6FD708DF8114066
S21402F4900394ADF81250ADF81440FFF757FE07B0CC
S21402F4A030BD00BF569304002DE9F04F9BB00E46C8
S21402F4B005460EA91046CDE90A329DF890700DF069
S21402F4C0D8F8BDF838A0804650460FF047FCB6F98B
S21402F4D002300446002BB6F80690B6F802B004DAFC
S21402F4E00022B24B1A70002049E050460FF036FC5C
S21402F4F04045F5D3A4EB0804E3B2002F18BF4FF43F
S21402F500A079152B099328BF15230024013308F18F
S21402F510FF325146DBB292B2009414A810F0C8F93A
S21402F5206FEA4B436FEA5343A1499DF8502008689F
S21402F5304968ADF846300FAB03C3ADF84840ADF8A6
S21402F5404440ADF84A90ADF84C20BBF1000F24D1F0
S21402F5500DF15100F4F742FEA0B10BF0FDFD5C4642
S21402F56006460DF1590A0DF151030A9A9AF80080DF
S21402F570012A2DD157B384F0010404F001001BB018
S21402F580BDE8F08F0DF1510001F0B4FB4FF6FF74A9
S21402F590011B4C4206464C41E3E7BBF1010F40F02B
S21402F5A09480BDF851600BF0D7FD86420AD03046F3
S21402F5B00FA90DF034F980F00104E4B20DF1530AFC
S21402F5C00FABD2E77B4B0DF1530ACEE70A9CD4E78A
S21402F5D097B3002C75D1B8F1010F72D837D10BF062
S21402F5E0BBFD0BF0B9FD224606469AF80170714B38
S21402F5F000210120CDE9006102976F490DF0E4FC7D
S21402F600ADF83A0000285CD0002C53D1B8F1010FB7
S21402F61050D12646DFF8B8A19AF800305FFA84F88F
S21402F620434538D940460FF0F5FDC20702D5BFB1B3
S21402F630013FFFB20134EFE7B8F1010F05D1002C0C
S21402F640CDD081229AF80170D2E7002CF9D1B8F118
S21402F650010F94BF002201229AF80170D201C7E777
S21402F660404601F017FB0123ADF8340002220DA933
S21402F6700DF13A00F3F72AFF18BBBDF83A000FF077
S21402F6806DFB804648460CF066FE08F1010801361E
S21402F6908045F6B2CEDBB6B132460C21BDF83A0052
S21402F6A003F0D0FF00222846BDF83A3011A9FFF732
S21402F6B04DFD06E00C210DF13A000DF0EDFB0028A1
S21402F6C0F0D001205BE70D21F5E70A9B002B7FF4C3
S21402F6D00AAF7388342B57D1099B092B7FF403AFEB
S21402F6E0002F7FF400AF9DF959603A46B410082106
S21402F6F00DF1510004F020040BF0C0FCD0B12F4BEA
S21402F7001B78012B3FF4EFAE022B27D12C4B1B6844
S21402F71013F0807F25D12A4B1B685B0201D5002E91
S21402F72030DA00232846274A11A9FFF70FFD264B99
S21402F7301C70D8E60DF15100F4F750FD0028DED11A
S21402F7400DF1510001F0D6FA4FF6FF73984208D039
S21402F7502146F8F79FFE034618B903E0033B012B48
S21402F76006D9C8232846174A11A9FFF7EFFCBAE6BE
S21402F770164BB3F86830AB42CDD0114B1B6813F072
S21402F780805FC7E78D23EDE7099BCDE905920493D9
S21402F7900DF15103CDE9028331462846CDE9007AC0
S21402F7A00B9B11AA00F058F89DE600BFB367002035
S21402F7B08C1C0400776700205A930400F56600202C
S21402F7C0C84A00203C4A04006E71002048580020B7
S21402F7D03A710020024B187840F08000704700BF54
S21402F7E0C067002038B50A4B05461C7824B10BF0DA
S21402F7F0B3FCB0FA80F46409F8F72AFF08B144F0C3
S21402F8004004E8F74DFC44EA4020284038BD00BFDB
S21402F810F0660020014B188000207047E870002038
S21402F8204FF6FF71034602881B798A4217BF0749C3
S21402F83001200A8041881EBF054A00201180FF2B46
S21402F8401EBF044A00201370704700BFE4700020F9
S21402F850E2700020C16700202DE9F04FB7B099464C
S21402F860BDF80431439C0D939DF8083183460E93F0
S21402F870BDF8143120460F939DF81831B1F802A056
S21402F8800F4690469DF8005110930FF010FFBAF104
S21402F890110F064600F28A800BF05EFCB04200F0C2
S21402F8A08F80BAF1060F19D14FF6FD739E423ED0F5
S21402F8B0DDB9BC4B1B78033B012B36D930460FF023
S21402F8C051FCFF2814BF8923812300224146CDE93B
S21402F8D000625846B44AFFF739FC06E02DB9BAF181
S21402F8E0030F08D8BAF1010F0AD80022AF4B1A70DC
S21402F8F037B0BDE8F08FAAF10403022BF5D8D8E79B
S21402F900A84B1B78033B012B0DD930460FF02AFC7F
S21402F910FF2814BF8923812341465846A44A0096ED
S21402F920FFF714FCE1E78023F6E78023CDE7A14B3F
S21402F9301B7859074CD40BF00FFC002603463246C0
S21402F9400120994900960DF03FFB2379ADF86C0033
S21402F9500F930028CCD0DDE90E320D9803EB420956
S21402F9600FF0FCF95FFA89F909F10507FFB2874241
S21402F970BED239460D9803F051FE109007EB4007B1
S21402F9800D980FF0EBF98742B2DADDE90F32134336
S21402F990DBB2002B40F03282002DA9D12F463A4628
S21402F9A00421BDF86C0003F04DFE76E1814BBAF1FE
S21402F9B03A0F1B7811D948F23B039A4508D014E057
S21402F9C07C4B1B785A070BD5AAF10403022B07D8E7
S21402F9D0FB8843F48043FB808AE7BAF11B0F1ED8EC
S21402F9E0AAF102039AB2132A5ED9109B49460293E1
S21402F9F00F9B5046CDE900530E9A5B4609F0B4FFC2
S21402FA000F287FF475AF0122684B1A70694B1B787A
S21402FA109B0740F1D982002D7FF46AAFD8E7AAF19E
S21402FA201C021E2AE1D801A151F822F0510203005D
S21402FA30EBF90200EBF9020071FE0200EBF902009C
S21402FA4051FF020051FF0200EBF90200EBF902003F
S21402FA50EBF90200EBF90200EBF90200EBF9020007
S21402FA60EBF90200EBF90200EBF90200EBF90200F7
S21402FA70EBF90200EBF90200EBF90200EBF90200E7
S21402FA8081FF020081FF0200ED010300EBF9020094
S21402FA90EBF9020007020300EBF90200A1020300E1
S21402FAA0B7020300C5020300132B9ED801A252F828
S21402FAB023F000BF05FB0200CDFB0200EBFB0200B9
S21402FAC0C9FC020037F90200EBF90200EBF902006A
S21402FAD0EBF90200EBF90200EBF90200EBF9020087
S21402FAE0EBF90200EBF90200EBF90200EBF9020077
S21402FAF0EBF90200EBF902000BFE0200EBF9020042
S21402FB007D02030000241BAB5A4648460E9900931A
S21402FB101DAB1D948DF86C4009F01AFF0BF01CFB10
S21402FB20204B05461B78012B03D0022B14BF022460
S21402FB300124E8F7B5FA162894BF0020012044EA0B
S21402FB404014F6F725FB1C4B0646B3F800A0FBF75D
S21402FB509FFA1A4B07464FF6FF70B3F80090FFF76E
S21402FB6041FE174B9DF86C201988124B1B7813F038
S21402FB7002031CBF134B1B780B921D9ACDE907019B
S21402FB80CDE9093240234146CDE9014358460023D8
S21402FB90CDE90579CDE9036A0B4A0095FFF7D6FA57
S21402FBA0A6E600BFF56600203E930400B367002079
S21402FBB04993040095660020E8700020E470002057
S21402FBC0E2700020C1670020609304000BF0C4FAC4
S21402FBD0A34BA44A1B88CDE940030023414658465E
S21402FBE037B0BDE8F04FFFF7B1BAA4781DA9631E7F
S21402FBF0DBB2EF2B204610D9F22C0ED008F0A4F977
S21402FC0082240BF0A9FA00234146CDE90003964A66
S21402FC1023465846FFF79AFA6AE608F095F900284E
S21402FC2050D00BF099FA9DF878209DF87A1004923D
S21402FC30BDF8762049000392BDF87420C9B2CDE91A
S21402FC4001429DF8792003465200D2B208320A4495
S21402FC5000920120002285490DF0B6F99DF8793010
S21402FC60ADF86C008DF8673000283FF441AE0026F0
S21402FC7001230DF167011A461BA8F3F727FC054678
S21402FC8000287FF435AE9DF86730EAB2934209D871
S21402FC909DF87A308DF8673016B1BDF86C3033E0D7
S21402FCA00126E5E73146204608F050F90123ADF873
S21402FCB0680002221AA91BA8F3F708FC01350028DF
S21402FCC0E1D015E683249CE70BF046FA044608F0DA
S21402FCD05CF9234600900022012063490DF074F976
S21402FCE000283FF405AE00252C46ADF8740008F057
S21402FCF04CF9EEB2B0420DD822460421BDF874008B
S21402FD0003F0A0FCBDF87430002241465846FFF7C7
S21402FD101DFAEDE5304608F015F9FF288DF86C005F
S21402FD200AD0012301341A461BA91DA8E4B2F3F730
S21402FD30CDFB00287FF4DCAD0135D8E75046B4F899
S21402FD40029008F0FFF8FF288DF8680000F0CF82D6
S21402FD501DA908F0F9F8BDF874304B4507D04FF6E8
S21402FD60FF72914540F0C3821B0400F1C0829DF8E9
S21402FD70793012930E9B0533DBB213930F9B1493C9
S21402FD80002311934FF000094B4613E017934900E6
S21402FD90139BC9B219440D9889B20DF0B8F84FF00A
S21402FDA0000A179B159012995FFA8AF28A4217D3B5
S21402FDB009F10109149A5FFA89F19142E6D39DF896
S21402FDC07A201292169A1392002B40F08582119B8B
S21402FDD0002B40F08C8201231193109B1493D1E7E1
S21402FDE011999DF86800179308F0B0F8159A179BBA
S21402FDF00AF1010A824208BF0123D4E709F1060983
S21402FE005FFA89F33746169372E2A71C39463046E4
S21402FE10A57A09F0FDF8012239463046FAF7D4FBF6
S21402FE2030460CF052FE384600F064FF22888242CA
S21402FE3007D04FF6FF72904203D00FF093F90CF002
S21402FE4084FD85F00804C4F3C00421463846FEF754
S21402FE50C3FE2146384637B0BDE8F04F09F0B1BDC3
S21402FE60E67000206D9304003E9304007193040034
S21402FE70AD4B1B78033B012B7FF63AAD0BF06CF9CA
S21402FE8058453FF435AD09F0ABF80B23B0FBF3F25F
S21402FE904FF47A7102FB13000A3080B24143A34842
S21402FEA00FF02CF8F3F7ACFC00283FF421AD012349
S21402FEB0002218469E4994F800A00DF085F8ADF889
S21402FEC0680000283FF414AD0026354634460E9BE3
S21402FED01BAF01330E93F2B2524514D3002C3FF4FB
S21402FEE007AD01232A461DA91AA8F3F7EFFA002840
S21402FEF07FF4FEAC22460221BDF8680003F0A2FBA6
S21402FF00BDF8683000E74FF000090E99D200D2B271
S21402FF100A4408230D993846CDF800900FF0C8FC25
S21402FF20394648460FF0EEF8FF280FD0814B1B5C8F
S21402FF300F2B0BD997E8030005F1D8036B44643BFB
S21402FF4083E8030008350134EDB2E4B20136C2E7B5
S21402FF50002D7FF4CDAC18073FF53AAD5346224646
S21402FF604146584603F066FE00287FF4C1AC84235F
S21402FF7041465846704A37B0BDE8F04FFFF7E6B83C
S21402FF8023780F9810930CF0E6F90021064658469F
S21402FF9004F0BAF9644BBAF1310F1B780746A3F1A5
S21402FFA003030BD1012B13D9644B654A1B781278D5
S21402FFB01344DBB20D9316230E930DE0012B03D9E7
S21402FFC0604B1B780D9353BB002D7FF491ACCEE7AC
S21402FFD001231621CDE90D310024109B2246009301
S21402FFE001202346584901940CF0EEFF00283FF406
S21402FFF07FACF61BF3B22646544FDFF85C911193A2
S214030000ADF86C000F940D9BE5B2AB4209D83246AF
S2140300100221BDF86C0003F015FB0F9AC0E405231C
S214030020CAE7162200211DA8EBF7BCF8BAF1320F77
S2140300303DD13B7903F00302032A21D18DF87620C4
S214030040109B0136F6B2B34215D2BDF86C000EF023
S21403005085FE0E9B1844119B98420CDC01230E9AD6
S2140300601DA91BA8F3F732FA00287FF441AC0F9BB7
S2140300700133DBB20F930134083709F11209C2E7E3
S214030080B9790029DCD13249C3F3C203CB5C1DA87E
S214030090012A08BF43F0010339888DF876300FF044
S2140300A008FB79880DF177000FF003FBC8E71DA85E
S2140300B00BF06AFB4FF0FF33CDE91F331F4B1B7862
S2140300C0AB4261D999F804306F2BD4D828461FA9C0
S2140300D0F4F7D0FF0028CED01E4BB9F80020B3F8B3
S2140300E0683092B9003B18BF01235B0143F0040359
S2140300F08DF8863002238DF88730B9F802301B0A54
S21403010011468DF8893021A8CEE79B1A18BF012324
S2140301105B0143F005038DF8863002238DF88730A4
S2140301200F238DF88830E8E7F5660020F4490020B1
S2140301307B930400996600203C4A0400EE66002088
S214030140ED66002038710020799304004A5F002092
S214030150F0DF040048580020D05D00200132D2B200
S214030160551EEDB22846139312920FF053F8DDE9AD
S214030170122310F0010FF1D063490978611A9942EE
S21403018005D00133DBB2E9E701220023E8E75F4B42
S2140301901FA918782844C0B2F4F76CFF00283FF470
S2140301A06AAF284600F076FD129028460FF032F824
S2140301B010F0010F129A0FD116238DF88630544B88
S2140301C01B780133DBB20F2B28BF0F238DF8883043
S2140301D0504B33F8153092E7284612920FF01AF870
S2140301E010F0020F129AE7D11223E6E71A073FF53B
S2140301F0EFAB23465A4641460F9803F073FD00289B
S2140302007FF476ABE0E695B1434B1B78033B012BBB
S2140302107FF66EAB0AF0A0FF18B9BBF1000F7FF4B0
S21403022067AB207837B0BDE8F04FF5F721BE0AF08C
S21403023093FF20B1384B1B78033B012B01D8802357
S21403024096E62B4641465846344AFEF77FFFE8E7D4
S2140302500AF082FFB0427FF44BABA01CF3F7BEFF5D
S21403026000283FF445AB0AF077FF04460AF074FF14
S2140302702B4B2C4ACDE940032346AFE420460FF030
S21403028016FAFFF7AFFA00283FF432AB409000238C
S21403029041465846244A37B0BDE8F04FFEF756BFEE
S2140302A04B46424659460020CDE9405437B0BDE898
S2140302B0F04FFEF7D3BD4B46424659460120CDE9E3
S2140302C04054F3E72B464A4641465846409437B0D7
S2140302D0BDE8F04F09F07ABB01231AA91A461BA8FA
S2140302E0F3F7F4F800287FF403AB0137FFB20136C7
S2140302F007F04BFE5FFA86FA50453FF61FAD002F18
S2140303003FF44AABFFF74BBBEE6600203371002089
S214030310A8670020D25F0020F56600203C4A040050
S214030320776700207E93040049930400F8B5164BC4
S21403033004461D88154B20F8025B196879B108221C
S214030340EAF782FF124B0C201B78124EA372124B55
S21403035019780023DAB2914205D8FF2209E0C4F8DF
S21403036002104160EEE7013300FB03F7F75BAF4291
S214030370F0D10A4BE2721B782373094B1B78637325
S214030380084B1B682361F8BD6C600020645900208D
S214030390C26700206C5C00202D710020A46700203B
S2140303A0A367002050590020F0B589B006460C46D6
S2140303B015460CF07EFF0DF10A02014630460CF09E
S2140303C010FE144F0346F0B901223A702288BDF896
S2140303D00A102AB102460090072006F088FD90B165
S2140303E003A8FFF7A3FFBDF80A000EF0B7FC064606
S2140303F0BDF80A000EF096FC21460090F3B228469C
S21403040003AA08F037FE0023034A3B70136009B0C3
S214030410F0BD00BFC36700206459002073B5ADF874
S21403042006000DF106000AF024FD014608B102B0ED
S21403043070BD0DF106000AF065FD04460EF072FC71
S214030440C67A002EEDD120460CF0FAF9FF28E8D044
S2140304500EF0C8FE054BD3F88850002DE1D0334686
S214030460224641213046A847DBE700BF4858002014
S21403047073B5002200210C2000F0C2FC00211948AD
S2140304800FF079F901250446164E84B120460CF088
S214030490D7F9FF2805D1214630460FF090F90446D8
S2140304A0F3E704220023009500F07EFCF3E72146E1
S2140304B00D480FF060F9012504460B4E0CB902B047
S2140304C070BD20460CF0BCF9FF2804D00822002398
S2140304D0009500F069FC214630460FF070F904469B
S2140304E0ECE700BF70600020726000202DE9F84F33
S2140304F010460E46174699460AF09CFB254A264B9D
S2140305000021B0F5006F14BF9046984640460FF0A2
S21403051032F94FF0000A0446DFF880B00CB9BDE8A4
S214030520F88FBC4228D120460EF0FCFB857A80F873
S2140305300BA0013DEDB2857216B13F2E00D02DBB48
S2140305400EF0E2FE054620460AF074FBB0F5006F97
S2140305504FF00002214615D10F480AF0F2FCFFF7D0
S21403056087FF28460EF0CBFEDBF8885025B14B46B6
S2140305703A4631460020A847214640460FF01FF969
S2140305800446CBE703480AF0DCFCEAE7FFF770FF14
S214030590F2E700BF72600020706000204858002019
S2140305A000232DE9F34706460F464FF6FF78284CFF
S2140305B0DFF8A090ADF8063020460AF05AFC054650
S2140305C048B9294620460FF0D6F882460EF0AAFB15
S2140305D00389B34217D94C4501D1FFF749FF0021E0
S2140305E020460FF0C8F8054607F1FF3A5FFA8AFA85
S2140305F0D5B94C4516D1BDF80600FFF70FFF4046A8
S21403060002B0BDE8F0877B1EDBB2FD2BD4D92946AA
S21403061020460AF077FC2A4651460DF106000FF0F5
S214030620B0F8C9E74C46C7E7BAF1FD0F09D9284623
S2140306300EF078FB03899B1B9BB2984528BF984610
S2140306400381294620460FF0BAF80546D0E700BFD7
S214030650726000207060002008B50EF03EFF0B4A63
S214030660FF2113881080C31A98B2FFF799FF4FF63D
S214030670FF7301469942064803D1BDE80840F2F7E6
S214030680D1BFBDE808400EF039BC00BF746000203F
S21403069038700020174B00282DE9F041164D18BF7F
S2140306A01D460F4628464FF000010CBF4FF00808C2
S2140306B04FF002080FF05FF8044610B92046BDE875
S2140306C0F08120460EF02EFBC37A064623B1214660
S2140306D028460FF074F8EFE720460AF0DAFA4246A7
S2140306E001463846EBF7AAF80028F0D1B378002B7A
S2140306F0EDD1E3E77060002072600020014B1860C4
S214030700704700BF6859002010B504460548F2F745
S21403071089FF0023044A1380044A1380044B1C8079
S21403072010BD00BF3870002072600020706000208B
S2140307306E60002008B50448F2F784FCBDE8084064
S2140307400248F2F77FBC00BF726000207060002092
S2140307502DE9F341044688460EF0BFFE324B0746AA
S21403076020461E880CF06CF8054620460AF062FA0E
S214030770B0F5006F32D1FF2D06D00123042200937B
S2140307802846002300F010FBB8F1000F1DD10EF031
S214030790BBFD2146054625480AF070FB28460EF0A9
S2140307A0AEFD23480FF015F8224BA8B31988711A2B
S2140307B017FA81F086B220460EF0B4FA03230681B8
S2140307C08372002002B0BDE8F0810EF09DFD00228A
S2140307D02146054615480EF0D4FFDFE716480AF013
S2140307E07FFB04281ED8FF2D06D001230822009382
S2140307F02846002300F0D8FAB8F1000F05D10EF012
S21403080083FD214605460C48C6E70EF07DFD002213
S214030810054621460848DEE7314605481F800EF0A8
S2140308206DFBC8E71C20CDE76E60002070600020DB
S2140308303870002074600020726000202DE9FF47A6
S21403084008460C460AF0DBF900F4805820460AF006
S2140308505CFA054620460AF02FFAB0F5404F1BD146
S214030860B8F1000F14D029460020FFF713FF054602
S21403087070B10EF057FA0023404A8178044600927E
S21403088018462A460193F1F7A5FF08B90123E37238
S214030890012004B0BDE8F08728460EF008FF814625
S2140308A00EF060FCFF28074637D00125A0F120068E
S2140308B0C0F12003324925FA03F305FA06F61E4370
S2140308C08540D1E900232A433343C1E900230EF0D0
S2140308D063FC044638B138460EF09CFC10F00C0F4F
S2140308E014BF01240024B8F1000FD1D04FF0000A42
S2140308F003A90120ADF80C90FFF7CCFE81460EF05D
S21403090011FA8046B9F1000F1ED1BAF1000F14D1C7
S214030910FF2FBDD0002CBBD128E01A4B1B684BB170
S21403092048469847044628B1B8F1000FB0D00025D2
S2140309302E46DBE7B8F1000F01D10020A9E700251A
S21403094001242E46A246D3E774B100230B4A8178CE
S214030950009218464A460193F1F73CFF002897D1C8
S214030960012388F80B3093E7FF2F91D0064BD3E98A
S214030970001229433243C3E9001289E7ED0403005A
S21403098060160020685900205816002038B5044623
S2140309900AF050F9054620460AF07BF9A5F50063F0
S2140309A00446014658425841FFF774FEB0B9B5F500
S2140309B0006F01D0002038BD20460EF078FE0EF002
S2140309C0D1FBFF28F6D0064B00B21B6833F81000A5
S2140309D000F4E260003818BF0120ECE70120EAE7E4
S2140309E06C5900202DE9F7434FF000090746ADF890
S2140309F004900EF00FFC10F00C0F29D04FF00208F5
S214030A00154D2B88A5F80090ADF806300DF10600BD
S214030A100AF02FFA044630B1B8F1010F14D04FF0A4
S214030A2001080E4DEDE721460DF106000AF06AFABD
S214030A3006460BF005FFB8422246314614BF284649
S214030A4001A80EF09EFEE1E7BDF80400FFF7E6FC02
S214030A5003B0BDE8F08300BF726000207060002022
S214030A602DE9F04FDFF8208185B0D8E90032134333
S214030A707CD105B0BDE8F08F02EA040103EA070063
S214030A80014327D022EA040223EA0703C8E9002326
S214030A90DAE9002304EA020507EA030C55EA0C0523
S214030AA06FEA04006FEA070124D130460EF0B2FB6A
S214030AB0C2070FD530460EF095FBDBF89C30002BB3
S214030AC045D11D46304600F0E5F8DBF884300BB11F
S214030AD02946984724197F4109F10109284B5FFAF3
S214030AE089F61B78B342C4D9D8E9002352EA030136
S214030AF0C2D1BEE702400B403046CAE900230EF0DF
S214030B0089FBC307E6D51F4B30461B6833F8163000
S214030B1003F48873102B10D00EF064FBDBF89C30C4
S214030B2013BB1D460123102200933046002300F01A
S214030B303BF90020F1F7BCFDC4E70EF053FBDBF8EE
S214030B409C300125002BBDD00122039502E0002531
S214030B502A4603950392002130469847039A002AB3
S214030B60B0D0002DAED1DDE70025EDE74FF000094C
S214030B7001244F46DFF814A0DFF814B0AEE700BF39
S214030B80707100206C590020601600205816002053
S214030B9048580020F8B50346084613B309B3402A5D
S214030BA01FD8114900260B6010490027086010491A
S214030BB04FF0FF350A7000210C460433914205DBE3
S214030BC000215200EAF7EEFA0020F8BDC3E90367F6
S214030BD003F8044C23F8024C1D605D6001311833A2
S214030BE0ECE72120F1E700BF705900206C59002084
S214030BF070710020F0B5144CDDE905672568EDB18A
S214030C00F0B91248007888421AD901EB41014FEA3D
S214030C10C10C05EBC10415F8311011B92169C907D8
S214030C2010D4002005F80C0062801A6846F001060E
S214030C3062605A68C4E90467A260F0BD0220FCE75C
S214030C402120FAE72E20F8E7705900207071002063
S214030C500E4B30B51A68A2B10D4B1B78834212D9DE
S214030C6000EB400002EBC003C10000240020002577
S214030C70C3E9044550544FF0FF3258805A609A60D7
S214030C8030BD0220FCE72120FAE700BF70590020A0
S214030C9070710020094B1B6863B1094A12788242BF
S214030CA008D900EB400003EBC0031A69D20701D54D
S214030CB0588870474FF6FF70704700BF7059002082
S214030CC070710020094A0346106870B1084A12780A
S214030CD09A4209D903EB430300EBC303186910F0E8
S214030CE0010002D0181D704700207047705900207D
S214030CF070710020F8B50E4B05461C6834B128B158
S214030D0000260C4B1F78F3B29F4202D84FF6FF70B3
S214030D1009E008222946201DEAF790FD20B9236939
S214030D20DB0701D56088F8BD01361834EBE700BF52
S214030D3070590020707100200C4B1B689BB14FF656
S214030D40F77291420DD80A4A1278824209D900EB0B
S214030D50400003EBC0031A69D20704D5002059806C
S214030D607047212070470220704700BF705900204B
S214030D70707100200A4A0346106878B1094A12784F
S214030D809A420AD903EB430300EBC300036913F04B
S214030D90010003D0C3F3001070470020704700BF64
S214030DA0705900207071002070B51C46124B9DF8D8
S214030DB010601968D1B1114B1B78834218D900EB28
S214030DC04000551E01EBC0012543D1E9040301D0C1
S214030DD0C5070FD52EB110432343C1E904030020F2
S214030DE070BD20EA020023EA0403F6E70220F7E7D1
S214030DF02120F5E72D20F3E77059002070710020BD
S214030E00134BF0B51B6803B300266FEA000C6FEABA
S214030E10010E104C2778F4B2A74201D80020F0BD8B
S214030E20D3E9044514F0010F07D014F0020F04D1E0
S214030E3032B104430D43C3E9044501361833EAE7E8
S214030E400CEA04040EEA0505F5E70220E7E700BF0F
S214030E5070590020707100200B4B70B51B682BB1C6
S214030E6000240A4A1678E2B2964201D8002070BDE2
S214030E70D3E9042502400D402A4304F1010403F19B
S214030E801803F0D00120F2E770590020707100209B
S214030E902DE9F0470026FF27B246164DDFF85880A7
S214030EA098F800305FFA86F94B4502D83846BDE815
S214030EB0F0872B792F2B0FD928460AF07CFB2B794A
S214030EC06C7903F0070304F0030483422CBFE41891
S214030ED02418E4B2A24506D95446B946A2464F465C
S214030EE012350136DCE7288801F0A6F80028F3D18E
S214030EF0F4E700BFD05D0020EE6600202DE9F04F3A
S214030F0089B0814609F0EBFE029048460CF0DCF807
S214030F100024411C054689B2484602F07FFBA246E0
S214030F20A346A046274600F01F00023500EB40000C
S214030F30EAB27D4E50FA85F5EDB2AA4274D9DFF8CF
S214030F40FCA19AF8003033B1A400E4B2B4FBF3F486
S214030F50042C08BF03240298F3F7C4FD05460028B3
S214030F603CD1FFF795FFFF285BD0704B05B204908A
S214030F7018780AF007FB87422CBFE1192118002FC7
S214030F8014BF01230223684E05EBC50506EB450592
S214030F9053FA81F3284603930AF00DFB95F804C031
S214030FA06B790CF0070103F0030388422CBF1B1870
S214030FB05B18039ADBB29A4233DA049A2FB921B14B
S214030FC09AF80030033B5B452BDC104602990AF087
S214030FD09AFA05B205EBC50506EB45052B791E09FE
S214030FE0002F00F08180394628460AF00EFB0321C5
S214030FF028460AF010FBB8F1000F09D1002E40F086
S214031000868007F0EDFFC0F30B0149480DF076FF2D
S2140310106B79484623F003031C446C7109F0F4FD16
S214031020A87309B0BDE8F08F50D0424B49461B88E1
S21403103007A8ADF81C304FF000038DF81E300023D0
S2140310400093032303920EF033FC9DF81E30BDF885
S2140310501C101B09039A18BF08F10108CDE90413F5
S21403106018BF5FFA88F803920AF076F80499039A91
S2140310708842059B03D19DF81E7007F00F072E4884
S21403108090F800C016E016F80E0C10F0070003D018
S2140310900BF1010B5FFA8BFBAA4207D036F812EC72
S2140310A08E4503D113B108B10134E4B20AF1010A43
S2140310B05FFA8AFAAA4206F112060BD1D4450FD973
S2140310C016F80E0C10F00700E2D1EFE700234FF6F8
S2140310D0FF71D4E736F8120C884201D8D445D2D82B
S2140310E00332123ED2B228E7022E14D95B0707D08A
S2140310F0394628460AF08FFAB8F1000F81D087E701
S214031100032128460AF087FAB8F1000F80D1062E8D
S2140311103FF677AF7CE7314628460AF07CFA58EA72
S21403112006063FF46EAF73E7D05D0020A467002089
S214031130344A0020F8DF0400EE66002033710020F6
S2140311402DE9F0430823002485B08DF808300646C1
S214031150022301214FF6FC70CDE9004402AA0BF0EE
S2140311608FFFADF80A00D8B12746DFF8A080DFF876
S214031170A09099F80020E3B29A4224D8BDF80A401A
S21403118020460BF0A1FF411C47F06002204689B2BF
S21403119002F058FA0022BDF80A001146F4F736FAB0
S2140311A007F01EFF184AC0F30B01137801F55A51D6
S2140311B0013113B1013B89081370304605B0BDE811
S2140311C0F0430DF09BBE18F80E5C6F2D17D8404603
S2140311D030F8123D2D01ADF80C300AF0ECF905F0AD
S2140311E0700528448DF80E000123032203A90DF190
S2140311F00A00F2F76BF90028D2D10137FFB20134A7
S21403120008F11208B5E700BFEA660020E25D002099
S214031210EE66002010B5054C2046F2F703FA20468A
S214031220BDE8104000210DF069BE00BF344A00201F
S2140312302DE9F0432A4D87B0F6F7F8FB2A782949BB
S2140312402948FFF7A7FC09212A782848E9F7AAFFC7
S2140312500026244FDFF89C80DFF89C902B78F4B2AE
S214031260A34202D807B0BDE8F08304F582300B2210
S21403127003A900F5C070DBF729FE4FF6F670BDF83C
S21403128014209DF81630511E89B2814215D80020CD
S214031290C3F3C003DB1840EB0001CDE90031214660
S2140312A003ABFFF7A7FC0028DCD14FF4805327F8E5
S2140312B0143048F8240029F8140004F5833001227A
S2140312C00DF10A0100F58070DBF700FEBDF80A2079
S2140312D0064B01361A558022054B1A55BEE700BF4A
S2140312E03A710020E05F00208013002099660020FA
S2140312F0DB660020D8480020D25F002010B50A4BDA
S2140313001C780DF02FFFFF280DD0012C38BF0124C9
S214031310064A230232F8101019B101EB1313A3EB9C
S214031320111322F8103010BDA4670020D25F0020EE
S2140313302DE9F047002506460F46AA46DFF84490F7
S214031340DFF8448099F80030ECB2A34202D8504646
S214031350BDE8F08720460DF05DFFC2070CD520469A
S2140313600DF058FF830707D438F8143037B13343EA
S2140313704FF0010A28F814300135E3E723EA0603A1
S214031380F6E700BF3A710020E05F002010B5084B77
S214031390084A1C780023D9B28C4201D8002010BD1D
S2140313A032F8021B013330EA0101F4D10120F6E7DB
S2140313B03A710020E05F0020F0B50C464FF6F77157
S2140313C087B08A4286461D469DF8306002D90020C3
S2140313D007B0F0BD596818680DF10C0CACE80300B3
S2140313E02C49ADF814200978A142F0D900218DF8D4
S2140313F01660B61006F00206019170462146009666
S214031400FFF7F8FB0028E2D1234B244A43F82400D5
S2140314109DF83830224E1B0222F814304FF4A043B6
S21403142004F582300B2226F8143003A900F5C070A9
S214031430DBF778FD9DF834301A4913F0040F17BF15
S2140314400123194B0B5536F814300CBF1B7843F0A9
S214031450080304F583300CBF0B5526F8143001221D
S214031460214400F58070DBF75DFD00210F4B104A29
S2140314701B782846234442F82310E7F713F80D4B4E
S2140314801855284607F0F7FE0B4A01201378013358
S21403149013709DE73A710020D8480020D25F0020E1
S2140314A0E05F00209966002023710020337100203E
S2140314B004480020DB660020ED660020054B1B7801
S2140314C0834206D90021044B044A1B78034442F89E
S2140314D0231070473A71002033710020044800201F
S2140314E0074B084A18780023D9B2884200D87047B9
S2140314F01188013321F4805122F8021BF4E700BF60
S2140315003A710020E05F002030B585B004460D46F2
S214031510E6F7C0FDA04202D8172005B030BD20462E
S2140315200DF078FEC007F7D504F582300B2201A92B
S21403153000F5C070DBF7CAFC9DF80E2001AB03CBA9
S21403154069609107286030D412F0080F0CBF04239B
S21403155003232B722046FFF79DFB154B68811B5D0B
S21403156020466B730DF03EFE124A2873135D4FF44C
S2140315707A7103F00F03AB73135D002013F00F03B0
S2140315801FBF03F1FF32022393403C2218BF53438D
S214031590094A08BF0A2352F82420B2FBF1F29A4202
S2140315A02CBF00239B1A2B61B7E70223D1E700BFAA
S2140315B0DB66002099660020D8480020F8B51F4E49
S2140315C004463378834237D0FFF764FB4FF6FF7742
S2140315D0B84231D020463470FFF704FA2046FFF7AE
S2140315E059FB054609F0B8FD012301461A4628466D
S2140315F00BF003FF2046FFF72BFB0546E0B9104A26
S2140316001378013B1370F4F7B5FB294620460BF01D
S2140316107BF980220B4B204623F814500A4B1A55AD
S2140316200A4B23F8145009F022FD2A4639461120A6
S2140316300EF006F8FF233370F8BD00BF717100206B
S214031640ED660020E05F0020DB660020D25F00200E
S2140316502DE9F04F0E4615464FF000098BB01F4696
S2140316609DF854309DF850A0DFF84CB104900593D4
S2140316709BF800205FFA89F4A24207D84FF6F77367
S2140316809D421CD817F0020B3FD01AE02046FFF706
S21403169001FB804604F582300B2207A900F5C070D3
S2140316A0DBF714FC4FF6FF727EB9904516D14FF662
S2140316B0F7729DF82630954203F0EF0311D94FF6E3
S2140316C0FF7528460BB0BDE8F08F904506D008227C
S2140316D0304607A9EAF7B2F80028E8D009F101096D
S2140316E0C6E79F4207F002082CD0F3F70FFC00284A
S2140316F057D12D4B2D4A1B78234412F823B020468E
S2140317000BF023F9B8F1000FDBD1E6F7C3FC284B47
S2140317101B788342D3D0002108460DF0F3FCFF2844
S2140317200446CCD0059B0146CDE901A32A463346A1
S21403173004980097FFF740FE0028C0D0F4F71AFB82
S214031740D8460FE02046FFF7A5FAA842CDD1B8F158
S214031750000FB6D13046E6F7A5FE164B18553046B1
S21403176007F089FD514620460BF0A2F82046FFF706
S21403177091FA054609F0F0FC0023014601222846AB
S2140317800BF03BFEF3F7C2FB28B9074B074A1B785F
S214031790234442F8238020460BB0BDE8F04FFFF702
S2140317A079BA4FF0000BAAE73371002004480020F3
S2140317B0ED660020DB6600203A710020F8B50026AF
S2140317C0104F3C78F5B2AC420FD800250E4B6400A0
S2140317D0224629460D481D70E9F7E4FC22462946B1
S2140317E0BDE8F8400A48E9F7DDBC2846FFF7FAF8F3
S2140317F0002128460BF088F82846FFF729FA013619
S214031800DFE700BF3A710020ED660020E05F0020AE
S214031810D25F0020024B80211A780248E9F7C2BC47
S2140318203A710020DB66002038B50DF09BFCFF28DC
S214031830044616D00B4D35F810301B0711D50A4B4E
S2140318400A491B7801220B54014400F5833000F546
S2140318508070DBF767FB35F8143023F0080325F8B0
S214031860143038BDE05F0020237100209966002005
S2140318702DE9F04F794B05461B788946022B174610
S2140318808BB004D0002630460BB0BDE8F08F0EF0C8
S21403189008F806460028F5D14FF6F9739D4262D044
S2140318A04FF6F8739D4276D02B0A28460DF11E019B
S2140318B08DF81C308DF81B50F2F708FC002814BF77
S2140318C0B0464FF02008B34614BF06230E23022269
S2140318D029463846039300F0EBFC01220446039B9B
S2140318E0002840F0B880DFF880A18DF818209AF819
S2140318F000204946CDE900008DF81A208DF81D001A
S21403190006AA4FF6FC708DF819800BF0B9FB8146DA
S2140319100028B7D009F020FCB8420FD0484609F09B
S2140319207BFA394604300DF0C4FE384604A90AF0A3
S21403193076FF70B1484604A90BF030FC484B1B7881
S214031940033B012B2BD84FF6FF7148460AF039F8B4
S21403195006469AF80030FF2B0EBF01230133DBB295
S2140319608AF800308FE74FF008084FF0200B3C4B07
S2140319701B78033B012B85D909F0EEFBB84281D1D6
S21403198009F0EAFBFC238DF81B30FF2305468DF890
S2140319901C3006239BE74FF01008C346E7E70BF01F
S2140319A09DF880460028D4D009F0D6FBA8422DD156
S2140319B02C4B1A7852BB03214846F3F727FE002820
S2140319C0C7D09AF80030A8F8007088F804300023CF
S2140319D088F8053088F8083009F0BEFBA84202D123
S2140319E0204B1B7853B109F0B7FBB84206D12CB194
S2140319F0237923F0030343F00103237100224FF6F8
S214031A00FF710C200DF01CFE0126A2E7594628465E
S214031A1008F1070200F078FC0446002899D000225B
S214031A2003214846F3F7F2FD0028CAD1237903F0D1
S214031A300303012B8DD109F08FFBA84203D1094B79
S214031A401B78002B85D0237943F0030323714FF6CD
S214031A50FF7323807DE7164615E700BFF466002074
S214031A60F566002072710020C467002037B50E4B60
S214031A7005461B780C46033B012B11D9E6F72EFBD4
S214031A8001280FD0821E53425341590128460DF1B7
S214031A90070200F039FC18B1002144800BF005F86A
S214031AA003B030BD1021F1E7F56600202DE9F043C1
S214031AB08BB0857AB0F8069004460E46174609F0B2
S214031AC04BFB8145804605F0400541D100216088E7
S214031AD009F086FD0246002E44D1082304A9C14519
S214031AE001EB03060CBF234902A90868496803C62D
S214031AF0A2B3022100268DF8172001228DF81010BC
S214031B00217A45F020058DF81210A18808338DF848
S214031B101310090A8DF81410E188CDE900268DF814
S214031B201510090A8DF816106088314604AA8DF838
S214031B3011500BF0A5FA054680B1618809F0A3F8A9
S214031B4079003246284601F0FE01F3F75FFD06E012
S214031B50E08802A90AF063FE0028B7D100200BB084
S214031B60BDE8F0833068716806AB03C345F0100523
S214031B701023B3E7776700202DE9F74389461E460F
S214031B800746904609F048F900210446304609F016
S214031B9027FD054609F10701384601F02DFD7DB105
S214031BA0B8F1000F02D103781D44EDB205706378D7
S214031BB01A0716D569463046F2F788FA024618B170
S214031BC0002003B0BDE8F0830821684609F056FA02
S214031BD00028F5D120460BF0B4FA08226946E9F747
S214031BE033FB09F0B9FA0146201D0DF062FD637858
S214031BF0DB0603D538460C490BF0D0FA3146A01C59
S214031C000DF057FD3146384609F03DF8074A13787C
S214031C100133DBB21370E371A3790BB10120D0E774
S214031C200123A371FAE700BF77670020F26600205E
S214031C30FF232DE9F04F8FB08146164605918DF8A8
S214031C4022301AB301230BAA0AF0A2FE9DF83650DF
S214031C500446EF0625D50027059BBDF8308003F123
S214031C6008024946D2B20823009709A8CDE90977A6
S214031C700DF01EFE3A46404609A9F8F7A5FC0028D3
S214031C8040F08C80A90627D510220DE013460BAA38
S214031C900AF07EFE9DF836500446A80663D5062253
S214031CA002E0AA0618D5082200230599BDF832706B
S214031CB00A44CDE9093349460093D2B2082309A85A
S214031CC00DF0F6FD384686F0010209A9F8F77CFC0C
S214031CD0002863D1002E46D0BDF8307009F03CFAD8
S214031CE0874249D038460DF0DCFD8046002E45D1AC
S214031CF0BDF82EB00021584609F072FCBDF82C3012
S214031D000390184606930DF0CCFD064609F024FA18
S214031D10069B834242D0B64B1B78033B012B3DD92F
S214031D2015F04003049339D1039B0BB9002E35D02D
S214031D309DF83570039B05F018051F44FFB2082D68
S214031D408DF835706CD120230493002C40F041812C
S214031D500AF0C4FE054608B3002E40F0B2803346B0
S214031D600126B24674E0BDF8327009F0F5F98742F1
S214031D70B8D14FF00108BBE74FF00108002C43D061
S214031D809C4BE279678803EBC20633F83220BDF832
S214031D9032309A4205D04FF6FF7323800FB0BDE86A
S214031DA0F08FBDF82EA0B8F1000F08D00021304602
S214031DB00AF07BFEA6F802A00AF089FBEEE7BDF860
S214031DC030000AF07AFE0546414630460AF06DFEBC
S214031DD0A6F802A0884E2DB1414628460AF065FEB5
S214031DE063886B800AF073FB3378002BD6D03B46B0
S214031DF0002248460599FFF7BFFE0028CED0394695
S214031E00484609F0DEFDC9E70AF061FB7A4B1B780A
S214031E10002BC3D0B8F1000FC0D14FF6FF77E6E72B
S214031E20102D01D1049590E7B8F1000F8DD1002C49
S214031E303AD0C2460021BDF832000DF1220200F06E
S214031E4063FA03460028A9D0002E40F0CA80254630
S214031E500499BDF830000DF12302079300F054FAFD
S214031E60044600289AD0644A079B1278002A78D042
S214031E70BAF1000F26D102462C466179B9427ED9C3
S214031E802546A4F802B067711446002B00F09E8026
S214031E909DF82230EA799A4200F09880002E40F0AE
S214031EA08E80EB7100253FE00AF018FE04460028FA
S214031EB03FF474AF4FF0010ABCE700220126134635
S214031EC0DBE70126B8F1000F1ED107F089F87E2361
S214031ED0B0FBF3F202FB130005993A4605315FFAAD
S214031EE080FA484601F0AEFB4FF6FF71484608F00D
S214031EF0CAFE039B032B2CD9AAF17E0A022148466D
S214031F005FFA8AF2F3F782FB069BA5F802B02B80F2
S214031F109DF834306F712B7100232B72002E42D143
S214031F209DF82230EB710125B8F1000F3FF436AF70
S214031F30484609A90BF012F900283FF42FAF2A46AA
S214031F4009A90BA8FFF7B2FD28E700262546344665
S214031F50BBE7039B012B94BF0AF1020A0AF1420A6C
S214031F60CCE7BAF1000FCFD16979B94209D9A5F800
S214031F7002B06F71002B8BD1002E93D024E0254640
S214031F801446049A002A3FF409AF8F427FF406AF43
S214031F90039307F025F883077FF400AF039BA5F8A8
S214031FA002B06F7171E7FF23EB71002CBBD00125E4
S214031FB02379A4F802B023F003032371B4E7FF23C5
S214031FC0EB71002C3FF46EAF0025F1E7002CD3D164
S214031FD068E7002E7FF471AFB246254601265346C6
S214031FE036E7BAF1000FB0D15646524645E700BF72
S214031FF0F56600204A5F00203971002070B50C4B4F
S2140320004FF6FF751C78002302460A489C4201D10E
S214032010002005E00688964206D1AA4201D10B703D
S21403202070BD8679002EFAD001330830DBB2EDE7B7
S214032030387100204A5F0020002210B50A4B1C7836
S2140320400A4BD1B28C4201D8002010BD5988814278
S21403205004D11979890701D1997911B1083301326D
S214032060EFE70120F1E700BF387100204A5F002048
S21403207010B5084B01461C780023074AD8B28442A1
S21403208001D8FF2010BD914203F10103FAD00832B4
S214032090F4E700BF387100204A5F002038B50446D5
S2140320A0FFF7E6FFFF28054603D13F210B480DF057
S2140320B020FA4FF6FF7320462380A37103210AF00C
S2140320C0F4FC074B07481A7800210732D21002FBAC
S2140320D00500BDE83840E9F765B800BF8293040001
S2140320E03A710020CA660020F8B504460026124D51
S2140320F0124F3A78F3B29A4209D800224FF6FF718C
S2140321000F4B1D780F4BD0B285420BD8F8BDFF2C72
S21403211002D0AB79A34202D12846FFF7BFFF0835AA
S2140321200136E6E7FF2C02D0187AA04201D11980C7
S21403213019720A330132E6E74A5F0020387100203D
S21403214037710020225F0020FF28F8B504462CD004
S214032150164B1B78834203D8802115480DF0C9F926
S2140321604FF6FF75134A32F8341002EBC4000379B6
S214032170A94203F0030318D0012B16D100220E4BFD
S2140321801F780E4BD6B2B74203D8BDE8F840FFF728
S21403219085BF1E88AE4205D093F807C0A44504D079
S2140321A0B14202D00A330132ECE7F8BD38710020A1
S2140321B0829304004A5F002037710020225F0020CC
S2140321C02DE9F74304F0CFF9324B1B78033B012B81
S2140321D021D9314B1D88451BADB2E5B118804FF6AA
S2140321E0FF7700202D4A13782B44C3F3C81403F05B
S2140321F07F0313702A4B2B4A1E78C3B29E420DD818
S21403220000264FF6FF77284CDFF8A09099F80020B9
S214032210F3B29A4216D803B0BDE8F0831388BB42E4
S2140322200DD0137999070AD104EB9311022928BF1D
S214032230022103F03F0389B243EA81131371083284
S2140322400130DAE734F80A8CB84506D014F8043CB3
S214032250AB4205D95B1B04F8043C01360A34D5E7C8
S21403226008F07AFF804534F80A3C04F8027C24F828
S2140322700A7C09D018460DF10701FFF7BFFE18B117
S2140322809DF80700FFF760FF14F8030CFFF75CFFE9
S214032290E3E700BFF566002076600020C5670020F0
S2140322A0387100204A5F00202C5F00203771002021
S2140322B0F0B500244FF6FF7703461048DFF844C016
S2140322C006780F48E5B2AE4201D800200FE0058835
S2140322D09D4210D13AB1012A16BFC57905793CF85B
S2140322E03550A94207D1BB4202D114238371F0BDF6
S2140322F0057A002DFBD00A300134E3E7377100205E
S214032300225F00204A5F0020F8B50D4611460746B7
S2140323101646FFF773FE002836D102464FF6FF7CBB
S2140323201E4B1F4C1978D3B2994206D800231C4C77
S2140323308B4221D1F8BD0834F5E7B4F800E001324A
S214032340E645F8D133700123278023710021A1715C
S21403235065B1144B45F008051A782571D31DDA10BC
S2140323603078114B02FB0030E8F71CFF2379204638
S21403237003F03F032371DDE722799209022AE1D0B5
S21403238001330834DBB2D3E7037904469A071EBF4A
S21403239023F0030343F001030371D7E738710020EA
S2140323A04A5F00203A710020CA66002073B50DF11B
S2140323B007010546FFF722FE40B103799A0705D1C8
S2140323C013F0300404D043F00303037102B070BD6E
S2140323D028460AF07AFB094B4FF6FF711D78234611
S2140323E09DF80760064AD8B28542EFD9D079013303
S2140323F0B04204BF118011720A32F4E7377100202D
S214032400225F002030B50A4BCC081B78094D0733F2
S214032410DB1000FB0340012301F007018B402C5C1B
S214032420DBB212B11C432C5430BD24EA0304FAE792
S2140324303A710020CA66002070B50B4B04461B7821
S214032440834204D840F24B2108480DF052F8002589
S214032450074E3378E8B2834200D870BD0022214687
S214032460FFF7D0FF0135F4E73A71002082930400AA
S21403247038710020FF2810D0FF290ED0084BCA0859
S2140324801B7801F007010733DB1000FB0323054A23
S214032490D05CC84000F0010070470020704700BFC2
S2140324A03A710020CA6600200148F0F7CBBD00BF92
S2140324B0786000202DE9F0471E464D4B8CB01B6814
S2140324C01546074688469DF8509003F0080A08F01C
S2140324D043FEA8423FD1B9F1000F14D06EB9ADF850
S2140324E006603D4604242246414628460AF089FBF8
S2140324F000F001000CB0BDE8F0870023ADF806300D
S2140325003D4606243AE038460CF02CFEFF280446E7
S21403251005D0F2F7FBFC10B12046FEF7CFFF96B1CD
S2140325200023ADF80630F8F7FDF80028E8D00624B7
S21403253040460DF1060202A909F0F7FCD8B9404659
S214032540F8F7F8FA17E0ADF80660F8F7EBF80028A6
S214032550C7D00424ECE73EB3BAF1000F2ED0002315
S2140325600B24ADF80630B9F1000F0AD1F8F7DAF804
S2140325702F460028DCD13D46002EB4D0BAF1000F1A
S214032580B1D004F00402414642F0110228460AF094
S21403259038FB22460646414628460AF032FB002808
S2140325A014BF30460020A3E7BAF1000F14D001246D
S2140325B0ADF80660B9F1000F95D1D7E70B2428468E
S2140325C002A9F1F783FD074668B902A807F077F971
S2140325D020B9ADF80600EDE70124F0E744F0020465
S2140325E0ADF80670E6E70023ADF80630E2E700BF75
S2140325F0C84A00202DE9F0471E46744B8CB01B7862
S21403260007460D461446DDF85080002B3ED008F0F2
S214032610A3FD30B36E4B1B68980722D44FF6F773AF
S2140326209C4233D843463A4631462046FBF7F2FEF1
S21403263008F092FD854200F0C5803046FEF75AFB4F
S214032640A04203D10CF08EFD0AF07FF9BA1E534266
S21403265053412946002220460CB0BDE8F0470AF055
S214032660CCBEE7B1F91ED1F1000949EB01094FF6DB
S214032670F7739C4216D90321204606F0C2FC0323B7
S2140326803A4631462046009506F0AAFD08F064FD5A
S214032690A84200F097804FF6FF739C42CBE74FF0BB
S2140326A00109E4E72B463A463146204604F0E0FBB0
S2140326B02146CDE900082B463246384607F04FF947
S2140326C080460146204606F09CFCB8F1000F61D117
S2140326D0B9F1000F12D100233A4631462046009541
S2140326E006F07EFD88F001032A4631462046CDF8E3
S2140326F0009003F00103FFF7DDFE99E7002FEAD011
S21403270003AA9246334B03F1100E94461868596891
S2140327100833ACE8030073456246F6D107A806F013
S214032720BBFD0323306871688DF81C3008AB03C308
S2140327309DF8293007A843F002038DF8293006F0E8
S214032740D6FE90B13068716808AB03C3042307A8AC
S2140327508DF81C3006F0CBFE38B1022307A88DF89F
S2140327601C3006F0C4FE0028B5D1514607A806F073
S214032770FEFE0028AFD0F4F795FB0028ABD1032369
S2140327803A4631462046009506F02AFD08F0E4FC5A
S214032790A84250E743463A4631462046009506F09F
S2140327A01FFDB8F1010F9DD0B8F1020F7FF440AFC3
S2140327B0284607A9F1F78AFC20B93246284607A916
S2140327C00AF0E6F90CB0BDE8F08700BFF06600201B
S2140327D0C84A002002E00400044B1A880AB100220B
S2140327E01A8000210846F9F7ABBF00BF78600020C7
S2140327F000232DE9F0478EB004460D46CDE903339A
S2140328004F7808F0A9FC50B1B64B1B689A0706D45C
S214032810092103A806F09CFC0EB0BDE8F08720460D
S21403282003A9F1F753FC0646002840F05781022F10
S2140328303DD0042FECD1E5F739FC002846D0E5F768
S21403284035FC022840F022810DF124083346324637
S2140328504146304606F0BAFF012103A89DF82550ED
S21403286007F0A7F82840FF2800F0348105AD284676
S21403287008F00FFC002840F02F8195E80F0088E849
S2140328800F003A46414603A806F0DAFE0246002841
S21403289040F02081032303A9CDE9005320463B469D
S2140328A0FBF77EF900280CBF13210621B1E78D4BF9
S2140328B01B689B07ACD40235082229468A48E8F7EA
S2140328C0BDFF0028A4D0E5F7FDFB08B91121A0E75A
S2140328D0864B874E1B78FBB9FFF77EFF30880028B0
S2140328E060D103AF2946384606F0D4FC002800F032
S2140328F0CA8028460DF10A01F1F7C2FB40B90DF173
S214032900240A504608F0C5FB8046002800F087805E
S214032910FFF762FF0F217CE73088002842D101468B
S2140329200CF074FA308000283AD00123082230468F
S21403293003A9F0F7CBFD98BB0123082229463046AE
S214032940F0F7C4FD60BB01230222694809A9ADF86C
S2140329502440F0F7BBFD0346308823B1002848D057
S2140329604FF0100920E00CF0F9F9614907462046BC
S21403297001F0CAFC30880CF0F1F9FFB2874209D1A6
S214032980FF238DF82430012359481A4609A9F0F786
S2140329909DFD28B900210120F9F7D2FE0C2138E766
S2140329A03088DBE74FF007090CF0BCF907463088A0
S2140329B00CF0B8F93488112100F10808204600F01D
S2140329C02DFE10218246204600F028FE08220446EB
S2140329D003A94046E8F732FF002840F0818008222A
S2140329E029463846E8F72AFF002879D1B9F1070FB8
S2140329F001D010210DE704EB0A244546A4B271E783
S214032A0030884FF0010828B1122100F007FEFF2896
S214032A1081461ED12A46B9462046402304E03A465C
S214032A20A9464346BDF80A0043F00303CDE900A3D5
S214032A3049460323FBF7B4F800283FF469AF0721A0
S214032A40484606F085FBB8F1000FD9D0FFF7C4FE61
S214032A50E2E6002108460CF0D9F9ADF8140048B1B7
S214032A60204605A901F050FCBDF814000CF076F9D9
S214032A700028CFD1142300934A463946204633888C
S214032A8001F0FAFBC6E7FFF7A7FE1FE7E5F70EFB25
S214032A90012801D00621BCE605AD32463346294659
S214032AA0009603A8F9F75EFD024608B10A21B0E6D0
S214032AB00C4B20461B6803A95B0003F0040343F09A
S214032AC00303CDE900533B46FBF76AF80028E1D140
S214032AD013219EE605219CE612219AE60B2198E631
S214032AE00E2196E6C84A00207767002094660020E9
S214032AF078600020012330B50D4C85B022788DF820
S214032B000430D5188DF805200E228DF806200A68A5
S214032B102570CDF807204A6801A9CDF80B200B22B3
S214032B20F0F7D4FCB0FA80F0400905B030BD00BF22
S214032B30F1660020014B1878704700BFC667002077
S214032B40142230B58BB005460DEB02011548DAF7B3
S214032B50BDF910BBBDF81430DA0720D413F0060F06
S214032B60C3F3410208BFC3F341220F4B0DF1160115
S214032B709C5C68462246E8F7A5FCBDF8263004F1BF
S214032B8028026A4402F8283C02341B0A02F8273C4F
S214032B9069462A46E0B209F0A5F90BB030BD2320FA
S214032BA0FBE700BF703214E012E0040010B58AB0F1
S214032BB0ADF826200022CDE9052204920CAA029243
S214032BC04FF6FF720446AC2101200192064A039099
S214032BD004FB0122603200924CF620010DF126021E
S214032BE00AF031F80AB010BD4858002000B58BB083
S214032BF0ADF824309DF8303003208DF826300023BE
S214032C0003900A4909A8CDE90130CDE905330493B9
S214032C1001F160030093B1F85C3002204CF660418A
S214032C200AF011F80BB05DF804FB00BF485800200B
S214032C3010B54FF6FF741E4A8AB0B2F86800B2F8B1
S214032C405E10A042ADF82600B2F85C304FF6FD7079
S214032C50ADF8241018D081424FF0000094BF48F618
S214032C6060014CF66001CDE90500CDE90300CDE92E
S214032C70010094BF09AA603200920DF126020420D7
S214032C8009F0E1FF0AB010BD81424FF000008CBF8F
S214032C90603209AA00928CBF4CF6604148F6604148
S214032CA0CDE90500CDE90300CDE90100014AE6E7D9
S214032CB048580020B258002000B50E4B0022B3F847
S214032CC05E308BB0ADF824304FF6FF73CDE90522A6
S214032CD0CDE90322CDE9012209AA00924FF400614F
S214032CE00DF126020720ADF8263009F0ACFF0BB035
S214032CF05DF804FB4858002030B58BB08DF82530BE
S214032D001B0A8DF8263000230D4991F85840CD6DE7
S214032D10B1F85C00CDE905330493072360310393D0
S214032D2008ABCDE9010300914FF6FF734CF6204143
S214032D30082008958DF8244009F085FF0BB030BDB8
S214032D404858002070B54FF6FE76294C1D46B4F859
S214032D505E10B4F85C30B14294F85C00A2B04FEA5F
S214032D60132321D14FF440416034ADF808108DF899
S214032D700B008DF80C3003CC0DF11504CDF80D00C7
S214032D80CDF811102270120A627000221146104606
S214032D90A270E270ADF8062008F01CF8ADF8060045
S214032DA090B9002022B070BD4FF400448DF80D108A
S214032DB0090AADF808408DF80B008DF80C308DF835
S214032DC00E100DF10F04DDE7043402A9621A012385
S214032DD092B20DF10600F0F779FB0028E1D1BDF8B9
S214032DE006002A4601210BF0E9FFBDF80600D9E7E5
S214032DF048580020202A10B5144614D8012A04D1B6
S214032E000C88B4F5004418BF0124620030B10748AB
S214032E10E8F71AFA064B00201C7010BD0548E8F7C1
S214032E2013FA054BF7E72120F7E700BF7A60002087
S214032E30C7670020BA600020C86700202DE9F04766
S214032E40104617460CF033FCDFF814A1DFF8149194
S214032E509AF8003099F800200546134302D1002063
S214032E60BDE8F08710F4406800F0400619D186BB31
S214032E70B0F5804F5CD24FF4807400239AF80000BC
S214032E80344AD9B288425DD8002399F80000324A02
S214032E90D9B28842E3D932F8021B0133A142F7D1F3
S214032EA055E0F81C0CF003FC4FF6FF73984214BF72
S214032EB00124022486B1052605F44043B3F5004FEA
S214032EC044F0080424D0B5F5804F23D244F480742C
S214032ED020E044460326EFE7B5F5804F4FF005069E
S214032EE0F4D3B8F5406F14BF0220082030443844AA
S214032EF00CF0DDFB194B05F44045B3F85C30834218
S214032F000CBF44F0080444F00404B5F5004F01D1A7
S214032F1044F08004B8F5006F0ED1B8190CF0C7FB67
S214032F200E4BB3F85E308342A7D144F01004A4E7F7
S214032F30444603260220D9E7B8F5406F08BF44F09D
S214032F4020049AE732F8021B0133A14299D10120EB
S214032F5086E700BFBA6000207A6000204858002049
S214032F60C8670020C76700202DE9F04F104685B0DC
S214032F70164698460CF09BFB5D4F00F00803B7F827
S214032F805C10044600F00709F01C02930391B7F89F
S214032F905EB00CF08CFB06F1050A054650460CF0B5
S214032FA086FB03464FF6FF70854218D00399A1EBC4
S214032FB0050CDCF1000545EB0C056D004FF6FF71C3
S214032FC08B420ED145F004050CF07CF9029B6BB1E5
S214032FD0B9F1000F11D0422005B0BDE8F08F0125EE
S214032FE0ECE79B4508BF45F00805EDE7B9F1030F8D
S214032FF0F1D8DFE809F0021B795D0CF063F908B934
S214033000A807E8D524F00804A4B2B4F5004F05D009
S214033010B4F5624F02D0B4F5404FDCD10025294603
S21403302097F8A820002007F0D5FE3CE0D7F88030BC
S214033030E3B9002132460846FFF700FFD8B948F641
S214033040410224F038039BB29342C4D10A2D49D0DF
S214033050062DC0D197F87730023B012BBBD8EEF78D
S214033060AFFF0028B7D140F6040505E041463046D9
S21403307098470028DDD00825E20648BF45F08005BE
S214033080A30648BF45F4805505F00C03042BC6D1B0
S214033090F01D0CF00CFB97F8A8303246009341461F
S2140330A02B4607F06CFE08B30E9B1880002093E7B0
S2140330B0A90705D14FF6FF73B7F85C209A428AD169
S2140330C004F44063B3F5006F0AD0B3F5406F82D1C2
S2140330D0082250460749E8F7B1FB00287FF47BAF88
S2140330E00C25C9E70425C7E7432075E7192073E7CE
S2140330F048580020A8580020034B1A781AB1FF2A14
S21403310004BF00221A707047CA67002070B5084CC7
S214033110084E2378F55C1DB13E2107480CF0E9F90B
S214033120FF2223782846F2540023237070BD00BF85
S214033130C9670020CA67002090930400034B044A23
S2140331401B78D05CFF3818BF01207047C967002082
S214033150CA6700200023074A07491360074A13601B
S214033160074A1360074A11600121074A1170074A8C
S2140331701360704780590020D1CD03007C5900208E
S2140331807859002058700020737100208859002059
S2140331900E2A70B50C4606461546194603D9FFF7A0
S2140331A0D9FF502070BD012807D10020EEF722FF7B
S2140331B0B0B1FFF7CFFF2120F4E780220021224B96
S2140331C01A70224B1960224B1B684BB134200BF04C
S2140331D01DFE204B188018B9FFF7BCFF0120E1E75E
S2140331E024F0FF6323F4FF231BB1FFF7B3FF4F2045
S2140331F0D8E774B92046EEF717FF0124032510F02D
S214033200800F43B21BBF00F01F039C409C4044F05A
S21403321078440020104B24F078441E700F4B10495E
S2140332201D70104B1C60104B1870104B1A68EFF78C
S21403323097FA18B1FFF78EFF0420B3E79DF8102026
S2140332400B4B1A70AEE700BFCB67002084590020F3
S21403325078590020FA600020D0670020CE6700204F
S2140332605535030088590020CF6700208059002079
S214033270CC6700207FB5244B00251A78012323480A
S214033280234903FA02F200781A440A60ADF80E5096
S21403329020B3984236D11F4C1F4B20781B680DF184
S2140332A00E0198471D4EBDF80E20307092B11C4B90
S2140332B029460093284602230195EFF78BFA3278C6
S2140332C0237822B1012A12BF1B230133DBB22370FA
S2140332D004B070BD013818BF0120F0E778235A43C5
S2140332E0013A0A6008220F490BF0D6FC0B49094A3B
S2140332F00978137821B1012912BF1B230133DBB2EE
S2140333001370E5E71846E3E7CE670020D067002092
S2140333108C590020CF67002058700020737100205E
S2140333209135030051F20300024B1868003818BFAA
S214033330012070477859002037B505461C460BF028
S214033340C1FF68B974B1084B1A60084B0A461C6083
S2140333500123294600930323FFF71AFF03B030BD6A
S2140333604D20FBE72520F9E7745900207C590020FF
S21403337013B504460BF0A6FF58B962B1074B1A60A3
S21403338001230A46009321460323FFF701FF02B0F9
S21403339010BD4D20FBE72520F9E700BF7859002034
S2140333A02DE9F0410446DDE906861D469DF82070AA
S2140333B00BF088FF88B99EB1A2B10B4B01201A60AF
S2140333C00A4B0A46C3F80080094B21461E602B466B
S2140333D00697BDE8F041FFF7DBBE4D20BDE8F08160
S2140333E02520FBE72120F9E75870002080590020AC
S2140333F07C5900200148EFF725BE00BFFA60002085
S2140334002DE9F0410020EFF719F9114B114C1E6816
S214033410114B20881D68114B114FD3F8008010B153
S2140334203978EFF7E9FF00203870FFF793FEEFF7E0
S21403343023FC0EB14046B0473DB12088A847002381
S2140334402380BDE8F0410CF0CFB8BDE8F08100BFA3
S2140334507C590020FA600020785900208859002003
S214033460D1670020F8B52F48F0F7DCF82E4B187814
S21403347030BBEEF7D9FD2D4F06463B6803B32C4B06
S2140334802C4D1C6824B195F900301A461946A047FE
S214033490294B1B6883B1294C2378312B0CD8284B36
S2140334A018880BF03FFC23785A1C22702A78C254E3
S2140334B023785A1C2270C65480232B7000233B604B
S2140334C0204C23781A2B22D81F4A1278012A09D1B6
S2140334D000211E4A156825FA03F0C007DAB20ED596
S2140334E001B122700020EEF79FFD2178884212D1A9
S2140334F00022174B1A70FFF7BDFE40B9F8BD013323
S214033500D8B21A284FF00101E5D90A442270BDE863
S214033510F840FFF775BF0020EEF798FD0028E7D0C8
S214033520F5E700BF5C700020D067002084590020B8
S21403353074590020CB67002078590020D1670020FB
S214033540FA600020CF67002073710020885900209E
S214033550CD67002008B50B4B187880B90221EEF72B
S21403356037FD094B1B782BB100214FF6FF72084637
S214033570EEF710FDBDE808400448FFF773BF0021CF
S2140335800846ECE7D0670020CC6700205C7000207C
S21403359038B5144B0C461D78012D21D181B9084648
S2140335A0EEF742FD104A05FA00F013680F4923EAC6
S2140335B00003136020462A46BDE838400BF06CBB78
S2140335C00B4A13780133DBB2022B137004D9BDE820
S2140335D038400848FFF746BFFFF74CFE0028F6D1F1
S2140335E038BD00BFD06700208859002051F2030081
S2140335F0CD6700205C70002038B50C4605460BF0FE
S214033600ADFBA04203D82D2103480BF072FF2846DA
S2140336100BF088FB204438BDA493040070B506461F
S2140336200D460BF07FFB044648B130460BF096FB85
S214033630A84203D8352102480BF05BFF605D70BDDE
S214033640A493040070B50C46064615460BF086FB9D
S214033650A04203D83E2104480BF04BFF30460BF044
S21403366061FB00B1055570BDA49304002DE9F0433A
S2140336701E46574B8FB01B780746033B012B0C4661
S21403368015469DF8588007D8F4F718FA20B1F0F7D6
S2140336901DF908B144F400544E4B1B7813B924F4B7
S2140336A00074A4B2200509D546B9284604A9F0F744
S2140336B00DFD002846D024F40064A4B2ADF81840EB
S2140336C0ADF81A5007F048FD434BADF81C00B8F1AF
S2140336D0000F02D01A78424501D293F800803F4A81
S2140336E0E105137848BF0DF1210103F10103DBB2B5
S2140336F0137058BF08A922058DF81E808DF81F3059
S21403370006D53368083141F8083C736841F8043C31
S214033710E30407D5324A0831136841F8083C536876
S21403372041F8043C0DF11808A1EB08005FFA80F994
S214033730002148460BF06AFB064628B900200FB066
S214033740BDE8F08304AEB9E70BF0ECFA41464A460F
S214033750E7F7B8FE30460BF001FB804630460BF029
S214033760E1FA0023024600934FF6FF7004235FFA44
S21403377088F107F004FBADF80E000028DED040F217
S21403378001131C421AD14FF6F7739D4216D80BF05D
S214033790E5FA0DF10E010446284600F0B5FDBDF826
S2140337A00E000BF0DBFAE4B2A04207D9BDF80E0018
S2140337B007F032FB437843F004034370BDF80E0072
S2140337C03A4601210BF0FAFABDF80E00B7E700BF40
S2140337D0F5660020F066002025710020F2660020C2
S2140337E077670020F0B50829D58889B028D00C293A
S2140337F026D0AE0424D405F040030B43424C26786F
S21403380016B105F0200423432FB2002FB8BF43F0B0
S2140338108003032920D11223AC068DF80430937A53
S21403382010D48DF805300DF1060401A9621A0123A0
S21403383092B2EFF74BFEB0FA80F0400909B0F0BD44
S2140338400B46DBE732228DF805308DF80420002E78
S214033850E9D00DF11304E8E70C298DF804300ABF0C
S214033860138953798DF80530548805BF1B0A8DF8E4
S21403387006308DF805300DF1070318BF0DF106036A
S2140338801C70240A5C70148802399C70240ADC704D
S214033890147901291C7111D8917A002F597131DAE4
S2140338A0022112899971DA71120A03F109041A7254
S2140338B0002EBAD0AB06B8D50534B6E7A9071AD496
S2140338C0002F0CDA117A51B1917A59711189127A53
S2140338D003F1080492B102229A71D971E8E70B4CFE
S2140338E0217801F1010C84F800C091729C1D002F11
S2140338F05971DDDAEAE7917A9C1DF8E70122090A95
S2140339009A71EAE79C1DD3E7F0660020F166002073
S214033910014B1880704700BFFC600020014B1888DD
S214033920704700BFFC6000202DE9F84307460BF004
S214033930D9FD05461B480BF04CFF1B4B60B31C68B8
S2140339403C1B2C44A4B20022184BDFF868901B786B
S214033950174D03EB830399F8006005EB43055FFA05
S21403396082F846450AD9AB8805F10A00A34216D960
S2140339700A23B21A29465A43E7F766FC013689F842
S2140339800060AC80B8F1000F03D1394605480BF050
S214033990B5FA2846BDE8F8833C461D60D3E70546DE
S2140339A00132DCE77C70002090590020D2670020AB
S2140339B09E5D0020D36700201FB5154A154C13786B
S2140339C0013BDBB213706168206801AA03C2218938
S2140339D01180114A1278D21805D00A2320465A437A
S2140339E0E118E7F731FC9DF806301B070DD0BDF84C
S2140339F00C00FFF799FF03468288ADF8082001AA5A
S214033A0003CA1288186059601A8104B010BD00BF3B
S214033A10D26700209E5D0020D3670020002108B5F2
S214033A20084B09481970094B1970094B1A7802EBB1
S214033A3082025200E7F7B6FBBDE808400548EFF7F9
S214033A40F1BD00BFD36700209E5D0020D267002033
S214033A50317100207C700020F8B50024084D094F12
S214033A60094E3B783178E2B20B449A4204F10104E2
S214033A7000DBF8BD2846EFF7E5FA0A35F1E700BFA5
S214033A809E5D0020D3670020D2670020F8B5164657
S214033A900C4B0D4A1B781278074613440B4A0D4607
S214033AA0127893420CD03046FFF73EFF013506816D
S214033AB00780857004460BF010FDE0800120F8BDFA
S214033AC00020FCE7D2670020D36700203171002076
S214033AD010B5064C207828B10548F5F799FD10B1C6
S214033AE0034B188810BDFFF767FFF3E7D267002084
S214033AF09E5D002008B50A4A0346107860B1094A5D
S214033B001088984209D121B99378103323F00F0314
S214033B109370FFF751FF012008BD0020FCE700BFAC
S214033B20D26700209E5D00202DE9F74F00260BF09C
S214033B30D9FCDFF8F890B24699F80070B3463A46D7
S214033B40DFF8EC801FFA80FEB8F800C0344CAEEB0A
S214033B500C039BB201932378324D009303EB83034C
S214033B6005EB4303ACEB0E0C5FFA86FEBE4515D39E
S214033B70BAF1000F01D0009B2370BA422AD3002F5C
S214033B8037D00A222378C8F8000002FB03532648DE
S214033B90998803B0BDE8F04F0BF0B0B9B3F804E072
S214033BA001998E4512D84FF0010A009993F802E066
S214033BB001310EF1FF3EC9B2013AA3F804B083F80F
S214033BC002E00091D2B20A330136CDE7E644A3F809
S214033BD004E0F8E789F800204AB10A222378C8F8F7
S214033BE0000002FB0353104899880BF087F92378EB
S214033BF013B903B0BDE8F08FFFF76AFF0646002847
S214033C00F5D007F02AF80146304607F0DAFE20B171
S214033C1000212888FFF76EFFE9E740F60241F8E740
S214033C20D26700209E5D00207C700020D3670020B2
S214033C30905900202DE9F04192F808801F4608F1BC
S214033C40FF33DBB2EF2B05460E46144688B00BD97E
S214033C5082238DF80E30314628469DF80E30204AD2
S214033C60FBF774FA012037E00E22002104A8E7F7D9
S214033C7099FAB4F809308DF81180ADF81230E37A6A
S214033C8003F07F02032A08D0012B24D103238DF8E7
S214033C901030A389ADF815300EE0032B14BF0223B2
S214033CA001238DF81030E368CDF815302369CDF87D
S214033CB01930237D8DF81430A7F121014A420DF106
S214033CC00E034A41009321460DF10F0304A8FAF7A9
S214033CD093FD0028BFD1002008B0BDE8F08100BFE7
S214033CE03C4A04002DE9F04F00241D7895B0CDE939
S214033CF002010492234622460120CDE9005440499E
S214033D0009F062F9ADF81E00F8B1A3462646274629
S214033D100DF120090DF1380AE4F7B6F95FFA84F8D5
S214033D20404516D83A460221BDF81E00FFF78AFC26
S214033D3032460421BDF81E00FFF784FCDDE90310BC
S214033D400022BDF81E30FBF701FA012015B0BDE8CE
S214033D50F08F4A4640460AA9FAF740FD9DF8282008
S214033D6022B12DB1013DEDB20137FFB20134D3E7E5
S214033D70BBF1000FF8D199E803009DF829308AE8D3
S214033D8003008DF84030BDF82A30032A8DF8413001
S214033D904FEA13238DF8423017BF032301238DF810
S214033DA043309DF82C30DDF83110DDF82D0014BFBC
S214033DB08DF84C308DF8433011AB03C302980CBF1B
S214033DC04FF00E084FF0150808F0C5FA0590BDF839
S214033DD01E000AF0C3FF059900EB080399420BDBAC
S214033DE00123424651460DF11E00EFF76FFB0028F4
S214033DF0ABD10136F6B2B7E74FF0010BB4E700BF1D
S214033E007993040038B505460D4B0E481C88EFF72A
S214033E10F5FB012D0CD10C4B1C88FA21614358B1DC
S214033E20884209D28408012C204638BF012038BDB9
S214033E30022D08BF0224F0E702480BF05FF8F2E712
S214033E409A5D002094490020985D0020012208B561
S214033E50054B06481A7000210BF050F8BDE80840E1
S214033E600020FFF7CFBF00BFC166002094490020A3
S214033E701E4B73B51A8802F108039BB2012B02D8B6
S214033E801B4B1B7823B902B0BDE87040EFF7CABBE3
S214033E900024184B184D1C70184B1C702B787BB1E4
S214033EA04FF6FC73164E009322462346214630886F
S214033EB008F08FFC4FF6FD732C70338001200FE063
S214033EC0104B10461978F4F719FF0028F6D10C4B5F
S214033ED01A884FF6FD739A42F0D0012302202B7006
S214033EE002B0BDE87040FFF78DBF00BF9C5D0020A9
S214033EF0C1660020C4660020C2660020C366002098
S214033F00965D0020C5660020012808B50AD0022861
S214033F100CD020B9084B18700848EFF783FB4FF016
S214033F20FF3008BDBDE80840FFF790BF0020BDE89E
S214033F300840FFF767BF00BFC16600209449002012
S214033F4002280CD859B1064A13780133DBB2137032
S214033F50044A12789A4202D80220FFF7D5BF704768
S214033F60C3660020C666002038B5A0F61343012BAF
S214033F7004460D4615D80E4A13780133DBB2137088
S214033F800C4A12789A420CD84FF6FD720A4B002060
S214033F901988914201BF00221D80084B1A70FFF753
S214033FA031FF29462046BDE8384005F067B800BF14
S214033FB0C4660020C7660020965D0020C266002007
S214033FC000234FF6FD71054A1370054A1370054A20
S214033FD01180054A1370054A13707047C4660020A3
S214033FE0C3660020965D0020C2660020C1660020DE
S214033FF030B5094B02461B7833B1084B084C197889
S2140340000023D8B2884201D3FF2004E0013334F8FA
S21403401023509542F5D130BD30710020C96600208B
S214034020765D00200022FF21044B05481A70054BDD
S2140340301970054B1A789200E7F7B4B8C9660020E2
S2140340407A5D0020C866002030710020F7B58DF831
S21403405007100DF10701044602F0B5FF234B1D7848
S214034060002D41D02046FFF7C3FF214EFF283178AD
S214034070204B05D1204A107885422DD9451C157052
S214034080884219D01C4A1B4D92F800C00022D7B2B2
S214034090BC450CD92F4697F803E00132864505F157
S2140340A00405F4D102B203EB8202D278FA7002B2AC
S2140340B003EB8202D170307002B203EB820123F865
S2140340C02240FF228A709DF80720FF2A02D003EBC6
S2140340D08203987003B0F0BD0A46104603EB8202D3
S2140340E0D278FF2AF9D1CBE7FF20F3E7307100201F
S2140340F0C86600207A5D0020C96600202DE9F843D3
S214034100FFF776FFFF28044669D04FF6FF72354F58
S21403411003B2DFF8DC80344E27F8232098F80050EB
S214034120A54202D10020BDE8F883337820B281008F
S214034130A34207EB800090F803E010D00023294A3F
S2140341405FFA83F94D45944606D99CF803900133EC
S214034150A14502F10402F3D18CF803E001E086F8EE
S21403416000E0013DEDB22A1BD2B20431920039447D
S214034170E7F76AF888F800503378FF2B04D0A34299
S21403418024BF03F1FF33337000214FF6FF70154B46
S214034190CAB2AA420CD300234FF6FF71134ADCB20D
S2140341A0AC42BBD2013332F823008842F7D1B5E7DD
S2140341B09A78A2420BD11880DA78FF2A04D0A2425A
S2140341C024BF02F1FF32DA7001310433E0E7FF2A3D
S2140341D0F2D0A24224BF02F1FF329A70ECE72D2000
S2140341E0A1E700BF7A5D0020C8660020765D002048
S2140341F0C9660020F8B51C4B05461B78084673B302
S214034200FFF7F6FEFF28044629D02846FFF7F0FE00
S214034210FF2806D0154B164E1A780023D9B29142C2
S21403422018D3FF212846FFF711FFFF28014616D0B3
S2140342300546104F23B207EB830237F82300967820
S214034240FFF704FFA84208BFFF25FF2E214608D12B
S2140342502846F8BD013316F823108142DED1FF2528
S214034260F6E73446E6E700BF30710020C966002053
S214034270785D00207A5D00202DE9F04180460E46E9
S2140342801F46002386B001A814469DF830508DF8CB
S2140342900330FCF74BF8ADF804802EB13368CDF845
S2140342A006307368CDF80A3038460AF03BFD0DF148
S2140342B003034219214601A804F0ECFE9DF80330DF
S2140342C093B931464046E4F701F90E4B1B785BB1D0
S2140342D00B2C09D8FF214046FFF7B8FE064605EB30
S2140342E04404E4B2A54202D106B0BDE8F0812946F3
S2140342F0384608F00CFE3146FFF7A8FE02350646A0
S214034300EDB2EFE73071002000232DE9F3470DF1FE
S21403431007028DF8073004460E4602F03FFE9DF86E
S2140343200730054663B92046FFF762FE04465EB1D2
S21403433030880AF013FD5FFA80F8FF2C45D100257C
S214034340284602B0BDE8F087B046F6E701320C2AED
S214034350F5D02DB207EB8505AD78FF2DF6D112F01B
S214034360FF0AECD04FEA4A050235EDB2002EE7D03D
S214034370304605EB080108F08FFD0028DFD15246D2
S21403438041463088FFF75EF90AF1FF3208F1010172
S21403439008F102093088D2B2C9B25FFA89F9FFF789
S2140343A051F924B207EB8404A478FF2CC8D023B2B7
S2140343B0494637F82320308808F0B9FD0028BED1D7
S2140343C009F102095FFA89F9EBE725460022014F56
S2140343D0BFE700BF7A5D0020FF2818BF064B10B565
S2140343E01BBF03EB800433F820302D200B801EBF49
S2140343F0A3780020137010BD7A5D002008B5D1F7AE
S21403440065FBD0F7DDFE00F046FAD2F791FBBDE878
S2140344100840D0F79BBC10B5044601880120D1F7AD
S21403442013FCE3880BB9C823E38010BD37B50446F5
S214034430D1F718FC658885420ED8A188E2888142A8
S21403444005D3431B5343491BB3FBF1F39AB280B224
S21403445040EA024003B030BD0022F8E770B50C46D0
S214034460088800F062F994F84430054683420FD07A
S21403447004F11C06304600F093F984F8445000F02B
S21403448093F9618BA0643046BDE8704000F083B9B1
S21403449070BD38B5044690F844108378826CCB1A06
S2140344A059425941D0F7B8FCE37893B1257985B9D9
S2140344B000F07AF90346A268218A04F11C009C1ACC
S2140344C08C4236BF52182946D11ABDE8384000F050
S2140344D062B938BD09B100F014B900F01CB983887D
S2140344E010B50446DBB1E3780088A178C3B1002396
S2140344F0B1FA81F1E3704909FFF7ECFF4FF6FF725B
S214034500A388934206D1218904F10C00BDE810402C
S21403451000F041B9013B9BB2A380002BF3D110BD41
S2140345200123E370FFF7D6FFE188EDE710B50446F5
S21403453081780088FFF7CEFF0123E3700023A38072
S21403454010BD10B581780446B1FA81F10088490997
S214034550FFF7C0FF0023E370A38010BD70B51E46AF
S214034560838804460D46C18002810BB1868070BDE8
S21403457081780088FFF7AEFF0123E3702946A68003
S21403458004F10C00BDE8704000F005B970B50446B0
S214034590054600262B4655F8040B10B11B1B0C2BA7
S2140345A000DD70BD237C8680002BF3D0637C13B1C3
S2140345B0FFF7BCFFEEE7FFF7C4FFEBE7FFF7E6BF47
S2140345C070B5044605464FF6FF762B4655F8040BA2
S2140345D010B11B1B0C2B00DD70BD8388B342F4D0D7
S2140345E04FF4FA724FF6FF731146FFF7B7FFECE787
S2140345F009B100F086B800F08EB810B50446C06066
S2140346000830D1F793FC21792088B1FA81F1490962
S214034610FFF7EEFFA37943B121796088B1FA81F100
S214034620BDE810404909FFF7E3BF10BD00F0A9B885
S2140346300346184613F8012B8A4201D0002AF8D104
S214034640704710B53B2104460068FFF7F1FF0022D0
S214034650034603F8012B2068236010BD10B540B154
S214034660421E0A24002012F8013F303BD9B2092922
S21403467000D910BD04FB0030F5E708B500F07EF85E
S21403468008B540F2BA4200211020D1F75BFA41F296
S214034690E823584340F6FF7300F2FF70B0FBF3F0D5
S2140346A080B208BD50F80C3C23B150F8041C30F817
S2140346B00E0C18477047084619B1FF21103002F058
S2140346C06ABB704773B505460E466DBA1446D1F7F6
S2140346D063FBADF804507EB1012C04D0032C09D043
S2140346E00022012101E02246022101A8D3F7EEFBB6
S2140346F002B070BD0022F7E7042132460DEB01003D
S214034700F4E707B540BAADF8040001A8D3F712FCE6
S21403471003B05DF804FB07B540BAADF8040001A882
S214034720D3F734FC03B05DF804FB002307B540BAA7
S214034730ADF804000DF1030101A88DF80330D3F79B
S21403474051FC9DF8030003B05DF804FB007800F00D
S214034750DF03552B07D0642807D0663818BF4FF001
S214034760FF30C0B27047012070470320704718B16E
S2140347702D280CBF012002207047704708B501F0B2
S214034780FCFE08B500F04FF8BDE8084004F048BC4E
S21403479050E9023018470A460830FF2102F0F2BA01
S2140347A0FF21083002F0FFBA08B50AF0FAFEBDE8AA
S2140347B0084009F06BBB2DE9F041044600274FF093
S2140347C00C0E8F4202DB0020BDE8F0812078904279
S2140347D004D1002594F80780454502DB01370C34E5
S2140347E0EFE70EFB05F6D4F808C00CEB06003CF822
S2140347F006609E42E8D00135EEE708B51288D1F789
S214034800EBFB50B10279BDF80C309A4207D88168A9
S2140348100298E6F719FD002008BD8620FCE78920EC
S214034820FAE7D1F7D7BC002004F07EBC2DE9FF41A0
S21403483005460E4617469846D1F7CEFB044680B18A
S21403484031462846D1F780FBA378A268B8F1000F5B
S2140348500AD021792846CDE900213A463146D1F7D8
S21403486025FD04B0BDE8F0818178CDE90132002949
S2140348700CBF802340233A4631462846CDF80080B5
S214034880E0F738F8EDE708B504F0BEFC002814BFDF
S2140348900320002008BD704708B502F058F9FFF75B
S2140348A0ADFDD1F739FD642004F007F8642004F069
S2140348B003F802F04EF9D0F775FA08F041FFF8E76F
S2140348C02DE9F041D0E90176437B04460D4613B14A
S2140348D033463E461F46FFF767FF012D20643846E2
S2140348E00FD1D0F743FB3046D0F764FB25736078CF
S2140348F00023BDE8F0414FF47F424FF48171FFF788
S21403490095BF022D05D1D0F755FB3046D0F72EFBC9
S214034910ECE7D0F74FFB3046D0F74CFB0025E5E736
S21403492038B5037B04468B420D4607D190F84430D6
S2140349305BB3BDE838404830FFF732BFFFF734FFBC
S214034940216C431AC72B0CD80123C83184F8455071
S21403495084F84430091A04F14800BDE83840FFF7EC
S2140349601ABF0DB1237B2BB929462046BDE8384034
S214034970FFF7A6BF00212046FFF7A2FF0123C821A9
S21403498084F8455084F84430E5E738BD90F8451080
S214034990FFF7C6BF0121FFF7C3BF0221FFF7C0BF62
S2140349A00021FFF7BDBF4FF60173994210B50446C9
S2140349B002D10021FFF7B4FF2046BDE81040D1F72F
S2140349C04DBE032910B504462BD0007B30B9012910
S2140349D003D002290CBF0120FF2010BD032A07D8ED
S2140349E0DFE802F00208101401291CD002291FD0A8
S2140349F0FF20F2E70029FBD1B4F85C20012A12D08D
S214034A00022AF4E704290ED00529F0E7042914D076
S214034A10052914D00029EBD1B4F85C20111F012915
S214034A20ECD80220D9E75A1E534253415800D4E724
S214034A30022B0CBF02200120CFE70020CDE7012088
S214034A40CBE730B587B005460C46D1F7B1FB012856
S214034A5020D11CB1611E4B424B4158006B784FF47A
S214034A6080728DF804304FF48273ADF806304FF43D
S214034A708173ADF8083001238DF80B30002385F8D9
S214034A80900001A8CDE903238DF80A408DF8143071
S214034A90D1F7C6FB07B030BD41680346C978027B31
S214034AA099B98168C97899B9002A08BF0321D1F753
S214034AB09BBE9B7B002B0CBF01210221F7E79B7B50
S214034AC0002B0CBF02210121F1E7012AF1D1704727
S214034AD0012AF4D17047042910B50B46044604D8BE
S214034AE031B1BDE81040D1F703BF05290ED010BD84
S214034AF0027B002A08BF03235522A0F85C300B462E
S214034B0040781221FFF792FE2046EAE743681A8AA6
S214034B1083681A82E5E7012303730378013343733B
S214034B204FF44073C381032303740023A0F85C305F
S214034B3080F89030704710B50446806BE0B1E27899
S214034B40022A04D0636B5B797AB984F83C3094F814
S214034B503C3073B1FFF7EAFC60780023BDE81040F1
S214034B604FF602720621FFF761BEB3FA83F35B09C1
S214034B70EBE7FFF7E6FCEFE710BD10B50446406B26
S214034B80D0F7F4F92046BDE81040FFF7D4BF10B5C0
S214034B900446406BD0F70EFA2046BDE81040FFF7F8
S214034BA0CABF10B50446406BD0F72AFA2046BDE8C4
S214034BB01040FFF7C0BF002310B504461A4606216F
S214034BC04078FFF733FEA378022B01D0FF2B04D1E6
S214034BD02046BDE81040D2F72BB810BD4FF602733F
S214034BE0994210B5044601D1FFF7A5FFE378022BDF
S214034BF002D02046FFF79FFF2046BDE81040D2F7BD
S214034C0017B810B5D0F8A4407CB103791BB140792E
S214034C10D2F7CEF848B9A3883BB932222046BDE87E
S214034C20104001231146FFF799BC10BD4279C178A5
S214034C304078D2F723B910B58278044603799AB937
S214034C400BB1D2F7DBF82046FFF7F0FF0323A4F8F7
S214034C506C300123607855221221FFF7E7FD2046CA
S214034C60BDE81040FFF7CDBF012B01D1D2F7C6F840
S214034C70A379012B04D16279E1786078D2F7FEF844
S214034C800123A4F86C30E5E7C17831B1012908BFE8
S214034C90002142794078D2F7F1B80121F9E782780A
S214034CA0836862B9DB78002B14BF03230423A0F8C0
S214034CB06C305522002312214078FFF7B7BD1A79CE
S214034CC022B9DB78003B18BF0123F0E70223EEE7A7
S214034CD07FB500239E6A0446B6F5804F0D460CD278
S214034CE001A8D2F777FC039B5B0506D52946204629
S214034CF0336C04B0BDE87040184704B070BD0023A1
S214034D009B6AB3F5804F05D21B6BB3F5804F01D278
S214034D109B6818474FF4817070471FB500239A6A43
S214034D20B2F5804F04D340F2011005B05DF804FBE2
S214034D30126BB2F5804FF6D2012201A8CDE90233F9
S214034D408DF80420D2F746FC039BDB03EBD5029BCE
S214034D501A0EE8D0012A03D1C3F307430A2BE2D97C
S214034D6000239B6A1B6B1B6C9847DEE708B50AF0AB
S214034D70D7FDB0FA80F0400908BD134610B542B11E
S214034D8003439B0707D10AF0C7FDB0FA80F040093A
S214034D9010BD0120FCE70020FAE7002303607047FC
S214034DA003680B600160704710B538B132B129B1A2
S214034DB000230139D45C14B90023037010BD8B4261
S214034DC0FAD200F8014B0133F4E7034638B100206A
S214034DD0814204D01A5C02B970470130F8E7704785
S214034DE04FF0FF31FFF7F1BF70B50C461646054688
S214034DF060B15AB151B1FFF7F3FF844206D9211AC5
S214034E0032462844BDE87040FFF7CEBF70BDFEE7CC
S214034E10FEE700239A4200D1704710B550F82340AE
S214034E2041F8234001339A42F8D110BDD3F732B884
S214034E304369426CD91C143AB1FBF2F103EBC1008F
S214034E400330B0FBF2F00230704738B505460C4627
S214034E50FFF7EEFF6A6CE31D143AB3FBF2F301337C
S214034E6004EBC30402FB004038BD38B5054644696D
S214034E702146FFF7EAFF6A6CE31D143AB3FBF2F32D
S214034E80013304EBC304204438BDF7B507460E468A
S214034E9000257C6CA819644280EA06031C4003D0F4
S214034EA02C46204603B0F0BDFB6B01225B6901A9CB
S214034EB09847019B0133F4D10435EAE770B50546FC
S214034EC00C46D4F7BDFDEB6B2046BDE87040DB68AF
S214034ED0184770B50025044686B00562E369AB4201
S214034EE002D8206A06B070BD666C2068E36B0522A4
S214034EF05B6901A906FB0500984701A800F023FC9F
S214034F0000F046FC10B1236A013323620135E5E75E
S214034F1038B50446456C006804F1400305FB0101FF
S214034F20E06B00F042FC05462046FFF7D2FF28461A
S214034F3038BDF0B50546002687B0EC69013CB4429F
S214034F4003D80C46204607B0F0BD01B14C1E6F6C6B
S214034F502868EB6B05225B6901A907FB04009847E9
S214034F6001A800F0F0FB00F013FC0028EAD121466C
S214034F700136E2E7F0B504460D46466CE36B00687F
S214034F8087B005225B6901A906FB0500984701A8BF
S214034F9000F0D9FB00F0FCFB20B101A800F0AAFB4F
S214034FA007B0F0BD29462046FFF7C3FF0646676CE9
S214034FB02068E36B05225B6901A907FB0600984797
S214034FC001A800F097FB431CEAD0B54238BF013076
S214034FD0E6E72DE9F0434FF6FF79D0F82480044640
S214034FE00E46C84514BF45460025002787B0E3692B
S214034FF0BB4202D807B0BDE8F083E26B2368606C5F
S214035000D2F814C000FB0530052201A9E04701A829
S21403501000F099FB022806D0C8450CD1721C29461D
S2140350202046FFF775FFE3690135B5FBF3F2013759
S21403503003FB1255DBE729462046FFF79BFFB0F13B
S214035040FF3F14BF024632460132E8E70368F0B575
S214035050CC1A436C0646B4FBF3F4002587B0F36919
S21403506037685A1E9542706C08D3706C336800FB21
S214035070043007B0BDE8F04000F095BB0134B4FB44
S214035080F3F203FB1244F36B05225B6901A900FBF1
S2140350900470984701A800F056FB00F079FB00283F
S2140350A0E3D10135DBE710B423F0030422449B0766
S2140350B00A44436C18BF04325B4281EA020423426B
S2140350C003D05DF8044BFFF7C1BF10465DF8044BF1
S2140350D070472DE9F041D0E90A369E42044686B071
S2140350E028D11422C369456802FB1355284606B027
S2140350F0BDE8F0812068676C331AB3FBF7F3E26B05
S21403510007FB0300D2F8148001A90522C04701A8B3
S21403511000F019FB012804D0636C1D44013B3340A7
S214035120ED1A31462046FFF791FF0646A36AB342BF
S214035130E0D1DBE70025F9E708B508301346D1E9E7
S2140351400012D4F703FC012008BD13B50C4600215A
S21403515021760093616813462246D2F7F1FF18B111
S214035160E37D03B1A07EA075A07D02B010BD73B52C
S214035170164600F108050C46284609680DF1070295
S21403518000F098F9032E06D16368834203D12846BC
S214035190216800F076F9012002B070BDD01E009B96
S2140351A042424241187E824211D11A688A420ED880
S2140351B05A688A420BD35A6901325A61D3E9030209
S2140351C082423FBF986840F8221001321A610120DC
S2140351D0704710B5032A029C07D1A26A5340626C3B
S2140351E05242134201D100F04CF9012010BD08B51C
S2140351F0C36800209847BDE80840D4F729BC0128B7
S21403520014BF0420022070B5002442431C70CC7DDA
S214035210101D02F002024CB91AB1012220F003005D
S2140352201A7000F108034868184470BD1AB10122C9
S21403523020F003001A7000230C7E01F12005DAB279
S214035240A24201D30020F0E735F833205E1C8242E9
S21403525006D901EBC30300F10802D8691044E4E75A
S2140352603346801AEBE773B5054690F842601C4652
S21403527030460DF10303FFF7C2FFEB6B012E5B69AC
S2140352800DD1324601A998479DF8033013B1BDF8F6
S21403529006300193BDF80430236002B070BD0122CE
S2140352A0214602B0BDE870401847F0B50546002415
S2140352B04868EB6B87B00E4601225B69029402A92D
S2140352C008309847274695F84230012B40F0AC80CB
S2140352D0632C00F2AB80612C08D805AB224631461E
S2140352E02846FFF7C0FF9DF814305BB305AB224694
S2140352F0314628468DF81070FFF7B5FF95F8423013
S214035300012B059B7FD14FF6FF72934256D008229E
S21403531005A904A800F063FA059B9DF81010C3F3D3
S214035320072291424AD1DBB2029A1A44029245E01E
S214035330DCD005AB224631462846FFF794FFBDF87E
S2140353401430D2E795F84230012B39D1612C2ED890
S21403535022463146284603ABFFF785FF31462846EB
S21403536004AB621CFFF77FFF3146284605ABA21C41
S214035370FFF779FF102208230DEB02010DF107005A
S2140353808DF8073000F02BFA102205A90DF107005F
S21403539000F025FA039BDAB24AB99DF80720B2EB70
S2140353A0132F04D1DDE9043203EB0243029395F88D
S2140353B04230012B14BF012302231C44013482E72D
S2140353C0302CF4D822463146284603ABFFF74BFF72
S2140353D03146284604AB621CFFF745FF1023202204
S2140353E00DEB03010DF107008DF8073000F0F7F918
S2140353F0039B9AB2002ADAD19DF80720B2EB134F2B
S214035400D5D1049BD2E70133D8D0102205A90DEBE2
S214035410020000F0E4F9059B9DF81010C3F3074261
S2140354209142CBD19BB27FE7312C81D9029807B04A
S214035430F0BD13B500240194049C0094D3F75CFBE1
S21403544002B010BD13B501240194049C0094D3F755
S21403545053FB02B010BD00234FF0FF3230B5446853
S2140354609C4202D10023037230BD016801EBC305E1
S21403547041F833206A600133F2E7C0E90012FFF710
S214035480EABF0023F0B545689D4210D00468DF00EC
S21403549054F8332004EBC306B2F1FF3F08D0C2F33F
S2140354A01302914204D14FF0FF33E3517360F0BD12
S2140354B00133E9E70023F0B545689D4202D14FF07A
S2140354C0FF300EE00468DE0054F83340671C09D052
S2140354D0C4F31307B94205D1240D1470036833448B
S2140354E05868F0BD0133E8E7704770B5940022466C
S2140354F005460E460AF010FA431C0AD058B922464F
S21403550031462846E6F79AF9002814BF3D200020C6
S21403551070BD6E20FCE77120FAE713B5044601A8B8
S214035520D5F714FB9DF8063023804FF48073638011
S214035530D5F71AFB6060002002B010BDD5F78ABA13
S21403554008B5D5F77BFA002008BD10B5044644EA33
S214035550010313F00303084609D1934201D1002047
S21403556010BD54F8231040F823100133F5E7214605
S2140355709200E5F7A7FFF2E710B504460AF0D0F964
S214035580431C10D088B9D5F7EFFA234620F0030062
S2140355902044984201D1002010BD53F8042B013259
S2140355A0F7D03E20F8E76E20F6E77120F4E7704761
S2140355B013B50023044601461B220DF107008DF8A0
S2140355C0073000F00CF922689DF80730B3EBD26F72
S2140355D00CBF0120002002B010BD13B50023044603
S2140355E0014620220DF107008DF8073000F0F7F88A
S2140355F00DF107001A22211D00F0F1F862689DF8EC
S2140356000730B3EB926F0CBF0120002002B010BD31
S2140356100068431C584258417047006810F07E0FDC
S2140356200CBFC0F3C160002070470068C0F3D310FE
S2140356307047006800F07F0001288CBF002001201F
S2140356407047036813F07E0F14BF042008207047CA
S214035650036813F07E0F03D1406820F07C40704748
S21403566013F078001CBF03F07F03D81F7047006851
S21403567000F07F007047032809D0022803D1C1F148
S2140356800201C8B2704700290CBF072000207047EC
S21403569037B5054601F10C044369694601222046E5
S2140356A09847BDF80030012201932046AB6901A953
S2140356B0984703B030BD37B501F10C0443690122A6
S2140356C069460546204698474FF6FF72009B99B2F7
S2140356D091420DD16FF30F0343F4254343F0A50323
S2140356E0019301222046AB6901A9984703B030BD58
S2140356F00020FBE737B5044600251B22011D0DF1EC
S21403570007008DF8075000F06AF860689DF80720D8
S214035710B2EBD06F03D120F0784003B030BD0DF16B
S21403572007001B2204F108018DF8075000F057F814
S214035730A0689DF80730B3EBD06F01D1C043EAE70A
S2140357404FF0FF30E9E74BF29A22036810B5B2EB4D
S214035750134F044613D19BB2012B13D1FFF7CAFF95
S21403576001300CD04FF6FF72E068B2EB104F4FEAF1
S214035770104309D180B2C01A18BF012010BD236898
S214035780013303D00420F9E70220F7E70320F5E707
S21403579001288CBF002001207047033801288CBFE6
S2140357A0002001207047143070472DE9F04105466C
S2140357B09846036908460E4617469847044638B97E
S2140357C043463A4631462846D4F7B2F9044618B15A
S2140357D031462846FFF75CFF2046BDE8F0811F2AC6
S2140357E00B689EBF4FF0FF3191408B43590801F081
S2140357F055315B1A03F033319B0803F033330B4404
S214035800017803EB13130A444FF0013103F00F330F
S2140358104B43A2EB13620270704708B507F038FEDD
S214035820BDE808400021D4F78DBA02210320D4F73F
S21403583087BC704770477047704770B50546144677
S2140358400E4609F054FD2B685C4034405C402C60E7
S214035850BDE8704009F046BD10B5002422B1032A06
S2140358600CD00360047110BD11F4000218BF4FF092
S2140358707F4221F07F4313430C0EF2E721F0FF0330
S214035880CCB2EEE730B5012400F5805345685C6082
S214035890CB784A785B0443EA02230A7813438A7870
S2140358A0120402F480321343C0F89830EB075CBF4F
S2140358B000F50050446030BD70B501260C46054621
S2140358C000F500535E600B78497803F0070343EA5C
S2140358D0C103E17843EA0123A178090101F030010D
S2140358E00B430367C36AA17923F48B3323F48073D2
S2140358F043EA01432179090201F4E0610B4361792C
S214035900090301F480510B43C3621146FFF7BAFF44
S21403591005F580535E60E37903B1EE6070BD08B5AC
S2140359200A6FC96F02F00702FFF796FF08BD13B5AB
S214035930044601A8D5F70AF9042C04D8DFE804F0D6
S214035940061603101300002002B010BD40F29C4060
S21403595040F2BA439DF80520012A08BF1846F3E72C
S21403596040F6B830F0E74FF41660EDE740F2E24059
S214035970EAE74FF050234FF400321A6770474FF0B0
S214035980B0435A6812B19A6A002AFAD1704770B5C2
S214035990054614460E4609F0AAFC2B685C403440C4
S2140359A05C402C60BDE8704009F09CBC0122417845
S2140359B003788A4030214B4342F2100103F1A0439F
S2140359C003F570335A50704721FA00F2D20730B508
S2140359D0034600F0FC040FD500220132D2B2042A9B
S2140359E002D14FF0FF3008E0831803F0030323448B
S2140359F021FA03F5ED07F0D4184630BD00207047B2
S214035A000020704700207047002070470120704731
S214035A10012070470F207047E6F72ABC002307B51E
S214035A20CDE90033012369464FF0FF308DF802308D
S214035A3004F0C8FB03B05DF804FB0020704710B504
S214035A4008B9212010BD0029FBD0036813F070426B
S214035A5005D1C3F30E030B607BB10020F2E703F01E
S214035A605044B4F1004F05D0B2F1304F02D0B2F13A
S214035A70404FE6D103F07F03EDE74368002BE0D009
S214035A800B60EAE737B50C46054610B9212003B08C
S214035A9030BD0029FAD0002301A90193FFF7CFFFF9
S214035AA00028F4D12968019A11F0704102F103022B
S214035AB022F0030201D12260E9E7AD68B1F1004F9D
S214035AC0C5F38033C5F3403504D103EB4503534395
S214035AD02360DCE7B1F1204F01D12B44F7E7B1F1A6
S214035AE0304FFAD0B1F1404FF7D0CFE737B50C4679
S214035AF00546002800F08780002900F084800023F4
S214035B000B60036803F070430B60C26822B1032A7C
S214035B1079D143F080630B60AB689A0149D403F0F4
S214035B208073EA680AB9002B6DD1226822F04072AE
S214035B3013432360EA68032A05D12A69F62A62D941
S214035B4062F317432360AB681B0442BF236843F426
S214035B5000432360EB68032B1FBF23682A6862F3A6
S214035B600E0323602B68AA68002B2ADB12F4C84FA7
S214035B7049D12B6803F0704303F10043B3F1804F20
S214035B8005D2530542BF236843F480632360002392
S214035B90284601A90193FFF752FF40B92B6813F07B
S214035BA070421FD12368019A62F30E03236003B089
S214035BB030BD03F04073B3F1407F18BF4FF000735E
S214035BC0AFE7500402F4005105D4E1B1236843F46F
S214035BD000532360CDE7236843F480432360002902
S214035BE0C7D0F3E703F05043B3F1004F05D0B2F14B
S214035BF0304F02D0B2F1404F05D1019B5A1E2368A5
S214035C0062F30603D2E72120D1E738B131B101238D
S214035C104B604FF0005300208B6070472120704785
S214035C2037B50C46054608B9212016E00029FBD0F7
S214035C3001234B60C368A3B901A90193FFF722FFB1
S214035C4058B9019B6A699A4209D32A69002AEBD09C
S214035C50226043F000530020A36003B030BD1D2034
S214035C60FBE7032BE0D10023F5E7436813B9416054
S214035C7070475B685A68012AFBD159607047FFF783
S214035C80DCBE08B5FFF7D9FE002814BF6FF09200FC
S214035C90002008BD1346428870B50732072A0C4613
S214035CA04FEAD20101D0A14222D1466805882022BC
S214035CB018460021E5F776FA360A0346DEB9BCB184
S214035CC041F20102954205D0B5F5885F02D0B5F5DD
S214035CD0905F02D100205C6070BDB5F5105F0DD1FA
S214035CE0182C03D0202C01D0102C01D11C60F1E716
S214035CF06FF08600F0E76FF08B00EDE76FF085003E
S214035D00EAE7F0B51C46436806461B0A0F461546E7
S214035D1089B035D122462946FFF7BCFF68B9EB1C8C
S214035D2023F00303C4E90307636145B92022002176
S214035D302046E5F737FA6FF0860009B0F0BD014656
S214035D4020226846E5F72EFA6A4629463046FFF7CC
S214035D50A1FF0028EAD12368009A9A42E6D1636835
S214035D60019A9A42E2D1A368029A9A42DED1A369C3
S214035D70069A9A42DAD1E369079A9A42DDD0D5E7C2
S214035D806FF08B00D9E7D5F729BAD5F743BB704731
S214035D900020704700207047C3681944836853F88F
S214035DA0210030F8023B13607047012310B580F8DA
S214035DB088300378044653B100F061FA2146204642
S214035DC0D5F71AFC2046BDE8104000F04DBA10BDCA
S214035DD038B50D460446D5F7F7FB6B682046C4F87E
S214035DE0B032A96800F096F94FF0FF332046C4F8A6
S214035DF0B432FFF7CDFF38BDD0F8B43210B5013357
S214035E00044601D0002010BD00F0BCFAC4F8B4026A
S214035E100130F7D194F8B80280F00100F3E708B533
S214035E20D5F70EFC08BD0A7801382D2A0ABF0122D1
S214035E3000228918D5F760BC07281BD8DFE800F0D6
S214035E40060A0D10131504170120704700220820B8
S214035E50D5F752BC00221020FAE700222020F7E7ED
S214035E600820FFF7E0BF1020FBE72020F9E70846ED
S214035E70D5F7A4BC002070472DE9F74307280C4646
S214035E80DDE90A7690461D4608D8013806280AD862
S214035E90DFE800F01D27303A44574A00212850D047
S214035EA003B0BDE8F083002220461146E5F746F925
S214035EB03368C0B205EB83013A6845F82300013323
S214035EC048F8221033603B6801333B60E8E7002262
S214035ED020461146E5F732F9336880B205EB8301B5
S214035EE0EAE7002220461146E5F728F9336805EB72
S214035EF08301E1E7002220461146E5F7CDFA336831
S214035F0040B205EB8301D7E7002220461146E5F7AA
S214035F10C3FA336800B205EB8301CDE700222046BF
S214035F201146E5F7B9FAE1E7002389461E461D4602
S214035F308DF8063019F8013F7D2B06D125702D0A02
S214035F4065703B6848F82340BDE7202BF2D006F087
S214035F500102013612B98DF80430EBE71022002156
S214035F6001A88DF80530E5F797FA6319013598709F
S214035F70ADB2DFE72DE9F04F9B46002385B08B4596
S214035F80814688469246CDE902336BDC1A461E46A6
S214035F9019F80340212C09D81F2C04D8103C072CD1
S214035FA098BF012200E001260133F1E7FF2CFBD165
S214035FB05B4436B1013B43450ADD2B2005B0BDE803
S214035FC0F08F62B1013B4345F7DC3546374602E0C6
S214035FD000252F462E46454504DB0020EEE7984570
S214035FE0F3D0EAE75D453BDB19F80730202B18D1E1
S214035FF009EB07035B78FF2BDFD1CEB920465AF8AF
S2140360002510FFF719FF78B303AB019302AB009398
S2140360102046DDE90E235AF82510FFF72DFF01353C
S214036020D9E7212B0ED109EB07035B78FF2BC4D1ED
S214036030029B5AF825200E99012641F823200133A6
S2140360400293ECE7A3F11004072C02D91C46013790
S214036050D3E709EB07035B78FF2BAED1E4B2CCE7BB
S2140360600624CAE72120A9E72620A7E72DE9F04F53
S21403607007460E4615469846044685B0DDF8449016
S214036080DDE90FAB206808B3DAF80020D8F8001073
S2140360908A421BDA0E9B53F82210D1F72FFE48BB19
S2140360A0DAF800200132CAF800206268117BFE2964
S2140360B01BD10E9B1068012100932A464346CDE967
S2140360C002B9CDF804A0FFF7D1FF04462B7843B9F5
S2140360D099F800302BB97EB101233C4689F800308D
S2140360E02B70204605B0BDE8F08F01238BF80030F7
S2140360F02B70EBE70C34C5E73446F2E710B50446DD
S214036100236803B910BD237A13B92046D5F78CFB51
S2140361100C34F5E710B541B10A7932B901249C3045
S2140361200C71FEF73DFE204610BD0020FCE72DE96E
S214036130F041BAB005460AAA084603A900F05FF97B
S2140361400446B0B90DF10A0301930DF10B038DF864
S2140361500A0000930AAA284604AB03A9D5F714FD40
S2140361609DF80A20B2B19DF80B2048B12AB1D5F7A5
S2140361705BFB20463AB0BDE8F081FFF7BFFFF8E7C8
S214036180D5F89C50002DF4D0A86808B1FFF7B6FFE9
S2140361902D68F7E700B346681AAB06F10C082AAF7A
S2140361A001934046049B039900970AAAFFF7E2FE71
S2140361B004460028DDD1039B05A8CDE90637049BDA
S2140361C00595CDE90838D6F7A7FF05A8336898479D
S2140361D005A800F03FFDCCE72D24CAE710B504461A
S2140361E0AC30E4F7DBFE04F1AB031A18002093424D
S2140361F000D110BD13F8011F0029FAD00A2908BFE1
S2140362000130F4E70023F0B50B6013600646D0F8C0
S214036210AC0278B196F8AC0060B1012406F1AC0785
S214036220D6F8AC02844210D306F1AC00B3F5007F77
S21403623010D30120F0BD0D6801350D6015680135DA
S2140362401560F85C01330A2802D0B3F5007FF2D359
S2140362500134E5E7C15C0A29EBD00029E9D01168CF
S214036260013301311160E1E710B50021D0F88C202D
S2140362700446E4F797FF0023C4E9243310BD73B53F
S214036280044600F1AC0580212046FEF79EFD4FF440
S214036290007106462846FEF798FD0136C0F50070E5
S2140362A0864220461FD8E4F779FE06462846E4F7DA
S2140362B075FE01362946421CA819E4F7C5FF204699
S2140362C0E4F76CFE214602462846E5F7FBF820462F
S2140362D0E4F764FE0A23204480F8AC300023C4F8B5
S2140362E0AC3202B070BDFFF779FF01AAC4F8AC0266
S2140362F069462046FFF786FF0022009B234483F867
S214036300AC20C0E773B50D460446FFF767FF6B1C6A
S21403631019D1D4F8AC3213B1013BC4F8AC32002522
S2140363202046E4F73BFEA84215D82046FFF79CFF1D
S214036330D4F8AC322BB16946204601AAFFF762FFB8
S214036340A0B902B070BD012DFBD1D4F8AC328342A4
S214036350F7D20133E1E7082000F023F8202000F00D
S21403636020F8082000F01DF80135D9E7009D04F158
S214036370AC06019BAB42E4D9715D2046D5F732FDEE
S2140363800135F6E707B500200DF1070100F0E7F841
S21403639020B99DF8070003B05DF804FB4FF0FF300B
S2140363A0F9E710B5C1B20446002000F0C8F800288B
S2140363B00CBF20464FF0FF3010BD0FB407B504AA3C
S2140363C052F8041B00200192D5F7A8FE002003B064
S2140363D05DF804EB04B0704710B54C1C0B4601196E
S2140363E0045D222C03D07B2C01D05C2C05D1D21A61
S2140363F01844E4F729FF012010BD0020FCE72DE92F
S214036400F047054691468846E4F7C8FD2A46064601
S2140364101346197801322029FAD0C9F800305C1BDC
S21403642001236FF0404AC8F80030A64201D8002086
S21403643014E02F5D29197B2F12D0222F2ED1D8F8E6
S2140364400030621C53442A4449F82320012C09D9FE
S21403645011F8013C13F0DF0F04D02120BDE8F087CC
S2140364607D27F3E701342B5DBB4209D12B195B78FB
S21403647013F0DF03F1D1222F00D12B550134D4E7DB
S2140364805C2B07D1324621462846FFF7A5FF002896
S214036490E3D0013E0134A642E5D8DEE75C2F08D1FF
S2140364A0324621462846FFF797FF0028D5D0013EFF
S2140364B0E4E7202FE2D10022631CB3420A70DDD248
S2140364C0EA18EB5C202BD9D0D8F800300F2B05DC6C
S2140364D049F823200133C8F80030CFE71E20BDE774
S2140364E000F000B800207047D1F7F6BB70B50C4635
S2140364F0154610B9D5F706FE38B143682BB12A46C0
S2140365002146BDE8704000681847232070BDF7B5E4
S2140365100D4616461C4638B9D5F7F4FD04B901AC4A
S21403652020B9232003B0F0BD03B901ACC768002F20
S214036530F7D02346324629460068B847F2E707B540
S21403654001228DF807100DF10701FFF7CFFF03B007
S2140365505DF804FB0B4601461846FFF7F0BF002321
S2140365600122FFF7D4BF08B508F0BCFFFA23B0FB3F
S214036570F3F080B208BD0420704740F20160D5F7FF
S214036580B7BE7047012070470020704749BA89B2EA
S21403659080EA0103C3F303125340180380B2584042
S2140365A05B0103F4FF535840704708B5D6F76CFAFF
S2140365B058B1A0F15903042B06D8042B04D8DFE8FE
S2140365C003F00404040304005C2008BDD6F7B4BB40
S2140365D07047F8B50C468D18073552421540A5F19D
S2140365E008070646384600F0DFF9A188381B62889C
S2140365F001EBE00189B2A2EBE00225F8041C25F8C2
S214036600062CA288C310AAB1A4EBC202B2F802C039
S214036610D18003EB0C015180E28892B1D31A9BB26E
S21403662004EBC20425F8023CA380B3680344B360BA
S2140366303846F8BD15F8082C42F0020205F8082C77
S214036640EAE725F8022CF0E72DE9F04F4FF00008B3
S21403665087B09946531C109B0546174614BF14462D
S2140366600824CDF81480002B00F0C580C3F8008002
S214036670002900F0C28042688A4240F2BE80073199
S21403668021F0070608F040FE05AACDE900828246FF
S2140366903A464B463146284600F08AF9059F83461C
S2140366A007B130B9504608F02AFE192007B0BDE8F6
S2140366B0F08FB7F8028029694FEAC802C0EBC80812
S2140366C00139B8F1270F29617AD9B9F1000F51D1F1
S2140366D0864206F1080848D0224639462846FFF780
S2140366E078FF04460590059B9844404600F05CF905
S2140366F0059906F10F004A88C308A2EBD002A8F852
S2140367000220CA88A8F80430002A30D0D31A9BB2D5
S21403671001EBC202A8F8063093808B88F608A380A4
S214036720B8F804303A46E38041460023284666809C
S21403673000F0A6F9AB680833AB60237843F0010397
S21403674023702B6901332B616288AB68504603EBD9
S214036750C203EA68AB60934288BFEB6008F0CFFDE4
S214036760109B083400201C60A0E73C46BBE7A8F853
S2140367700620D2E707EB08042046039200F014F93C
S2140367800BF10703DB080599638008F10703DB08B1
S214036790A380CB8893B1DB00039AD81D821A5A4490
S2140367A0C2F3CF020B44E2809A80A38808F1FF3835
S2140367B04FEAD808A1F80280CB80BBE7E380F4E772
S2140367C0B9F1010F1BD107F10803B3FBF4F204FB85
S2140367D01233B3B1224639462846FFF7FAFE04467B
S2140367E023783A4643F001032370214601232846C3
S2140367F000F046F9A8E7222058E7212056E786420C
S214036800E8D13C46ECE707B500224FF0FF3101AB79
S2140368100192D5F7F1FE019803B05DF804FB2DE96C
S214036820F74F04460D46002900F0AB80D0E9056813
S21403683008F06AFD15F8087C35F8061CFB0700907F
S21403684000D531B9009808F05AFD012003B0BDE821
S214036850F08FA368D4F8109035F804ECA3EBC10BC3
S21403686009F10103A5F1080C4A1CC4F808B023611A
S214036870BEF1000F7BD0ACEBCE03D888B3F802A0F2
S2140368800190187807F00207C00765D4002F64D17B
S2140368900198A0EB0A07012F69D18A1CABF1080700
S2140368A05244C4F81090A76035F802ECBEF1000F0E
S2140368B061D0D4E900700CEBCE0A07EB0009CA4599
S2140368C059D21CF83EC057461CF0010C15D1AEEB4E
S2140368D00101012911D1BAF80210AAF802C0013148
S2140368E00A44BAF80610002943D00AEBC107216907
S2140368F001392161A1680839A16015F8081C013A1D
S21403690021F0010105F8081C002125F8061C5A8011
S2140369101A7861F300021A707FB3C3F107023A4490
S214036920C2F3CF02DA80BA804EB3B34227D372885B
S214036930002A08BF1E46B8F1000F06D0434504D808
S214036940B8F80220002A18BF43460098C4E9056336
S21403695008F0D5FC002079E74FB115F8087C72449F
S21403696027F0020705F8087C00279F809CE763460C
S2140369709AE70F46BBE70027BFE7DF80D4E71E464C
S214036980D9E7222062E710B50446D5F74DFE214627
S214036990BDE81040FFF743BFFFF7F5BF0846FFF714
S2140369A032BF0846FFF7F8BF002303604360704713
S2140369B0F0B5D0E90554561C08BF0822002B4FF04B
S2140369C0000008BF2C46DDF818C0CCF80000002CE9
S2140369D037D09DF814706588FF0007EBC505C2F134
S2140369E0000E2078C00708D51BBBE088A0B104EBD7
S2140369F0C004658807EBC505F3E78D42F4D363B996
S214036A0004F10806B6FBF2F002FB106670180EB12E
S214036A10A842EAD8CCF80040F0BD082A0FD0608818
S214036A20013004EBC000461A06EA0E06801B8542B8
S214036A30F0D2A0880028EFD0A4EBC004D9E708461C
S214036A40E8E72046E8E703460069C0B10AB951B94A
S214036A501A6810460378DB0711D531B9C3885BB1D2
S214036A6000EBC300F6E79A69F3E7012904D18388AC
S214036A7023B1A0EBC300EDE700207047184670472C
S214036A802DE9F041D0E90554074688461646ABB1D2
S214036A90954200D00ABB424600213846FFF7D3FF93
S214036AA0B442054600D02EB9424601213846FFF7C8
S214036AB0CAFF0446C7E90554BDE8F081954208D0ED
S214036AC08D4228BF0D46B44205D0444538BF4446E0
S214036AD0F0E70D46F7E74446ECE79442EAD1E3E7EE
S214036AE070B500261C46C3E90001C3E90266C3E984
S214036AF005001E611A775E62FFF756FF23690139A8
S214036B00C908013341802361A36830460833A36074
S214036B10E3680833E36070BD002307B56846009357
S214036B208DF80430D3F7FCFC03B05DF804FB10B516
S214036B3008F0DDFB044606F03DFD2046BDE81040A8
S214036B4008F0D0BB70474FF4C870D5F7CDBDD5F766
S214036B507FBE00F01CB87047704708B503F07BF99A
S214036B6003F083F903F08AF903F099F9BDE80840C6
S214036B7003F0A8B9704708B503F068F903F067F99E
S214036B8003F066F903F066F9FFF7F4FF08BD08B5EE
S214036B9003F099F903F098F903F098F9BDE8084073
S214036BA003F09BB97047012070472DE9F34112F0BB
S214036BB001050446884622D110F0030525D12F4649
S214036BC05208BA4209D1D3F739FF0026B74204EB7D
S214036BD0860008D1D3F73EFF11E054F8273001337F
S214036BE00CD10137EDE7042258F826300DEB0201ED
S214036BF0019308F091FE30B1D3F72CFF3D252846CC
S214036C0002B0BDE8F0810136E0E70125F7E77047FB
S214036C10B0F1006F0FD300F07843B3F1006F0CD0E0
S214036C2000F06040B0F1404F09D0B0F1604F14BFA0
S214036C30042003207047002070470120704702207D
S214036C407047002070471AB111B180B2D6F774B8F6
S214036C502120704701F094BEDEF724BFFFF78DBCFA
S214036C60D0E9023253F8223000211878DEF76CBBE5
S214036C70704702F0D5B901F015BEC3688268013BC0
S214036C80DBB252F823305B78652B02D10020E0F7A5
S214036C90ABBE6E2B01D10120F9E7662B01D1022092
S214036CA0F5E7704710B5D0E90232044653F82230B0
S214036CB0187802F09FFAE368A268013352F823308B
S214036CC0BDE81040187802F093BA10B50446C0B277
S214036CD0D7F700FA200ABDE81040D7F7FBB9D0E98A
S214036CE0023253F822301878D7F7FCBA02F032BAD9
S214036CF0DFF778BB08B501F0F6FEBDE80840E0F71D
S214036D0061BDD0E9023253F82230186801F0E9BEBB
S214036D100020E0F75DBE0120E0F75ABE0221D7F758
S214036D2077BA0321D7F774BA0521D7F771BA08B52E
S214036D3001460C20D7F748FABDE80840D7F7D6B97E
S214036D4008B501460020D7F73FFABDE80840D7F755
S214036D50CDB907B5C2688368043253F822300121DF
S214036D601B880DF10602ADF806300023D7F7D4FFD3
S214036D7003B05DF804FB08B508F0C8FBBDE808409F
S214036D80EDF73AB910B51446D8F7E2FA2146BDE84E
S214036D90104008F0B3B808B5D8F7DAFABDE80840EB
S214036DA0002108F0ABB808B5D8F7D2FABDE808401A
S214036DB0ECF738BC08B5D8F7CBFABDE80840ECF7D3
S214036DC01DBC7047704708B508F0A0FBFFF7FAFF35
S214036DD003F0DDF8BDE80840D8F706BB704701208E
S214036DE070470120704708B5D8F79AFB00280CBFF8
S214036DF00420012008BD70472DE9F34104460D46E3
S214036E0016461F46DDF8208008F018FC3B4632463F
S214036E1029462046CDF8008003F0BAF83B463246B2
S214036E2029462046CDF80080FFF7E5FF02B0BDE80F
S214036E30F04101F0A5BD2DE9FF4704460D46164671
S214036E401F46BDF830809DF83490DDF838A008F072
S214036E50F5FB3B46324629462046CDE9019ACDF856
S214036E60008001F040F804B0BDE8F04701F088BDAB
S214036E70F8B504460D4616461F4608F0DFFB3B46AC
S214036E80324629462046DDF799FF044601F078FD91
S214036E902046F8BD70472DE9F34104460D461646D5
S214036EA01F46BDF8208008F0C9FB3B4632462946FC
S214036EB02046CDF8008003F06EF833464246294656
S214036EC020460097FFF7E6FF02B0BDE8F04101F069
S214036ED057BD704708B508F0B1FB03F05DF8FFF740
S214036EE0F8FFBDE8084001F04BBD012070472DE9CF
S214036EF0F74304460D4616461F469DF8289008F0AD
S214036F009DFB3B46324629462046CDF80090FFF7C8
S214036F10ECFF80463B46324629462046CDF8009095
S214036F2003F03BF801F02CFD404603B0BDE8F083C8
S214036F30012070472DE9F74304460D4616461F46C3
S214036F409DF8289008F07AFB3B46324629462046B1
S214036F50CDF80090FFF7ECFF80463B4632462946C5
S214036F602046CDF8009003F019F801F009FD4046DD
S214036F7003B0BDE8F083F8B504460D4616461F4633
S214036F8008F05CFB3B4632462946204603F007F8EA
S214036F90BDE8F84001F0F4BC00207047F8B504469D
S214036FA00D46164608F04AFB324629462046FFF7AA
S214036FB0F3FF074632462946204602F0F1FF01F06A
S214036FC0DFFC3846F8BD38B504460D4608F036FBF8
S214036FD02946204602F0E5FFBDE8384001F0D0BC64
S214036FE010B5044608F02AFB204602F0DBFF2046D5
S214036FF0FDF717FCBDE8104001F0C2BC704738B57A
S21403700004460D4608F01AFB2946204602F0D9FF2F
S21403701029462046FFF7F2FFBDE8384001F0B0BC32
S214037020704770B504460D46164608F007FB324611
S2140370302946204602F0C7FF324629462046FFF778
S214037040EFFFBDE8704001F09BBC704738B50446BF
S2140370500D4608F0F3FA2946204602F0B6FF294605
S2140370602046FFF7F2FFBDE8384001F089BC7047C1
S2140370702DE9F34104460D4616461F469DF820802B
S21403708008F0DCFA3B46324629462046CDF8008017
S21403709002F09DFF3B46324629462046CDF8008047
S2140370A0FFF7E5FF02B0BDE8F04101F069BC7047A9
S2140370B038B5054608F0C2FA284600F0E1FE044655
S2140370C00146284601F0AAFF01F05AFC204638BDC7
S2140370D038B504460D4602F07BFF29462046FFF7E7
S2140370E0E6FF38BD704738B5054608F0A7FA2846C8
S2140370F0DEF784FC04460146284601F08DFF01F0C6
S2140371003FFC204638BD38B504460D4602F061FF05
S21403711029462046FFF7E6FF38BD704710B50446FC
S21403712008F08CFA204602F055FF2046FFF7F5FFDD
S214037130BDE8104001F024BC704738B504460D4640
S21403714008F07CFA2946204602F045FF29462046E9
S214037150FFF7F2FFBDE8384001F012BC704770B588
S21403716004460D46164608F069FA32462946204676
S21403717002F032FF324629462046FFF7EFFFBDE80E
S214037180704001F0FDBB704738B504460D4608F065
S21403719055FA2946204602F020FF29462046FFF7E7
S2140371A0F2FFBDE8384001F0EBBB704738B5044644
S2140371B00D4608F043FA2946204602F00FFF2946FB
S2140371C02046FFF7F2FFBDE8384001F0D9BB704711
S2140371D010B5044608F032FA204602F000FF2046B7
S2140371E0FFF7F5FFBDE8104001F0CABB704710B5C6
S2140371F0044608F023FA204602F0F2FE2046FFF784
S214037200F5FFBDE8104001F0BBBB7047704770B593
S21403721004460D46164608F011FA3246294620461D
S21403722002F0E1FE324629462046FFF7EFFFBDE8AF
S214037230704001F0A5BB704710B5044608F0FEF990
S214037240204602F0D1FE2046FFF7F5FFBDE81040CA
S21403725001F096BB704738B504460D4608F0EEF9C4
S2140372602946204602F0C1FE29462046FFF7F2FFD4
S214037270BDE8384001F084BB7047F8B504460D46B8
S21403728016461F4608F0DAF93B463246294620469C
S21403729002F0ADFE3B46324629462046FFF7ECFF9A
S2140372A0BDE8F84001F06CBB704770B504460D4668
S2140372B0164608F0C3F932462946204602F098FEE1
S2140372C0324629462046FFF7EFFFBDE8704001F03F
S2140372D057BB70472DE9F34104460D4616461F4635
S2140372E0DDF8208008F0AAF93B46324629462046B8
S2140372F0CDF8008002F07DFE3B4632462946204606
S214037300CDF80080FFF7E5FF02B0BDE8F04101F0DD
S21403731037BB0E2070470E20704738B5044608F07A
S2140373208DF92046FFF7F7FF0546204602F062FE7A
S2140373302046FFF7EEFF01F023FB284638BD7047D3
S21403734010B5044608F07AF9204602F054FE2046AB
S214037350FFF7F5FFBDE8104001F012BB00207047B1
S2140373600020704738B5044608F068F92046FFF752
S214037370F7FF0546204602F03FFE2046FFF7EEFFE6
S21403738001F0FEFA284638BD704708B508F056F9EE
S21403739002F033FEFFF7F8FFBDE8084001F0F0BA4D
S2140373A0002070477047704708B5D8F78BF9002858
S2140373B00CBF0420012008BD70470B68DA7B1AB99E
S2140373C0DB7C0BB9D8F7A2B98120704708B5D8F78C
S2140373D0B5F9BDE80840D8F7BFB97047D8F7AEB9D6
S2140373E0D8F7BAB9082808D84FF48B73C34013F0FC
S2140373F0010F0CBF21200020704721207047012178
S214037400D8F79CBA0221D8F799BA0421D8F796BAC6
S2140374100821D8F793BA1021D8F790BA01207047FD
S214037420D0E9023253F822301878D8F733BC08680C
S214037430C37B1BB9C37C0BB9D8F75CBC81207047F0
S214037440D0E9023253F822301878D8F795BC704743
S21403745030B50546044615F8100B85B002956569E8
S2140374601D44CDE900250B46A21D618801F036FEBA
S21403747005B030BD704710B492F80A4192F8053152
S21403748003EB04230B8100235DF8044B1A4601F03B
S21403749023BE1FB50446084671B12178FF290BD0D9
S2140374A0238B029363690193237C00936288A31D55
S2140374B0DEF7C0FAFF23237004B010BD0868C37B51
S2140374C073B9C37C032B0BD8DFE803F0020804066A
S2140374D0D8F752BFD8F782BFD8F7B2BFD8F760BF86
S2140374E0812070477047704700207047137810B5A7
S2140374F0032B0CD15479CBB29C4208D19379B3EBCE
S214037500112F04D153781B1A5842584110BD00203E
S214037510FCE77FB505460E4600246946E0B201F057
S21403752083FD28B96A4631462846FFF7DFFF18B9B8
S2140375300134202CF1D1002004B070BDFFF7E9BF61
S2140375400868C37B9BB9C37C052B10D8DFE803F020
S214037550030D070B0905D9F717B8D9F753BAD9F7A7
S214037560ADB8D9F7FFB9D9F77DB9D9F74FB88120A8
S21403757070470020704730B5102587B001AA002158
S2140375800195FEF709FC04462A46002102A8E3F704
S21403759009FE2A46214602A8E3F756FE012102A861
S2140375A0D9F70EFC07B030BDD9F79CBB7047FFF781
S2140375B0FDBF0B68DA7B5AB9DB7C012B04D0022BA8
S2140375C004D02BB9DAF720B8DAF72AB8DAF734B8E2
S2140375D081207047002307B5012101A80193D0F746
S2140375E0D3F908B9D0F70CF8012003B05DF804FB13
S2140375F008B502F06EFA052803D0003818BF01203C
S21403760008BD0220FCE77047D0E9023253F8223067
S2140376101878003818BF0120DBF78EBBDBF792BB68
S21403762000207047002070477047FF207047FF20F8
S214037630704700207047002070470020704770474F
S21403764006207047DAF736BE0868DBF70FBB70B55F
S2140376500D46044600212846164601F076F93246C2
S21403766020800221284601F070F93246608004210A
S214037670284601F067F90023A360E36060600820F2
S21403768070BD034641B181424FF0640005D94343C0
S214037690B3FBF1F0C0B2704708467047DBF760BB38
S2140376A0DCF756B9DCF75EBAB0F5807F05D0A0F5F7
S2140376B0007358425841400170470820704730B560
S2140376C099B00D4669461446DCF7B0F930B915B1E2
S2140376D0BDF802302B600CB10D9B236019B030BD92
S2140376E02DE9F04788B00E46904604A905AA07463A
S2140376F01D46FFF7E4FF044638BB28800DF10C094E
S214037700DDE904A39A4520D2062251463846CDF831
S214037710009006ABDCF7A6F9D8B9039B062B18D165
S2140377202A88DDF81A3042450ED2BDF8181026F81E
S21403773032102A8806EBC20253602A885344013269
S21403774006332A800493DBE7F7D9204608B0BDE862
S214037750F0870124F9E72DE9F0438FB00F469046F2
S21403776001A9002204469946FFF7A9FF18B1012094
S2140377700FB0BDE8F083062220460DF1020302A9EE
S214037780FFF7AEFF0028F2D105460246BDF8021009
S214037790019CEEB28E42EAD20EAB03EBC60656F857
S2140377A02C3C36F8306C0634BE4217BFE418012270
S2140377B013460022013522B1C8F80040C9F800304C
S2140377C0D6E71A46E5E770B50024012602F05BF912
S2140377D0E5B2C26806FA05F59542234604F10104AC
S2140377E0F4D3D8B270BD70B586B0DBF76DFF00F189
S2140377F01006E1F761FB00240546142201A930199F
S21403780002F048F91CB99DF80430FF2B16D000236C
S21403781003F118026A4412F8142CFF2A06D11C44FA
S214037820601E90FBF5F080B206B070BD2B44DBB251
S214037830132BEDD91434B4F5826FDED14FF0FF303D
S214037840F2E7DBF777BD07B504220DEB020102F082
S21403785021F9019803B05DF804FB37B505460846E1
S2140378600C46FFF7F0FFA84206D0042220460DEB95
S21403787002010195E1F772FB03B030BD07B50B4675
S2140378800092002102460120DBF7E6FD03B05DF817
S21403789004FB08B50121DBF717FDBDE80840E1F757
S2140378A009BDDCF755B808B5FFF7F3FF002008BDA0
S2140378B008B513460A4601461846DBF761FE80F014
S2140378C00100C0B208BD00207047704708B1DCF75E
S2140378D05FB9704730B4DDE902451DB1029430BC90
S2140378E000F0C6B930BC70471F2804D8142200F530
S2140378F0A030D5F7EBBA70471F2804D8142200F53A
S214037900A030D5F70FBB7047152808B505D1FFF78C
S214037910DCFFBDE80840DCF781BA08BD10B51424C7
S21403792086B02246002101A8E3F73CFC202322462A
S21403793001A94FF4A03001F095FC06B010BD00205D
S214037940704713B500230C461A460146CDE90033AB
S214037950E0B2DDF727F802B010BD13B500231446D6
S214037960019001220093E0B2DDF71CF802B010BDCF
S214037970D0E9023253F822301868DDF78BB9194480
S21403798091420ADC4218002003B9704712F8011D21
S214037990013B01EB0020DBB2F6E7002070472DE940
S2140379A0F04F4FF0000A85B0019381460F46154607
S2140379B05346019A11785FFA8AF2914203D800205F
S2140379C005B0BDE8F08F019909EB050801EB42020B
S2140379D0517892F802B011F04004009101F03F068E
S2140379E01BD0AC19BC42D4BF002401243346640028
S2140379F0A20740F18880009B1B0640F192800E9BF5
S214037A00324603EB0B000021E3F7CCFB3D46002395
S214037A101D44ADB20AF1010ACBE7042E07D866B1BE
S214037A20B31E022B0BD8DFE803F0122130003E2EE4
S214037A3037D03F2E5BD03D2E4BD00320C0E7BD4250
S214037A4034BF00240124012664003346D0E7AB1C70
S214037A50BB4250DC02233A4629464846FFF78FFFCF
S214037A60ADF80A0002230DF10A08C1E7EB1CBB427E
S214037A7043DC03233A4629464846FFF780FF039034
S214037A80042603230DF10C08B2E72B1DBB4236DC9C
S214037A9004233A4629464846FFF771FF039004231A
S214037AA0F0E77A1E95422CDA02233A4629464846E0
S214037AB0FFF765FF4FF6FF7380B298420EBF0223AF
S214037AC0023083B25C19A742B4BF03240124042600
S214037AD08EE7BD4215D298F80030FF2B0CBF01236A
S214037AE00133EC18BC42CCBF03240124EFE7012486
S214037AF0042600237CE73446B4E70224C0E70224C6
S214037B00CDE70324E3E70E9A02EB0B0014B142F829
S214037B100B807DE7324641460093E3F7D3FC009B98
S214037B2076E702204CE710B5144686B018811A464D
S214037B300A9B0291CDE9034301230193099B014666
S214037B4000930320BDF82030DDF7C2F906B010BD60
S214037B501FB500240294079C0194BDF818400094B6
S214037B60FFF7E1FF04B010BD2DE9F0410E461746BE
S214037B70054686B098B391B38AB34FF0000802A9BE
S214037B805FFA88F001F050FA044640B99DF80830D1
S214037B90032B08D008F10108B8F1200FEFD12046D7
S214037BA006B0BDE8F0819DF809202B799A42F1D101
S214037BB0BDF80A206B889A42ECD19DF80C30BDF8CC
S214037BC00D006B7128812B4622464FF6FF71CDE9D7
S214037BD00067FFF7BDFF0028DCD00446DFE721245B
S214037BE0DDE710B586B00A9C04949DF82440039400
S214037BF0BDF8204002940124CDE9003413460A461A
S214037C0001460620DDF764F906B010BD1FB504462D
S214037C100846194600230094CDE90123079BBDF8C7
S214037C201820FFF7DEFF04B010BDF0B502280546A6
S214037C300E4614461F468BB00AD106A9F0B201F0D1
S214037C40F3F998B99DF8193023719DF81C306371C8
S214037C50119B224604930023CDE902330193109B24
S214037C603146009328463B46DDF732F90BB0F0BDAC
S214037C7013B500240194049C0094FFF7D6FF02B0CA
S214037C8010BD2DE9F0450646884614469A46002759
S214037C9001258BB006A9F8B201F0C6F920BB9DF802
S214037CA01830012B19D19DF8192033799A4214D133
S214037CB0BDF81A2073889A420FD19DF81C303246BD
S214037CC07371B9B2CDE9030ACDE901004346022038
S214037CD00094DDF7FDF8054610B90137202FD9D1FA
S214037CE028460BB0BDE8F0850546F9E70023FFF705
S214037CF0C8BF10B50446DDF7C9FE0021631E04F1B4
S214037D000F0213F8010FFF2808BF19709342F8D12A
S214037D100023237410BD0020704770B506461D4629
S214037D20DDF728FD044608B9212070BD3046DDF78F
S214037D30EFFF0028F8D0A0682A46FF21FFF722F8B5
S214037D409DF81030002063719DF81430A371ECE7A2
S214037D5013B59DF81040CDE9003413460122FFF712
S214037D60DCFF02B010BD08B5DDF704FD28B180685E
S214037D70FF21FFF718F8002008BD2120FCE70122A9
S214037D80FFF7F1BF1FB50B466A460146184601F0DA
S214037D9041F96A460823002032F8021B013B13F020
S214037DA0FF0380EA0100F7D1012838BF012080B223
S214037DB005B05DF804FB2DE9F04F87B0DDE9109BB5
S214037DC005468846484619461F461446BDF8486089
S214037DD09DF84CA0FFF7D6FF042D0346ABF8000032
S214037DE01AD8022D1DD9042D07D04FF2F222A188EE
S214037DF0914222D1E28891071FD5E17A0022CDE98C
S214037E00013720463346CDE90392CDF800A001F0B2
S214037E1056F907B0BDE8F08F6A1F012A11D9212051
S214037E20F7E700224146CDE91192284622461097ED
S214037E3007B0BDE8F04F01F051B94FF6FF760C21BD
S214037E40DCE7052D0ED10023E17A0022CDE90137C8
S214037E50CDE903920091234652464146304601F04F
S214037E6021F9D6E74FF2F222A188914204D1E288A3
S214037E70920701D5E17AE8E74FF6FF760C21E4E7AF
S214037E80F0B585B00546DDF735F948B16B88B3F52F
S214037E90006F05D1681D05B0BDE8F04000F0EFBCEB
S214037EA0284600F003FD0446C8B9E7B269463846DB
S214037EB001F0BAF878B99DF8006066B929463846E5
S214037EC001F0B6F820B140F60443984207D08C265A
S214037ED0304605B0F0BD0134202CE6D1F7E78D26F9
S214037EE0F6E7DDF7EDBA2DE9FF4704460D460146F2
S214037EF0184617461E46BDF830809DF83490DDF8C8
S214037F0038A0D8F779F8D0B92146284601F036F9D3
S214037F1033463A4629462046CDE9019ACDF80080F5
S214037F20DDF772FB33463A4629462046CDE90D9ADD
S214037F30CDF8308004B0BDE8F04702F02BB804B0AB
S214037F40BDE8F087DDF70ABDDDF7C2BCDDF7E6BCAA
S214037F5010B5044601F01EF9082201462046BDE886
S214037F601040E3F771B901F017B9002101F014B915
S214037F7001F026B90020704720207047EAF7FCBFBF
S214037F80EBF746B8EDF7E8BC7047DDF733BE70B5E0
S214037F9006460C46154600F04CF850B13CB135B1D8
S214037FA0204600F0D8FC013080B2A84200D9002059
S214037FB070BD304600F043F840B1002CF7D0012DD9
S214037FC0F5D9204600F0CCFC0230EDE73046DDF76D
S214037FD071FDEAE7F8B5BDF8185010B3967855B9B1
S214037FE0D478A6F14107012F07D8621ED2B200F05B
S214037FF0D1FD0020F8BD2C46F3E7433E012E04D8FE
S214038000A21E92B200F0DEFDF3E7D27813B90DB1EB
S214038010AA4206D811B9E3F7C5F8EAE7E3F714F975
S214038020E7E78920E6E7413803288CBF00200120D4
S2140380307047413801288CBF002001207047433821
S21403804001288CBF002001207047002070470020C5
S21403805070470388B3F57C4F01D3FFF7F8BF084694
S214038060FFF7F3BF10B54A880488A2420DD1037BFD
S2140380700C79234009D0B2F57C4F08D3FFF7E7FF0E
S2140380800B891B1A5842584110BD0020FCE70120FB
S214038090FAE738B50D88D488A5420AD10388B3F524
S2140380A07C4F08D2FFF7D5FF13891B1A5842584155
S2140380B038BD0020FCE70120FAE72DE9F047154616
S2140380C00446B8B149B1EAB100264FF0140AB046E7
S2140380D090F80490F3B2994501D800240AE0276883
S2140380E00AFB06773846FFF7BDFF013628B13C4644
S2140380F0A5F800802046BDE8F0877B8943441FFA35
S21403810083F8E7E71446F5E72DE9F0470E461546EC
S2140381100446B8B149B112B300274FF00C0AB8466B
S214038120B0F80890BBB2994501D800240AE063680A
S214038130324620460AFB0731FFF7ABFF28B10C4651
S214038140A5F800802046BDE8F0870B79013713F0C9
S214038150300F02BFCB7843441FFA83F8E2E7144696
S214038160F0E72DE9F04186B00D461446984604AA7A
S21403817005AB03A90646DDF773FD40B30DB1049BBB
S2140381802B6034B3049D03982946FFF762FF2B88C0
S214038190074602467188307800F050FBD8B129793B
S2140381A011F010030BD0EB782A46CDE900433B468B
S2140381B071883078FCF721FB06B0BDE8F0812A46CB
S2140381C020460599CDF80080FFF704FFF4E78620E4
S2140381D0F2E72046F0E77E20EEE71FB51C460023B5
S2140381E0ADF80A20BDF818208DF80400ADF8061087
S2140381F0ADF80C2069461A4601A800938DF808408E
S214038200FFF7AFFF009804B010BDF0B587B00E4679
S21403821005AB04AA03A90446DDF722FD08B3049DB3
S21403822003982946FFF715FF2B8807460246618801
S214038230207800F005FBB0B1297911F0100108D0C1
S21403824000963B462A4661882078CDF795FF07B00F
S214038250F0BD009101232A4631460598FFF7BAFE82
S214038260F5E78620F3E77E20F1E72DE9F0410646A1
S21403827000254FF014080779E8B2874201D8002496
S2140382801AE008FB05F0D6F800C00CEB00043CF837
S214038290000081421AD132B1802A10D194F90CC061
S2140382A0BCF1000F12DAB0F57C4F05D32046FFF77A
S2140382B0CEFE834200D04BB92046BDE8F081402A6B
S2140382C004D194F80CC01CF0400FECD10135D3E771
S2140382D00121DDF701BC08B513460022DDF72AFDB0
S2140382E0003818BF012008BD08B513464022DDF745
S2140382F021FD003818BF012008BD08B513468022AB
S214038300DDF718FD003818BF012008BD08B5402268
S2140383100023DDF70FFD003818BF012008BD08B5A0
S21403832080220023DDF706FD003818BF012008BDB4
S2140383300023DDF7FFBC0021DDF76CBD10B5044656
S2140383400121DDF767FD2046BDE8104001F056BE6B
S2140383507047F8B516461F469DF81820BDF81C3022
S2140383600546DDF7E7FC78B10421DDF7D1FD0446C9
S21403837050B1284600F010FB3A4631462846A0473F
S214038380BDE8F84000F0FCBAF8BD2DE9F74F1E46ED
S214038390DDE90C9B074688461446BDF838302AB3F9
S2140383A0B9F1000F22D00EB392F804A099F800207A
S2140383B0504612F0080F0CBF802240226188DDF77A
S2140383C0B9FC98B10821DDF7A3FD054670B1504608
S2140383D000F0E2FA3346224641463846CDE9009B92
S2140383E0A84703B0BDE8F04F00F0CABA03B0BDE833
S2140383F0F08FF8B5BDF8187016461A463B46044685
S214038400DDF798FCE0B177B90221DDF781FD05467B
S214038410B0B1204600F0C0FA31462046A847BDE872
S214038420F84000F0ADBA1021DDF772FD054638B10D
S214038430204600F0B1FA3A4631462046A847EEE712
S214038440F8BD73B5BDF8184016461A4623460546CA
S214038450DDF770FCB8B1C4B92021DDF759FD044639
S21403846070B1284600F098FA099B314600932846D7
S2140384709DF820309DF81C20A047044600F080FAA3
S214038480204602B070BD8624FAE70024F8E72DE9FB
S214038490F04186680446007800F07EFA002514272B
S2140384A03279EBB29A4203D8BDE8F04100F068BADD
S2140384B07B4332682078D15A02EB030800F0C2F9F6
S2140384C001214046DDF724FD034608B1207898478E
S2140384D00135E5E72DE9F04F1C4689B09DF84C3091
S2140384E0BDF8488001939DF8503092460293224689
S2140384F0434607460D46DDF71DFC8DF81470064609
S214038500ADF816508DF81840ADF81AA0ADF81C80DB
S21403851018B9012009B0BDE8F08F05A9FFF7A2FD41
S2140385200028F6D000252F46A8462C4634E00C2318
S2140385301FFA85F903FB09F931887368B1F57C4F97
S21403854033F8092003EB090B1AD333F80900504517
S2140385502CD3019BA3422DD900F0BAF99BF8020055
S214038560DEF782F9029B43B19BF8043013F0010F48
S2140385700CBF05200720DEF777F90134A4B219E013
S214038580ADF81A205946304605AA0393FFF781FD36
S214038590039B0028D9D101353289ABB29A42C6D89B
S2140385A004EB0800C31B58425841B3E708F101081F
S2140385B01FFA88F80137BFB2EDE710B5012488B07B
S2140385C006949DF83C4005949DF8384004949DF825
S2140385D0344003949DF8304002940B9C0194BDF8FC
S2140385E028400094DDF7D8FD08B010BD2DE9F0470C
S2140385F086B0BDF83880DDF83C909DF840A0CDF8F5
S2140386000080CDE9019A04460D4616461F4600F043
S21403861013F9B8B1431EDBB2012B10D80023012295
S214038620811E48424841CDE90432CDE902A03B46CB
S214038630324629462046CDE90089FFF7BEFF06B03D
S214038640BDE8F0870120FAE730B50024012587B09E
S214038650CDE9044503959DF82C5002950A9DCDE976
S2140386600045FFF7AAFF07B030BD30B5002401254B
S21403867087B0CDE9044503959DF828500094CDE9CD
S21403868001354023FFF799FF07B030BD10B501242D
S21403869086B0CDE90444002403949DF82840029450
S2140386A0099C0194BDF820400094FFF786FF06B0AE
S2140386B010BD1FB5089C03949DF81C400294069CAD
S2140386C0019400240094DDF763FE04B010BD7047E8
S2140386D02DE9F84F0229074688460C9D04D84FF02B
S2140386E0000A5046BDE8F88F1BB10429F7D942F0BB
S2140386F004023A702BB303247B701B0ABB70DFF7AC
S2140387005DF94FF000099DF82830385504F1020A48
S21403871001343B550B9A5FFA89F3D45C002CE0D006
S214038720732C10D82E464C2C56F804BB3DD0532C35
S21403873015D0622C45D1AC8805F1080600231A46ED
S21403874016E00124DBE7A4F17503032BC7D8763CB8
S2140387502E1D022C52D8DFE804F0565A58006A68D9
S21403876005F1080694B2D2B2B2F1FF0318BF012393
S2140387700AEB040119448845B1DB50461946002923
S21403878047D153441FFA83FA5CB1BBF1000FA6D05E
S214038790224607EB0A005946E2F794FE54441FFAB2
S2140387A084FA354609F10109B4E74FF6FF736A68A0
S2140387B005F1080694B222469C4214BF0223002306
S2140387C0D6E76C2C05D1584600F0CAF8841CA4B230
S2140387D0B4E7732C04D1584600F0BDF8441CF6E702
S2140387E0A4F13003DAB2092A01D89CB2A6E7A4F1B1
S2140387F04103062B3FF673AF373CE8E7012300241B
S2140388002A68A346B4E70223F9E70323F7E704231A
S214038810F5E700F1010C01393A54C9B2120A1FFAFE
S2140388208CF0ACE70020DDF7A7BF0022DDF7C4BF5E
S2140388300023DDF7D7BF704701207047012070473C
S21403884001207047704700207047002070470020C3
S214038850704700207047002070470020704770471D
S2140388600E20704700207047002070470020704796
S214038870002070477047FF2070470E207047842003
S21403888070477047704700207047002070470020ED
S2140388907047002070470020704700207047002074
S2140388A0704770470E2070470020704700207047BF
S2140388B070470020704770477047704770470E2018
S2140388C07047704700207047812070477047704795
S2140388D038B50546C0B2DDF7C7FF0446280ADDF7FC
S2140388E0C3FF14B1002808BF0024204638BDF8B5DE
S2140388F00546C0B2DDF7B8FF0446C5F30720DDF72B
S214038900B3FF0746C5F30740DDF7AEFF0646280E5E
S214038910DDF7AAFF24B12FB136B1002808BF002423
S2140389202046F8BD3C46FBE73446F9E710B4CC18BE
S214038930944203DC5DF8044BFFF721B800205DF892
S214038940044B70470423FFF7F1BF08B50223FFF774
S214038950EDFF80B208BD0078FF2808BF00207047EF
S21403896008B502220021FFF7F0FF4FF6FF73984287
S21403897008BF002008BD003818BF0120400070471C
S2140389800020704708B5FFF7A3FCFF284FF0FF3021
S21403899018BF0020C0B208BD08B5FFF7F3FFFF28D5
S2140389A00CBF2120002008BDF8B506460C46154628
S2140389B01F4600F011F810B12544AC4200D1F8BDB3
S2140389C03946304614F8012BDEF740F8F5E7014642
S2140389D000220220DDF7CABF0120704737B50546DF
S2140389E0DCF754FA044601950CB981201CE0237881
S2140389F023B12046DCF752FA0446F5E72B68626893
S214038A005B889A42F5D1A368EA7B99B272B12A8A47
S214038A109142EED16A7DB2EB134FEAD10020E368B0
S214038A2001A998478128E4D003B030BD4FF6FF7202
S214038A30EEE72DE9F84304460F46904699460BB3F6
S214038A40012A1FD80C20E2F7B3FD064610B91920F9
S214038A50BDE8F8831020E2F7ABFD18B93046E2F71D
S214038A60AFFDF4E70123002547EA08477060057069
S214038A70C0F80C904460876033803046DCF7FEF91C
S214038A802846E5E72120E3E738B504464368084669
S214038A900D469847B4F90830002B02DB2B78042BDD
S214038AA006D1002320466360BDE83840DEF760BB8E
S214038AB038BD30B54FF48A5587B0ADF816200DF1A2
S214038AC016041A46029543B100230122CDE900336A
S214038AD0234600F01EFA07B030BD0194012400942B
S214038AE0F7E7FFF7EBBEFFF7BDBE0020704708B5FC
S214038AF000F014FB20B900F05BFB08B9DBF75CFB66
S214038B00FFF7CFFEBDE80840FFF7DBBE0020DEF729
S214038B1097BF0021DFF734B80022DEF7F3BF1FB597
S214038B20D2880B4612F0200F4FF6FD7114BF49246E
S214038B305224ADF80610510544BF083CE4B21105B3
S214038B4044BF083CE4B2120444BF023CE4B2032828
S214038B5005D8DFE800F0020F161CADF80630BDF8A6
S214038B600600FFF788FEFF281CBF241AE4B220463F
S214038B7004B010BD02AA0DF10601D8B200F08CFABB
S214038B80EDE7D8B200F052FAADF80600E7E7013C8D
S214038B90E4B2E4E7F8B5064617460D4681B10C780D
S214038BA0FF2C0BD00846FFF7D6FEB84228BF384640
S214038BB0C4B22246691C701CE2F746FB3470F8BD4B
S214038BC00C46FBE770B5044615460E4611B94170D0
S214038BD0017070BD0B78FF2B05D14B78FF2B02D1AC
S214038BE003704370F5E73046FFF7BAFEA84228BF86
S214038BF0284685B22A46B11CA01CE2F725FB257041
S214038C002D0A6570E5E7F0B523B9013A531C2FD159
S214038C10002020E0042AFBD800231C46551E6E1CA9
S214038C201AD1042A10D00121D200501E01FA00F0F6
S214038C3020421EBF914049420C4318421EBF4FF0CC
S214038C40FF3101FA02F213439C421EDCB4BF4FF01D
S214038C50FF30002040B2F0BD40B1465DEF00BE409D
S214038C6034434E5D013DBE403343D8E70646F5E741
S214038C708C5C38B90346A34202F1FF32C6D24FF0EA
S214038C80FF30E8E7835CA342F5D90120E3E7283801
S214038C9007288CBF0020012070471D2810D004D859
S214038CA040B11C2804D0552070471E380128FAD836
S214038CB01A2901E00B390F298CBF55200020704775
S214038CC00829F9E7002000217047F7B59DF82040F2
S214038CD00546082C104619469DF8246036D800220F
S214038CE013462C44AC4208D106F0FD04382C0ED1B2
S214038CF00096FFF7E7FF03B0F0BD14F8017D1B02F3
S214038D0043EA12631202BA1843F10003EAE7392E64
S214038D1010D107EE100A07EE902AB4EEE77AF1EECA
S214038D2010FACCBF77EE677A77EEC77A002117EE94
S214038D30900AE0E7824273EB010403D2801A61EBE8
S214038D400301D8E7101A63EB0101D4E700200146BC
S214038D50D1E738B5C36814461944836853F82150DD
S214038D601AB12846E2F71AF92070284638BD2DE9CD
S214038D70F3411C4616460DF107029DF82050FFF7F7
S214038D80E8FF9DF807308046A34288BF8DF807406A
S214038D909DF807700DB1E41BE5B22A460021304664
S214038DA0E2F700FA3A4641467019E2F74DFA3846BA
S214038DB002B0BDE8F0812DE9F3411D46164601AA2F
S214038DC09DF82040FCF7E8FF019B80469D4238BF94
S214038DD00195019F04B1EC1B224600213046E2F7C1
S214038DE0E1F93A4641463019E2F72EFAF8B202B0F4
S214038DF0BDE8F08173B50024154601AA1E4601940A
S214038E00FCF7CAFF019B072B0AD92146CCB216B141
S214038E10C4F10704E4B2425C013108292A55F5D1AE
S214038E20D8B202B070BD1FB5030A8DF80E30032307
S214038E30009303AB8DF80D0000F0BBF805B05DF8AA
S214038E4004FB1FB58DF80F100421030A8DF80E30AE
S214038E50009103AB8DF80D0000F0ABF805B05DF89C
S214038E6004FBF0B589B016689DF83C50CDF8096050
S214038E708DF811305668BDF83830012D109FBDF8B7
S214038E804440CDF80D60ADF812308DF8145014D070
S214038E90032D19D13B68CDF815307B68CDF8193012
S214038EA09DF848308DF81D3016230093BDF84C20EE
S214038EB002AB00F07EF809B0F0BD8DF81540240A29
S214038EC00F238DF81640F0E70120F4E71FB504469C
S214038ED0084611461A4602238DF80D1000932146C4
S214038EE003AB00F066F804B010BD10B514461A467E
S214038EF00B6886B0CDF80D304B683421CDF81130B1
S214038F000A23009303AB8DF8154000F052F806B021
S214038F1010BD2DE9F041B6B014461D4606460F4671
S214038F209DF8F080DFF750F803AA8DF80C00104682
S214038F30330A8DF80F703F0A8DF80E308DF80D60EA
S214038F402B468DF810708DF8114005EB4405AB42A7
S214038F5002F102021FD16200D2B2931DDBB23D9929
S214038F60D8336B44073203F8CC8C01EB4805D3B2F5
S214038F7050FA82F2A94202F1020212D103EB48032D
S214038F80009006213046BDF8F820DBB2DFF726F85E
S214038F9036B0BDE8F08133F8021B1171090A51712E
S214038FA0D5E731F8024B02F8024C240A02F8014CCA
S214038FB0E0E72DE9F0411C4605460E4617469DF8A8
S214038FC01880DFF701F8207043463A4631462846B4
S214038FD00694BDE8F041DFF701B8002070477047FC
S214038FE0D3F7DEBA08B5E9F7C5FA002840F612400B
S214038FF018BF002008BD704770477047704770471A
S21403900070477047002070477047704700207047CE
S2140390107047704702F066BFFEF775B8FEF758B89C
S21403902003F0D7BAF5F704BB03F0C4BAF5F7BEBA34
S214039030F5F726BBF5F7E0BAFEF737B9FEF71DB925
S21403904010B49DF8044001945DF8044BFEF710B885
S214039050FEF764B8FEF771B8F1F7A8B9F1F7ACB943
S214039060EEF718BDEEF71CBDEAF7A0BBFEF7B0B8E7
S214039070FEF775B8FDF7C0BEFEF798B8FEF784B8DE
S21403908030B4BDF808409DF80C50CDE9024530BC1D
S214039090FDF7D1BEFDF76FBFF5F764BCDEF7EEBF95
S2140390A0F5F72ABD70B49DF80C40BDF810509DF836
S2140390B014600394CDE9045670BCF2F791B970B40A
S2140390C09DF80C40BDF810509DF814600394CDE94C
S2140390D0045670BCF2F7C4B9F2F7AEBA10B49DF8F2
S2140390E0044001945DF8044BF2F7FEB910B49DF802
S2140390F0044001945DF8044B01F0BABF01F0BABF17
S214039100FDF77DBFFDF78DBFFEF71AB9FDF79EBFCE
S214039110ECF7D2BFEDF72ABFEDF7FCBEECF7F6BBD4
S21403912002F051BBEDF7AEB902F0A7BBEDF73ABBC1
S214039130ECF79EBEEDF720BFEDF79CBEEDF7B8BE8D
S214039140EBF760BAFEF7C6B8FEF761B8FEF774B879
S214039150FEF781B800F036BC00F02FBCF4F722BA55
S214039160F1F76EBFF4F7FCB9F4F722BBF1F738BF9B
S214039170EAF708BBF3F7C2BBFFF732BFFAF7E0BE66
S214039180FEF703B9FDF72CBFFEF731B801F020BD9B
S214039190DEF7D2BEEBF71EB8EAF7C8BB01F0DCBFBA
S2140391A001F0B3BFEAF716BCEAF764BFEAF78EBF6F
S2140391B0EAF784BBDEF7DCBEDEF7EEBEDEF7C6BE3E
S2140391C0EAF724BBDEF7CCBEF6F72ABB01F09BBF5B
S2140391D001F062BFEAF720BBEAF7E6BFEAF776BB21
S2140391E010B4BDF8044001945DF8044BFDF753BE7C
S2140391F0DEF76EBFDEF760BFF6F7B2B8F6F7EABA89
S21403920003F0FABA03F000BBF6F722B9F6F702BB8F
S21403921000F06DB900F0ABB900F0D3B900F0B9BAFD
S21403922000F029BB00F092BADFF76ABC00F0F0B991
S21403923000F01DBA00F030B810B51C4601F0ECFD86
S21403924006F035FA0023C0F340202370400010BD1B
S214039250002208B50B461146FFF7EEFF023818BF8B
S214039260012008BD002070477047B1FA81F040091D
S214039270704701207047704770470020704770475B
S2140392800020704770470E207047012070477047D4
S214039290012070470120704714220021E1F782BFA6
S2140392A0704770B505460C468AB0252200210DF19D
S2140392B00300E1F777FF6B68CDF81D30AB68CDF898
S2140392C02130234601AC03F110062246186859687C
S2140392D0083303C2B3421446F7D101236A7B8DF8E1
S2140392E0023012F0040F0CBF4FF480734FF4A073D8
S2140392F0110748BF43F48063ADF80030930748BFB7
S214039300BDF80030684644BF43F00803ADF80030AC
S214039310F1F76EFB0AB070BD30B5427B0D46D10740
S21403932004468BB007D5407801A9F1F7CBFBD8B13B
S2140393302D200BB030BD9307FAD5C2F38003100778
S2140393404FEA8313ADF8023044BF43F48063ADF8AD
S2140393500230BDF80220201D0AB10DF1020201A958
S21403936002F0DDFD0028E3D001AB03CB9DF81430FB
S214039370A1602373BDF810306060590642BF627B5C
S21403938042F0040262735A0542BF627B42F008024F
S21403939062731B0742BF637B43F0020363732B4670
S2140393A006AC0AAD224603CAAA42186059601446A0
S2140393B003F10803F6D10020BBE7F0B504460D46DB
S2140393C093B0252200210DF12300E1F7EBFE63683D
S2140393D004F1040CCDF83D30A36809AECDF8413056
S2140393E02B4605F11007324618685968083303C23E
S2140393F0BB421646F7D105238DF82230637B5B010B
S21403940003F40073ADF820306378FF2B1AD10023E2
S21403941060461A4601A900F0D9F99DF80530FF2BDE
S2140394200DD1002301A91A46184600F0CFF99DF87E
S2140394300530FF2B03D11C26304613B0F0BD9DF834
S214039440053063700020617808AA00F0B4FA064677
S2140394500028F1D1607801A900F03EFA2B4603AD4F
S2140394602A4618685968083303C2BB421546F7D123
S214039470637B6078DB0648BF9DF81C3001A944BFB8
S21403948063F07F038DF81C3000F03DFAD4E710B587
S21403949004468AB02422002101A8E1F783FE637BF9
S2140394A0590744BF4022ADF810201A0742BFBDF843
S2140394B0102042F48062ADF81020DB070FD56078E9
S2140394C001A9F1F7FFFA10B12D200AB010BD01ABC8
S2140394D003CB637B606043F00203A160637304A95C
S2140394E0201D02F01EFD0028EED00020EDE71FB57C
S2140394F0694600F066F8002818BF2D2005B05DF811
S21403950004FB73B50D4614460646DEF721FF6B884B
S2140395101A071AD522463146102002F0E3FC2046ED
S214039520DEF716FF6B88D90717D5002322460121DD
S2140395300DF107008DF80730DFF7DCF96B88002B99
S2140395400CBF2120002002B070BDDE06EAD52246FD
S2140395500821281DDFF7CEF9E1E79A0701D5022394
S214039560E4E75B07EAD50323E0E70F2070471FB560
S2140395700C46694600F025F8102221466846E2F7B5
S2140395805DF9B0FA80F0400904B010BDB8B1B1B1CE
S2140395904388A3B90378013B082B10D8DFE803F010
S2140395A00507090B0F0F0F0F0D00DFF7A5B8DFF741
S2140395B0FFB8FFF776BEFFF700BFDFF78DBA2120AF
S2140395C0704738B50D4609B300B30378013B082B43
S2140395D01AD8DFE803F0050D101319191919160028
S2140395E0DFF7C2F80446284602F099FE204638BD47
S2140395F0DFF7FEF8F6E7FFF78FFEF3E7DFF72EF960
S214039600F0E7DFF773FAEDE72124ECE72124EDE733
S21403961070B586B0064601A80C461546FFF73CFE15
S21403962004238DF804301CB12068616802AB03C3C1
S214039630294601A88DF80560FFF7A8FF06B070BDA0
S21403964070B586B0044601A80D461646FFF724FEFD
S2140396500323206861688DF8043002AB8DF811602F
S21403966003C3294601A8FFF791FF06B070BD002289
S214039670FFF7E6BF30B585B00D4669460446FFF7EB
S214039680A0FF20B92A4621466846FFF73AFF05B0F1
S21403969030BD30B5437B044613F001020D468BB054
S2140396A007D0407801A9F1F70DFA70B12D200BB061
S2140396B030BD9B07FAD5ADF8022001A90DF10202D1
S2140396C0043002F02CFC0028F0D000210E22A81C47
S2140396D0E1F768FDBDF810302B80039BAB60BDF847
S2140396E01230AB819DF81430237301AB03CB60605B
S2140396F0A1600020DBE770B5437B0446DB070E461C
S2140397008AB003D42D2528460AB070BD6946407832
S21403971000F04DF905460028F4D1DDF81D300E2281
S2140397206360DDF821300146A360637BB01C43F021
S21403973002036373E1F736FDBDF80030069A43F083
S21403974004033380059BB2607360DCE70B4610B5F9
S2140397500446102200211846E1F724FD2278032A46
S21403976009D0042A0DD0022A11D101462046BDE8AD
S2140397701040DFF721BA01462046BDE81040FFF748
S21403978088BF01462046BDE81040FFF7B4BF262039
S21403979010BDF8B5074608460C4616461D46FFF7A5
S2140397A07BFD04232370637B314643F0010320468D
S2140397B067706373FFF705FF08B12D20F8BD2946D0
S2140397C02046FFF7C3FF0028F8D0F6E7F8B50546AE
S2140397D008460C461F461646FFF75EFD0423237015
S2140397E025B108222946E018E1F72EFD637B43F0F6
S2140397F0020363734EB932460121284600F0E4F8AB
S214039800FF28607007D12D20F8BD31462046FFF7AC
S214039810D8FE0028F7D1637B43F0010363730DB9C9
S2140398200020F1E7002FFBD039462046FFF78EFFD6
S214039830F6E7F8B50C460746084616461D46FFF7F4
S2140398402BFD03232046394600F8043B0822E1F7A4
S214039850FBFC637B314643F0020320466373FFF74A
S214039860B0FE08B12D20F8BD29462046FFF76EFF4F
S2140398700028F8D0F6E7F8B5074608460C4616461D
S2140398801D46FFF709FD03232370637B314643F030
S2140398900103204667706373FFF793FE08B12D201C
S2140398A0F8BD29462046FFF751FF0028F8D0F6E713
S2140398B018B18022012100F087B8FF2070470023EB
S2140398C007B51A4619460093F2F74CFEB0FA80F035
S2140398D0400903B05DF804FB0B4610B51922044695
S2140398E0FF211846E1F75EFC7E2C01468CBF04F58B
S2140398F0C43004F583304FF01902BDE8104088BF2A
S214039900AD30D3F7E3BA7E2888BF00F5C4304FF0F6
S214039910190294BF00F58330AD30D3F703BB30B5DF
S21403992089B00D46FFF7C4FFFF2804460DD001A9F2
S214039930FFF7D2FF2868696801AB03C3204601A975
S214039940FFF7E1FF002009B030BD2D20FBE770478D
S21403995070470020704770470F20704770479DF888
S214039960000070470F2070470F2070470020704795
S2140399700F207047002070470020704784B08DE8A2
S2140399800F00002004B070470020704770477047F0
S21403999000207047704700207047704700207047CC
S2140399A001207047704700207047012070470E2043
S2140399B07047FF2070470E2070470E207047002028
S2140399C0704770470E207047FF20704770477047F8
S2140399D000207047704770477047002070477047F5
S2140399E0002070470020704700207047704770477C
S2140399F0002070477047002070470020704770476C
S214039A000020704710B50024E3B210B9C3F1030376
S214039A10DBB20134042CCA544FEA1222F4D110BD2F
S214039A2010B50B784C788A78C97828B91046224640
S214039A30044608461946034642EA012043EA04233D
S214039A4043EA004010BD7047DFF76AB908B5CDF7A3
S214039A50D9FE002814BF8620002008BD08B5CEF71F
S214039A60A1F8003818BF012008BD08B5CEF75AF88C
S214039A70003818BF012008BD08B5CEF7DFF8003858
S214039A8018BF012008BD08B5DFF72AFABDE808406D
S214039A90DFF7D8B970B504460D461646DFF720FA49
S214039AA00420DFF7C1F9324629462046FFF7DDFFDB
S214039AB004460220DFF7B8F9204670BD08B5DFF785
S214039AC00FFABDE80840CEF711B8DFF741BDDFF760
S214039AD021BD08B5DFF71EFD20B1BDE80840002014
S214039AE0DFF756BE112008BD10B5044608B1DFF7F0
S214039AF031FF2046BDE81040FCF74EBF10B50446C4
S214039B00006A10B1616AFFF7EFFF0020C4E908009E
S214039B1010BD38B50546FFF7F1FF2B7E0446012B33
S214039B200ED0023B012B0ED8EB69012B18BF6FF04A
S214039B309604282200212846E1F734FB204638BD48
S214039B40EB69002BF2E76FF09604F2E71822002188
S214039B50E1F728BB70472DE9F84F9846DDE90B4936
S214039B600D9B15469A0706460F4623D02A460A9BA0
S214039B7003EB040A1444A24220D10D9B9B0705D590
S214039B80A2EB050AD14505EB0A0420D82046BDE81A
S214039B90F88F434639462020B0470AF1010ACA45E2
S214039BA00AEB0B02F5D3A9EB04024C4588BF00224F
S214039BB02A44DCE7A246A5EB040BF0E702F1010B0F
S214039BC0434639461AF8010DB0475A46D3E743468B
S214039BD0224639462020B0470AF1010AD2E72DE98A
S214039BE0F047DDE90D7616F0020F9DF82880DDE9D3
S214039BF00854DDE90BCE1FD106F001094FB1B9F1C8
S214039C00000F06D0B8F1000F02D116F00C0F00D0EB
S214039C10013F4FF0300A04E0202C04D005F804A0DE
S214039C2001347445F8D3B9F1000F05D04FF030096D
S214039C30A74201D9202C2DD116F0100F1FD016F4F1
S214039C40806F2CD15CB3744501D0BC4227D1B4F1EC
S214039C50010E23D0BCF1100F46D1023C16F0200FA4
S214039C6028D1202C28D04FF0780C05F804C00134F6
S214039C70202C21D04FF0300C05F804C00134202CE2
S214039C801AD0B8F1000F23D04FF02D0C05F804C0FE
S214039C90013412E005F804900134C9E77446BCF1B8
S214039CA0100FDBD0BCF1020FE2D1202C04D04FF012
S214039CB0620CDAE7202C08D12024CDE90A76CDE918
S214039CC00854BDE8F047FFF746BF4FF0580CCCE703
S214039CD016F0040F02D04FF02B0CD7E716F0080F40
S214039CE0EBD04FF0200CD1E7BCF1020F7446C1D184
S214039CF0DDE72DE9F04391B0189D1A9E1D9F0DB91F
S214039D0027F010077C0500D515B317F0200F14BFF6
S214039D104FF0410E4FF0610EAC4600250DF12008C2
S214039D20AEF10A0EBCFBF6F906FB19C95FFA89F415
S214039D30B9F1090F94BF30347444E4B2B44508F85B
S214039D40014B05F10105BCFBF6F401D3202D10D120
S214039D501C9C069705941B9CCDE903649DF8644000
S214039D60CDE9015408AC0094FFF739FF11B0BDE804
S214039D70F083A446D6E72DE9F04F95B0269ECDE9AD
S214039D800A23DDE91E74DDE9229B57EA040308BFB4
S214039D9026F010067205CDE9080102D557EA04033A
S214039DA037D016F0200F14BF4123612300250DF191
S214039DB0300AA3F10A0821464A465B463846E0F7CE
S214039DC085FED2B2092A94BF303242444F45D2B2FE
S214039DD074EB0B0405F101050AF8012B01D3202DC2
S214039DE014D1259B06960593249BDDE90801CDE94E
S214039DF003939DF88030CDE901530CAB0093DDE966
S214039E000A23FFF7ECFE15B0BDE8F08F07460C46B5
S214039E10D1E70025E5E708B100F014B8704710B1A4
S214039E20D1E900311847704738B5441E14F8015F6E
S214039E3025B90A2000F006F8284638BD284600F063
S214039E4001F8F3E701460020FCF779BB704770473B
S214039E50E9F7ACB8704708B5FCF742FBCDF7D2FC80
S214039E60BDE80840CFF7E2BD704708B5CEF712F855
S214039E70FAF7DCFFBDE80840DFF732B808B5FBF7B2
S214039E80FEFEDFF79BFDFBF7D8FDE0F739F9E0F7B9
S214039E9025F9E0F7A7F8BDE80840D2F7F1BF08B503
S214039EA0D1F708F8FBF7B8FDD1F710F8FBF7B6FDC6
S214039EB0D5F7F8F9D5F79EFAD5F7A6FBBDE808401F
S214039EC0D5F7C4BA70477047E0F7B2B808B5FCF7E1
S214039ED052FFBDE80840FCF776BF704707B500227F
S214039EE00346114601200092D4F756FB03B05DF8F3
S214039EF004FB07B500920B46027D81898068FDF757
S214039F004EFD003818BF0120C00103B05DF804FB06
S214039F1008B50020DBF74EFC0020DDF7DFF9002054
S214039F20D5F71AFF0020D6F707FA0020D6F730FF3A
S214039F300020D9F75FFA0020D9F7CAFF0020DAF726
S214039F40BFFDBDE808400020DAF7AABE08B5012029
S214039F50FDF73CFABDE808400120D6F7EDB908B591
S214039F600220DBF71BFD0220DAF7B4FE0220DDF742
S214039F70C3FC0220FFF7ABFD0220FDF792FC022094
S214039F80D9F7A6FFBDE808400220DBF7A7B970475C
S214039F90FDF7A7BF70477047704770477047704715
S214039FA07047704710B50446DBF7B2F82046D7F77C
S214039FB001FA2046D8F754F92046BDE81040FDF7CD
S214039FC0A3BCFDF7BEBCFDF7C8BCDAF783BD70477C
S214039FD070477047704770477047704770477047C1
S214039FE0704705F02ABB70477047DAF70DBE704717
S214039FF07047704770477047704770477047CCF795
S21403A0000DB8FEF748BC704700207047FEF745BC06
S21403A010FEF74FBC7047431E012B03D9031F58425C
S21403A020584170470120704700F021BC4FF4D072AE
S21403A0300021E1F7B7B870B50446E3F78BF9054698
S21403A040A8B9A169F1B1238AD3B1204604F110025D
S21403A050E3F72EF838BBE16919B3638AA3B1204648
S21403A06004F1120200F0CAFA78B1054603E00023B1
S21403A070A3612361E361002328466361236270BD05
S21403A080A061E8E72082E6E7E361216A0029F2D0CF
S21403A090A28A002AEFD02046E38ABDE8704000F08B
S21403A0A06FBA6182F1E76582E561DEE711B9D0F840
S21403A0B0DC1021B1CB6813B18B68D88970474FF693
S21403A0C0FF707047E2F72ABA10B50C461146E2F75E
S21403A0D04BFAE3F779FC012801D1002010BD002CD0
S21403A0E0F7D10520FAE700F0CFB900F0E3B970B571
S21403A0F000232425D0F8DC00C4689C4201D121202B
S21403A10070BD826805FB0322D6898E4202D8128A66
S21403A1108A4201D20133F0E70020F1E7F8B506469C
S21403A1200D46E1F797FCD8B94FF6FF734FF0240CB2
S21403A130EF68C1B28F4208D81C4621463046E1F785
S21403A1403FFE00F09AFB2046F8BDAA680CFB0122EE
S21403A150D4899C4202D2002CEFD023460130E8E794
S21403A1600024F0E7C08D70470A7838B505461046D8
S21403A170FFF751FF60B14C782046FFF74CFF38B12C
S21403A1802243530704D42846BDE83840E2F738BCD8
S21403A190212038BD10B504460878FFF73CFF58B1B8
S21403A1A04A781046FFF737FF30B1042A04D020461A
S21403A1B0BDE81040E2F742BC212010BD00F0E8B82D
S21403A1C0E2F7A4BF084600F008BBE2F7E3BA38B5E7
S21403A1D004460D4600F08EF850B129462046E1F7B6
S21403A1E0EFFD30B929462046BDE83840E2F79ABA73
S21403A1F00E2038BD70B516460C4605F078F8314685
S21403A20005462046E5F77CFC0446284605F06AF832
S21403A210204670BD00F032B970B5044600200E46E5
S21403A22000F027FBD4F8F0503DB10023314620461A
S21403A230AC46BDE870401A4660472B4601223146BD
S21403A2402046E2F707FD284670BD38B50446488821
S21403A2500D4600F00EFBD4F8F0302BB92946204605
S21403A260BDE83840E2F704BC022038BD00F003BB6B
S21403A27000F03CB9E2F724B9E4F71CBC70B5BDF8AE
S21403A2801060054606B16BB1334428469BB200F016
S21403A29077F9044620B91EB13146284600F0ABF9DB
S21403A2A0204670BD2124FBE7E3F78ABFC0F8EC1015
S21403A2B000207047E2F716BE00F05EB910B4BDF892
S21403A2C0044001945DF8044B00F09FB80B4610B5AC
S21403A2D014461846A1689288E1F7F4F8E168034645
S21403A2E031B1A0886288121A92B21844E1F7EAF8EC
S21403A2F0002010BD0346408A18B1188A003818BFDC
S21403A300012070470846E4F7E1BC00F0ECBA00F021
S21403A310EABAE4F7EDBE084708B5E2F719F9C0B2A2
S21403A32008BD022A01D800F0E2B921207047022AAC
S21403A33001D800F0EDB921207047022A01D800F0B9
S21403A340F9B921207047E3F72DBC0846E3F748BC6C
S21403A35000F018BA00207047002070477047D0F806
S21403A360943003F06003402B0DD0602B03D0203BCA
S21403A37058425841704749B10B68012B06D94869C2
S21403A38040F00100704740F201107047002070470C
S21403A390F7B504461046D4E954C7DDE908268CEA27
S21403A3A0020587EA06010540194085EA0C0579404F
S21403A3B0C4E95451002523F4004106EA010320F0C2
S21403A3C0010043F40073024043F00203CDE9005555
S21403A3D0E6F760FA94F824309A0713D5D4F8543184
S21403A3E09B050FD54FF48811204600F058FB94F8D0
S21403A3F02430024665F3410384F8243020460B4696
S21403A400E2F77AF8002003B0F0BDF0B587B01C463B
S21403A4101746BDF830601AB90024204607B0F0BDD1
S21403A420002BF9D00029F7D001AAE3F7C9FE0028CC
S21403A430F2D0BDF80630A2199A42BDF80850C4BF40
S21403A4409B1B9CB2B54212D90399AD1BADB23144E6
S21403A450A5420391ADF808500DD22A463846E1F7D7
S21403A46031F80499621B7819E1F72CF8D5E70499BB
S21403A470761B3144049122463846F5E70846E5F74D
S21403A480DFBA0220E4F72ABE08B5D0F8E4304BB1B1
S21403A4901A68022A06D993F825204AB1186AB0FB2F
S21403A4A0F2F008BD4FF446624C210020E1F7EAFCC7
S21403A4B00020F6E7D0F8E42008B57AB11368022B3B
S21403A4C00CD9536A13F47F4FC3F3072106D0126ADD
S21403A4D0DBB253438B42B3FBF1F006D2002040F6C7
S21403A4E07F424C21E1F7CEFC002008BD0346D0F89E
S21403A4F030010860B3F8343100208B80704790F841
S21403A50030310C2B14BF90F82B00FF20704738B562
S21403A5100C464FF400610546E7F760FA70B17CB16C
S21403A52095F81E3173B94FF480724FF48071284644
S21403A530E7F740FA003818BF012038BD2202F4E7D7
S21403A5402246F2E70020F8E74FF48071E7F746BAB1
S21403A55008B54A024FF40071E7F72CFA002008BD4D
S21403A56008B58A024FF48061E7F724FA002008BD95
S21403A5704FF40071E7F732BA062300208B71704759
S21403A580B2F5805FF8B50F460646154619462ED82F
S21403A5909A422CD33F2A26D9B2FA82F40122C4F176
S21403A5A01F03DBB29A4092B2AA422CBFC4F119042D
S21403A5B0C4F11A04E2B20124931DDBB29C40A4B298
S21403A5C0AC4212D096F8F5309BB9012096F82430A9
S21403A5D060F3C71386F824303846E3F705FC0020FB
S21403A5E03762B582F8BD0022ECE70020EEE72120B3
S21403A5F0F8E70E20F6E70846E3F716BC70B50546FF
S21403A6000E46144602B313883F2B1DD9B3FA83F3C1
S21403A610C3F11901C9B2062901D8192B12D006298C
S21403A62028BF062101238A1DD2B2934030462380D9
S21403A630E3F702FC23882846EE616B82E3F786FC89
S21403A640002070BD0021EDE72120FAE710B514467F
S21403A65008460121E5F7CAF82046BDE81040012167
S21403A660E5F7C4B8F8B504460E46174604F03FFEB1
S21403A6703A46054631462046E5F776FB0446284625
S21403A68004F030FE2046F8BD0220704703207047D2
S21403A690E4F71CBD10B50023E2F79CFF044608B997
S21403A6A0E6F716FB204610BD704770B505460E4606
S21403A6B0144600F0E3F831462846FFF72FFD00F076
S21403A6C0DDF8230704D50B2C9CBF24F00804A4B2A2
S21403A6D021462846E1F742FF00224FF40031284680
S21403A6E0E7F768F9002070BD8021E7F777B97FB5F3
S21403A6F0531C05AAADF81410029202210022DBB205
S21403A700CDE900211146E7F773F907B05DF804FBBE
S21403A7107FB5531C05AAADF8141002920421022239
S21403A720DBB2CDE9002100220121E7F761F907B08A
S21403A7305DF804FB1FB5531C029100220821CDE9E6
S21403A74000210122DBB21146E7F752F905B05DF8A6
S21403A75004FB07B591F82830009391F82B3091F855
S21403A760292091F82A10E3F7E3F903B05DF804FB18
S21403A77010B50446E1F7ECFE01462046BDE810405E
S21403A780E1F7ECBE002914BF21200020704738B53E
S21403A790054610460C46E3F751FAD5B1D5F8E03036
S21403A7A0BBB15B69ABB1421ED2B2FD2A13D90A68AC
S21403A7B0013204BF6FF001020A600A68FF281A60BC
S21403A7C007D16268013202D16FF0010262606268EB
S21403A7D05A60002038BD0128F2E738B50546E5F78C
S21403A7E0EBFA04460021A878E3F790FA204638BD32
S21403A7F02DE9F74F01251C469DF830300646019398
S21403A8000368174603F0070306339D4005F1FF3838
S21403A8100B46A1B1416804EA080BA5EB0B0A41F00D
S21403A8200059524509EB0B0114D952461846E0F776
S21403A83049FE49467A1B5A445044E0F743FE019BBF
S21403A8402BB13C4448EA050804EA0804F46003B064
S21403A850BDE8F08F1846F0E737B500251446009597
S21403A860FFF7C6FF204603B030BDE3F763B800200A
S21403A870704700207047002070477047704730B518
S21403A88049000446056812B102291FD90339C903D2
S21403A89095B9E1B1B1FA81F3C3F12003C3F10F0017
S21403A8A0012838BF012003F01F03D940A94201D96C
S21403A8B001384908216030BDB5FA85F339B1B1FADC
S21403A8C081F29B1A002BE9DC0F20EFE700210F2013
S21403A8D0F0E7012805D9023818BF4FF0FF30C0B2A1
S21403A8E070470120704708B5E4F74AFDBDE8084005
S21403A8F0E4F76EBD38B50446FFF7F5FF0546FFF7E8
S21403A900F2FF431BA342FAD338BD38B50D460446BF
S21403A910E4F736FD35B1844200D90139204601F00B
S21403A920030138BD844238BF0131F7E708B501217A
S21403A930FFF7EBFFBDE80840E4F74ABD0B0C23F432
S21403A9408053B3F5284FF7B50D468FB2064699B236
S21403A95016D04AF60103994214D04AF602039942E6
S21403A96012D0B1F5204F14BF04240324D6F8E030E8
S21403A9700BB1196851B9D6F8DC3093B928680EE0E4
S21403A9800024F3E70124F1E70224EFE723466846B1
S21403A9903A46E4F779FDDDE90003002BEBD103B07B
S21403A9A0F0BD19680029E9D0234668463A46E4F71D
S21403A9B06BFDDDE90003002BE0D1F0E702F070BD8C
S21403A9C00204C0F3891307D56FEA83536FEA9353E0
S21403A9D013F5007F18B206D0A3F1C8006FF4FF7317
S21403A9E09842B8BF184670474FF0384359699A697A
S21403A9F003F500530A405A6170470E207047E6F786
S21403AA005BBBE6F759BBE6F757BBE6F755BB08B59E
S21403AA100846E6F777FF08BDE6F74EBB0220704709
S21403AA2002207047002070470120704700207047BF
S21403AA300E20704700207047E2F7C6BF084611464F
S21403AA400122FFF741BB70B505460C4611461A4670
S21403AA50E7F70AF806682B462046B446BDE870407A
S21403AA60604710B5E7F700F8BDE81040836818475D
S21403AA70FFF710BEE2F7D0BEFFF7A9BBE2F7DABBDB
S21403AA8070B504460D4616464FF4881100F01CF8C0
S21403AA90324629462046BDE87040E3F7EFB838B59E
S21403AAA005460C4604F023FCD5F890301C40D5F838
S21403AAB08C302343C5F88C3004F014FC211E18BFD9
S21403AAC001210020490238BD38B504460D4604F07E
S21403AAD00EFCD4F890301D40D4F88C3023EA0505DC
S21403AAE0C4F88C5004F0FEFB284638BD38B504463F
S21403AAF00D464FF48811FFF7E7FF29462046BDE8C9
S21403AB003840E3F7E3B873B50D7806460C4635B31D
S21403AB1004238DF804302379304601A98DF80530D7
S21403AB20FFF738FB0546B8B92278A37952BB8DF8F0
S21403AB300430E379304601A98DF80530FFF714FB9E
S21403AB40054648B923783BB161883046E2F790F969
S21403AB5001213046FFF7DBFC284602B070BD2946CC
S21403AB60FFF7D5FC29463046FFF7F2FC2946304668
S21403AB70FFF7F6FC2378002BCAD123798DF804302F
S21403AB806379C9E702228DF80420D3E7FFF7E0BC18
S21403AB90FFF7EEBC0020704710B50446E6F7FEFF4D
S21403ABA021460020E7F75CFEBDE81040002000F0D9
S21403ABB03EB970470120704708B5E8F77FFC80F080
S21403ABC00100C0B208BD4FF0FF30FFF79EBB7047D1
S21403ABD00020704710B50C4604F0A4F8048010BD9E
S21403ABE038B50C46154604F09DF803881DB11C4382
S21403ABF0A1B2018038BD23EA040189B2F9E708B59A
S21403AC0004F090F8008808BD08B504F08BF8C07807
S21403AC1008BD08B504F086F8008800F00C0008BDEF
S21403AC2008B504F07FF8008800F00C00031F5842B4
S21403AC30584108BD38B5054604F074F8044628465E
S21403AC40FFF7EEFF30B904F1100004F030FD00F416
S21403AC50406038BD4FF40060FBE738B5054604F0A6
S21403AC6061F804462846FFF7DBFF014648B910346F
S21403AC702046042203F096FF2044BDE8384004F043
S21403AC8016BDA08838BD10B50C4604F04BF884807A
S21403AC9010BD38B5054604F045F804462846FFF7C8
S21403ACA0BFFF014608B1201D38BD103404222046DC
S21403ACB003F078FF2044F7E738B5054604F032F88A
S21403ACC004462846FFF7ACFF30B904F1100004F041
S21403ACD0EEFC00F4404038BD4FF40060FBE738B5A7
S21403ACE0054604F01FF804462846FFF799FF014679
S21403ACF048B910342046062203F054FF2044BDE82A
S21403AD00384004F0D4BCA08838BD38B5054604F0F6
S21403AD1009F804462846FFF783FF014608B1201DBD
S21403AD2038BD10340622204603F03CFF2044F7E7E4
S21403AD3008B503F0F7FF007A08BD08B503F0F2FF85
S21403AD4090F9090008BD08B503F0ECFF807A08BD4A
S21403AD5008B503F0E7FFC06808BD10B50C4603F05E
S21403AD60E1FF047210BD10B50C4603F0DBFF44721E
S21403AD7010BD10B50C4603F0D5FFC46010BD2DE919
S21403AD80F8430F468046002107F110001646994601
S21403AD9004F03CF80446D0B103F0C4FF0546204651
S21403ADA003F0DCFF002102462846E0F7FBF9002308
S21403ADB02046AB7049F00401FFF70CFFA5F80480AA
S21403ADC02EB13A46314605F11000E0F77BFB2046EC
S21403ADD0BDE8F883F8B505460F461020002104F0B9
S21403ADE015F80446B0B103F09DFF0646204603F06F
S21403ADF0B5FF002102463046E0F7D4F90023394672
S21403AE002046B370FFF7E6FE25B12A460121204609
S21403AE1003F0D4FF2046F8BD08B503F083FF1030D7
S21403AE2008BD08B503F09AFF1038C0B208BD00206D
S21403AE30E7F73EBC08B5E7F799FE002008BD408853
S21403AE40C0F30C000330800840000430704770B530
S21403AE500E4605461146304603F0D8FF044635B184
S21403AE6028B103F05FFF32462946E0F7EDF92046A6
S21403AE7070BD0088B0FA80F04009704738B5058881
S21403AE800022044604F07DFC05B1258038BDF8B5E4
S21403AE9007460D4600880021164603F07BFFB042A6
S21403AEA0044605D129463846BDE8F840FFF7E6BF15
S21403AEB00021204603F06EFFB04205D02046002155
S21403AEC003F068FF0446F3E72A462046002103F012
S21403AED075FF32462846BDE8F840002103F06EBFF2
S21403AEE038B5044638B1002104F045FC002301467A
S21403AEF05D1C09B998B238BD204604F060FC2B46A9
S21403AF000146F5E7F8B5058807467DB1CCB221467C
S21403AF10284603F03FFF8542064609D100233B80BF
S21403AF2000222146304603F049FF35462846F8BD41
S21403AF30214603F02FFF21460246284603F03EFF34
S21403AF40EEE72DE9F04707888246884614465FB346
S21403AF50384603F003FF3D460646E4B2214628463C
S21403AF6003F018FF4045814616D1214603F012FF31
S21403AF7021460246284603F021FF474504D14545AE
S21403AF8008BF0025AAF8005000222146404603F0D9
S21403AF9015FF3046BDE8F0878742FAD003F0DEFEA1
S21403AFA030444D4686B2D9E73E46F2E700220123F7
S21403AFB0C0E900237047F8B504460127002604F0CD
S21403AFC0A3F923683BB904F09AF900226368012BBE
S21403AFD00ED16360F8BD1D691F61266004F08FF90A
S21403AFE0012DF2D02B462D691E61012DFAD1E6E71D
S21403AFF019691A610B46EAE7036823B94068012812
S21403B00003D0E8F7FBBA002070474FF0FF307047D5
S21403B010F8B5054604F066FA012306460027A8603D
S21403B0202B7304F071F92B6802467BB11C69216906
S21403B030A1420CBF2F6019612761104604F05FF927
S21403B040012C08D0204663689847EAE76C68012C11
S21403B05004D104F054F900232B73F8BD6169711A07
S21403B060B1F1004FF5D8216969602361E5E77047C0
S21403B0700220704702207047002070470144884230
S21403B08001D10120704710F8013B9342F7D000200E
S21403B09070470821FDF7A6BF70B50146064692B075
S21403B0A00020E6F7A7FF044670B9FDF796FF0546AE
S21403B0B001466A462046E7F7F1FA6A4629462046DD
S21403B0C08DF80260E7F7A0FD204612B070BD00B50C
S21403B0D093B0FDF782FF6A4601460020E7F7DEFAE3
S21403B0E09DF9020013B05DF804FB00B593B0FDF7BD
S21403B0F074FF6A4601460020E7F7D0FA9DF8000081
S21403B10013B05DF804FBE7F78DBA012070477FB5EF
S21403B1104FF6FF7101AAE8F74DFD20B1BDF80C000C
S21403B12007B05DF804FB4FF6FF70F9E708B504F0C7
S21403B13085FB003818BF012008BD08B51046E9F79F
S21403B1400DFEBDE80840E9F7C7BE70477047704775
S21403B1507047704770477047002100B593B06A4642
S21403B1600846E7F79BFABDF8060013B05DF804FB44
S21403B170002110B592B004466A460846E7F78EFAF1
S21403B18000216A460846ADF80640E7F73DFD12B0D3
S21403B19010BD002100B593B06A460846E7F77EFA6D
S21403B1A0BDF8040013B05DF804FB002110B592B09F
S21403B1B004466A460846E7F771FA00216A460846D7
S21403B1C0ADF80440E7F720FD12B010BD704773B525
S21403B1D00646E9F715F804463046EBF793FF224692
S21403B1E0034600213046F7F7ADFD0546D0B1FFF71D
S21403B1F013FE0446284603F095FD0023E21D121AAB
S21403B200294608200093D2B2FBF794FE0138C0B259
S21403B210012807D801222946304602B0BDE870400F
S21403B220E9F724B802B070BD134610B50A460021EC
S21403B2300446F7F761FD014628B12046BDE81040F5
S21403B2400222E9F713B8012010BD07B50093134691
S21403B2500A460021F7F7CAFC28B1002103B05DF8BF
S21403B26004EBF5F775BA012003B05DF804FB2DE98E
S21403B270F04F87B00C4691460746FFF7CAFC0546D3
S21403B280661C304604F013FA042D40F090803846CE
S21403B290FFF7C2FD0378092203F00303012B14BF53
S21403B2A00223032301212046039303F07BFC092298
S21403B2B000210546204603F075FC21788DF817001B
S21403B2C001390022204689B2FFF7C1FD04EB0908C5
S21403B2D08346F0B14FF0010A2A460146CDF800A096
S21403B2E003980DF11703FBF725FE0228054626D122
S21403B2F0584603F033FD00222070C0B2431E00926E
S21403B3009BB252465946304604F0D2FA2378534449
S21403B31023703846FFF773FC020424D498F80130F0
S21403B32021789B071FD50139A1EB09013A46404610
S21403B330C9B2EDF703FD23781844207013E020B953
S21403B3402070284607B0BDE8F08F032809D1404691
S21403B35004F0ADF920F4007189B2404604F0A9F96F
S21403B360D7E70428D5D10125002220462178FFF708
S21403B3706EFD07460028E4D04FF00008014643461A
S21403B38001224046CDF80080FBF7D4FD022819D1F0
S21403B390384603F0E3FCC2B2013A207093B2394652
S21403B3A001223046CDF8008004F082FAC9E780F027
S21403B3B0800520F0800081B23046C5F3C01504F046
S21403B3C078F9D1E70028BCD12070BAE708B5002089
S21403B3D0FFF7F2FB80F00100C0B208BD0A4608B5CD
S21403B3E001460020E8F742FFB0FA80F0400908BDA6
S21403B3F00020E7F73DBD00210846E7F7E1B9002046
S21403B400FFF7D8BB70B5044604F051F904220021B7
S21403B4100646204603F0C6FB204404F048F9032200
S21403B42005460021204603F0BDFB204404F03FF907
S21403B4304FF6FF730540ADB29D4214D1F30712D504
S21403B44006220021204603F0ADFB204404F02FF92A
S21403B4500446E8F77DFF844214BF02240624E8F777
S21403B46071FF204070BD2046FBF77CFFC400E4B2AA
S21403B470F5E708B5FFF7C6FF003818BF012008BD7B
S21403B4800120704710B50446FEF7B5FA08B9FEF773
S21403B490B4FA03050FD40C231B2B01D1002009E0BB
S21403B4A020FA03F1C90703F1010206D5DBB2E31A5A
S21403B4B05842584110BD0B23F9E71346ECE710B585
S21403B4C00C46098819B90846F7F7F6FB20800120D1
S21403B4D010BD08B510461A4600F0B8FABDE8084095
S21403B4E004F083B870B504460D46164692B06A4615
S21403B4F0E7F7D4F86A46294620468DF81F60E7F733
S21403B50083FB12B070BD10B50C46E9F7FDFA204672
S21403B510BDE81040E9F70EBA0129F8B505460C4612
S21403B5201DD003291ED0052920D0072922D00026A6
S21403B530002400270120E6F7F5FF304485421DDA94
S21403B5400320E6F7EFFF2044854219DA0520E6F7E5
S21403B550E9FF38448542B4BF07200520F8BD6FF0E5
S21403B5600406E5E76FF004040526E2E700266FF01D
S21403B5700407DFE7002405272646DBE70120EDE77F
S21403B5800320EBE738B5054600242046E6F7CAFF56
S21403B5900134A842E4B202D9062CF6D10724204689
S21403B5A038BD38B14379490023F00C0301F00C0190
S21403B5B00B434371704710B5044678B14179408810
S21403B5C0490801F006010131000AFFF7A5FF02460C
S21403B5D001462046FFF7E5FF104610BD0722FBE7AE
S21403B5E038B50D46E9F77EFA044608B9002038BD9B
S21403B5F0FFF7E1FF002DFAD1237913F00703F5D007
S21403B600984238BF1846C0B2F1E7037923F0070320
S21403B610194301717047037903F00F0343EA0113DB
S21403B620037170470022E9F701BE0021012208B525
S21403B630E9F7FCFD401A18BF012008BD38B51546CA
S21403B640FFF7F0FF0446284604F00EF984B1FF28FE
S21403B65004D0626822FA00F3DB0701D5012038BD67
S21403B6600123834013436360E3780133E370F5E714
S21403B6702046F4E7EAF744B810B503F053FB00F1AD
S21403B6801004204604F013F820F4007189B2204613
S21403B690BDE8104004F00DB82DE9FF4115460191B1
S21403B6A001218DF80D301B0A8DF80E309DF82C30D5
S21403B6B08DF80C008DF80F3028460423009103AA5A
S21403B6C09DF828809DF830709DF8346001F0D8FC12
S21403B6D0044670B12946FFF7D6FAB8F1000F02D137
S21403B6E02046FFF7C9FF2FB146B931462046F5F786
S21403B6F02FF80024204604B0BDE8F081002220463F
S21403B7001146E9F783FFF4E74FF47A70EAF7D8B8FF
S21403B710F0B5064687B010461C460F461546FFF79B
S21403B7207BFB9DF83030184443789CB16178012246
S21403B73011F0020F0CBF032100210020CDE90142C6
S21403B740CDE903100722394630460095EAF754F947
S21403B75007B0F0BD22462146EFE708B5E7F762FFDC
S21403B760BDE808400020EAF783BB00B58BB0684607
S21403B770EAF782F8009BBDF8060004A90693EAF7E9
S21403B78021F80BB05DF804FB1FB504466846EAF7DC
S21403B79073F802AB03CB2060616004B010BD1FB525
S21403B7A0062304468DF80C30EAF7F2FC00238DF8E6
S21403B7B00D00CDE9003301210223204603AA01F040
S21403B7C05FFC04B010BD70B50C4605460120EBF7D0
S21403B7D0D3FB237B4BB1FFF7BFFC014623462A4628
S21403B7E0BDE870400120EAF781BF4FF6FE71F5E72A
S21403B7F0F8B50E460746FFF70FFB054603F057FF5F
S21403B80000F44040B0F5404F14BF0022062202F178
S21403B8100A03EB5C0B325C0004F00E045B08144472
S21403B82003F0380338461C44FFF7FBFA844208D279
S21403B830001BC2B20F2A28BF0F2230462919DFF792
S21403B84041FE2046F8BD40F62740ECF7C7BA13B5CD
S21403B850F5F720FA6946044600F0E1FF58B1FFF712
S21403B8607BFC40B1E7F7D2FF28B1002302226946EA
S21403B8702046F2F7CFFD02B010BDFF224FF6FF7150
S21403B880ECF7F8BC07B500210DF10700ECF780FED6
S21403B8909DF8070003B05DF804FB13B5044601A941
S21403B8A00020ECF775FE019A01462046ECF786FE6B
S21403B8B0204602B010BDF0B50F46002187B00446FF
S21403B8C008461646ECF764FE012305460DF10A000A
S21403B8D08DF808408DF80930FFF756FF092C1DD167
S21403B8E031460DF1120003F0E4FE05AB002102AA77
S21403B8F09B1A2846CDE90011DBB2642101F0C0FB98
S21403B9000546E0B1092C15D1ECF7A2FE044688B132
S21403B9102846ECF7B1FE204607B0F0BD31460DF1E0
S21403B92013008DF812704FF6FF7503F0C2FE0DF18B
S21403B9301503DBE7284600F02EF80446EBE704463B
S21403B940E9E77FB50D461646ADF80E0003F006FA96
S21403B950841BE4B2BDF80E20631B9BB21046294637
S21403B9600093731901F0C0FA21460DF10E0001F0A1
S21403B97093FA04B070BD38B504460D4603F091FF44
S21403B98040B1AC4206D0204603F0ECFBBDE838409D
S21403B99000F0DBBF38BD10B50446FFF73DFA0230B2
S21403B9A003F085FE4FF6F7739842204603D9BDE8A9
S21403B9B01040ECF7E3BFEDF72DF8B0FA80F040093E
S21403B9C010BD0022ECF7FEBE70B50546FFF724FA5D
S21403B9D00646284601F078FB01462846F7F71EFE82
S21403B9E004462846FFF739F94FF6F773984208D806
S21403B9F0337803F00303012B05D1A31E58425841A5
S21403BA0070BD0120FCE70020FAE741F2033330B5AE
S21403BA1085B00D46ADF808300446FFF79DFB8DF85C
S21403BA200A00FFF799FB0021000A8DF80B00052397
S21403BA302046CDE9001102AA8DF80C5001F020FB38
S21403BA4010B12146FFF7BDFF05B030BD2DE9F0412B
S21403BA50044617460D46E1B13F294FF0000600D1D4
S21403BA6035462046FFF7D5F8082814D1012120468D
S21403BA7003F090F9064603F071F90446304603F0E6
S21403BA8051F93B4601462A46E0B2BDE8F041FDF7D0
S21403BA905BBB0126E5E72046FFF7BBF8024630B955
S21403BAA0BDE8F0414FF6FF71012003F0C9BD204603
S21403BAB0FFF7C0F8B0F5006F0ED12046FFF7CDF8BC
S21403BAC04FF6FF739842014617D0002D0CBF032094
S21403BAD00520002203F0B4FD29462046E9F74EFE72
S21403BAE068B929462046EEF729FC40B9324629466E
S21403BAF02046BDE8F041EDF749BA0120E9E7BDE885
S21403BB00F08137B54FF6F675FDF76AFA431E9BB21A
S21403BB10AB420446F8D8E8F7E5FF0028F4D16946B7
S21403BB202046E8F7D3FA0028EED0204600F0DCFFE4
S21403BB300028E9D12046FFF778FD0028E4D1204607
S21403BB40EEF770FC0028DFD1204603F0AAFE00289B
S21403BB50DAD12046FDF75AFA0028D5D1204603B09D
S21403BB6030BD73B504460E46EEF75CFC054688B951
S21403BB702046EEF7B1FC21462B460D224FF6FD700C
S21403BB80009500F056F83146204602B0BDE87040F6
S21403BB90EEF764BC02B070BD37B5054614460C29F3
S21403BBA014D8DFE801F02C132C1313130713131305
S21403BBB0132424006946E8F789FA18B90121684670
S21403BBC0F3F70AF841202946F8F7CEF9D4B1204610
S21403BBD0FFF722F9023003F06AFD4FF6F773984237
S21403BBE010D9204603B0BDE83040EDF7DFB840F685
S21403BBF0144040F613430B2908BF1846E3E7F6F74D
S21403BC00D5FBE3E703B030BD1FB503460846032163
S21403BC108DF80D308DF80C1001230021ADF80E20A1
S21403BC20CDE9003103AA042301F02AFA05B05DF832
S21403BC3004FB2DE9F34106460F4614461D469DF8C0
S21403BC402080FFF789FAB04207D100222146384602
S21403BC5002B0BDE8F041FFF79FBF3A4631462046A3
S21403BC60FFF7D2FFADF8060060B10D2C05D1002218
S21403BC704FF6FF71282003F0E3FC35B9BDF8060044
S21403BC80FFF789FE02B0BDE8F0810123424629464C
S21403BC900DF10600E7F71AFCBDF80630002BEDD1D0
S21403BCA0F0E7F7B50C460546FFF7B6F8611C0646FF
S21403BCB02846F7F7B3FCA11C0746284601F027F9E8
S21403BCC0014604463846FDF7D7F90D2F34D12046F2
S21403BCD0EEF7A8FB78B1301D03F0E9FC04462846CE
S21403BCE0F679FEF7FCFF31460246204603B0BDE870
S21403BCF0F040FFF7A3BCB01C03F0D9FC4FF6F77374
S21403BD00984202D92846EDF751F82046EEF7E4FBB1
S21403BD10FFF722FAA04205D1002003B0BDE8F040A9
S21403BD20EEF71EBC6B46B068F16803C3694620464F
S21403BD30EEF794FB03B0F0BD2A463946204603B01F
S21403BD40BDE8F040FFF728BF14220021DFF72ABA28
S21403BD502DE9F04F11F00F0704460E4615468FB037
S21403BD605CD10120DCF79CFE09A8FDF795FA0923B0
S21403BD7009A88DF82430FDF793FA09A8DCF762FECC
S21403BD8001A909A8FDF71DFC26F00F08A84404F135
S21403BD90100904F10F0A454511D1236901A933445B
S21403BDA0236109A8FDF7F2FB0020DCF779FEB6F164
S21403BDB0005F28BF272738460FB0BDE8F08F05AAD7
S21403BDC0234696469446186859680833ACE8030039
S21403BDD04B456246F6D12B46224605F1100B53F827
S21403BDE0041B5B4542F8041BF9D1714609A8FDF70D
S21403BDF0CDFB09A8DCF726FE224621460120DCF708
S21403BE000BFE013D631E13F8012F15F8011F534562
S21403BE1082EA01021A70F6D15D46BCE70227CAE73A
S21403BE20F0B5174685B005460C4610220021684635
S21403BE30DFF7B8F9BFB3C4B30F2C04F00F0608D965
S21403BE4024F00F043A4621462846FFF781FF40BBFD
S21403BE502744324639466846DFF734FB80222F698B
S21403BE6006F1100337446B44B7F5005F03F8102C54
S21403BE702F61C6F110061AD3062E1FDDFB001A0E1D
S21403BE808DF80A201A0C5BBA8DF80B20ADF80C302F
S21403BE906A4610212846FFF75BFF00202B69103BFC
S21403BEA02B6105B0F0BD3E46D8E72646D6E7022E00
S21403BEB004DDFB005BBAADF80E30E9E76A461021F5
S21403BEC02846FFF745FF2B691022A3F11004002133
S21403BED068462C61DFF766F9B7F5005F4FEAC403DF
S21403BEE0CDD2E7E770B50E46054686B001A81446E0
S21403BEF0FFF72AFF3246294601A8FFF791FF22469D
S21403BF00054601AB05AE1C4603CCB4421060516037
S21403BF10234602F10802F6D1284606B070BDEEF7B6
S21403BF20BDBB0A460021EEF7B9BBF0B58BB00C4695
S21403BF3001A9EEF7B3FB054680B325220021E01CDA
S21403BF40DFF730F90123A3700E23BDF810702380AA
S21403BF50FA0510D523464FF4877206AE23F8042B52
S21403BF600DF1280C324603CA62451860596016461E
S21403BF7003F10803F6D13B0605D5238843F0800377
S21403BF802380069B636001AB03CB039BC4F81D00B1
S21403BF90C4F82110A361EFF78DFE606128460BB04D
S21403BFA0F0BD30B505460C4687B001A8FDF774F919
S21403BFB02868696802AB03C39DF8113043F0020298
S21403BFC08DF8112074B12288510644BF43F006034E
S21403BFD08DF81130530542BF9DF8113043F0080326
S21403BFE08DF8113001A8FDF752FAB0FA80F0400937
S21403BFF007B030BD70B58AB00D46002201A90446CD
S21403C000EEF74CFB88B1204604A9FFF7CAFF60B1E0
S21403C010BDF81060FFF7A0F838B9720601D57305AE
S21403C02003D529462046FDF793F80AB070BD2DE9DF
S21403C030F3410F460546164602F090FE4FF0000801
S21403C040C41BE4B2294623463A463046CDF8008060
S21403C05003F02EFC0121284602F09CFE88B1012144
S21403C060284602F097FE074602F078FE0546C3B25E
S21403C070424630193946CDF8008003F019FC2544B2
S21403C080ECB2204602B0BDE8F0812DE9F04F85B052
S21403C0900C46054691461F464FF0010ADDF83880E8
S21403C0A09DF83CB002F05AFE22463B462946064619
S21403C0B0CDF800A0484603F0FBFB5146284602F0A5
S21403C0C069FE3C4418B35146284602F063FEF6B2B6
S21403C0D0B442814610DAE7B2F31BDBB2404622468F
S21403C0E02946CDF800A003935F4403F0E1FB039BCE
S21403C0F0BF1B984407F0FF0B012300220E9349460B
S21403C1005B46404605B0BDE8F04F03F0D1BB5B4647
S21403C11022462946CDF838A0F3E72DE9F04100265C
S21403C12086B0074608460C4615469846CDE902668D
S21403C13004968DF8146002F011FE411BCBB20D2B52
S21403C14028BF0D232A462146009602A803F0B0FB1B
S21403C150424602A93846EEF71BFD06462946204608
S21403C1609DF80820F7F76EFA304606B0BDE8F08172
S21403C1702DE9F04F0E46CBB00121054617461C4667
S21403C18002F008FE23463A462946814606A8FFF7EC
S21403C190C4FF0DF1280A00EB070B5246314628462A
S21403C1A05FFA8BFBFFF743FFB34503D200204BB088
S21403C1B0BDE8F08FABEB06085FFA88F808F10403D6
S21403C1C09842F3DB331F18440423C4B20193A31B22
S21403C1D0DBB20093524643460021CDF808A006A8DA
S21403C1E0DCF7CEFB0028E1D1A4EB0B040AEB080333
S21403C1F0E4B2524628463146009301944346FFF77D
S21403C20044FF39462846F7F709FA394600F0F8029C
S21403C2102846F7F717FA0121284602F0BBFD002847
S21403C22018BF4D462846ADF8165002F097FD011F7D
S21403C230C9B20DF1160000F02FFE0120B7E72DE975
S21403C240D841064600F040FF411C044689B23046FA
S21403C25000F00DFF98B394B321463046F7F7DEF9A6
S21403C26000F00C03042B074629D000F00308B8F1AE
S21403C270020F00D11BBB384600F0AFFF3B06044459
S21403C280A4B216D5611C304689B200F0F0FEB0B1F8
S21403C29021463046F7F7C2F9B8F1010F014600F020
S21403C2A003030CD0032B0AD0384600F0A5FF03196E
S21403C2B09CB221463046BDE8D84100F0D8BE0020E7
S21403C2C0BDE8D881F8B5064600F0C0FE054604462C
S21403C2D03046FEF7A1FD43785B0718D5AC1CA4B225
S21403C2E02146304600F0C3FEB8B129463046F7F77C
S21403C2F095F90746691C304689B2F7F78FF91FB1DF
S21403C300874201D8FF2808D104EB4704A4B221468C
S21403C3103046BDE8F84000F0AABE0020F8BD13B5CD
S21403C320044601A8EEF78CFEBDF80430DA0710D4F5
S21403C3309B0707D410220021204602B0BDE8104018
S21403C340DEF730BF224621461020FFF7CBFD00283C
S21403C350F0D102B010BD024608B5EEF799FE5105BE
S21403C36044BF0838C0B2130544BF0838C0B208BD7E
S21403C370F0B5D30705460C468BB04AD5008800F0C7
S21403C380A3FE00230646029314B9CDE9034403AC87
S21403C390002208212046FEF771FEA8B12888FEF782
S21403C3A03BFD023003F083F921460746E7F78EFE8E
S21403C3B050B1002240231146384600F01DFA40F6DD
S21403C3C0094528460BB0F0BD31462888F7F726F90D
S21403C3D010F0030F0CBF01260026EEF7A3F946EA7A
S21403C3E04000C0B200900021204602AB05AAF0F739
S21403C3F0B9F80546EEF796F90028E2D0002DE0D00E
S21403C40000212046009602AB05AAF0F7ABF80546D6
S21403C410D7E740F60A45D4E700231A46EFF7FCBFF2
S21403C42030B58BB005AD04462846FCF735FF02232E
S21403C430284601A98DF81430FDF7C3F8234601AA50
S21403C440144603CCAC4218605960224603F1080335
S21403C450F6D10BB030BD08B5002302461946184680
S21403C460EFF7DAFF012008BD37B504466846F0F754
S21403C4704BF8054648B1082221466846DFF7DEF941
S21403C480B0FA80F0400903B030BDFF2208212046F1
S21403C490FEF7F4FD034628B106212846FFF7BCFF46
S21403C4A00120F0E722460146EFF7B6FFF8E707B5A7
S21403C4B06846F0F729F810B16846FDF700FA00F071
S21403C4C0010003B05DF804FB0120F0F757BD704789
S21403C4D037B504460846FEF7DCFB0546FEF73CFE8A
S21403C4E000230146009322462B460120F6F782F8E6
S21403C4F003B030BD30B50124054689B003A8FCF768
S21403C500CBFE01A88DF80C40DCF7FAFA9DF806205E
S21403C5109DF80730AA4209D0AB4209D103A88DF88B
S21403C5200D40DCF78FFA012009B030BD0024F5E793
S21403C5300020F9E700221021FEF7A0BD7FB50D46C7
S21403C54000F582300D22694600F58070D0F7BEFCF8
S21403C5506B462A4602AE1C4603CCB44210605160BA
S21403C560234602F10802F6D120681060237913717E
S21403C57000236B7304B070BDF0B585B06A460546FC
S21403C5800B46164601F1080714461868596808331F
S21403C59003C4BB422246F7D118680D2220601B79DC
S21403C5A005F582303146237100F58070D0F7BAFC6A
S21403C5B005B0F0BD38B504460D46DBF765FDA04271
S21403C5C005D920462946FFF7B9FF002038BD2820A5
S21403C5D0FCE730B5002485B08DF80040DBF754FD4A
S21403C5E0E5B2A84204D8F2F75BF9002005B030BDE7
S21403C5F069462846FFF7C0FF0134EFE738B504461F
S21403C600002002F07FFDFF2805460FD002F002FE51
S21403C61010F0010009D0284602F0FCFD400840EA6D
S21403C620C17080F0010000F0010038BD04F0010085
S21403C630FBE70146F8B506460020F2F76BF8FF283D
S21403C64001D00120F8BDDBF70FFD00240546871C4B
S21403C650DBF70EFDE3B2984201D80020F2E735F887
S21403C6602430B34203D117F82430002BE9D1013428
S21403C670EEE738B50D460121044602F08BFB30B1D8
S21403C6800121204602F086FB2880012038BD204683
S21403C6902C8000F00EFE0130C0B2F7E72DE9F0471C
S21403C6A088B00746894610460DF10A011D46904696
S21403C6B0FFF7DFFF4FF0000ABDF80A600446304676
S21403C6C0CDE905AACDF81BA002F048FB031BDBB29D
S21403C6D00B2B28BF0B2322463146CDF800A005A816
S21403C6E003F0E6F848F21F039D4243D00BD885F4C7
S21403C6F00043012B15D92346424649462846009750
S21403C700FDF730F933E048F23A039D42F3D1FEF7E2
S21403C71023FDB8422BD02246414605A8FDF757F91C
S21403C72025E09DF8143013BBBDF81D40DDF8150059
S21403C730DDF8191003AB03C3204603A9DBF7C6FED7
S21403C7400122204603A9EDF73FFFA74206460ED077
S21403C750012103A8F2F740FA48F201039D4206D1ED
S21403C7602EB9334632463946204600F046FE08B018
S21403C770BDE8F0879DF81450002DF8D12F469DF89C
S21403C78015800234EAB24245F1D2D200D2B2224434
S21403C7900823314692B2009703A8CDE9037703F046
S21403C7A087F803A8F4F7A6FA02F0DCFC00F0CDF84D
S21403C7B00135E7E708B5E6F735FFBDE80840F2F7C9
S21403C7C049BC10B50024418084800480C280038164
S21403C7D010BD13B5BDF81040CDE900340023F2F7C1
S21403C7E0A1FD02B010BD13B5BDF810400190009432
S21403C7F0F2F798FD02B010BD07B500930123FFF7CB
S21403C800F2FF03B05DF804FB0123F2F731BE01210A
S21403C810F3F79EBF01464FF6FF70F3F7C1BE10B5A0
S21403C8200C4602F09FFCFF2808D0F4F74BFA20B121
S21403C8300368236043680120636010BD0020FCE7A3
S21403C84010B50446FEF7F6F9B0F5006F204605D19D
S21403C850FEF703FABDE8104002F084BCFEF719FAAF
S21403C860BDE8104003F019B808B502F07BFCFF28BA
S21403C8700CD002F0CFFC10F0010309D0400840EAC8
S21403C880C17080F0010000F0010008BD0020FCE745
S21403C8901846FAE71FB500F582300B2201A900F50A
S21403C8A0C070D0F713FB9DF80E0005B05DF804FBCF
S21403C8B030B589B001F0010503A90446F4F724FE58
S21403C8C09DB190B9204602F0A5FC10F0010109D0F5
S21403C8D0204602F09FFC430843EAC17383F001033A
S21403C8E003F0010103A8F2F777F92046F5F7A4FD54
S21403C8F09DF81430294600932046BDF8162003AB56
S21403C900FCF79EFB09B030BD7FB50C460546F4F731
S21403C910C1F9A04217D04FF6F7739C4213D805F51A
S21403C920823606F5C0760B2201A93046D0F7CEFA3A
S21403C93001A90B223046ADF80C40D0F7F3FA214696
S21403C9402846F4F7F9F904B070BD10B50446DBF7D2
S21403C950A1FBA0420FD92046F4F79CF94FF6FF73CC
S21403C960984208D020460021FFF7A2FF2046BDE8E4
S21403C9701040F4F723BE10BD10B50446FEF7ECFBDB
S21403C9800023024619462046BDE81040F4F770BF60
S21403C9902DE9F04114460F4605469846FEF73CFA45
S21403C9A00646043002F083FE20802846FEF797F9F9
S21403C9B06080B379791CE372C9B22846F6F72EFE77
S21403C9C0B91CA072C9B22846F6F728FEFE1C2072D0
S21403C9D0F6B2B8F1000F18D03146284600F097FAA1
S21403C9E00537FEB23146A080284600F090FAB11C07
S21403C9F0E080C9B22846F6F711FE6072217AA08855
S21403CA000122BDE8F041F5F753BC2088EAE72DE99B
S21403CA10F04186B090461E4604460D46FEF79CFB44
S21403CA204FF6F7739845074632D80523A0428DF88C
S21403CA300C304FF0010214BF012300234FF0000116
S21403CA4018BF8DF80D30CDE9002114BFADF80E00E8
S21403CA508DF80D30284614BF0423022303AA00F0E2
S21403CA600FFB0546A0B1A7421AD0FEF7D5F9074635
S21403CA7021460430803E02F01CFE2046FE7104A9C7
S21403CA80FFF7CDFE40B9204604A9E7F733F818B9F7
S21403CA90002006B0BDE8F081284604A900F07EFB1E
S21403CAA041462846FEF78DFFF3E7037923F0030399
S21403CAB0194301F03F010171704707B50DF10701F6
S21403CAC0F5F79CFA03B05DF804FB08B5FFF7F5FF2E
S21403CAD018B1BDE80840F5F7E1BA08BD00224FF6E5
S21403CAE0FF701146F5F7E4BB10B50446FFF7E5FF04
S21403CAF0024638B901462046F5F7DAFB003818BF78
S21403CB00012010BD0120FCE7F8B5174604460E4683
S21403CB10FFF7D3FF0546386068B1037903F00303D4
S21403CB20337023B93A68137903F03F0313713B68F4
S21403CB305C882046F8BD01462046FEF751FD0746B1
S21403CB4028B1E8F7DDF9874201D83570F1E73146B9
S21403CB502046FCF701FF0028EBD003234FF6FF74B3
S21403CB603370E6E707B501AA0DF10301FFF7CCFF23
S21403CB709DF8033053B9019828B1037913F0300FA9
S21403CB8014BF0120002003B05DF804FB0020FAE781
S21403CB902DE9FF410646104688461546F4F7AAF8DF
S21403CBA00746FEF7D9FA044648BB4FF6FF739E4284
S21403CBB025D09F4206D00146384604B0BDE8F04172
S21403CBC0EBF768BC07238DF804302B680246CDF8D4
S21403CBD005306B68092101A8CDF80930FEF737F94F
S21403CBE0024618B9192004B0BDE8F0810123414676
S21403CBF03046F0F7B9FE0028F4D02046F3E70220CB
S21403CC00F1E72DE9F04390460F4606464FF001093B
S21403CC1091B00BA803ADFCF73FFB07AC29460BA866
S21403CC20ADF82C90FCF7CDFC95E80F0084E80F00D8
S21403CC304B46002239463046CDE90048F0F7B0FFB0
S21403CC4011B0BDE8F0832DE9F04F002785B081468B
S21403CC500C467E2039469846BDF83CB09DF844A065
S21403CC60BDF84C500192ADF80E7002F0CFF80646B0
S21403CC70002800F0AA8002F055F839467E22DEF737
S21403CC8091FA304602F04EF80090304602F04AF829
S21403CC90B9F1FF0F0CBF274644F003073B0A14F411
S21403CCA04062077043705FD14FF00808C31C1846F4
S21403CCB042460199DEF7C8FA034604F44044434467
S21403CCC084B1790606D419464FEA1B2201F802BB43
S21403CCD05A700B46B4F5004F56D0A4F54042544262
S21403CCE05441E400224618460E99DEF7ADFA009A40
S21403CCF003462044A0EB02085FFA88F89DB14FF480
S21403CD007C521A53841C284602F00CF883462846A5
S21403CD1002F024F8C5B22A4659462046DEF7D2FB6F
S21403CD2060190235EDB2B9F1FF0F2FD052461099B4
S21403CD3000F8019BDEF7C6FB08F101015AFA81F100
S21403CD4029443046E6F758FB0C210022FF0007F083
S21403CD50800710463943FEF73DF8ADF80E00E8B9F4
S21403CD60002005B0BDE8F08FB2F5006F80F80380B1
S21403CD704FEA182880F8048000F1050314BF4FF02B
S21403CD8008084FF0020892E70224ABE708EB0A0113
S21403CD9029443046E6F730FB0821D6E7304601F053
S21403CDA0C1FF0446304601F0D9FF0123024621465F
S21403CDB00DF10E00E6F78AFB0028D1D10121BDF85C
S21403CDC04820BDF80E0001F0F9FFBDF80E00C8E7D5
S21403CDD010B50C46098821B90846F5F76DFF208083
S21403CDE008B1012010BD0220FCE72DE9F04780467C
S21403CDF00F460646002402F1FF39BC4202D219F858
S21403CE00015F25B9A6EB080080B2BDE8F0879A4615
S21403CE10A5F13102012A5AF8041B10D83246322DE6
S21403CE2002F8011B06D10134A4B2A74232D3091279
S21403CE30B21C7170013453461646A4B2DDE7342D96
S21403CE400CD10334BC42DDDA0B0A317073700B0C61
S21403CE50090EB370321DF170A4B2EBE7A5F13302ED
S21403CE60062A0DD8303DADB22B19BB42CADA2A4684
S21403CE703046013CDEF7E8F915FA84F47219EBE75D
S21403CE80A5F14102062A01D8373DECE79D8803F158
S21403CE90080AE9E71646B5E770B5054600880C4666
S21403CEA001F05CFFA04228880AD201F057FF002356
S21403CEB0221A19462846BDE8704092B2E6F706BB2A
S21403CEC02146E6F799FA002070BD38B5054601F00D
S21403CED029FF0446284601F041FF0022014620466A
S21403CEE0BDE83840FDF7B3BFF8B516460C461D46F9
S21403CEF0BDF8187001F016FF0444304601F012FF27
S21403CF003A4641192046BDE8F840DEF79DB970B5AC
S21403CF100C46013189B20646F6F780FB21460546E4
S21403CF203046F6F77BFB00EB052080B270BD1FB5DD
S21403CF300123ADF80C2000930A460223014603A8FA
S21403CF4002F0B6FC05B05DF804FB0FB437B5069DDA
S21403CF500021A8B201F05AFF044601F0E3FE2CB10B
S21403CF60002207AB0193D1B28D4205D8204603B009
S21403CF70BDE8304004B0704753F8041B81540132B7
S21403CF80F1E773B504460D4640200021164601F02E
S21403CF903DFFADF8060001F0C5FEBDF8063013B937
S21403CFA0002002B070BD402133462A462044FFF7D6
S21403CFB01CFF211889B20DF10600FFF76DFF00284C
S21403CFC0EED1BDF80600ECE70EB403B503AA52F89B
S21403CFD0041B0192FFF7D5FF02B05DF804EB03B024
S21403CFE070472DE9F7430F4601218146164601F0A7
S21403CFF0D1FE054658B1FFF768FF308088B928464A
S21403D00001F0ACFE68B1192003B0BDE8F0834846D2
S21403D01001F0A4FEFF2FA0EB0704E4B214D014B96A
S21403D02034800020F0E72A4621462846FDF70FFF06
S21403D03080460028E7D03B464A4629460094FFF739
S21403D04053FFA6F80080ECE70120DDE708B5FDF7FF
S21403D050E3FE437803F001001A074CBF1030083094
S21403D060DB0644BF0830C0B21030C0B208BD10B5EE
S21403D0700C4601F073FEA04234BF0020012010BD11
S21403D0807FB514460091024641F2092141F6092074
S21403D0909DF820601D46002E18BF0146099B002000
S21403D0A0F6F7E4FAADF80E0010B9002004B070BD30
S21403D0B001232A4621460DF10E00E6F707FA00285B
S21403D0C0F3D1BDF80E00F1E738B50546FFF7BEFF0E
S21403D0D00446284601F042FE631C9BB283420FD8E7
S21403D0E02846FDF799FE43785B0707D52146284671
S21403D0F0F6F794FA013004EB4004E4B2204638BD58
S21403D1000024FBE71FB5ADF80E0001F027FE04462A
S21403D110BDF80E00FFF7D8FF00F10E03DBB2BDF833
S21403D1200E200146E01A80B200901046FFF7DCFEA0
S21403D130A4F10E0189B20DF10E00FFF7ADFE04B0A7
S21403D14010BD4278034612F0080006D0D20702D478
S21403D15003F10800704703F10900704737B5054629
S21403D1600C46FDF759FE437813F0100212D09CB11B
S21403D17003F001021B074FF00003294600932046E5
S21403D1804FF0080354BF1832203202F091FB0120FF
S21403D19003B030BD1046FBE72046F9E773B50546F6
S21403D1A00C46FDF739FE437813F0100211D094B104
S21403D1B0012603F001021B0729464FF00803204609
S21403D1C054BF18322032009602F072FB304602B08B
S21403D1D070BD1046FBE72046F9E700F00303012B7A
S21403D1E008D0C30606D400F00C000C2814BF082091
S21403D1F00920704702207047034611F0030005D04C
S21403D20003F00303022B14BF022003207047F8B574
S21403D2100C46064601F0A2FD631C834202D9002594
S21403D2202846F8BD21463046F6F7F8F90746FFF7D5
S21403D230D4FF3B060546F3D50444304601F08EFD85
S21403D240A4B2631C9BB28342E9D821463046F6F764
S21403D250E5F901463846FFF7CFFF2844C5B2DFE7B6
S21403D26070B506460D46FFF7D2FF044610B90024F4
S21403D270204670BD29463046F6F7D0F98206F7D524
S21403D280304601F06BFD2544ADB26B1C9BB2834266
S21403D290EDD829463046F6F7C1F900F01803082BF7
S21403D2A014BF05340634E4B2830644BF0834E4B23C
S21403D2B0DEE738B50546FFF707FF044608B9002042
S21403D2C038BD01462846FFF7CBFF0028F7D0204499
S21403D2D0C0B2F5E72DE9F04387B005460C46FDF7E7
S21403D2E09BFD804602F0E3F907462846FFF7ECFE6F
S21403D2F0064601462846FFF78AFF002203460092A9
S21403D3002946324602A802F0D3FA9DF8086006F0D2
S21403D3100C030C2B06F003090BD0B9F1010F59D0FF
S21403D320F10657D49DF809300DF10A050020637104
S21403D33007E0FF230DF10900637102F0B8F90DF160
S21403D3400B05208198F80130DA0704D508F10200AE
S21403D35002F0ADF92081B9F1010F5FFA89F83DD0EB
S21403D360F3063BD4284602F0A2F96080A81C02F01C
S21403D3709EF9053515F8013C208023712B78B006FD
S21403D380A37206F0400348BF43F02003390627D5AF
S21403D39043F40073F80448BF43F48063390548BF79
S21403D3A043F400633206E38011D56A7812F0030271
S21403D3B00DD06FEA43436FEA5343A978B8F1020FDF
S21403D3C0E3800B4611D1EB7841EA0321218107B0B4
S21403D3D0BDE8F083FF230DF10905A7E7FF23CCE79C
S21403D3E07A0648BF43F48073D4E7012A04BF0B02CE
S21403D3F09BB22381EBE7F6F715BE0BB1F6F77EBEBD
S21403D4000AB9F6F7F7BEFF21F6F720BE431C08BF9E
S21403D4100020DFF77DB90000034B5868C0F308000F
S21403D420003818BF0120704700ED00E0014B186874
S21403D430704700BF486B0020084B1B6F03F00703C1
S21403D440022B04D0032B05D0012B05D0FEE7044B9B
S21403D45018687047034BFBE703487047008000508B
S21403D460486B0020506B0020002D310108B5FFF7F4
S21403D470E3FF054B1B6FC3F301330133B0FBF3F03C
S21403D480024B186008BD00BF00800050446B0020AC
S21403D4900048704700B4C40400487047002D3101AB
S21403D4A0014B1868704700BF506B0020174A9368FB
S21403D4B0C3F304430C2B0AD8DFE803F00B0909096E
S21403D4C00909072119091B1D1F0011487047002071
S21403D4D07047936803F04073B3F1807F11D0B3F1C4
S21403D4E0007F10D0002B0B4818BF002070470A4857
S21403D4F070470A4870470A4870470A4870470A4800
S21403D50070470A4870470A48704700BF0040015AF0
S21403D510405DC60000093D00C0EA210180BA8C01C7
S21403D5200048E801005A62020024F40080841E00CA
S21403D53040420F00014B1868704700BF4C6B002039
S21403D54007B500F065FC6A4600F0C2FC18B1472137
S21403D550034801F0CEFFDDE9000103B05DF804FBEC
S21403D560A80004000229F8B596BF104B00245C5CA3
S21403D570012805460E4608D0022809D008B944F00B
S21403D58002040B4B1F6837B9F8BD44F00804F8E7EC
S21403D59044F02004F5E77B681A68144203D031464A
S21403D5A028465B6898473F68EDE700BF129804007B
S21403D5B04040002038B5104D2B78ABB10F4C237884
S21403D5C01BB100F031FA00232370002001F0A4FF02
S21403D5D00B4C50B100F07AFA0023012120782B700F
S21403D5E0FFF7C0FF0123237038BD0122054B1A70D5
S21403D5F02278054B1A70F7E7366100203461002065
S21403D6003B61002037610020386100200E490B780B
S21403D610FF2B01D198B170470BB990B9704700281A
S21403D62014BF0122FF2213440B7060B1074B1B7813
S21403D630012B08D9064B1B782BB9FFF7BBBF1A463D
S21403D640F1E70122EFE770473A6100203B610020D3
S21403D6503761002010B501F04AFE064B04461B78DE
S21403D6601BB1BDE8104001F03DBEFFF7A3FF204607
S21403D670F7E700BF3361002002282DE9F04147D0C9
S21403D68029480378FF2B41D1002941D11A46134478
S21403D690DBB2037000293BD0244E3278012A37D9F7
S21403D6A0002B3ED001F023FE214F04463B780BB3FC
S21403D6B0204D2B781BB901222A701F4A1370DFF8FE
S21403D6C07C8098F8003023B100F0AEF9002388F888
S21403D6D00030204601F006FE012001F01DFF01F098
S21403D6E006FE2B7804461BB100F0F0F900232B70DE
S21403D6F000233B70204601F0F5FD01243078A0425C
S21403D70006D02146FFF72EFF347001E013B931B976
S21403D710BDE8F081002914BF0122FF22B7E70122EA
S21403D720B5E70224EAE700BF3A6100203B61002028
S21403D7303661002033610020376100203461002009
S21403D7402DE9F04385B0EFF3108572B6AFF3008092
S21403D75001F0B7FF002800F09280624E624F3378E4
S21403D76023B10020FFF752FF00233370387878B9CF
S21403D77003A900F01DFB044650B95C4B039A1B68D3
S21403D7809A4200F284800120FFF740FF01233370A2
S21403D7903B78002B40F09980554B1B78002B00F00C
S21403D7A091804FF00208534CDFF86891207840458B
S21403D7B007D099F8003013B94146FFF7D3FE84F833
S21403D7C00080B8F1020F0FD1DFF8248198F80030FB
S21403D7D053B9494B1B7823B900F020F90122474B74
S21403D7E01A70012388F80030207800F0F7F899F8CB
S21403D7F0003013B1424B1B782370AFF300802846EA
S21403D80001F085FEEFF3108572B63E4B1A7852B1DF
S21403D81000221A703A4B20781B78984203D10121D4
S21403D8202170FFF79FFE384800F082FA01F05DFF93
S21403D8308046002893D12E4F3B789BB189F8000091
S21403D840DFF8B89099F800301BB100F0EDF889F8CE
S21403D8500080002001F060FE002839D000F036F981
S21403D86000233B70337823B10020FFF7CFFE00235D
S21403D870337000212078FFF775FE00232370AFF383
S21403D8800080284605B0BDE8F04301F040BE1F4BBC
S21403D890D3F8008000F048F9039B80449845BFF412
S21403D8A072AF00F03BF98200039942F0020292B293
S21403D8B0CDE900422346164AA1EB0801124801F0BF
S21403D8C02DFE65E700F09CF86BE74FF001086AE76A
S21403D8D0012000F083F8284601F019FEEFF31085C7
S21403D8E072B6B6E7356100203A6100204840002052
S21403D8F0366100203B61002039610020346100203E
S21403D90038610020316100204C4000204440002054
S21403D91055D603003761002010B501F0E8FC00225D
S21403D920054B1C781A7001F0DDFC00F005FBE4B231
S21403D9302043C0B210BD00BF3261002038B501F0ED
S21403D940D6FC094B05461B78012B04D801F0CAFC0C
S21403D9500024204638BD054B1C6800F0E5F8044457
S21403D960284601F0BFFCF4E73B610020444000205A
S21403D9701549164A0B6F10B503F007031360144AD4
S21403D980144C9269032B02F00200C2F34002227089
S21403D99017D0D1F8203103F00703022B11D0D1F8AA
S21403D9A0803203F001030C4A137048B143B9064BA7
S21403D9B0D3F8003103F00303591E4B424B41137057
S21403D9C010BD0123EFE700BF00800050A8400020F1
S21403D9D000C001504061002041610020012805D0AD
S21403D9E00238012808D80020CCF77ABD034A136909
S21403D9F023F00403136130BF704700BF00ED00E05F
S21403DA00044B054AD3F8203103F007031360F7F7F6
S21403DA1012BF00BF00800050B04000200122014B1F
S21403DA201A7070473F610020F8B51F4B1B78002B18
S21403DA3039D01E4C2378B3B91D4B9A6DD10302D54A
S21403DA40DA6D92072FD49B6DDB072CD401F0A9FD6A
S21403DA50184B194A1860136F23F0070343F00303A8
S21403DA601367FFF703FD01F09CFD124B134D1B6874
S21403DA70134EC01A2B78134F56F8232046F823006C
S21403DA80111A3A681048521A0A213A600932B2FB50
S21403DA90F1F20133DBB20260B3FBF1F201FB1233A6
S21403DAA02B7000232370F8BD416100203E610020E7
S21403DAB000C00050A0400020008000503D610020C0
S21403DAC078400020744000207040002008B5F7F727
S21403DAD0B3FE0D4A0D49136F096823F007030B4382
S21403DAE013670B49D2F82031096823F007030B4369
S21403DAF0C2F82031074B1B7813B10122064B9A62FA
S21403DB00BDE80840FFF7B2BC00800050A8400020E4
S21403DB10B04000204161002000E00050014B18781F
S21403DB20704700BF41610020054B187818B1054BBC
S21403DB30186800EBD000044B1B681844704700BFFE
S21403DB404161002070400020A440002008B50D4B22
S21403DB501A7892B100221A700B4A136F23F0070348
S21403DB6043F001031367D2F8203123F0070343F091
S21403DB700403C2F82031FFF779FC0122034B5A67EE
S21403DB8008BD00BF3F6100200080005000E0005049
S21403DB900D490B68A0B10022A3B1834203D1836869
S21403DBA022B90B6003E01A469B68F5E79360836827
S21403DBB00BB9002070475A6941690A445A61F8E76D
S21403DBC02220704702207047BC40002010B501F0A9
S21403DBD004FD0A4C0A4B19682368C31A09B9206066
S21403DBE010BD002BFBD04A699A423ABF9B1A00220B
S21403DBF0D21A4A6128BF00238968EFE7B84000209D
S21403DC00BC40002038B5154D2B682BB35B69B3B108
S21403DC10134A022014681C4400F088FA204600F0D9
S21403DC2047FA00220F492B680A70012A05D823B148
S21403DC30D88880070AD501230B70002038BD022040
S21403DC4000F074FA022000F093FAEAE79B68002BD0
S21403DC50F3D058690244E8E72220EFE7BC400020EF
S21403DC60B840002043610020C38870B504460D46C3
S21403DC703BB9FFF763FE8542064602D2F8F757FF25
S21403DC8035460E4A656113689BB91460A3600FE0BE
S21403DC902D1A986819466561034618B15869A84253
S21403DCA0F6D941B18C60A36013B15A69521B5A610D
S21403DCB070BD0021F2E71460F5E700BFBC4000200A
S21403DCC070B516469DF81420C0E903360271049A0F
S21403DCD0BDF818300260002204460D468260C380F9
S21403DCE006BB01F07AFC2844A0613DB9E368656190
S21403DCF013B120462168984796B1354601F0F7FAE6
S21403DD000646FFF763FF29462046FFF7ADFF074B9E
S21403DD101B68A34201D1FFF775FF304601F0E2FA14
S21403DD20002070BD01F059FC3044DDE7BC40002004
S21403DD30F8B50546D0B101F0DAFA0646FFF746FF16
S21403DD400B4B28461F68FFF723FF044620B13046D7
S21403DD5001F0C8FA2046F8BDAF42F8D1FFF752FFEC
S21403DD602228F4D1022000F0EDF9F0E72224F1E7AF
S21403DD70BC40002038B50C460546A8B1A1B1002327
S21403DD800B7001F0C1FA0121084B1B6833B901F08F
S21403DD90B6FA002038BD9D4204D121702278002AAD
S21403DDA0F9D0F4E79B68F1E72220F3E7BC400020B4
S21403DDB0F8B506460F4601F0A7FA00250446124BAF
S21403DDC01B6823B9204601F09AFA1B2011E05A6912
S21403DDD01544DA88B2420DD101F0FFFB0B4E3368CF
S21403DDE0C01AA8420AD3002320463B6001F087FAF4
S21403DDF00020F8BDFF2EEFD09B68E2E701F0EDFBB5
S21403DE0033682B441B1AEFE7BC400020B8400020C1
S21403DE1070B501F079FA064601F0DFFB084B0446BD
S21403DE2001201D6801F0C9FB18B101F0D6FB0446BA
S21403DE300135304601F063FA2046294670BD00BF1F
S21403DE40C4400020014B1868704700BFC040002044
S21403DE50F8B50C4B05461B680E4683420FD30024C9
S21403DE6040F2E7302146084B4FF47A721F680023CE
S21403DE70E5FB0701DCF72AFE30602046F8BD2120CB
S21403DE80FCE700BFB4400020C04000200F4B10B595
S21403DE901A689AB14FF47A71531E1342A0FB01011C
S21403DEA00ED1B2FA82F2C2F11F04531CD243E040F1
S21403DEB001FA03F3184321FA02F20243104610BD97
S21403DEC00023DCF703FE0246F8E700BFC04000204D
S21403DED038B5164B14468342154B8B4123D3154B4B
S21403DEE01A6802B34FF47A75A0FB050305FB0131EC
S21403DEF0531E134211D1B2FA82F3C3F11F055A1C03
S21403DF00DB4301FA02F2E84021FA03F31043184315
S21403DF10E940C4E90001002038BD0023DCF7D6FD44
S21403DF20C4E90001F7E72120F6E700BFEFA7C64BD9
S21403DF3037894100C040002010B501F0E5F9034BD6
S21403DF401C7801F0DCF9E4B2204610BD42610020E3
S21403DF5008B5084B1B7803F0FF004BB101F021FB1B
S21403DF60054B1B689B69C01A02288CBF0020012042
S21403DF7008BD00BF43610020BC400020C2072DE956
S21403DF80F843044607D5474A136801331360FFF77F
S21403DF901DFEFFF737FEA30740F1818001F0B4F9B9
S21403DFA04FF0000805464646FFF710FE3E4F3C6816
S21403DFB00CB16369A3B100223C4B012E1A7003D146
S21403DFC018F0020F18BF1E70FFF71CFE222802D19E
S21403DFD0022000F0B7F82846BDE8F84301F08FB9F1
S21403DFE023465A693AB91A792179914288BF1C4661
S21403DFF09B68002BF5D1284601F081F9D4F81080F0
S21403E000B8F1000F3FD001F0E8FAA269851AEB17C2
S21403E010454573F1000337DB23691344A3610123EA
S21403E0202269CAB1C3B9A38BB8EB050833B1E28B37
S21403E03013449BB2B3F57A7F1CD2E38301F064F9F1
S21403E040054641462046FFF70FFEA3692269284688
S21403E0501344A36101F053F9E36813B12046216822
S21403E0609847B4F8068001F04FF901360546FFF7E6
S21403E070ADFD9CE7A3F57A73E383A36918F1FF3834
S21403E080013BA361DAE7454601F03EF981462046A7
S21403E090FFF77EFD484601F032F90023C0E7BDE8EE
S21403E0A0F88300BFC4400020BC400020426100202B
S21403E0B010B5044601F01BF94FF0B042936A1907F6
S21403E0C0FCD4136A116C5269120704D4CA1A032AC1
S21403E0D001D899420ED1E21A022A98BFDC1CB4F189
S21403E0E0FF3F38BF013C4FF0B04308221C6403F5E2
S21403E0F080539A6101F0F6F8054A13783BB14FF066
S21403E100B041CB6B43F00203CB630023137010BD07
S21403E110ED70002007B5044B01A9187901F08DF9BD
S21403E120019803B05DF804FB5096040000F0010369
S21403E1308207034A48BF43F008039361704700BF52
S21403E14000100058820700F001030AD50121064A91
S21403E15043F0080311704FF0B041CA6B22F003027C
S21403E160CA63024A93617047ED700020002000588E
S21403E170830742BF0822014B5A61704700100058BC
S21403E18073B502AB164603E90600044600F052FFD9
S21403E1900546204600F05EFF9DF800208DB1202C3A
S21403E1A033780ED8012B2ED84FF6FF752D4803EB88
S21403E1B04313234430F81310A94202D0013120F848
S21403E1C01310294B294E33F8141036F814008142E5
S21403E1D032D34FF6FF75A9424FF0010502D0013145
S21403E1E023F8141004F0FD01092927D1998AB68A69
S21403E1F00A44B242B4BF9A829E8233F814308342F2
S21403E20027D202B070BD022BDBD14FF6FF704FF65C
S21403E210FF75144B33F81410814218BF013104F113
S21403E220210018BF23F8141033F81010A9421CBF9E
S21403E230013123F81010C4E70025D0E71D2CDCD1EC
S21403E240598F8E18864203DA01390A445A87D4E76F
S21403E2505887002DD5D1204602B0BDE8704001F0A6
S21403E260D7B900BF4C5B0020245C0020D05B0020A5
S21403E27038B50D46044601F047F8064A13889BB2A4
S21403E2802DB123431380BDE8384001F038B823EAA4
S21403E2900403F7E7126000200022034B01214FF42A
S21403E2A080701A70FFF7E4BF7167002008B5054B4E
S21403E2B01868FCF7C1FB00F00300C31E5842584120
S21403E2C008BD00BF4458002038B5044601F03EFAA6
S21403E2D00C4B05461978187981420FD0631E082B1C
S21403E2E00CD8DFE803F0050D0B0D0B0D0D0D0D001F
S21403E2F000220146044B1868FCF79CFB284638BDF1
S21403E3000022F7E71B7100204458002038B54FF071
S21403E310FF300C46FFF77AF80A4B05461868FFF7F6
S21403E32075F8641B241A20B210F1630F06DB10F194
S21403E330240F05DA64308000C0B238BD0020FCE745
S21403E340FF20FAE74458002008B5134B1B78062B2A
S21403E35004D040F62101114801F0CBF8104B1B887E
S21403E3601B0704D440F622010C4801F0C2F80D4BFB
S21403E3702A201978FFF7A8FF00210820FFF778FF67
S21403E3800222094B1A70094B1868E3F7B7FBBDE87E
S21403E390084001F02AB900BF71670020B692040056
S21403E3A0126000206E670020507100204458002041
S21403E3B010B50E4C236823B940F6A3410C4801F070
S21403E3C098F82068013001F072F900F0070003287E
S21403E3D00AD1246809220121204600F0E3FB205CD1
S21403E3E0031F5842584110BD0020FCE73458002054
S21403E3F0B692040038B50C4640B100210420FFF75E
S21403E40037FF01F0F2F8012C1DD038BD244B1B88D2
S21403E4109B07F6D50129234A2FD1117869B3013911
S21403E420C9B2117011B92020FFF722FF0021022084
S21403E430FFF71EFF04221C4B00211C481A7000F035
S21403E4405DFD01F0D2F81A4C2068013001F02FF977
S21403E45000F44060B0F5006F1FD124680121042248
S21403E460204600F09FFB204401F021F90146BDE859
S21403E47038400022202001F0E3B800210D4D022091
S21403E4801170FFF7F5FE2B78FF2B04D040F299614D
S21403E490094801F02EF82C70B3E74FF6FF71E6E754
S21403E4A0126000207067002071670020506E002005
S21403E4B03458002051710020B692040038B5134C2E
S21403E4C005462388580709D5FFF7F0FE01460720BF
S21403E4D0FFF7FAFEFF210120FFF78CFF2388990739
S21403E4E00BD50B4B284619788A1F51425141FFF72B
S21403E4F0EBFE01210020FFF77DFF23881B0703D5D2
S21403E500BDE83840FFF720BF38BD00BF12600020CB
S21403E51071670020F7B5124CD4E9006586EA020C51
S21403E52085EA03070CEA000C0F405CEA070E15D0D9
S21403E53086EA0C067D40C4E90065CDE900230B4658
S21403E540084902460868FBF739FE38B14FF4FD71F7
S21403E550054803B0BDE8F04000F0CBBF03B0F0BD04
S21403E5605016002044580020B692040008B50A4B03
S21403E5701B88DB0604D440F64701084800F0B9FFC1
S21403E58000211020FFF774FE002000F06BFBBDE8AF
S21403E590084001F02AB800BF12600020B6920400BB
S21403E5A02DE9F04F5706804614461D4691B005D513
S21403E5B0FFF77CFE01460120FFF786FEEE0403D537
S21403E5C000212D20FFF780FEA00224D54046FCF74D
S21403E5D0DFFA0146F8B94020FFF74AFE40460AA98B
S21403E5E0FBF7B3FEB8B99DF83030022B40F0D98064
S21403E5F0BDF8280000F0B6FDFF2808D14046FBF71B
S21403E600A2FE40B901214020FFF732FE03E000F0EE
S21403E610C3FD0028F2D1A10305D5FFF747FE014647
S21403E6200320FFF751FEE20104F0807640F1C0803C
S21403E630854B1B889B072DD5844E3068FBF71AFE47
S21403E64040BB834B834F18703B78FF2B04D040F2BC
S21403E6505761814800F04DFF4FF00009002102206A
S21403E660FFF706FE87F800907C4F3B78062B07D112
S21403E67001210820FFF7FCFD49462820FFF724FE6A
S21403E6803B78052B06D100212B20FFF71DFE3068B3
S21403E690E3F734FA00F0A9FF220717D56B4F0321DF
S21403E6A0386805AAFBF700FE064620B940F2C961A2
S21403E6B0694800F01EFF9DF81430072B00F0D08049
S21403E6C0FFF7F4FD01460420FFF7FEFDE10505D53F
S21403E6D0FFF7ECFD01460420FFF7F6FD14F4863F32
S21403E6E005D0FFF7E3FD01460220FFF7EDFDA2018B
S21403E6F013D5FFF7DBFD01460820FFF7E5FD0021F4
S21403E7000420FFF7B5FD554B1B78012B03D14F4B68
S21403E7101868E3F7F3F900F068FF14F0084F09D020
S21403E720FFF7C4FD01460720FFF7CEFDFF210120BA
S21403E730FFF760FEA30009D5FFF7B8FD01460620E4
S21403E740FFF7C2FDFF210120FFF754FEA70705D5FB
S21403E7503D4B1B881E0701D5FFF7F6FD6C0603D558
S21403E76000210A20FFF7B0FD280602D50120FCF79A
S21403E77020FAE90540F1858140460AAA05A9FCF777
S21403E78057F99DF81430222B00F06D8100F2828138
S21403E790152B40F26A8140F60A112F4800F0A9FEB5
S21403E7A06FE1032B7FF437AF0AA801F06AF830E76E
S21403E7B005F0020756EA07030DD0284B26201978E2
S21403E7C0A1F1060EDEF1000141EB0E01FFF77CFD21
S21403E7D00121304611E004F0805656EA07030FD0B5
S21403E7E01E4B26201978A1F1060CDCF1000141EB43
S21403E7F00C01FFF769FD02213846FFF7FBFD4BE7E7
S21403E80004F0884151EA060309D0144B27201978EF
S21403E8108F1F79427941FFF757FD0221D9E705F0AB
S21403E82008030B4302D02320FFF74EFD680703D5EA
S21403E83000212420FFF748FDE9077FF52DAF0021CF
S21403E8402520FFF741FD27E71260002044580020EB
S21403E8507067002051710020B69204007167002093
S21403E860314638680AAAFBF725FD20B14FF4DA6172
S21403E8709E4800F03EFEBDF81630386802330AA9FB
S21403E880ADF82C30FBF718FD20B140F2DF61974856
S21403E89000F02FFE0023009331460423386804AAB1
S21403E8A0FBF70CFD042804D040F2E4618F4800F027
S21403E8B020FEDFF8589299F80030C3BB0DF1110023
S21403E8C000F0F5FE00F00700022830D1FFF7EEFC5B
S21403E8D001460920FFF7F8FC854B1B78062B23D14E
S21403E8E0844B9DF813201B789A421DD19DF8353032
S21403E8F023B940F2FA617D4800F0FBFD0DF11100EB
S21403E90000F0D5FEC0F3001631462920FFF7DCFCE5
S21403E91000210820FFF7ACFC774B1E70FFF748FD7D
S21403E92010B93868E3F7EAF800F05FFECEE6BDF804
S21403E93016000121083080B200F068FA039030B95F
S21403E940FFF7B4FC01460420FFF7BEFCECE700F03B
S21403E950E9F905AA014606463868FBF7B7FC99F8B5
S21403E96000A0BAF1000F22D106F1010B584600F0C1
S21403E9709EFE83065AD53868FCF70AF90746FFF762
S21403E98095FC05370146F8B2FFF79EFC584600F0A3
S21403E9908EFE00F007000328584F2DD001210420D7
S21403E9A0FFF766FC4FF0FF30FBF7AFFC3860002242
S21403E9B05349BDF816300978F718F1549DF83630E8
S21403E9C0BB709DF83730FB700A9B190E3971190C12
S21403E9D07971FB71190A99F80030B97123B9737804
S21403E9E092B343F020037370002000F069F9787047
S21403E9F0039800F071FA97E701210922304600F0E8
S21403EA00D1F8305C01210428C9D1FFF731FC4FF05F
S21403EA10FF30FBF77AFC3B4B38601B885806C6D59D
S21403EA2051464020FFF724FC0122C1E7FFF73EFCD6
S21403EA3001460920FFF748FC2D4B1B78012BB6D166
S21403EA403868E3F75BF8B2E723F02003CBE701224D
S21403EA507E33DBB202FA03F313F00A1F31D113F04D
S21403EA60011F3FF498AE27202CE0012202FA03F39D
S21403EA70254A1A402ABB13F0041FF4D1DA077FF5A0
S21403EA808AAEAB052FD50121802011B0BDE8F04F2B
S21403EA90FFF7EEBB652B1AD8622B12D8452B0CD882
S21403EAA0422B0ED8352B06D8322B0AD8252B08D95D
S21403EAB0322BD8D06FE6422BFBE7552B05D8522BCB
S21403EAC0F7D92620FFF7FAFCDBE7622BF1E7952B55
S21403EAD03FF661AE812BBAD8722BC4D0733B022BA0
S21403EAE03FF659AEEDE711B0BDE8F08FB6920400DD
S21403EAF0716700206D670020507100203058002099
S21403EB0052710020126000203A003800746700201B
S21403EB10024B1878B0FA80F04009704771670020FE
S21403EB2008B5064B4FF0FF311868FBF7A7FF002820
S21403EB30B8BF033040F3870008BD00BF4458002029
S21403EB4008B5074B1868FBF7CEFA30B1054BB3FB95
S21403EB50F0F083B20BB1184608BD0120FCE700BFF6
S21403EB604458002040420F0038B510200C460121BF
S21403EB70FFF77EFB064B1D68FFF7E2FF012200FB53
S21403EB8004F1044B2846FBF75EFF002038BD00BFA8
S21403EB90445800206DE50300014800F0AABC00BFFE
S21403EBA0D0920400032A70B5144602D82C4B985C06
S21403EBB070BD81F0010519B90D2A07D1FF20F7E7CB
S21403EBC00D2A03D100780538C0B2F1E7084400F0F7
S21403EBD06EFDC5F1040110F440660246C9B209D1C0
S21403EBE0042C0846E4D0052C16D112F0400F18BFAB
S21403EBF00846DDE7C5F10603042CD8B2D8D0B6F52F
S21403EC00006F03D1C5F10805E8B2ECE7B6F5406F2F
S21403EC10E9D1C5F10E05F7E712F4404107D1062CFA
S21403EC20C6D0072CC4D0082C13D10130CCE7550628
S21403EC305CBF831CD8B2062CBAD0B1F5004F02D104
S21403EC40831CD8B2EDE7B1F5404FEAD100F10803D3
S21403EC50F7E7130744BF0530C0B20C2CA8D9ADE7BD
S21403EC603CDE0400AC2370B5094C054603FB0043A9
S21403EC705E6D26B940F2FD31064800F03AFCAC233F
S21403EC8003FB0544002363653346BDE8704018471D
S21403EC90485800200D93040010B40C461146AC22CD
S21403ECA0064B02FB0033586D20B95C655DF8044BD8
S21403ECB0FFF75ABF02205DF8044B70474858002000
S21403ECC0AC22034B02FB003393F8A800704700BF47
S21403ECD04858002028B1034B1B68C01A4010013067
S21403ECE080B270470859002030B1044B00F1004051
S21403ECF01B68013803EB4000704700BF085900202B
S21403ED00064B1B68834206D8054B1B68834294BF99
S21403ED100020012070470020704700BF08590020DC
S21403ED200459002010B5044608B9002010BD00F0B1
S21403ED301BFD20B940F2CD41074800F0DAFB204620
S21403ED40FFF7D2FF0028F0D00388DB0B14BFD0F800
S21403ED500A000830EAE700BFE492040010B508B9D9
S21403ED60002010BDFFF7C0FF044600F0F4FC20B9F6
S21403ED704FF49D61064800F0BCFB002CF0D02388BE
S21403ED80DB0B0ABF60882089C0F30C00E9E700BFED
S21403ED90E492040038B5FFF7A7FF0D46044650B1CA
S21403EDA000F0D9FC20B940F24151034800F0A1FB22
S21403EDB0023534F8150038BDE492040070B5FFF749
S21403EDC093FF0C4616460546B0B100F0C4FC20B9C6
S21403EDD040F24D510C4800F08CFB3046FFF784FFA1
S21403EDE000F0B9FC20B940F24E51074800F081FB11
S21403EDF0023425F8146070BD40F25251BDE87040ED
S21403EE00014800F076BB00BFE49204002DE9F84306
S21403EE100746884600F00FFC20B940F28E512A4878
S21403EE2000F067FBFC1CA408284B64000434B7F509
S21403EE30005F1E68A4B204D340F29551224800F046
S21403EE4058FB00F061FA224981460B687BB9214BD7
S21403EE501D68761BC6F34F06B44227D900254846DD
S21403EE6000F04DFA2846BDE8F843FFF733BFB8F184
S21403EE70000F11D0174A15685A1BC2F34F0294426B
S21403EE80ECD81448620005EB44040460B8F1000FA4
S21403EE900FD113440B600CE0F61AC6F34F0676B98F
S21403EEA040F2A651084800F024FBD7E705EB4404DC
S21403EEB01C6000236F80AB80EB802B80CFE7B442CF
S21403EEC0CCD8044A1568DCE7E49204000C59002009
S21403EED0F45800200459002038B5054600F014FA0B
S21403EEE0044629460448002200F04BFC2046BDE8B1
S21403EEF0384000F004BA00BF1860002082684B4B0D
S21403EF002DE9F0419A4204460E46056815D121B113
S21403EF1040F21311464800F0ECFA00F0F5F92369C5
S21403EF201BB92B682BB924612C60BDE8F04100F0B7
S21403EF30E6B91A6922611C61F6E700F0D3FA804647
S21403EF40FEF76AFA20B14FF49571394800F0D1FA0A
S21403EF506FF000439E4221694BD22B7B08EB0602DF
S21403EF60002B4DD0AB6893424AD1531C002949D09D
S21403EF706169994242D01EB9521AB2F1004F3DD987
S21403EF80636123696E689C4203D19D21284800F083
S21403EF90B0FA2F460023B4420BD0002B41D172693E
S21403EFA06169891AB1F1004F32D832693746944203
S21403EFB02CD12269BD420CBF6A603A617BB92669CF
S21403EFC0B44203D1B8211A4800F093FA3B46012E07
S21403EFD005D062697169521AB2F1004F23D99D4276
S21403EFE00BBF6B681A69236122610CBF6C601C61DE
S21403EFF004E0434431B162699342C1D1BDE8F08174
S21403F0001346B3E76A6822616C60B9E71646C6E73B
S21403F010A8EB0202B2F1004FC7D93B463746366922
S21403F020B9E71F46F9E733463669D0E7F1350200FC
S21403F030F89204000823064A12F8011B814205D001
S21403F040013B13F0FF03F7D11846704701207047C2
S21403F050EDDE04000823064A12F8011B814205D0A0
S21403F060013B13F0FF03F7D11846704701207047A2
S21403F070E5DE040010B5082207490446DCF7DEFB8C
S21403F080B0FA80F04FF6FF732289400940009A4297
S21403F09008BF40F0010010BDFEDE040030B5044694
S21403F0A00D4685B002B9084A1068516801AB03C320
S21403F0B001AB03CB20602046ADF80C501B88616083
S21403F0C0238105B030BD00BF8C1C0400002270B540
S21403F0D00A4B1C780A4BD5B2AC4202D800200C70FF
S21403F0E008E01E880132864205D30D701B881B1A62
S21403F0F05842584170BD1233EDE700BFEE6600205C
S21403F100D05D0020F8B5154B04461D680E46E5B1E4
S21403F110134B1F78874218D900EB400305EBC30552
S21403F12026B92B69DA0712D42046F8BD08223146E1
S21403F130281DDCF783FB50B92B69DB07F4D40134B5
S21403F140E4B2A74205F11805F0D1FF24ECE7013439
S21403F150E4B2A74205F11805E2D1F6E7705900209C
S21403F160707100200A4B01461B6830B52BB1094A63
S21403F17014780022D0B2844201D8FF2030BD5D88C7
S21403F1808D4202D11D69ED07F8D401321833F1E739
S21403F19070590020707100200F4A03461068D0B1E2
S21403F1A00E4A12789A4215D919B203EB430300EBC1
S21403F1B0C300036913F001000DD0094A126832F840
S21403F1C0112002F4E2622AB913F00C0F14BF0120D7
S21403F1D0002070470120704770590020707100208E
S21403F1E06C590020094B1B686BB1094A127882429E
S21403F1F009D900EB4000C20003EBC0000169C90750
S21403F20001D5985C7047FF20704700BF70590020F7
S21403F210707100200C4A0346106890B10B4A1278AE
S21403F2209A420DD903EB430300EBC300D0E9043243
S21403F23013F001004FF0000104D018461146704742
S21403F24000200146704700BF7059002070710020EF
S21403F25010B5164B187860B1154C2368CBB14FF434
S21403F260707200201349FFF717FD2368013B2360E4
S21403F27010BDFFF755FC1049104A91F9004013687A
S21403F28084420B4C03F1010313602368B8BF087074
S21403F29053B90B4800F09DFA0028E9D1BDE81040A9
S21403F2A001460748FFF72ABE0822DAE7D0670020A0
S21403F2B08C59002051F20300CB67002084590020AC
S21403F2C05C700020054B1B682BB9054B186800388B
S21403F2D018BF012070470120704700BF7C590020EB
S21403F2E07859002010B962B6BFF36F8F7047EFF3FB
S21403F2F0108072B67047302383F31188704780F30B
S21403F3001188BFF36F8F7047EFF31180302383F3B9
S21403F31011887047002070474FF4004070474FF441
S21403F3207A7070470122417803788A4030214B4334
S21403F33041F2100103F1A04303F570335A507047AE
S21403F340B0F5802F24D010D8B0F5003F22D006D8D1
S21403F35028B3B0F5803F14BF012048207047B0F5AE
S21403F360403F14BF01202C207047B0F5302F13D038
S21403F37008D8B0F5E02F11D0B0F5202F14BF012028
S21403F38010207047B0F57F0F14BF0120062070478A
S21403F3904B2070472A207047112070472120704762
S21403F3A008B570B100F022F84FF098435A6CD202B9
S21403F3B0FCD5586D10F4702004D0BDE80840FFF764
S21403F3C0BFBF212008BD08B528B128220021DBF7DE
S21403F3D0E9FE002008BD2120FCE7036A042B9FBF3B
S21403F3E000EB83020133D16003627047036A052B87
S21403F3F014D84FF09842116CC902FCD504339B0015
S21403F40013650168103B11604168116050F8081FCE
S21403F41011604FF098420344984200D1704750F869
S21403F420041F1160F8E7836813B9816070475B684F
S21403F4305A68012AFBD15960704709B100F008B831
S21403F44022207047012100F046B8002100F043B89F
S21403F45070B506460D46FFF757FF04461D2E37D8F0
S21403F460DFE806F00F18361C1E2036222436363602
S21403F4702628362A2C2E3036363636343636363668
S21403F4803632FDF7D9FF002628602046FFF737FF00
S21403F490304670BD0120CAF7BDFDF4E70320FAE746
S21403F4A00420F8E70C20F6E70220F4E70620F2E74C
S21403F4B00720F0E70820EEE70520ECE70920EAE757
S21403F4C00A20E8E70D20E6E71020E4E70B20E2E752
S21403F4D000202126D8E70020704708B5FEF730F84D
S21403F4E080B208BD08B5FEF72BF808BD704742DEAC
S21403F4F0704738B504460D4600F008F8FFF7FBFEE4
S21403F50029462046BDE83840FFF7F1BF704710B9DB
S21403F51062B6BFF36F8F7047012070472DE9FF4136
S21403F5200D4616461F460446A8B14FF00008C0F81D
S21403F5301C80FEF7FDFBBDF82C30424602939DF877
S21403F54028302946CDE9007320463346FEF7B8FB3C
S21403F55004B0BDE8F0812220FAE7F0B51F46002389
S21403F56087B00D46164604468DF81730A8B1C3611A
S21403F5700DF11701FEF7FEFB9DF817207AB9BDF8CB
S21403F5803430294602939DF830302046CDE9007387
S21403F5903346FEF795FB07B0F0BD2220FBE70320BA
S21403F5A0F9E738B5FFF7B0FE054600F016F804464F
S21403F5B02846FFF7A4FE204638BD4FF0B043012887
S21403F5C05B6904D0022805D1C3F3C000704703F07B
S21403F5D0010070470020704770474FF0B0439A6AA7
S21403F5E01207FCD4186A7047704708B5FFF7FCFF8C
S21403F5F000F01DF808BD10B5FFF779FE012104469B
S21403F6000846FEF739F82046BDE81040FFF76ABE05
S21403F61010B5044600F012F82046FAF7E2FC20463E
S21403F620F7F7F3FDBDE81040F9F7AAB9704708B538
S21403F630FFF7FCFF08BD01207047704700207047A6
S21403F64030B589B00446ADF806108DF81020FFF7E4
S21403F650F1FC05462046FFF7FDFC03469DB1BDF8C9
S21403F6600600ABB900F0BAF8FF2808BF00200DF17A
S21403F6700F038DF80F001A46204604990593FEF7EC
S21403F6807FFD09B030BD0028F5D00DF10603F2E783
S21403F69000F0A4F8FF2808BF0020BDF806308DF858
S21403F6A00F00ADF81A308DF8180006ABE3E70088B4
S21403F6B070470170090A41707047012070470120A6
S21403F6C0704738B5DAF7AEFC0446CFF729FF051EB8
S21403F6D018BF2546CFF7F6FF041E18BF2C46FFF7C4
S21403F6E0ECFF002818BF204638BD38B5FEF714F9DE
S21403F6F00446F6F740FF04281ED002284FF0000504
S21403F70008BF0124F7F750FE042817D0022808BFC5
S21403F7100124F7F768FB042812D0022808BF012447
S21403F720FFF7CDFF04280DD0022808BF0124002DC3
S21403F73018BF0024204638BD0125E3E70125E8E786
S21403F7400125EDE70024F5E7FF20704708B5FFF72E
S21403F750FBFF002008BD08B520B1FFF7D1FA00F083
S21403F760010008BD0120FAE708B5FFF7BDFABDE8BA
S21403F7700840FFF7F0BF008810B1C9B2FFF70ABB15
S21403F78070472DE9F041B0F8008006460C46D5B226
S21403F790B8F1000F11D029464046FFF7FBFA224680
S21403F7A0074629464046FFF709FB3A4629462046C0
S21403F7B0FFF704FB3480BDE8F0810F46F5E7034608
S21403F7C01B8808468B4202D00021FFF7E3BA0020CD
S21403F7D070470069003818BF012070470020704743
S21403F7E0F8B506460D46FFF745FC0328044621D028
S21403F7F02846FFF73FFC032807461BD010F00203FA
S21403F80018D1A0070DD5F90716D401233C43E20708
S21403F81004D431892A89914218BF002303F00100DA
S21403F820F8BD082229463046DCF708F8B0FA80F31C
S21403F8305B09EBE70020F3E71846F1E770B50D46E2
S21403F84000210646FFF797FF044630B1FFF76AFA32
S21403F85001462846FFF7C4FF08B1204670BD21467F
S21403F8603046FFF7ACFFEFE707B50DF10701FFF7EB
S21403F8702DFC20B19DF8070003B05DF804FBFF20C4
S21403F880FAE708B500F009F8FF2804D0FFF7C2FC32
S21403F890C0F3C00008BD0120FCE701460020FFF7C7
S21403F8A031BC08B5FFF75EFCFF3818BF012008BD62
S21403F8B02DE9F84307460846154688461C469DF834
S21403F8C02090FFF72FFA4619A4B19EB14046FFF7E2
S21403F8D045FA254485420FDC2246B9F1000F06D1CE
S21403F8E031463846DBF7B0FC0020BDE8F8833946DE
S21403F8F03046F7E72120F8E71D20F6E70000000072
S21403F900F8B500BFF8BC08BC9E467047F8B500BF04
S21403F910F8BC08BC9E4670475FF800F09D6900205F
S21403F9205FF800F00169002044657669636520741A
S21403F930797065206368616E6765206465746563C6
S21403F9407465643A202564202D3E2025640D0A0044
S21403F95050726573732064657465637465640D0A19
S21403F960004D756C746920707265737320646574DA
S21403F97065637465643A2025640D0A0052656C65F8
S21403F9806173652064657465637465640D0A004C71
S21403F9906F6E672070726573732064657465637435
S21403F9A065640D0A0072656C61795F7374617274C5
S21403F9B05F6C61746368696E675F70756C73653AD4
S21403F9C020616E6F746865722070756C736520694C
S21403F9D073206163746976650D0A0072656C6179DC
S21403F9E05F6F6E0D0A0072656C61795F6F66660DF8
S21403F9F00A0072656C61795F746F67676C650D0AE0
S21403FA000057726974696E6720636F6E6669672054
S21403FA10746F206E763A2025730D0A0053697A6553
S21403FA203A2025640D0A004661696C656420746F8C
S21403FA30207772697465204445564943455F434FB2
S21403FA404E4649475F4441544120746F204E562C1E
S21403FA50207374617475733A2025642E20286279A6
S21403FA607465733A202564290D0A0073756363650C
S21403FA707373210D0A004661696C656420746F20F8
S21403FA8072656164204E565F4954454D5F44455642
S21403FA904943455F434F4E4649472C207573696E6D
S21403FAA0672064656661756C7420636F6E6669674C
S21403FAB020696E73746561642C2073746174757346
S21403FAC03A2025642E202862797465733A202564CB
S21403FAD0290D0A005573696E6720636F6E66696742
S21403FAE03A2025642063686172732066726F6D0D19
S21403FAF00A25730D0A006D756677763072793B5466
S21403FB0053303030322D50533B4C43323B5341330A
S21403FB10753B5241343B4943303B534231753B526C
S21403FB2044313B4943313B4D3B004E6574776F721E
S21403FB306B20737461747573206368616E676564A4
S21403FB4020746F2025640D0A004D616E756661632F
S21403FB50747572657220746F6F206269670D0A0090
S21403FB604D6F64656C20746F6F206269670D0A00C1
S21403FB70496E697469616C697A696E67205A696748
S21403FB8062656520776974682025642073776974D5
S21403FB90636865732C2025642072656C6179732C09
S21403FBA020256420636F76657220737769746368B3
S21403FBB065732C20256420636F766572732C20256D
S21403FBC064206C6F6E672D70726573732065707337
S21403FBD00D0A00436F6E6669672070617273656411
S21403FBE0207375636365737366756C6C790D0A00B1
S21403FBF0726561642076657273696F6E20666F72D4
S21403FC006D206E6577206C6F636174696F6E0D0A85
S21403FC10004661696C656420746F20777269746549
S21403FC20206C6173745365656E56657273696F6E87
S21403FC3020746F204E562C2073743A2025640D0AC8
S21403FC40004F6C642076657273696F6E3A20256484
S21403FC500D0A0043757272656E7420766572736959
S21403FC606F6E3A2025640D0A0052455345542041D1
S21403FC704C4C210D0A0068616C5F6770696F5F63A7
S21403FC80616C6C6261636B3A2065787469206C6999
S21403FC906E6520256C642073746174757320256CFF
S21403FCA0750D0A0068616C5F6770696F5F63616CEE
S21403FCB06C6261636B3A206E6F20667265652045E1
S21403FCC0585449206C696E65730D0A002F686F6D72
S21403FCD0652F72756E6E65722F776F726B2F7475E4
S21403FCE079612D7A69676265652D737769746368D0
S21403FCF02F747579612D7A69676265652D737769E7
S21403FD007463682F73696C6162735F746F6F6C736F
S21403FD102F73696D706C69636974795F73646B2F95
S21403FD202E2E2F2E2E2F7372632F73696C616273C0
S21403FD302F68616C2F7A69676265652E630044726B
S21403FD406F7070696E67206F6C64204F5441206932
S21403FD506D6167652C2063757272656E74206F66BD
S21403FD60667365743A20256C750A00556E6B6E6F64
S21403FD70776E20636F76657220636F6D6D616E6458
S21403FD803A2025640D0A00556E6B6E6F776E2063FE
S21403FD906D642025640D0A00427574746F6E2070BE
S21403FDA0726573732064657465637465642C20627E
S21403FDB07574206E6F20627574746F6E206973207D
S21403FDC0707265737365640D0A00427574746F6EA2
S21403FDD0206C6F6E6720707265737320646574653C
S21403FDE0637465642C20627574206E6F206275746C
S21403FDF0746F6E206973206C6F6E67207072657304
S21403FE007365640D0A004E6F20636F766572207308
S21403FE10776974636820636F6E66696720696E200E
S21403FE204E562C207573696E672064656661756C23
S21403FE3074730D0A00417474726962757465206385
S21403FE4068616E6765642C2065703A2025642C20F3
S21403FE50636C75737465723A2025642C2061747420
S21403FE60723A2025640D0A00556E6B6E6F776E200E
S21403FE704C6576656C4374726C20636F6D6D616E52
S21403FE80643A2025640D0A00556E6B6E6F776E20FC
S21403FE904F6E4F666620636F6D6D616E643A202504
S21403FEA0640D0A00496E6465782061742077726970
S21403FEB0746520617474723A2025640D0A004E6FCF
S21403FEC02073776974636820636F6E666967206959
S21403FED06E204E562C207573696E672064656661C6
S21403FEE0756C74730D0A00496E76616C69642072D2
S21403FEF0656C61795F696E64657820256420696E38
S21403FF00204E562C20726573657474696E67207470
S21403FF106F2064656661756C740D0A00496E6465CE
S21403FF207820617420777269746520617474722016
S21403FF30286C6F6E67293A2025640D0A004E6F20E1
S21403FF40737769746368206C6F6E6720636F6E6681
S21403FF50696720696E204E562C207573696E67207C
S21403FF6064656661756C74730D0A003E2000556EF9
S21403FF706B6E6F776E206572726F7200496E707566
S21403FF8074206275666665722069732046554C4C0C
S21403FF90004D6178696D756D206E756D62657220B2
S21403FFA06F6620617267756D656E7473206578631E
S21403FFB065656465640054686520617267756D6580
S21403FFC06E74206973206E6F7420666F726D617431
S21403FFD074656420636F72726563746C7900496E2E
S21403FFE0636F727265637420617267756D656E7494
S21403FFF0207479706500496E636F7272656374204E
S2140400006E756D626572206F6620617267756D65C8
S2140400106E7473004E6F20636F6D6D616E64206640
S2140400206F756E640075696E743800616464697413
S214040030696F6E616C002A00756E6B6E6F776E006A
S21404004077696C6463617264006865786F707400C5
S214040050737472696E676F70740075696E74333288
S2140400606F70740075696E7431366F7074007569DC
S2140400706E74386F70740068657800737472696E95
S214040080670075696E7431360075696E74333200B4
S2140400902E2E2E200068656C70000A25730A2573C0
S2140400A025730025732008002F686F6D652F727501
S2140400B06E6E65722F776F726B2F747579612D7AF9
S2140400C069676265652D7377697463682F747579DB
S2140400D0612D7A69676265652D7377697463682F25
S2140400E073696C6162735F746F6F6C732F73696D81
S2140400F0706C69636974795F73646B2F706C617478
S214040100666F726D2F736572766963652F6C6567AB
S2140401106163795F68616C2F7372632F62617365C4
S2140401202D7265706C6163656D656E742E63002F49
S214040130686F6D652F72756E6E65722F776F726B52
S2140401402F747579612D7A69676265652D73776991
S2140401507463682F747579612D7A69676265652D95
S2140401607377697463682F73696C6162735F746F05
S2140401706F6C732F73696D706C69636974795F73E0
S214040180646B2F706C6174666F726D2F7365727614
S2140401906963652F746F6B656E5F6D616E6167650D
S2140401A0722F6C65676163792F7372632F736C5F4C
S2140401B0746F6B656E5F6D616E616765722E63004A
S2140401C02F686F6D652F72756E6E65722F776F72FE
S2140401D06B2F747579612D7A69676265652D7377FF
S2140401E0697463682F747579612D7A6967626565C9
S2140401F02D7377697463682F73696C6162735F74B7
S2140402006F6F6C732F73696D706C69636974795F53
S21404021073646B2F706C6174666F726D2F73657286
S214040220766963652F746F6B656E5F6D616E61676B
S21404023065722F6C65676163792F7372632F736CB5
S2140402405F746F6B656E5F6D616E75666163747502
S21404025072696E672E630043757272656E7420430E
S2140402606F6E6669673A20253078005365742043BC
S2140402704341206D6F646520746F2025643A202501
S214040280307800656E61626C6564006469736162EF
S2140402906C6564006F757428636C69656E742900F8
S2140402A0696E202873657276657229004D4647206C
S2140402B0537472696E673A202573004170704275F4
S2140402C0696C646572204D464720436F64653A2026
S2140402D0307825303458006E6F6465205B004164C6
S2140402E0646974696F6E616C20696E7465726661A8
S2140402F063657300202025643A20007061676520DA
S2140403005B25645D206368616E205B25645D2070F8
S2140403107772205B25645D006E6F74206163746978
S2140403207665006572726F72203078253038580012
S21404033070616E4944205B3078253034585D206EF9
S2140403406F64654944205B3078253034585D20005E
S2140403507870616E205B307800706172656E7449E7
S21404036044205B3078253034585D20706172656EA9
S2140403707452737369205B25645D006E6F64655404
S214040380797065205B005365637572697479206CB7
S2140403906576656C205B253032585D006E65747733
S2140403A06F726B207374617465205B253032585D00
S2140403B020004275666665722062797465733A2019
S2140403C02564202F20256400457020636E743A202F
S2140403D02564006570202564205B656E64706F6913
S2140403E06E742025732C20646576696365202573F6
S2140403F05D20006E776B205B25645D2070726F66EF
S214040400696C65205B3078253034585D20646576E9
S2140404104964205B3078253034585D207665722038
S2140404205B3078253032585D00202020202573204C
S214040430636C75737465723A2030782530345820AE
S214040440004E776B20636E743A202564006E776BDB
S214040450202564205B25735D005072696D61727996
S214040460202870726F290020206E6F64655479709E
S21404047065205B3078253032585D00202073656334
S214040480757269747950726F66696C65205B307832
S214040490253032585D0045502025643A20257320C7
S2140404A0004572726F723A2020556E6B6E6F776ECF
S2140404B020656E64706F696E742E00456E61626CA2
S2140404C065206576656E7420646562756720696E5E
S2140404D0666F20696E20436F726520434C49206323
S2140404E06F6D706F6E656E74006F6E6C7920636FDF
S2140404F06F7264696E61746F72732063616E2066D6
S2140405006F726D0A006A6F696E203078253038582D
S2140405100A006C65617665002573203078253032D4
S214040520580A0072656A6F696E4469666644657641
S21404053069636554797065006578742E2050414E61
S2140405402049443A20004E574B206F70656E3A207F
S214040550257520736563004E574B20636C6F736577
S214040560640066696E64206A6F696E61626C653ADF
S214040570203078253032580066696E6420756E75B2
S2140405807365643A20307825303258004368616ECB
S21404059067696E6720746F206368616E6E656C2091
S2140405A025643A2030782530325800696E76616CBE
S2140405B06964206E6574776F726B20696E64657803
S2140405C00053686F72742049443A203078253034DA
S2140405D0582C2045554936343A20002C2050616E5C
S2140405E02049443A203078253034580053746172D8
S2140405F0746564206D756C74692D70687920696EF5
S21404060074657266616365004661696C656420742E
S2140406106F202573202573203078253032580054F7
S21404062065726D696E617465642025732030782563
S214040630303258004B65657020616C6976652073AE
S2140406407570706F727420656E61626C65642E00DE
S2140406506661696C656420746F20736574206B65CD
S214040660657020616C697665206D6F64652E007315
S21404067075636365737366756C6C79207365742033
S214040680746865206368696C642074696D656F7549
S21404069074206F7074696F6E206D61736B2E0066C4
S2140406A061696C656420746F207365742074686572
S2140406B0206368696C642074696D656F7574206F57
S2140406C07074696F6E206D61736B2E00646973635A
S2140406D06F766572004D61746368202573792066B1
S2140406E0726F6D203078253034582C2065702025A4
S2140406F064004E574B2041646472657373207265C0
S21404070073706F6E73653A2030782530345800491C
S2140407104545452041646472657373207265737041
S2140407206F6E73653A20005365727669636520259B
S214040730737920646F6E652E0023202074797065AB
S2140407402020206E776B20206C6F6320202072653B
S2140407506D202020636C75732020206E6F646520E6
S214040760202065756900202025642020202030780C
S21404077025303458202030782530345820203078DE
S21404078025303458203078253034582000736C5F78
S2140407907A69676265655F6765745F62696E6469D6
S2140407A06E67204572726F723A203078253038585A
S2140407B00A002564206F662025642062696E6469D9
S2140407C06E6773207573656400656E61626C65643C
S2140407D0207072696E740064697361626C6564206B
S2140407E07072696E7400616464206C696E6B206B51
S2140407F06579004552523A2043616C63756C6174A6
S21404080065642043524320646F6573206E6F7420C2
S2140408106D61746368004552523A20496E73746180
S2140408206C6C20436F6465206D757374206265205C
S214040830382C2031302C2031342C206F7220313863
S21404084020627974657320696E206C656E677468BF
S214040850004552523A204145532D4D4D4F20686174
S2140408607368206661696C65643A20307825303296
S2140408705800536574206A6F696E696E67206C69E8
S2140408806E6B206B6579007365742062696E6420F4
S21404089025643A2030782530327800454D50545936
S2140408A000554E494341004D324F4E45004D554C80
S2140408B05449003F2020202000496E646578204972
S2140408C045454520416464726573732020202020CA
S2140408D0202020204E574B496E6465782020496EB0
S2140408E0204643202020202054544C287329204698
S2140408F06C6167202020204B65792020202000256D
S2140409006420202020200020202564202020202071
S214040910202000202025303858202000203078253C
S214040920303458202000496E646578204945454592
S21404093020416464726573732020202020202020C8
S21404094020496E20464320202020205479706520BC
S214040950204175746820204B6579002D20202020C6
S214040960200025632020202020256320202020200E
S21404097000696573005741524E494E473A2020524B
S214040980454144494E47204F46204B455920564141
S2140409904C5545532044495341424C454420425902
S2140409A0204D464720544F4B454E004E574B204B48
S2140409B06579002573206F75742046433A202530E8
S2140409C0385800257320736571206E756D3A203093
S2140409D07825303258002573206F75742046433AC4
S2140409E020253038780054432025732000257320B2
S2140409F05461626C650025642F256420656E7472EC
S214040A0069657320757365642E005472616E73692C
S214040A10656E74204B657900256420656E747225B6
S214040A207320636F6E73756D696E6720256420701E
S214040A3061636B65742062756666657225732E0045
S214040A4057494C4C0057494C4C204E4F5400547256
S214040A507573742043656E74657220257320616C0B
S214040A606C6F772074727573742063656E74657228
S214040A702072656A6F696E73207573696E67207776
S214040A80656C6C2D6B6E6F776E206B65792E0053DC
S214040A9065742074696D656F757420666F72205472
S214040AA0727573742043656E7465722072656A6F1E
S214040AB0696E73207573696E672077656C6C2D6B31
S214040AC06E6F776E206C696E6B206B657920746F21
S214040AD0202564207365636F6E64732E004552523E
S214040AE04F523A20002573737461636B206D7573DF
S214040AF07420626520646F776E2E005265616469A7
S214040B006E6720416C6C6F77656400486173686932
S214040B106E67206F6E6C7900736C5F7A69676265C6
S214040B20655F6B65795F73657474696E67735F740C
S214040B303A203078253034580020205065726D698C
S214040B407373696F6E733A202573004572726F7201
S214040B503A204661696C656420746F20676574206A
S214040B60636F6E6669672C207374617475733A20BC
S214040B70307825303858004661696C65643A203010
S214040B807825303858004D73673A20636C757320A7
S214040B903078253034582C20636D64203078253026
S214040BA032582C206C656E20256400627566666576
S214040BB0723A2000454D4245525F00257353454323
S214040BC055524954595F4C4556454C3A20253032C7
S214040BD0580025736572617365206B6579202564FA
S214040BE03A2030782530385800636D64206E6F7470
S214040BF0206275696C7400737263206570202530FA
S214040C0032782C20636C7573202530347800736535
S214040C106E64696E6720746F206D756C74696361A9
S214040C2073742062696E640025733A2065703A20F6
S214040C3025642C20636C3A203078253034582C20D8
S214040C40617474723A20307825303458002C20733E
S214040C5076723A2025630025733A20726561643AF9
S214040C6020307825303278002C207376723A20258E
S214040C70632C2064747970653A20307825303258B5
S214040C8000417267756D656E7420617420696E64C8
S214040C9065783A202564206973206F7574206F6622
S214040CA02072616E676500436F6D6D616E642061CE
S214040CB06C7265616479206275696C742E202043B9
S214040CC0616E6E6F7420736574204D464720737092
S214040CD065636966696320636F646520666F722066
S214040CE0636F6D6D616E642E004D464720436F64DE
S214040CF0652053657420666F72206E657874206371
S214040D006F6D6D616E643A20307825303458005526
S214040D107365204E6578742053657175656E6365DA
S214040D202053657420666F72206E65787420636F36
S214040D306D6D616E643A203078253032580044690F
S214040D407361626C652044656661756C74205265D7
S214040D5073706F6E73652053657420666F72206EB1
S214040D6065787420636F6D6D616E643A2030782503
S214040D70303258004552523A2072656164696E6793
S214040D802061747472696275746520253032780047
S214040D904552523A206174747269627574652073A0
S214040DA0697A6520256420746F6F206C61726765AC
S214040DB020666F7220627566666572004572726F91
S214040DC0723A2061747472696275746520494420AD
S214040DD0307825303458207265706F727461626C96
S214040DE065206368616E67652069732073697A6538
S214040DF0202564422C206275742025644220656E8A
S214040E0074657265640A006E6F20636D64004572D3
S214040E10726F723A20434C492053656E64206661B3
S214040E20696C65642C207374617475733A20307829
S214040E3025303858004572726F723A20204555495D
S214040E40363420617267756D656E7420697320652B
S214040E506D70747920616E64206C6F6F6B75702092
S214040E606279206E6F6465204944206661696C650A
S214040E70642E0047726F757000556E6963617374F3
S214040E8000556E62696E64202573202573307825BC
S214040E9030325800526571756573743A20005A44AE
S214040EA04F2073696D706C6520646573632072658A
S214040EB0712025303278005A444F206E6F646520C6
S214040EC064657363207265712025303278005A4455
S214040ED04F206D6174636820646573632072657166
S214040EE02025303258005573696E67206D79206C62
S214040EF06F63616C20455549363420666F722064F2
S214040F0065737420455549363420696E2062696ECF
S214040F1064696E67005A444F2062696E6420726585
S214040F2071202530327800636C7573746572206C9A
S214040F30696D6974207265616368656400696E76BC
S214040F40616C696420706167653A202564206F725D
S214040F50206368616E6E656C3A20256400436861A0
S214040F606E6765206368616E6E656C207374617469
S214040F7075733A203078253032780064757261745F
S214040F80696F6E206D75737420626520696E2072B9
S214040F90616E67652030202D203500636F756E7492
S214040FA0206D75737420626520696E2072616E67A9
S214040FB0652031202D2038007363616E20737461C0
S214040FC074757320307825303258006E6574776FE8
S214040FD0726B207570646174652073657420737415
S214040FE06174757320307825303258004163746913
S214040FF07665204550207265717565737420737428
S214041000617475733A20307825303258004C514953
S214041010205461626C6520726571756573743A203C
S2140410203078253032580042696E64696E67205401
S21404103061626C6520726571756573743A203078E8
S21404104025303258004C6561766520257330782546
S21404105030325800506F7765722044657363726946
S21404106070746F72202573307825303258005573AB
S214041070696E67206D79206C6F63616C20455549F5
S214041080363420666F72206465737420455549367D
S2140410903420696E20756E62696E64696E670052EC
S2140410A06F757465205461626C65202573307825ED
S2140410B0303258002F686F6D652F72756E6E6572CC
S2140410C02F776F726B2F747579612D7A69676265F5
S2140410D0652D7377697463682F747579612D7A69E1
S2140410E0676265652D7377697463682F73696C61CD
S2140410F062735F746F6F6C732F73696D706C696362
S2140411006974795F73646B2F70726F746F636F6C3E
S2140411102F7A69676265652F6170702F6672616DDC
S21404112065776F726B2F636F6D6D6F6E2F736C5F69
S2140411307A69676265655F73797374656D5F636FFB
S2140411406D6D6F6E2E6300457874656E64656420FD
S214041150526573657420696E666F3A203078253060
S21404116034582028257329002F686F6D652F7275F3
S2140411706E6E65722F776F726B2F747579612D7A28
S21404118069676265652D7377697463682F7475790A
S214041190612D7A69676265652D7377697463682F54
S2140411A073696C6162735F746F6F6C732F73696DB0
S2140411B0706C69636974795F73646B2F70726F7493
S2140411C06F636F6C2F7A69676265652F6170702F25
S2140411D06672616D65776F726B2F636F6D6D6F6E80
S2140411E02F7A69676265655F6170705F6672616DAC
S2140411F065776F726B5F736C6565702E63005374EE
S2140412006179206177616B65207768656E206E6F03
S21404121074206A6F696E65643A20257300466F729F
S2140412206365642073746179206177616B653A2025
S214041230202020202020202020257300466F726363
S214041240696E672064657669636520746F207374BD
S2140412506179206177616B6500416C6C6F77696EAC
S214041260672064657669636520746F20676F2074F1
S2140412706F20736C656570002F686F6D652F7275CF
S2140412806E6E65722F776F726B2F747579612D7A17
S21404129069676265652D7377697463682F747579F9
S2140412A0612D7A69676265652D7377697463682F43
S2140412B073696C6162735F746F6F6C732F73696D9F
S2140412C0706C69636974795F73646B2F70726F7482
S2140412D06F636F6C2F7A69676265652F6170702F14
S2140412E06672616D65776F726B2F636F6D6D6F6E6F
S2140412F02F7A69676265655F737461636B5F736C8D
S2140413006565702E630052583A20526573657454AE
S2140413106F466163746F727944656661756C747345
S21404132043616C6C6261636B00657A737020636FF3
S214041330756E74657273206661696C6564202575C4
S21404134000657A73702052657365742054687265FC
S21404135073686F6C64206572726F72202575006501
S2140413607A737020536574205468726573686F6C62
S21404137064206572726F72202575002575292025F4
S214041380733A2025750053657474696E6720546833
S214041390726573686F6C6420636F6D6D616E640054
S2140413A03F3F3F004D61632052782042636173746F
S2140413B0004D6163205478204263617374004D616C
S2140413C063205278205563617374004D6163205422
S2140413D078205563617374004D61632054782055FA
S2140413E063617374205265747279004D616320548E
S2140413F078205563617374204661696C00415053CC
S214041400205278204263617374004150532054780C
S2140414102042636173740041505320527820556310
S214041420617374004150532054782055636173747B
S21404143020537563636573730041505320547820BA
S2140414405563617374205265747279004150532059
S2140414505478205563617374204661696C00526F3A
S214041460757465204469736320496E697469617490
S2140414706564004E65696768626F722041646465DE
S21404148064004E65696768626F722052656D6F7698
S2140414906564004E65696768626F72205374616C98
S2140414A065004A6F696E20496E6469636174696F8A
S2140414B06E004368696C64204D6F76656400415322
S2140414C048204F766572666C6F7700415348204615
S2140414D072616D65204572726F7200415348204FE9
S2140414E076657272756E204572726F72004E574B37
S2140414F0204643204661696C75726500415053204E
S2140415004643204661696C7572650041534820580D
S2140415104F66660041505320556E617574686F724D
S214041520697A6564204B6579004E574B20446563A1
S21404153072797074204661696C75726573004150E7
S214041540532044656372797074204661696C7572C1
S2140415506573005061636B657420427566666572D8
S21404156020416C6C6F63617465204661696C7572AA
S21404157065730052656C61796564205563617374A4
S2140415800050687920746F204D414320717565754D
S21404159065206C696D6974207265616368656400B2
S2140415A05061636B65742056616C69646174652070
S2140415B064726F7020636F756E74004E574B2072A2
S2140415C065747279206F766572666C6F7700434334
S2140415D041204661696C757265730042726F61647E
S2140415E063617374207461626C652066756C6C004C
S2140415F0505441204C6F205072692052657100503F
S2140416005441204869205072692052657100505434
S21404161041204C6F205072692044656E69656400F1
S214041620505441204869205072692044656E6965AB
S2140416306400505441204C6F205072692054782026
S21404164041627274005054412048692050726920E7
S2140416505478204162727400416464726573732026
S214041660436F6E666C6963742053656E74004353EF
S2140416704C205278207363686564756C65206661D7
S214041680696C6564000D0044656275672070726954
S2140416906E742067726F75702025730A0057726F18
S2140416A06E6720706172616D657465720A004669C2
S2140416B06E6420616E642042696E6420496E6974AB
S2140416C06961746F723A20436F6D706C6574653A25
S2140416D02030782530325800537461727420746157
S2140416E0726765740046696E6420616E64204269A0
S2140416F06E64205461726765740025733A202573FE
S2140417003A2030782530325800467261676D656E2F
S214041710746174696F6E2052582077696E646F77AF
S2140417202073697A652073657420746F20256400BD
S2140417302F686F6D652F72756E6E65722F776F7278
S2140417406B2F747579612D7A69676265652D737779
S214041750697463682F747579612D7A696762656543
S2140417602D7377697463682F73696C6162735F7431
S2140417706F6F6C732F73696D706C69636974795FCE
S21404178073646B2F70726F746F636F6C2F7A6967F4
S2140417906265652F6170702F6672616D65776F7212
S2140417A06B2F706C7567696E2F667261676D656EF8
S2140417B0746174696F6E2F667261676D656E7461AD
S2140417C074696F6E2E630052583A204164644772FF
S2140417D06F7570526573706F6E7365203078253040
S2140417E032582C203078253034580052583A205637
S2140417F069657747726F7570526573706F6E73653F
S214041800203078253032582C203078253034582C27
S21404181020220052583A2047657447726F75704DFF
S214041820656D62657273686970526573706F6E7306
S21404183065203078253032582C20307825303258C0
S2140418402C00205B3078253034585D0052583A20FE
S21404185052656D6F766547726F7570526573706FFB
S2140418606E7365203078253032582C203078253039
S21404187034580065705B253032585D2069645B25FA
S2140418803034585D00436C656172696E6720616C24
S2140418906C2067726F7570732E004552523A20465C
S2140418A061696C656420746F206372656174652079
S2140418B062696E64696E672028307825303258294C
S2140418C0004552523A2042696E64696E672074611C
S2140418D0626C652069732066756C6C004552523ADA
S2140418E02077726974696E67206E616D6520737502
S2140418F070706F727420253032580052583A204166
S214041900646447726F7570203078253034582C2004
S214041910220075760052583A205669657747726FEA
S21404192075702030782530345800757673007669E3
S21404193065775F67726F75700047726F7570733A7C
S214041940206661696C656420746F2073656E64201C
S214041950257320726573706F6E73653A2030782530
S214041960303258006765745F67726F75705F6D65B7
S2140419706D6265727368697020726573706F6E73DA
S214041980650064656661756C745F726573706F6E0E
S21404199073650052583A2047657447726F75704DE8
S2140419A0656D6265727368697020307825303258C8
S2140419B02C007575620047726F7570733A20666105
S2140419C0696C656420746F2073656E642025733AB1
S2140419D0203078253032580052583A2052656D6FC0
S2140419E0766547726F757020307825303458004518
S2140419F052523A204661696C656420746F206465AF
S214041A006C6574652062696E64696E672028307838
S214041A1025303258290072656D6F76655F67726F80
S214041A2075700052583A2052656D6F7665416C6C3D
S214041A3047726F7570730052583A20416464477257
S214041A406F757049664964656E74696679696E6710
S214041A50203078253034582C2022006164640043FA
S214041A6068616E6E656C206E6F742076616C696456
S214041A703A202564005072696D61727900257320DE
S214041A806D61736B206E6F77203078253038580080
S214041A905365636F6E64617279004D61736B206E7B
S214041AA06F742076616C69643A20256400707269EC
S214041AB06D617279007365636F6E64617279002577
S214041AC0733A20536574202573206D61736B2074FC
S214041AD06F2030782530385800537461747573005D
S214041AE025733A2025733A004368616E6E656C2050
S214041AF06D61736B3A00202020202831292030782D
S214041B0025303858205B0020202020283229203019
S214041B107825303858205B0053746174653A203059
S214041B20782530325820282573290043757272654B
S214041B306E74206368616E6E656C3A20256400548A
S214041B406F74616C20626561636F6E733A202564FE
S214041B50004A6F696E20617474656D7074733A2000
S214041B602564004E6574776F726B207374617465B8
S214041B703A203078253032580053746F700025733D
S214041B802053746F702E2020436C65616E696E67F7
S214041B902075702E0042726F616463617374696E9F
S214041BA067207065726D6974206A6F696E0054727E
S214041BB07573742063656E746572206C696E6B2031
S214041BC06B657920757064617465207374617475CF
S214041BD0730025733A205741524E494E473A2073B4
S214041BE06C5F7A69676265655F7365745F696E6961
S214041BF07469616C5F73656375726974795F737415
S214041C00617465206661696C65642E20436F6E742A
S214041C10696E75696E6720776974686F7574206974
S214041C206E7374616C6C20636F64652E004572720B
S214041C306F723A20696E7374616C6C20636F6465AE
S214041C40207365747570206661696C65642E20491E
S214041C507320616E20696E7374616C6C20636F64AC
S214041C606520666C6173686564206F6E746F20749B
S214041C706865206465766963653F00D0D1D2D3D4A5
S214041C80D5D6D7D8D9DADBDCDDDEDF00FFFFFFFFF1
S214041C90FFFFFFFF005A6967426565416C6C696126
S214041CA06E636530390025733A2069737375696EFF
S214041CB067207363616E206F6E20257320636861EE
S214041CC06E6E656C7320286D61736B2030782530DA
S214041CD038582900257320697320616C7265616425
S214041CE07920696E2070726F67726573730053741F
S214041CF0617274004578616D696E696E672062650D
S214041D0061636F6E206F6E206368616E6E656C2013
S214041D10256420776974682070616E496420307881
S214041D2025303458005468697320626561636F6EA9
S214041D30206973206E6F742070617274206F662041
S214041D407468652063757272656E74206368616E6C
S214041D506E656C206D61736B20283078253038589A
S214041D60292E2047657474696E67206E6578742022
S214041D70626561636F6E2077686F73652063686160
S214041D806E6E656C206269746D61736B2069732076
S214041D907365742E004572726F723A202573206341
S214041DA06F756C64206E6F7420617474656D7074E6
S214041DB0206A6F696E3A20307825303258004E6FAC
S214041DC020626561636F6E73206C656674206F6E47
S214041DD02063757272656E74206D61736B2E204D70
S214041DE06F76696E6720746F206E657874207374DE
S214041DF0617465002573206A6F696E696E672030AA
S214041E007825303458206F6E206368616E6E656C7A
S214041E102025640025732053746174653A20257365
S214041E20004572726F723A20257320636F756C6476
S214041E30206E6F7420736574757020736563757295
S214041E406974793A20307825303258004572726FBA
S214041E50723A205363616E20636F6D706C657465AF
S214041E602068616E646C65722072657475726E6546
S214041E706420307825303258002573207363616EF1
S214041E8020636F6D706C6574652E20426561636FA8
S214041E906E732068656172643A2025640025732099
S214041EA0737461636B207374617475732030782562
S214041EB0303258002573206E6574776F726B206A13
S214041EC06F696E65642E00257320747279696E6777
S214041ED0206E657874206E6574776F726B2E004E74
S214041EE06F6E65005363616E205072696D6172791E
S214041EF0204368616E6E656C7320616E6420757332
S214041F006520436F6E66696775726564204B6579F4
S214041F10005363616E205072696D61727920436864
S214041F20616E6E656C7320616E64207573652049FE
S214041F306E7374616C6C20436F6465005363616EEA
S214041F40205072696D617279204368616E6E656CAB
S214041F507320616E64205573652043656E747261E8
S214041F606C697A6564204B6579005363616E205012
S214041F7072696D617279204368616E6E656C732058
S214041F80616E642055736520446973747269627562
S214041F90746564204B6579005363616E20536563F2
S214041FA06F6E64617279204368616E6E656C73202F
S214041FB0616E642075736520436F6E66696775721B
S214041FC06564204B6579005363616E205365636FC7
S214041FD06E64617279204368616E6E656C7320610D
S214041FE06E642075736520496E7374616C6C20434F
S214041FF06F6465005363616E205365636F6E64613E
S2140420007279204368616E6E656C7320616E64201D
S2140420105573652043656E7472616C697A656420D5
S2140420204B6579005363616E205365636F6E64611C
S2140420307279204368616E6E656C7320616E6420ED
S2140420405573652044697374726962757465642097
S2140420504B6579005363616E205072696D617279C5
S214042060204368616E6E656C7320616E64205573E0
S2140420706520416C6C204B6579732028696E7374F7
S214042080616C6C20636F64652C2063656E7472618A
S2140420906C697A65642C20646973747269627574F9
S2140420A0656429005363616E205365636F6E6461D3
S2140420B07279204368616E6E656C7320616E64206D
S2140420C055736520416C6C204B6579732028696EC6
S2140420D07374616C6C20636F64652C2063656E7426
S2140420E072616C697A65642C2064697374726962BF
S2140420F07574656429004F6E2F4F66662073657489
S2140421002076616C75653A202530325820253032A9
S21404211058004552523A2072656164696E67206FB2
S2140421206E2F6F66662025303258004F6E2F6F660E
S2140421306620616C72656164792073657420746FBF
S214042140206E65772076616C756500546F67676CE2
S21404215065206F6E2F6F66662066726F6D20253061
S214042160325820746F2025303258004552523A2097
S21404217077726974696E67206F6E2F6F66662025A6
S21404218030325800496E7374616C6C6564205479FF
S2140421907065202842617365293A202030782530FE
S2140421A03258004361706162696C69746965733A98
S2140421B02020202020202020202020307825303485
S2140421C05800426F6F746C6F616465722056657256
S2140421D073696F6E3A2020202020307825303458DA
S2140421E00053656375726520426F6F746C6F61642B
S2140421F06572204B65793A20202020202000426F0B
S2140422006F746C6F6164696E67206661696C65647F
S2140422102100446F776E6C6F6164206661696C653B
S214042220642E0044656C6574696E67206661696C2B
S214042230656420646F776E6C6F61642C20737461C0
S2140422407475733A2030782530325800496D6167CA
S2140422506520646F6573206E6F7420636F6E74619F
S214042260696E20616E205570677261646520496DE1
S21404227061676520546167202830782530345829F2
S2140422802E20536B697070696E6720757067726173
S21404229064652E00457865637574696E6720626FA1
S2140422A06F746C6F61642063616C6C6261636B2E27
S2140422B0005374617274696E672045424C207665DB
S2140422C072696669636174696F6E0045424C206684
S2140422D061696C65642076657269666963617469B0
S2140422E06F6E2E0045424C207061737365642076D1
S2140422F06572696669636174696F6E2E0025736919
S2140423006E67204F544120636C69656E7420737445
S214042310617465206D616368696E650073746F70BF
S21404232070004572726F723A204E6F20696D616755
S2140423306520617420696E646578202564004E6F9C
S2140423407420737570706F727465642E00436C69C4
S214042350656E7420696D6167652071756572792094
S214042360696E666F004D616E75662049443A20209A
S2140423702020202020202030782530345800496D35
S21404238061676520547970652049443A20202020EE
S2140423903078253034580043757272656E74205652
S2140423A0657273696F6E3A2020307825303858008D
S2140423B048617264776172652056657273696F6EE0
S2140423C03A20004E410051756572792044656C616F
S2140423D079206D733A2020202020202020202020E1
S2140423E020256C64005365727665722044697363B5
S2140423F06F766572792044656C6179206D733A2036
S214042400256C6400446F776E6C6F61642044656C61
S2140424106179206D733A202020202020202020255A
S2140424206C640052756E2055706772616465204452
S214042430656C6179206D733A202020202020256C5D
S21404244064005665726966792044656C6179206D0E
S214042450733A2020202020202020202020256C6471
S21404246000446F776E6C6F6164204572726F7220E1
S2140424705468726573686F6C643A2020256400554E
S2140424807067726164652057616974205468726568
S21404249073686F6C643A202020202564004F5441F2
S2140424A020446F776E6772616465733A204469737B
S2140424B061626C6564004F544120446F776E6772A6
S2140424C0616465733A20456E61626C656400426FB0
S2140424D06F746C6F61642073746174653A2025733D
S2140424E000496E76616C6964204550202564207727
S2140424F068656E20747279696E6720746F207365E0
S2140425006E64204F5441206D6573736167652E00B9
S21404251053656E64696E67205570677261646520E2
S214042520456E6420726571756573742E0025733A62
S21404253020696E76616C696420636D64496420303A
S2140425407825303258004572726F723A2020466100
S214042550696C656420746F2073656E64204F544103
S21404256020636F6D6D616E64203078253032582C90
S214042570207374617475733A2030782530325800AD
S21404258053657276657220756E6B6E6F776E2C204F
S21404259066616C6C696E67206261636B20746F2081
S2140425A0646973636F766572792E004D6178696D20
S2140425B0756D207175657279206572726F727320FD
S2140425C068697420282564292C20737461727469E0
S2140425D06E672073656172636820666F72206E652D
S2140425E077204F5441207365727665722E0A004137
S2140425F070706C79696E67207570677261646500C7
S21404260025733A20696E76616C6964206F6666731A
S21404261065742063757272656E7454696D652830CE
S214042620782530385829203E2075706772616465B5
S21404263054696D652830782530385829004F544140
S21404264020436C75737465723A20776169742066EA
S2140426506F72202564207300525865642074696D77
S214042660654F75742030782530385820732C204DEB
S21404267041582074696D654F75742030782530385C
S214042680582073004D6178696D756D20757067729A
S214042690616465207265717565737473206D616419
S2140426A065202825642920776974686F75742072FC
S2140426B06573706F6E73652066726F6D20736572D6
S2140426C07665722E00557067726164696E67206164
S2140426D06E79776179004F54412053657276696349
S2140426E06520646973636F766572792070726576A7
S2140426F0656E746564202D20616E6F746865722043
S214042700697320616C726561647920696E207072E9
S2140427106F6772657373004661696C656420746FD5
S21404272020696E697469617465207365727669637D
S2140427306520646973636F766572792E004F544121
S214042740205365727669636520446973636F7665A2
S214042750727920696E2070726F67726573730043B6
S2140427606C69656E742076657269666963617469FE
S2140427706F6E206661696C65642E005369676E61CE
S2140427807475726500437573746F6D00706173734E
S2140427906564004641494C4544004E6F20736967A2
S2140427A06E617475726520766572696669636174B4
S2140427B0696F6E20737570706F72742C20617373FA
S2140427C0756D696E6720696D616765206973206F32
S2140427D06B61792E0025732076657269666963617C
S2140427E074696F6E2025733A20307825303258008D
S2140427F04D6178696D756D206E756D626572206FBA
S2140428006620646F776E6C6F6164206572726F7297
S2140428107320726561636820282564292C20616210
S2140428206F7274696E672E004F544120436C757343
S2140428307465723A2073657474696E6720494545F9
S214042840452061646472657373206F66204F54413B
S21404285020636C7573746572005061727469616C80
S2140428602066696C6520646F776E6C6F61642066A1
S2140428706F756E642C20636F6E74696E75696E670F
S2140428802066726F6D206F666673657420307825D7
S21404289030385800466F756E642066756C6C792007
S2140428A0646F776E6C6F616465642066696C65201E
S2140428B0696E2073746F726167652028766572731B
S2140428C0696F6E20307825303858292E00466F758B
S2140428D06E642066696C6520696E2073746F72611D
S2140428E06765207769746820646966666572656ED4
S2140428F0742076657273696F6E20283078253038B8
S2140429005829207468616E2063757272656E74202F
S21404291076657273696F6E202830782530385829AA
S2140429200046696C6520696E2073746F7261676512
S2140429302069732073616D652061732063757272FC
S214042940656E742072756E6E696E67207665727336
S214042950696F6E202830782530385829004E6F204D
S214042960696D61676520666F756E6420696E207395
S214042970746F726167652E004F54412053657276FA
S21404298069636520446973636F7665727920756E32
S214042990626C6F636B65640049676E6F72696E671D
S2140429A0207365727665722066726F6D206C6F6F29
S2140429B0706261636B206164647265737300496757
S2140429C06E6F72696E6720307825303458204F5405
S2140429D0412073657276657220696E207365617234
S2140429E06368206F662054430053657474696E6789
S2140429F0204F54412053657276657220746F2030E0
S214042A0078253034580044656C6179696E672025F2
S214042A1064207365636F6E6473206265666F7265A7
S214042A20207374617274696E67204F544120636C1E
S214042A3069656E740054696D656F75742077616995
S214042A4074696E6720666F72206D6573736167655F
S214042A502E00426164204F544120636F6D6D616E99
S214042A60643A20307825303258004F544120636F42
S214042A706D6D616E642030782530325820746F6F27
S214042A802073686F727420286C656E202564203C61
S214042A90206D696E20256429004F544120636F6DB4
S214042AA06D616E642066726F6D20756E7265636FFD
S214042AB0676E697A6564207365727665722030780D
S214042AC0253034582E20204D79204F5441207365EC
S214042AD0727665723A2030782530345800496D6134
S214042AE06765204E6F7469667900476F7420756E4B
S214042AF065787065637465642025732E202053748E
S214042B0061727420646973636F766572792E0064EB
S214042B10656661756C74004F54413A206661696C51
S214042B20656420746F2073656E6420257320726557
S214042B3073706F6E73653A203078253032580049CA
S214042B406D616765206E6F7469667900476F7420DF
S214042B50756E65787065637465642025732E202011
S214042B6049676E6F7265642E004F54413A2044657F
S214042B706661756C7420726573706F6E736520661B
S214042B806F7220496D616765206E6F746966792C73
S214042B902073746174757320307825303258004978
S214042BA06D616765206E6F7469667920636F6D6DFD
S214042BB0616E6400257320756E69636173742C20DE
S214042BC07175657279696E6700496E76616C6964C1
S214042BD0002573202573207061796C6F61642074FE
S214042BE07970652030782530325800257320257397
S214042BF03A206F7574206F662072616E6765206A6E
S214042C0069747465722025640025732025733A2040
S214042C107061796C6F6164206C656E67746820649B
S214042C206F65736E2774206D6174636820747970A1
S214042C30652030782530325820282564203C20250D
S214042C4064290025732025732064756520746F201D
S214042C506E6F6E2D6D61746368696E67206D616E4C
S214042C607566616374757265722049440025732025
S214042C7025732064756520746F206E6F6E2D6D61EC
S214042C80746368696E6720696D616765207479701E
S214042C9065204944002573202573206475652074D7
S214042CA06F206D61746368696E67206669726D77FC
S214042CB06172652076657273696F6E0025732025D0
S214042CC0732C2052782764204A697474657220280D
S214042CD0307825303258292C205069636B6564207F
S214042CE04A69747465722028307825303258290071
S214042CF05175657279206E65787420696D616765B3
S214042D0020726573706F6E73650025732072657428
S214042D1075726E6564203078253032582E20204E29
S214042D206F206E657720696D61676520746F206417
S214042D306F776E6C6F61642E00257320746F6F203E
S214042D4073686F727420282564203C20256429004B
S214042D5025733A204E657720696D6167652069732F
S214042D6020617661696C61626C6520666F722064AE
S214042D706F776E6C6F61642E002573206973206E06
S214042D806F74207573696E67206D7920696D61674D
S214042D906520696E666F2E004552524F523A204E99
S214042DA065787420496D61676520697320746F6F58
S214042DB02062696720746F2073746F7265202830F0
S214042DC07825303858203E20307825303858290069
S214042DD025732072657475726E65642073616D6503
S214042DE02046696C6556657273696F6E2061732040
S214042DF063757272656E746C7920696E7374616C37
S214042E006C65642E004F544120446F776E67726180
S214042E106465732044697361626C65643A2046692C
S214042E206C6556657273696F6E20626568696E6458
S214042E302063757272656E7420696E7374616C6C4F
S214042E406174696F6E005374617274696E6720648E
S214042E506F776E6C6F61642C2056657273696F6E43
S214042E6020307825303858004572726F723A204602
S214042E7061696C656420746F2064656C6574652094
S214042E80696D6167652E004572726F723A204661FD
S214042E90696C656420746F206572617365206F6C5D
S214042EA0642074656D7020646174612E00496D61E0
S214042EB0676520626C6F636B20726573706F6E73E8
S214042EC065004F54413A20496D616765426C6F63F3
S214042ED06B5265706F6E736520636F6E7461696E96
S214042EE07320696E76616C6964206F7220696E6304
S214042EF06F6D706C657465206461746100557064F0
S214042F006174696E67204D696E20426C6F636B2036
S214042F105265717565737420506572696F642074A8
S214042F206F202564206D7300446F776E6C6F616448
S214042F302064656C617920627920736572766572A7
S214042F40202564206D7300446F776E6C6F61642077
S214042F5061626F7274656420627920736572766547
S214042F60722E0053657276657220646F65736E27E1
S214042F707420737570706F72742070616765207248
S214042F806571756573742C206F6E6C792075736922
S214042F906E6720626C6F636B2072657175657374FF
S214042FA02E005365727665722072657475726E654E
S214042FB0642027756E737570706F72746564206311
S214042FC06C757374657220636F6D6D616E64272E05
S214042FD000556E6B6E6F776E202573207374617464
S214042FE0757320636F646520307825303258002569
S214042FF0732068617320646174612073697A652044
S2140430002825642920736D616C6C65722074686170
S2140430106E2061637475616C207061636B657420E7
S21404302073697A6520282564292E00257320657225
S214043030726F723A204578706563746564206F66B3
S21404304066736574203078253038582C2062757481
S21404305020676F74203078253038582E2020496732
S2140430606E6F72696E6700257320696E666F2064E2
S2140430706964206E6F74206D61746368206D7920B6
S214043080657870656374656420696E666F2E2020AB
S21404309044726F7070696E672E004661696C656471
S2140430A020746F20777269746520746F2073746F50
S2140430B072616765206465766963652100446F778D
S2140430C06E6C6F6164005570677261646520656E2E
S2140430D06420726573706F6E7365005365727665EF
S2140430E0722061626F7274656420757067726164C1
S2140430F0652C207374617475733A203078253032E9
S21404310058004572726F723A2025732068616420F5
S214043110696E76616C69642025733A200066696C72
S214043120652076657273696F6E00416464696E67C4
S214043130202564206D732E2064656C617920666F8B
S2140431407220696D6D656469617465207570677257
S2140431506164652E00436F756E74646F776E2074B9
S2140431606F20757067726164653A202564206D73FC
S214043170002053746174653A20202025730020577C
S214043180616974696E6720666F7220726573706F0A
S2140431906E73653A20257300204E65787420457654
S2140431A0656E742054696D65723A202564206D73CB
S2140431B0002043757272656E7420446F776E6C6F70
S2140431C06164204F66667365743A2030782530381B
S2140431D058202825642525290025733A2066616928
S2140431E06C65642070617273696E67204F54412069
S2140431F0636D6420307825303258004F54412044A3
S214043200656661756C7420726573706F6E73652085
S214043210746F20636F6D6D616E642049442030784E
S214043220253032582C2073746174757320307825D9
S21404323030325800496D61676520626C6F636B209D
S214043240726571756573742074657374206F6E6C23
S2140432507920776F726B73207768656E207374615C
S214043260746520697320424F4F544C4F41445F535A
S214043270544154455F4E4F4E450052616E646F6D27
S2140432802044656C6179206265666F72652073748C
S21404329061727400446973636F766572696E672041
S2140432A04F54412053657276657200476574204F0B
S2140432B054412053657276657220455549004F6225
S2140432C07461696E206C696E6B206B65790051754C
S2140432D0657279696E67204E65787420496D6167FA
S2140432E06500446F776E6C6F6164696E6720496D24
S2140432F061676500566572696679696E6720496D0F
S2140433006167650057616974696E6720666F72202D
S21404331055706772616465206D65737361676500D7
S214043320436F756E74646F776E20746F2055706784
S214043330726164650057616974696E6720746F20F2
S2140433407570677261646520766961206F75742D87
S2140433506F662D62616E64206D656368616E697365
S2140433606D0025733A202564252520636F6D706CE7
S21404337065746500496D61676520256400202045F5
S21404338052524F523A20436F756C64206E6F74200D
S2140433906765742066756C6C206865616465722167
S2140433A00020204865616465722056657273696FF3
S2140433B06E3A203078253034580020204865616401
S2140433C06572204C656E6774683A20202564206216
S2140433D0797465730020204669656C6420436F6EBB
S2140433E074726F6C3A2020307825303458002020D0
S2140433F04D616E75662049443A2020202020202006
S214043400307825303458002020496D616765205493
S2140434107970653A202020202030782530345800F2
S214043420202056657273696F6E3A20202020202073
S21404343020203078253038580020205A6967626585
S214043440652056657273696F6E3A2030782530347D
S2140434505800202048656164657220537472696E52
S214043460673A20202573002020496D616765205344
S214043470697A653A2020202020256C6420627974BD
S21404348065730020205365637572697479204372EE
S21404349065643A2020307825303258002020557054
S2140434A0677261646520446573743A2020200020A6
S2140434B0204D696E2E204857205665723A202020EB
S2140434C0203078253034580020204D61782E20484E
S2140434D057205665723A20202020307825303458FC
S2140434E0002020546F74616C20546167733A202561
S2140434F06400202020205461673A20307825303438
S21404350058002020202020204C656E6774683A20DE
S214043510256C64004572726F723A20436F756C6452
S214043520206E6F74206F627461696E207461672008
S214043530696E666F2066726F6D20696D6167652EB1
S214043540000A256420696D6167657320696E204FE3
S21404355054412073746F726167652E00496D61670C
S214043560652064656C65746525732E004572726FFC
S214043570723A2020436F756C64206E6F74207265F7
S214043580616420626C6F636B3A2030782530325861
S2140435902E0A005374617274696E672065726173D3
S2140435A0652066726F6D206F66667365742030786A
S2140435B02530385820746F2030782530385800432A
S2140435C06F756C64206E6F7420737461727420451A
S2140435D05241534521202830782530325829004559
S2140435E04550524F4D20457261736520636F6D7070
S2140435F06C657465002F686F6D652F72756E6E65E9
S214043600722F776F726B2F747579612D7A69676282
S21404361065652D7377697463682F747579612D7A7F
S21404362069676265652D7377697463682F73696C5F
S2140436306162735F746F6F6C732F73696D706C69FE
S214043640636974795F73646B2F70726F746F636FE2
S2140436506C2F7A69676265652F6170702F66726178
S2140436606D65776F726B2F706C7567696E2F6F74EC
S214043670612D73746F726167652D73696D706C6507
S2140436802D656570726F6D2F6F74612D73746F7214
S2140436906167652D656570726F6D2D706167652D48
S2140436A065726173652E63002F686F6D652F727582
S2140436B06E6E65722F776F726B2F747579612D7AC3
S2140436C069676265652D7377697463682F747579A5
S2140436D0612D7A69676265652D7377697463682FEF
S2140436E073696C6162735F746F6F6C732F73696D4B
S2140436F0706C69636974795F73646B2F70726F742E
S2140437006F636F6C2F7A69676265652F6170702FBF
S2140437106672616D65776F726B2F706C7567696E14
S2140437202F6F74612D73746F726167652D73696D85
S214043730706C652D656570726F6D2F6F74612D7377
S214043740746F726167652D656570726F6D2E6300A8
S2140437504F54412053696D706C652053746F7261C9
S214043760676520454550524F4D207761726E696EED
S214043770673A20636F756C64206E6F742067657497
S21404378020736C6F7420696E666F20666F72207388
S2140437906C6F7420256420286572726F72203078EE
S2140437A025303258292E2044656661756C74696E1E
S2140437B06720746F20737065636966696564206149
S2140437C0646472657373206F6666736574730053FE
S2140437D0746F72616765204472697665723A202058
S2140437E020202020202020202020204F5441205319
S2140437F0696D706C652053746F726167652045450A
S21404380050524F4D20506C7567696E005265616466
S214043810204D6F6469667920577269746520537504
S21404382070706F72743A20206E6F00534F432042BC
S2140438306F6F746C6F6164696E6720537570706F18
S21404384072743A2020202079657300426F6F746C7E
S2140438506F616465722053746F7261676520537577
S21404386070706F72743A205573652066697273744B
S21404387020736C6F7400536C6F7420746F207573B0
S214043880653A2020202020202020202020202020D0
S214043890202025640043757272656E7420446F7729
S2140438A06E6C6F6164204F66667365743A202020E0
S2140438B0203078253038580045424C2053746172C5
S2140438C074204F66667365743A20202020202020DA
S2140438D02020202030782530385800454550524F57
S2140438E04D2053746172743A20202020202020201A
S2140438F020202020202020307825303858004545C8
S21404390050524F4D20456E643A202020202020201F
S21404391020202020202020202020307825303858D1
S21404392000496D61676520496E666F205374617245
S214043930743A2020202020202020202020307825A3
S21404394030385800536176652052617465202862C9
S2140439507974657329202020202020202020202010
S214043960307825303858004F6666736574206F6665
S21404397020646F776E6C6F6164206F66667365741F
S214043980202020307825303858004F6666736574DA
S214043990206F662045424C206F66667365743A2035
S2140439A0202020202020307825303858004F6666A6
S2140439B0736574206F6620696D6167652073746132
S2140439C072743A2020202020203078253038580081
S2140439D0736C5F7A69676265655F61665F6F746161
S2140439E05F73746F726167655F6472697665725F30
S2140439F0726561645F63622829206661696C656428
S214043A002100426164206D61676963206E756D6292
S214043A10657220696E2066696C653A2030782530B8
S214043A2032582030782530325820307825303258B5
S214043A3020307825303258004261642076657273EF
S214043A40696F6E20696E2066696C65203078253053
S214043A503458004572726F723A2072656164416E22
S214043A606456616C696461746553746F7265644905
S214043A706D616765282920747269656420746F20F7
S214043A8072656164206D6F72652064617461207470
S214043A9068616E20697420636F756C6420686F6C4F
S214043AA0642E00736C5F7A69676265655F61665F42
S214043AB06F74615F73746F726167655F6472697651
S214043AC065725F726561645F6362282920464149B6
S214043AD04C454421004C617374206F6666736574AC
S214043AE020646F776E6C6F616465643A2030782565
S214043AF03038580053746F72616765204D6F647573
S214043B006C653A204F54412053696D706C652053A0
S214043B10746F7261676520506C7567696E00496DD5
S214043B20616765732053746F7265643A2020256458
S214043B30206F6620310A00253032583A006570201E
S214043B402530325820636C75732025303458206134
S214043B5074747220253034582073767220256300DE
S214043B60206D6667202530325800207265706F72AB
S214043B7074206D696E2025303458206D61782025B8
S214043B80303458207270742D636867202530385896
S214043B900020726563656976652066726F6D202500
S214043BA030345820657020253032582074696D658D
S214043BB06F757420253034580072656D6F76650015
S214043BC0636C656172696E67206C617374207265DC
S214043BD0706F72742074696D65206F6620616C6CFA
S214043BE020617474726962757465730074657374A5
S214043BF0696E672074696D696E67206F66207661EA
S214043C0072696F7573207265706F7274696E67205F
S214043C106F7065726174696F6E73002D2D2D2D2D76
S214043C202D2D2D2D2D2D2D2D2D2D2D2D2D2D2D2DBB
S214043C302D2D2D2D2D2D2D2D2D2D2D2D2D2D2D2DAB
S214043C402D2D2D2D2D2D2D2D2D2D002D2D74616218
S214043C506C65207265616473202D2066756C6C201B
S214043C607461626C652D2D00726573756C74203DED
S214043C70202564206D73002D2D696E6974202F2015
S214043C807363686564756C65207469636B2D2D2D8C
S214043C90002D2D6C6F616420636F6E6669677572A4
S214043CA06174696F6E2064656661756C74732D2D1E
S214043CB0002F686F6D652F72756E6E65722F776F45
S214043CC0726B2F747579612D7A69676265652D73D9
S214043CD077697463682F747579612D7A696762658C
S214043CE0652D7377697463682F73696C6162735F9B
S214043CF0746F6F6C732F73696D706C696369747914
S214043D005F73646B2F70726F746F636F6C2F7A6956
S214043D10676265652F6170702F6672616D65776F77
S214043D20726B2F706C7567696E2F7265706F727424
S214043D30696E672F7265706F7274696E672E6300A2
S214043D40524541445F5250545F4346470072656192
S214043D50645F7265706F7274696E675F636F6E66B8
S214043D60696775726174696F6E005265706F7274FC
S214043D70696E673A206661696C656420746F2073A7
S214043D80656E6420257320726573706F6E73653A72
S214043D9020307825303258004552523A20726561F8
S214043DA064696E6720636C75737465722030782559
S214043DB03034582061747472696275746520307882
S214043DC0253034583A20307825303258004552523F
S214043DD03A207265706F7274696E67206F66204C45
S214043DE04F4E4720737472696E67206174747269EB
S214043DF0627574652074797065206E6F74207375AF
S214043E0070706F727465643A20636C75737465724F
S214043E102030782530345820617474726962757461
S214043E206520307825303458005265706F72746996
S214043E306E6720456E7472792046756C6C202D2052
S214043E406372656174696E67206E6577207265704B
S214043E506F7274004346475F52505400202D20640E
S214043E606972656374696F6E3A253032582C206126
S214043E707474723A253034580020202074797065A2
S214043E803A253032582C206D696E3A253034582C39
S214043E90206D61783A25303458002020206368610C
S214043EA06E67653A0020202074696D656F75743AF4
S214043EB02530345800636F6E6669677572655F7285
S214043EC065706F7274696E67002054434C4B20759E
S214043ED0706461746520616C726561647920696ED2
S214043EE02070726F6772657373004D616E75616CD6
S214043EF02054434C4B207570646174652066616978
S214043F006C65642E2573005374617274696E672041
S214043F107570646174652074727573742063656E5D
S214043F20746572206C696E6B206B65792070726F95
S214043F306365737300557064617465205443204C44
S214043F40696E6B204B657900204E6577206B65792A
S214043F502065737461626C69736865643A00204511
S214043F6072726F723A00506172746E65723A200013
S214043F705A434C20676C6F62616C20636C75737473
S214043F80657220636F6D6D616E647300646972653B
S214043F906374696F6E00646973632D636F6D2D6758
S214043FA0656E00646973632D636F6D2D72656300BF
S214043FB06578706563742D7265706F72742D6672A1
S214043FC06F6D2D6D6500757772697465006E777216
S214043FD0697465007265706F72742D726561640031
S214043FE073656E642D6D652D612D7265706F7274C8
S214043FF00043726561746573206120676C6F62614B
S2140440006C20646973636F76657220636F6D6D618F
S2140440106E6420666F7220746865206173736F63C4
S21404402069617465642076616C7565732E00636CD3
S214044030757374657249641F617474726962757409
S2140440406549641F6D61784E756D626572546F5272
S21404405065706F72741F00437265617465732061C6
S21404406020676C6F62616C2073656E64206D6520DA
S21404407061207265706F727420636F6D6D616E641B
S21404408020666F7220746865206173736F6369615C
S2140440907465642076616C7565732E00636C757345
S2140440A074657249641F61747472696275746549D3
S2140440B0641F64617461547970651F6D696E52651E
S2140440C0706F727454696D651F6D61785265706F98
S2140440D0727454696D651F7265706F727461626C78
S2140440E0654368616E67651F004372656174657336
S2140440F0206120676C6F62616C2072656164207257
S21404410065706F7274696E6720636F6D6D616E643F
S21404411020666F7220746865206173736F636961CB
S21404412074656420636C75737465722C2061747492
S21404413072696275746520616E6420736572766553
S214044140722F636C69656E74206469726563746942
S2140441506F6E2E00636C757374657249641F6174A8
S2140441607472696275746549641F64697265637400
S214044170696F6E1F00476C6F62616C207265706FAA
S2140441807274696E6720636F6D6D616E6400656E30
S21404419064706F696E741F636C75737465724964BA
S2140441A01F61747472696275746549641F6D617306
S2140441B06B1F0043726561746573206120676C6FC2
S2140441C062616C207265616420636F6D6D616E64FC
S2140441D0206D65737361676520746F207265616412
S2140441E02066726F6D2074686520636C75737465E1
S2140441F07220616E642061747472696275746520DD
S2140442007370656369666965642E00636C757374A0
S214044210657249641F617474726962757465496471
S2140442201F0043726561746573206120676C6F625A
S214044230616C20777269746520636F6D6D616E645E
S214044240206D65737361676520746F207772697477
S2140442506520746F2074686520636C75737465726A
S21404426020616E642061747472696275746520736B
S214044270706563696669656400636C7573746572FA
S21404428049641F61747472696275746549641F7445
S2140442907970651F646174611F004372656174659B
S2140442A02061206578706563742D7265706F727412
S2140442B02D66726F6D2D6D65206D65737361676510
S2140442C02077697468206173736F636961746564C9
S2140442D02076616C7565732E00636C7573746572F5
S2140442E049641F61747472696275746549641F74E5
S2140442F0696D656F75741F0043726561746520612E
S21404430020446973636F76657220436F6D6D616ECA
S21404431064732047656E65726174656420636F6DAF
S2140443206D616E642077697468206173736F636966
S214044330617465642076616C7565732E00636C75B4
S2140443407374657249641F7374617274436F6D6D20
S214044350616E6449641F6D6178436F6D6D616E6450
S21404436049641F0053657473207468652064697219
S214044370656374696F6E20666F7220676C6F626126
S2140443806C20636F6D6D616E64732C206569746850
S214044390657220636C69656E7420746F2073657231
S2140443A0766572206F722073657276657220746FFC
S2140443B020636C69656E742E0053657473206120E7
S2140443C0666C616720736F20746861742074686516
S2140443D0206170706C69636174696F6E20667261C7
S2140443E06D65776F726B2057494C4C204E4F5420A6
S2140443F0726573706F6E6420746F20746865206EC7
S214044400657874205A434C206D6573736167652024
S2140444107468617420636F6D657320696E206F76AF
S214044420657220746865206169722E005365747322
S214044430206120666C616720736F20746861742045
S214044440746865206170706C69636174696F6E204E
S2140444506672616D65776F726B2057494C4C20729B
S2140444606573706F6E6420746F20746865206E6563
S2140444707874205A434C206D6573736167652074A5
S21404448068617420636F6D657320696E206F76654E
S2140444907220746865206169722E005365747320F7
S2140444A07468652044697361626C6520446566615E
S2140444B0756C7420526573706F6E736520467261F6
S2140444C06D6520436F6E74726F6C2062697420741D
S2140444D06F2075736520666F7220746865206E653C
S2140444E0787420636F6D6D616E64206966207468ED
S2140444F06520636F6D6D616E64206973206E6F74E2
S21404450020616C7265616479206275696C742E0032
S21404451064697361626C6544656661756C74526542
S21404452073706F6E73651F005365747320746865CB
S21404453020666C616720746F2075736520746865E7
S21404454020696E6372656D656E746564207365714B
S21404455075656E6365206E756D6265722066726F32
S2140445606D20746865206672616D65776F726B2066
S214044570666F7220746865206E6578742072617741
S21404458020636F6D6D616E642E007573654E65787D
S2140445907453657175656E63651F00436C692063AB
S2140445A06F6D6D616E6420746F2063616C6C207334
S2140445B06C5F7A69676265655F61665F7365745F81
S2140445C074696D652066756E6374696F6E20646FBA
S2140445D063756D656E74656420696E2061662E6809
S2140445E00075746354696D651F0053657473207495
S2140445F068652074776F2062797465206D616E75C6
S2140446006661637475726572207370656369666942
S21404461063206964656E74696669657220746F20C8
S21404462075736520666F7220746865206E6578748D
S21404463020636F6D6D616E64206966207468652002
S214044640636F6D6D616E64206973206E6F74206194
S2140446506C7265616479206275696C742E006D668F
S21404466067537065636966696349641F00547275AD
S21404467073742043656E746572204A6F696E2048B1
S214044680616E646C65723A20737461747573203D50
S2140446902025732C206465636973696F6E203D2042
S2140446A02573202825303258292C2073686F72749D
S2140446B069642030782530345800554E7365637528
S2140446C0726564206A6F696E006465766963652046
S2140446D06C65667400554E73656375726564207206
S2140446E0656A6F696E0075736520707265636F6EB8
S2140446F066696775726564206B65790073656E64B8
S214044700206B657920696E2074686520636C65612A
S214044710720064656E79206A6F696E006E6F206140
S2140447206374696F6E00616C6C6F772072656A6F74
S214044730696E73206F6E6C79006E6F742000534C34
S2140447405F5354415455535F4E4554574F524B5F35
S21404475055502030782530345800547275737420C0
S21404476043656E746572204555492068617320253B
S214044770736368616E6765642E00534C5F535441DF
S2140447805455535F4E4554574F524B5F444F574E04
S21404479000534C5F5354415455535F4E4F545F4A35
S2140447A04F494E454400534C5F5354415455535F50
S2140447B05A49474245455F4E4554574F524B5F4F03
S2140447C050454E45443A2025642073656300534C97
S2140447D05F5354415455535F5A49474245455F4ECB
S2140447E04554574F524B5F434C4F53454400257333
S2140447F03A2025730064697374726962757465641B
S2140448000063656E7472616C697A656400466F72E3
S2140448106D002573696E67206F6E206368202564BB
S2140448202C2070616E496420307825303458004559
S21404483072726F723A2044657669636520646F65A8
S21404484073206E6F7420737570706F727420257386
S214044850206E6574776F726B20666F726D61746913
S2140448606F6E004A6F696E00496E76616C696420EB
S21404487053656375726974792050726F66696C65E6
S2140448803A2030782530325800704A6F696E2066B8
S2140448906F72202564207365633A203078253032A1
S2140448A058004C696D6974696E672064757261742A
S2140448B0696F6E206F66207065726D6974206A6F0A
S2140448C0696E2066726F6D20666F726576657220FB
S2140448D0283235352920746F203235340052583A40
S2140448E0205A444F2C20636F6D6D616E64203078BF
S2140448F0253034582C207374617475733A203078DC
S214044900253032580053696D706C650052583A2051
S214044910257320446573632052657370004D61747B
S2140449206368002C204D6174636865733A202564BF
S2140449300044657669636520416E6E6F756E6365C7
S2140449403A203078253034580052583A20494545A4
S21404495045204164647265737320526573706F6E8C
S21404496073650052583A2041637469766520455051
S21404497020526573706F6E73652C20436F756E746A
S2140449803A202564004E6F6465002C204D617463E4
S2140449906865733A20307825303458007374616340
S2140449A06B207665722E205B25642E25642E256486
S2140449B000202573206275696C642025645D005AA6
S2140449C0444F00534500484100436C757374657248
S2140449D000476C6F62616C0025737478203078250C
S2140449E03038582C200050726F66696C653A202562
S2140449F0732028307825303458292C20436C75735E
S214044A007465723A203078253034582C202564207A
S214044A1062797465732C00205A434C202573204316
S214044A206D642049443A202564005072652D526511
S214044A306C6561736500416C706861203100416C7F
S214044A40706861203200416C7068612033004265F2
S214044A5074612031004265746120320042657461DD
S214044A60203300474100526573657420696E666F93
S214044A703A2030782530325820282573290064657A
S214044A806C6574652062696E64696E673A202530C9
S214044A903258202530325800010203040506070860
S214044AA0090A0B0C000101010101010101010101C8
S214044AB001005752495445204552523A2000257366
S214044AC06570202530325820636C75732025303489
S214044AD05820617474722025303458206E6F742008
S214044AE0737570706F72746564002573696E766191
S214044AF06C69642064617461207479706500257340
S214044B0061747472206E6F74207772697461626C5B
S214044B10650057524954453A206E6F20777269747F
S214044B20652C206A75737420612074657374005252
S214044B304541443A206174747269627574652073E1
S214044B40697A6520746F6F206C6172676520666F82
S214044B50722063616C6C657200636C6E74007372B1
S214044B60767200525700524F00202052414D2020AA
S214044B700020746F6B656E200065787465726E2015
S214044B8000454E44504F494E542025303258006359
S214044B906C7573202F2073696465202F20617474EC
S214044BA072202F206D666720202F74797065286C1C
S214044BB0656E292F207277202F2073746F726167B9
S214044BC065202F206461746120287261772900258E
S214044BD0303458202F202573202F20253034582099
S214044BE02F2000202F2025303258202825303258F8
S214044BF029202F202573202F202573202F200055B1
S214044C006E737570706F72746564004F54412052F1
S214044C104541443A2065703A253032582063696429
S214044C203A253034582061747469643A253034580F
S214044C30206D736B3A25303258206D66636F646559
S214044C403A2530345800524541443A20636C757313
S214044C5020253034582C2061747472202530345842
S214044C60206661696C6564202530325800524541DF
S214044C70443A20636C757320253034582C206174B4
S214044C80747220253034582C20646174614C656E2F
S214044C903A20253032582C204F4B002825632925EE
S214044CA0303258253032582530325825303258257F
S214044CB03032582530325825303258253032580094
S214044CC064697361626C65002573642C2064726F7A
S214044CD07070696E672065702030782530325820F1
S214044CE0636C75732030782530345820636D6420E7
S214044CF03078253032580047656E65726174656495
S214044D0000526563656976656400446973636F760B
S214044D10657220436F6D6D616E6473207265737087
S214044D206F6E73652028636F6D706C6574653A20CA
S214044D302563292C202573204944733A20003078B3
S214044D402530325820005F45585400524541445F90
S214044D50415454520057524954453A20636C757373
S214044D60202530345820617474722025303458203D
S214044D70004641494C202530325800575249544584
S214044D803A20746F6F2073686F72740044495343FB
S214044D905F4154545200257325733A20636C75732F
S214044DA020253034580053766320446973633A20D0
S214044DB000257357616974696E67202564207365DE
S214044DC06320666F7220646973636F7665727920F8
S214044DD0746F20636F6D706C6574650053746174D2
S214044DE06520636F72726573706F6E64696E672098
S214044DF0746F2074686520746865207265717565C3
S214044E007374206E6F7420666F756E640A00257363
S214044E10636F6D706C6574652E0A00257353657236
S214044E207669636520446973636F76657279205387
S214044E3074617465206C696D69747320726561634E
S214044E406865640A002573496C6C6567616C20624A
S214044E50726F6164636173742061646472657373F2
S214044E602C2072656D617070696E6720746F207691
S214044E70616C6964206F6E652E0025734661696CEB
S214044E80656420746F2073656E64206D6174636856
S214044E9020646973636F766572793A2030782530BA
S214044EA032580025735374617274696E672064699E
S214044EB073636F7665727920666F7220636C7573A0
S214044EC0746572203078253034580025734661693D
S214044ED06C656420746F2073656E642073696D70EE
S214044EE06C652064657363726970746F7220726592
S214044EF071756573743A20307825303258002573FE
S214044F004661696C656420746F2073656E6420491D
S214044F1045454520616464726573732072657175D6
S214044F206573743A2030782530325800257346610C
S214044F30696C656420746F2073656E64204E574BED
S214044F402061646472657373207265717565737429
S214044F503A20307825303258004572726F723A2003
S214044F602573206261642073696D706C65206465C6
S214044F707363726970746F72206C656E6774682EE2
S214044F800025734D65737361676520746F6F2073B6
S214044F90686F72740025734D65737361676520745A
S214044FA06F6F2073686F727420666F72206E756DF3
S214044FB02E20656E64706F696E74730025734D6180
S214044FC0746368257320666F756E642066726F6DF1
S214044FD0203078253034582E004572726F723A208D
S214044FE0257320696E76616C6964206C656E6774DF
S214044FF0682028256420213D2025642920666F72B8
S2140450002041637469766520456E64706F696E74BA
S21404501020726573706F6E7365002573676F7420F6
S21404502061637469766520455020726573706F6E8F
S2140450307365005554432074696D653A2025642FC2
S21404504025642F25642025643A25643A256420289F
S21404505025303858290028556E6B6E6F776E20639E
S2140450606C75732E205B3078253034585D29000D1E
S2140450700A54253038583A005258206C656E20255C
S214045080642C20657020253032582C20636C757390
S214045090203078253034582000206D666749642017
S2140450A02530345800204643202530325820736576
S2140450B071202530325820636D6420253032582004
S2140450C07061796C6F61645B004261736963004F61
S2140450D0766572207468652041697220426F6F7429
S2140450E06C6F6164696E67002573525820706B7428
S2140450F020746F6F2073686F72743A202564203CA6
S214045100202564002573525820706B74206D616CE2
S214045110666F726D65643A202564203C2025640021
S21404512020204861766520526F7574657220537529
S21404513070706F7274002020456E64204465766932
S2140451406365204F6E6C79002020456E61626C6545
S2140451506400202044697361626C65640045727261
S2140451606F722072657472696576696E6720696EFF
S214045170666F20666F72206C69627261727920496C
S21404518044202564002573206C6962726172792557
S214045190732070726573656E74005A69676265651C
S2140451A02050726F0042696E64696E6700536563CF
S2140451B0757269747920436F7265005365637572FE
S2140451C0697479204C696E6B204B65797300434291
S2140451D04B45203136334B310043424B4520445334
S2140451E041205369676E004543430043424B4520C4
S2140451F044534120566572696679005061636B6555
S214045200742056616C6964617465005A4C4C0043A2
S214045210424B45203238334B310045434320323825
S214045220334B310043424B4520636F7265004E4357
S21404523050004D756C7469206E6574776F726B00E0
S214045240456E68616E63656420426561636F6E20B7
S2140452505265710043424B45203238334B3120446B
S214045260534120566572696679004D756C74692DD4
S21404527050414E002F686F6D652F72756E6E6572A5
S2140452802F776F726B2F747579612D7A69676265F3
S214045290652D7377697463682F747579612D7A69DF
S2140452A0676265652D7377697463682F73696C61CB
S2140452B062735F746F6F6C732F73696D706C696360
S2140452C06974795F73646B2F70726F746F636F6C3D
S2140452D02F7A69676265652F737461636B2F636FDA
S2140452E06E6669672F736C5F7A69676265655F636C
S2140452F06F6E66696775726174696F6E2E63002FD0
S214045300686F6D652F72756E6E65722F776F726B30
S2140453102F747579612D7A69676265652D7377696F
S2140453207463682F747579612D7A69676265652D73
S2140453307377697463682F73696C6162735F746FE3
S2140453406F6C732F73696D706C69636974795F73BE
S214045350646B2F70726F746F636F6C2F7A696762F9
S21404536065652F737461636B2F6672616D65776F05
S214045370726B2F6165732D6563622E63002F686FF1
S2140453806D652F72756E6E65722F776F726B2F74E4
S2140453907579612D7A69676265652D7377697463BB
S2140453A0682F747579612D7A69676265652D7377E0
S2140453B0697463682F73696C6162735F746F6F6C72
S2140453C0732F73696D706C69636974795F73646B4A
S2140453D02F70726F746F636F6C2F7A69676265657E
S2140453E02F737461636B2F73656375726974792F99
S2140453F07A69676265652D73656375726974792D5C
S2140454006D616E616765722D6E6F2D7661756C7455
S2140454102E63004572726F723A20204661696C658D
S2140454206420746F20726561642066726F6D204517
S2140454304550524F4D2061742030782534582C2026
S2140454407374617475733A20256400454550524F51
S2140454504D20496E697469616C697A65643A2025E1
S2140454606300454550524F4D20427573793A2025C6
S21404547063005061727469616C20576F72642053C4
S214045480746F7261676520436F756E743A20256485
S21404549000416464726573733A2030782534582C5E
S2140454A0205061727469616C20576F72643A2030C0
S2140454B078255800636F6E6669726D656400617363
S2140454C073756D6564000A454550524F4D20496E0C
S2140454D0666F004E6F7420617661696C61626C65FC
S2140454E020286F6C64657220626F6F746C6F6164E1
S2140454F06572290050617274204465736372697022
S21404550074696F6E3A202020202020202020202539
S21404551073004361706162696C69746965733A20EB
S2140455202020202020202020202020202030782505
S214045530325800506167652045726173652074694E
S2140455406D65202873293A20202020202025640019
S214045550506172742045726173652074696D6520AC
S2140455602873293A202020202020256400506172C8
S214045570742045726173652074696D6520286D73A7
S214045580293A2020202020202564005061676520C9
S21404559073697A6520286279746573293A20202015
S2140455A0202020202020256C00506172742073690E
S2140455B07A6520286279746573293A202020202091
S2140455C020202020256C00576F72642073697A654A
S2140455D020286279746573293A2020202020202010
S2140455E020202564202825702900454550524F4D1B
S2140455F020696E69743A2030782558002F686F6DDC
S214045600652F72756E6E65722F776F726B2F747559
S21404561079612D7A69676265652D73776974636845
S2140456202F747579612D7A69676265652D7377695C
S2140456307463682F73696C6162735F746F6F6C73E5
S2140456402F73696D706C69636974795F73646B2F0B
S2140456507574696C2F706C7567696E2F706C7567DE
S214045660696E2D636F6D6D6F6E2F656570726F6DED
S2140456702F656570726F6D2E6300556E61626C6582
S21404568020746F20626F6F7420696D616765206196
S2140456907420736C6F7420256C640A00536C6F74EA
S2140456A0204D616E61676572206661696C65642071
S2140456B0746F20657261736520736C6F740A004D95
S2140456C061782072656164206C696D697420736505
S2140456D07420746F2025642062797465730A00410F
S2140456E064647265737320202020202020202020EC
S2140456F0446174610A00307825346C7820202020B8
S214045700202020307825780A004661696C6564207C
S214045710746F20726561642066726F6D20666C61BA
S21404572073680A00536C6F7420256C640A20204149
S21404573064647265737320202020203A2030782514
S214045740346C580A20204C656E677468202020202C
S21404575020203A20307825346C582028256C642084
S2140457606279746573290A002020547970652020B4
S2140457702020202020203A20004E6F2047424C2034
S21404578070726573656E740A005A69674265650AC5
S214045790005468726561640A00436F6E6E656374D4
S2140457A00A00426C7565746F6F74680A00426C7503
S2140457B065746F6F7468206170706C696361746976
S2140457C06F6E0A004D43550A004F746865722028B0
S2140457D03078256C58290A00202056657273696F44
S2140457E06E20202020203A203078256C580A00208D
S2140457F0204361706162696C69746965733A20302C
S2140458007825346C580A00202050726F64756374CF
S21404581020494420203A2000307825582000536C34
S2140458206F74204D616E616765723A206661696CBB
S214045830656420746F20696E697469616C697A6541
S21404584020626F6F746C6F61646572202865727273
S2140458506F72203078253478290A00566572736989
S2140458606F6E20202020203A2025640A00506172A2
S2140458707420202020202020203A2025730A00436C
S21404588061706162696C69746965733A2030782561
S214045890780A00506172742073697A652020203A71
S2140458A020256420420A00506167652073697A6582
S2140458B02020203A20256420420A00576F72642074
S2140458C073697A652020203A20256420420A005312
S2140458D06C6F7473202020202020203A2025640A30
S2140458E0004661696C656420746F2072656164208B
S2140458F066726F6D2073746F7261676520666C6183
S214045900736820286572726F72202564290A00491C
S2140459106E76616C696420736C6F7420256420282D
S2140459206D617820736C6F74202564290A004661C3
S214045930696C656420746F2067657420696E666F91
S21404594020666F7220736C6F742025640A00536C93
S2140459506F74204D616E616765723A20736C6F7464
S214045960207772697465206661696C7572652E208D
S21404597041646472657373206F6666736574202869
S214045980256429202B207772697465206C656E6700
S21404599074682028256429206772656174657220FE
S2140459A07468616E20746F74616C20736C6F7420FD
S2140459B06C656E67746820282564290A00536C6F2A
S2140459C074204D616E61676572207761726E696ED0
S2140459D0673A20736C6F74202564206C656E677458
S2140459E0682028256429206E6F7420616C69676EB0
S2140459F0656420746F20706167652073697A65201A
S214045A00282564292E2054686520656E746972659D
S214045A1020736C6F742077696C6C206E6F742062D0
S214045A2065206572617365642E0A00536C6F74207A
S214045A304D616E616765723A206661696C656420C3
S214045A40746F2065726173652025642062797465BD
S214045A507320696E20736C6F742025642061742033
S214045A606164647265737320307825347820286501
S214045A7072726F722030782578290A004572617335
S214045A80656420256420627974657320696E2073CA
S214045A906C6F742025640A004661696C6564207422
S214045AA06F2073657420736C6F7420746F20626F3C
S214045AB06F7420286572726F7220307825347829C6
S214045AC00A004661696C656420746F2073657420EF
S214045AD06C697374206F6620736C6F747320746FB4
S214045AE020626F6F7420286572726F72203078257A
S214045AF03478290A004661696C656420746F2067EF
S214045B006574206E6577206C697374206F662073E5
S214045B106C6F747320746F20626F6F7420286572C4
S214045B20726F72203078253478290A0042656769D6
S214045B306E6E696E6720696D616765207665726949
S214045B406669636174696F6E2E2E2E002E66616917
S214045B506C65642120284572726F72203078253473
S214045B6078290A002E7061737365642120426F6F72
S214045B7074696E6720736C6F742025640A00666E01
S214045B80692B00666E69006E616E00666E692D0094
S214045B906C696273006273656E6400726573657423
S214045BA0007261770073656E645F6D756C7469630B
S214045BB06173740073656E642D7573696E672D6DFD
S214045BC0756C7469636173742D62696E64696E675B
S214045BD00074696D6573796E63006765742D7074FF
S214045BE0692D726164696F2D636F6E666967006301
S214045BF06F6E6669672D6363612D6D6F64650065FE
S214045C0076656E7473007365637572697479007A69
S214045C1069676265655F7072696E7400706C75673B
S214045C20696E006E6574006B657973006F707469D5
S214045C306F6E00706C7567006368616E67656B6590
S214045C4079006368616E67656B007A646F007072D2
S214045C50696E742072656C6174656420636F6D6D23
S214045C60616E64732E0061747472005A646F2072DD
S214045C70656C6174656420636F6D6D616E64732E0C
S214045C8000726F75746500706F776572006D676D6E
S214045C90742D6C7169006D676D742D62696E640095
S214045CA06E6F64650073696D706C65006965656523
S214045CB0006E776B00756E62696E64006E776B2D8E
S214045CC0757064006F75742D636C2D6C6973740045
S214045CD0696E2D636C2D6C697374005A646F206949
S214045CE06E2D636C2D6C6973742072656C617465BB
S214045CF06420636F6D6D616E64732E005A646F204A
S214045D006F75742D636C2D6C6973742072656C6189
S214045D1074656420636F6D6D616E64732E005A64DF
S214045D206F206E776B2D7570642072656C61746578
S214045D306420636F6D6D616E64732E007363616EB1
S214045D402D6368616E2D6D61736B007363616E0005
S214045D506368616E5067006368616E005A646F2002
S214045D60756E62696E642072656C61746564206326
S214045D706F6D6D616E64732E00756E696361737406
S214045D80006368616E67656B65792072656C617423
S214045D90656420636F6D6D616E64732E006C696E4E
S214045DA06B004F7074696F6E2072656C6174656405
S214045DB020636F6D6D616E64732E00726567697320
S214045DC0746572006469736300696E7374616C6CE5
S214045DD02D636F64650062696E64696E672D746115
S214045DE0626C65007072696E742D72782D6D7367BF
S214045DF07300617073726574727900415053207237
S214045E006574727920666C616720666F72636520BC
S214045E10636F6D6D616E647300456E61626C65736D
S214045E202F44697361626C6573207072696E74695D
S214045E306E67206F66205278206D657373616765A0
S214045E40732E00656E61626C650042696E64696EED
S214045E5067207461626C652072656C617465642089
S214045E60636F6D6D616E64732E005365637572693E
S214045E707479206B6579732072656C61746564202F
S214045E80636F6D6D616E64732E0064656C65746516
S214045E90004E6574776F726B2072656C617465640E
S214045EA020636F6D6D616E64732E00666F726D0095
S214045EB072656A6F696E2D646966662D64657669B7
S214045EC063652D747970650065787470616E6964B5
S214045ED00069736F70656E0062726F61642D706A1C
S214045EE06F696E006368616E67652D6368616E6EC8
S214045EF0656C00696E6974006368616E67652D6B16
S214045F006565702D616C6976652D6D6F64650074CA
S214045F10696D656F75742D6F7074696F6E2D6D6124
S214045F20736B006D756C74692D7068792D7374616C
S214045F307274006D756C74692D7068792D73746F46
S214045F40700066696E64006E6574776F726B2066A7
S214045F50696E6420636F6D6D616E64732E006A6F84
S214045F60696E61626C6500756E7573656400736C4A
S214045F706F742D6D616E6167657200636F756E7404
S214045F806572730066696E642D616E642D62696E57
S214045F906400667261676D656E746174696F6E0025
S214045FA067726F7570732D736572766572006E65B1
S214045FB074776F726B2D7374656572696E67006FA4
S214045FC074612D626F6F746C6F6164006F74612D01
S214045FD0636C69656E74006F74612D73746F72619F
S214045FE067652D636F6D6D6F6E006F74612D7374CE
S214045FF06F726167652D656570726F6D0069646C9C
S214046000652D736C656570007570646174652D74B8
S214046010632D6C696E6B2D6B6579007570646174A5
S214046020652D74632D6C696E6B2D6B6579207265B6
S2140460306C6174656420636F6D6D616E6473007467
S214046040696D6572006E6F7700436F6D6D616E6487
S2140460507320746F20636F6E74726F6C2069646C47
S214046060696E672F736C656570696E67206F66204E
S2140460707468652064657669636500666F72636537
S2140460802D6177616B65006177616B652D77686557
S2140460906E2D6E6F742D6A6F696E6564007265701E
S2140460A06F7274696E672072656C617465642063D0
S2140460B06F6D6D616E64732E00636C6561722D6C1A
S2140460C06173742D7265706F72742D74696D6500DA
S2140460D0746573742D74696D696E67006F74612DD1
S2140460E073746F726167652D656570726F6D20726B
S2140460F0656C6174656420636F6D6D616E64732E88
S2140461000077697065006F74612D73746F726167D0
S214046110652D636F6D6D6F6E2072656C617465645A
S21404612020636F6D6D616E6473007072696E74497E
S2140461306D616765730072656C6F61640073746F7C
S214046140726167652D696E666F00646174612D7097
S21404615072696E74006F74612D636C69656E742069
S21404616072656C6174656420636F6D6D616E6473D3
S2140461702E0076657269667900626C6F636B2D74A7
S21404618065737400706167652D72657175657374E7
S21404619000757067726164652D72657175657374D8
S2140461A00064697361626C652D646F776E677261F3
S2140461B064657300656E61626C652D646F776E67E7
S2140461C07261646573006F74612D626F6F746C6FB7
S2140461D061642072656C6174656420636F6D6D61C3
S2140461E06E6473006E6574776F726B2D7374656579
S2140461F072696E672072656C6174656420636F6D86
S2140462006D616E64732E007072652D636F6E6669C1
S21404621067757265642D6B65792D736574006D61A1
S214046220736B2072656C6174656420636F6D6D6159
S2140462306E642E0073756274726163740067726FA5
S2140462407570732D7365727665722072656C6174F1
S214046250656420636F6D6D616E64732E0066726193
S214046260676D656E746174696F6E2072656C6174B7
S214046270656420636F6D6D616E64732E0073657460
S2140462802D72782D77696E646F772D73697A650041
S2140462906172746966696369616C2D626C6F636BA5
S2140462A02D64726F700046696E6420616E642062AD
S2140462B0696E642072656C6174656420636F6D6DCD
S2140462C0616E64732E00696E69746961746F72001E
S2140462D0656E61626C655F74797065007374616382
S2140462E06B00617070007A636C006C65676163793B
S2140462F05F61665F646562756700636F756E74657B
S21404630072732072656C6174656420636F6D6D6171
S2140463106E64732E007072696E742D636F756E747E
S21404632065722D747970650073696D706C652D7077
S21404633072696E74007072696E742D746872657317
S214046340686F6C6473007365742D74687265736823
S2140463506F6C640072657365742D74687265736817
S2140463606F6C64730073656E642D72657175657306
S214046370740073656375726974792072656C6174F0
S214046380656420636F6D6D616E6473007365742D50
S214046390616C6C6F772D74727573742D63656E748F
S2140463A065722D72656A6F696E2D7573696E672DD9
S2140463B077656C6C2D6B6E6F776E2D6B65790073DD
S2140463C065742D616C6C6F772D74727573742D63A0
S2140463D0656E7465722D72656A6F696E2D75736964
S2140463E06E672D77656C6C2D6B6E6F776E2D6B6597
S2140463F0792D74696D656F7574007365742D6B659E
S214046400792D726571756573742D706F6C69637917
S214046410006D66672D746F6B656E00617073005354
S21404642065637572697479206170732072656C6136
S21404643074656420636F6D6D616E64732E004765CA
S214046440742F736574204D464720746F6B656E2EEB
S21404645000656E64706F696E742072656C61746535
S2140464606420636F6D6D616E64732E006565707273
S2140464706F6D207574696C6974792072656C6174CB
S214046480656420636F6D6D616E647300536C6F7426
S214046490204D616E616765722072656C6174656417
S2140464A020636F6D6D616E647300626F6F742D731D
S2140464B06C6F740065726173652D736C6F74006520
S2140464C078742D666C6173682D696E666F00736CE4
S2140464D06F74732D696E666F005072696E747320E4
S2140464E074696D652E005072696E747320617474DD
S2140464F07269627574652E00436C656172732074EC
S2140465006865205A444F206C697374206F66206354
S2140465106C69656E742028696E2920636C757374C3
S2140465206572732E004164647320636C75737465BE
S214046530727320746F20746865206B6E6F776E209C
S214046540636C69656E742028696E2920636C7573A4
S21404655074657273206F6E20746869732064657640
S2140465606963652E00436C656172732074686520E8
S2140465705A444F206C697374206F6620636C696597
S2140465806E7420286F75742920636C757374657235
S214046590732E004164647320636C75737465727340
S2140465A020746F20746865206B6E6F776E20636C42
S2140465B069656E7420286F75742920636C7573740E
S2140465C0657273206F6E20746869732064657669DB
S2140465D063652E0053656E647320616E2075706467
S2140465E0617465206368616E6E656C207265717592
S2140465F06573742E006368616E6E656C1F00536568
S2140466006E647320616E20757064617465206368BF
S214046610616E6E656C2070616765207265712E20F0
S21404662054686520737461636B2073656E647320AD
S2140466306E776B20656E68616E6365642075706442
S2140466406174652072657120666F72206E6F6E2DA0
S2140466507A65726F20706167652E006368616E6E7E
S214046660656C1F706167651F00506572666F726D9A
S2140466707320616E20656E65726779207363616E40
S2140466802E007461726765744E6F646549641F7387
S21404669063616E4475726174696F6E1F7363616EB5
S2140466A0436F756E741F0042726F61646361737426
S2140466B07320746865204944206F662074686520DA
S2140466C06E6577206E6574776F726B206D616E6190
S2140466D067657220616E6420616374697665206301
S2140466E068616E6E656C732E006E776B4D676549D8
S2140466F0641F6368616E6E656C4D61736B1F00503A
S2140467006572666F726D7320616E20656E65726762
S21404671079207363616E206F6E20676976656E20DC
S2140467206368616E6E656C206D61736B2E007461B8
S214046730726765744E6F646549641F7363616E4463
S21404674075726174696F6E1F7363616E436F756EE5
S214046750741F6368616E6E656C4D61736B1F0053C6
S214046760656E64732061206E6574776F726B20614A
S21404677064647265737320726571756573742066DC
S2140467806F722074686520676976656E2049454592
S2140467904520616464726573732E00696565651FC0
S2140467A000526571756573747320616E20494545A2
S2140467B04520616464726573732062617365642046
S2140467C06F6E206120676976656E206E6F64652043
S2140467D049442E006E6F646549641F0053656E64F9
S2140467E07320612073696D706C65206465736372D1
S2140467F06970746F72207265717565737420666F44
S21404680072207468652073686F72742061646472A1
S21404681065737320616E6420656E64706F696E7450
S214046820207370656369666965642E0064657374B5
S2140468301F746172676574456E64706F696E741F49
S2140468400053656E64732061206D617463684465EB
S2140468507363726970746F7273526571756573745D
S21404686020746F2074686520676976656E20646599
S2140468707374696E6174696F6E20776974682074C6
S214046880686520676976656E2070726F66696C65E8
S2140468902E006E6F646549641F70726F66696C655E
S2140468A01F0053656E64732061206E6F64652064F8
S2140468B0657363726970746F72207265717565733F
S2140468C07420746F206120676976656E2074617227
S2140468D0676574206465766963652E007461726703
S2140468E065741F0053656E64732061205A444F20FC
S2140468F042696E6420636F6D6D616E6420746F20F0
S214046900612064657669636520737065636966698A
S214046910656420696E2074686520636F6D6D616EB2
S2140469206420617267756D656E74732E00446573BA
S21404693074696E6174696F6E1F536F757263652038
S214046940656E64706F696E741F44657374696E61F6
S21404695074696F6E20656E64706F696E741F636C05
S214046960757374657249441F72656D6F7465455519
S2140469704936341F6465737445554936341F0053CD
S214046980656E647320616E20616374697665206544
S2140469906E64706F696E74207265717565737420A9
S2140469A0746F20746865206465766963652077690A
S2140469B074682074686520676976656E2073686FEE
S2140469C072742049442E0053656E647320616E20F1
S2140469D0756E62696E64207265717565737420667F
S2140469E06F72206120756E69636173742062696ECC
S2140469F064696E6720746F207468652074617267BA
S214046A006574206465766963652E007461726765D3
S214046A10741F736F757263652065756936341F73EA
S214046A206F7572636520656E64706F696E741F633C
S214046A306C757374657249441F64657374696E611A
S214046A4074696F6E45554936341F64657374696E90
S214046A506174696F6E20656E64706F696E741F0072
S214046A6053656E647320616E20756E62696E642071
S214046A707265717565737420666F722061206D751A
S214046A806C7469636173742062696E64696E6720EE
S214046A90746F207468652074617267657420646519
S214046AA0766963652E007461726765741F736F750B
S214046AB07263652065756936341F736F7572636516
S214046AC020656E64706F696E741F636C757374658D
S214046AD07249441F67726F7570416464726573739C
S214046AE01F0053656E64732061205A444F204D6125
S214046AF06E6167656D656E74204C656176652063AE
S214046B006F6D6D616E6420746F20746865207461A7
S214046B1072676574206465766963652E00746172B5
S214046B206765741F72656D6F76654368696C647219
S214046B30656E1F72656A6F696E1F0053656E6473B7
S214046B402061205A444F204D474D542D42696E64AF
S214046B50202842696E64696E67205461626C6529F8
S214046B60205265717565737420746F20746865208F
S214046B70746172676574206465766963652E007453
S214046B8061726765741F7374617274496E646578A4
S214046B901F0053656E64732061205A444F204D478E
S214046BA04D542D4C514920284C5149205461626C57
S214046BB06529205265717565737420746F20746836
S214046BC06520746172676574206465766963652EF2
S214046BD00053656E64732061205A444F20506F77CB
S214046BE065722044657363726970746F72205265AF
S214046BF0717565737420746F20746865207461728F
S214046C00676574206465766963652E0053656E64F3
S214046C10732061205A444F20726F75746520726524
S214046C20717565737420636F6D6D616E6420746F27
S214046C3020746865207461726765742E00746172CE
S214046C406765741F696E6465781F00696E6465788D
S214046C501F65756936341F696E7374616C6C436F97
S214046C6064651F00696E6465781F65756936341F30
S214046C706B65791F005443206C696E6B206B6579D5
S214046C80207265717565737420706F6C6963791F03
S214046C90417070206C696E6B206B6579207265712B
S214046CA07565737420706F6C6963791F00426F6F2B
S214046CB06C3A20616C6C6F77207472757374206301
S214046CC0656E7465722072656A6F696E2075736985
S214046CD06E672077656C6C2D6B6E6F776E206B65B8
S214046CE0791F0070726F66696C6549641F636C7502
S214046CF07374657249641F007461726765744964CD
S214046D001F00456E61626C6573207072696E7469EB
S214046D106E67206F66205278206D657373616765B1
S214046D20732E0053657473207468652062696E64FC
S214046D30696E67207461626C6500696E6465781FAD
S214046D40636C75737465721F6C6F63616C45701F3A
S214046D5072656D6F746545701F65756936341F00FE
S214046D60436C65617273207468652062696E646939
S214046D706E67207461626C652E005072696E74735F
S214046D80207468652062696E64696E672074616247
S214046D906C6520746F2074686520636F6D6D616E1A
S214046DA064206C696E652E00436C656172732061A5
S214046DB06C6C207365637572697479206B6579737E
S214046DC02E0044656C657465207468652073706570
S214046DD0636966696564206C696E6B206B657920EF
S214046DE0696E6465782E005072696E747320616CE7
S214046DF06C207365637572697479206B6579732E7C
S214046E00005465726D696E617465732074686520DC
S214046E106D756C74692D50485920696E7465726678
S214046E20616365005573656420746F2073746172C2
S214046E3074206D756C74692D50485920696E74659C
S214046E407266616365206F74686572207468616E2B
S214046E50206E617469766520616E6420666F726D5B
S214046E6020746865206E6574776F726B2E20546884
S214046E706520737461636B20757365732073616D2D
S214046E80652050616E4964206173206E6174697672
S214046E906520726164696F206E6574776F726B2EFD
S214046EA000706167651F6368616E6E656C1F706F46
S214046EB07765721F6F7074696F6E734D61736B20A4
S214046EC0284269742030203D20526F7574657273B1
S214046ED020616C6C6F7765642C20426974203120C5
S214046EE03D2042726F61646361737420616C6C6FE1
S214046EF0776564291F00417474656D70747320741B
S214046F006F206368616E67652074686520636869CE
S214046F106C642074696D656F7574206F7074696F26
S214046F206E206D61736B20746F2066696C74657275
S214046F30206F757420756E646573697261626C6522
S214046F402076616C7565732028652E672E206E6F1B
S214046F50206D6F7265207468616E203320646179D9
S214046F6073292E0074696D656F7574206F7074696B
S214046F706F6E206D61736B1F005377697463686569
S214046F8073206265747765656E20646966666572EB
S214046F90656E74206B65657020616C697665206D1E
S214046FA06F64657320737570706F727465642062A5
S214046FB079206120726F757465722E004B6565705A
S214046FC020616C697665206D6F64651F0050726978
S214046FD06E7473207468652063757272656E7420AF
S214046FE04E6F64652049442C2045554936342C2080
S214046FF0616E642050616E2049442E00496E6974A7
S21404700069616C697A65732061206E6574776F7246
S2140470106B3B207468697320697320612074657300
S2140470207420636F6D6D616E64207573656420668D
S2140470306F722074632D737761702D6F757420746E
S214047040657374696E672E0053657473207468657F
S214047050206E6574776F726B20696E646578207530
S21404706073656420627920616C6C20667574757231
S2140470706520434C4920636F6D6D616E64732E20EA
S214047080204265666F726520657865637574696EFF
S21404709067206120434C4920636F6D6D616E642CDC
S2140470A020746865206672616D65776F726B2073F5
S2140470B07769746368657320746F207468697320D5
S2140470C06E6574776F726B2E20204166746572202D
S2140470D074686520636F6D6D616E642066696E69A1
S2140470E07368657320657865637574696E672C20AC
S2140470F0746865206672616D65776F726B2073774E
S214047100697463686573206261636B20746F2074AE
S21404711068652070726576696F7573206E6574771E
S2140471206F726B2E202054686520434C492075737B
S2140471306573207468652073616D65206E65747769
S2140471406F726B20696E64657820756E74696C2046
S2140471507468652064657669636520726573657412
S21404716073206F72206974206973206368616E6788
S2140471706564207468726F75676820746869732024
S214047180636F6D6D616E642E00417474656D70740A
S2140471907320746F206368616E6765206465766922
S2140471A06365206F76657220746F2061206469665B
S2140471B0666572656E74206368616E6E656C2067C2
S2140471C06976656E20696E20746865206368616EF2
S2140471D06E656C20617267756D656E742E005468FA
S2140471E065206368616E6E656C20746F20636861E9
S2140471F06E676520746F1F0066696E64556E7573DE
S214047200656450616E49640066696E644A6F696EAF
S21404721061626C654E6574776F726B005065726D53
S214047220697473206A6F696E696E67206F6E207466
S2140472306865206E6574776F726B20666F72206166
S21404724020676976656E206E756D626572206F665E
S214047250207365636F6E647320414E442062726FC0
S214047260616463617374732061205A444F204D67D0
S2140472706D74205065726D6974204A6F696E696E0C
S21404728067207265717565737420746F20616C6C09
S21404729020726F75746572732E00412073696E6771
S2140472A06C65206279746520696E646963617469CB
S2140472B06E6720686F77206C6F6E67207468652031
S2140472C06465766963652073686F756C64206861AD
S2140472D07665207065726D6974206A6F696E696E72
S2140472E067207475726E6564206F6E20666F722EEA
S2140472F020412076616C7565206F6620307866665E
S214047300207475726E73206F6E207065726D69746A
S214047310206A6F696E20696E646566696E69746555
S2140473206C792E1F00436865636B73206E657477F3
S2140473306F726B20706A6F696E20737461747573F4
S2140473402E005772697465732074686520657874B6
S214047350656E6465642070616E20494420666F72B1
S21404736020746865206465766963652E00657874A4
S21404737070616E69641F0052656A6F696E7320617E
S2140473806E206578697374696E67206E6574776FAE
S214047390726B20696E206120736563757265206F59
S2140473A07220696E736563757265206D616E6E65B5
S2140473B07220776974682061206469666665726500
S2140473C06E742064657669636520747970652E0032
S2140473D0426F6F6C65616E206E6574776F726B209A
S2140473E06B657920617661696C6162696C69747930
S2140473F01F4368616E6E656C206D61736B1F416E12
S21404740020656E756D65726174696F6E20696E6451
S21404741069636174696E672074686520646576695B
S2140474206365207479706520746F2072656A6F696D
S2140474306E2061732E54686520737461636B206FCD
S2140474406E6C79206163636570747320534C5F5A65
S21404745049474245455F454E445F44455649434582
S21404746020616E6420534C5F5A49474245455F533A
S2140474704C454550595F454E445F4445564943453F
S2140474802E1F0052654A6F696E732061206E657404
S214047490776F726B2E00426F6F6C65616E206E653F
S2140474A074776F726B206B657920617661696C61A5
S2140474B062696C6974791F4368616E6E656C206DD1
S2140474C061736B1F004C65617665732061206E6581
S2140474D074776F726B2E005475726E7320706572BB
S2140474E06D6974206A6F696E696E67206F6E2066B8
S2140474F06F722074686520616D6F756E74206F6698
S2140475002074696D6520696E646963617465642EB0
S21404751000412073696E676C652062797465206922
S2140475206E6469636174696E6720686F77206C6F38
S2140475306E67207468652064657669636520736881
S2140475406F756C642068617665207065726D697409
S214047550206A6F696E696E67207475726E206F6E2E
S21404756020666F722E20412076616C7565206F66EA
S2140475702030786666207475726E73207065726D3E
S2140475806974206A6F696E20696E646566696E69DF
S21404759074656C792E1F004A6F696E732061206EC5
S2140475A06574776F726B206F6E20612067697665ED
S2140475B06E206368616E6E656C2C20776974682033
S2140475C06120676976656E20545820506F7765721F
S2140475D020616E642050414E2049442E0054686554
S2140475E0206368616E6E656C206F6E2077686963D1
S2140475F06820746F206A6F696E20746865206E65F3
S21404760074776F726B1F4F6E652D62797465207385
S21404761069676E65642076616C756520696E646959
S214047620636174696E672074686520545820506FCF
S214047630776572207468617420746865207261646A
S214047640696F2073686F756C642062652073657457
S21404765020746F1F5468652050414E204944206FA3
S2140476606E20776869636820746F206A6F696E207D
S214047670746865206E6574776F726B1F00466F7250
S2140476806D732061206E6574776F726B206F6E2049
S2140476906120676976656E206368616E6E656C2C22
S2140476A02077697468206120676976656E2054586F
S2140476B020506F77657220616E642050414E2049D9
S2140476C0442E00546865206368616E6E656C206F96
S2140476D06E20776869636820746F20666F726D2009
S2140476E0746865206E6574776F726B1F4F6E652DB8
S2140476F062797465207369676E65642076616C755B
S2140477006520696E6469636174696E672074686570
S21404771020545820506F7765722074686174207402
S214047720686520726164696F2073686F756C642085
S21404773062652073657420746F1F54686520504119
S2140477404E204944206F6E20776869636820746F02
S21404775020666F726D20746865206E6574776F722C
S2140477606B1F005468697320696E69746961746577
S2140477707320612054434C4B2075706461746520FB
S21404778070726F6365647572652E00537065636905
S21404779066792074686520616D6F756E74206F66F7
S2140477A02074696D6520746F207761697420616642
S2140477B0746572206F6E652054434C4B207570645C
S2140477C0617465206F7065726174696F6E20636F93
S2140477D06D706C65746573206265666F7265206291
S2140477E06567696E6E696E672061206E65772054E2
S2140477F0434C4B20757064617465206F70657261CC
S21404780074696F6E2E0054686520616D6F756E74B2
S214047810206F662074696D65206265747765656E91
S2140478202073756273657175656E742074727573F2
S214047830742063656E746572206C696E6B206B656C
S21404784079207570646174657320696E206D696C47
S2140478506C697365636F6E64731F00536574206F81
S2140478607220636C6561722073746179206177613C
S2140478706B65207768656E206E6F74206A6F696E1C
S214047880656400536574206F7220636C65617220B2
S214047890666F726365206177616B65004469737017
S2140478A06C61792074686520736C656570207374E8
S2140478B06174757300464F522054455354494E47DD
S2140478C020505552504F534553202D2067617468FD
S2140478D065722074696D696E67206D65747269637C
S2140478E07320666F72207265706F7274696E67209B
S2140478F07461626C65206F7065726174696F6E7313
S2140479002E00436C6561727320746865206C617325
S21404791074207265706F72742074696D65206F666A
S21404792020617474726962757465732E00416464B0
S214047930732061206E657720656E74727920746F8B
S21404794020746865207265706F7274207461626C4E
S214047950652E00546865206C6F63616C20656E64E8
S214047960706F696E742066726F6D207768696368DD
S2140479702074686520617474726962757465206920
S21404798073207265706F727465641F546865206333
S2140479906C757374657220776865726520746865A3
S2140479A020617474726962757465206973206C6FE3
S2140479B063617465641F546865204944206F6620BB
S2140479C07468652061747472696275746520626592
S2140479D0696E67207265706F727465641F30206606
S2140479E06F7220636C69656E742D736964652061BB
S2140479F0747472696275746573206F7220312066C0
S214047A006F72207365727665722D73696465206182
S214047A107474726962757465731F546865206D6941
S214047A206E696D756D207265706F7274696E67200D
S214047A30696E74657276616C2C206D6561737572FF
S214047A40656420696E207365636F6E64732E1F54BD
S214047A506865206D6178696D756D207265706F72EA
S214047A6074696E6720696E74657276616C2C206D1D
S214047A706561737572656420696E207365636F6EE5
S214047A8064732E1F546865206D696E696D756D206C
S214047A906368616E676520746F207468652061741E
S214047AA07472696275746520746861742077696C91
S214047AB06C20726573756C7420696E206120726523
S214047AC0706F7274206265696E672073656E742EBB
S214047AD01F0052656D6F76657320616E20656E7447
S214047AE072792066726F6D20746865207265706F97
S214047AF07274207461626C652E0054686520696E29
S214047B00646578206F6620746865207265706F728D
S214047B107420746F2062652072656D6F7665641FCD
S214047B2000436C6561727320616C6C20656E7472C0
S214047B306965732066726F6D20746865207265705F
S214047B406F7274207461626C652E005072696E7474
S214047B507320746865207265706F72742074616235
S214047B606C652E00576970657320616C6C206461C7
S214047B70746120696E207468652073746F7261671F
S214047B8065206465766963652E005072696E747349
S214047B9020617262697472617279206279746573A5
S214047BA0206F6620746865204F544120696D6167B4
S214047BB065206F6E206469736B2E005468652069B7
S214047BC06E646578206F662074686520696D6167E9
S214047BD06520746F207072696E74206974732064F3
S214047BE06174611F546865206F66667365742069E6
S214047BF06E746F20746865204F544120696D616708
S214047C006520746861742077696C6C2062652070E6
S214047C1072696E7465641F005072696E74732069AD
S214047C206E666F726D6174696F6E2061626F7574D3
S214047C30207468652073746F726167652064657666
S214047C406963652E0052656C6F61642074686520F4
S214047C5073746F72616765206465766963652E0068
S214047C6044656C657465732074686520696D616726
S214047C70652061742074686520737065636966693D
S214047C80656420696E6465782E0054686520696EA4
S214047C9064657820617420776869636820746F204F
S214047CA0626567696E2064656C6574696E672074C6
S214047CB0686520696D6167651F005072696E74732C
S214047CC02074686520696D616765732E00456E6172
S214047CD0626C6573204F544120646F776E677261DF
S214047CE06465732E0044697361626C6573204F5437
S214047CF04120646F776E6772616465732E00536506
S214047D006E647320616E2055706772616465456E9B
S214047D10645265717565737420746F20616E204FAC
S214047D205441207365727665722E0043616E20623C
S214047D3065207573656420746F2064796E616D695F
S214047D4063616C6C79207475726E206F666620733E
S214047D50656E64696E67207061676520726571750B
S214047D6065737473206F6E2074686520636C696530
S214047D706E7420736964652C2069662074686520B7
S214047D8073657276657220646F65736E27742073EC
S214047D907570706F72742074686973206665617498
S214047DA07572652E00426F6F6C65616E2076616C2D
S214047DB07565207475726E696E67206F6E20283143
S214047DC029206F72206F6666202830292074686523
S214047DD02070616765207265717565737420666CC2
S214047DE061671F0053656E647320616E20696D6160
S214047DF0676520626C6F636B20726571756573745A
S214047E0020666F7220612066696C65207468652040
S214047E107365727665722073686F756C64206E6F16
S214047E207420686176652E2020546573742068611A
S214047E30726E657373206F6E6C7920287465737424
S214047E40206361736520392E352E36202D204D692A
S214047E507373696E672046696C6529005072696E93
S214047E60747320696E666F726D6174696F6E206FCD
S214047E706E207468652063757272656E7420737400
S214047E80617465206F6620746865204F54412063D2
S214047E906C69656E7420646F776E6C6F61642E0017
S214047EA053746F707320746865204F544120737444
S214047EB0617465206D616368696E652E0053746134
S214047EC072747320746865204F544120636C69652E
S214047ED06E74207374617465206D616368696E6581
S214047EE02E20546865207374617465206D61636820
S214047EF0696E6520646973636F766572732074684F
S214047F0065204F5441207365727665722C20717516
S214047F10657269657320666F72206E657720696D79
S214047F20616765732C20646F776E6C6F6164732071
S214047F3074686520696D6167657320616E64207777
S214047F406169747320666F72207468652073657245
S214047F5076657220636F6D6D616E6420746F207534
S214047F607067726164652E005072696E7473207453
S214047F706865206D616E75666163747572657220DE
S214047F8049442C20496D6167652054797065204901
S214047F90442C20616E642056657273696F6E206986
S214047FA06E666F726D6174696F6E2074686174209A
S214047FB06172652075736564207768656E2061203C
S214047FC07175657279206E65787420696D61676570
S214047FD02069732073656E7420746F20746865203E
S214047FE07365727665722062792074686520636CA6
S214047FF069656E742E00506572666F726D732073B9
S21404800069676E6174757265207665726966696300
S2140480106174696F6E206F6E2074686520696D6187
S214048020676520617420746865207370656369668B
S21404803069656420696E6465782E005468652069F5
S2140480406E64657820617420776869636820746F4D
S21404805020626567696E2076657269666963617415
S214048060696F6E206F662074686520696D61676548
S2140480701F00426F6F746C6F6164732074686520B0
S214048080696D616765206174207468652073706526
S21404809063696669656420696E6465782062792020
S2140480A063616C6C696E6720746865204F54412068
S2140480B0626F6F746C6F61642063616C6C62616381
S2140480C06B2E0054686520696E64657820617420A0
S2140480D0776869636820746F20626567696E2062DA
S2140480E06F6F746C6F6164696E672074686520696D
S2140480F06D6167651F005072696E747320696E66E1
S2140481006F2061626F75742074686520696E73747D
S214048110616C6C656420626F6F746C6F6164657209
S2140481202E005375627472616374732061206368F1
S214048130616E6E656C2066726F6D20656974686525
S2140481407220746865207072696D617279206F722E
S214048150207365636F6E64617279206368616E6E06
S214048160656C206D61736B206F6620746865206E85
S2140481706574776F726B2D7374656572696E6720AC
S214048180636F6D706F6E656E742E00546865206341
S21404819068616E6E656C206D61736B20746F2073FE
S2140481A07562747261637420746865206368616EB6
S2140481B06E656C2066726F6D1F5468652063686117
S2140481C06E6E656C20746F2073756274726163746E
S2140481D020746865206D61736B2066726F6D1F0076
S2140481E0416464732061206368616E6E656C2074FC
S2140481F06F2065697468657220746865207072699A
S2140482006D617279206F72207365636F6E6461723C
S21404821079206368616E6E656C206D61736B206F88
S2140482206620746865206E6574776F726B2D737440
S214048230656572696E6720636F6D706F6E656E74C8
S2140482402E00546865206368616E6E656C206D61EF
S214048250736B20746F206164642061206368616EB0
S2140482606E656C20746F1F546865206368616E6E5B
S214048270656C20746F2061646420746F2074686574
S214048280206D61736B1F0053657473206569746891
S214048290657220746865207072696D617279206FEA
S2140482A072207365636F6E64617279206368616EB1
S2140482B06E656C206D61736B2E0054686520636870
S2140482C0616E6E656C206D61736B20746F207375C0
S2140482D062747261637420746865206368616E6E8C
S2140482E0656C2066726F6D1F5468652076616C75C8
S2140482F06520746F207365742074686520636861F4
S2140483006E6E656C206D61736B20746F2E1F005348
S21404831065747320746865207072652D636F6E666D
S214048320696775726564206B657920736F2074685D
S214048330617420746865206A6F696E696E6720646C
S21404834065766963652063616E20656E7465722068
S214048350746865206E6574776F726B2E005365744F
S214048360732074686520707265636F6E66696775DE
S214048370726564206B65791F0053746F7073207484
S2140483806865206E6574776F726B207374656572AA
S214048390696E672070726F636573732E0053746121
S2140483A072747320746865206E6574776F726B20C0
S2140483B07374656572696E672070726F6365737334
S2140483C02E0041206D61736B206F66206F70746998
S2140483D06F6E7320666F7220696E64696361746978
S2140483E06E67207370656369666963206265686199
S2140483F076696F722077697468696E207468652080
S2140484006E6574776F726B2D7374656572696E67CB
S2140484102070726F636573732E1F00446973706CEB
S214048420617973207468652063757272656E742052
S214048430737461747573206F6620746865206E6546
S21404844074776F726B207374656572696E672070DB
S214048450726F636573732E00436C65617273207468
S21404846068652067726F757073207461626C65202E
S2140484706F6E20657665727920656E64706F696EBE
S21404848074005072696E747320696E666F726D61E3
S21404849074696F6E2061626F7574207468652063FA
S2140484A06F6E74656E7473206F66207468652067DB
S2140484B0726F757073207461626C652E00417274FD
S2140484C06966696369616C6C792064726F70732085
S2140484D074686520626C6F636B206E756D6265727E
S2140484E020646566696E6564206279207468652018
S2140484F070617373656420617267756D656E742050
S2140485006F6E6C79206F6E63652C20616E642074C8
S21404851068656E20616C6C6F777320697420757063
S2140485206F6E20612072657472792E00546865201F
S214048530626C6F636B206E756D62657220746F205B
S2140485406172746966696369616C6C792064726FC0
S2140485507020746F20666F72636520612072657484
S2140485607279202D2073657420746F203078464607
S21404857020746F2064697361626C651F00536574B0
S214048580732074686520726563656976652077690B
S2140485906E646F772073697A652E20204279206492
S2140485A06566696E6974696F6E20696E20746865A5
S2140485B020536D61727420456E65726779207072FF
S2140485C06F66696C65206974206D757374206265C6
S2140485D02073657420746F2031206275742074686B
S2140485E0697320616C6C6F777320697420746F20D4
S2140485F06265206368616E6765642E005468652052
S2140486006D6178206E756D626572206F6620746881
S2140486106520626C6F636B7320726563656976654B
S21404862064206265666F726520616E204150532037
S21404863061636B2069732067656E65726174656437
S2140486401F004D616B65732074686973206E6F64D8
S21404865065207374617274206964656E74696679E2
S214048660696E672061732061207461726765742087
S214048670666F722062696E64696E672077697468D3
S21404868020616E20696E69746961746F72206E6F02
S21404869064652E0054686520656E64706F696E7438
S2140486A0206F6E20776869636820746F2062656740
S2140486B0696E207468652046696E64696E67206119
S2140486C06E642042696E64696E67207461726765C1
S2140486D0742070726F636573731F004D616B6573EE
S2140486E02074686973206E6F646520737461727495
S2140486F02074686520696E69746961746F7220708D
S214048700617274206F66207468652066696E646999
S2140487106E6720616E642062696E64696E6720709D
S214048720726F636573732E0054686520656E64709B
S2140487306F696E74206F6E20776869636820746F43
S21404874020626567696E207468652046696E646990
S2140487506E6720616E642042696E64696E67206984
S2140487606E69746961746F722070726F6365737377
S2140487701F00456E61626C652F64697361626C6587
S21404878020646562756720606C6567616379206143
S2140487907070206672616D65776F726B20646562B7
S2140487A0756760207072696E7420747970652E0027
S2140487B0456E61626C652F64697361626C651F0047
S2140487C0456E61626C652F64697361626C652064D2
S2140487D06562756720607A636C60207072696E7477
S2140487E020747970652E00456E61626C652F64692D
S2140487F07361626C65206465627567206061707081
S21404880060207072696E7420747970652E00456EEF
S21404881061626C652F64697361626C65206465626D
S21404882075672060636F726560207072696E74206D
S214048830747970652E00456E61626C652F64697389
S21404884061626C6520646562756720607374616339
S2140488506B60207072696E7420747970652E005394
S214048860656E647320612072657175657374206625
S2140488706F72204F544120636F756E746572732E49
S2140488800052657365747320616C6C20746872653D
S21404889073686F6C64732076616C75657320746F8F
S2140488A0203078464646462E005365747320612071
S2140488B07468726573686F6C642076616C75652085
S2140488C0666F72206120706172746963756C617280
S2140488D02074797065206F6620636F756E74657298
S2140488E02E0054797065206F6620636F756E74650C
S2140488F0721F5468726573686F6C642056616C7579
S214048900651F005072696E747320746865207468FD
S214048910726573686F6C6473206F6620616C6C207C
S21404892074686520636F756E746572732E00436C8D
S2140489306561727320616C6C20636F756E7465720A
S2140489402076616C7565732E005072696E747320A0
S214048950616C6C20636F756E7465722076616C75DD
S21404896065732E005072696E747320746865207681
S214048970616C7565206F6620746869732070617217
S214048980746963756C617220636F756E7465722E9C
S2140489900054686520636F756E7465722074797010
S2140489A06520746F207072696E741F005072696E51
S2140489B0747320616C6C20636F756E7465722076B8
S2140489C0616C75657320616E6420636C6561727397
S2140489D0207468656D2E00536574204D46472074D8
S2140489E06F6B656E2C2043414E4E4F5420424520FB
S2140489F0554E53455420425920434C492E0050723C
S214048A00696E74204D464720746F6B656E2E005059
S214048A1072696E7420616374697665206576656E26
S214048A2074732E0044697361626C652074686520F3
S214048A30656E64706F696E7420666F72205A434C5C
S214048A40206D657373616765732E00456E64706F81
S214048A50696E7420696E6465781F00456E61626C89
S214048A6065732074686520656E64706F696E742023
S214048A70666F72205A434C206D6573736167657325
S214048A802E005072696E7420737461747573206F4F
S214048A906620656E64706F696E74732E0053686F1B
S214048AA07773207468652076657273696F6E206FBD
S214048AB0662074686520736F6674776172652E002D
S214048AC05365742074686520636F6E666967757293
S214048AD06564203830322E31352E3420434341200D
S214048AE06D6F646520696E207468652072616469C0
S214048AF06F2E2053656520646F63756D656E7461B3
S214048B0074696F6E20726567617264696E6720525D
S214048B1041494C5F494545453830323135345F4329
S214048B2063614D6F64655F742E0041205241494C69
S214048B305F494545453830323135345F4363614DCE
S214048B406F64655F742076616C75651F005265748A
S214048B5075726E732050544920726164696F206385
S214048B606F6E66696720696E666F726D6174696F91
S214048B706E20746F2064657465726D696E6520740A
S214048B806865205048592074797065206265696E5E
S214048B90672075736564206279205241494C2E2003
S214048BA072657475726E2076616C756520697320C3
S214048BB0656E756D205241494C5F494545453830D0
S214048BC0323135345F507469526164696F436F6E35
S214048BD06669675F7420652E6720205241494C5FA2
S214048BE0494545453830323135345F5054495F5233
S214048BF04144494F5F434F4E4649475F32503447DE
S214048C00485A203D203078303055205241494C5F38
S214048C10494545453830323135345F5054495F5202
S214048C204144494F5F434F4E4649475F32503447AD
S214048C30485A5F414E54444956203D2030783031DE
S214048C4055205241494C5F49454545383032313507
S214048C50345F5054495F524144494F5F434F4E4638
S214048C6049475F32503447485A5F434F4558203D82
S214048C70203078303255205241494C5F49454545AD
S214048C803830323135345F5054495F524144494F8D
S214048C905F434F4E4649475F32503447485A5F4118
S214048CA04E544449565F434F4558203D2030783053
S214048CB033550053656E64732061207265616420C9
S214048CC06174747220666F72207468652074696DAE
S214048CD065206F6620746865206465766963652020
S214048CE07370656369666965642E204974207365CC
S214048CF07473206120666C616720736F20776865E3
S214048D006E206974206765747320746865207265C4
S214048D1073706F6E736520697420777269746573F7
S214048D20207468652074696D6520746F2069747397
S214048D30206F776E2074696D6520617474722E00DE
S214048D4049641F737263456E64706F696E741F6442
S214048D50657374456E64706F696E741F005768653A
S214048D606E2073656E64696E67207573696E67201E
S214048D70612062696E64696E672C2073706563692E
S214048D806669657320776865746865722061206D0E
S214048D90756C7469636173742062696E64696E6766
S214048DA02073686F756C6420626520757365642E25
S214048DB0007573654D756C74696361737442696E8E
S214048DC064696E671F0053656E6473206120707259
S214048DD0652D6275666665726564206D756C74696A
S214048DE063617374206D65737361676520746F20A7
S214048DF06120676976656E2067726F7570204944D6
S214048E002066726F6D206120676976656E20656ED8
S214048E1064706F696E742E0067726F757049641F94
S214048E207372632D656E64706F696E741F0043728F
S214048E3065617465732061206D6573736167652071
S214048E4062792073706563696679696E67207468F1
S214048E5065207261772062797465732E2055736578
S214048E60207468652073656E6420636F6D6D616E33
S214048E706420746F2073656E6420746865206D6565
S214048E807373616765206F6E63652069742068611B
S214048E9073206265656E20637265617465642E2056
S214048EA045783A2072617720307830303046207B1F
S214048EB030302030412030302031312032322033DF
S214048EC0332034342035357D2073656E6473206119
S214048ED0206D65737361676520746F20636C7573AA
S214048EE07465722031352028307830303046292099
S214048EF06F66206C656E67746820382077686963CF
S214048F006820696E636C7564657320746865205A9E
S214048F10434C206865616465722E00436C757374F7
S214048F20657249641F446174611F005265736574F9
S214048F307320746865206E6F64652E0057726974BA
S214048F4065732061206D6573736167652E00456ED9
S214048F5064706F696E741F436C7573746572204910
S214048F60441F4174747269627574652049441F4DC8
S214048F7061736B1F4461746120747970651F44616A
S214048F80746120627974651F0052656164732061A0
S214048F90206D6573736167652E00456E64706F6936
S214048FA06E741F436C75737465722049441F417454
S214048FB0747269627574652049441F31206966209D
S214048FC073657276657220646972656374696F6E20
S214048FD02C203020696620636C69656E7420646991
S214048FE072656374696F6E1F0053656E64732061E7
S214048FF0206D6573736167652E0044657374696ECE
S2140490006174696F6E1F536F7572636520656E6455
S214049010706F696E741F44657374696E6174696FEA
S2140490206E20656E64706F696E741F00536F757280
S214049030636520656E64706F696E741F004C697397
S2140490407473207768696368206F7074696F6E61E3
S2140490506C206C6962726172696573206F66207435
S214049060686520737461636B2061726520696D7036
S2140490706C656D656E746564206F6E2074686973C4
S214049080206465766963652E005072696E74732079
S214049090696E666F726D6174696F6E2061626F755A
S2140490A07420746865206E6574776F726B207374B1
S2140490B06174652C20636C7573746572732C2061FF
S2140490C06E6420656E64706F696E74732E006F66CE
S2140490D0667365741F005072696E747320696E66D9
S2140490E06F726D6174696F6E20666F7220616C6C4E
S2140490F020617661696C61626C6520736C6F747351
S2140491002E00526561647320726177206461746115
S2140491102066726F6D20666C6173682073746F725C
S2140491206167652E004164647265737320746F20F2
S214049130726561641F4E756D626572206F6620628B
S2140491407974657320746F20726561641F005072B1
S214049150696E747320666C6173682073746F7261D1
S214049160676520696E666F726D6174696F6E2E0036
S21404917045726173657320746865207370656369EE
S2140491806669656420736C6F742049442E005374BA
S2140491906F7261676520736C6F74206E756D62659F
S2140491A0721F00426F6F74732074686520696D6166
S2140491B0676520696E2074686520737065636966E8
S2140491C069656420736C6F742049442E00434C49CF
S2140491D020696E7374616E6365206578616D706C6A
S2140491E0650064756D6D795F696E7374005A434CDF
S2140491F020636F6D6D616E647300626173696300F2
S214049200676C6F62616C006D66672D636F646500E2
S2140492107573652D6E6578742D73657175656E63EB
S2140492206500782D64656661756C742D726573705F
S21404923000746573742D726573706F6E73652D6F2D
S2140492406E00746573742D726573706F6E73652D1E
S2140492506F6666005A434C20626173696320636CD0
S214049260757374657220636F6D6D616E64730072DE
S21404927074666400436F6D6D616E64207468617417
S2140492802072657365747320616C6C2061747472EB
S21404929069627574652076616C75657320746F20D9
S2140492A0666163746F72792064656661756C742E8A
S2140492B0005241494C006C6F7765722D6D61632DC9
S2140492C07261696C2D3830322E31352E342E63009F
S2140492D06C69627261696C2E6100756E636C61699B
S2140492E06D6564006275666665722D6D616E616794
S2140492F0656D656E742E63006576656E742D717586
S2140493006575652E63007A69676265652D7570708C
S21404931065722D6D61632E63006E65696768626FA2
S214049320722E63006173736F63696174696F6E2E66
S2140493306300313832317300313432323100313225
S214049340310032730031323231313200313232314F
S21404935031003238310038313100313832313100A1
S21404936031323131313231323232317300313232CC
S2140493700031323131323231003131313100323262
S2140493803800726F7574652D7461626C652E6300A7
S2140493906D61632D6D756C74692D6E6574776F726F
S2140493A06B2E63006C65676163792D7061636B6512
S2140493B0742D6275666665722E63000000000200F6
S2140493C00000000000000000BA04000000000200D4
S2140493D00000000000000000BA04000000010203C0
S2140493E00E312E312E322D6433383965353934003A
S2140493F0010000020303010006000000000203004F
S2140494000000000013B779FAC925DDB7ADF3CFE045
S214049410F1B614B80102000000000000FFFFFFFFD1
S2140494200100000001000000000000000000000031
S2140494300000000000000000000000000000000023
S2140494400000000000000000000000000000000013
S21404945000000000033F1F00415503003D55030074
S2140494601B550300E9540300795503004B550300CC
S214049470EB5403002C00000002020203000000006C
S21404948001020000000801B42C9504000008015AEB
S214049490E894040000080040A494040000000000BF
S2140494A0000000000000FCFEFFFF000000000000BB
S2140494B0FFFF000000000000FFFF000000000000A7
S2140494C0FFFF00000000000040001806F4D2000071
S2140494D02C00B0023DBE00001700F2000C7C000019
S2140494E00C0041009E4200006400FCFEFFFF0000EA
S2140494F000000000FFFF0000000000005A00F30612
S214049500A554FEFF2100A301A1FEFFFF1100A60043
S214049510832700000A006100DC26000006003B00EA
S214049520F820000003001500AD130000C800FCFE80
S214049530B4008B087BC0FBFF4D00E402E756FFFF38
S2140495402C00A20183EBFFFF1A000301B31A0000EC
S2140495501100A300552900000A005E005A280000E6
S21404956006003A00212200000400180073160000CA
S214049570B14A04006EFF03006EFF03006EFF030093
S2140495806EFF03006EFF03006EFF03006EFF030012
S2140495906EFF03006EFF03006EFF03006EFF030002
S2140495A06EFF03006EFF03006EFF03006EFF0300F2
S2140495B06EFF03006EFF03006EFF03006EFF0300E2
S2140495C06EFF03006EFF03006EFF03006EFF0300D2
S2140495D06EFF03006EFF03006EFF03006EFF0300C2
S2140495E07CFF03006EFF030091FF03006EFF030081
S2140495F06EFF0300B6FF03006EFF03006EFF03005A
S2140496006EFF03006EFF0300DEFF03006EFF030021
S2140496106EFF03006EFF03006EFF0300F6FF0300F9
S2140496206EFF0300140004000B0000000B00000093
S21404963002000000000020200000000003000000DC
S2140496408C8C3C00000000000000000000000000BD
S214049650000000581200000000000000FFFFFFFF9B
S214049660FFFFFFFFFFFFFFFF554E4B00474F200055
S21404967042544C00474F3200474F3300474F3400A4
S214049680474F3500474F3600474F3700474F38009F
S214049690474F3900474F4100474F4200474F43006A
S2140496A0474F4400474F4500474F46004A4D500039
S2140496B0424452005550520042544D004D534D0002
S2140496C046544C00554E4B00474F200042544C0025
S2140496D04241440046544C00465243004F54410015
S2140496E044534C004241500055504700544D4500E9
S2140496F046415500545A4600554E4B0050494E00BC
S214049700454D3400554E4B0048562000554E4B00F0
S214049710455850004C574D00554E4B00524254008D
S21404972044534C00454D3400554E4B0041535400B1
S214049730554E4B0056465900494E4800554E4B0070
S2140497404C434B0058544C004F424600554E4B0079
S214049750485244004D454D0042555300555347006A
S21404976044424700444D410056435400554E4B0076
S21404977055502000525020004150300041503100D6
S214049780415020004450200044454300689604009D
S2140497906C960400C4960400F8960400049704002B
S2140497A00C970400189704002897040030970400C8
S2140497B03C9704004C9704006C970400554E4B00ED
S2140497C04649420042544C004558540050575200F3
S2140497D0574447002053570043525300465348000B
S2140497E042414400464C540042524F0001040103D7
S2140497F003060105010501090600060B0000070B18
S214049800050B000000000000000000000400E40C4B
S2140498100A00010410010000000500020000030015
S214049820A89A0400A49A0400909A04008C9A04004F
S214049830889A0400849A0400729A0400629A0400C7
S214049840489A0400409A0400369A0400349A0400A5
S2140498501C9A0400199A0400119A0400009A040041
S214049860F0990400DE990400C4990400BC9904002D
S214049870B0990400AC990400A89904009A990400CD
S2140498808F990400769904005D99040001990400F8
S21404989000990400F0980400C8980400BD980400D9
S2140498A0BC980400A8980400000000000000000013
S2140498B00000000000000000000000000F00000090
S2140498C0000000000000000000000000000000008F
S2140498D0000000000000000000000000000000007F
S2140498E0000000000000000000000000000000006F
S2140498F0010000000000000000000000000000005E
S2140499000F0000000000000000000000000000003F
S214049910000000000000000000000000000000003E
S214049920000000000000000000000000000000002E
S214049930000000000000000000000000000000001E
S214049940000000000000000000000000000000000E
S21404995000000000000000000000000000000000FE
S21404996000000000000000000000000000000000EE
S21404997000000000000000000000000000000000DE
S21404998000000000000000000000000000000000CE
S21404999000000000000000000000000000000000BE
S2140499A000000000000000000000000000000000AE
S2140499B0FFFFFFFFFFFFFFFFFFFF000000000000A8
S2140499C0000000000000000000000000000000008E
S2140499D0000000000000000000000000000000007E
S2140499E0000000000000000000000000000000006E
S2140499F0000000000000000000000000000000005E
S214049A00000000000000000000000000000000004D
S214049A1000FFFFFFFFFFFFFFFF9C0000FF000000AA
S214049A20000000000000000000000000000000002D
S214049A30800000000000FFFFFFFFFFFFFFFFFFFFA7
S214049A4000000000FFFF000000000000000000000F
S214049A5000000000000000000000000000000000FD
S214049A600000FFFFFF0000000000000000000000F0
S214049A7000000000000000000000000000000000DD
S214049A8000000000000000000000000000000000CD
S214049A9000000000000000000000000000000000BD
S214049AA00000000000000000FC03010101010101A8
S214049AB00101010101010101010000000000000193
S214049AC00020060000000601010000200204110424
S214049AD0040211101A080A021801081110111A08B3
S214049AE00A04020D0B19195C0110280B011400005E
S214049AF0000000000000000000000000000101015A
S214049B00010101000101010101010100000101013F
S214049B100001000101000000000000000000000039
S214049B20000000000001000000000000000000002B
S214049B300000000001FF010023E1010075E40100BC
S214049B4063E2010063E5010062E1010079EB0100D4
S214049B5064EE010024E1010025E1010026E1010094
S214049B6027E1010028E1010029E101002AE10100C2
S214049B7000000100800001000001010080010100D6
S214049B80000201008002010020E20100000301003F
S214049B900005010080050100000601002C89010073
S214049BA0800601000007010001E5010002E501004E
S214049BB000080100800801000040010086321010F1
S214049BC0FFFFFFFFFFFFFFFF9B080400A108040040
S214049BD0A7080400AD080400B30804005A696742E5
S214049BE06565416C6C69616E636530394E574B2010
S214049BF05374656572696E6700009596959595052C
S214049C0007090D000000000000010203040600001E
S214049C10DF1E04007A32040094320400AB320400DF
S214049C20BE320400CE320400E2320400F4320400F1
S214049C300433040020330400353304000208010D05
S214049C400D01010112010000FFFFFFFFFFFFFFFFF0
S214049C5000000000000000000109050100020000E9
S214049C60000000031EF1EE0B789C0400703F040015
S214049C70B14A0400FE0000008C3F0400D89D040096
S214049C8000000000963F0400C89D04000000000089
S214049C90A33F0400B89D040000000000B03F040089
S214049CA0A89D040000000000CE3F0400949D04001C
S214049CB000000000C63F0400809D04000000000071
S214049CC0CD3F04006C9D040000000000DB3F040050
S214049CD05C9D0400000000004D3E0400489D040006
S214049CE000000000D43F0400389D0400000000007B
S214049CF0E03F0400249D040000000000CC0604009D
S214049D00149D040000000000000000000000000095
S214049D10000000002F6D0300F13F04002E400400F5
S214049D20010100FF81EA0000574004009C40040043
S214049D30010100010107FF003DEA0000E9400400BC
S214049D4054410400010100FF7DE900007541040050
S214049D508E41040000010100FF000000416D030075
S214049D60B34104000B4204000101FF00296D030007
S214049D70224204007942040001010207FF000000A9
S214049D80236D030022420400794204000101020705
S214049D90FF0000001D6D0300224204007942040007
S214049DA001010207FF00000031E900009A420400A6
S214049DB0D9420400010101FFD1E80000F842040082
S214049DC03D430400010000FF8DE80000F842040053
S214049DD03D430400010000FF15E90000644304004D
S214049DE06A41040000FF0000176D0300B943040035
S214049DF0F46E0400FF000000116D03002C44040000
S214049E00F46E0400FF0000006DE800009B440400AC
S214049E101045040000FF000045E800002845040043
S214049E208A45040000FF0000036D03009B45040000
S214049E30E145040002FF00000DE80000EA450400C6
S214049E405E46040001FF0000D7460400BA4604003C
S214049E50C9460400D5460400E6460400FC46040051
S214049E60124704001C4704002647040000000000B4
S214049E702A4A040011000000364A040012000000BA
S214049E803E4A040013000000464A04002100000075
S214049E904E4A040022000000554A04002300000035
S214049EA05C4A0400AA000000634A0400FF000000A5
S214049EB000000000FFFFFFFFFFFFFFFF00000000A1
S214049EC000000000000001080109020A030B040C4C
S214049ED0050D060E070F081001180119021A031BB8
S214049EE0041C051D061E071F082001210222032349
S214049EF0042405250626072708280129022A032BF9
S214049F00042C052D062E072F0830013102320338A3
S214049F100239043A08E004E104E204E802E902EA49
S214049F2004F008F110000000000000000205000024
S214049F30909F040002000F00B89F040002000F0068
S214049F40E09F040002000F0008A0040002000F00B7
S214049F5030A0040002000F0058A0040002000F0006
S214049F6080A0040002000F00A8A0040002000F0056
S214049F70D0A0040002000F00F8A0040002000F00A6
S214049F8020A1040002000F0048A1040002000F00F4
S214049F900000000070A10400030000004000000060
S214049FA0000000001900000094A1040004000F0043
S214049FB080000000000000000000000070A1040003
S214049FC0030000004000000000000000190000002C
S214049FD094A1040004000F008000000000000000AC
S214049FE00000000070A10400030000004000000010
S214049FF0000000001900000094A1040004000F00F3
S21404A00080000000000000000000000070A10400B2
S21404A01003000000400000000000000019000000DB
S21404A02094A1040004000F0080000000000000005B
S21404A0300000000070A104000300000040000000BF
S21404A040000000001900000094A1040004000F00A2
S21404A05080000000000000000000000070A1040062
S21404A060030000004000000000000000190000008B
S21404A07094A1040004000F0080000000000000000B
S21404A0800000000070A1040003000000400000006F
S21404A090000000001900000094A1040004000F0052
S21404A0A080000000000000000000000070A1040012
S21404A0B0030000004000000000000000190000003B
S21404A0C094A1040004000F008000000000000000BB
S21404A0D00000000070A1040003000000400000001F
S21404A0E0000000001900000094A1040004000F0002
S21404A0F080000000000000000000000070A10400C2
S21404A10003000000400000000000000019000000EA
S21404A11094A1040004000F0080000000000000006A
S21404A1200000000070A104000300000040000000CE
S21404A130000000001900000094A1040004000F00B1
S21404A14080000000000000000000000070A1040071
S21404A150030000004000000000000000190000009A
S21404A16094A1040004000F0080000000000000001A
S21404A1700000200120000000080000000400422126
S21404A1803000000008A2040000FF42003000000077
S21404A190000000000000F0084000000029A20400AF
S21404A1A0010023044000000031A204000600300130
S21404A1B04000000000000000FDFF210240000000F7
S21404A1C0010000001900000419000101190002042E
S21404A1D019000301190005041900060119000704F3
S21404A1E0040041004105010006004100AF7503006C
S21404A1F0190081003122010019008400BD2C0100E1
S21404A200008000000000000006435553544F4D00E4
S21404A2100000000000000000000000000000000035
S21404A220000000000000000000FFFFFFFFFFFFFF2C
S21404A230FFFFFFFFFF000401040104010401040101
S21404A2400401040104010401040104010401FFFFE4
S21404A250FFFFFFFFFFFFFFFFFFFFFFFFFFFFFFFF05
S21404A260FFFFFFFFFFFF00010203040506070809BE
S21404A2700A0B1F1C1F1E1F1E1F1F1E1F1E1F07024A
S21404A2801F012F0037013F005701DF02E700FF02DE
S21404A29000000000000000000000000000000000B5
S21404A2A000000000000000000000000000000000A5
S21404A2B000000000C950040019000000CF5004003C
S21404A2C0FFFF0000000000009A510400A55104009E
S21404A2D0B14A0400AD510400BB510400B14A040065
S21404A2E0CE510400D9510400E7510400EB51040098
S21404A2F0FB510400E71F04000B5204000F52040035
S21404A3001A520400245204002E520400325204004E
S21404A31040520400545204006A52040000800000B4
S21404A320000000000000000000000000FFFFFFFF28
S21404A330FF00000000000000A5B1010000000000BE
S21404A340000000000000F03F000000000000244071
S21404A35000000000000059400000000000408F404C
S21404A360000000000088C34000000000006AF840B7
S21404A3700000000080842E4100000000D0126341DB
S21404A3800000000084D797410000000065CDCD4151
S21404A3906023040080B9040000000000905B040001
S21404A3A070B9040000000000955B040060B9040066
S21404A3B000000000965B040050B904000000000092
S21404A3C0DB3F04003CB9040000000000CE3F04005C
S21404A3D028B90400000000009B5B040018B90400C0
S21404A3E000000000A15B040008B90400000000009F
S21404A3F0A55B0400F8B8040000000000B45B040089
S21404A400E8B8040000000000D15B0400D8B80400DB
S21404A41000000000DA5B0400C8B804000000000076
S21404A420EF5B0400B8B8040000000000223104000A
S21404A430A8B8040000000000FF5B040068B804002D
S21404A44000000000F65F0400F4AF04000000000003
S21404A450B24F0400B4AF040000000000065C040021
S21404A460F4AE0400000000000F5C0400F8AD040025
S21404A470000000001C5C0400ECA9040000000000BE
S21404A48038520400C4A8040000000000235C040042
S21404A490C4A8040001000000275C040084A804008B
S21404A4A0000000002C5C040048A704000000000024
S21404A4B06000040048A70400010000001C5C0400BF
S21404A4C0ECA9040000000000335C0400ECA90400BE
S21404A4D001000000385C040014A70400000000001B
S21404A4E0425C040014A70400010000004A5C040057
S21404A4F044A5040000000000D107040010A50400D1
S21404A5000000000000000000000000000000000042
S21404A51020A504004E5C0400B14A0400FE000000BE
S21404A520665C04009CB0040000000000CB600400DD
S21404A5308CB00400000000000000000000000000D2
S21404A5400000000054A504006B5C0400B14A04003B
S21404A550FE000000815C04001CB204000000000041
S21404A560875C04000CB20400000000008D5C04004C
S21404A570FCB1040000000000965C0400ECB104008A
S21404A5800000000012050400DCB104000000000016
S21404A5901C030400A4B1040000000000230C040003
S21404A5A090B1040000000000A05C040080B1040028
S21404A5B0000000001008040070B104000000000051
S21404A5C0A55C040060B1040000000000AC5C04005C
S21404A5D050B1040000000000B15C040040B1040067
S21404A5E000000000B55C0400E0A6040000000000C3
S21404A5F0BC5C040088A6040000000000C45C0400E0
S21404A60054A6040000000000D05C040020A6040049
S21404A6100000000000000000000000000000000031
S21404A62030A60400DB5C0400B14A0400FE0000000F
S21404A6305B1A0400BCB00400000000000C470400D1
S21404A640ACB00400000000000000000000000000A1
S21404A6500000000064A60400FC5C0400B14A040088
S21404A660FE0000005B1A0400DCB0040000000000DA
S21404A6700C470400CCB004000000000000000000FA
S21404A680000000000000000098A604001E5D040000
S21404A690B14A0400FE0000003C5D04002CB1040036
S21404A6A0000000001A6204001CB104000000000050
S21404A6B04B5D04000CB1040000000000505D040073
S21404A6C0FCB0040000000000575D0400ECB0040079
S21404A6D00000000000000000000000000000000071
S21404A6E0F0A604005C5D0400B14A0400FE0000000D
S21404A6F01D1A0400C8B1040000000000795D0400BF
S21404A700B4B10400000000000000000000000000D7
S21404A7100000000024A70400815D0400B14A040080
S21404A720FE0000009D5D04005CB204000000000012
S21404A730385204004CB20400000000000000000080
S21404A740000000000000000058A70400A25D0400FA
S21404A750B14A0400FE000000BB5D04000CB3040014
S21404A76000000000DE160400FCB204000000000036
S21404A770C45D0400ECB20400000000009D5D04000B
S21404A7803CB2040000000000C95D04002CB20400C2
S21404A79000000000D65D040044A804000000000089
S21404A7A0E45D040010A8040000000000F25D04004C
S21404A7B0D0A7040000000000065C0400F4AE040009
S21404A7C00000000000000000000000000000000080
S21404A7D0E0A70400FB5D0400B14A0400FE0000008C
S21404A7E03F920400DCB20400000000005092040013
S21404A7F0CCB20400000000000F2B0400BCB204001E
S21404A800000000000000000000000000000000003F
S21404A81020A80400195E0400B14A0400FE000000EB
S21404A820435E04002CB3040000000000C04C040087
S21404A8301CB304000000000000000000000000003C
S21404A8400000000054A804004A5E0400B14A040054
S21404A850FE000000D107040060B3040000000000FE
S21404A8600C47040050B30400000000001A62040001
S21404A8703CB30400000000000000000000000000DC
S21404A8800000000094A804006A5E0400B14A0400B4
S21404A890FE000000D107040090B30400000000008E
S21404A8A08A5E040080B30400000000000C47040025
S21404A8B070B3040000000000000000000000000068
S21404A8C000000000D4A80400915E0400B14A04000D
S21404A8D0FE000000AB5E0400C4B4040000000000E8
S21404A8E0C4460400B4B4040000000000DE5E0400A5
S21404A8F0A4B40400000000001205040094B404008C
S21404A90000000000DF46040084B4040000000000D9
S21404A910B05E040074B4040000000000C85E0400C6
S21404A92064B4040000000000D15E040054B40400C3
S21404A93000000000D85E040044B4040000000000D8
S21404A940E45E040014B40400000000001A6204006C
S21404A95004B4040000000000F35E0400F4B3040032
S21404A96000000000CE2B0400E4B304000000000046
S21404A970F85E0400D4B30400000000000F5F040077
S21404A980C4B3040000000000235F0400B0B3040056
S21404A99000000000335F0400A0B3040000000000C1
S21404A9A0425F0400B8A90400000000000000000094
S21404A9B00000000000000000C8A90400475F04006F
S21404A9C0B14A0400FE0000005E5F040034B40400D4
S21404A9D000000000675F040024B4040000000000C8
S21404A9E0000000000000000000000000FCA90400B5
S21404A9F0B14A0400B14A0400FE0000006E5F040081
S21404AA0034B00400000000007B5F040078AE04004D
S21404AA1000000000845F0400C4AD040000000000D1
S21404AA20925F040090AD040000000000A05F0400E4
S21404AA305CAD040000000000AE5F0400C4AC04007B
S21404AA4000000000BF5F04009CAC0400000000008F
S21404AA50CC5F0400FCAB040000000000D75F0400D9
S21404AA60A4AB040000000000EA5F04007CAB040012
S21404AA7000000000BF3E040018AB04000000000005
S21404AA80FD5F0400D8AA040000000000086004006B
S21404AA90A4AA04000000000000000000000000005B
S21404AAA000000000B4AA04001B600400B14A0400BD
S21404AAB0FE0000003F600400E4B404000000000050
S21404AAC045600400D4B40400000000000000000048
S21404AAD00000000000000000E8AA0400496004002A
S21404AAE0B14A0400FE000000CB1B040014B50400A9
S21404AAF0000000007B60040004B5040000000000B1
S21404AB0087600400F4B404000000000000000000A5
S21404AB10000000000000000028AB04009D60040054
S21404AB20B14A0400FE000000D107040078B5040012
S21404AB30000000000C47040068B504000000000094
S21404AB40B93B040058B50400000000005B1A04007A
S21404AB5044B5040000000000B960040034B50400E5
S21404AB6000000000D060040024B5040000000000CB
S21404AB700000000000000000000000008CAB040091
S21404AB80DC600400B14A0400FE0000000161040019
S21404AB9088B504000000000000000000000000006B
S21404ABA000000000B4AB040006610400B14A0400CF
S21404ABB0FE0000002A610400D8B50400000000006E
S21404ABC08A5E0400C8B50400000000003661040074
S21404ABD0B8B50400000000003D610400A8B50400F8
S21404ABE0000000004A61040098B50400000000005C
S21404ABF00000000000000000000000000CAC040090
S21404AC0055610400B14A0400FE000000C35F04005E
S21404AC1088B60400000000007261040078B60400E0
S21404AC20000000006023040068B604000000000072
S21404AC308E32040058B60400000000003D5F040095
S21404AC4048B6040000000000CB1B040038B604001D
S21404AC50000000007961040028B60400000000002B
S21404AC608461040018B6040000000000916104002A
S21404AC7008B6040000000000A1610400F8B5040052
S21404AC8000000000B4610400E8B504000000000001
S21404AC90000000000000000000000000ACAC04004F
S21404ACA0C6610400B14A0400FE00000060230400EC
S21404ACB098B6040000000000000000000000000039
S21404ACC000000000D4AC0400E4610400B14A0400AF
S21404ACD0FE000000CB1B040008B7040000000000C0
S21404ACE08E320400F8B60400000000003D5F040045
S21404ACF0E8B604000000000007620400D8B60400AA
S21404AD0000000000465D04001CAD040000000000C6
S21404AD100000000000000000000000002CAD04004D
S21404AD201E620400B14A0400FE0000001A62040019
S21404AD30C8B60400000000005B1A0400B8B604009D
S21404AD400000000034620400A8B6040000000000FE
S21404AD500000000000000000000000006CAD0400CD
S21404AD603D620400B14A0400FE000000D10704005E
S21404AD7028B70400000000000C47040018B70400BD
S21404AD8000000000000000000000000000000000BA
S21404AD90A0AD04005D620400B14A0400FE00000099
S21404ADA07D62040048B704000000000090620400BE
S21404ADB038B7040000000000000000000000000097
S21404ADC000000000D4AD0400A6620400B14A0400EA
S21404ADD0FE000000C662040068B70400000000001D
S21404ADE0DE16040058B7040000000000000000004F
S21404ADF0000000000000000008AE0400B14A040091
S21404AE00B14A0400FE000000D062040020AE040034
S21404AE100000000000000000000000000000000029
S21404AE2030AE0400B14A0400B14A0400FE0000003B
S21404AE30DC620400B8B704000000000029520400D5
S21404AE40A8B7040000000000E262040098B70400FB
S21404AE5000000000E662040088B70400000000005A
S21404AE60EA62040078B70400000000000000000056
S21404AE70000000000000000088AE0400FA6204002F
S21404AE80B14A0400FE000000D107040038B80400EC
S21404AE90000000001563040028B804000000000049
S21404AEA02863040018B80400000000000C470400DF
S21404AEB008B804000000000035630400F8B7040076
S21404AEC00000000046630400E8B704000000000029
S21404AED054630400D8B7040000000000656304004F
S21404AEE0C8B70400000000000000000000000000D6
S21404AEF00000000004AF040072630400B14A0400BA
S21404AF00FE0000008C6304008CB204000000000005
S21404AF10BF6304007CB2040000000000FA6304006F
S21404AF206CB20400000000001164040080AF04004A
S21404AF30000000001B6404004CAF04000000000086
S21404AF400000000000000000000000005CAF0400E9
S21404AF501F640400B14A0400FE0000003F9204008F
S21404AF60ACB2040000000000509204009CB204003E
S21404AF7000000000000000000000000000000000C8
S21404AF8090AF04003E640400B14A0400FE000000D2
S21404AF90F616040058B80400000000001A62040004
S21404AFA048B8040000000000000000000000000094
S21404AFB000000000C4AF040051640400B14A040059
S21404AFC0FE000000D107040098B80400000000004A
S21404AFD0435E040088B8040000000000C04C04006F
S21404AFE078B8040000000000000000000000000024
S21404AFF00000000004B004006C640400B14A0400BD
S21404B000FE0000004A610400B0B90400000000001D
S21404B010CB1B0400A0B90400000000006023040059
S21404B02090B90400000000000000000000000000CA
S21404B0300000000044B004008C640400B14A04001C
S21404B040FE000000AA64040000BA04000000000029
S21404B050B4640400F0B9040000000000BF640400F7
S21404B060E0B9040000000000DB3F0400D0B904008F
S21404B07000000000CE640400C0B904000000000014
S21404B080000000000000000000000000F56C030053
S21404B090D9640400B14A0400FF000000F16C030008
S21404B0A0E6640400B14A0400FF00000081EF0000DB
S21404B0B0F8640400B14A0400FF0000001DEF00001D
S21404B0C025650400ED6C040001FF000081EF00001C
S21404B0D065650400B14A0400FF0000001DEF00008F
S21404B0E093650400ED6C040001FF0000B5EF00005A
S21404B0F0D4650400F565040000FF0000B5EF000009
S21404B100FE6504005B6604000000FF0031F00000EA
S21404B1106966040082660400010001FF9DF00000D9
S21404B120A7660400E96604000102FF0031F000008F
S21404B130FF6604002E67040001000102FF00000001
S21404B140ADED00005F6704009B67040007FF000086
S21404B150CDED0000A1670400D467040001FF0000E1
S21404B160E1ED0000DC6704002C6804000100FF0029
S21404B1703DEE000041680400926804000101FF00EF
S21404B18011EE0000A2680400DC68040001FF000061
S21404B19091EE0000E46804002D690400010000013B
S21404B1A00707FF00CDF000007F690400D4670400A1
S21404B1B001FF0000CDF10000C76904000B6A04001B
S21404B1C0010700010700FF00536D0300606A0400D6
S21404B1D0A66A04000107000101FF000055F1000003
S21404B1E0E26A04001D6B0400010000FF25F1000064
S21404B1F03B6B04007F6B04000100FF00F5F00000C9
S21404B200926B04007F6B04000100FF009DF10000B8
S21404B210D16B0400DC68040001FF00000DF200009E
S21404B2200C6C04003D6C04000100FF003DDB0000D4
S21404B230B14A04004B6C0400000707FFE1DA000083
S21404B240B14A0400646C0400000707FFEDDF000049
S21404B250B14A0400706C040007FF0000EDDF000034
S21404B260B14A0400706C040007FF0000A56C0300DC
S21404B270B14A0400756C04000000FF00C9DF00003A
S21404B280B14A0400EF42040001FF000091DF000011
S21404B290B14A0400AD6C040000FF0000C1DA0000EF
S21404B2A0B14A0400B14A0400FF000000C1DA0000FD
S21404B2B0B14A0400B14A0400FF0000007B6C03009E
S21404B2C0B14A0400B14A0400FF0000007B6C03008E
S21404B2D0B14A0400B14A0400FF0000007B6C03007E
S21404B2E0B14A0400B14A0400FF00000091DA0000ED
S21404B2F0B14A0400E36C04000101FF007DDA00009B
S21404B300B14A0400F86C040001FF0000776C0300E7
S21404B310B14A0400B14A0400FF00000045DA000008
S21404B320215E0400B14A0400FF00000045DA000074
S21404B330026D0400B14A0400FF000000C5DB0000F3
S21404B340236D04003A6D04000001000007FF0000AE
S21404B350736C0300606D0400B14A0400FF00000033
S21404B36041D900007A6D0400B14A0400FF000000D1
S21404B370ED6C0300A86D0400B14A0400FF00000051
S21404B380DF6C0300C26D0400446C040000FF000080
S21404B390C1E20000E76D0400B14A0400FF000000AB
S21404B3A015D80000016E0400B14A0400FF00000036
S21404B3B0A9D70000246E0400A16E04000000031048
S21404B3C0FF00000085D80000F66E0400646F0400D9
S21404B3D001FF000059D80000796F0400BC6F040018
S21404B3E000FF00006DD70000CD6F0400B14A0400D2
S21404B3F0FF000000716C0300FC6F0400B14A0400F7
S21404B400FF00000049D7000048700400446C0400A4
S21404B41000FF000015D7000089710400DE710400E7
S21404B42000FF0000F9D60000F8710400B14A0400D9
S21404B430FF000000DDD6000008720400B14A0400D4
S21404B440FF000000616C03001C7204009A72040082
S21404B45000FF0000ADD6000025730400B14A0400C6
S21404B460FF00000069D60000427304006D730400F8
S21404B47007FF000029D6000077730400D073040089
S21404B480000500FFE1D500008374040096740400F0
S21404B4900002FF00BDD50000C5740400B14A0400D4
S21404B4A0FF000000616C0300D774040011750400EB
S21404B4B000FF000051D5000097750400DD750400F8
S21404B4C0000301FF41D500007D760400C376040026
S21404B4D0000301FF354B010063770400B14A040002
S21404B4E0FF000000717903008B77040006780400DF
S21404B4F002FF0000EDF500005B780400F46E040023
S21404B50000FF0000B9F5000083780400F46E040020
S21404B51000FF000069F500009C780400B14A0400AE
S21404B520FF000000413D0100B5780400B14A040064
S21404B530FF000000193D010002790400B14A04002E
S21404B540FF000000A53C01002D7904005379040097
S21404B55000010100010102FF7D3C0100D27A0400D3
S21404B560FA7A040000FF00005D3C0100217B040021
S21404B570B14A0400FF000000A53B01004B7B040019
S21404B580B14A0400FF00000043780300647B040013
S21404B590B14A0400FF000000753001008A7B0400F5
S21404B5A0BB7B04000002FF00A5760300187C0400A1
S21404B5B0B14A0400FF000000A1760300457C0400A5
S21404B5C0B14A0400FF00000029300100607C04003A
S21404B5D08A7C040000FF0000E92D0100BA7C040008
S21404B5E0B14A0400FF00000065190100CD7C040088
S21404B5F0B14A0400FF0000004D190100E57C040078
S21404B600B14A0400FF0000001D760300FE7C04001F
S21404B610B14A0400FF000000097603002B7D0400F5
S21404B620A57D040000FF0000F52C0100E47D040065
S21404B630B14A0400FF000000E52B01005C7E040014
S21404B640B14A0400FF00000009180100A07E0400AF
S21404B650B14A0400FF000000ED170100BD7E04009F
S21404B660B14A0400FF00000065180100687F04006A
S21404B670B14A0400FF00000059180100F67F0400D8
S21404B6803B80040000FF00002518010072800400BF
S21404B690C380040000FF000051160100F680040079
S21404B6A0B14A0400FF000000E90A010022810400F8
S21404B6B08B8104000000FF00E90A0100E081040019
S21404B6C0428204000000FF00890B01008782040008
S21404B6D0BA8204000002FF00777503000F8304009B
S21404B6E05D83040007FF0000BD0C0100798304009D
S21404B6F0B14A0400FF000000D10A01009D83040043
S21404B700C283040000FF0000DD0B01001B8404005C
S21404B710B14A0400FF000000A1040100588404009C
S21404B720B14A0400FF00000069040100828404009A
S21404B730B14A0400FF0000004F740300BD840400F7
S21404B7402C85040000FF0000C5FD00007D85040074
S21404B750FC85040000FF00004174030042860400D8
S21404B7609486040000FF000021740300DB860400B6
S21404B7702887040000FF0000177403007287040083
S21404B780B087040000FF000011740300C0870400A3
S21404B790B087040000FF00000B740300E787040072
S21404B7A0B087040000FF0000057403000E88040040
S21404B7B0B087040000FF0000FF730300368804000F
S21404B7C0B087040000FF0000DB7303005F880400FA
S21404B7D0B14A0400FF000000E173030081880400FE
S21404B7E0B14A0400FF0000006DF80000A9880400B8
S21404B7F0E28804000001FF0099F8000003890400B1
S21404B800B14A0400FF000000DD7303002E89040023
S21404B810B14A0400FF00000055F8000049890400FE
S21404B820B14A0400FF00000011F800006489040017
S21404B8309189040000FF0000F9F70000AC890400B9
S21404B840B14A0400FF00000041E00000D78904006C
S21404B850B14A0400FF00000041E00000FE89040035
S21404B860B14A0400FF00000031D500000F8A04002E
S21404B870B14A0400FF000000FDD40000248A04003E
S21404B8804B8A040000FF0000FDD400005B8A04001D
S21404B8904B8A040000FF000095D40000828A04004E
S21404B8A0B14A0400FF000000596C03009D8A04009E
S21404B8B0B14A0400FF000000F1D00000C08A040072
S21404B8C02A8B040000FF0000D1D000004D8B04003A
S21404B8D0B14A0400FF000000B9EC0000B38C040079
S21404B8E0408D0400010000FF9DEB00005D8D040008
S21404B8F0B18D040000FF0000D1EB0000C68D0400EB
S21404B900188E04000100FF003DEB00002E8E04009C
S21404B9101B8F04000107FF005D6C03002B8F0400DF
S21404B920B14A0400FF0000009DE400003C8F0400C0
S21404B9304E8F0400000101000007FF0095E300009D
S21404B940898F04009A8F040000010100FF000000A4
S21404B950D1EB0000E98F0400FA8F0400010000FF19
S21404B9600DE30000E98F04002C90040000FF0000A3
S21404B970897E01003D900400B14A0400FF000000E7
S21404B98025D1000089900400B14A0400FF0000009D
S21404B990499A0300B14A0400B14A0400FF000000BB
S21404B9A0AD8C0100B14A0400B14A0400FF00000057
S21404B9B0718C0100B14A0400CE90040002FF00001E
S21404B9C01D940100D6900400B14A0400FF00000054
S21404B9D0A993010002910400259104000200FF00CF
S21404B9E0CB9A03004E910400B14A0400FF00000005
S21404B9F085930100709104008E91040002FF0000FC
S21404BA005D930100A39104008E91040002FF0000E0
S21404BA10010000003050002000000000000000007C
S21404BA20FFFF0000BB7303000000000003000000DB
S21404BA30FFFF01002F740300000000000400000054
S21404BA40FFFF0100BD7403000000000004000000B6
S21404BA50FFFF000041750300000000000600000020
S21404BA60FFFF0000B375030000000000190000008B
S21404BA70FFFF010049760300E6620400846D00209F
S21404BA8000000000000000000000000000000000AD
S21404BA90FA910400FCBA04000000000000920400BE
S21404BAA0689C04000000000007920400389E04000E
S21404BAB000000000CB600400289E04000000000084
S21404BAC010920400189E0400000000002292040055
S21404BAD0089E04000000000031920400F89D040053
S21404BAE00000000042920400E89D040000000000EC
S21404BAF00000000000000000000000000CBB040072
S21404BB0054920400B14A0400FE0000006F92040040
S21404BB1024BB040000000000000000000000000039
S21404BB2000000000DD9E030074920400B14A040085
S21404BB30FF03010001013F040201003F040202006A
S21404BB403D040202003D040102000102000301005C
S21404BB5002023D0402010002020201000202000089
S21404BB6000202020202020202020282828282820C4
S21404BB7020202020202020202020202020202020BC
S21404BB802088101010101010101010101010101024
S21404BB901004040404040404040404101010101014
S21404BBA010104141414141410101010101010101DE
S21404BBB00101010101010101010101011010101030
S21404BBC010104242424242420202020202020202B0
S21404BBD00202020202020202020202021010101004
S21404BBE0200000000000000000000000000000002C
S21404BBF0000000000000000000000000000000003C
S21404BC00000000000000000000000000000000002B
S21404BC10000000000000000000000000000000001B
S21404BC20000000000000000000000000000000000B
S21404BC3000000000000000000000000000000000FB
S21404BC4000000000000000000000000000000000EB
S21404BC5000000000000000000000000000000000DB
S21404BC600000000000000000A001000028140020CE
S21404BC7000021000CC540020C81500200000020862
S21404BC8000000000FFFFFFFFFFFFFFFFFFFFFFFFB7
S21404BC90000000000000000000000000000000009B
S21404BCA0000000000000000020000000F5BF0100B6
S21404BCB010000000D5C001000000000100000101D2
S21404BCC00001010120C001B80000000000000000CF
S21404BCD0FFFFFFFFFFFFFFFFFFFFFFFFFFFFFFFF6B
S21404BCE0FFFFFFFFFFFFFFFFFFFFFFFFFFFFFFFF5B
S21404BCF0000102020303040506080C0C0C000102F2
S21404BD0003040707C8C8C8C8C8C8C8C8C8C8C8C8B5
S21404BD10030404080808080800B801B802B800B00C
S21404BD2004D90400ECD80400030404080805000041
S21404BD3000000000000000000000000000000000FA
S21404BD40EA06000048704C0F44700E0E30707E13E6
S21404BD5002989A173870340F34705A0F307048109F
S21404BD602C7048102870D0112470E81120703E0FF3
S21404BD701C70901218700C1314703A0FB1100860EF
S21404BD8001D80A7104B87F78020C7E78641000C665
S21404BD90881F00A01DB8707803B018600F3027B352
S21404BDA00F330111C04806987C0229B0086001D8F8
S21404BDB0087109DD047109BB11101660A0480860FB
S21404BDC004100112FF3221500860D0480860008831
S21404BDD00698381400C4441F00A000BA03DF10718C
S21404BDE009DF0672029836031DB8507800A0441383
S21404BDF0281441158110086002D81471108806981A
S21404BE00201900C014C000B80698861B0091069836
S21404BE1092020160B83020D806711EBC637C784D4F
S21404BE205412F03240DE0472404804DB08720DDD22
S21404BE300C72044BEF3014480698F20400C4E04039
S21404BE4000544412086201322140087C811140D912
S21404BE501C72B1123032CF4A013AB1DA107208D8E5
S21404BE60067104D80871804C237C5670684C4412C2
S21404BE7000C4A41E00A04414413AF3240164415CA7
S21404BE80412A047580B800C46040005481D83671D5
S21404BE9040D90472237C084B0698F20404BA1CB9F1
S21404BEA0767900C1204001B835797F216121007977
S21404BEB006B906A901D8067102981002804C307C97
S21404BEC00298640208D86A7100C1544000B814117C
S21404BED010D95E71584C441280BDA26DFF25784C73
S21404BEE04412FC22513A2814104C00C20CC101B86A
S21404BEF024122814086228140862281408622814D5
S21404BF00304C304C00C11C4000B8141118140861A1
S21404BF1000C5284001B85415FF350471104918149B
S21404BF20B04C441208620132067102980401804C37
S21404BF3008D80C7107BA24D8047106BA187004D845
S21404BF400C7101BA40D80E7102BA0A7005BA20D82C
S21404BF50047203BA204C4411C04C18140861181417
S21404BF609111383111429111186110D90472EF32CF
S21404BF7000C1084001B8141110311E611142281482
S21404BF80A1110861181406986C1B181400C1084007
S21404BF9001B814111861FF31181400C1448001B8A7
S21404BFA0141118140861181430880248069894036B
S21404BFB0009308DB047101F800A027B00F3000A03E
S21404BFC01088B111186180D90A7100C1884000B880
S21404BFD00811009100A000C4684000B8441000A0F6
S21404BFE000C0884000500411826104108260105022
S21404BFF0F07200A054155045127106980205069872
S21404C000920407B8707802B841781EBA5B7A5C7AF4
S21404C0105D7A00C220C001B8241206982A1900C509
S21404C020481F00A05415511400C3FF010000313D01
S21404C03009647F3406989C020158512804750158F7
S21404C04041280E758111086102D90472FF0FCC7065
S21404C05007B8727800F8EBBD00C0441F00A00411B6
S21404C060113D10D91271FF33186300C1781002B85D
S21404C070381107B97479581000A0069892020D304A
S21404C0800472044809DC0472084800C11CC101B8E3
S21404C090141100C3D01E00A0911504351A7218138B
S21404C0A01CBB08D804716C7B04D804716A7B1DBB66
S21404C0B02F7C5B7B1670044B18131CBB08D80471CA
S21404C0C06F7B04D804716D7B217C0C30026006986B
S21404C0D07E040698C40B00B8B111186140D90672E4
S21404C0E00298580401BC00C2084001B800DC0A717A
S21404C0F024150265604A0A702C4A241508654C4AC1
S21404C100043508D90471202400C13C1F00A0141271
S21404C11000DC327120D8067101B80C70F0DA0C72AB
S21404C1200CDB087102B806988604482400C338411C
S21404C13001B834138F7B0E7102B9911308DB0472B5
S21404C14003B928707C4914111110FD300DDC1C72E3
S21404C15000C0A01E00A0041080D8107100C0448047
S21404C16001B80410E5200475804900C3884000B86F
S21404C170FFB8012011410871014118130824014237
S21404C18000C1284000B8141101411C6551419115A5
S21404C19020351E65514118132813481300C38440E4
S21404C1A000B8341003D81671073005DC1071B110CE
S21404C1B08F780A7200C384C40350217B1DB850785C
S21404C1C000B800C13C1F00A014121C602150F030BF
S21404C1D00152281100A04024076400C0FFFF01009C
S21404C1E0013C17B0022001584028067518AC01EC33
S21404C1F000A0208800C020C001B8041217B4211380
S21404C20004123052F8711964402400C35C1F00A065
S21404C210341014110698F60D19610092115921294B
S21404C220067600BB11590698D60D8762313B047218
S21404C230215A412A00A000C2686000B8B8B91F613C
S21404C2400D49181200A0308801B9116100C300001E
S21404C250C0FF3110312800BC002D0C75115418ACE9
S21404C26001EC312DF470196451134155312C0093AF
S21404C27000A000C3C00FFEFF50B2313A014250AADC
S21404C28000A006983E07FFB0867808715CB86B7805
S21404C2906E7800C2548001B800C0D81F00A00410F5
S21404C2A00812B822217A237A52B8417801B80C6071
S21404C2B021A809B819604CA800C0FFD1C1FF4FB22D
S21404C2C0013A00C0002E300001424FAA24B86E780E
S21404C2D0ACB9FFB004D804714CB923A90698A805D4
S21404C2E000C01390010006982E0500A006980205CB
S21404C2F019B81460FFB28C620F32826A2140069825
S21404C3002E0549BC21B952B849B207DE2A7105DEAA
S21404C3100871627C607C1D0C6179677864786B7840
S21404C3206278657863786078617C010C010C6878C3
S21404C330020C69786C78020C00C22C8001B8277A4B
S21404C340287A267A6A78050C41790A0CB11040D806
S21404C35006710298BA06784A2B7A327A584A247AB0
S21404C36000C400011100404A00C0108400000812F6
S21404C370508800C584100100FBAD10BD01BB8A6B5C
S21404C38021B9FAA9C44A1812217A227A00C0341FA5
S21404C39000A00410FCA88264411030300129F9A9D9
S21404C3A0F8ADFBB08260FBA80330A06521100448FA
S21404C3B020EC237A0410037A184A2411DC4A015824
S21404C3C00029241004753150F8B1115081632A7184
S21404C3D0514031400812FCB18461FCA90F310E7142
S21404C3E017B0112817B111591028FA76C44AF9B1B2
S21404C3F01812217A227AA07000950812F8A800C2B2
S21404C4000C8001B8207A844A00B80812020CA44AA8
S21404C410087A020C21B84178784A0B7A127A00C25C
S21404C420C81F00A0FFB008D80472184A241000DC05
S21404C4300A7140A80422241041A806989C0200C24F
S21404C440481F00A02410015100C4FF010000413918
S21404C4501150081200A006983E0700BC00C20C80CB
S21404C46001B8217A52B84978020C4878020C49B8C7
S21404C470417852AC21AC204A087A067A077A49AC4D
S21404C48000A059B840785AB101D9FC72427857B81E
S21404C490407858B101D9FC72427800A000C20C80E2
S21404C4A001B8217A227A21B8547852B8BC4A2411A9
S21404C4B09979127107B915614CA9617800BB03BC60
S21404C4C00C64147009B919614CA9417801BB126354
S21404C4D000C4002E300000C0FFD1C1FF4FB10139A7
S21404C4E041414FA9E44AC8B8081224AB4CB823A863
S21404C4F00698A80500C004900100FFB1867904716F
S21404C500084806982E0500C08009004040A809B8CF
S21404C510FFB108D9047103B853A8B11004D80C713C
S21404C52056BB607B57BA627A607A02D80C7156BBE7
S21404C530607B59BA627A607A04B86E783DB86078DF
S21404C54000C05638000000C1B08001B814119979B3
S21404C550087200C0D604000000C124C000B814113C
S21404C5609F79047208484CA82EB8FFB108D9067102
S21404C5704AA804704BA80FB834A800C00C5E00008C
S21404C58046B2014246AA00C12C4001B81411086103
S21404C5900631087100B90698501106983E14B11178
S21404C5A001D90E710698921B02D906720698A00C41
S21404C5B00698381451140698920406982A11069878
S21404C5C0641700A006984E1701D80A711CB85B7849
S21404C5D007B8757800B84CA84AA84BA800C0F32141
S21404C5E0FFFF46B1013946A904B86F7800A0FABC2B
S21404C5F01964415C512C00C0581F00A00410012C83
S21404C6000675069892040698780FB110186005D837
S21404C610327140BA06980E1404B86578911004D89E
S21404C62016711CB86E7800C0684000B82178069869
S21404C630781101400A721DB8427806984A14029886
S21404C6405E0B1DB8717804B86C7841B8427863788C
S21404C6504478FFB104D906720298CA0900C004904F
S21404C6600100FFB186790471084806982E0500C3B8
S21404C6702C1F00A000C274C000B82414481300BCC9
S21404C68048121C4B1C4A2414481300BC4812084B7E
S21404C690584A2414481301BC48124ABA447A427AC7
S21404C6A04BBA447A427AFFB086780472617A4CBAFE
S21404C6B0647A657A3DBA607A4DB942B83FBB5B7915
S21404C6C066796179020C6479050C63796079050CE6
S21404C6D0627965795A7900C2340102B8241305B820
S21404C6E019603140081242B86A78020C4A78020C83
S21404C6F040BCFFB208DA06714ABA06704BBA627AD0
S21404C700657A677A667A6A79667B0298A40A00C3B1
S21404C7102C1F00A000C274C000B8241448131C4B7D
S21404C7201C4A241448133FBC48121C4A00BC481236
S21404C730084B444A2414481301BC48124ABA647A83
S21404C740627A4BBA647A627AFFB3867B0472617A41
S21404C7504CBA647A657A3DBA607A01D94E716478C7
S21404C76000C1708001B800C0800008000811069857
S21404C770860B42B861784DB97F797E796A78687895
S21404C7806278020C7B790F0C7A79140C74794178F0
S21404C79060787579050CFFB208DA06714AB8047039
S21404C7A04BB8657801BC1664407002D93C71069893
S21404C7B0860B42B84DB96878407841787F797E799F
S21404C7C07B790F0C7A79140CFFB208DA0871717948
S21404C7D04ABA067070794BBA7279657A6A78020C2E
S21404C7E04A78050C01BC1664020C417940790C0C9D
S21404C7F000C04C0102B848100698F20400C4784001
S21404C80000B8007C00C0A01E00A0041180D93271BC
S21404C810911104D92C727F2021200411FD310DDDE5
S21404C820207200C0448001B80411E521147600C0CB
S21404C830244001B804118A790871207C104C207CAD
S21404C8402AB86278511400C0581F00A00410012CA6
S21404C85017B001118768015841280E7605218769AB
S21404C860415C412D112D06700698920442B84DBBCA
S21404C8707C7B6478020C29B86878511440440675A9
S21404C8800698920442B844782AB84278FFB101D98F
S21404C8900C7100C1548001B8CBB80811911004D8AB
S21404C8A0147100C0A01E00A0041080D8067107B83A
S21404C8B0537800F807B800C1CC1E00A000C220C000
S21404C8C001B824122811777800F8B11094783871DA
S21404C8D006989C02E4B911591128067600B80C7023
S21404C8E0A0B9115901290475A0B8826000C3C01FFD
S21404C8F000A03413012B341000C3FFFF00FF42B125
S21404C9003139114042A800A01DB09178FA7142B89E
S21404C9106478020C00BA29AA00C4548001B842B84C
S21404C9204DB900C3C04001B83413977B047240EC81
S21404C930020C44785C7953AA0A0C281442B84DB900
S21404C940FFB301DB2671244C00C3FF0FFF0138142C
S21404C9505479407841785579020C5B795A79140CED
S21404C9605F795E794A784278347002DB14715279C2
S21404C97051795079020C5B795A795F795E791E7029
S21404C98004DB1A7100C4FF07000000C3342102B898
S21404C99048133FBB467B020C5B795A793DBB407B10
S21404C9A04CBB447B457B00C3301F00A03414403C82
S21404C9B0207100C068C000B8481028131C4B1C48DF
S21404C9C0341448102813144B4448341448102813BD
S21404C9D04AAA4BAA04B86D781DB851785CB84B784F
S21404C9E04E7800A000C074C000B80411108800B9C6
S21404C9F0181068480411108801B90B6118102C48E7
S21404CA0004111088008800C1231C000018104AB8BE
S21404CA1064784BB86478260C28B000C1FFFF0FF08A
S21404CA20113871B90B61114028A828B97379747943
S21404CA3000C21010303045AA54790E0C00C0E840ED
S21404CA4001B8041100C23030101045AA0E0C0410B0
S21404CA50008810880698620D0091009020888F61E7
S21404CA608F600698620D0090886A21400112906AD1
S21404CA70035800C13F3F00001138FFBC0224412880
S21404CA801138014245AA28B953794AB844784BB8B4
S21404CA90447800900091181000912C4818100091CA
S21404CAA06848181000A09168436091694361115B5F
S21404CAB0012B112841603128315B00BA30280676F4
S21404CAC03128204A4163302806763128104A4163CB
S21404CAD0302806763128084A4163302806763128FD
S21404CAE0044A4163302806763128024A41633028D6
S21404CAF00476014A00A0115910D90671086008602E
S21404CB0008D90471086004D90471046002D9047158
S21404CB10026001D90471016000A000BA01D8067150
S21404CB200148112A1F61016001D8F6720138F672B5
S21404CB3000A000C220C001B8241211592129127382
S21404CB4000210E7100C238C001B824120121212927
S21404CB5000A002B020D8147100C0B01E00A00410BB
S21404CB6002B9457906987613EA7003B09F7808727E
S21404CB7000B806A800F806983E0700C5641F00A083
S21404CB805088044D1CBC00C0B41E00A0811101D9FD
S21404CB901E71407C009501150C4D5088044DFFBB5A
S21404CBA01863315B04110698EE0D3129F875069862
S21404CBB0681A54150698921B01D9087206985807E5
S21404CBC006700698F4071CBB547B06984E1701D8CB
S21404CBD0067202981A0FFFB901211038F6728112F4
S21404CBE09B7AF07100C2448001B8241400C0C01EB1
S21404CBF000A0041001130020041040500C7200B969
S21404CC000698280F18B90A7018B90698280F00B99C
S21404CC1000B806981E0F704A08B806981E0F00C281
S21404CC20284000B814B806981E0F00C2EC4001B89D
S21404CC300CB806981E0F202210B806981E0F1088EF
S21404CC40308806985807009300910698280F00C06D
S21404CC50C41E00A00412FFB901212141181000953A
S21404CC6000F8312811280410081200A004B831284E
S21404CC701128F8B1181000A0069880080E700698BF
S21404CC80C40B06988008069872120698120791122A
S21404CC90211900C02C4001B80A78097800F810B9A8
S21404CCA001BA0698041406982A110698641700C553
S21404CCB0641F00A081109D78FC7200F89112033264
S21404CCC01CB900C3A01E00A0341300C4B040005416
S21404CCD01DB84278707903DE067144783A7071792B
S21404CCE0A11020D806710298541080DB1C7102D85B
S21404CCF0187205B80814A11010300248081400B8B9
S21404CD0008149110086008141DB86278A11000DC9D
S21404CD100676517900BA06984E1701D822729111F8
S21404CD2020311D61911004D80E7200C1501F00A05E
S21404CD30141101D90A71208806985011009200C176
S21404CD40204000B801DB1871084C03DE0471904CD7
S21404CD50441400C3FF1F0000413BFF2338119449CD
S21404CD6000C3384101B83413086380DB0C7103BA7E
S21404CD70186206983C100870186206983C100C4915
S21404CD800879097914102140081100A000BD0698FE
S21404CD90760210B903DC047100B901BA06980414CB
S21404CDA002D9067100404E7203B118610F3106981D
S21404CDB07811FFD82872811008D8187106DD0A7118
S21404CDC00698760203DC0C720698BC1106984A1480
S21404CDD00C7006DD10710698C211487020B804A8BD
S21404CDE006DD1072069880080698120701F840B807
S21404CDF004A800F800C0A01E00A00413086301DB0A
S21404CE00227191100111186111381DB910D80871DA
S21404CE1044790298541002DBFA72A11328DBF472E8
S21404CE2003BD06981E11069880081DBA7F7A0698D8
S21404CE30F20400C5681F00A00698760200BA03DC58
S21404CE401672044DA11002D804711C4D00C10CC109
S21404CE5001B80698AE045415212D06983E0502988E
S21404CE60AA089110015503355150011900A000C1BC
S21404CE704C1F00A0141001D8427101480860FE201F
S21404CE800E75811020D8087100C1501F00A014111F
S21404CE9001D9287100C02C4001B804122151086140
S21404CEA00F3118611152281000C0084001B804114F
S21404CEB09112215120311152211900A0811380DBD7
S21404CEC0067201B800A000C314C001B834100630BE
S21404CED02E726C4B34121C4B3410186002302072C5
S21404CEE0811080D8DE713410014A086204608030F4
S21404CEF021508C480A717F234D233410013000A042
S21404CF0000BD06981E111CB847784578437802B8C9
S21404CF10447800A0069880080698BC1100C5741FC3
S21404CF2000A0541506983E050298AA08B1138F7BF4
S21404CF300A7200C384C40350017B06983E1400C1E1
S21404CF40384101B814118F790E7100C1B84000B889
S21404CF5000BA06983C1050BA06980E140698781133
S21404CF60FFD84A71911004D84872811008601CD802
S21404CF70407220D938721112FF3221513471802147
S21404CF808021111400C0D81E00A00413FFBA31512A
S21404CF90113A215111531DB938107B7940440E7251
S21404CFA000B900C2AC1E00A01812067004B860785F
S21404CFB00698381400F800B900C2A44000541812A9
S21404CFC0644A0AB918121CBA507A517A1DB94279C1
S21404CFD05F7900A00698760207DC10729110002094
S21404CFE00A75069872120298660F0698120701B917
S21404CFF0911004D8047100B910BA0698041400BA43
S21404D0000040347100C0A01E00A00411086101D9BC
S21404D010127104D9E2728110086001D8DA711DB861
S21404D020647800C11CC101B80698AE0401B811604A
S21404D030002A047600BA00C5781F00A05415212DD6
S21404D040069872120698580700C57C1F00A000F8C0
S21404D05000BC811108D9167280D9207201B910BAA1
S21404D0600698041400400E7101BC10700698BC119A
S21404D07006984A1420B804A800F80698721281117B
S21404D0800231127100B900C2144000541812244A26
S21404D09002B918120698BC1100C5801F00A05415CA
S21404D0A00698F01A0298AA080411012114711CBAF1
S21404D0B0737A042004122811042004110121F47246
S21404D0C000A00698F20401F806984E1701D81671C7
S21404D0D0FFB9012110380E7281109B78087104B9CB
S21404D0E0677900F8911010D8287100C51CC101B8E2
S21404D0F054110698EE0D00C5C81E00A054155129FB
S21404D100EA7507B876781DB8447801B804A800F81C
S21404D110B110186010D82E7100C05040005400C3DF
S21404D120084000B83114984C44113411086101D9F0
S21404D130FA7144122810086228100862281008623F
S21404D1402810E8700298B002069892021138047209
S21404D1501E6202BB00C1D81E00A0141120390C7236
S21404D160911210DA0672417B00A006983E1400C2A3
S21404D170A01E00A0241220DA0472617B1CBA527A24
S21404D18000A01CBA727A811204DAFC7200A01CB8E1
S21404D1906B7800C0684000B82F7800A006984E1739
S21404D1A001D83A7100C22C4001B8241003609111D2
S21404D1B020310151383111501D6008121DB94579CE
S21404D1C000C2448001B8241200C0C01E00A004108F
S21404D1D018200020041020500471657910631EB9CD
S21404D1E0637900B902EC00CD114502EC00CC01DBFA
S21404D1F0087100BB0298D61803B841110731FA210A
S21404D2001C760621911210DA087102DD10721E7067
S21404D21020B80698B20D3038147208B806987E0402
S21404D22000C02C4000B82978207800F8056020D883
S21404D230067102980C1602EC00CA05B823DA1871B7
S21404D24004DBDA7120DAD67110DAD2721EB861788D
S21404D25000B801DA067202EC00C8911110D92671E2
S21404D26000C1B81E00A014111150FF300C720761E3
S21404D270A110115002300A7180DB0A720AB89E703F
S21404D2801DB97C791860911111402111C0311140EB
S21404D29001191EB8411108D90471667820D90472A0
S21404D2A06578A11002D80672C0DA1E711EB827313E
S21404D2B023DD087210DB1072607825DD0A7121DD2B
S21404D2C0087208DB0471627803B8411107310872EA
S21404D2D0A1152035AA7102DD2072A11120D9A071F2
S21404D2E002D91672CCDA9872411140D9927206B8F5
S21404D2F0054D5A720298AE1421114049C0D94C719A
S21404D300A03141154035026551410461086308DACD
S21404D3101E7204DA36721049A1150235067110DB46
S21404D3200E7201340A7108DB22711EB86778CC329B
S21404D33011101A300ADC0872CCDE0471FD3100C00C
S21404D3400D0F0C0D216001D85C7207B80298D81432
S21404D35000BA411108D90C7102EC00CA05B830DADB
S21404D360EC720734F031036101DA0471014900C03C
S21404D370F300A3E3216001D8D27100C0981440687A
S21404D38021604030014440DA0471204C04320262C9
S21404D390204A111006301F60014218311D611142E7
S21404D3A00298F614204A00C0051708502160113070
S21404D3B001422088FFBB0DDA507100C1DE1B250137
S21404D3C080BC04DA107208DA0A7200C120841000E5
S21404D3D0E024A02408634143026401DA06711E496E
S21404D3E0024B00C0201F00A008633810BC2002DADD
S21404D3F0127101B91159A11380DB087100C100FC38
S21404D400FF0118100298621800C4A01E00A0441061
S21404D41080D87C710092D0DA06710DDA0C711EBDCC
S21404D420437DEFBD0698140304620DDA8672A111DB
S21404D43005D95C7100C240400054241214242814F8
S21404D44001D9067202D9327140D91E7102EC00CAA3
S21404D450211018320471FA2220D804720822FE22FF
S21404D460087502EC00C8F87001D90E7102EC00C809
S21404D47002D9067204DC187200C0A01E00A00410B4
S21404D4801D6001D806711EB8647807B873780298D0
S21404D490D61800C0A01E00A0041080300A7100C078
S21404D4A0C41E00A0041000A006984E1701D82E71C2
S21404D4B0911010D828728110A0D8227203B08478F4
S21404D4C01C7200C12C4001B814100DBA487A697A4F
S21404D4D06B7A08111CB87B7807B8757800A06410BE
S21404D4E000C6881F00A0C3B806987C0200C4441F68
S21404D4F000A014BA281400B8011AB1108F780A7262
S21404D50000C084C40350017891101030011905BA84
S21404D51006980E1402D9067101B804A800C0A01E0D
S21404D52000A004130698641180DB06710298581450
S21404D5301DBA7C7A01DB6A7100C2241F00A0241184
S21404D5401114FF3402EC00C8FF24FA76086106982A
S21404D550C20D046111380F30046111140111411019
S21404D5600698C20D01D8087203B80298D8140C4A5B
S21404D57001DB2271241011281128041202300471D0
S21404D580106200C0FFFF0000213800C2204000B82F
S21404D590FF200812411008600698C20D01D87C715D
S21404D5A020BC1033767100BB00C1201F00A01415E8
S21404D5B0C021112C511218620F320E71408851147A
S21404D5C00698FA1841430094511208651C620F32FB
S21404D5D00E71411151140698FA181C6441430865EB
S21404D5E0513B00C1DC1E00A01411111231100F3083
S21404D5F0127100BA056101D80471114201600FD896
S21404D600F472311003601E30047201B8003A0872D6
S21404D61004B80298D8140298C41600C0384101B859
S21404D62004118F7914717F20692004110861303148
S21404D63010DD06711DBA637A0698120300F8308866
S21404D6405088FF34087102ECFF24F87002EC00CD19
S21404D6501410595001440421FF22F2720F4C009515
S21404D660009300A000C1A81E00A0141100A03088DA
S21404D6700698421B8111086102D906720298061A9E
S21404D6801CBB557B086120D906710298F6190088E0
S21404D690A11018600698201908211415FC251EBB35
S21404D6A05C7B5D7B00C1084001B814110731FE2184
S21404D6B0307608D82A725113FC23341304DB207105
S21404D6C01863FF33315B00C110C000B81411086141
S21404D6D080490C71FF31302954751EBB7B7B10705A
S21404D6E07B7B7C7B00DD04717D7B01BB3815EC25E0
S21404D6F0541300DF5471042505DF547154152111A9
S21404D70020880698EE0D009251293E7500C1084007
S21404D71001B8141102DB0C710731315B31292A760A
S21404D7200C7004DF0872016180D91E7206982019F5
S21404D73000C010C000B80698861B0698201914115D
S21404D740FFD9607202984C1A0090009300A05415FA
S21404D750A111186110D9A672082508D8A071082549
S21404D76010D89A71208821110698EE0DFC255412C3
S21404D770112AF82554110C2520D80871F0255411C7
S21404D7801025202904762159181500920298B819F4
S21404D79007B97179811010D80A711CB8447802B898
S21404D7A041781CB9747904B9677900F88110A0D857
S21404D7B008711CB9497900A0086002D8FA71069865
S21404D7C02019108806983E14106210DA0871082191
S21404D7D01415F025541100C20020FEFF20291275EE
S21404D7E00698921B01D90A720698800806981207B2
S21404D7F000941CBB41100C200698641341110821A8
S21404D8001410069864133128441111120861FF316C
S21404D810FF320122105210721861181404244413A3
S21404D820042438140C7018612141181408240814B0
S21404D830029838144044147100C1AC1E00A014159C
S21404D84051131C630FDB0C7219650698020541150B
S21404D85000A000C3784000B83413807B0672069894
S21404D860120706983E1408BB51140698B01A4415BD
S21404D870FC25541500C3784000B83413807B04712B
S21404D88000A002983E051CB900C3A01E00A03413D5
S21404D890086308DB1A718113A0DB067149791070DE
S21404D8A06979086302DB087204B9677900F800A096
S21404D8B08111086102D910711CB97579069820196E
S21404D8C01411FF3100A0FFB900A0041008211411A0
S21404D8D0F421081100A08111106110310E71069810
S21404D8E0201908211411F821141100A044DB0400A7
S21404D8F0000000001CD90400010000000000000025
S21404D90000F0490244DB04000000000040D9040093
S21404D910010000000000000000F0490264D9040081
S21404D9204063598F404B4C000B000B001A00FF7FDE
S21404D930186E002000000000E6DD04000000000071
S21404D94054DA04004063598F404B4C000B000B0024
S21404D9501A00FF7F186E002000000000E4DD0400BB
S21404D96000000000FC1F010344DD04001CC001107D
S21404D97000F807001CC001301402080050C0010063
S21404D9808741300424400601070062003870000016
S21404D99000000000000000030068010F40B82440A7
S21404D9A058400101FC006900804005012363E01132
S21404D9B09BC34A74F003000003800000BE0A000004
S21404D9C0E040010133000000F0400401590B000060
S21404D9D0640483078813C83A90200A00284101018A
S21404D9E0001E00003C410B0100148C00141A212870
S21404D9F02E343B42495043557698BA0C28690000A9
S21404DA00010000000721286414171A002004C869BE
S21404DA10A1203A093C42010129000000A08002012D
S21404DA2070780300D5C00000A8800111F001000042
S21404DA30A88001310542CB01AC800111F001000041
S21404DA40AC80013105228D00B08001010003000284
S21404DA50FFFFFFFFFC1F010394DD04001CC0011040
S21404DA6000F807001CC00130F502080050C0010091
S21404DA708741300C2440060107C052000000000015
S21404DA80000000000000000300000000000000008A
S21404DA90584001016402FF00804005014B01A008C4
S21404DAA09BC34A74F003000000000000000000005E
S21404DAB0E040010133000000F040040100000000D3
S21404DAC0640483078813C83A9C200A00284101018D
S21404DAD0031000003C410B010000000000000000A1
S21404DAE0000000000000000000000000000000002D
S21404DAF0010000000000000000000000000000001C
S21404DB00000000003C42010100000000A080020169
S21404DB1070780300D5C00000A8800111F001000051
S21404DB20A88001310542CB01AC800111F001000050
S21404DB30AC80013105228D00B08001010003000293
S21404DB40FFFFFFFF0C400200018014007F4000002E
S21404DB5020400200000000000000000030400700E3
S21404DB6000000000000000000000000000000000AC
S21404DB700000000000000000A00700005040010064
S21404DB80000000005C4002000000000000000000EE
S21404DB90A840010007000000B44004000040000054
S21404DBA0FF4C000000410000FF4D000008C00100CB
S21404DBB00000000020C00110FF00000020C001305B
S21404DBC00043000024C00400EC80B3034375A8029D
S21404DBD0000000002E02000054C003000E2D09E6CB
S21404DBE054060708D1B6020064C0080004300000DA
S21404DBF040201006C8F248181FE8F600BD4B721500
S21404DC0011A3180510325476980A000088C0010043
S21404DC1000000000080001010407000018000101CC
S21404DC200000000020000101088400001C400201DE
S21404DC301000000020F913045C40050141080000B0
S21404DC4001000000B0070800A70000000000000064
S21404DC50944007010101103050707F7F00000000DF
S21404DC6000000000000000000000000000000000AB
S21404DC70E440010100000000EC4001017DA8D98BBE
S21404DC800041020100612000B75635120C41030121
S21404DC90F95412002030042988BB400024410101B5
S21404DCA000000000304103016406660C0C0100000D
S21404DCB0E853FA006841030164048307881382006A
S21404DCC00000000030420301000000000000000EC7
S21404DCD00000000044420101000000001080010121
S21404DCE00300000038800201114910000100000002
S21404DCF088800101000000009C800101EB400200C6
S21404DD00B48001013700000188000202000C000400
S21404DD104C0000009400010200040000D00002023F
S21404DD200E00000090029608E40001023D09420439
S21404DD30F400010200000000180101026000510214
S21404DD40FFFFFFFF1200000066666600000000008A
S21404DD50F8DD0400E8DD040000000000001A9A0064
S21404DD60005A620280841E000420FE0011495002FC
S21404DD70000000000000000000000000000000009A
S21404DD8000000000B1841E00000000000000000037
S21404DD900000000012000000666666000000000036
S21404DDA0F8DD0400E8DD0400000C0000001A9A0008
S21404DDB0005A620280841E000420000011495002AA
S21404DDC0000000000000000000000000000000004A
S21404DDD000000000B1841E000000000000000000E7
S21404DDE00000000005040000E1190000E11900002D
S21404DDF00000000000000000193F010604100100A6
S21404DE0000010106001027000009000000000000C1
S21404DE100000000039C90100E9C80100F5C8010086
S21404DE20E5C9010083A403001DAA030021AA030078
S21404DE3025AA030029AA03002DAA0300000103044F
S21404DE4064EE01001000000024E101001A00000046
S21404DE5079EB01001100000075E4010011000000D8
S21404DE6063E511000400000023E111000400000033
S21404DE7025E101000800000026E101000A00000078
S21404DE8027E101000200000000000000000000007E
S21404DE9000E00400EFDF04000000000001E00400DE
S21404DEA027A304000000000021A3040023A3040009
S21404DEB00000000025A30400CDDF040016E00400E3
S21404DEC028A3040022A304000000000026A30400E4
S21404DED0E4DE04001FA3040020A3040024A304001B
S21404DEE01EA30400000203040508090A0B0001022D
S21404DEF00304051D2000B40108020200AA00FFFF67
S21404DF00FFFFFFFFFFFFFFFF350703006D2602003C
S21404DF10D9550200593A0300E95802004FB10300EC
S21404DF2051B1030053B1030055B1030021D10200DF
S21404DF3091A6020039EE0200F5330300F94502000B
S21404DF404BB103001DAB0200A92403000D370200E9
S21404DF504DB10300FF990300053E0200D56E030091
S21404DF600000000000130000000000000000000095
S21404DF70000000000100000005AF020002000000DF
S21404DF80C5C20300030000005DAE020004000000EA
S21404DF903FC2030005000000FDAD020000000000C3
S21404DFA0000000000023001B2200FF000000000009
S21404DFB00C090202000000001C1A0B0303FF0608EB
S21404DFC00402020204020A0B030302030480FF0293
S21404DFD004FF010101010800000000000000005ACF
S21404DFE06967426565416C6C69616E63653039804A
S21404DFF00000183810300000000000008F8E8C805F
S21404E00081815A6967426565416C6C69616E6365B6
S20C04E010303906080C108000EC
S20C04E018C46CFB7F010000004C
S21004E0202CE00400106A0020DB01000065
S21404E02C0000000000000000FFFF000001000000DC
S21404E03C00000000000000000000000000000000CB
S21404E04C00000000000000000000000000000000BB
S21404E05C00000000000000000000000000000000AB
S21404E06C000000000000000000000000000000009B
S21404E07C000000000000000000000000000000008B
S21404E08C000000000000000000000000000000007B
S21404E09C000000000000000000000000000000006B
S21404E0AC000000000000000000000000000000005B
S21404E0BC000000000000000000000000000000004B
S21404E0CC000000000000000000000000000000003B
S21404E0DC000000000000000000000000000000002B
S21404E0EC000000000000000000000000000000001B
S21404E0FC000000000000000000000000000000000B
S21404E10C00000000000000000000000000000000FA
S21404E11C00000000000000000000000000000000EA
S21404E12C0000000000000000000100000000F001E8
S21404E13C0800000008100020010023010400000061
S21404E14C10100020060030010100000014100020FE
S21404E15CFFFFFFFFC0EA2101C0EA21010080000096
S21404E16C00F04902586B002000600B000080000091
S21404E17CF0380020C8000000FE000000000000007C
S21404E18C5894040018100020FFFFFFFF0C9804009E
S21404E19C3300000039F4000033000000A5730300BC
S21404E1ACA0130400A4130400B1130400BE1304004B
S21404E1BCCB130400D8130400EB130400FD13040063
S21404E1CC0A1404001714040024140400391404005C
S21404E1DC4C1404005E14040073140400821404002B
S21404E1EC93140400A2140400B2140400BE14040015
S21404E1FCCB140400DB140400ED140400FC1404001B
S21404E20C0B15040014150400291504003E1504000F
S21404E21C531504007315040081150400A01504009E
S21404E22CBB150400CE150400DB150400F015040021
S21404E23CFF1504000E160400201604003216040003
S21404E24C45160400581604006E1604000000000060
S21404E25C0F000000FF00000000000000000000009B
S21404E26C0000000000000000000000000000000099
S21404E27C000000000030E70400C81803DF1E04008A
S21404E28CE41E0400111F04003C1F04006A1F040053
S21404E29C981F0400C71F0400F41F04002420040065
S21404E2AC54200400A4200400FFFFFFFF00F8030022
S21404E2BCFFFFFFFF0000040000000400005C2605BE
S21404E2CCB46C00200600000018BA0400000000001D
S21404E2DC0100190001000000784400200100190018
S21404E2EC0100000078440020010019000100000021
S21404E2FC7844002001001900010000007844002036
S21404E30C01001900010000007844002001001900E7
S21404E31C01000000784400200100190001000000F0
S21404E32C7844002001001900010000007844002005
S21404E33C01001900010000007844002001001900B7
S21404E34C01000000784400200100190001000000C0
S21404E35C78440020010019000100000078440020D5
S21404E36CF4480020000000000000000090A3040005
S21404E37C30500020686D0020F0520020E29104001A
S21404E38C0600000000000000000000000000000072
S21404E39C78BA040090BA0400ED910400B14A040063
S21404E3ACFE000000986D00200000000000530020C2
S21404E3BC68530020D053002000000000000000002A
S21404E3CC0000000000000000000000000000000038
S21404E3DC0000000000000000000000000000000028
S21404E3EC0000000000000000000000000000000018
S21404E3FC0000000015A0030064BC0400FFFFFFFF30
S21404E40C59A3030055A30300FFFFFFFF5DA30300FE
S21404E41CFFFFFFFF65F40100FFFFFFFFFFFFFFFF99
S21404E42CFFFFFFFFFFFFFFFFFFFFFFFFFFFFFFFFE7
S21404E43C0000000020A1070000000000A1E5030076
S21404E44C00000000000000000000000000000000B7
S21404E45C00000000000000000000000000000000A7
S21404E46C10590020611C0200F1350200B14A040068
S21404E47C0000000000000000000000000000000087
S21404E48C10590020F922020000000000B14A0400D2
S21404E49C0000000000000000000000000000000067
S21404E4AC105900203D2D0200F1350200B14A04003B
S21404E4BC0000000000000000000000000000000047
S21404E4CCDA92040010590020953A0200000000006D
S21404E4DCB14A040000000000000000000000000028
S21404E4EC0000000010590020194F02000000000024
S21404E4FCB14A040000000000000000000000000008
S21404E50C000000001059002089540200000000008E
S21404E51CB14A0400000000000000000000000000E7
S21404E52C000000001059002085690200000000005D
S21404E53CB14A0400000000000000000000000000C7
S21404E54C00000000B80B000010590020F56E020005
S21404E55C00000000B14A04000000000000000000A7
S21404E56C000000000000000010590020557A02003C
S21404E57C00000000B14A0400000000000000000087
S21404E58C000000000000000010590020197C020056
S21404E59C00000000B14A0400000000000000000067
S21404E5AC00000000000000001059002047B80300CB
S21404E5BC00000000B14A0400000000000000000047
S21404E5CC00000000000000001059002041820200E8
S21404E5DC00000000B14A0400000000000000000027
S21404E5EC000000000000000010590020B188020052
S21404E5FC00000000B14A0400000000000000000007
S21404E60C000000000000000010590020C9C40300DC
S21404E61C00000000B14A04000000000000000000E6
S21404E62C000000000000000010590020E9ED020074
S21404E63C00000000B14A04000000000000000000C6
S21404E64C00000000000000001059002059060300CA
S21404E65C00000000B14A04000000000000000000A6
S21404E66C0000000000000000D1CD0300105900206B
S21404E67C65340300F1350200B14A040000000000C2
S21404E68C00000000000000000000000010590020EC
S21404E69C293B030000000000B14A040000000000FF
S21404E6AC000000000000000000000000FFFFD00780
S21404E6BCB80B0000FFFFFFFFCEFAEFBEFFFFFDFF17
S21404E6CCFDFF0C002C01001E2C01400680001027B8
S21404E6DCFFFF04F8FFFF0C000000000000004000E1
S21404E6ECFDFF2C019C000000FFFFFDFFFFFFFFFF5A
S21404E6FC60EA8000800010C1CDAB0A013201FFFF36
S21404E70CFFFFFFFFFFFFFFFFFFFFFFFFFFFFFFFF04
S21404E71CFFFFFFFFFFFFFFFFFFFFFFFFFFFF01FFF2
S21404E72C05FFFFFF0101FFFF0201FFFF640250FF1C
S21404E73C0F010208031E0605021601010A0C052029
S21404E74C07051010010F080410010601010104FF4F
S21404E75C030101FF0C01FF405AB47F015040300006
S21404E76CFFFFFF0B03FF050B0101FF03010305026B
S21404E77C0201FFFFFFFFFFFFFFFF010102FFFFFF88
S21004E78C40FF0101BD4C0000954C00004D
S804007D5D21
